work_id,lifecycle_stage,iforest_score_samples_raw,iforest_unusualness_score,within_stage_anomaly_percentile_0_100,within_stage_rank,stage_population,peer_outlier_count,max_abs_peer_deviation,top_peer_deviation_metric
W-000001,COMPLETION,-0.5521459703440296,0.5521459703440296,96.99170124481327,59,1929,0,2.446030475510447,physical_progress_velocity_pct_per_30d
W-000002,COMPLETION,-0.4173309180554739,0.4173309180554739,25.985477178423235,1428,1929,0,1.473523076923082,latest_financial_progress_pct_as_of
W-000003,COMPLETION,-0.39981741748091987,0.39981741748091987,6.172199170124482,1810,1929,0,1.4514071279777803,financial_overrun_pct_as_of
W-000004,COMPLETION,-0.40780022845240665,0.40780022845240665,13.692946058091286,1665,1929,0,0.8466803463855421,released_payment_total_inr_as_of
W-000005,EXECUTION,-0.4410270347608299,0.4410270347608299,52.375,382,801,3,6.074031413612565,overdue_days_as_of
W-000006,COMPLETION,-0.43117453929753513,0.43117453929753513,47.095435684647306,1021,1929,0,1.3357344954355408,largest_payment_share_as_of
W-000007,COMPLETION,-0.4130325478951053,0.4130325478951053,20.59128630705394,1532,1929,0,2.6337810846892857,largest_payment_share_as_of
W-000008,EXECUTION,-0.4108853113664631,0.4108853113664631,19.0,649,801,0,1.7717844202898552,recommended_amount_inr
W-000009,COMPLETION,-0.5444970438530241,0.5444970438530241,96.57676348547717,67,1929,1,5.080985579622902,physical_progress_velocity_pct_per_30d
W-000010,COMPLETION,-0.4236539801708293,0.4236539801708293,36.20331950207469,1231,1929,0,1.2798240216103267,expenditure_to_sanction_pct_as_of
W-000011,COMPLETION,-0.4140354076516981,0.4140354076516981,21.939834024896264,1506,1929,0,1.9805604840070212,expenditure_to_sanction_pct_as_of
W-000012,EXECUTION,-0.4054781456650657,0.4054781456650657,12.375,702,801,0,1.8885999999999996,financial_minus_physical_gap_pct_as_of
W-000013,EXECUTION,-0.4290704826960945,0.4290704826960945,41.25,471,801,2,148.38999999999993,max_physical_progress_drop_pct_as_of
W-000014,COMPLETION,-0.38885052270562104,0.38885052270562104,0.7780082987551867,1914,1929,0,0.8791046367724487,estimate_to_recommended_ratio
W-000015,EXECUTION,-0.4364158188038665,0.4364158188038665,47.5,421,801,2,9.583295999999999,overdue_days_as_of
W-000016,EXECUTION,-0.40273857689053516,0.40273857689053516,8.25,735,801,0,1.6592700000000016,financial_minus_physical_gap_pct_as_of
W-000017,EXECUTION,-0.4400062505700509,0.4400062505700509,51.25,391,801,0,2.770638461538462,expected_minus_physical_gap_pct_as_of
W-000018,COMPLETION,-0.4310611286871964,0.4310611286871964,46.939834024896264,1024,1929,1,7.032450331054264,financial_overrun_pct_as_of
W-000019,COMPLETION,-0.46234744024480057,0.46234744024480057,77.02282157676349,444,1929,1,6.507025220004866,largest_payment_share_as_of
W-000020,COMPLETION,-0.39834090105484654,0.39834090105484654,4.875518672199171,1835,1929,0,2.885651225038695,expenditure_to_sanction_pct_as_of
W-000021,COMPLETION,-0.47373390064302806,0.47373390064302806,83.45435684647303,320,1929,0,1.2479631546584922,schedule_elapsed_ratio_as_of
W-000022,COMPLETION,-0.4211539061853383,0.4211539061853383,32.31327800829875,1306,1929,0,1.7734687341045734,largest_payment_share_as_of
W-000023,EXECUTION,-0.4153742160136276,0.4153742160136276,24.5,605,801,1,6.2953333333332395,max_physical_progress_drop_pct_as_of
W-000024,COMPLETION,-0.4329044659080988,0.4329044659080988,49.273858921161825,979,1929,0,1.405733644859813,days_since_last_payment_as_of
W-000025,COMPLETION,-0.508947022880184,0.508947022880184,92.42738589211618,147,1929,0,1.82115,sanctioned_amount_inr
W-000026,EXECUTION,-0.4257075977668414,0.4257075977668414,36.875,506,801,0,1.3734225401442675,estimate_to_recommended_ratio
W-000027,EXECUTION,-0.49531645334548385,0.49531645334548385,87.75,99,801,2,18.80086846107629,sanction_to_estimate_ratio
W-000028,COMPLETION,-0.3912120382952056,0.3912120382952056,1.4522821576763485,1901,1929,0,1.8485718862179201,financial_overrun_pct_as_of
W-000029,EXECUTION,-0.4268285112232094,0.4268285112232094,38.375,494,801,0,1.518646507730814,physical_progress_velocity_pct_per_30d
W-000030,PRE_SANCTION,-0.4638709668276669,0.4638709668276669,37.174721189591075,170,270,0,2.0917827160493827,recommended_amount_inr
W-000031,EXECUTION,-0.4156126281203978,0.4156126281203978,24.625,604,801,0,1.13484625,sanctioned_amount_inr
W-000032,EXECUTION,-0.42537481949319655,0.42537481949319655,36.75,507,801,1,7.028999999999998,max_physical_progress_drop_pct_as_of
W-000033,COMPLETION,-0.4134417353607447,0.4134417353607447,21.109958506224068,1522,1929,0,1.4521311640951708,sanction_to_recommended_ratio
W-000034,COMPLETION,-0.4791108944962351,0.4791108944962351,85.52904564315352,280,1929,0,2.483446272909732,schedule_elapsed_ratio_as_of
W-000035,COMPLETION,-0.4017509925438031,0.4017509925438031,7.41701244813278,1786,1929,0,1.5052725724020444,released_payment_total_inr_as_of
W-000036,COMPLETION,-0.4293102060345335,0.4293102060345335,44.865145228215766,1064,1929,0,2.934091429374758,largest_payment_share_as_of
W-000037,EXECUTION,-0.4502609494151989,0.4502609494151989,61.625,308,801,0,2.0426380622837352,physical_progress_velocity_pct_per_30d
W-000038,PRE_SANCTION,-0.5582713713105313,0.5582713713105313,91.82156133828997,23,270,0,0.811222972972973,technical_estimate_amount_inr
W-000039,EXECUTION,-0.4823226431250644,0.4823226431250644,80.75,155,801,0,1.7800401755689503,expenditure_to_sanction_pct_as_of
W-000040,COMPLETION,-0.4510441944812843,0.4510441944812843,68.3609958506224,611,1929,0,2.1318023657366743,largest_payment_share_as_of
W-000041,COMPLETION,-0.39538456507109665,0.39538456507109665,3.319502074688797,1865,1929,0,3.484369023221704,largest_payment_share_as_of
W-000042,EXECUTION,-0.423426358306979,0.423426358306979,34.125,528,801,0,1.6402613636363634,expected_minus_physical_gap_pct_as_of
W-000043,PRE_SANCTION,-0.471294618303775,0.471294618303775,47.95539033457249,141,270,0,1.5607393465909092,recommended_amount_inr
W-000044,COMPLETION,-0.4181187634593541,0.4181187634593541,27.178423236514522,1405,1929,0,1.8979519134441996,financial_overrun_pct_as_of
W-000045,EXECUTION,-0.4179646406773345,0.4179646406773345,27.5,581,801,0,3.117570866141732,latest_physical_progress_pct_as_of
W-000046,COMPLETION,-0.3927181357518976,0.3927181357518976,2.0228215767634854,1890,1929,0,3.1164837520938025,financial_overrun_pct_as_of
W-000047,COMPLETION,-0.45400381452131255,0.45400381452131255,70.38381742738589,572,1929,0,2.1407139596601708,schedule_elapsed_ratio_as_of
W-000048,COMPLETION,-0.4072310084958806,0.4072310084958806,12.966804979253112,1679,1929,0,1.043746247885154,sanction_to_recommended_ratio
W-000049,COMPLETION,-0.46085827772335525,0.46085827772335525,75.67427385892117,470,1929,0,1.4190944542844623,sanction_to_estimate_ratio
W-000050,COMPLETION,-0.41169048802031344,0.41169048802031344,18.983402489626556,1563,1929,0,1.5969052356020943,released_payment_total_inr_as_of
W-000051,COMPLETION,-0.4121383602932923,0.4121383602932923,19.502074688796682,1553,1929,0,2.0684666666666667,sanctioned_amount_inr
W-000052,COMPLETION,-0.4758478783448282,0.4758478783448282,84.28423236514523,304,1929,0,3.1914902862613173,largest_payment_share_as_of
W-000053,EXECUTION,-0.45297710240498745,0.45297710240498745,64.375,286,801,2,4.522463547805201,schedule_elapsed_ratio_as_of
W-000054,COMPLETION,-0.4320860214694365,0.4320860214694365,48.184647302904565,1000,1929,1,4.221927322895912,largest_payment_share_as_of
W-000055,EXECUTION,-0.47723012525682923,0.47723012525682923,78.25,175,801,1,15.108799999999997,financial_minus_physical_gap_pct_as_of
W-000056,PRE_SANCTION,-0.48981949716172496,0.48981949716172496,62.45353159851301,102,270,0,0.6730996539792388,technical_estimate_amount_inr
W-000057,COMPLETION,-0.43158151140962525,0.43158151140962525,47.71784232365145,1009,1929,0,2.7812237128998185,expenditure_to_sanction_pct_as_of
W-000058,EXECUTION,-0.4965139672358044,0.4965139672358044,88.125,96,801,1,4.294094059405941,days_since_last_payment_as_of
W-000059,COMPLETION,-0.45574629116110776,0.45574629116110776,71.83609958506224,544,1929,0,3.4149123920222473,physical_progress_velocity_pct_per_30d
W-000060,COMPLETION,-0.4338549605675871,0.4338549605675871,50.518672199170126,955,1929,0,1.681201232898054,financial_overrun_pct_as_of
W-000061,COMPLETION,-0.3978683358904037,0.3978683358904037,4.253112033195021,1847,1929,0,1.865376629658404,financial_overrun_pct_as_of
W-000062,COMPLETION,-0.4473775323283518,0.4473775323283518,65.56016597510373,665,1929,0,2.6112303986859917,expenditure_to_sanction_pct_as_of
W-000063,COMPLETION,-0.44833143822016575,0.44833143822016575,66.39004149377594,649,1929,1,3.5866416372678174,physical_progress_velocity_pct_per_30d
W-000064,COMPLETION,-0.44598013875768316,0.44598013875768316,63.7448132780083,700,1929,0,2.985245869561976,physical_progress_velocity_pct_per_30d
W-000065,COMPLETION,-0.4071770355935114,0.4071770355935114,12.811203319502075,1682,1929,0,0.9166328483889347,schedule_elapsed_ratio_as_of
W-000066,COMPLETION,-0.42542993994943756,0.42542993994943756,38.64107883817427,1184,1929,0,1.8006373507635842,largest_payment_share_as_of
W-000067,COMPLETION,-0.39657145119799575,0.39657145119799575,3.7863070539419086,1856,1929,0,0.7764633913644261,physical_progress_velocity_pct_per_30d
W-000068,EXECUTION,-0.40031406990100193,0.40031406990100193,6.625,748,801,0,1.5988148148148154,financial_minus_physical_gap_pct_as_of
W-000069,COMPLETION,-0.4271849758605889,0.4271849758605889,41.33817427385892,1132,1929,0,1.8692764341346209,sanction_to_recommended_ratio
W-000070,COMPLETION,-0.44295956904437833,0.44295956904437833,61.09958506224066,751,1929,0,1.7393282735352134,sanction_to_recommended_ratio
W-000071,PRE_SANCTION,-0.5285659982845525,0.5285659982845525,85.13011152416357,41,270,0,1.3078731008969915,estimate_to_recommended_ratio
W-000072,COMPLETION,-0.41919221889865016,0.41919221889865016,29.149377593360995,1367,1929,0,1.762349966564917,expenditure_to_sanction_pct_as_of
W-000073,COMPLETION,-0.4325831517833655,0.4325831517833655,48.70331950207469,990,1929,0,2.1448665278778964,expenditure_to_sanction_pct_as_of
W-000074,PRE_SANCTION,-0.5481673478311244,0.5481673478311244,89.96282527881041,28,270,0,1.4183387476924418,estimate_to_recommended_ratio
W-000075,EXECUTION,-0.43767544282117454,0.43767544282117454,48.875,410,801,0,3.197212219227407,largest_payment_share_as_of
W-000076,EXECUTION,-0.48738854311215507,0.48738854311215507,84.125,128,801,2,12.472854319068777,physical_progress_velocity_pct_per_30d
W-000077,COMPLETION,-0.40027714648282686,0.40027714648282686,6.431535269709544,1805,1929,0,0.8771214441002457,expenditure_to_sanction_pct_as_of
W-000078,COMPLETION,-0.4194449109660091,0.4194449109660091,29.66804979253112,1357,1929,0,1.2291438652454336,estimate_to_recommended_ratio
W-000079,COMPLETION,-0.41939513617359647,0.41939513617359647,29.564315352697097,1359,1929,0,1.2971153846153876,latest_financial_progress_pct_as_of
W-000080,EXECUTION,-0.4202610152116681,0.4202610152116681,30.125,560,801,0,2.0335965052508844,largest_payment_share_as_of
W-000081,COMPLETION,-0.40629017111494325,0.40629017111494325,11.773858921161827,1702,1929,0,0.695988689788996,sanction_to_estimate_ratio
W-000082,COMPLETION,-0.4287626870742415,0.4287626870742415,43.72406639004149,1086,1929,1,6.162258910963702,largest_payment_share_as_of
W-000083,COMPLETION,-0.5143350014555578,0.5143350014555578,93.15352697095436,133,1929,1,3.6860019006835745,physical_progress_velocity_pct_per_30d
W-000084,EXECUTION,-0.4795508935775149,0.4795508935775149,79.5,165,801,1,3.5636665200668625,schedule_elapsed_ratio_as_of
W-000085,COMPLETION,-0.5326128796448846,0.5326128796448846,95.69502074688796,84,1929,0,2.1566555021654388,physical_progress_velocity_pct_per_30d
W-000086,EXECUTION,-0.486208525140657,0.486208525140657,83.5,133,801,3,10.948286585365853,days_since_last_payment_as_of
W-000087,EXECUTION,-0.41309199972852273,0.41309199972852273,21.875,626,801,0,1.8689615387768688,largest_payment_share_as_of
W-000088,COMPLETION,-0.471879294876566,0.471879294876566,82.83195020746888,332,1929,0,2.630969211465182,physical_progress_velocity_pct_per_30d
W-000089,EXECUTION,-0.5004030465823586,0.5004030465823586,89.125,88,801,2,8.217123015873016,days_since_last_payment_as_of
W-000090,COMPLETION,-0.5829551835394935,0.5829551835394935,98.39211618257261,32,1929,4,29.934137660807608,financial_overrun_pct_as_of
W-000091,COMPLETION,-0.4513763708029092,0.4513763708029092,68.67219917012449,605,1929,1,5.866545883171345,financial_overrun_pct_as_of
W-000092,COMPLETION,-0.47178805621874514,0.47178805621874514,82.78008298755186,333,1929,1,7.2405365605485645,financial_overrun_pct_as_of
W-000093,COMPLETION,-0.4045929441781544,0.4045929441781544,9.854771784232366,1739,1929,0,1.127043982646603,sanction_to_estimate_ratio
W-000094,EXECUTION,-0.44995550026778536,0.44995550026778536,61.125,312,801,1,8.094000000000008,max_physical_progress_drop_pct_as_of
W-000095,EXECUTION,-0.5366206561430908,0.5366206561430908,95.75,35,801,2,7.623305755395683,released_payment_total_inr_as_of
W-000096,COMPLETION,-0.4698585118257907,0.4698585118257907,81.84647302904564,351,1929,0,3.226647816813179,largest_payment_share_as_of
W-000097,EXECUTION,-0.41792102809913795,0.41792102809913795,27.375,582,801,0,1.47546875,days_since_last_payment_as_of
W-000098,PRE_SANCTION,-0.47036947694610126,0.47036947694610126,46.84014869888476,144,270,0,0.6900534368016273,estimate_to_recommended_ratio
W-000099,COMPLETION,-0.45363659061045497,0.45363659061045497,70.12448132780084,577,1929,0,1.601773786407767,released_payment_total_inr_as_of
W-000100,COMPLETION,-0.5344058230489849,0.5344058230489849,95.79875518672199,82,1929,2,19.231653424732546,sanction_to_estimate_ratio
W-000101,EXECUTION,-0.5898823610553209,0.5898823610553209,98.875,10,801,4,10.197638613861384,days_since_last_payment_as_of
W-000102,EXECUTION,-0.3899739341213519,0.3899739341213519,0.875,794,801,0,1.9316638150200878,sanction_to_estimate_ratio
W-000103,COMPLETION,-0.4060563006740907,0.4060563006740907,11.566390041493776,1706,1929,0,2.292287399310208,financial_overrun_pct_as_of
W-000104,EXECUTION,-0.42062290216346837,0.42062290216346837,30.375,558,801,1,5.672449566408032,largest_payment_share_as_of
W-000105,PRE_SANCTION,-0.43753982999887164,0.43753982999887164,3.717472118959108,260,270,0,0.031364563645634905,estimate_to_recommended_ratio
W-000106,EXECUTION,-0.4161642598042822,0.4161642598042822,25.125,600,801,0,1.626554345371334,estimate_to_recommended_ratio
W-000107,COMPLETION,-0.4296250952804209,0.4296250952804209,45.280082987551864,1056,1929,0,1.5695757465404225,released_payment_total_inr_as_of
W-000108,PRE_SANCTION,-0.44314050317305503,0.44314050317305503,10.780669144981413,241,270,0,0.27291852157666796,estimate_to_recommended_ratio
W-000109,COMPLETION,-0.4203589864659533,0.4203589864659533,31.016597510373444,1331,1929,0,2.065760856079404,financial_overrun_pct_as_of
W-000110,EXECUTION,-0.41710830673528176,0.41710830673528176,26.5,589,801,1,54.859333333332586,max_physical_progress_drop_pct_as_of
W-000111,PRE_SANCTION,-0.511564684037735,0.511564684037735,78.43866171003718,59,270,0,1.2649052438199695,estimate_to_recommended_ratio
W-000112,PRE_SANCTION,-0.5283106018342102,0.5283106018342102,84.75836431226766,42,270,0,0.855566220036467,estimate_to_recommended_ratio
W-000113,COMPLETION,-0.4100227047224659,0.4100227047224659,16.75311203319502,1606,1929,0,2.495305436822352,financial_overrun_pct_as_of
W-000114,EXECUTION,-0.42819371427533826,0.42819371427533826,40.0,481,801,1,6.1223846153846155,days_since_last_payment_as_of
W-000115,EXECUTION,-0.5016199865220701,0.5016199865220701,89.5,85,801,4,20.04745590691297,sanction_to_estimate_ratio
W-000116,PRE_SANCTION,-0.4402454953459022,0.4402454953459022,7.434944237918216,250,270,0,0.5422936428987699,estimate_to_recommended_ratio
W-000117,COMPLETION,-0.41308171488111134,0.41308171488111134,20.695020746887966,1530,1929,0,1.4064236486486486,sanctioned_amount_inr
W-000118,COMPLETION,-0.4061054238576699,0.4061054238576699,11.6701244813278,1704,1929,0,1.6598222222222223,sanctioned_amount_inr
W-000119,PRE_SANCTION,-0.5030409005610099,0.5030409005610099,71.37546468401487,78,270,0,0.9793857975349676,estimate_to_recommended_ratio
W-000120,COMPLETION,-0.40094550274472557,0.40094550274472557,6.846473029045643,1797,1929,0,1.1574762031649113,sanction_to_recommended_ratio
W-000121,COMPLETION,-0.46805589398456665,0.46805589398456665,80.60165975103735,375,1929,1,6.10158375007577,financial_overrun_pct_as_of
W-000122,COMPLETION,-0.498129555951026,0.498129555951026,90.56016597510373,183,1929,1,3.9826194436968585,physical_progress_velocity_pct_per_30d
W-000123,EXECUTION,-0.4876435254479399,0.4876435254479399,84.25,127,801,0,2.1220807692307693,days_since_last_payment_as_of
W-000124,EXECUTION,-0.46273434995877805,0.46273434995877805,71.0,233,801,1,5.7964843749999995,days_since_last_payment_as_of
W-000125,EXECUTION,-0.422773978756706,0.422773978756706,33.375,534,801,0,1.69125501490613,largest_payment_share_as_of
W-000126,EXECUTION,-0.43875196074702233,0.43875196074702233,49.875,402,801,0,3.0846036585365852,days_since_last_payment_as_of
W-000127,COMPLETION,-0.4231561326634397,0.4231561326634397,35.788381742738586,1239,1929,0,1.0384663843616617,sanction_to_recommended_ratio
W-000128,COMPLETION,-0.4144129648196033,0.4144129648196033,22.147302904564317,1502,1929,0,1.9420948275862069,recommended_amount_inr
W-000129,EXECUTION,-0.5341135335648112,0.5341135335648112,95.25,39,801,1,10.196495495495494,days_since_last_payment_as_of
W-000130,COMPLETION,-0.429293907342313,0.429293907342313,44.761410788381745,1066,1929,0,2.5899621834061137,largest_payment_share_as_of
W-000131,COMPLETION,-0.49766021422866835,0.49766021422866835,90.45643153526972,185,1929,2,17.63037568936102,sanction_to_estimate_ratio
W-000132,COMPLETION,-0.4078831522881103,0.4078831522881103,13.900414937759336,1661,1929,0,0.8255336056876588,sanction_to_recommended_ratio
W-000133,COMPLETION,-0.4569511846685087,0.4569511846685087,72.71784232365145,527,1929,0,2.98150471581545,expenditure_to_sanction_pct_as_of
W-000134,EXECUTION,-0.43777700740872266,0.43777700740872266,49.0,409,801,0,2.026747993579454,released_payment_total_inr_as_of
W-000135,COMPLETION,-0.4044356556750817,0.4044356556750817,9.751037344398341,1741,1929,0,2.4048589817914627,financial_overrun_pct_as_of
W-000136,COMPLETION,-0.5304798681964407,0.5304798681964407,95.4356846473029,89,1929,4,6.183909679132141,financial_overrun_pct_as_of
W-000137,COMPLETION,-0.42930438738616256,0.42930438738616256,44.81327800829875,1065,1929,0,2.183284263131017,physical_progress_velocity_pct_per_30d
W-000138,PRE_SANCTION,-0.4878385103419592,0.4878385103419592,59.85130111524163,109,270,0,0.7450360303549655,estimate_to_recommended_ratio
W-000139,COMPLETION,-0.4230707489678848,0.4230707489678848,35.321576763485474,1248,1929,0,2.013350363463571,estimate_to_recommended_ratio
W-000140,COMPLETION,-0.48236189303129345,0.48236189303129345,86.56639004149378,260,1929,0,1.4272251697185712,schedule_elapsed_ratio_as_of
W-000141,COMPLETION,-0.47892412457401823,0.47892412457401823,85.4253112033195,282,1929,1,6.103243824944809,physical_progress_velocity_pct_per_30d
W-000142,COMPLETION,-0.4691847317251682,0.4691847317251682,81.17219917012449,364,1929,0,2.3441463425932554,largest_payment_share_as_of
W-000143,COMPLETION,-0.41165957950535614,0.41165957950535614,18.827800829875518,1566,1929,0,1.5101868307630206,sanction_to_estimate_ratio
W-000144,EXECUTION,-0.45025342094523335,0.45025342094523335,61.5,309,801,0,2.698,physical_progress_decrease_count_as_of
W-000145,COMPLETION,-0.42552227752899496,0.42552227752899496,38.84854771784232,1180,1929,0,3.4234644560357674,financial_overrun_pct_as_of
W-000146,COMPLETION,-0.39191248162791353,0.39191248162791353,1.607883817427386,1898,1929,0,2.1867548972966917,financial_overrun_pct_as_of
W-000147,COMPLETION,-0.4870797419689096,0.4870797419689096,88.12240663900415,230,1929,1,3.602444065426613,largest_payment_share_as_of
W-000148,EXECUTION,-0.5036981538516634,0.5036981538516634,90.375,78,801,0,2.698,released_payment_total_inr_as_of
W-000149,EXECUTION,-0.4060547099998466,0.4060547099998466,13.25,695,801,0,2.4169583333333335,financial_minus_physical_gap_pct_as_of
W-000150,EXECUTION,-0.4378421458759734,0.4378421458759734,49.125,408,801,2,13.504351063829786,days_since_last_payment_as_of
W-000151,COMPLETION,-0.4196292998539851,0.4196292998539851,29.92738589211618,1352,1929,0,1.9498077582232787,physical_progress_velocity_pct_per_30d
W-000152,COMPLETION,-0.4055452362196673,0.4055452362196673,10.892116182572614,1719,1929,0,2.7915279823508414,financial_overrun_pct_as_of
W-000153,EXECUTION,-0.4333871459410905,0.4333871459410905,45.375,438,801,0,1.3099793388429748,expected_minus_physical_gap_pct_as_of
W-000154,COMPLETION,-0.5862535894632508,0.5862535894632508,98.49585062240664,30,1929,1,5.201407425715767,physical_progress_velocity_pct_per_30d
W-000155,EXECUTION,-0.44608574488546454,0.44608574488546454,56.5,349,801,0,3.3595288461538466,expected_minus_physical_gap_pct_as_of
W-000156,EXECUTION,-0.44939796015645894,0.44939796015645894,60.625,316,801,0,2.2239228571428558,expected_minus_physical_gap_pct_as_of
W-000157,COMPLETION,-0.4524344993523242,0.4524344993523242,69.50207468879668,589,1929,1,5.082262851284789,physical_progress_velocity_pct_per_30d
W-000158,COMPLETION,-0.42796020728501993,0.42796020728501993,42.11618257261411,1117,1929,0,1.2819165582457144,expenditure_to_sanction_pct_as_of
W-000159,COMPLETION,-0.4245186829002721,0.4245186829002721,37.70746887966805,1202,1929,0,2.058884313373089,physical_progress_velocity_pct_per_30d
W-000160,COMPLETION,-0.43617668776448,0.43617668776448,53.00829875518672,907,1929,0,3.044725997097178,physical_progress_velocity_pct_per_30d
W-000161,PRE_SANCTION,-0.46553661908916794,0.46553661908916794,40.14869888475837,162,270,0,1.7942064923354373,recommended_amount_inr
W-000162,COMPLETION,-0.39429449309140346,0.39429449309140346,2.8526970954356847,1874,1929,0,0.8538147064615598,sanction_to_estimate_ratio
W-000163,COMPLETION,-0.43712940457402216,0.43712940457402216,53.941908713692946,889,1929,0,1.536361111111114,latest_financial_progress_pct_as_of
W-000164,EXECUTION,-0.46025818726041245,0.46025818726041245,69.875,242,801,1,16.143033333333296,financial_minus_physical_gap_pct_as_of
W-000165,COMPLETION,-0.42646737401004137,0.42646737401004137,40.14522821576764,1155,1929,0,1.4383112627061285,estimate_to_recommended_ratio
W-000166,COMPLETION,-0.3936835692038977,0.3936835692038977,2.5933609958506225,1879,1929,1,7.226486206896553,financial_overrun_pct_as_of
W-000167,COMPLETION,-0.44274849988675247,0.44274849988675247,60.788381742738586,757,1929,0,1.4727261876159319,schedule_elapsed_ratio_as_of
W-000168,COMPLETION,-0.4826005430961425,0.4826005430961425,86.72199170124482,257,1929,0,1.8855961538461539,recommended_amount_inr
W-000169,EXECUTION,-0.4707538448375412,0.4707538448375412,74.75,203,801,1,4.15076923076924,max_physical_progress_drop_pct_as_of
W-000170,EXECUTION,-0.4283421004439438,0.4283421004439438,40.125,480,801,1,6.86829569892473,expected_minus_physical_gap_pct_as_of
W-000171,COMPLETION,-0.40662431597312443,0.40662431597312443,12.240663900414937,1693,1929,0,1.6123225469728601,recommended_amount_inr
W-000172,COMPLETION,-0.4769362870811891,0.4769362870811891,84.69917012448133,296,1929,0,1.5472174258239797,schedule_elapsed_ratio_as_of
W-000173,EXECUTION,-0.413234823005228,0.413234823005228,22.25,623,801,0,2.4509002302816425,physical_progress_velocity_pct_per_30d
W-000174,COMPLETION,-0.4110510625318569,0.4110510625318569,17.946058091286307,1583,1929,0,1.468740697041654,sanction_to_recommended_ratio
W-000175,COMPLETION,-0.4455949313146238,0.4455949313146238,63.329875518672196,708,1929,0,3.2052154213036546,largest_payment_share_as_of
W-000176,COMPLETION,-0.42310133687789797,0.42310133687789797,35.58091286307054,1243,1929,0,1.6397327586206898,days_since_last_payment_as_of
W-000177,EXECUTION,-0.596665641674404,0.596665641674404,99.25,7,801,4,15.576734374999997,financial_minus_physical_gap_pct_as_of
W-000178,COMPLETION,-0.41110011196713614,0.41110011196713614,18.04979253112033,1581,1929,3,3.5411250000000027,financial_minus_physical_gap_pct_as_of
W-000179,PRE_SANCTION,-0.5519647815635894,0.5519647815635894,91.07806691449814,25,270,0,1.0726650519031142,technical_estimate_amount_inr
W-000180,PRE_SANCTION,-0.5433138578751191,0.5433138578751191,88.10408921933086,33,270,0,1.2487484873903405,estimate_to_recommended_ratio
W-000181,COMPLETION,-0.4011996300325484,0.4011996300325484,7.105809128630705,1792,1929,0,0.7079204205886936,largest_payment_share_as_of
W-000182,COMPLETION,-0.48768890740439913,0.48768890740439913,88.27800829875518,227,1929,1,5.959573674815913,largest_payment_share_as_of
W-000183,COMPLETION,-0.4644154573027331,0.4644154573027331,78.57883817427386,414,1929,0,2.03473695159802,financial_overrun_pct_as_of
W-000184,COMPLETION,-0.416712678682881,0.416712678682881,25.051867219917014,1446,1929,0,2.8527841342671025,largest_payment_share_as_of
W-000185,EXECUTION,-0.5918775156529132,0.5918775156529132,99.125,8,801,3,16.592700000000022,financial_minus_physical_gap_pct_as_of
W-000186,PRE_SANCTION,-0.4907734932796778,0.4907734932796778,64.31226765799256,97,270,0,0.7195569562657149,estimate_to_recommended_ratio
W-000187,COMPLETION,-0.4766503835190658,0.4766503835190658,84.64730290456431,297,1929,0,1.9677561983471075,days_since_last_payment_as_of
W-000188,PRE_SANCTION,-0.46341692920544675,0.46341692920544675,35.687732342007436,174,270,0,0.527941975308642,recommended_amount_inr
W-000189,PRE_SANCTION,-0.4441465357716089,0.4441465357716089,12.267657992565056,237,270,0,1.4868185096153845,technical_estimate_amount_inr
W-000190,COMPLETION,-0.4325887312900331,0.4325887312900331,48.7551867219917,989,1929,0,2.520922134005084,physical_progress_velocity_pct_per_30d
W-000191,COMPLETION,-0.41557699384457786,0.41557699384457786,23.3402489626556,1479,1929,0,1.3265166666666666,recommended_amount_inr
W-000192,COMPLETION,-0.40246916853692566,0.40246916853692566,7.935684647302905,1776,1929,0,1.2657824675324676,days_since_last_payment_as_of
W-000193,EXECUTION,-0.4387194904876829,0.4387194904876829,49.75,403,801,1,5.675522522522522,days_since_last_payment_as_of
W-000194,COMPLETION,-0.4076198053575697,0.4076198053575697,13.537344398340249,1668,1929,0,1.1515853658536601,latest_financial_progress_pct_as_of
W-000195,COMPLETION,-0.46074098278525666,0.46074098278525666,75.51867219917013,473,1929,1,3.670931099915872,physical_progress_velocity_pct_per_30d
W-000196,EXECUTION,-0.3935674827565069,0.3935674827565069,1.875,786,801,0,2.15656462585034,released_payment_total_inr_as_of
W-000197,COMPLETION,-0.4202860183790516,0.4202860183790516,30.860995850622405,1334,1929,0,2.8934515846527016,schedule_elapsed_ratio_as_of
W-000198,COMPLETION,-0.5252056216824978,0.5252056216824978,94.86514522821577,100,1929,0,2.4842334181129058,schedule_elapsed_ratio_as_of
W-000199,COMPLETION,-0.4385907848060276,0.4385907848060276,56.12033195020747,847,1929,0,2.6986381794678365,largest_payment_share_as_of
W-000200,COMPLETION,-0.4089067698146546,0.4089067698146546,15.145228215767634,1637,1929,0,1.6221298954126517,largest_payment_share_as_of
W-000201,COMPLETION,-0.4450270095026602,0.4450270095026602,62.863070539419084,717,1929,0,2.718793293456998,largest_payment_share_as_of
W-000202,COMPLETION,-0.41680987292689226,0.41680987292689226,25.20746887966805,1443,1929,0,2.082650343763917,schedule_elapsed_ratio_as_of
W-000203,COMPLETION,-0.46162780258910924,0.46162780258910924,76.19294605809128,460,1929,0,2.2842470355408757,largest_payment_share_as_of
W-000204,COMPLETION,-0.4369626523699153,0.4369626523699153,53.89004149377593,890,1929,0,2.639241086013812,physical_progress_velocity_pct_per_30d
W-000205,EXECUTION,-0.521891690844413,0.521891690844413,94.0,49,801,3,5.447093604207165,schedule_elapsed_ratio_as_of
W-000206,COMPLETION,-0.42903434405359114,0.42903434405359114,44.29460580912863,1075,1929,0,1.0874033783783783,sanctioned_amount_inr
W-000207,COMPLETION,-0.4576421651394662,0.4576421651394662,73.2883817427386,516,1929,0,2.6986381794678365,largest_payment_share_as_of
W-000208,COMPLETION,-0.4066518581414536,0.4066518581414536,12.292531120331951,1692,1929,0,0.963328882283041,schedule_elapsed_ratio_as_of
W-000209,COMPLETION,-0.42829064391570654,0.42829064391570654,42.738589211618255,1105,1929,0,1.9704854235766076,expenditure_to_sanction_pct_as_of
W-000210,PRE_SANCTION,-0.46341564655875406,0.46341564655875406,35.31598513011152,175,270,0,0.471495145631068,technical_estimate_amount_inr
W-000211,EXECUTION,-0.424077042171716,0.424077042171716,35.5,517,801,0,2.5534642857142904,financial_minus_physical_gap_pct_as_of
W-000212,COMPLETION,-0.39835777219210067,0.39835777219210067,4.927385892116183,1834,1929,0,1.3458393129560149,estimate_to_recommended_ratio
W-000213,COMPLETION,-0.4496815946793401,0.4496815946793401,67.37551867219916,630,1929,0,3.308811213770583,schedule_elapsed_ratio_as_of
W-000214,PRE_SANCTION,-0.4902911490660384,0.4902911490660384,63.19702602230483,100,270,0,0.8945588803088803,recommended_amount_inr
W-000215,COMPLETION,-0.4353204969980852,0.4353204969980852,52.28215767634855,921,1929,0,1.6715939237608708,sanction_to_recommended_ratio
W-000216,COMPLETION,-0.4836077825354105,0.4836077825354105,86.92946058091286,253,1929,0,2.143136002749531,largest_payment_share_as_of
W-000217,COMPLETION,-0.6620893519495858,0.6620893519495858,99.84439834024896,4,1929,3,17.63247685264741,sanction_to_estimate_ratio
W-000218,COMPLETION,-0.46059412613358147,0.46059412613358147,75.31120331950207,477,1929,0,2.3916547141909534,schedule_elapsed_ratio_as_of
W-000219,EXECUTION,-0.39596378553726674,0.39596378553726674,2.75,779,801,0,0.7952290661665427,largest_payment_share_as_of
W-000220,COMPLETION,-0.38357718295552096,0.38357718295552096,0.2074688796680498,1925,1929,0,0.884135999216585,sanction_to_estimate_ratio
W-000221,COMPLETION,-0.41966150601606017,0.41966150601606017,30.08298755186722,1349,1929,0,1.4228211104365494,sanction_to_recommended_ratio
W-000222,COMPLETION,-0.4108764854636495,0.4108764854636495,17.79045643153527,1586,1929,0,1.4089555555555555,days_since_last_payment_as_of
W-000223,EXECUTION,-0.4698303042842261,0.4698303042842261,74.25,207,801,1,4.164304347826086,max_physical_progress_drop_pct_as_of
W-000224,COMPLETION,-0.4330686361373295,0.4330686361373295,49.636929460580916,972,1929,0,1.4866259988636554,sanction_to_recommended_ratio
W-000225,EXECUTION,-0.5034967599551584,0.5034967599551584,90.25,79,801,3,17.884173502439722,sanction_to_estimate_ratio
W-000226,COMPLETION,-0.4089207614666134,0.4089207614666134,15.197095435684647,1636,1929,0,1.0311417760332358,sanction_to_estimate_ratio
W-000227,COMPLETION,-0.3969263938669015,0.3969263938669015,4.045643153526971,1851,1929,0,1.5382014835121027,physical_progress_velocity_pct_per_30d
W-000228,COMPLETION,-0.43438186919722027,0.43438186919722027,51.14107883817427,943,1929,0,1.770056146894927,financial_overrun_pct_as_of
W-000229,EXECUTION,-0.42109466283475094,0.42109466283475094,31.375,550,801,0,1.309647676110187,sanction_to_estimate_ratio
W-000230,COMPLETION,-0.44864584478954883,0.44864584478954883,66.649377593361,644,1929,0,2.8527841342671025,largest_payment_share_as_of
W-000231,EXECUTION,-0.45239179096763754,0.45239179096763754,64.0,289,801,0,1.6364918032786901,expected_minus_physical_gap_pct_as_of
W-000232,PRE_SANCTION,-0.4939231423646871,0.4939231423646871,66.91449814126393,90,270,0,0.6751582115125001,estimate_to_recommended_ratio
W-000233,COMPLETION,-0.45232856625511875,0.45232856625511875,69.45020746887967,590,1929,0,2.5066415277906477,physical_progress_velocity_pct_per_30d
W-000234,COMPLETION,-0.44159506179882,0.44159506179882,59.69917012448133,778,1929,0,1.5552257484744496,physical_progress_velocity_pct_per_30d
W-000235,COMPLETION,-0.4367217851026801,0.4367217851026801,53.68257261410788,894,1929,0,0.9944571226224583,sanction_to_recommended_ratio
W-000236,PRE_SANCTION,-0.45218332539015865,0.45218332539015865,21.561338289962826,212,270,0,0.980216323296355,recommended_amount_inr
W-000237,COMPLETION,-0.44340353138954625,0.44340353138954625,61.46265560165975,744,1929,1,4.658774420926651,largest_payment_share_as_of
W-000238,COMPLETION,-0.47937387338170384,0.47937387338170384,85.73651452282158,276,1929,0,3.072552771153641,physical_progress_velocity_pct_per_30d
W-000239,COMPLETION,-0.4081562837851812,0.4081562837851812,14.41908713692946,1651,1929,0,2.2633728648334395,sanction_to_estimate_ratio
W-000240,COMPLETION,-0.4306199725357338,0.4306199725357338,46.524896265560166,1032,1929,1,3.801656947507721,financial_overrun_pct_as_of
W-000241,EXECUTION,-0.4285243500731198,0.4285243500731198,40.375,478,801,2,4.708143564356435,days_since_last_payment_as_of
W-000242,EXECUTION,-0.5224340411892646,0.5224340411892646,94.125,48,801,1,10.424090909090905,max_physical_progress_drop_pct_as_of
W-000243,EXECUTION,-0.4124035178663178,0.4124035178663178,21.375,630,801,0,0.881965575886177,sanction_to_estimate_ratio
W-000244,EXECUTION,-0.46280021865783805,0.46280021865783805,71.125,232,801,3,11.750927710843374,days_since_last_payment_as_of
W-000245,COMPLETION,-0.4170458102288257,0.4170458102288257,25.570539419087137,1436,1929,0,3.2294388494117623,physical_progress_velocity_pct_per_30d
W-000246,COMPLETION,-0.43040215659970776,0.43040215659970776,46.2655601659751,1037,1929,0,1.3820062661617645,sanction_to_estimate_ratio
W-000247,COMPLETION,-0.4320674361789276,0.4320674361789276,48.08091286307054,1002,1929,0,2.0243252646532524,physical_progress_velocity_pct_per_30d
W-000248,COMPLETION,-0.39986690333925684,0.39986690333925684,6.224066390041494,1809,1929,0,1.058267373927617,estimate_to_recommended_ratio
W-000249,COMPLETION,-0.4278251867457323,0.4278251867457323,41.856846473029044,1122,1929,0,1.9980295425551227,estimate_to_recommended_ratio
W-000250,COMPLETION,-0.40873261305040665,0.40873261305040665,15.04149377593361,1639,1929,0,1.9137259453781512,financial_overrun_pct_as_of
W-000251,COMPLETION,-0.4219189537605243,0.4219189537605243,33.350622406639005,1286,1929,0,1.4957467804432525,sanction_to_recommended_ratio
W-000252,COMPLETION,-0.39668697854000123,0.39668697854000123,3.8381742738589213,1855,1929,0,1.0157594817183013,sanction_to_estimate_ratio
W-000253,COMPLETION,-0.4046481027093383,0.4046481027093383,9.906639004149378,1738,1929,0,1.9974119490060505,financial_overrun_pct_as_of
W-000254,COMPLETION,-0.39765812513274035,0.39765812513274035,4.2012448132780085,1848,1929,0,1.0646816143497757,released_payment_total_inr_as_of
W-000255,COMPLETION,-0.44731560576678703,0.44731560576678703,65.45643153526972,667,1929,0,1.5205395061728395,sanctioned_amount_inr
W-000256,PRE_SANCTION,-0.4553495750868304,0.4553495750868304,24.53531598513011,204,270,0,1.6506699729486023,recommended_amount_inr
W-000257,COMPLETION,-0.4988394207143126,0.4988394207143126,90.66390041493776,181,1929,0,1.2441102944333804,sanction_to_estimate_ratio
W-000258,EXECUTION,-0.46794675841069566,0.46794675841069566,73.125,216,801,1,5.73325,days_since_last_payment_as_of
W-000259,COMPLETION,-0.4119909382564074,0.4119909382564074,19.45020746887967,1554,1929,1,3.720086243763364,financial_overrun_pct_as_of
W-000260,EXECUTION,-0.39879721128366513,0.39879721128366513,4.75,763,801,0,2.077568136272545,technical_estimate_amount_inr
W-000261,COMPLETION,-0.4339653286228558,0.4339653286228558,50.726141078838175,951,1929,1,4.647903485609347,largest_payment_share_as_of
W-000262,EXECUTION,-0.41196006883315145,0.41196006883315145,20.75,635,801,0,1.7376890548159647,physical_progress_velocity_pct_per_30d
W-000263,EXECUTION,-0.40311081204903665,0.40311081204903665,8.625,732,801,0,1.5486057327071316,largest_payment_share_as_of
W-000264,COMPLETION,-0.41225554730597713,0.41225554730597713,19.70954356846473,1549,1929,0,1.2184994926573354,sanction_to_recommended_ratio
W-000265,EXECUTION,-0.43363519914039395,0.43363519914039395,45.625,436,801,0,2.099383265153579,expenditure_to_sanction_pct_as_of
W-000266,COMPLETION,-0.6065244118437281,0.6065244118437281,99.1701244813278,17,1929,2,7.3965345254447765,largest_payment_share_as_of
W-000267,COMPLETION,-0.43835396601146764,0.43835396601146764,55.809128630705395,853,1929,0,2.015864150943396,released_payment_total_inr_as_of
W-000268,COMPLETION,-0.512319728266386,0.512319728266386,93.04979253112033,135,1929,3,15.95953893115807,sanction_to_estimate_ratio
W-000269,EXECUTION,-0.4407588816782078,0.4407588816782078,51.875,386,801,0,1.031565154159395,sanctioned_amount_inr
W-000270,PRE_SANCTION,-0.5184263756390295,0.5184263756390295,82.15613382899629,49,270,0,1.382494006849315,technical_estimate_amount_inr
W-000271,COMPLETION,-0.4653285979500369,0.4653285979500369,78.99377593360995,406,1929,1,3.8515426503832644,physical_progress_velocity_pct_per_30d
W-000272,COMPLETION,-0.49113711330182486,0.49113711330182486,88.84854771784232,216,1929,2,19.862208341976345,sanction_to_estimate_ratio
W-000273,EXECUTION,-0.39724895931426035,0.39724895931426035,3.5,773,801,0,1.6912639560580187,sanction_to_estimate_ratio
W-000274,COMPLETION,-0.47552689946020815,0.47552689946020815,83.97302904564316,310,1929,1,3.747833512628249,largest_payment_share_as_of
W-000275,COMPLETION,-0.4310230737466457,0.4310230737466457,46.88796680497925,1025,1929,0,2.023500000000004,latest_financial_progress_pct_as_of
W-000276,COMPLETION,-0.511969235295799,0.511969235295799,92.9460580912863,137,1929,1,9.783397479710615,physical_progress_velocity_pct_per_30d
W-000277,EXECUTION,-0.4808198626496386,0.4808198626496386,80.125,160,801,0,1.6510337494022715,physical_progress_velocity_pct_per_30d
W-000278,COMPLETION,-0.42033471928490634,0.42033471928490634,30.96473029045643,1332,1929,0,2.3786600655895693,physical_progress_velocity_pct_per_30d
W-000279,COMPLETION,-0.41193552438069436,0.41193552438069436,19.398340248962654,1555,1929,0,2.115480996106674,largest_payment_share_as_of
W-000280,EXECUTION,-0.4468886765790351,0.4468886765790351,57.75,339,801,0,1.5079585987261148,expected_minus_physical_gap_pct_as_of
W-000281,EXECUTION,-0.4201498949367833,0.4201498949367833,29.875,562,801,0,1.2813078445081771,sanction_to_recommended_ratio
W-000282,COMPLETION,-0.4102207797673581,0.4102207797673581,17.16804979253112,1598,1929,0,1.1281662694582202,estimate_to_recommended_ratio
W-000283,COMPLETION,-0.4240108173362088,0.4240108173362088,37.0850622406639,1214,1929,0,1.4823757062146892,released_payment_total_inr_as_of
W-000284,COMPLETION,-0.42218158566305525,0.42218158566305525,33.81742738589212,1277,1929,0,1.4409772727272716,latest_financial_progress_pct_as_of
W-000285,COMPLETION,-0.437190562551261,0.437190562551261,53.99377593360996,888,1929,0,2.490568703904598,schedule_elapsed_ratio_as_of
W-000286,EXECUTION,-0.4233956151554188,0.4233956151554188,34.0,529,801,1,6.396870967741935,days_since_last_payment_as_of
W-000287,COMPLETION,-0.4393476119000596,0.4393476119000596,57.20954356846473,826,1929,0,1.8281711929380267,financial_overrun_pct_as_of
W-000288,COMPLETION,-0.5020098132105828,0.5020098132105828,91.33817427385893,168,1929,0,1.7235564159292036,days_since_last_payment_as_of
W-000289,COMPLETION,-0.4384142258510605,0.4384142258510605,56.016597510373444,849,1929,0,1.8596767834153467,physical_progress_velocity_pct_per_30d
W-000290,COMPLETION,-0.4314647042289379,0.4314647042289379,47.45850622406639,1014,1929,0,1.4542127917170358,schedule_elapsed_ratio_as_of
W-000291,COMPLETION,-0.4354838806484423,0.4354838806484423,52.489626556016596,917,1929,1,5.379606873408836,largest_payment_share_as_of
W-000292,COMPLETION,-0.40006817528308164,0.40006817528308164,6.3796680497925315,1806,1929,0,2.24030149513796,financial_overrun_pct_as_of
W-000293,EXECUTION,-0.40993679977089004,0.40993679977089004,17.75,659,801,0,2.1944999999999997,days_since_last_payment_as_of
W-000294,PRE_SANCTION,-0.49813938078162545,0.49813938078162545,69.51672862453532,83,270,0,0.712804938271605,recommended_amount_inr
W-000295,COMPLETION,-0.4552881661184739,0.4552881661184739,71.21369294605809,556,1929,0,1.568755080259201,estimate_to_recommended_ratio
W-000296,EXECUTION,-0.39738554711737967,0.39738554711737967,3.625,772,801,0,2.19837037037037,expected_minus_physical_gap_pct_as_of
W-000297,COMPLETION,-0.4358826421567291,0.4358826421567291,52.74896265560166,912,1929,0,1.7470252954632397,schedule_elapsed_ratio_as_of
W-000298,PRE_SANCTION,-0.4329014962707804,0.4329014962707804,1.1152416356877324,267,270,0,0.20068090541561576,estimate_to_recommended_ratio
W-000299,COMPLETION,-0.48147392231145814,0.48147392231145814,86.41078838174273,263,1929,0,1.8236849232424945,schedule_elapsed_ratio_as_of
W-000300,COMPLETION,-0.44954986838539035,0.44954986838539035,67.21991701244814,633,1929,0,3.2052154213036546,largest_payment_share_as_of
W-000301,COMPLETION,-0.47310001214810626,0.47310001214810626,83.24688796680498,324,1929,0,2.180129901468671,financial_overrun_pct_as_of
W-000302,EXECUTION,-0.5094655867632066,0.5094655867632066,91.375,70,801,2,32.57438235294118,days_since_last_payment_as_of
W-000303,EXECUTION,-0.45401776036858255,0.45401776036858255,65.0,281,801,0,2.5559999999999996,max_physical_progress_drop_pct_as_of
W-000304,PRE_SANCTION,-0.4431122878996129,0.4431122878996129,10.408921933085502,242,270,0,0.5167132450383376,estimate_to_recommended_ratio
W-000305,EXECUTION,-0.5214426392266474,0.5214426392266474,93.75,51,801,3,9.876607142857134,financial_minus_physical_gap_pct_as_of
W-000306,COMPLETION,-0.417032655221717,0.417032655221717,25.518672199170126,1437,1929,0,1.341195787950077,estimate_to_recommended_ratio
W-000307,COMPLETION,-0.4642958969386177,0.4642958969386177,78.47510373443983,416,1929,0,1.7640769230769269,latest_financial_progress_pct_as_of
W-000308,COMPLETION,-0.46935377041586496,0.46935377041586496,81.2759336099585,362,1929,1,3.557350696747337,largest_payment_share_as_of
W-000309,COMPLETION,-0.405640525767855,0.405640525767855,10.995850622406639,1717,1929,0,1.4338562508796984,sanction_to_estimate_ratio
W-000310,COMPLETION,-0.42618736710912336,0.42618736710912336,39.5746887966805,1166,1929,0,2.5643831944698707,physical_progress_velocity_pct_per_30d
W-000311,PRE_SANCTION,-0.5039365929255213,0.5039365929255213,72.11895910780669,76,270,0,1.600979403409091,recommended_amount_inr
W-000312,COMPLETION,-0.39448354218170245,0.39448354218170245,2.904564315352697,1873,1929,0,1.38918207093846,sanction_to_recommended_ratio
W-000313,COMPLETION,-0.40788428831833323,0.40788428831833323,13.952282157676349,1660,1929,0,1.4772840513581131,sanction_to_recommended_ratio
W-000314,COMPLETION,-0.4620120356080915,0.4620120356080915,76.55601659751038,453,1929,0,1.2740206356551351,largest_payment_share_as_of
W-000315,COMPLETION,-0.41915073950861076,0.41915073950861076,29.097510373443985,1368,1929,0,1.6648515365581942,physical_progress_velocity_pct_per_30d
W-000316,EXECUTION,-0.39517889848769955,0.39517889848769955,2.25,783,801,0,1.7322199289329416,sanction_to_estimate_ratio
W-000317,EXECUTION,-0.3980443844795536,0.3980443844795536,4.125,768,801,0,1.4932960199004974,technical_estimate_amount_inr
W-000318,COMPLETION,-0.39841662023367325,0.39841662023367325,4.979253112033195,1833,1929,0,1.4063483366321559,financial_overrun_pct_as_of
W-000319,COMPLETION,-0.4746923629465996,0.4746923629465996,83.7655601659751,314,1929,0,2.5600375596577756,physical_progress_velocity_pct_per_30d
W-000320,EXECUTION,-0.45179788921402925,0.45179788921402925,63.0,297,801,0,2.541369984107504,physical_progress_velocity_pct_per_30d
W-000321,COMPLETION,-0.45872728304347843,0.45872728304347843,74.27385892116183,497,1929,1,6.507025220004866,largest_payment_share_as_of
W-000322,COMPLETION,-0.43664617190955557,0.43664617190955557,53.475103734439834,898,1929,0,1.6809782709632368,largest_payment_share_as_of
W-000323,COMPLETION,-0.4075460597642559,0.4075460597642559,13.3298755186722,1672,1929,0,0.6668612684031711,technical_estimate_amount_inr
W-000324,COMPLETION,-0.4558222492830674,0.4558222492830674,71.93983402489627,542,1929,0,1.7199750000000007,financial_minus_physical_gap_pct_as_of
W-000325,EXECUTION,-0.5075916701315999,0.5075916701315999,90.875,74,801,2,5.2535,days_since_last_payment_as_of
W-000326,COMPLETION,-0.46030501611142033,0.46030501611142033,75.10373443983403,481,1929,0,2.977291654509757,physical_progress_velocity_pct_per_30d
W-000327,COMPLETION,-0.4592583030212433,0.4592583030212433,74.48132780082987,493,1929,0,1.7161342400946187,financial_overrun_pct_as_of
W-000328,EXECUTION,-0.4424094654683682,0.4424094654683682,54.125,368,801,1,10.005083333333333,days_since_last_payment_as_of
W-000329,COMPLETION,-0.47244903793201704,0.47244903793201704,83.09128630705395,327,1929,0,1.4243374495541434,physical_progress_velocity_pct_per_30d
W-000330,COMPLETION,-0.47751665329163284,0.47751665329163284,84.95850622406638,291,1929,0,3.4514673683193173,physical_progress_velocity_pct_per_30d
W-000331,COMPLETION,-0.4203107079519336,0.4203107079519336,30.91286307053942,1333,1929,0,1.6423486752272718,schedule_elapsed_ratio_as_of
W-000332,COMPLETION,-0.4299734023257201,0.4299734023257201,45.79875518672199,1046,1929,0,2.2740145407849726,physical_progress_velocity_pct_per_30d
W-000333,COMPLETION,-0.4700248627758027,0.4700248627758027,81.89834024896265,350,1929,0,1.3658625000000013,latest_financial_progress_pct_as_of
W-000334,PRE_SANCTION,-0.503547174109122,0.503547174109122,71.74721189591078,77,270,0,1.2603910213900429,estimate_to_recommended_ratio
W-000335,COMPLETION,-0.4374813607054069,0.4374813607054069,54.66804979253112,875,1929,1,3.9477223380923254,largest_payment_share_as_of
W-000336,COMPLETION,-0.4282371907008018,0.4282371907008018,42.58298755186722,1108,1929,0,1.6686992346938776,schedule_elapsed_ratio_as_of
W-000337,COMPLETION,-0.4421836178030545,0.4421836178030545,60.321576763485474,766,1929,0,3.0900205482389316,physical_progress_velocity_pct_per_30d
W-000338,COMPLETION,-0.42368941929831794,0.42368941929831794,36.35892116182573,1228,1929,0,1.404452761025849,sanction_to_recommended_ratio
W-000339,EXECUTION,-0.5430089900670156,0.5430089900670156,96.375,30,801,3,74.90132097163443,physical_progress_velocity_pct_per_30d
W-000340,COMPLETION,-0.4775517650078646,0.4775517650078646,85.06224066390041,289,1929,0,2.5899621834061137,largest_payment_share_as_of
W-000341,COMPLETION,-0.43894830541280705,0.43894830541280705,56.79460580912863,834,1929,0,1.431732701795787,sanction_to_recommended_ratio
W-000342,COMPLETION,-0.4326928839042687,0.4326928839042687,48.91078838174274,986,1929,0,1.697828908270961,sanction_to_recommended_ratio
W-000343,COMPLETION,-0.44531696254409714,0.44531696254409714,63.018672199170126,714,1929,0,1.1209929635854499,expenditure_to_sanction_pct_as_of
W-000344,EXECUTION,-0.4493300982232505,0.4493300982232505,60.375,318,801,1,7.4342700729927,expected_minus_physical_gap_pct_as_of
W-000345,COMPLETION,-0.41829614519267216,0.41829614519267216,27.33402489626556,1402,1929,0,0.9046129547344153,physical_progress_velocity_pct_per_30d
W-000346,COMPLETION,-0.4491031296141839,0.4491031296141839,66.90871369294605,639,1929,0,2.9395754356805326,physical_progress_velocity_pct_per_30d
W-000347,COMPLETION,-0.4336802565131174,0.4336802565131174,50.25933609958506,960,1929,0,2.365800518873553,expenditure_to_sanction_pct_as_of
W-000348,EXECUTION,-0.4997656220789429,0.4997656220789429,89.0,89,801,2,15.291550932431372,sanction_to_estimate_ratio
W-000349,PRE_SANCTION,-0.5121162720426959,0.5121162720426959,78.81040892193309,58,270,0,0.5405114864864865,technical_estimate_amount_inr
W-000350,COMPLETION,-0.4208009080446872,0.4208009080446872,31.74273858921162,1317,1929,0,2.0883111604153526,schedule_elapsed_ratio_as_of
W-000351,EXECUTION,-0.41500584086378633,0.41500584086378633,24.25,607,801,0,1.6948773900578777,sanction_to_recommended_ratio
W-000352,EXECUTION,-0.48686341740883254,0.48686341740883254,83.875,130,801,3,17.7899375,days_since_last_payment_as_of
W-000353,EXECUTION,-0.4826292903790558,0.4826292903790558,80.875,154,801,2,26.908244680851062,days_since_last_payment_as_of
W-000354,COMPLETION,-0.4351483229956818,0.4351483229956818,52.0746887966805,925,1929,0,1.495372894212439,largest_payment_share_as_of
W-000355,EXECUTION,-0.4486894746156161,0.4486894746156161,59.75,323,801,1,5.117160495015605,largest_payment_share_as_of
W-000356,COMPLETION,-0.4296554072400923,0.4296554072400923,45.33195020746888,1055,1929,0,1.7807992148159104,expenditure_to_sanction_pct_as_of
W-000357,COMPLETION,-0.44249398366274745,0.44249398366274745,60.52904564315353,762,1929,0,2.397835087810696,largest_payment_share_as_of
W-000358,COMPLETION,-0.44150174652153823,0.44150174652153823,59.54356846473029,781,1929,0,0.8562691795826316,sanction_to_estimate_ratio
W-000359,COMPLETION,-0.43116300321390816,0.43116300321390816,47.04356846473029,1022,1929,0,1.1682308146399056,sanctioned_amount_inr
W-000360,EXECUTION,-0.5465288365814723,0.5465288365814723,96.625,28,801,2,19.935222222222222,days_since_last_payment_as_of
W-000361,EXECUTION,-0.40352066057911096,0.40352066057911096,9.25,727,801,0,1.039854166666667,financial_minus_physical_gap_pct_as_of
W-000362,COMPLETION,-0.4515067336874631,0.4515067336874631,68.82780082987551,602,1929,0,1.6734942759610751,sanction_to_recommended_ratio
W-000363,COMPLETION,-0.4175463334930293,0.4175463334930293,26.607883817427386,1416,1929,0,1.7921000588859233,estimate_to_recommended_ratio
W-000364,COMPLETION,-0.4269899404786885,0.4269899404786885,40.871369294605806,1141,1929,0,0.8992662684339617,schedule_elapsed_ratio_as_of
W-000365,COMPLETION,-0.420851858533845,0.420851858533845,31.898340248962654,1314,1929,0,1.9251054472385798,schedule_elapsed_ratio_as_of
W-000366,COMPLETION,-0.4510218791807648,0.4510218791807648,68.25726141078839,613,1929,2,10.96789745130562,sanction_to_estimate_ratio
W-000367,COMPLETION,-0.4512419132384673,0.4512419132384673,68.51659751037344,608,1929,0,1.952303775972296,financial_overrun_pct_as_of
W-000368,COMPLETION,-0.43270828266985994,0.43270828266985994,48.96265560165975,985,1929,0,1.6402233250620348,sanctioned_amount_inr
W-000369,COMPLETION,-0.4229607480293887,0.4229607480293887,35.06224066390042,1253,1929,0,1.8770532359081418,days_since_last_payment_as_of
W-000370,COMPLETION,-0.44954152938032915,0.44954152938032915,67.16804979253112,634,1929,1,9.050517358490568,financial_overrun_pct_as_of
W-000371,COMPLETION,-0.47387255601900957,0.47387255601900957,83.50622406639005,319,1929,1,4.482800688260995,physical_progress_velocity_pct_per_30d
W-000372,COMPLETION,-0.41692857951791434,0.41692857951791434,25.363070539419088,1440,1929,0,2.0438746459887214,expenditure_to_sanction_pct_as_of
W-000373,COMPLETION,-0.42052043311853293,0.42052043311853293,31.37966804979253,1324,1929,0,1.7925132298272133,estimate_to_recommended_ratio
W-000374,COMPLETION,-0.5394795878839573,0.5394795878839573,96.05809128630706,77,1929,0,2.397835087810696,largest_payment_share_as_of
W-000375,COMPLETION,-0.39689253103177674,0.39689253103177674,3.9419087136929463,1853,1929,0,1.2669453130537967,sanction_to_estimate_ratio
W-000376,COMPLETION,-0.41594577632808816,0.41594577632808816,23.96265560165975,1467,1929,0,1.7475838467457008,sanction_to_estimate_ratio
W-000377,COMPLETION,-0.42231181712206856,0.42231181712206856,33.92116182572614,1275,1929,3,3.699530303030308,financial_minus_physical_gap_pct_as_of
W-000378,EXECUTION,-0.4347840014023491,0.4347840014023491,46.5,429,801,1,4.692318626434913,largest_payment_share_as_of
W-000379,EXECUTION,-0.43919420830016564,0.43919420830016564,50.5,397,801,0,2.071060897435898,expected_minus_physical_gap_pct_as_of
W-000380,COMPLETION,-0.4721853303804881,0.4721853303804881,82.98755186721992,329,1929,0,1.308431203322575,largest_payment_share_as_of
W-000381,COMPLETION,-0.5492725558937531,0.5492725558937531,96.83609958506224,62,1929,0,3.2752820207067543,largest_payment_share_as_of
W-000382,COMPLETION,-0.6714578673293944,0.6714578673293944,99.89626556016597,3,1929,5,63.975989022048225,financial_overrun_pct_as_of
W-000383,COMPLETION,-0.5163004377378327,0.5163004377378327,93.7759336099585,121,1929,1,7.593785107548977,financial_overrun_pct_as_of
W-000384,EXECUTION,-0.4783610769446792,0.4783610769446792,78.875,170,801,0,2.3791454545454553,financial_minus_physical_gap_pct_as_of
W-000385,COMPLETION,-0.47577309592467953,0.47577309592467953,84.1804979253112,306,1929,0,2.168595930232558,days_since_last_payment_as_of
W-000386,EXECUTION,-0.44062510584566833,0.44062510584566833,51.5,389,801,0,2.0790470588235297,expected_minus_physical_gap_pct_as_of
W-000387,COMPLETION,-0.43144360980994745,0.43144360980994745,47.406639004149376,1015,1929,0,2.328130785703951,physical_progress_velocity_pct_per_30d
W-000388,EXECUTION,-0.42733018372694576,0.42733018372694576,39.125,488,801,0,2.9114983300943704,largest_payment_share_as_of
W-000389,EXECUTION,-0.4683192023817107,0.4683192023817107,73.375,214,801,1,6.254454545454543,max_physical_progress_drop_pct_as_of
W-000390,COMPLETION,-0.44049618308310473,0.44049618308310473,58.40248962655602,803,1929,0,1.7800748345505684,physical_progress_velocity_pct_per_30d
W-000391,COMPLETION,-0.41801603062865045,0.41801603062865045,27.022821576763487,1408,1929,1,5.852149141580815,financial_overrun_pct_as_of
W-000392,COMPLETION,-0.4078962592268846,0.4078962592268846,14.004149377593361,1659,1929,0,1.7493797169811318,financial_overrun_pct_as_of
W-000393,COMPLETION,-0.5014542338823644,0.5014542338823644,91.18257261410788,171,1929,5,14.87523122377602,sanction_to_estimate_ratio
W-000394,EXECUTION,-0.4082123480990822,0.4082123480990822,16.125,672,801,0,1.9654023109243697,released_payment_total_inr_as_of
W-000395,PRE_SANCTION,-0.489935984462265,0.489935984462265,62.825278810408925,101,270,0,1.8896707317073158,estimate_to_recommended_ratio
W-000396,EXECUTION,-0.4291072520366956,0.4291072520366956,41.5,469,801,1,7.745870967741935,days_since_last_payment_as_of
W-000397,COMPLETION,-0.4588235396611023,0.4588235396611023,74.32572614107883,496,1929,0,3.4505288588936733,largest_payment_share_as_of
W-000398,EXECUTION,-0.41086622400493555,0.41086622400493555,18.875,650,801,0,1.422635371179039,latest_physical_progress_pct_as_of
W-000399,COMPLETION,-0.4320868065320615,0.4320868065320615,48.23651452282158,999,1929,0,1.9683438423645319,financial_overrun_pct_as_of
W-000400,COMPLETION,-0.43148412161061483,0.43148412161061483,47.56224066390042,1012,1929,0,1.1277041547697535,sanction_to_estimate_ratio
W-000401,COMPLETION,-0.4276821182133441,0.4276821182133441,41.70124481327801,1125,1929,1,6.98633417113494,financial_overrun_pct_as_of
W-000402,COMPLETION,-0.42199869159223613,0.42199869159223613,33.454356846473026,1284,1929,1,4.452854097824487,largest_payment_share_as_of
W-000403,EXECUTION,-0.48522008636439823,0.48522008636439823,82.625,140,801,3,48.6730101010101,overdue_days_as_of
W-000404,COMPLETION,-0.4672108908041896,0.4672108908041896,80.13485477178423,384,1929,0,3.2159568607540554,physical_progress_velocity_pct_per_30d
W-000405,EXECUTION,-0.4108268619363452,0.4108268619363452,18.75,651,801,0,2.3195844713248066,largest_payment_share_as_of
W-000406,COMPLETION,-0.4353491543743021,0.4353491543743021,52.33402489626556,920,1929,0,1.6851328835229062,sanction_to_recommended_ratio
W-000407,EXECUTION,-0.4786609560897428,0.4786609560897428,79.125,168,801,0,2.8386932515337415,latest_financial_progress_pct_as_of
W-000408,COMPLETION,-0.4564187471949144,0.4564187471949144,72.25103734439834,536,1929,1,5.5936639816483895,financial_overrun_pct_as_of
W-000409,COMPLETION,-0.4520825766986961,0.4520825766986961,69.08713692946058,597,1929,0,1.55135,days_since_last_payment_as_of
W-000410,COMPLETION,-0.44562685805657587,0.44562685805657587,63.433609958506224,706,1929,0,2.2521791297919114,schedule_elapsed_ratio_as_of
W-000411,COMPLETION,-0.4116798381626336,0.4116798381626336,18.931535269709542,1564,1929,0,1.3220401716973147,sanction_to_recommended_ratio
W-000412,EXECUTION,-0.4312263659060719,0.4312263659060719,43.75,451,801,0,1.804184049079754,latest_financial_progress_pct_as_of
W-000413,COMPLETION,-0.4192757775084118,0.4192757775084118,29.46058091286307,1361,1929,0,2.1318301418176753,largest_payment_share_as_of
W-000414,COMPLETION,-0.4651638363009251,0.4651638363009251,78.94190871369294,407,1929,3,6.642803030303038,financial_minus_physical_gap_pct_as_of
W-000415,EXECUTION,-0.4011060537631019,0.4011060537631019,7.25,743,801,0,1.349,physical_progress_decrease_count_as_of
W-000416,PRE_SANCTION,-0.43774807339886834,0.43774807339886834,4.089219330855019,259,270,0,0.5940198863636363,recommended_amount_inr
W-000417,PRE_SANCTION,-0.49850795035112744,0.49850795035112744,69.88847583643123,82,270,0,2.1591298467087467,recommended_amount_inr
W-000418,COMPLETION,-0.42217977464001916,0.42217977464001916,33.7655601659751,1278,1929,0,2.6130183101713307,physical_progress_velocity_pct_per_30d
W-000419,COMPLETION,-0.4522595491969718,0.4522595491969718,69.34647302904564,592,1929,0,2.4399834337349398,released_payment_total_inr_as_of
W-000420,COMPLETION,-0.46870858117718533,0.46870858117718533,80.91286307053942,369,1929,1,4.130705864287803,financial_overrun_pct_as_of
W-000421,COMPLETION,-0.4181543608538294,0.4181543608538294,27.230290456431536,1404,1929,0,2.3888673314960713,physical_progress_velocity_pct_per_30d
W-000422,EXECUTION,-0.5439181368368871,0.5439181368368871,96.5,29,801,3,23.937204185414046,sanction_to_estimate_ratio
W-000423,COMPLETION,-0.45063806415605456,0.45063806415605456,68.10165975103735,616,1929,0,2.8579606925928034,expenditure_to_sanction_pct_as_of
W-000424,COMPLETION,-0.46712692054248955,0.46712692054248955,80.08298755186722,385,1929,0,2.7654679836231826,physical_progress_velocity_pct_per_30d
W-000425,COMPLETION,-0.430033048105858,0.430033048105858,45.90248962655602,1044,1929,1,5.959573674815913,largest_payment_share_as_of
W-000426,COMPLETION,-0.4089369822483699,0.4089369822483699,15.300829875518673,1634,1929,0,1.4727295782987246,sanction_to_estimate_ratio
W-000427,EXECUTION,-0.44379138219661424,0.44379138219661424,55.25,359,801,0,1.4549928571428572,latest_financial_progress_pct_as_of
W-000428,EXECUTION,-0.4758072021154591,0.4758072021154591,77.375,182,801,1,4.047,physical_progress_decrease_count_as_of
W-000429,COMPLETION,-0.4469571471348992,0.4469571471348992,65.19709543568464,672,1929,0,2.1122782316074034,expenditure_to_sanction_pct_as_of
W-000430,EXECUTION,-0.42465805131643997,0.42465805131643997,35.875,514,801,0,1.3754509803921586,financial_minus_physical_gap_pct_as_of
W-000431,COMPLETION,-0.5997439299411041,0.5997439299411041,98.96265560165975,21,1929,4,15.574818181818166,latest_financial_progress_pct_as_of
W-000432,COMPLETION,-0.428089997375938,0.428089997375938,42.27178423236514,1114,1929,0,1.3499752362931423,largest_payment_share_as_of
W-000433,EXECUTION,-0.4390868845012561,0.4390868845012561,50.375,398,801,2,7.332467741935484,days_since_last_payment_as_of
W-000434,COMPLETION,-0.4583104875273541,0.4583104875273541,73.85892116182572,505,1929,0,3.445175779671225,largest_payment_share_as_of
W-000435,PRE_SANCTION,-0.48153508825723634,0.48153508825723634,56.13382899628253,119,270,0,0.7667050520059435,technical_estimate_amount_inr
W-000436,COMPLETION,-0.5044550409029679,0.5044550409029679,91.85684647302905,158,1929,1,4.452854097824487,largest_payment_share_as_of
W-000437,EXECUTION,-0.4393669950556086,0.4393669950556086,50.625,396,801,0,1.4674932432432433,days_since_last_payment_as_of
W-000438,COMPLETION,-0.4520660367196759,0.4520660367196759,69.03526970954357,598,1929,0,1.591606719367589,financial_overrun_pct_as_of
W-000439,COMPLETION,-0.4526056386334497,0.4526056386334497,69.70954356846472,585,1929,1,4.647903485609347,largest_payment_share_as_of
W-000440,COMPLETION,-0.429151255974008,0.429151255974008,44.50207468879668,1071,1929,0,1.4815333333333334,financial_overrun_pct_as_of
W-000441,COMPLETION,-0.441587168396612,0.441587168396612,59.64730290456431,779,1929,0,2.0422230283609926,financial_overrun_pct_as_of
W-000442,COMPLETION,-0.4033662388071063,0.4033662388071063,8.869294605809129,1758,1929,0,1.1481588896122206,expenditure_to_sanction_pct_as_of
W-000443,COMPLETION,-0.41556672291379343,0.41556672291379343,23.28838174273859,1480,1929,0,1.332213111431407,physical_progress_velocity_pct_per_30d
W-000444,COMPLETION,-0.41973728821268397,0.41973728821268397,30.186721991701244,1347,1929,0,1.8886000000000005,latest_financial_progress_pct_as_of
W-000445,COMPLETION,-0.4378816070864119,0.4378816070864119,55.134854771784234,866,1929,0,1.3490000000000026,latest_financial_progress_pct_as_of
W-000446,COMPLETION,-0.49297386367452395,0.49297386367452395,89.36721991701245,206,1929,0,1.5944658740269637,sanction_to_estimate_ratio
W-000447,PRE_SANCTION,-0.4330383178722816,0.4330383178722816,1.486988847583643,266,270,0,0.3778402674591382,technical_estimate_amount_inr
W-000448,COMPLETION,-0.4389154401419087,0.4389154401419087,56.63900414937759,837,1929,0,1.7097790697674418,days_since_last_payment_as_of
W-000449,COMPLETION,-0.4271805410848083,0.4271805410848083,41.28630705394191,1133,1929,0,2.0398093049459862,physical_progress_velocity_pct_per_30d
W-000450,PRE_SANCTION,-0.4779438740052229,0.4779438740052229,52.78810408921933,128,270,0,1.903588888888889,recommended_amount_inr
W-000451,COMPLETION,-0.40823806191820616,0.40823806191820616,14.574688796680498,1648,1929,0,0.9760399672767915,largest_payment_share_as_of
W-000452,EXECUTION,-0.4430693581031038,0.4430693581031038,54.875,362,801,0,3.224439024390244,days_since_last_payment_as_of
W-000453,PRE_SANCTION,-0.4424659988241475,0.4424659988241475,9.66542750929368,244,270,0,0.5616636037433919,estimate_to_recommended_ratio
W-000454,COMPLETION,-0.4340502297666681,0.4340502297666681,50.829875518672196,949,1929,0,2.2019903265994,sanction_to_recommended_ratio
W-000455,COMPLETION,-0.5799652537726983,0.5799652537726983,98.2883817427386,34,1929,1,8.027936919443247,physical_progress_velocity_pct_per_30d
W-000456,COMPLETION,-0.45751820855803216,0.45751820855803216,73.18464730290457,518,1929,0,2.4167667497583563,schedule_elapsed_ratio_as_of
W-000457,COMPLETION,-0.4589548256081124,0.4589548256081124,74.37759336099585,495,1929,0,2.324430769230775,latest_financial_progress_pct_as_of
W-000458,EXECUTION,-0.40080911135860003,0.40080911135860003,7.125,744,801,0,1.218097112319347,largest_payment_share_as_of
W-000459,PRE_SANCTION,-0.592339962594209,0.592339962594209,96.28252788104089,11,270,0,1.3971785714285714,recommended_amount_inr
W-000460,COMPLETION,-0.4223332387335143,0.4223332387335143,33.97302904564315,1274,1929,0,1.9861901916102804,sanction_to_recommended_ratio
W-000461,COMPLETION,-0.4456001859704202,0.4456001859704202,63.38174273858921,707,1929,1,11.60625858714534,financial_overrun_pct_as_of
W-000462,EXECUTION,-0.39251745944592115,0.39251745944592115,1.375,790,801,0,1.6476335877862585,latest_physical_progress_pct_as_of
W-000463,COMPLETION,-0.5242351322367514,0.5242351322367514,94.76141078838174,102,1929,0,2.494995195470456,financial_overrun_pct_as_of
W-000464,PRE_SANCTION,-0.519387851608614,0.519387851608614,82.8996282527881,47,270,0,1.1524642373929816,estimate_to_recommended_ratio
W-000465,COMPLETION,-0.4121665080237182,0.4121665080237182,19.553941908713693,1552,1929,0,1.0857804878048787,latest_financial_progress_pct_as_of
W-000466,COMPLETION,-0.4226503585891146,0.4226503585891146,34.49170124481328,1264,1929,0,1.0071043647497455,sanction_to_estimate_ratio
W-000467,COMPLETION,-0.41923032886739714,0.41923032886739714,29.40871369294606,1362,1929,0,2.29824460537984,financial_overrun_pct_as_of
W-000468,PRE_SANCTION,-0.4486829531748415,0.4486829531748415,15.985130111524164,227,270,0,0.3459855117736522,estimate_to_recommended_ratio
W-000469,EXECUTION,-0.47678016208671453,0.47678016208671453,77.875,178,801,0,2.1737726490272777,sanction_to_estimate_ratio
W-000470,COMPLETION,-0.42218319901480816,0.42218319901480816,33.86929460580913,1276,1929,0,2.688849674085338,largest_payment_share_as_of
W-000471,COMPLETION,-0.45579174146738827,0.45579174146738827,71.88796680497926,543,1929,0,2.0337194881620317,expenditure_to_sanction_pct_as_of
W-000472,COMPLETION,-0.48042809571404216,0.48042809571404216,85.94398340248962,272,1929,0,2.9343785039542554,physical_progress_velocity_pct_per_30d
W-000473,COMPLETION,-0.4180047814614096,0.4180047814614096,26.970954356846473,1409,1929,0,1.9079912423195335,physical_progress_velocity_pct_per_30d
W-000474,COMPLETION,-0.4239588339107583,0.4239588339107583,36.92946058091286,1217,1929,0,1.6819483418367345,financial_overrun_pct_as_of
W-000475,EXECUTION,-0.42722928920630154,0.42722928920630154,38.875,490,801,0,2.1951909090909063,expected_minus_physical_gap_pct_as_of
W-000476,EXECUTION,-0.3939183566257657,0.3939183566257657,2.0,785,801,0,0.8417314049586775,expected_minus_physical_gap_pct_as_of
W-000477,COMPLETION,-0.42242338394212514,0.42242338394212514,34.232365145228215,1269,1929,0,1.3203658083204646,sanction_to_recommended_ratio
W-000478,PRE_SANCTION,-0.5072309744127799,0.5072309744127799,75.09293680297398,68,270,0,1.1815380325818512,estimate_to_recommended_ratio
W-000479,COMPLETION,-0.4330652269464965,0.4330652269464965,49.5850622406639,973,1929,0,1.8530509075721155,financial_overrun_pct_as_of
W-000480,COMPLETION,-0.41571284970107053,0.41571284970107053,23.651452282157678,1473,1929,0,1.6762699984668576,largest_payment_share_as_of
W-000481,COMPLETION,-0.4109956169920893,0.4109956169920893,17.894190871369293,1584,1929,0,0.8414130710659898,technical_estimate_amount_inr
W-000482,EXECUTION,-0.47157479479673675,0.47157479479673675,75.375,198,801,1,34.534400000000005,max_physical_progress_drop_pct_as_of
W-000483,COMPLETION,-0.42217438702171356,0.42217438702171356,33.71369294605809,1279,1929,0,3.2465595744397633,financial_overrun_pct_as_of
W-000484,EXECUTION,-0.41356042384189323,0.41356042384189323,22.875,618,801,0,0.9684768471791196,largest_payment_share_as_of
W-000485,COMPLETION,-0.42403697424763026,0.42403697424763026,37.136929460580916,1213,1929,1,5.963024725274725,financial_overrun_pct_as_of
W-000486,COMPLETION,-0.5576099965904607,0.5576099965904607,97.14730290456431,56,1929,1,6.802501175513662,physical_progress_velocity_pct_per_30d
W-000487,EXECUTION,-0.40660411110061695,0.40660411110061695,13.875,690,801,0,1.1974759835839979,largest_payment_share_as_of
W-000488,COMPLETION,-0.4626448376628658,0.4626448376628658,77.28215767634855,439,1929,0,2.0487149532710283,days_since_last_payment_as_of
W-000489,COMPLETION,-0.40761988521180903,0.40761988521180903,13.589211618257261,1667,1929,1,3.608991467974066,financial_overrun_pct_as_of
W-000490,PRE_SANCTION,-0.6693186823460827,0.6693186823460827,99.62825278810409,2,270,0,1.425633904418395,recommended_amount_inr
W-000491,COMPLETION,-0.41293694784498647,0.41293694784498647,20.435684647302903,1535,1929,0,2.6020183178234646,largest_payment_share_as_of
W-000492,PRE_SANCTION,-0.45069545586248133,0.45069545586248133,19.33085501858736,218,270,0,1.039337405655567,estimate_to_recommended_ratio
W-000493,COMPLETION,-0.4653843306388964,0.4653843306388964,79.04564315352697,405,1929,1,4.516960799486866,physical_progress_velocity_pct_per_30d
W-000494,PRE_SANCTION,-0.4921233381338431,0.4921233381338431,66.17100371747212,92,270,0,1.1896456166419018,technical_estimate_amount_inr
W-000495,EXECUTION,-0.41352691077115017,0.41352691077115017,22.75,619,801,1,4.100959999999997,max_physical_progress_drop_pct_as_of
W-000496,COMPLETION,-0.43943299241551503,0.43943299241551503,57.31327800829875,824,1929,1,3.602444065426613,largest_payment_share_as_of
W-000497,EXECUTION,-0.41299183189766425,0.41299183189766425,21.625,628,801,0,2.8698800078902313,estimate_to_recommended_ratio
W-000498,EXECUTION,-0.46771075772102877,0.46771075772102877,73.0,217,801,0,2.044578125000002,financial_minus_physical_gap_pct_as_of
W-000499,COMPLETION,-0.41039026890747493,0.41039026890747493,17.42738589211618,1593,1929,0,1.2309670550781533,sanction_to_estimate_ratio
W-000500,EXECUTION,-0.4349867911880902,0.4349867911880902,46.75,427,801,0,2.332870502210438,largest_payment_share_as_of
W-000501,COMPLETION,-0.4678558398031651,0.4678558398031651,80.4460580912863,378,1929,1,5.307780761846234,physical_progress_velocity_pct_per_30d
W-000502,EXECUTION,-0.4319226781105478,0.4319226781105478,44.75,443,801,0,2.133302325581395,days_since_last_payment_as_of
W-000503,COMPLETION,-0.4347874169468592,0.4347874169468592,51.86721991701245,929,1929,0,1.4024615004299708,physical_progress_velocity_pct_per_30d
W-000504,EXECUTION,-0.41602422594383204,0.41602422594383204,25.0,601,801,0,0.8857804090419806,released_payment_total_inr_as_of
W-000505,COMPLETION,-0.4923344896735667,0.4923344896735667,89.15975103734439,210,1929,0,1.367722887408786,physical_progress_velocity_pct_per_30d
W-000506,EXECUTION,-0.4648617340533683,0.4648617340533683,71.625,228,801,0,3.4804115554539,largest_payment_share_as_of
W-000507,EXECUTION,-0.41464976787628194,0.41464976787628194,23.875,610,801,0,0.9951339352510274,estimate_to_recommended_ratio
W-000508,COMPLETION,-0.553355679670519,0.553355679670519,97.04356846473028,58,1929,1,6.982677647819857,physical_progress_velocity_pct_per_30d
W-000509,EXECUTION,-0.44631433624461325,0.44631433624461325,56.625,348,801,1,11.297875,days_since_last_payment_as_of
W-000510,COMPLETION,-0.4073944457223023,0.4073944457223023,13.122406639004149,1676,1929,0,1.0349470899470898,days_since_last_payment_as_of
W-000511,PRE_SANCTION,-0.4479011712144754,0.4479011712144754,15.613382899628252,228,270,0,0.811377071871484,estimate_to_recommended_ratio
W-000512,COMPLETION,-0.3924115993138451,0.3924115993138451,1.8153526970954357,1894,1929,0,0.8068207661598499,sanction_to_estimate_ratio
W-000513,COMPLETION,-0.40264592446512076,0.40264592446512076,8.143153526970954,1772,1929,0,1.269246885444587,largest_payment_share_as_of
W-000514,COMPLETION,-0.5581812572879853,0.5581812572879853,97.19917012448133,55,1929,1,6.372825699516679,physical_progress_velocity_pct_per_30d
W-000515,EXECUTION,-0.4053516979924387,0.4053516979924387,11.875,706,801,0,1.2044642857142869,financial_minus_physical_gap_pct_as_of
W-000516,COMPLETION,-0.4261921040657214,0.4261921040657214,39.62655601659751,1165,1929,0,2.870003118174354,physical_progress_velocity_pct_per_30d
W-000517,PRE_SANCTION,-0.4788636488174216,0.4788636488174216,53.531598513011154,126,270,0,0.8661656687119313,estimate_to_recommended_ratio
W-000518,EXECUTION,-0.46149337318925154,0.46149337318925154,70.5,237,801,2,14.54992857142857,days_since_last_payment_as_of
W-000519,COMPLETION,-0.5121671785324875,0.5121671785324875,92.99792531120332,136,1929,1,4.4203688518477,physical_progress_velocity_pct_per_30d
W-000520,PRE_SANCTION,-0.451430753868709,0.451430753868709,20.074349442379184,216,270,0,0.27289840989399294,recommended_amount_inr
W-000521,COMPLETION,-0.4299944712033805,0.4299944712033805,45.850622406639005,1045,1929,0,1.2138660017346055,recommended_amount_inr
W-000522,COMPLETION,-0.41575406671638815,0.41575406671638815,23.703319502074688,1472,1929,0,1.4635377358490567,released_payment_total_inr_as_of
W-000523,COMPLETION,-0.4457206527123838,0.4457206527123838,63.58921161825726,703,1929,1,5.959573674815913,largest_payment_share_as_of
W-000524,COMPLETION,-0.4280530584746729,0.4280530584746729,42.219917012448136,1115,1929,0,2.12301287400597,physical_progress_velocity_pct_per_30d
W-000525,COMPLETION,-0.43466708747495547,0.43466708747495547,51.6597510373444,933,1929,0,2.360658542495615,physical_progress_velocity_pct_per_30d
W-000526,COMPLETION,-0.4556132244125242,0.4556132244125242,71.57676348547717,549,1929,0,1.3117870338262971,estimate_to_recommended_ratio
W-000527,COMPLETION,-0.4283182006846854,0.4283182006846854,42.8941908713693,1102,1929,0,2.641791666666668,financial_minus_physical_gap_pct_as_of
W-000528,COMPLETION,-0.4591768168989723,0.4591768168989723,74.42946058091286,494,1929,0,2.1318023657366743,largest_payment_share_as_of
W-000529,COMPLETION,-0.43392622301243877,0.43392622301243877,50.67427385892116,952,1929,0,1.8362116504854369,released_payment_total_inr_as_of
W-000530,COMPLETION,-0.4072929416334323,0.4072929416334323,13.018672199170124,1678,1929,0,0.9367304609218436,technical_estimate_amount_inr
W-000531,COMPLETION,-0.4129380534531207,0.4129380534531207,20.487551867219917,1534,1929,0,1.7462161803219352,expenditure_to_sanction_pct_as_of
W-000532,COMPLETION,-0.4959563123345634,0.4959563123345634,90.04149377593362,193,1929,1,7.233119321445448,physical_progress_velocity_pct_per_30d
W-000533,COMPLETION,-0.4065071198487197,0.4065071198487197,11.929460580912863,1699,1929,0,1.0724696312364426,days_since_last_payment_as_of
W-000534,COMPLETION,-0.42328906341268724,0.42328906341268724,35.8402489626556,1238,1929,0,2.7781218143523,expenditure_to_sanction_pct_as_of
W-000535,COMPLETION,-0.43188556630103553,0.43188556630103553,47.977178423236516,1004,1929,0,2.0833346774193546,technical_estimate_amount_inr
W-000536,COMPLETION,-0.54843524167628,0.54843524167628,96.6804979253112,65,1929,4,8.0668176643408,financial_overrun_pct_as_of
W-000537,EXECUTION,-0.4833649548386498,0.4833649548386498,81.625,148,801,0,2.035653153153153,overdue_days_as_of
W-000538,COMPLETION,-0.47596374098846256,0.47596374098846256,84.33609958506224,303,1929,0,2.1339921710986425,largest_payment_share_as_of
W-000539,EXECUTION,-0.49313815102598607,0.49313815102598607,86.75,107,801,1,27.87933333333296,max_physical_progress_drop_pct_as_of
W-000540,EXECUTION,-0.4470427828361974,0.4470427828361974,58.0,337,801,3,6.566796255090784,sanction_to_recommended_ratio
W-000541,COMPLETION,-0.4621256542392051,0.4621256542392051,76.76348547717842,449,1929,0,2.241127992087043,schedule_elapsed_ratio_as_of
W-000542,COMPLETION,-0.4636434201364623,0.4636434201364623,77.95643153526972,426,1929,3,4.476227272727265,latest_financial_progress_pct_as_of
W-000543,COMPLETION,-0.4599625148239272,0.4599625148239272,74.89626556016597,485,1929,1,5.089866398058481,largest_payment_share_as_of
W-000544,COMPLETION,-0.48072677842352984,0.48072677842352984,86.20331950207469,267,1929,1,5.24940197150998,physical_progress_velocity_pct_per_30d
W-000545,COMPLETION,-0.44667096889362723,0.44667096889362723,64.83402489626556,679,1929,1,8.559596447999137,financial_overrun_pct_as_of
W-000546,COMPLETION,-0.4220579939806738,0.4220579939806738,33.60995850622407,1281,1929,0,2.0874891267750098,expenditure_to_sanction_pct_as_of
W-000547,COMPLETION,-0.4938665891532679,0.4938665891532679,89.6265560165975,201,1929,0,1.3950184085188366,physical_progress_velocity_pct_per_30d
W-000548,COMPLETION,-0.45432938883554336,0.45432938883554336,70.64315352697095,567,1929,1,8.327823729314419,financial_overrun_pct_as_of
W-000549,COMPLETION,-0.42824597189561486,0.42824597189561486,42.68672199170125,1106,1929,0,2.6419170326144576,physical_progress_velocity_pct_per_30d
W-000550,PRE_SANCTION,-0.5153730894378651,0.5153730894378651,80.29739776951673,54,270,0,1.3733282236248874,recommended_amount_inr
W-000551,COMPLETION,-0.48721453273296866,0.48721453273296866,88.17427385892117,229,1929,0,1.6535340039230397,schedule_elapsed_ratio_as_of
W-000552,COMPLETION,-0.5963057744158611,0.5963057744158611,98.91078838174273,22,1929,0,2.5608774567693127,largest_payment_share_as_of
W-000553,EXECUTION,-0.4177832918311234,0.4177832918311234,27.25,583,801,0,1.751181446907818,released_payment_total_inr_as_of
W-000554,COMPLETION,-0.4289668155329819,0.4289668155329819,44.03526970954357,1080,1929,0,2.3135083364882454,sanction_to_recommended_ratio
W-000555,COMPLETION,-0.5106256929501604,0.5106256929501604,92.73858921161826,141,1929,0,1.1562857142857155,latest_financial_progress_pct_as_of
W-000556,COMPLETION,-0.4276663548807682,0.4276663548807682,41.649377593360995,1126,1929,0,1.8647941176470646,latest_financial_progress_pct_as_of
W-000557,COMPLETION,-0.41948793006324264,0.41948793006324264,29.719917012448132,1356,1929,0,1.3723255605500577,estimate_to_recommended_ratio
W-000558,COMPLETION,-0.444955826165526,0.444955826165526,62.81120331950208,718,1929,0,3.1914902862613173,largest_payment_share_as_of
W-000559,COMPLETION,-0.4709809257656928,0.4709809257656928,82.4688796680498,339,1929,0,1.792605257719222,sanction_to_recommended_ratio
W-000560,COMPLETION,-0.40759776871027437,0.40759776871027437,13.433609958506224,1670,1929,0,1.477859445396949,sanction_to_estimate_ratio
W-000561,EXECUTION,-0.42305697622762956,0.42305697622762956,33.625,532,801,0,3.4804115554539,largest_payment_share_as_of
W-000562,COMPLETION,-0.4089529183432278,0.4089529183432278,15.352697095435685,1633,1929,0,1.2714018409090857,sanction_to_recommended_ratio
W-000563,EXECUTION,-0.4520924804736827,0.4520924804736827,63.75,291,801,1,6.5019369369369375,days_since_last_payment_as_of
W-000564,COMPLETION,-0.38978345293737987,0.38978345293737987,0.9854771784232366,1910,1929,0,1.4183680454085705,sanction_to_estimate_ratio
W-000565,COMPLETION,-0.4075143450647587,0.4075143450647587,13.278008298755188,1673,1929,0,1.1100496404019036,largest_payment_share_as_of
W-000566,COMPLETION,-0.45840084932971875,0.45840084932971875,74.01452282157676,502,1929,0,2.5899621834061137,largest_payment_share_as_of
W-000567,COMPLETION,-0.42669125695316196,0.42669125695316196,40.404564315352694,1150,1929,0,1.2136158475941332,estimate_to_recommended_ratio
W-000568,EXECUTION,-0.4798450630310832,0.4798450630310832,79.75,163,801,0,2.698,physical_progress_decrease_count_as_of
W-000569,COMPLETION,-0.4247793164255898,0.4247793164255898,37.9149377593361,1198,1929,2,5.373768351941474,financial_overrun_pct_as_of
W-000570,COMPLETION,-0.5420544280950412,0.5420544280950412,96.31742738589212,72,1929,2,14.058613581190677,sanction_to_estimate_ratio
W-000571,EXECUTION,-0.4373177335096995,0.4373177335096995,48.375,414,801,0,3.121706211285854,largest_payment_share_as_of
W-000572,COMPLETION,-0.419915989763917,0.419915989763917,30.342323651452283,1344,1929,0,1.079200000000001,latest_financial_progress_pct_as_of
W-000573,COMPLETION,-0.40820530619152234,0.40820530619152234,14.522821576763485,1649,1929,0,0.9156171612120517,sanction_to_estimate_ratio
W-000574,COMPLETION,-0.4608239433482633,0.4608239433482633,75.62240663900415,471,1929,1,6.000516260251372,physical_progress_velocity_pct_per_30d
W-000575,COMPLETION,-0.4115455733720951,0.4115455733720951,18.516597510373444,1572,1929,0,0.9909330003159782,schedule_elapsed_ratio_as_of
W-000576,PRE_SANCTION,-0.5587757132039951,0.5587757132039951,92.19330855018588,22,270,0,1.1865598615916955,technical_estimate_amount_inr
W-000577,COMPLETION,-0.5760429824796333,0.5760429824796333,98.23651452282158,35,1929,1,5.05894635074656,physical_progress_velocity_pct_per_30d
W-000578,COMPLETION,-0.45030825974612054,0.45030825974612054,67.84232365145228,621,1929,0,3.357960152362806,physical_progress_velocity_pct_per_30d
W-000579,COMPLETION,-0.40852132199147684,0.40852132199147684,14.937759336099585,1641,1929,0,0.8097038288288287,days_since_last_payment_as_of
W-000580,PRE_SANCTION,-0.44919122268777206,0.44919122268777206,17.472118959107807,223,270,0,1.1430369001982084,estimate_to_recommended_ratio
W-000581,EXECUTION,-0.4039913835026901,0.4039913835026901,9.75,723,801,0,1.8195813953488387,expected_minus_physical_gap_pct_as_of
W-000582,COMPLETION,-0.44147503858143733,0.44147503858143733,59.49170124481328,782,1929,0,1.3902105122328023,sanction_to_recommended_ratio
W-000583,COMPLETION,-0.4405731785527132,0.4405731785527132,58.60995850622407,799,1929,0,1.9625020529166912,sanction_to_recommended_ratio
W-000584,COMPLETION,-0.4162510517118963,0.4162510517118963,24.1701244813278,1463,1929,1,9.031447509960163,financial_overrun_pct_as_of
W-000585,EXECUTION,-0.4686193321392718,0.4686193321392718,73.625,212,801,0,3.4804115554539,largest_payment_share_as_of
W-000586,COMPLETION,-0.48387753239051756,0.48387753239051756,87.03319502074689,251,1929,0,1.8376490902682547,financial_overrun_pct_as_of
W-000587,COMPLETION,-0.46451375858809374,0.46451375858809374,78.63070539419087,413,1929,1,3.919540195428214,largest_payment_share_as_of
W-000588,EXECUTION,-0.45010256403859694,0.45010256403859694,61.375,310,801,2,19.269539215686272,days_since_last_payment_as_of
W-000589,PRE_SANCTION,-0.45756662687747934,0.45756662687747934,28.99628252788104,192,270,0,1.4395689045936395,recommended_amount_inr
W-000590,COMPLETION,-0.42574460962973787,0.42574460962973787,39.05601659751037,1176,1929,0,1.488062827409122,estimate_to_recommended_ratio
W-000591,COMPLETION,-0.4176742806242046,0.4176742806242046,26.763485477178424,1413,1929,0,1.6972712418300653,recommended_amount_inr
W-000592,COMPLETION,-0.4038933944859691,0.4038933944859691,9.387966804979254,1748,1929,0,1.2029779376571181,physical_progress_velocity_pct_per_30d
W-000593,COMPLETION,-0.3901963140303671,0.3901963140303671,1.0892116182572613,1908,1929,1,7.185030019979167,financial_overrun_pct_as_of
W-000594,EXECUTION,-0.42296594475673877,0.42296594475673877,33.5,533,801,0,2.678161764705883,financial_minus_physical_gap_pct_as_of
W-000595,COMPLETION,-0.404283992237347,0.404283992237347,9.647302904564315,1743,1929,0,1.678129125987201,physical_progress_velocity_pct_per_30d
W-000596,EXECUTION,-0.44849338056946325,0.44849338056946325,59.25,327,801,0,2.3394347953779375,sanction_to_estimate_ratio
W-000597,COMPLETION,-0.39294711482210787,0.39294711482210787,2.1265560165975104,1888,1929,0,1.5347457514258416,financial_overrun_pct_as_of
W-000598,PRE_SANCTION,-0.476483001881287,0.476483001881287,51.6728624535316,131,270,0,1.2405068229689593,estimate_to_recommended_ratio
W-000599,COMPLETION,-0.4343602618568492,0.4343602618568492,51.08921161825726,944,1929,0,0.8954979411764706,recommended_amount_inr
W-000600,COMPLETION,-0.4895246897559887,0.4895246897559887,88.58921161825727,221,1929,0,3.0737231125950832,largest_payment_share_as_of
W-000601,COMPLETION,-0.4295839086176985,0.4295839086176985,45.22821576763486,1057,1929,0,1.431037394275157,expenditure_to_sanction_pct_as_of
W-000602,COMPLETION,-0.41222387710253905,0.41222387710253905,19.657676348547717,1550,1929,0,1.0399664357241718,sanction_to_estimate_ratio
W-000603,COMPLETION,-0.4152416381476316,0.4152416381476316,23.029045643153527,1485,1929,0,1.823079237855196,financial_overrun_pct_as_of
W-000604,COMPLETION,-0.4069250619716948,0.4069250619716948,12.655601659751037,1685,1929,0,0.6952706645056727,sanctioned_amount_inr
W-000605,EXECUTION,-0.4767956120298684,0.4767956120298684,78.0,177,801,0,2.1670816831683166,latest_financial_progress_pct_as_of
W-000606,EXECUTION,-0.39960089360229545,0.39960089360229545,5.875,754,801,0,1.5901311115268701,estimate_to_recommended_ratio
W-000607,COMPLETION,-0.43992417126305605,0.43992417126305605,57.88381742738589,813,1929,1,4.426870706416077,largest_payment_share_as_of
W-000608,EXECUTION,-0.45849105853168814,0.45849105853168814,68.625,252,801,0,2.9114983300943704,largest_payment_share_as_of
W-000609,COMPLETION,-0.4516353104881165,0.4516353104881165,68.87966804979253,601,1929,0,2.7664060324395905,physical_progress_velocity_pct_per_30d
W-000610,COMPLETION,-0.4579044790944104,0.4579044790944104,73.34024896265561,515,1929,0,3.1096972926949036,financial_overrun_pct_as_of
W-000611,PRE_SANCTION,-0.5055386943756542,0.5055386943756542,73.97769516728624,71,270,0,0.7613528351277643,estimate_to_recommended_ratio
W-000612,COMPLETION,-0.4185196983284196,0.4185196983284196,27.645228215767634,1396,1929,0,2.256980769230771,latest_financial_progress_pct_as_of
W-000613,COMPLETION,-0.4774436266319746,0.4774436266319746,84.80290456431536,294,1929,1,5.967049389761611,physical_progress_velocity_pct_per_30d
W-000614,COMPLETION,-0.411592474368379,0.411592474368379,18.672199170124482,1569,1929,0,1.872412821586921,expenditure_to_sanction_pct_as_of
W-000615,EXECUTION,-0.47013876063659477,0.47013876063659477,74.375,206,801,1,5.595032786885246,days_since_last_payment_as_of
W-000616,PRE_SANCTION,-0.43895219991793594,0.43895219991793594,5.204460966542751,256,270,0,1.089680659657908,estimate_to_recommended_ratio
W-000617,PRE_SANCTION,-0.46574968223048235,0.46574968223048235,40.520446096654275,161,270,0,0.6330760770291975,estimate_to_recommended_ratio
W-000618,EXECUTION,-0.5895304613943896,0.5895304613943896,98.75,11,801,2,21.55901851851852,financial_minus_physical_gap_pct_as_of
W-000619,COMPLETION,-0.3940479367532176,0.3940479367532176,2.7489626556016598,1876,1929,0,1.1957354773468725,expenditure_to_sanction_pct_as_of
W-000620,COMPLETION,-0.42041713837105643,0.42041713837105643,31.172199170124482,1328,1929,0,2.603650008908267,largest_payment_share_as_of
W-000621,EXECUTION,-0.4198407599955586,0.4198407599955586,29.625,564,801,1,3.848617647058824,days_since_last_payment_as_of
W-000622,PRE_SANCTION,-0.4616961371397999,0.4616961371397999,33.08550185873606,181,270,0,1.6854172839506172,recommended_amount_inr
W-000623,COMPLETION,-0.499829346807475,0.499829346807475,90.76763485477179,179,1929,1,9.822612099041766,financial_overrun_pct_as_of
W-000624,COMPLETION,-0.41880058149826516,0.41880058149826516,28.112033195020746,1387,1929,0,1.336609992632088,sanction_to_recommended_ratio
W-000625,EXECUTION,-0.41980156539220237,0.41980156539220237,29.5,565,801,0,2.73595575863896,largest_payment_share_as_of
W-000626,EXECUTION,-0.426448262090607,0.426448262090607,37.625,500,801,0,2.2792482699686922,estimate_to_recommended_ratio
W-000627,COMPLETION,-0.48536359554475356,0.48536359554475356,87.5,242,1929,1,5.379606873408836,largest_payment_share_as_of
W-000628,COMPLETION,-0.4336096304227561,0.4336096304227561,50.10373443983403,963,1929,0,1.5738333333333359,latest_financial_progress_pct_as_of
W-000629,COMPLETION,-0.4697328907834661,0.4697328907834661,81.6390041493776,355,1929,0,2.1850136140302983,financial_overrun_pct_as_of
W-000630,EXECUTION,-0.5911169063534695,0.5911169063534695,99.0,9,801,6,20.01445123461517,sanction_to_estimate_ratio
W-000631,COMPLETION,-0.4434332186936709,0.4434332186936709,61.670124481327804,740,1929,0,1.7434896788990824,days_since_last_payment_as_of
W-000632,COMPLETION,-0.491891178724837,0.491891178724837,89.05601659751038,212,1929,2,14.933451329975725,sanction_to_estimate_ratio
W-000633,COMPLETION,-0.50371402540409,0.50371402540409,91.75311203319502,160,1929,0,2.214545668534052,physical_progress_velocity_pct_per_30d
W-000634,COMPLETION,-0.4615605018991651,0.4615605018991651,76.14107883817428,461,1929,0,2.218067774062489,largest_payment_share_as_of
W-000635,COMPLETION,-0.438707654584092,0.438707654584092,56.32780082987552,843,1929,0,1.0634408118031997,sanction_to_recommended_ratio
W-000636,EXECUTION,-0.4685648315036442,0.4685648315036442,73.5,213,801,2,10.096421874999999,days_since_last_payment_as_of
W-000637,PRE_SANCTION,-0.5107538086535249,0.5107538086535249,77.69516728624535,61,270,0,1.236622141227322,estimate_to_recommended_ratio
W-000638,COMPLETION,-0.40265707709165355,0.40265707709165355,8.195020746887966,1771,1929,0,0.9196343658506813,largest_payment_share_as_of
W-000639,PRE_SANCTION,-0.5005601557834152,0.5005601557834152,70.26022304832713,81,270,0,1.5372594178082193,technical_estimate_amount_inr
W-000640,COMPLETION,-0.43835006675529614,0.43835006675529614,55.75726141078838,854,1929,0,3.445175779671225,largest_payment_share_as_of
W-000641,COMPLETION,-0.46271507948494245,0.46271507948494245,77.33402489626556,438,1929,1,6.383394517801385,physical_progress_velocity_pct_per_30d
W-000642,EXECUTION,-0.421818388048391,0.421818388048391,32.375,542,801,1,5.46867261911351,sanction_to_recommended_ratio
W-000643,COMPLETION,-0.41447609627025117,0.41447609627025117,22.30290456431535,1499,1929,0,1.3680611690057047,schedule_elapsed_ratio_as_of
W-000644,COMPLETION,-0.5652771485706019,0.5652771485706019,97.66597510373444,46,1929,1,8.492035446226607,financial_overrun_pct_as_of
W-000645,COMPLETION,-0.48026329595803824,0.48026329595803824,85.89211618257261,273,1929,0,2.2661579959980918,financial_overrun_pct_as_of
W-000646,COMPLETION,-0.4007237124887205,0.4007237124887205,6.742738589211618,1799,1929,0,2.1359166666666685,financial_minus_physical_gap_pct_as_of
W-000647,COMPLETION,-0.44313399840892403,0.44313399840892403,61.2551867219917,748,1929,0,3.155515127554146,financial_overrun_pct_as_of
W-000648,COMPLETION,-0.42921475709213397,0.42921475709213397,44.6058091286307,1069,1929,0,1.2120498361207679,sanction_to_recommended_ratio
W-000649,COMPLETION,-0.40250756508050567,0.40250756508050567,7.987551867219917,1775,1929,0,2.0466749070690193,expenditure_to_sanction_pct_as_of
W-000650,COMPLETION,-0.4113943047239771,0.4113943047239771,18.360995850622405,1575,1929,0,1.1097674460843832,sanction_to_estimate_ratio
W-000651,COMPLETION,-0.4258606223780977,0.4258606223780977,39.315352697095435,1171,1929,0,1.4212191919191919,sanctioned_amount_inr
W-000652,EXECUTION,-0.5112396683471357,0.5112396683471357,91.75,67,801,3,8.227078314489864,schedule_elapsed_ratio_as_of
W-000653,PRE_SANCTION,-0.4660218564955705,0.4660218564955705,40.89219330855018,160,270,0,0.7946677612731257,estimate_to_recommended_ratio
W-000654,COMPLETION,-0.4551286036746708,0.4551286036746708,71.16182572614107,557,1929,0,1.1497397046257047,financial_overrun_pct_as_of
W-000655,COMPLETION,-0.4007681075009572,0.4007681075009572,6.7946058091286305,1798,1929,0,1.2696091559609473,sanction_to_estimate_ratio
W-000656,COMPLETION,-0.4190928834198494,0.4190928834198494,28.890041493775932,1372,1929,0,1.3183409090909066,latest_financial_progress_pct_as_of
W-000657,PRE_SANCTION,-0.44599864633768516,0.44599864633768516,13.754646840148698,233,270,0,0.48235219632789816,estimate_to_recommended_ratio
W-000658,EXECUTION,-0.40768171326734975,0.40768171326734975,15.375,678,801,1,3.661571428571435,expected_minus_physical_gap_pct_as_of
W-000659,COMPLETION,-0.4376063506957711,0.4376063506957711,54.77178423236514,873,1929,0,1.7004061728395061,sanctioned_amount_inr
W-000660,EXECUTION,-0.4847890589858163,0.4847890589858163,82.5,141,801,1,4.2999374999999995,days_since_last_payment_as_of
W-000661,COMPLETION,-0.4366583960572765,0.4366583960572765,53.52697095435685,897,1929,0,2.481557365945562,schedule_elapsed_ratio_as_of
W-000662,COMPLETION,-0.42647388526949537,0.42647388526949537,40.197095435684645,1154,1929,3,5.912533701745166,expenditure_to_sanction_pct_as_of
W-000663,EXECUTION,-0.4387843860940164,0.4387843860940164,50.0,401,801,1,5.117160495015605,largest_payment_share_as_of
W-000664,PRE_SANCTION,-0.4793487005934698,0.4793487005934698,53.90334572490706,125,270,0,1.1676703767123289,technical_estimate_amount_inr
W-000665,COMPLETION,-0.44134410687720976,0.44134410687720976,59.28423236514523,786,1929,0,1.7308886149973945,sanction_to_recommended_ratio
W-000666,EXECUTION,-0.4043463204809102,0.4043463204809102,10.5,717,801,0,1.2646874999999989,expected_minus_physical_gap_pct_as_of
W-000667,COMPLETION,-0.5337536918626635,0.5337536918626635,95.74688796680498,83,1929,0,3.2052154213036546,largest_payment_share_as_of
W-000668,COMPLETION,-0.4019210944043889,0.4019210944043889,7.468879668049793,1785,1929,0,1.5253027201608407,largest_payment_share_as_of
W-000669,EXECUTION,-0.4252630807985806,0.4252630807985806,36.625,508,801,0,2.720108358237733,largest_payment_share_as_of
W-000670,COMPLETION,-0.4772878873212538,0.4772878873212538,84.75103734439834,295,1929,0,1.7882897726318616,financial_overrun_pct_as_of
W-000671,EXECUTION,-0.4681283106098176,0.4681283106098176,73.25,215,801,0,1.2986063218390804,recommended_amount_inr
W-000672,COMPLETION,-0.44815698890874267,0.44815698890874267,66.13070539419087,654,1929,0,1.7939169638860404,financial_overrun_pct_as_of
W-000673,COMPLETION,-0.44157893013173466,0.44157893013173466,59.595435684647306,780,1929,0,1.9148424362395815,schedule_elapsed_ratio_as_of
W-000674,COMPLETION,-0.41158077553885136,0.41158077553885136,18.62033195020747,1570,1929,0,1.8618917777887125,estimate_to_recommended_ratio
W-000675,COMPLETION,-0.6917445818588914,0.6917445818588914,100.0,1,1929,4,16.109777597105044,financial_overrun_pct_as_of
W-000676,EXECUTION,-0.41026744245577884,0.41026744245577884,18.125,656,801,0,1.1277249961475257,estimate_to_recommended_ratio
W-000677,COMPLETION,-0.4456327246224723,0.4456327246224723,63.48547717842324,705,1929,0,2.8527841342671025,largest_payment_share_as_of
W-000678,COMPLETION,-0.4410432758286018,0.4410432758286018,59.024896265560166,791,1929,0,3.346557692307697,latest_financial_progress_pct_as_of
W-000679,EXECUTION,-0.40584848395745704,0.40584848395745704,13.0,697,801,0,1.4248790903275501,schedule_elapsed_ratio_as_of
W-000680,EXECUTION,-0.423710450958589,0.423710450958589,34.875,522,801,0,1.992127906976743,expected_minus_physical_gap_pct_as_of
W-000681,COMPLETION,-0.4124676650166164,0.4124676650166164,19.91701244813278,1545,1929,0,1.110499050817746,sanction_to_estimate_ratio
W-000682,EXECUTION,-0.4189086136537007,0.4189086136537007,28.625,572,801,0,1.2439087192345784,sanction_to_estimate_ratio
W-000683,EXECUTION,-0.4379006345141966,0.4379006345141966,49.25,407,801,1,5.117160495015605,largest_payment_share_as_of
W-000684,PRE_SANCTION,-0.4578124932816354,0.4578124932816354,29.739776951672862,190,270,0,1.3834295521524926,estimate_to_recommended_ratio
W-000685,COMPLETION,-0.4097658344695515,0.4097658344695515,16.390041493775932,1613,1929,0,1.3070303791012208,sanction_to_recommended_ratio
W-000686,COMPLETION,-0.41129067756207166,0.41129067756207166,18.25726141078838,1577,1929,0,0.9343992735761226,estimate_to_recommended_ratio
W-000687,COMPLETION,-0.3951474827293621,0.3951474827293621,3.267634854771784,1866,1929,0,0.8384626402116458,financial_overrun_pct_as_of
W-000688,COMPLETION,-0.4602161805193339,0.4602161805193339,75.05186721991701,482,1929,0,1.8416209909285668,largest_payment_share_as_of
W-000689,PRE_SANCTION,-0.4650522402184103,0.4650522402184103,39.405204460966544,164,270,0,0.7664147373242375,estimate_to_recommended_ratio
W-000690,COMPLETION,-0.39843562864972937,0.39843562864972937,5.031120331950207,1832,1929,0,1.0785661407255847,largest_payment_share_as_of
W-000691,COMPLETION,-0.3995871735291433,0.3995871735291433,6.068464730290456,1812,1929,0,1.1489643230795894,sanction_to_estimate_ratio
W-000692,PRE_SANCTION,-0.4573687028921622,0.4573687028921622,28.25278810408922,194,270,0,0.48272558966834705,estimate_to_recommended_ratio
W-000693,EXECUTION,-0.41011268101374454,0.41011268101374454,18.0,657,801,0,1.138909836065575,expected_minus_physical_gap_pct_as_of
W-000694,COMPLETION,-0.5059615225990214,0.5059615225990214,92.11618257261411,153,1929,0,2.5183878572335123,schedule_elapsed_ratio_as_of
W-000695,COMPLETION,-0.4900308727384518,0.4900308727384518,88.64107883817428,220,1929,0,1.374341639578539,physical_progress_velocity_pct_per_30d
W-000696,COMPLETION,-0.46067169834159516,0.46067169834159516,75.36307053941908,476,1929,0,2.603099985481674,schedule_elapsed_ratio_as_of
W-000697,COMPLETION,-0.4074722156900602,0.4074722156900602,13.174273858921161,1675,1929,0,1.4935510108361874,physical_progress_velocity_pct_per_30d
W-000698,COMPLETION,-0.45858070330315803,0.45858070330315803,74.1701244813278,499,1929,1,5.980660013607233,physical_progress_velocity_pct_per_30d
W-000699,COMPLETION,-0.4078271406743253,0.4078271406743253,13.796680497925312,1663,1929,0,1.0731359616801768,technical_estimate_amount_inr
W-000700,COMPLETION,-0.4284169719937468,0.4284169719937468,43.20539419087137,1096,1929,0,1.714896718146718,sanctioned_amount_inr
W-000701,COMPLETION,-0.42984561413121686,0.42984561413121686,45.643153526970956,1049,1929,0,2.238412664681308,expenditure_to_sanction_pct_as_of
W-000702,COMPLETION,-0.4378132178252528,0.4378132178252528,55.08298755186722,867,1929,0,2.1318023657366743,largest_payment_share_as_of
W-000703,COMPLETION,-0.41015330171527004,0.41015330171527004,17.064315352697097,1600,1929,0,1.6547720603527538,sanction_to_estimate_ratio
W-000704,EXECUTION,-0.4104377005410224,0.4104377005410224,18.375,654,801,0,1.222531250000001,financial_minus_physical_gap_pct_as_of
W-000705,COMPLETION,-0.4155626297923004,0.4155626297923004,23.236514522821576,1481,1929,0,1.3214629111536829,schedule_elapsed_ratio_as_of
W-000706,COMPLETION,-0.574751033473307,0.574751033473307,98.13278008298755,37,1929,1,9.817597691476369,physical_progress_velocity_pct_per_30d
W-000707,COMPLETION,-0.4465361187586946,0.4465361187586946,64.52282157676349,685,1929,1,4.813147759756786,physical_progress_velocity_pct_per_30d
W-000708,EXECUTION,-0.41374371543107413,0.41374371543107413,23.0,617,801,0,3.4642230514096184,technical_estimate_amount_inr
W-000709,PRE_SANCTION,-0.46176322794407904,0.46176322794407904,33.45724907063197,180,270,0,0.6341261745730651,estimate_to_recommended_ratio
W-000710,COMPLETION,-0.4265870530057899,0.4265870530057899,40.30082987551867,1152,1929,0,2.401590005182458,largest_payment_share_as_of
W-000711,EXECUTION,-0.4070764867242907,0.4070764867242907,14.875,682,801,0,1.046980860822625,estimate_to_recommended_ratio
W-000712,COMPLETION,-0.4924118375068709,0.4924118375068709,89.2116182572614,209,1929,2,22.62676257140427,sanction_to_estimate_ratio
W-000713,EXECUTION,-0.5129643715748625,0.5129643715748625,92.5,61,801,2,13.174094936708862,days_since_last_payment_as_of
W-000714,COMPLETION,-0.48599165572613506,0.48599165572613506,87.70746887966806,238,1929,1,5.418471442966978,largest_payment_share_as_of
W-000715,COMPLETION,-0.4332845157748041,0.4332845157748041,49.844398340248965,968,1929,0,2.02787987012987,days_since_last_payment_as_of
W-000716,COMPLETION,-0.4165952739539691,0.4165952739539691,24.84439834024896,1450,1929,0,2.934091429374758,largest_payment_share_as_of
W-000717,COMPLETION,-0.3959302176097539,0.3959302176097539,3.5269709543568464,1861,1929,0,1.1715267924149575,financial_overrun_pct_as_of
W-000718,COMPLETION,-0.48800534536947243,0.48800534536947243,88.3298755186722,226,1929,0,3.214571750427476,physical_progress_velocity_pct_per_30d
W-000719,COMPLETION,-0.4573581469828715,0.4573581469828715,73.08091286307054,520,1929,1,3.602444065426613,largest_payment_share_as_of
W-000720,EXECUTION,-0.40828491435930214,0.40828491435930214,16.25,671,801,0,0.9116661851886899,largest_payment_share_as_of
W-000721,COMPLETION,-0.4274392979847519,0.4274392979847519,41.545643153526974,1128,1929,0,1.349,recommended_amount_inr
W-000722,COMPLETION,-0.43865502381634497,0.43865502381634497,56.22406639004149,845,1929,0,0.8504565217391331,latest_financial_progress_pct_as_of
W-000723,EXECUTION,-0.4910149897219951,0.4910149897219951,86.125,112,801,1,9.50353205128205,days_since_last_payment_as_of
W-000724,COMPLETION,-0.47022723883599815,0.47022723883599815,82.10580912863071,346,1929,1,3.7509014127894362,physical_progress_velocity_pct_per_30d
W-000725,EXECUTION,-0.45782797799286434,0.45782797799286434,68.25,255,801,2,10.204532258064516,days_since_last_payment_as_of
W-000726,COMPLETION,-0.43177921547245096,0.43177921547245096,47.821576763485474,1007,1929,0,1.3288427730626193,sanction_to_estimate_ratio
W-000727,COMPLETION,-0.44753114515581394,0.44753114515581394,65.61203319502074,664,1929,0,2.3819645132041254,schedule_elapsed_ratio_as_of
W-000728,EXECUTION,-0.4789509421713725,0.4789509421713725,79.25,167,801,1,8.193925925925925,max_physical_progress_drop_pct_as_of
W-000729,COMPLETION,-0.5219489385559508,0.5219489385559508,94.39834024896265,109,1929,0,2.8766563137324255,physical_progress_velocity_pct_per_30d
W-000730,COMPLETION,-0.47156046887012615,0.47156046887012615,82.67634854771784,335,1929,0,1.8378076923076923,recommended_amount_inr
W-000731,PRE_SANCTION,-0.5465304920075428,0.5465304920075428,89.21933085501858,30,270,0,1.5838455950420451,estimate_to_recommended_ratio
W-000732,PRE_SANCTION,-0.49087372712014865,0.49087372712014865,64.68401486988847,96,270,0,1.1106607773851591,recommended_amount_inr
W-000733,COMPLETION,-0.46348811786475713,0.46348811786475713,77.80082987551867,429,1929,0,2.601053516819572,sanctioned_amount_inr
W-000734,PRE_SANCTION,-0.47523011334677373,0.47523011334677373,50.55762081784387,134,270,0,1.5976009255162418,estimate_to_recommended_ratio
W-000735,COMPLETION,-0.44445478026021107,0.44445478026021107,62.5,724,1929,1,4.426870706416077,largest_payment_share_as_of
W-000736,COMPLETION,-0.41885375858063884,0.41885375858063884,28.267634854771785,1384,1929,0,1.7394289332867439,largest_payment_share_as_of
W-000737,COMPLETION,-0.42094045658732493,0.42094045658732493,31.95020746887967,1313,1929,0,0.8991492031800968,physical_progress_velocity_pct_per_30d
W-000738,EXECUTION,-0.4017951312878085,0.4017951312878085,7.5,741,801,0,1.3722372987560767,sanction_to_estimate_ratio
W-000739,COMPLETION,-0.4545336014495379,0.4545336014495379,70.90248962655602,562,1929,0,1.8416209909285668,largest_payment_share_as_of
W-000740,EXECUTION,-0.41668178334651546,0.41668178334651546,25.75,595,801,0,2.00527027027027,days_since_last_payment_as_of
W-000741,COMPLETION,-0.4227964974635483,0.4227964974635483,34.85477178423236,1257,1929,0,1.382433478037044,largest_payment_share_as_of
W-000742,EXECUTION,-0.4074441534053298,0.4074441534053298,15.0,681,801,0,1.349,physical_progress_decrease_count_as_of
W-000743,COMPLETION,-0.4106586679501242,0.4106586679501242,17.634854771784234,1589,1929,0,1.1097759789156627,released_payment_total_inr_as_of
W-000744,COMPLETION,-0.4339071818331598,0.4339071818331598,50.62240663900415,953,1929,1,7.534060944675148,physical_progress_velocity_pct_per_30d
W-000745,COMPLETION,-0.44142720454226225,0.44142720454226225,59.38796680497925,784,1929,0,2.8527841342671025,largest_payment_share_as_of
W-000746,COMPLETION,-0.4571522808273691,0.4571522808273691,72.8734439834025,524,1929,0,1.14771875,recommended_amount_inr
W-000747,EXECUTION,-0.4196992733242901,0.4196992733242901,29.375,566,801,0,2.5242305084745764,released_payment_total_inr_as_of
W-000748,COMPLETION,-0.4256812821800542,0.4256812821800542,38.95228215767635,1178,1929,0,1.3564386917046602,schedule_elapsed_ratio_as_of
W-000749,COMPLETION,-0.4372162276992562,0.4372162276992562,54.09751037344398,886,1929,0,2.0310629898394708,physical_progress_velocity_pct_per_30d
W-000750,COMPLETION,-0.4600943206187612,0.4600943206187612,75.0,483,1929,0,1.8505788556951674,financial_overrun_pct_as_of
W-000751,COMPLETION,-0.4376289101756754,0.4376289101756754,54.87551867219917,871,1929,0,2.2573156430822747,sanction_to_recommended_ratio
W-000752,COMPLETION,-0.4060582706324119,0.4060582706324119,11.618257261410788,1705,1929,0,1.3018684156954647,sanction_to_estimate_ratio
W-000753,COMPLETION,-0.41853088145370454,0.41853088145370454,27.69709543568465,1395,1929,0,2.079500179624132,schedule_elapsed_ratio_as_of
W-000754,COMPLETION,-0.421170716642277,0.421170716642277,32.41701244813278,1304,1929,0,1.7896058624352673,financial_overrun_pct_as_of
W-000755,EXECUTION,-0.45172028106070655,0.45172028106070655,62.875,298,801,0,2.224457227138643,released_payment_total_inr_as_of
W-000756,COMPLETION,-0.3980693264529031,0.3980693264529031,4.564315352697095,1841,1929,0,1.1593025612234473,sanction_to_recommended_ratio
W-000757,COMPLETION,-0.4135650972144988,0.4135650972144988,21.369294605809127,1517,1929,0,0.7317303030303031,sanctioned_amount_inr
W-000758,EXECUTION,-0.40334389119927344,0.40334389119927344,8.875,730,801,0,2.6393478260869556,max_physical_progress_drop_pct_as_of
W-000759,COMPLETION,-0.4337714050298526,0.4337714050298526,50.46680497925311,956,1929,0,1.4991716981132075,released_payment_total_inr_as_of
W-000760,PRE_SANCTION,-0.624427311517853,0.624427311517853,98.14126394052045,6,270,0,1.9272860326894503,technical_estimate_amount_inr
W-000761,COMPLETION,-0.4434196328016368,0.4434196328016368,61.566390041493776,742,1929,0,3.005374040749451,expenditure_to_sanction_pct_as_of
W-000762,EXECUTION,-0.4118574991201165,0.4118574991201165,20.5,637,801,0,1.349,physical_progress_decrease_count_as_of
W-000763,EXECUTION,-0.41905339878514974,0.41905339878514974,28.875,570,801,0,1.3519454148471615,technical_estimate_amount_inr
W-000764,COMPLETION,-0.449391951964391,0.449391951964391,67.11618257261411,635,1929,0,1.6032548828125,technical_estimate_amount_inr
W-000765,COMPLETION,-0.42179896816083917,0.42179896816083917,33.09128630705394,1291,1929,0,1.074450064496952,largest_payment_share_as_of
W-000766,EXECUTION,-0.5618739783740976,0.5618739783740976,97.375,22,801,3,8.635811475409847,expected_minus_physical_gap_pct_as_of
W-000767,COMPLETION,-0.4477742742201927,0.4477742742201927,65.66390041493776,663,1929,1,6.507025220004866,largest_payment_share_as_of
W-000768,PRE_SANCTION,-0.47036001354153756,0.47036001354153756,46.468401486988846,145,270,0,1.1245115601001006,estimate_to_recommended_ratio
W-000769,COMPLETION,-0.4395130494684344,0.4395130494684344,57.468879668049794,821,1929,0,1.0960625,latest_financial_progress_pct_as_of
W-000770,EXECUTION,-0.4239670314530245,0.4239670314530245,35.25,519,801,0,2.894467131025032,physical_progress_velocity_pct_per_30d
W-000771,PRE_SANCTION,-0.4556710985572796,0.4556710985572796,24.907063197026023,203,270,0,1.1329969788519638,recommended_amount_inr
W-000772,COMPLETION,-0.470081271865756,0.470081271865756,82.00207468879668,348,1929,0,1.6858385675090344,sanction_to_estimate_ratio
W-000773,COMPLETION,-0.44280376837569546,0.44280376837569546,60.8402489626556,756,1929,1,3.7370875347159798,largest_payment_share_as_of
W-000774,COMPLETION,-0.45712045119321615,0.45712045119321615,72.82157676348548,525,1929,1,8.363936399404396,financial_overrun_pct_as_of
W-000775,EXECUTION,-0.41134461202491035,0.41134461202491035,19.625,644,801,0,2.603333333333332,expected_minus_physical_gap_pct_as_of
W-000776,EXECUTION,-0.4159680937860628,0.4159680937860628,24.875,602,801,0,1.6890761301964412,physical_progress_velocity_pct_per_30d
W-000777,COMPLETION,-0.4135383531011832,0.4135383531011832,21.317427385892117,1518,1929,0,1.4045732716027106,estimate_to_recommended_ratio
W-000778,COMPLETION,-0.43929886447531047,0.43929886447531047,57.15767634854772,827,1929,0,1.5891349413299143,sanction_to_recommended_ratio
W-000779,COMPLETION,-0.4938255163508736,0.4938255163508736,89.5746887966805,202,1929,0,2.738819379019765,physical_progress_velocity_pct_per_30d
W-000780,COMPLETION,-0.4084161351074597,0.4084161351074597,14.83402489626556,1643,1929,0,1.200718540011734,sanction_to_estimate_ratio
W-000781,COMPLETION,-0.4545060765839051,0.4545060765839051,70.79875518672199,564,1929,0,2.6871710955832966,physical_progress_velocity_pct_per_30d
W-000782,COMPLETION,-0.44859281752570723,0.44859281752570723,66.54564315352697,646,1929,0,1.1907508796207351,estimate_to_recommended_ratio
W-000783,PRE_SANCTION,-0.4652255676273598,0.4652255676273598,39.77695167286245,163,270,0,0.7204886363636364,recommended_amount_inr
W-000784,PRE_SANCTION,-0.5862124454918669,0.5862124454918669,95.53903345724908,13,270,0,1.0481576704545454,recommended_amount_inr
W-000785,COMPLETION,-0.43016019806256334,0.43016019806256334,45.954356846473026,1043,1929,0,1.7487037037037036,sanctioned_amount_inr
W-000786,COMPLETION,-0.4199748884419161,0.4199748884419161,30.394190871369293,1343,1929,1,3.823199009832019,physical_progress_velocity_pct_per_30d
W-000787,COMPLETION,-0.47319047764039973,0.47319047764039973,83.29875518672199,323,1929,0,3.226647816813179,largest_payment_share_as_of
W-000788,COMPLETION,-0.4151302910614761,0.4151302910614761,22.925311203319502,1487,1929,0,1.9567430182401895,sanction_to_recommended_ratio
W-000789,EXECUTION,-0.48549151384045813,0.48549151384045813,83.0,137,801,0,2.436302480584031,expenditure_to_sanction_pct_as_of
W-000790,COMPLETION,-0.47272464984165613,0.47272464984165613,83.19502074688796,325,1929,1,4.708140980314878,physical_progress_velocity_pct_per_30d
W-000791,COMPLETION,-0.4164821413877075,0.4164821413877075,24.585062240663902,1455,1929,0,1.4310778516849538,estimate_to_recommended_ratio
W-000792,COMPLETION,-0.43515651257779353,0.43515651257779353,52.12655601659751,924,1929,0,2.780740106938059,financial_overrun_pct_as_of
W-000793,EXECUTION,-0.3996803032794568,0.3996803032794568,6.0,753,801,0,0.8710057287818163,sanction_to_estimate_ratio
W-000794,COMPLETION,-0.41401423317567143,0.41401423317567143,21.887966804979254,1507,1929,0,1.5356032840507614,sanction_to_estimate_ratio
W-000795,COMPLETION,-0.4231173471656733,0.4231173471656733,35.684647302904565,1241,1929,0,1.0012109375,days_since_last_payment_as_of
W-000796,COMPLETION,-0.415860180966321,0.415860180966321,23.858921161825727,1469,1929,0,2.278242726590291,financial_overrun_pct_as_of
W-000797,EXECUTION,-0.45936367458891636,0.45936367458891636,69.125,248,801,1,4.531934640522875,days_since_last_payment_as_of
W-000798,EXECUTION,-0.40356712447557574,0.40356712447557574,9.375,726,801,0,2.7850322580645077,max_physical_progress_drop_pct_as_of
W-000799,COMPLETION,-0.5001327335106388,0.5001327335106388,91.02697095435684,174,1929,0,1.821866464339909,technical_estimate_amount_inr
W-000800,EXECUTION,-0.4184687109948834,0.4184687109948834,28.25,575,801,0,2.400639784946236,expected_minus_physical_gap_pct_as_of
W-000801,COMPLETION,-0.4097586453803415,0.4097586453803415,16.33817427385892,1614,1929,0,1.4610172483073218,financial_overrun_pct_as_of
W-000802,COMPLETION,-0.4220172240307574,0.4220172240307574,33.50622406639004,1283,1929,0,0.8711423820354387,largest_payment_share_as_of
W-000803,EXECUTION,-0.40675731857890557,0.40675731857890557,14.375,686,801,0,0.9213047194038587,largest_payment_share_as_of
W-000804,COMPLETION,-0.420643894274017,0.420643894274017,31.58713692946058,1320,1929,0,3.4723230317412854,expenditure_to_sanction_pct_as_of
W-000805,COMPLETION,-0.4519264349237737,0.4519264349237737,68.98340248962656,599,1929,1,4.846157373529679,largest_payment_share_as_of
W-000806,PRE_SANCTION,-0.4593117695999156,0.4593117695999156,31.226765799256505,186,270,0,1.1125086419753087,recommended_amount_inr
W-000807,COMPLETION,-0.4244700179546748,0.4244700179546748,37.655601659751035,1203,1929,0,1.3569584083899398,sanction_to_recommended_ratio
W-000808,EXECUTION,-0.45534748853485146,0.45534748853485146,66.0,273,801,2,8.199390625,days_since_last_payment_as_of
W-000809,EXECUTION,-0.47106828536234063,0.47106828536234063,75.0,201,801,2,11.069735294117647,days_since_last_payment_as_of
W-000810,COMPLETION,-0.4065383888177893,0.4065383888177893,12.033195020746888,1697,1929,0,1.262495560724607,schedule_elapsed_ratio_as_of
W-000811,EXECUTION,-0.4906970329000296,0.4906970329000296,86.0,113,801,3,7.179084158415842,days_since_last_payment_as_of
W-000812,COMPLETION,-0.4270274983611721,0.4270274983611721,41.07883817427386,1137,1929,0,1.7062931499232947,financial_overrun_pct_as_of
W-000813,EXECUTION,-0.4323816890324793,0.4323816890324793,45.125,440,801,0,1.5848904821521896,largest_payment_share_as_of
W-000814,COMPLETION,-0.4455159108228527,0.4455159108228527,63.12240663900415,712,1929,0,1.8645980230642505,technical_estimate_amount_inr
W-000815,COMPLETION,-0.4956206556300403,0.4956206556300403,89.88589211618257,196,1929,1,7.189538408215889,largest_payment_share_as_of
W-000816,COMPLETION,-0.4164987783327877,0.4164987783327877,24.688796680497926,1453,1929,0,3.1690892691951897,financial_overrun_pct_as_of
W-000817,PRE_SANCTION,-0.4862370398723581,0.4862370398723581,58.7360594795539,112,270,0,0.5614041894399461,estimate_to_recommended_ratio
W-000818,COMPLETION,-0.42867419818053004,0.42867419818053004,43.516597510373444,1090,1929,0,1.755302319004525,financial_overrun_pct_as_of
W-000819,COMPLETION,-0.4553621614642347,0.4553621614642347,71.31742738589212,554,1929,0,2.996244144882889,largest_payment_share_as_of
W-000820,EXECUTION,-0.5008178905691117,0.5008178905691117,89.25,87,801,0,1.7005349200550062,sanction_to_recommended_ratio
W-000821,COMPLETION,-0.4302847714971367,0.4302847714971367,46.16182572614108,1039,1929,0,1.9775469267296595,physical_progress_velocity_pct_per_30d
W-000822,PRE_SANCTION,-0.44442552331317475,0.44442552331317475,12.639405204460967,236,270,0,0.6745,estimate_to_recommended_ratio
W-000823,COMPLETION,-0.4186138354021216,0.4186138354021216,27.904564315352697,1391,1929,0,1.4104128315338007,sanction_to_estimate_ratio
W-000824,COMPLETION,-0.4399889898213901,0.4399889898213901,57.98755186721991,811,1929,0,1.0514761904761905,days_since_last_payment_as_of
W-000825,COMPLETION,-0.4528275868290391,0.4528275868290391,69.76141078838174,584,1929,0,1.64955952244987,sanction_to_recommended_ratio
W-000826,EXECUTION,-0.4440104746063674,0.4440104746063674,55.375,358,801,0,3.284521739130434,max_physical_progress_drop_pct_as_of
W-000827,EXECUTION,-0.47681502244856094,0.47681502244856094,78.125,176,801,0,2.8591281584839274,largest_payment_share_as_of
W-000828,COMPLETION,-0.39910768409961833,0.39910768409961833,5.549792531120332,1822,1929,0,1.9311778125,financial_overrun_pct_as_of
W-000829,COMPLETION,-0.4212500797783025,0.4212500797783025,32.572614107883815,1301,1929,0,1.1146650456168774,estimate_to_recommended_ratio
W-000830,PRE_SANCTION,-0.4775180521151496,0.4775180521151496,52.41635687732342,129,270,0,1.1595856164383562,technical_estimate_amount_inr
W-000831,COMPLETION,-0.42270277090142766,0.42270277090142766,34.69917012448133,1260,1929,0,0.9623963414634134,latest_financial_progress_pct_as_of
W-000832,COMPLETION,-0.4825389599946993,0.4825389599946993,86.6701244813278,258,1929,0,2.4996577336884434,physical_progress_velocity_pct_per_30d
W-000833,EXECUTION,-0.4363891571649945,0.4363891571649945,47.375,422,801,1,3.7473383738209445,largest_payment_share_as_of
W-000834,COMPLETION,-0.43353569643641865,0.43353569643641865,50.0,965,1929,0,3.151113955301455,financial_overrun_pct_as_of
W-000835,PRE_SANCTION,-0.49060261743739697,0.49060261743739697,63.940520446096656,98,270,0,1.1250265644154727,estimate_to_recommended_ratio
W-000836,COMPLETION,-0.41417591913257984,0.41417591913257984,21.991701244813278,1505,1929,0,0.8114355281207133,technical_estimate_amount_inr
W-000837,EXECUTION,-0.46699801586085204,0.46699801586085204,72.5,221,801,2,4.8302903225806455,days_since_last_payment_as_of
W-000838,COMPLETION,-0.4239316605748925,0.4239316605748925,36.87759336099585,1218,1929,0,1.6225060159719475,sanction_to_recommended_ratio
W-000839,COMPLETION,-0.4311025807906239,0.4311025807906239,46.99170124481328,1023,1929,0,1.0056237216650223,schedule_elapsed_ratio_as_of
W-000840,COMPLETION,-0.458046558764266,0.458046558764266,73.39211618257261,514,1929,0,2.8527841342671025,largest_payment_share_as_of
W-000841,COMPLETION,-0.3982404612494428,0.3982404612494428,4.719917012448133,1838,1929,0,1.1421763855604476,largest_payment_share_as_of
W-000842,COMPLETION,-0.4194281879887167,0.4194281879887167,29.616182572614107,1358,1929,0,2.116402830188679,released_payment_total_inr_as_of
W-000843,COMPLETION,-0.4189300388516996,0.4189300388516996,28.475103734439834,1380,1929,0,1.9497515106002692,expenditure_to_sanction_pct_as_of
W-000844,EXECUTION,-0.5428823867652814,0.5428823867652814,96.25,31,801,4,9.735554216867468,days_since_last_payment_as_of
W-000845,COMPLETION,-0.4399064438217189,0.4399064438217189,57.83195020746888,814,1929,3,4.61470114083336,expenditure_to_sanction_pct_as_of
W-000846,COMPLETION,-0.4100986785951187,0.4100986785951187,16.90871369294606,1603,1929,0,2.0810934002319046,estimate_to_recommended_ratio
W-000847,COMPLETION,-0.4746022112381153,0.4746022112381153,83.71369294605809,315,1929,2,11.506295046201792,sanction_to_estimate_ratio
W-000848,COMPLETION,-0.45821294975275567,0.45821294975275567,73.59958506224066,510,1929,0,1.165789082973793,schedule_elapsed_ratio_as_of
W-000849,COMPLETION,-0.48485084785772137,0.48485084785772137,87.34439834024896,245,1929,0,1.1637097321940022,estimate_to_recommended_ratio
W-000850,COMPLETION,-0.42818468967049267,0.42818468967049267,42.531120331950206,1109,1929,1,4.221927322895912,largest_payment_share_as_of
W-000851,COMPLETION,-0.43457015881094524,0.43457015881094524,51.34854771784232,939,1929,0,3.2752820207067543,largest_payment_share_as_of
W-000852,EXECUTION,-0.4180138928218585,0.4180138928218585,27.875,578,801,0,1.30429823269514,sanctioned_amount_inr
W-000853,EXECUTION,-0.47853971637469733,0.47853971637469733,79.0,169,801,3,118.71199999999837,max_physical_progress_drop_pct_as_of
W-000854,COMPLETION,-0.4410097769364038,0.4410097769364038,58.92116182572614,793,1929,0,1.5455809311853341,schedule_elapsed_ratio_as_of
W-000855,PRE_SANCTION,-0.43646336159849897,0.43646336159849897,2.973977695167286,262,270,0,0.4894714928413795,estimate_to_recommended_ratio
W-000856,COMPLETION,-0.4531503917743164,0.4531503917743164,69.91701244813278,581,1929,0,2.3730021316154506,expenditure_to_sanction_pct_as_of
W-000857,COMPLETION,-0.38859797796174406,0.38859797796174406,0.5705394190871369,1918,1929,0,1.2199090909090908,days_since_last_payment_as_of
W-000858,EXECUTION,-0.5610653956163248,0.5610653956163248,97.25,23,801,2,12.636955882352922,financial_minus_physical_gap_pct_as_of
W-000859,COMPLETION,-0.4046583128289684,0.4046583128289684,9.95850622406639,1737,1929,0,0.9666758816743574,financial_overrun_pct_as_of
W-000860,COMPLETION,-0.44054355728989214,0.44054355728989214,58.50622406639004,801,1929,1,6.4971522062469065,largest_payment_share_as_of
W-000861,COMPLETION,-0.42958063019992127,0.42958063019992127,45.17634854771784,1058,1929,0,1.6333702432353774,largest_payment_share_as_of
W-000862,COMPLETION,-0.49127280342539176,0.49127280342539176,88.95228215767635,214,1929,0,1.2913028193252516,largest_payment_share_as_of
W-000863,COMPLETION,-0.4296693615633671,0.4296693615633671,45.38381742738589,1054,1929,0,3.1923705963223914,financial_overrun_pct_as_of
W-000864,COMPLETION,-0.42054294357562877,0.42054294357562877,31.483402489626556,1322,1929,0,1.1811031404577172,physical_progress_velocity_pct_per_30d
W-000865,EXECUTION,-0.4133354182221432,0.4133354182221432,22.375,622,801,0,2.275920245398772,latest_financial_progress_pct_as_of
W-000866,COMPLETION,-0.4327707670452689,0.4327707670452689,49.066390041493776,983,1929,0,2.1091865812201616,sanction_to_recommended_ratio
W-000867,PRE_SANCTION,-0.45744631154922183,0.45744631154922183,28.62453531598513,193,270,0,0.733365808081593,estimate_to_recommended_ratio
W-000868,COMPLETION,-0.4387967596553296,0.4387967596553296,56.587136929460584,838,1929,0,2.134760472307767,physical_progress_velocity_pct_per_30d
W-000869,COMPLETION,-0.4650789670418611,0.4650789670418611,78.89004149377594,408,1929,0,3.4394479648672767,physical_progress_velocity_pct_per_30d
W-000870,COMPLETION,-0.4202313398493868,0.4202313398493868,30.809128630705395,1335,1929,0,1.5504864864864865,technical_estimate_amount_inr
W-000871,COMPLETION,-0.4183660828969956,0.4183660828969956,27.54149377593361,1398,1929,0,0.9583212833790027,schedule_elapsed_ratio_as_of
W-000872,COMPLETION,-0.3931248483371256,0.3931248483371256,2.1784232365145226,1887,1929,0,0.9203375643772906,sanction_to_estimate_ratio
W-000873,EXECUTION,-0.38938053094162234,0.38938053094162234,0.25,799,801,1,3.792600592162201,largest_payment_share_as_of
W-000874,COMPLETION,-0.5398674923626421,0.5398674923626421,96.21369294605809,74,1929,0,3.1478164894201406,largest_payment_share_as_of
W-000875,COMPLETION,-0.44556523824398897,0.44556523824398897,63.27800829875519,709,1929,1,4.647903485609347,largest_payment_share_as_of
W-000876,COMPLETION,-0.40552584550664766,0.40552584550664766,10.78838174273859,1721,1929,0,1.058442458211925,sanction_to_estimate_ratio
W-000877,COMPLETION,-0.45838903784089396,0.45838903784089396,73.96265560165975,503,1929,0,2.218067774062489,largest_payment_share_as_of
W-000878,COMPLETION,-0.5351851184747444,0.5351851184747444,95.850622406639,81,1929,0,3.2752820207067543,largest_payment_share_as_of
W-000879,EXECUTION,-0.4207779493916781,0.4207779493916781,31.0,553,801,0,2.4024748598791983,sanction_to_recommended_ratio
W-000880,COMPLETION,-0.4421026549758063,0.4421026549758063,60.26970954356847,767,1929,0,1.4748470758279568,sanction_to_estimate_ratio
W-000881,COMPLETION,-0.48153919085501723,0.48153919085501723,86.46265560165975,262,1929,0,1.6314449433830551,largest_payment_share_as_of
W-000882,COMPLETION,-0.5105600371793684,0.5105600371793684,92.68672199170125,142,1929,1,7.379030000000001,financial_overrun_pct_as_of
W-000883,COMPLETION,-0.4629330343105357,0.4629330343105357,77.4896265560166,435,1929,0,2.3373295967518226,expenditure_to_sanction_pct_as_of
W-000884,PRE_SANCTION,-0.45577578706635913,0.45577578706635913,25.278810408921935,202,270,0,0.8286884377758165,technical_estimate_amount_inr
W-000885,COMPLETION,-0.43078766693449055,0.43078766693449055,46.6804979253112,1029,1929,0,2.6388522014821083,largest_payment_share_as_of
W-000886,COMPLETION,-0.4411300832004981,0.4411300832004981,59.1804979253112,788,1929,0,1.7178671874999998,days_since_last_payment_as_of
W-000887,EXECUTION,-0.42576974779022564,0.42576974779022564,37.0,505,801,0,1.6814547619750444,sanction_to_estimate_ratio
W-000888,COMPLETION,-0.46185019496847113,0.46185019496847113,76.50414937759336,454,1929,0,2.996244144882889,largest_payment_share_as_of
W-000889,COMPLETION,-0.5248636252839737,0.5248636252839737,94.81327800829875,101,1929,2,11.136582763649427,sanction_to_estimate_ratio
W-000890,COMPLETION,-0.5145821153293132,0.5145821153293132,93.3609958506224,129,1929,1,5.959573674815913,largest_payment_share_as_of
W-000891,EXECUTION,-0.4047393623511507,0.4047393623511507,10.875,714,801,0,2.065656250000002,financial_minus_physical_gap_pct_as_of
W-000892,COMPLETION,-0.40825425847514174,0.40825425847514174,14.678423236514522,1646,1929,0,1.3482580805164521,physical_progress_velocity_pct_per_30d
W-000893,COMPLETION,-0.42127880911044274,0.42127880911044274,32.62448132780083,1300,1929,0,1.13884,released_payment_total_inr_as_of
W-000894,EXECUTION,-0.42141672765237426,0.42141672765237426,31.875,546,801,0,2.1970553093528435,physical_progress_velocity_pct_per_30d
W-000895,PRE_SANCTION,-0.46478936854025604,0.46478936854025604,38.28996282527881,167,270,0,0.6745,technical_estimate_amount_inr
W-000896,COMPLETION,-0.3942124688478445,0.3942124688478445,2.800829875518672,1875,1929,0,1.2106346762033384,physical_progress_velocity_pct_per_30d
W-000897,COMPLETION,-0.3982099870814508,0.3982099870814508,4.668049792531121,1839,1929,0,2.0326164144848686,financial_overrun_pct_as_of
W-000898,EXECUTION,-0.40007891180332705,0.40007891180332705,6.375,750,801,1,4.18752083333336,financial_minus_physical_gap_pct_as_of
W-000899,COMPLETION,-0.45438731981867153,0.45438731981867153,70.69502074688796,566,1929,0,1.726537888436067,financial_overrun_pct_as_of
W-000900,COMPLETION,-0.4961842031480163,0.4961842031480163,90.14522821576763,191,1929,0,1.47620691927789,sanction_to_estimate_ratio
W-000901,EXECUTION,-0.43057251442957384,0.43057251442957384,43.0,457,801,0,1.2356926125817507,sanction_to_recommended_ratio
W-000902,EXECUTION,-0.43563098598072225,0.43563098598072225,47.125,424,801,1,5.6658000000000035,max_physical_progress_drop_pct_as_of
W-000903,EXECUTION,-0.42798795106428633,0.42798795106428633,39.625,484,801,0,2.5753636363636345,financial_minus_physical_gap_pct_as_of
W-000904,COMPLETION,-0.5257702068039511,0.5257702068039511,94.9688796680498,98,1929,1,8.084144667271717,physical_progress_velocity_pct_per_30d
W-000905,COMPLETION,-0.4410544996043569,0.4410544996043569,59.07676348547718,790,1929,0,1.527288888888889,sanctioned_amount_inr
W-000906,EXECUTION,-0.4643987365180037,0.4643987365180037,71.5,229,801,2,4.7412429770711375,schedule_elapsed_ratio_as_of
W-000907,COMPLETION,-0.4603931036266635,0.4603931036266635,75.20746887966806,479,1929,0,2.417823076923077,recommended_amount_inr
W-000908,PRE_SANCTION,-0.5238272374961178,0.5238272374961178,83.64312267657992,45,270,0,1.8257014050426508,estimate_to_recommended_ratio
W-000909,COMPLETION,-0.4580627253380538,0.4580627253380538,73.44398340248962,513,1929,3,3.7356923076923136,latest_financial_progress_pct_as_of
W-000910,EXECUTION,-0.4709481382354842,0.4709481382354842,74.875,202,801,1,11.041814814814813,financial_minus_physical_gap_pct_as_of
W-000911,EXECUTION,-0.38725714478654044,0.38725714478654044,0.0,801,801,0,1.2594518766820477,physical_progress_velocity_pct_per_30d
W-000912,COMPLETION,-0.4358054363504668,0.4358054363504668,52.697095435684645,913,1929,0,1.603032467532471,latest_financial_progress_pct_as_of
W-000913,EXECUTION,-0.5860105860883017,0.5860105860883017,98.5,13,801,5,17.071499999999997,days_since_last_payment_as_of
W-000914,COMPLETION,-0.43689848209198023,0.43689848209198023,53.83817427385892,891,1929,0,2.953236830434141,largest_payment_share_as_of
W-000915,EXECUTION,-0.44854523651730904,0.44854523651730904,59.5,325,801,2,9.714551948051948,days_since_last_payment_as_of
W-000916,EXECUTION,-0.4130733296919414,0.4130733296919414,21.75,627,801,0,1.0523058977516995,expenditure_to_sanction_pct_as_of
W-000917,COMPLETION,-0.41041184638713324,0.41041184638713324,17.479253112033195,1592,1929,0,1.5277831325301205,released_payment_total_inr_as_of
W-000918,COMPLETION,-0.4277573181112293,0.4277573181112293,41.75311203319502,1124,1929,0,1.1494980175945704,estimate_to_recommended_ratio
W-000919,COMPLETION,-0.4156233585168062,0.4156233585168062,23.392116182572614,1478,1929,0,3.1000741823856663,physical_progress_velocity_pct_per_30d
W-000920,EXECUTION,-0.4832768354916388,0.4832768354916388,81.5,149,801,2,16.94953225806452,days_since_last_payment_as_of
W-000921,COMPLETION,-0.39905288612090756,0.39905288612090756,5.446058091286307,1824,1929,0,1.0654522292993631,days_since_last_payment_as_of
W-000922,EXECUTION,-0.42345438621405085,0.42345438621405085,34.25,527,801,0,2.356703,sanctioned_amount_inr
W-000923,EXECUTION,-0.4946022011188355,0.4946022011188355,87.5,101,801,2,15.440288394177388,sanction_to_recommended_ratio
W-000924,PRE_SANCTION,-0.4849295444916864,0.4849295444916864,57.24907063197026,116,270,0,0.784262924574503,estimate_to_recommended_ratio
W-000925,EXECUTION,-0.4635632963074203,0.4635632963074203,71.25,231,801,1,5.877056450894839,largest_payment_share_as_of
W-000926,COMPLETION,-0.4483070480430708,0.4483070480430708,66.33817427385893,650,1929,0,2.64880601881395,estimate_to_recommended_ratio
W-000927,COMPLETION,-0.4238231119791399,0.4238231119791399,36.72199170124481,1221,1929,0,1.9597740531635368,schedule_elapsed_ratio_as_of
W-000928,EXECUTION,-0.42805629467977235,0.42805629467977235,39.75,483,801,2,4.047,days_since_last_payment_as_of
W-000929,COMPLETION,-0.4339896933276827,0.4339896933276827,50.77800829875519,950,1929,0,1.8214679266580969,largest_payment_share_as_of
W-000930,COMPLETION,-0.44428393530998894,0.44428393530998894,62.344398340248965,727,1929,0,2.1057560975609806,latest_financial_progress_pct_as_of
W-000931,EXECUTION,-0.4062451348381198,0.4062451348381198,13.5,693,801,0,1.587058823529413,financial_minus_physical_gap_pct_as_of
W-000932,EXECUTION,-0.48856364431343213,0.48856364431343213,84.5,125,801,2,3.960183168316832,days_since_last_payment_as_of
W-000933,COMPLETION,-0.4063696590374724,0.4063696590374724,11.825726141078839,1701,1929,0,1.2921207174925966,schedule_elapsed_ratio_as_of
W-000934,COMPLETION,-0.5374286217571147,0.5374286217571147,95.95435684647303,79,1929,5,16.23549971420105,financial_overrun_pct_as_of
W-000935,COMPLETION,-0.4467236356988207,0.4467236356988207,64.88589211618257,678,1929,0,1.5701580661289711,estimate_to_recommended_ratio
W-000936,COMPLETION,-0.4840138448497025,0.4840138448497025,87.0850622406639,250,1929,1,6.9509755298960245,financial_overrun_pct_as_of
W-000937,COMPLETION,-0.44840184150987594,0.44840184150987594,66.44190871369294,648,1929,0,2.953236830434141,largest_payment_share_as_of
W-000938,EXECUTION,-0.39951082967675694,0.39951082967675694,5.5,757,801,0,0.9530897808314321,expenditure_to_sanction_pct_as_of
W-000939,COMPLETION,-0.4230025731553084,0.4230025731553084,35.21784232365145,1250,1929,0,1.8938667680909171,largest_payment_share_as_of
W-000940,COMPLETION,-0.4564141485112687,0.4564141485112687,72.19917012448133,537,1929,1,4.024654237222359,financial_overrun_pct_as_of
W-000941,COMPLETION,-0.3935459808786478,0.3935459808786478,2.54149377593361,1880,1929,0,1.1824359670236642,sanction_to_estimate_ratio
W-000942,EXECUTION,-0.41175389081272595,0.41175389081272595,20.0,641,801,0,1.1803749999999997,financial_minus_physical_gap_pct_as_of
W-000943,PRE_SANCTION,-0.5089161845044706,0.5089161845044706,76.2081784386617,65,270,0,1.1819952773748952,estimate_to_recommended_ratio
W-000944,COMPLETION,-0.41734101399569634,0.41734101399569634,26.03734439834025,1427,1929,0,1.4315466243493755,expenditure_to_sanction_pct_as_of
W-000945,COMPLETION,-0.4237220392608752,0.4237220392608752,36.41078838174274,1227,1929,0,2.1357398553004088,financial_overrun_pct_as_of
W-000946,COMPLETION,-0.4191205194324635,0.4191205194324635,28.941908713692946,1371,1929,0,1.3440184638109305,sanctioned_amount_inr
W-000947,COMPLETION,-0.4226572066684282,0.4226572066684282,34.595435684647306,1262,1929,0,1.3288071101374075,sanction_to_estimate_ratio
W-000948,COMPLETION,-0.4402184777756836,0.4402184777756836,58.19502074688797,807,1929,0,1.6059799867292492,sanction_to_recommended_ratio
W-000949,PRE_SANCTION,-0.48792306909548594,0.48792306909548594,60.22304832713755,108,270,0,0.9131010400474088,estimate_to_recommended_ratio
W-000950,COMPLETION,-0.43441242556731735,0.43441242556731735,51.19294605809129,942,1929,0,1.369516553504435,expenditure_to_sanction_pct_as_of
W-000951,EXECUTION,-0.4932848789030212,0.4932848789030212,87.0,105,801,2,6.5157581699346405,days_since_last_payment_as_of
W-000952,COMPLETION,-0.42117855332798687,0.42117855332798687,32.468879668049794,1303,1929,1,3.7059995722840027,financial_overrun_pct_as_of
W-000953,COMPLETION,-0.42431675594039986,0.42431675594039986,37.39626556016597,1208,1929,0,0.9906605079240243,schedule_elapsed_ratio_as_of
W-000954,COMPLETION,-0.4019232473388076,0.4019232473388076,7.520746887966805,1784,1929,0,1.46868199174962,largest_payment_share_as_of
W-000955,EXECUTION,-0.3930049593001374,0.3930049593001374,1.5,789,801,0,1.01175,released_payment_total_inr_as_of
W-000956,PRE_SANCTION,-0.48671880359761593,0.48671880359761593,59.10780669144982,111,270,0,1.5047965903161378,estimate_to_recommended_ratio
W-000957,PRE_SANCTION,-0.4861223829710992,0.4861223829710992,58.36431226765799,113,270,0,0.991629971590909,recommended_amount_inr
W-000958,COMPLETION,-0.4170861264091919,0.4170861264091919,25.62240663900415,1435,1929,0,1.6984490553932252,sanction_to_recommended_ratio
W-000959,COMPLETION,-0.43097174185181386,0.43097174185181386,46.83609958506224,1026,1929,1,4.101973986735445,financial_overrun_pct_as_of
W-000960,COMPLETION,-0.40989055727857854,0.40989055727857854,16.493775933609957,1611,1929,0,2.505475315843303,physical_progress_velocity_pct_per_30d
W-000961,COMPLETION,-0.4364847869629284,0.4364847869629284,53.267634854771785,902,1929,0,3.226647816813179,largest_payment_share_as_of
W-000962,EXECUTION,-0.39573066410107094,0.39573066410107094,2.5,781,801,0,1.0709202688273751,physical_progress_velocity_pct_per_30d
W-000963,PRE_SANCTION,-0.4531808056425097,0.4531808056425097,23.04832713754647,208,270,0,1.141546514401957,estimate_to_recommended_ratio
W-000964,COMPLETION,-0.43455618659545947,0.43455618659545947,51.2448132780083,941,1929,1,7.048259273567216,financial_overrun_pct_as_of
W-000965,COMPLETION,-0.40661891237555137,0.40661891237555137,12.188796680497925,1694,1929,0,1.793627375830189,financial_overrun_pct_as_of
W-000966,COMPLETION,-0.4218145629007595,0.4218145629007595,33.143153526970956,1290,1929,0,1.2496261510128914,technical_estimate_amount_inr
W-000967,COMPLETION,-0.5031467426873407,0.5031467426873407,91.59751037344398,163,1929,0,1.7434683043007078,expenditure_to_sanction_pct_as_of
W-000968,COMPLETION,-0.408510965149342,0.408510965149342,14.885892116182573,1642,1929,0,1.701445222408963,largest_payment_share_as_of
W-000969,COMPLETION,-0.5066718778859387,0.5066718778859387,92.16804979253112,152,1929,3,5.414243596078931,expenditure_to_sanction_pct_as_of
W-000970,COMPLETION,-0.4791279508676616,0.4791279508676616,85.58091286307054,279,1929,0,1.2080083758193736,released_payment_total_inr_as_of
W-000971,PRE_SANCTION,-0.5052443223518938,0.5052443223518938,73.60594795539033,72,270,0,1.3438317192139604,estimate_to_recommended_ratio
W-000972,COMPLETION,-0.43632938162280444,0.43632938162280444,53.16390041493776,904,1929,0,1.861167801585811,sanction_to_recommended_ratio
W-000973,EXECUTION,-0.43954577632369135,0.43954577632369135,50.875,394,801,1,6.484951807228915,days_since_last_payment_as_of
W-000974,COMPLETION,-0.4429119554813475,0.4429119554813475,60.995850622406635,753,1929,0,2.5608774567693127,largest_payment_share_as_of
W-000975,COMPLETION,-0.4240010175712299,0.4240010175712299,37.03319502074689,1215,1929,0,2.8466769037946373,physical_progress_velocity_pct_per_30d
W-000976,COMPLETION,-0.4869203701928025,0.4869203701928025,88.01867219917013,232,1929,0,3.1033107706421243,schedule_elapsed_ratio_as_of
W-000977,COMPLETION,-0.4623503887578081,0.4623503887578081,77.0746887966805,443,1929,0,3.2244675163727425,largest_payment_share_as_of
W-000978,COMPLETION,-0.4094171012315983,0.4094171012315983,15.975103734439834,1621,1929,0,1.6380714285714286,days_since_last_payment_as_of
W-000979,EXECUTION,-0.45106705003271896,0.45106705003271896,62.25,303,801,1,3.848488030878243,largest_payment_share_as_of
W-000980,COMPLETION,-0.41568343172635985,0.41568343172635985,23.547717842323653,1475,1929,0,0.8486646205702847,sanction_to_estimate_ratio
W-000981,COMPLETION,-0.4269017897404411,0.4269017897404411,40.767634854771785,1143,1929,0,1.5127174884333958,physical_progress_velocity_pct_per_30d
W-000982,EXECUTION,-0.42503830432105627,0.42503830432105627,36.25,511,801,0,1.4171508899800942,sanction_to_estimate_ratio
W-000983,COMPLETION,-0.3901010373999157,0.3901010373999157,1.037344398340249,1909,1929,0,1.2498556909070695,sanction_to_estimate_ratio
W-000984,EXECUTION,-0.40765456016774726,0.40765456016774726,15.25,679,801,0,1.9199055617215979,estimate_to_recommended_ratio
W-000985,EXECUTION,-0.42653742892351965,0.42653742892351965,38.0,497,801,1,12.86319191919192,overdue_days_as_of
W-000986,COMPLETION,-0.47752993304139324,0.47752993304139324,85.0103734439834,290,1929,2,23.022311264822065,sanction_to_estimate_ratio
W-000987,EXECUTION,-0.42349177907863544,0.42349177907863544,34.5,525,801,1,3.713191326530613,largest_payment_share_as_of
W-000988,COMPLETION,-0.42535928780693844,0.42535928780693844,38.38174273858921,1189,1929,1,4.426870706416077,largest_payment_share_as_of
W-000989,COMPLETION,-0.3984707929691826,0.3984707929691826,5.08298755186722,1831,1929,0,1.7200952467467592,schedule_elapsed_ratio_as_of
W-000990,COMPLETION,-0.4099512734276685,0.4099512734276685,16.70124481327801,1607,1929,0,2.638045082171391,financial_overrun_pct_as_of
W-000991,COMPLETION,-0.4556759535361735,0.4556759535361735,71.73236514522821,546,1929,0,2.1322903225806487,latest_financial_progress_pct_as_of
W-000992,COMPLETION,-0.4326619511481439,0.4326619511481439,48.85892116182573,987,1929,0,2.087622035345908,sanction_to_estimate_ratio
W-000993,COMPLETION,-0.42693381426065946,0.42693381426065946,40.8195020746888,1142,1929,0,1.4905333905527092,sanction_to_estimate_ratio
W-000994,COMPLETION,-0.4218186849328693,0.4218186849328693,33.19502074688797,1289,1929,0,1.8030746121231505,expenditure_to_sanction_pct_as_of
W-000995,COMPLETION,-0.4036546711153293,0.4036546711153293,9.12863070539419,1753,1929,0,1.2248558989128242,physical_progress_velocity_pct_per_30d
W-000996,COMPLETION,-0.4394843591216152,0.4394843591216152,57.41701244813278,822,1929,0,3.0497624580657745,physical_progress_velocity_pct_per_30d
W-000997,COMPLETION,-0.46215481774908723,0.46215481774908723,76.81535269709543,448,1929,0,1.4913500986193293,recommended_amount_inr
W-000998,COMPLETION,-0.4446856109101288,0.4446856109101288,62.60373443983403,722,1929,1,4.113414465661052,physical_progress_velocity_pct_per_30d
W-000999,PRE_SANCTION,-0.4488262954629486,0.4488262954629486,16.356877323420075,226,270,0,0.49912901328945986,estimate_to_recommended_ratio
W-001000,COMPLETION,-0.4283896597707891,0.4283896597707891,43.101659751037346,1098,1929,0,2.6451847648303852,financial_overrun_pct_as_of
W-001001,COMPLETION,-0.43927982227730783,0.43927982227730783,57.1058091286307,828,1929,0,2.711581345156945,largest_payment_share_as_of
W-001002,COMPLETION,-0.44603763348730113,0.44603763348730113,63.84854771784232,698,1929,0,2.0724556451612903,technical_estimate_amount_inr
W-001003,COMPLETION,-0.5701558742758993,0.5701558742758993,97.97717842323651,40,1929,0,3.0737231125950832,largest_payment_share_as_of
W-001004,COMPLETION,-0.4039260779956629,0.4039260779956629,9.491701244813278,1746,1929,0,2.2054109803565436,estimate_to_recommended_ratio
W-001005,EXECUTION,-0.6184956457907848,0.6184956457907848,99.75,3,801,1,27.384699999999995,financial_minus_physical_gap_pct_as_of
W-001006,COMPLETION,-0.41551557038074305,0.41551557038074305,23.184647302904565,1482,1929,0,2.4833863636363587,latest_financial_progress_pct_as_of
W-001007,COMPLETION,-0.4289853297296813,0.4289853297296813,44.190871369294605,1077,1929,0,0.8560961538461586,latest_financial_progress_pct_as_of
W-001008,EXECUTION,-0.39913133038542864,0.39913133038542864,5.25,759,801,0,0.6705445681764716,largest_payment_share_as_of
W-001009,COMPLETION,-0.39826502161821076,0.39826502161821076,4.771784232365145,1837,1929,0,1.5870588235294119,released_payment_total_inr_as_of
W-001010,COMPLETION,-0.4353135356542118,0.4353135356542118,52.23029045643153,922,1929,0,1.9112773056285661,schedule_elapsed_ratio_as_of
W-001011,COMPLETION,-0.41303826819281236,0.41303826819281236,20.643153526970956,1531,1929,0,1.6084230769230776,latest_financial_progress_pct_as_of
W-001012,COMPLETION,-0.4152694111077892,0.4152694111077892,23.08091286307054,1484,1929,0,1.8156176523966934,schedule_elapsed_ratio_as_of
W-001013,EXECUTION,-0.4406320881646504,0.4406320881646504,51.625,388,801,1,6.557638888888889,days_since_last_payment_as_of
W-001014,COMPLETION,-0.39674541951916487,0.39674541951916487,3.8900414937759336,1854,1929,0,0.7931040028591851,sanctioned_amount_inr
W-001015,COMPLETION,-0.4236612931101926,0.4236612931101926,36.2551867219917,1230,1929,0,1.369546312271911,schedule_elapsed_ratio_as_of
W-001016,COMPLETION,-0.6056331339093783,0.6056331339093783,99.11825726141079,18,1929,4,17.975694444444443,financial_overrun_pct_as_of
W-001017,COMPLETION,-0.41140167165748637,0.41140167165748637,18.41286307053942,1574,1929,1,9.197874890875012,financial_overrun_pct_as_of
W-001018,COMPLETION,-0.45123377947555343,0.45123377947555343,68.46473029045643,609,1929,0,1.6128871488934096,expenditure_to_sanction_pct_as_of
W-001019,EXECUTION,-0.451801257313642,0.451801257313642,63.125,296,801,0,2.0335965052508844,largest_payment_share_as_of
W-001020,PRE_SANCTION,-0.583256589311549,0.583256589311549,94.79553903345725,15,270,0,0.9443,technical_estimate_amount_inr
W-001021,EXECUTION,-0.3988371500573218,0.3988371500573218,4.875,762,801,0,1.5037468389279778,sanction_to_estimate_ratio
W-001022,COMPLETION,-0.409701028006642,0.409701028006642,16.286307053941908,1615,1929,0,0.7218773926831433,largest_payment_share_as_of
W-001023,EXECUTION,-0.4092524927746354,0.4092524927746354,17.375,662,801,0,2.0235,days_since_last_payment_as_of
W-001024,EXECUTION,-0.4050822412309657,0.4050822412309657,11.5,709,801,0,1.5417142857142854,expected_minus_physical_gap_pct_as_of
W-001025,COMPLETION,-0.4525590038447959,0.4525590038447959,69.65767634854772,586,1929,1,4.658774420926651,largest_payment_share_as_of
W-001026,COMPLETION,-0.44581057441423194,0.44581057441423194,63.64107883817427,702,1929,1,3.5181928964647398,largest_payment_share_as_of
W-001027,COMPLETION,-0.5509268125043231,0.5509268125043231,96.88796680497926,61,1929,1,5.379606873408836,largest_payment_share_as_of
W-001028,COMPLETION,-0.42284004101818023,0.42284004101818023,34.95850622406639,1255,1929,0,1.0573928571428572,days_since_last_payment_as_of
W-001029,EXECUTION,-0.4120380290683915,0.4120380290683915,21.0,633,801,0,2.4029062500000014,financial_minus_physical_gap_pct_as_of
W-001030,COMPLETION,-0.41744136277056304,0.41744136277056304,26.244813278008298,1423,1929,0,2.1339921710986425,largest_payment_share_as_of
W-001031,EXECUTION,-0.4317383311036263,0.4317383311036263,44.5,445,801,3,8.290373417721518,days_since_last_payment_as_of
W-001032,EXECUTION,-0.5703841480382017,0.5703841480382017,97.625,20,801,3,18.55378358208955,days_since_last_payment_as_of
W-001033,COMPLETION,-0.4169777871034345,0.4169777871034345,25.414937759336098,1439,1929,0,3.116853509160696,financial_overrun_pct_as_of
W-001034,COMPLETION,-0.4289849075719592,0.4289849075719592,44.13900414937759,1078,1929,0,1.5310079365079365,days_since_last_payment_as_of
W-001035,COMPLETION,-0.44537252327886856,0.44537252327886856,63.07053941908714,713,1929,0,1.2028979903767503,sanction_to_recommended_ratio
W-001036,COMPLETION,-0.43654808601569434,0.43654808601569434,53.3195020746888,901,1929,0,1.7864427184466019,released_payment_total_inr_as_of
W-001037,EXECUTION,-0.4180268264473743,0.4180268264473743,28.0,577,801,0,3.3022395833333333,days_since_last_payment_as_of
W-001038,COMPLETION,-0.5676831355164147,0.5676831355164147,97.76970954356847,44,1929,2,17.96162206566885,sanction_to_estimate_ratio
W-001039,COMPLETION,-0.4501600568403737,0.4501600568403737,67.73858921161826,623,1929,0,2.2859108146067415,released_payment_total_inr_as_of
W-001040,EXECUTION,-0.512351259163451,0.512351259163451,92.25,63,801,0,1.7800401755689503,expenditure_to_sanction_pct_as_of
W-001041,COMPLETION,-0.4233240836645096,0.4233240836645096,35.892116182572614,1237,1929,0,1.4014362597712409,sanction_to_estimate_ratio
W-001042,COMPLETION,-0.4287946881767591,0.4287946881767591,43.82780082987552,1084,1929,0,1.7560636517891026,sanction_to_recommended_ratio
W-001043,COMPLETION,-0.42872834095557,0.42872834095557,43.67219917012448,1087,1929,0,1.3058928441823003,sanction_to_estimate_ratio
W-001044,COMPLETION,-0.39370208858057704,0.39370208858057704,2.645228215767635,1878,1929,0,1.098369776159227,financial_overrun_pct_as_of
W-001045,EXECUTION,-0.40187389106856003,0.40187389106856003,7.625,740,801,0,1.2990370370370368,financial_minus_physical_gap_pct_as_of
W-001046,EXECUTION,-0.46527523494533346,0.46527523494533346,71.875,226,801,2,17.806799999999996,max_physical_progress_drop_pct_as_of
W-001047,COMPLETION,-0.4099224314510926,0.4099224314510926,16.597510373443985,1609,1929,0,1.3820228194070114,sanction_to_recommended_ratio
W-001048,COMPLETION,-0.40322527673325687,0.40322527673325687,8.661825726141078,1762,1929,0,1.7083776612809378,sanction_to_estimate_ratio
W-001049,COMPLETION,-0.4156727876096395,0.4156727876096395,23.443983402489625,1477,1929,0,1.208328328524844,physical_progress_velocity_pct_per_30d
W-001050,COMPLETION,-0.40051374267775824,0.40051374267775824,6.535269709543568,1803,1929,0,0.5866863075196409,technical_estimate_amount_inr
W-001051,COMPLETION,-0.45107528489496146,0.45107528489496146,68.41286307053942,610,1929,1,3.6976541358775417,physical_progress_velocity_pct_per_30d
W-001052,EXECUTION,-0.3969127350074026,0.3969127350074026,3.375,774,801,1,3.759213333333334,expected_minus_physical_gap_pct_as_of
W-001053,EXECUTION,-0.3974095296482833,0.3974095296482833,3.75,771,801,0,2.49565,expected_minus_physical_gap_pct_as_of
W-001054,COMPLETION,-0.4397565823595425,0.4397565823595425,57.67634854771784,817,1929,0,2.5273436649268195,financial_overrun_pct_as_of
W-001055,COMPLETION,-0.4196488085712366,0.4196488085712366,29.979253112033195,1351,1929,0,1.7426132409197481,financial_overrun_pct_as_of
W-001056,PRE_SANCTION,-0.45300064147493807,0.45300064147493807,22.304832713754646,210,270,0,1.0812549283154123,technical_estimate_amount_inr
W-001057,COMPLETION,-0.40590932030690324,0.40590932030690324,11.255186721991702,1712,1929,0,1.4264653477479559,financial_overrun_pct_as_of
W-001058,EXECUTION,-0.38994659479341587,0.38994659479341587,0.625,796,801,0,1.487086614173228,latest_physical_progress_pct_as_of
W-001059,EXECUTION,-0.42092412358314824,0.42092412358314824,31.25,551,801,0,1.3881921519570672,largest_payment_share_as_of
W-001060,COMPLETION,-0.4341787521796987,0.4341787521796987,50.933609958506224,947,1929,0,1.4520032297134065,sanction_to_recommended_ratio
W-001061,EXECUTION,-0.3999963030453638,0.3999963030453638,6.25,751,801,0,2.7340419847328223,latest_physical_progress_pct_as_of
W-001062,PRE_SANCTION,-0.4619340817403033,0.4619340817403033,34.20074349442379,178,270,0,0.24272664359861593,technical_estimate_amount_inr
W-001063,COMPLETION,-0.4148869038186487,0.4148869038186487,22.717842323651453,1491,1929,0,1.4352732558139534,days_since_last_payment_as_of
W-001064,COMPLETION,-0.4200252435950547,0.4200252435950547,30.497925311203318,1341,1929,0,1.7451671686746988,released_payment_total_inr_as_of
W-001065,EXECUTION,-0.4053059171251955,0.4053059171251955,11.75,707,801,0,1.3451676136363626,expected_minus_physical_gap_pct_as_of
W-001066,PRE_SANCTION,-0.46378551448412264,0.46378551448412264,36.80297397769517,171,270,0,1.2674894259818732,recommended_amount_inr
W-001067,EXECUTION,-0.44849397728393064,0.44849397728393064,59.375,326,801,0,2.482552396537514,physical_progress_velocity_pct_per_30d
W-001068,COMPLETION,-0.42913339077362145,0.42913339077362145,44.398340248962654,1073,1929,0,2.3019633027522937,sanctioned_amount_inr
W-001069,COMPLETION,-0.4286378616881607,0.4286378616881607,43.46473029045643,1091,1929,0,2.702778000435688,physical_progress_velocity_pct_per_30d
W-001070,COMPLETION,-0.4230781106204307,0.4230781106204307,35.37344398340249,1247,1929,0,1.8739302086685414,sanction_to_recommended_ratio
W-001071,EXECUTION,-0.4049304856009184,0.4049304856009184,11.125,712,801,0,1.8108482233627443,estimate_to_recommended_ratio
W-001072,COMPLETION,-0.5412695767726192,0.5412695767726192,96.2655601659751,73,1929,0,2.3233294306032355,physical_progress_velocity_pct_per_30d
W-001073,COMPLETION,-0.47442527622580105,0.47442527622580105,83.66182572614107,316,1929,0,1.7537001835959911,schedule_elapsed_ratio_as_of
W-001074,COMPLETION,-0.3969063320879782,0.3969063320879782,3.9937759336099585,1852,1929,0,1.4088180428134556,sanctioned_amount_inr
W-001075,PRE_SANCTION,-0.4856095119409287,0.4856095119409287,57.62081784386617,115,270,0,1.8708403967538323,recommended_amount_inr
W-001076,COMPLETION,-0.4243255931279198,0.4243255931279198,37.448132780082986,1207,1929,0,1.7715169811320755,released_payment_total_inr_as_of
W-001077,COMPLETION,-0.4128496170781869,0.4128496170781869,20.280082987551868,1538,1929,0,1.1923538406476026,estimate_to_recommended_ratio
W-001078,COMPLETION,-0.42084689634686195,0.42084689634686195,31.846473029045644,1315,1929,0,1.6166013123534655,physical_progress_velocity_pct_per_30d
W-001079,COMPLETION,-0.423361878588817,0.423361878588817,35.94398340248963,1236,1929,0,2.180949810148489,schedule_elapsed_ratio_as_of
W-001080,COMPLETION,-0.52259859891665,0.52259859891665,94.50207468879668,107,1929,0,2.376598361619199,largest_payment_share_as_of
W-001081,EXECUTION,-0.47288670531607857,0.47288670531607857,76.5,189,801,0,1.9868604938271601,latest_financial_progress_pct_as_of
W-001082,COMPLETION,-0.45987592863018095,0.45987592863018095,74.79253112033194,487,1929,0,2.953224495975371,largest_payment_share_as_of
W-001083,COMPLETION,-0.4315008908825994,0.4315008908825994,47.614107883817425,1011,1929,0,1.3068501186243584,physical_progress_velocity_pct_per_30d
W-001084,EXECUTION,-0.4420686919220183,0.4420686919220183,53.875,370,801,0,2.71062623355959,schedule_elapsed_ratio_as_of
W-001085,EXECUTION,-0.43139814401432164,0.43139814401432164,44.125,448,801,0,1.7530604736429638,schedule_elapsed_ratio_as_of
W-001086,COMPLETION,-0.42051070752293146,0.42051070752293146,31.327800829875518,1325,1929,0,1.437043332775935,largest_payment_share_as_of
W-001087,COMPLETION,-0.4607200765849982,0.4607200765849982,75.46680497925311,474,1929,0,2.5652984401593018,physical_progress_velocity_pct_per_30d
W-001088,PRE_SANCTION,-0.5366722286287688,0.5366722286287688,86.98884758364312,36,270,0,0.6827033783783784,technical_estimate_amount_inr
W-001089,COMPLETION,-0.42884866851459075,0.42884866851459075,43.87966804979253,1083,1929,0,3.252454157303371,financial_overrun_pct_as_of
W-001090,COMPLETION,-0.4201794639942923,0.4201794639942923,30.653526970954356,1338,1929,0,2.571717677136666,largest_payment_share_as_of
W-001091,EXECUTION,-0.49705929807912763,0.49705929807912763,88.375,94,801,3,5.519384146341463,days_since_last_payment_as_of
W-001092,COMPLETION,-0.4230896834272694,0.4230896834272694,35.52904564315353,1244,1929,0,3.4806219017659767,expenditure_to_sanction_pct_as_of
W-001093,EXECUTION,-0.4267285554079247,0.4267285554079247,38.25,495,801,1,5.117160495015605,largest_payment_share_as_of
W-001094,COMPLETION,-0.4856316310078063,0.4856316310078063,87.55186721991701,241,1929,1,7.625227855812933,financial_overrun_pct_as_of
W-001095,COMPLETION,-0.4293349178699174,0.4293349178699174,44.968879668049794,1062,1929,0,2.1318023657366743,largest_payment_share_as_of
W-001096,COMPLETION,-0.48517412432231233,0.48517412432231233,87.44813278008299,243,1929,0,1.7138021402962247,schedule_elapsed_ratio_as_of
W-001097,COMPLETION,-0.4270066553652378,0.4270066553652378,40.975103734439834,1139,1929,0,1.4537546923107822,expenditure_to_sanction_pct_as_of
W-001098,COMPLETION,-0.41504778559692035,0.41504778559692035,22.87344398340249,1488,1929,0,0.8953909664768416,largest_payment_share_as_of
W-001099,PRE_SANCTION,-0.504552362167948,0.504552362167948,72.4907063197026,75,270,0,2.2235996393146977,recommended_amount_inr
W-001100,COMPLETION,-0.4582197767383101,0.4582197767383101,73.65145228215768,509,1929,1,7.3965345254447765,largest_payment_share_as_of
W-001101,PRE_SANCTION,-0.5616414759836207,0.5616414759836207,92.56505576208178,21,270,0,0.878405509307484,estimate_to_recommended_ratio
W-001102,COMPLETION,-0.4438904645117923,0.4438904645117923,62.0850622406639,732,1929,0,3.2231932607186247,financial_overrun_pct_as_of
W-001103,EXECUTION,-0.413170548669749,0.413170548669749,22.0,625,801,0,1.8326342925659473,released_payment_total_inr_as_of
W-001104,COMPLETION,-0.42372589693539325,0.42372589693539325,36.46265560165975,1226,1929,0,1.2269423983601897,schedule_elapsed_ratio_as_of
W-001105,COMPLETION,-0.4603081098810653,0.4603081098810653,75.15560165975104,480,1929,0,2.953224495975371,largest_payment_share_as_of
W-001106,COMPLETION,-0.44419628119177906,0.44419628119177906,62.18879668049792,730,1929,1,4.426870706416077,largest_payment_share_as_of
W-001107,EXECUTION,-0.45860896358628506,0.45860896358628506,68.75,251,801,1,4.047,physical_progress_decrease_count_as_of
W-001108,COMPLETION,-0.4186824149120369,0.4186824149120369,27.956431535269708,1390,1929,0,1.244179054054054,days_since_last_payment_as_of
W-001109,COMPLETION,-0.4171369255657994,0.4171369255657994,25.726141078838175,1433,1929,0,2.4480111868371037,expenditure_to_sanction_pct_as_of
W-001110,COMPLETION,-0.40805854795665036,0.40805854795665036,14.263485477178424,1654,1929,0,1.7983298625492121,physical_progress_velocity_pct_per_30d
W-001111,COMPLETION,-0.4455477756669971,0.4455477756669971,63.226141078838175,710,1929,0,3.198669788466983,physical_progress_velocity_pct_per_30d
W-001112,COMPLETION,-0.4461783010458722,0.4461783010458722,63.95228215767635,696,1929,1,4.647903485609347,largest_payment_share_as_of
W-001113,EXECUTION,-0.4097884733442061,0.4097884733442061,17.625,660,801,0,1.4155833342369275,sanction_to_recommended_ratio
W-001114,EXECUTION,-0.43127498009680404,0.43127498009680404,44.0,449,801,0,2.0234189152056112,largest_payment_share_as_of
W-001115,COMPLETION,-0.522975227462032,0.522975227462032,94.5539419087137,106,1929,0,3.2052154213036546,largest_payment_share_as_of
W-001116,COMPLETION,-0.4586543975866455,0.4586543975866455,74.22199170124482,498,1929,0,1.877264768039372,schedule_elapsed_ratio_as_of
W-001117,PRE_SANCTION,-0.4488704321550225,0.4488704321550225,16.728624535315983,225,270,0,0.10700072717569267,estimate_to_recommended_ratio
W-001118,EXECUTION,-0.49583160308013713,0.49583160308013713,88.0,97,801,4,13.5565,days_since_last_payment_as_of
W-001119,COMPLETION,-0.5656325597751651,0.5656325597751651,97.71784232365145,45,1929,1,7.551510873146624,financial_overrun_pct_as_of
W-001120,PRE_SANCTION,-0.4798556550875561,0.4798556550875561,54.27509293680298,124,270,0,1.676479314625971,estimate_to_recommended_ratio
W-001121,COMPLETION,-0.5103486172516528,0.5103486172516528,92.63485477178423,143,1929,0,1.4990755888857796,largest_payment_share_as_of
W-001122,COMPLETION,-0.42576002671431173,0.42576002671431173,39.107883817427386,1175,1929,0,1.7874386868373089,estimate_to_recommended_ratio
W-001123,COMPLETION,-0.41772155721392007,0.41772155721392007,26.86721991701245,1411,1929,0,2.4086659228925216,schedule_elapsed_ratio_as_of
W-001124,COMPLETION,-0.40111897887310694,0.40111897887310694,7.053941908713693,1793,1929,0,1.4539824185278627,sanction_to_recommended_ratio
W-001125,PRE_SANCTION,-0.5464723706039136,0.5464723706039136,88.84758364312268,31,270,0,1.01175,recommended_amount_inr
W-001126,COMPLETION,-0.472647345611598,0.472647345611598,83.14315352697095,326,1929,1,3.9477223380923254,largest_payment_share_as_of
W-001127,COMPLETION,-0.413414544912928,0.413414544912928,21.058091286307054,1523,1929,0,1.4349044117843455,schedule_elapsed_ratio_as_of
W-001128,EXECUTION,-0.4562563092161854,0.4562563092161854,66.875,266,801,2,6.030749735006253,schedule_elapsed_ratio_as_of
W-001129,PRE_SANCTION,-0.44240255893763275,0.44240255893763275,9.293680297397769,245,270,0,0.46407533083136226,estimate_to_recommended_ratio
W-001130,COMPLETION,-0.446517798803746,0.446517798803746,64.41908713692946,687,1929,0,2.410744074467538,physical_progress_velocity_pct_per_30d
W-001131,COMPLETION,-0.43725163592926497,0.43725163592926497,54.149377593360995,885,1929,0,1.5721091597890384,physical_progress_velocity_pct_per_30d
W-001132,COMPLETION,-0.4304459793959656,0.4304459793959656,46.36929460580913,1035,1929,3,5.917338974491705,expenditure_to_sanction_pct_as_of
W-001133,EXECUTION,-0.42868325362350435,0.42868325362350435,40.75,475,801,0,3.433666778900114,physical_progress_velocity_pct_per_30d
W-001134,COMPLETION,-0.42428167877080947,0.42428167877080947,37.29253112033195,1210,1929,0,2.0417297297297274,financial_minus_physical_gap_pct_as_of
W-001135,PRE_SANCTION,-0.5051821115653469,0.5051821115653469,73.23420074349443,73,270,0,1.260356105133356,estimate_to_recommended_ratio
W-001136,COMPLETION,-0.42160914595271176,0.42160914595271176,32.88381742738589,1295,1929,0,1.1245246991459534,sanction_to_estimate_ratio
W-001137,EXECUTION,-0.4245813921287856,0.4245813921287856,35.75,515,801,1,4.565846153846164,max_physical_progress_drop_pct_as_of
W-001138,COMPLETION,-0.5291387611680768,0.5291387611680768,95.33195020746888,91,1929,1,5.520523076923078,financial_overrun_pct_as_of
W-001139,COMPLETION,-0.4414159860926274,0.4414159860926274,59.33609958506224,785,1929,0,1.8440321507760533,recommended_amount_inr
W-001140,COMPLETION,-0.4192281791282095,0.4192281791282095,29.304979253112034,1364,1929,0,1.9191643666323375,financial_overrun_pct_as_of
W-001141,COMPLETION,-0.4437547310717796,0.4437547310717796,62.03319502074689,733,1929,1,9.544601341881412,financial_overrun_pct_as_of
W-001142,COMPLETION,-0.4710488581102052,0.4710488581102052,82.52074688796681,338,1929,0,2.1029534023482435,expenditure_to_sanction_pct_as_of
W-001143,PRE_SANCTION,-0.4681090643827976,0.4681090643827976,43.86617100371747,152,270,0,0.48963703703703704,recommended_amount_inr
W-001144,COMPLETION,-0.46587418320660895,0.46587418320660895,79.30497925311204,400,1929,1,15.806844070101638,physical_progress_velocity_pct_per_30d
W-001145,COMPLETION,-0.46974637407629544,0.46974637407629544,81.69087136929461,354,1929,0,1.843143854627458,sanction_to_recommended_ratio
W-001146,COMPLETION,-0.44654445751878985,0.44654445751878985,64.5746887966805,684,1929,0,0.8970778589022153,largest_payment_share_as_of
W-001147,EXECUTION,-0.47749030836207457,0.47749030836207457,78.625,172,801,1,4.047,physical_progress_decrease_count_as_of
W-001148,COMPLETION,-0.4428514904295495,0.4428514904295495,60.892116182572614,755,1929,1,7.3965345254447765,largest_payment_share_as_of
W-001149,EXECUTION,-0.4715911601416179,0.4715911601416179,75.625,196,801,1,4.047,physical_progress_decrease_count_as_of
W-001150,COMPLETION,-0.46550075407681385,0.46550075407681385,79.20124481327801,402,1929,1,3.562549059479035,physical_progress_velocity_pct_per_30d
W-001151,EXECUTION,-0.4132205746089207,0.4132205746089207,22.125,624,801,0,2.595896734162894,sanction_to_recommended_ratio
W-001152,COMPLETION,-0.4189801573950766,0.4189801573950766,28.57883817427386,1378,1929,0,1.3334722352084967,sanction_to_estimate_ratio
W-001153,COMPLETION,-0.46893738946822267,0.46893738946822267,81.06846473029046,366,1929,0,2.191668139594891,schedule_elapsed_ratio_as_of
W-001154,COMPLETION,-0.4691696226722357,0.4691696226722357,81.12033195020747,365,1929,0,2.4275796404682275,financial_overrun_pct_as_of
W-001155,COMPLETION,-0.4568143846986191,0.4568143846986191,72.5103734439834,531,1929,0,3.1914902862613173,largest_payment_share_as_of
W-001156,COMPLETION,-0.4468726775374839,0.4468726775374839,64.9896265560166,676,1929,1,4.625576289179172,financial_overrun_pct_as_of
W-001157,COMPLETION,-0.4922098154595731,0.4922098154595731,89.10788381742739,211,1929,0,2.122236553461112,physical_progress_velocity_pct_per_30d
W-001158,EXECUTION,-0.4260544444152263,0.4260544444152263,37.25,503,801,1,8.037417677756032,largest_payment_share_as_of
W-001159,EXECUTION,-0.41565284263985713,0.41565284263985713,24.75,603,801,2,10.792000000000014,max_physical_progress_drop_pct_as_of
W-001160,EXECUTION,-0.42617860677437286,0.42617860677437286,37.375,502,801,0,0.8924897045658012,sanctioned_amount_inr
W-001161,EXECUTION,-0.4974092983040062,0.4974092983040062,88.5,93,801,0,1.7046982175783651,sanctioned_amount_inr
W-001162,COMPLETION,-0.4345906383718675,0.4345906383718675,51.40041493775934,938,1929,0,1.1230909090909091,days_since_last_payment_as_of
W-001163,COMPLETION,-0.4405901259683366,0.4405901259683366,58.66182572614108,798,1929,0,1.077783698298112,schedule_elapsed_ratio_as_of
W-001164,EXECUTION,-0.5018077860178127,0.5018077860178127,89.625,84,801,3,37.386571428571465,max_physical_progress_drop_pct_as_of
W-001165,COMPLETION,-0.41969687251464594,0.41969687251464594,30.134854771784234,1348,1929,0,1.5612091190682968,sanction_to_recommended_ratio
W-001166,COMPLETION,-0.4006924353897414,0.4006924353897414,6.639004149377594,1801,1929,0,0.9286509531333718,estimate_to_recommended_ratio
W-001167,EXECUTION,-0.45557055494167403,0.45557055494167403,66.25,271,801,2,6.166857142857138,max_physical_progress_drop_pct_as_of
W-001168,COMPLETION,-0.4741876990692137,0.4741876990692137,83.60995850622406,317,1929,0,3.226647816813179,largest_payment_share_as_of
W-001169,COMPLETION,-0.4957760096446832,0.4957760096446832,89.9896265560166,194,1929,0,1.1210460232624608,estimate_to_recommended_ratio
W-001170,PRE_SANCTION,-0.43834960768162345,0.43834960768162345,4.4609665427509295,258,270,0,1.222493237150586,recommended_amount_inr
W-001171,COMPLETION,-0.4293231401470986,0.4293231401470986,44.91701244813278,1063,1929,0,1.4024620054280945,sanction_to_estimate_ratio
W-001172,EXECUTION,-0.4365349398400056,0.4365349398400056,47.625,420,801,0,2.7955309270730133,sanction_to_recommended_ratio
W-001173,EXECUTION,-0.42765491232030617,0.42765491232030617,39.5,485,801,0,2.73595575863896,largest_payment_share_as_of
W-001174,COMPLETION,-0.4418872244759306,0.4418872244759306,59.95850622406639,773,1929,0,1.8560942510392435,physical_progress_velocity_pct_per_30d
W-001175,EXECUTION,-0.5891135703849151,0.5891135703849151,98.625,12,801,3,19.821102272727295,financial_minus_physical_gap_pct_as_of
W-001176,EXECUTION,-0.5112756236596461,0.5112756236596461,91.875,66,801,0,3.121706211285854,largest_payment_share_as_of
W-001177,EXECUTION,-0.467344330898678,0.467344330898678,72.875,218,801,2,3.8673349775784756,expenditure_to_sanction_pct_as_of
W-001178,COMPLETION,-0.3894551622191999,0.3894551622191999,0.8817427385892116,1912,1929,0,0.7939368738599027,largest_payment_share_as_of
W-001179,EXECUTION,-0.4043336820189933,0.4043336820189933,10.375,718,801,0,1.1914525547445263,expected_minus_physical_gap_pct_as_of
W-001180,EXECUTION,-0.4203176011404275,0.4203176011404275,30.25,559,801,0,1.7913693231303744,sanction_to_estimate_ratio
W-001181,COMPLETION,-0.5012524406035781,0.5012524406035781,91.13070539419087,172,1929,1,3.5779046012547004,schedule_elapsed_ratio_as_of
W-001182,COMPLETION,-0.46276727499379045,0.46276727499379045,77.43775933609959,436,1929,0,0.9910174180327869,released_payment_total_inr_as_of
W-001183,EXECUTION,-0.4445622810754009,0.4445622810754009,56.0,353,801,0,3.453440000000001,max_physical_progress_drop_pct_as_of
W-001184,COMPLETION,-0.43730587161873274,0.43730587161873274,54.356846473029044,881,1929,0,2.0536144886363634,schedule_elapsed_ratio_as_of
W-001185,COMPLETION,-0.448623645754802,0.448623645754802,66.59751037344398,645,1929,0,1.843469095073895,physical_progress_velocity_pct_per_30d
W-001186,EXECUTION,-0.4615757321737005,0.4615757321737005,70.75,235,801,3,11.721716216216217,days_since_last_payment_as_of
W-001187,PRE_SANCTION,-0.4321695724532024,0.4321695724532024,0.7434944237918215,268,270,0,0.1314358006042296,recommended_amount_inr
W-001188,COMPLETION,-0.49260449104650883,0.49260449104650883,89.31535269709543,207,1929,0,2.0898615319733964,physical_progress_velocity_pct_per_30d
W-001189,COMPLETION,-0.4846264252543934,0.4846264252543934,87.18879668049793,248,1929,1,4.735165427294493,physical_progress_velocity_pct_per_30d
W-001190,COMPLETION,-0.3979465615389601,0.3979465615389601,4.304979253112033,1846,1929,0,1.166115839938453,expenditure_to_sanction_pct_as_of
W-001191,COMPLETION,-0.44332957809392054,0.44332957809392054,61.35892116182573,746,1929,0,2.7841228138129948,largest_payment_share_as_of
W-001192,COMPLETION,-0.40587440214540976,0.40587440214540976,11.203319502074688,1713,1929,0,1.2830664711632453,recommended_amount_inr
W-001193,COMPLETION,-0.46459415592893977,0.46459415592893977,78.68257261410788,412,1929,0,1.5157282932370082,schedule_elapsed_ratio_as_of
W-001194,EXECUTION,-0.557469679431025,0.557469679431025,97.125,24,801,1,5.975378205128205,days_since_last_payment_as_of
W-001195,COMPLETION,-0.42285833803903605,0.42285833803903605,35.010373443983404,1254,1929,0,2.8760096068470005,sanction_to_recommended_ratio
W-001196,EXECUTION,-0.4452556183634441,0.4452556183634441,56.25,351,801,0,3.1902027027027025,days_since_last_payment_as_of
W-001197,COMPLETION,-0.46078639138231464,0.46078639138231464,75.57053941908714,472,1929,0,0.9456550345622852,sanction_to_estimate_ratio
W-001198,COMPLETION,-0.45000635551030577,0.45000635551030577,67.68672199170125,624,1929,0,1.9752807137141077,sanction_to_recommended_ratio
W-001199,COMPLETION,-0.41900528542587034,0.41900528542587034,28.734439834024897,1375,1929,0,1.452652184721147,physical_progress_velocity_pct_per_30d
W-001200,COMPLETION,-0.4218646439747492,0.4218646439747492,33.24688796680498,1288,1929,0,0.746076804597482,estimate_to_recommended_ratio
W-001201,COMPLETION,-0.4696133599958512,0.4696133599958512,81.48340248962656,358,1929,0,3.0737231125950832,largest_payment_share_as_of
W-001202,EXECUTION,-0.4887886274965331,0.4887886274965331,84.625,124,801,0,2.332870502210438,largest_payment_share_as_of
W-001203,COMPLETION,-0.43256465258507165,0.43256465258507165,48.65145228215768,991,1929,0,1.555353903727275,sanction_to_estimate_ratio
W-001204,COMPLETION,-0.41655185469775324,0.41655185469775324,24.79253112033195,1451,1929,0,1.5765234176476601,physical_progress_velocity_pct_per_30d
W-001205,COMPLETION,-0.4164636561825163,0.4164636561825163,24.533195020746888,1456,1929,0,0.9630358867679597,sanction_to_recommended_ratio
W-001206,COMPLETION,-0.468477360523135,0.468477360523135,80.80912863070539,371,1929,1,5.386067886739654,physical_progress_velocity_pct_per_30d
W-001207,EXECUTION,-0.4047831801922895,0.4047831801922895,11.0,713,801,0,0.8887529411764702,expected_minus_physical_gap_pct_as_of
W-001208,COMPLETION,-0.44484722954461486,0.44484722954461486,62.75933609958506,719,1929,0,2.0065280032467525,financial_overrun_pct_as_of
W-001209,EXECUTION,-0.5365344986923964,0.5365344986923964,95.625,36,801,1,6.131032051282052,days_since_last_payment_as_of
W-001210,COMPLETION,-0.5867883835524828,0.5867883835524828,98.54771784232365,29,1929,4,38.51697020579876,financial_overrun_pct_as_of
W-001211,EXECUTION,-0.5027991667540385,0.5027991667540385,89.875,82,801,2,21.464970588235293,days_since_last_payment_as_of
W-001212,EXECUTION,-0.4843476473033594,0.4843476473033594,82.25,143,801,2,17.64773880597015,days_since_last_payment_as_of
W-001213,EXECUTION,-0.4717294095897511,0.4717294095897511,75.75,195,801,0,2.764881983563613,expenditure_to_sanction_pct_as_of
W-001214,EXECUTION,-0.4845916623862352,0.4845916623862352,82.375,142,801,2,13.2202,max_physical_progress_drop_pct_as_of
W-001215,COMPLETION,-0.4621793108667154,0.4621793108667154,76.86721991701245,447,1929,1,4.4281949150792075,largest_payment_share_as_of
W-001216,EXECUTION,-0.45247667840843603,0.45247667840843603,64.125,288,801,1,8.0096875,days_since_last_payment_as_of
W-001217,COMPLETION,-0.41567864403128124,0.41567864403128124,23.49585062240664,1476,1929,0,2.3688689636149287,financial_overrun_pct_as_of
W-001218,EXECUTION,-0.4231479238617192,0.4231479238617192,33.75,531,801,0,2.180900451525192,expenditure_to_sanction_pct_as_of
W-001219,COMPLETION,-0.40510766964812545,0.40510766964812545,10.321576763485478,1730,1929,0,1.8651431775056062,financial_overrun_pct_as_of
W-001220,PRE_SANCTION,-0.4665558488047237,0.4665558488047237,42.37918215613383,156,270,0,1.4616919782661413,estimate_to_recommended_ratio
W-001221,COMPLETION,-0.44675751517311507,0.44675751517311507,64.93775933609959,677,1929,0,1.5247030321880666,sanction_to_estimate_ratio
W-001222,COMPLETION,-0.5102994610966096,0.5102994610966096,92.58298755186722,144,1929,0,2.6054215686274467,financial_minus_physical_gap_pct_as_of
W-001223,COMPLETION,-0.43977505654788696,0.43977505654788696,57.72821576763486,816,1929,0,2.950129839321719,physical_progress_velocity_pct_per_30d
W-001224,COMPLETION,-0.4430688543151666,0.4430688543151666,61.20331950207469,749,1929,0,3.1914902862613173,largest_payment_share_as_of
W-001225,COMPLETION,-0.46306595793059924,0.46306595793059924,77.64522821576763,432,1929,2,4.635588075880759,financial_overrun_pct_as_of
W-001226,COMPLETION,-0.4382900026901709,0.4382900026901709,55.601659751037346,857,1929,0,1.9043019133797112,physical_progress_velocity_pct_per_30d
W-001227,COMPLETION,-0.4707965435526964,0.4707965435526964,82.26141078838174,343,1929,1,3.830775812028574,physical_progress_velocity_pct_per_30d
W-001228,COMPLETION,-0.4307816731229018,0.4307816731229018,46.628630705394194,1030,1929,0,1.9564729141628707,physical_progress_velocity_pct_per_30d
W-001229,EXECUTION,-0.4544256302483241,0.4544256302483241,65.625,276,801,0,2.4031690813344113,largest_payment_share_as_of
W-001230,EXECUTION,-0.5138062408143589,0.5138062408143589,92.625,60,801,2,4.314369369369369,days_since_last_payment_as_of
W-001231,EXECUTION,-0.45630111498502346,0.45630111498502346,67.125,264,801,1,4.047,days_since_last_payment_as_of
W-001232,EXECUTION,-0.4395380261801297,0.4395380261801297,50.75,395,801,0,1.852984517939841,expenditure_to_sanction_pct_as_of
W-001233,COMPLETION,-0.45374082722696224,0.45374082722696224,70.17634854771784,576,1929,0,1.8416209909285668,largest_payment_share_as_of
W-001234,COMPLETION,-0.4584433898268526,0.4584433898268526,74.06639004149378,501,1929,0,2.966187537978713,physical_progress_velocity_pct_per_30d
W-001235,COMPLETION,-0.47618190663487014,0.47618190663487014,84.43983402489627,301,1929,1,9.914916608996542,financial_overrun_pct_as_of
W-001236,COMPLETION,-0.5041327280654573,0.5041327280654573,91.80497925311204,159,1929,1,6.4971522062469065,largest_payment_share_as_of
W-001237,COMPLETION,-0.4363058183188505,0.4363058183188505,53.11203319502075,905,1929,0,1.9681640798226163,recommended_amount_inr
W-001238,COMPLETION,-0.39107648501505116,0.39107648501505116,1.400414937759336,1902,1929,1,6.258085105833985,financial_overrun_pct_as_of
W-001239,COMPLETION,-0.4137656494787046,0.4137656494787046,21.680497925311204,1511,1929,0,1.766346875,financial_overrun_pct_as_of
W-001240,COMPLETION,-0.4145269060788643,0.4145269060788643,22.354771784232366,1498,1929,1,4.2611674628125495,physical_progress_velocity_pct_per_30d
W-001241,COMPLETION,-0.4118831567776043,0.4118831567776043,19.24273858921162,1558,1929,0,1.8323135773232542,expenditure_to_sanction_pct_as_of
W-001242,COMPLETION,-0.44462747559910265,0.44462747559910265,62.551867219917014,723,1929,0,2.309155298651252,financial_overrun_pct_as_of
W-001243,COMPLETION,-0.4701851072497969,0.4701851072497969,82.0539419087137,347,1929,0,1.8416209909285668,largest_payment_share_as_of
W-001244,COMPLETION,-0.4309692844895284,0.4309692844895284,46.78423236514523,1027,1929,0,1.5787104121475053,days_since_last_payment_as_of
W-001245,COMPLETION,-0.4257617029172683,0.4257617029172683,39.1597510373444,1174,1929,0,0.7238536585365873,latest_financial_progress_pct_as_of
W-001246,COMPLETION,-0.4211655013930687,0.4211655013930687,32.365145228215766,1305,1929,0,1.340404122750007,financial_overrun_pct_as_of
W-001247,COMPLETION,-0.42716941185996543,0.42716941185996543,41.18257261410788,1135,1929,0,1.4045470588235294,recommended_amount_inr
W-001248,COMPLETION,-0.46496757794911237,0.46496757794911237,78.78630705394191,410,1929,0,1.9843927282150047,physical_progress_velocity_pct_per_30d
W-001249,EXECUTION,-0.3906223984655972,0.3906223984655972,1.0,793,801,0,1.846845238095237,financial_minus_physical_gap_pct_as_of
W-001250,COMPLETION,-0.41772105238803486,0.41772105238803486,26.815352697095435,1412,1929,0,1.4278896182815146,estimate_to_recommended_ratio
W-001251,PRE_SANCTION,-0.44747881435690023,0.44747881435690023,14.49814126394052,231,270,0,0.0,recommended_amount_inr
W-001252,EXECUTION,-0.44638480479936965,0.44638480479936965,57.0,345,801,0,2.720108358237733,largest_payment_share_as_of
W-001253,COMPLETION,-0.4611939164304102,0.4611939164304102,75.93360995850622,465,1929,1,3.8262031355734587,physical_progress_velocity_pct_per_30d
W-001254,COMPLETION,-0.4080302935275512,0.4080302935275512,14.21161825726141,1655,1929,0,1.3798146755105198,sanction_to_estimate_ratio
W-001255,PRE_SANCTION,-0.4404478599148514,0.4404478599148514,7.806691449814126,249,270,0,0.3664419170634309,estimate_to_recommended_ratio
W-001256,COMPLETION,-0.4237861487985077,0.4237861487985077,36.61825726141079,1223,1929,0,1.4307018919486478,physical_progress_velocity_pct_per_30d
W-001257,COMPLETION,-0.48939927817608253,0.48939927817608253,88.53734439834025,222,1929,1,3.933379428727622,physical_progress_velocity_pct_per_30d
W-001258,COMPLETION,-0.42835265996863653,0.42835265996863653,42.99792531120332,1100,1929,0,1.77899375,financial_overrun_pct_as_of
W-001259,EXECUTION,-0.4315995366353381,0.4315995366353381,44.375,446,801,0,2.982000000000001,max_physical_progress_drop_pct_as_of
W-001260,EXECUTION,-0.42994325357998875,0.42994325357998875,42.625,460,801,1,3.6105588235294115,days_since_last_payment_as_of
W-001261,EXECUTION,-0.5253770949731641,0.5253770949731641,94.5,45,801,2,11.759143787575153,physical_progress_velocity_pct_per_30d
W-001262,EXECUTION,-0.40508209069995105,0.40508209069995105,11.375,710,801,0,1.1021469072164944,latest_financial_progress_pct_as_of
W-001263,COMPLETION,-0.43987701943620744,0.43987701943620744,57.780082987551864,815,1929,3,4.7572437184524645,expenditure_to_sanction_pct_as_of
W-001264,PRE_SANCTION,-0.4700371582102979,0.4700371582102979,46.09665427509294,146,270,0,0.5253317307692308,technical_estimate_amount_inr
W-001265,EXECUTION,-0.5125153960655515,0.5125153960655515,92.375,62,801,3,7.175930555555556,days_since_last_payment_as_of
W-001266,EXECUTION,-0.4530239621026121,0.4530239621026121,64.5,285,801,1,6.475199999999998,max_physical_progress_drop_pct_as_of
W-001267,COMPLETION,-0.46147363691067683,0.46147363691067683,76.08921161825727,462,1929,0,2.98076133233789,physical_progress_velocity_pct_per_30d
W-001268,COMPLETION,-0.4392193970421285,0.4392193970421285,56.95020746887967,831,1929,3,3.7616346153846236,latest_financial_progress_pct_as_of
W-001269,COMPLETION,-0.4716782149657574,0.4716782149657574,82.72821576763485,334,1929,0,1.3475840394599843,schedule_elapsed_ratio_as_of
W-001270,EXECUTION,-0.4118272178297748,0.4118272178297748,20.25,639,801,0,2.4569916067146282,released_payment_total_inr_as_of
W-001271,COMPLETION,-0.43275550167992827,0.43275550167992827,49.01452282157676,984,1929,1,4.221927322895912,largest_payment_share_as_of
W-001272,COMPLETION,-0.4496832685601302,0.4496832685601302,67.42738589211618,629,1929,0,1.2096416564052612,sanction_to_estimate_ratio
W-001273,COMPLETION,-0.4419884377990681,0.4419884377990681,60.010373443983404,772,1929,0,1.6458087933088537,sanction_to_recommended_ratio
W-001274,COMPLETION,-0.5150042646786444,0.5150042646786444,93.41286307053942,128,1929,2,11.263608708008263,sanction_to_estimate_ratio
W-001275,EXECUTION,-0.4388744584273954,0.4388744584273954,50.125,400,801,1,9.40285119047619,days_since_last_payment_as_of
W-001276,EXECUTION,-0.42850893726426437,0.42850893726426437,40.25,479,801,0,3.0641654565763066,physical_progress_velocity_pct_per_30d
W-001277,COMPLETION,-0.4977834737551872,0.4977834737551872,90.50829875518673,184,1929,2,15.080001082836743,sanction_to_estimate_ratio
W-001278,COMPLETION,-0.46403128512935327,0.46403128512935327,78.3195020746888,419,1929,0,1.8525137842626143,physical_progress_velocity_pct_per_30d
W-001279,COMPLETION,-0.40069490337770797,0.40069490337770797,6.690871369294606,1800,1929,0,1.0984004600618986,financial_overrun_pct_as_of
W-001280,COMPLETION,-0.4392500968276002,0.4392500968276002,57.00207468879668,830,1929,0,2.953224495975371,largest_payment_share_as_of
W-001281,COMPLETION,-0.4581925162568172,0.4581925162568172,73.54771784232365,511,1929,0,1.2954476781086244,largest_payment_share_as_of
W-001282,COMPLETION,-0.42242132856574627,0.42242132856574627,34.1804979253112,1270,1929,0,1.618152747845008,sanction_to_estimate_ratio
W-001283,EXECUTION,-0.48077055826010184,0.48077055826010184,80.0,161,801,2,17.072666263587326,sanction_to_estimate_ratio
W-001284,COMPLETION,-0.4292928379238864,0.4292928379238864,44.70954356846473,1067,1929,0,3.208266951810304,largest_payment_share_as_of
W-001285,COMPLETION,-0.4329267691718887,0.4329267691718887,49.37759336099585,977,1929,0,2.1057487843498377,expenditure_to_sanction_pct_as_of
W-001286,COMPLETION,-0.4349842731995676,0.4349842731995676,52.022821576763484,926,1929,0,1.5853582829893569,sanction_to_recommended_ratio
W-001287,EXECUTION,-0.398795212947178,0.398795212947178,4.625,764,801,0,1.6721979166666667,days_since_last_payment_as_of
W-001288,COMPLETION,-0.41870413676943785,0.41870413676943785,28.008298755186722,1389,1929,0,1.3990651693658571,sanction_to_recommended_ratio
W-001289,COMPLETION,-0.4137601437811466,0.4137601437811466,21.62863070539419,1512,1929,0,2.9422442585421957,physical_progress_velocity_pct_per_30d
W-001290,EXECUTION,-0.4054296751305459,0.4054296751305459,12.125,704,801,0,1.1325502824858757,released_payment_total_inr_as_of
W-001291,COMPLETION,-0.42145003494589045,0.42145003494589045,32.72821576763486,1298,1929,0,2.320403366343757,physical_progress_velocity_pct_per_30d
W-001292,COMPLETION,-0.39097541715396994,0.39097541715396994,1.2966804979253113,1904,1929,0,0.9812504552201486,financial_overrun_pct_as_of
W-001293,COMPLETION,-0.47190485865045445,0.47190485865045445,82.88381742738589,331,1929,0,2.116148044660039,schedule_elapsed_ratio_as_of
W-001294,COMPLETION,-0.4757479527532624,0.4757479527532624,84.12863070539419,307,1929,0,1.1743298659294006,estimate_to_recommended_ratio
W-001295,COMPLETION,-0.5180334986039841,0.5180334986039841,93.93153526970954,118,1929,1,5.740287499260105,physical_progress_velocity_pct_per_30d
W-001296,COMPLETION,-0.4264552444338474,0.4264552444338474,40.093360995850624,1156,1929,0,2.760343032621828,financial_overrun_pct_as_of
W-001297,COMPLETION,-0.40006260164757823,0.40006260164757823,6.327800829875518,1807,1929,0,1.0521566538910132,sanction_to_recommended_ratio
W-001298,COMPLETION,-0.38871511025956956,0.38871511025956956,0.6742738589211619,1916,1929,0,0.8508031275595405,estimate_to_recommended_ratio
W-001299,EXECUTION,-0.46719918296654617,0.46719918296654617,72.625,220,801,0,1.5077058823529397,financial_minus_physical_gap_pct_as_of
W-001300,COMPLETION,-0.46399548315966355,0.46399548315966355,78.26763485477179,420,1929,0,2.397835087810696,largest_payment_share_as_of
W-001301,COMPLETION,-0.4811804456087919,0.4811804456087919,86.35892116182572,264,1929,2,18.413313257489744,sanction_to_estimate_ratio
W-001302,PRE_SANCTION,-0.4593713526630297,0.4593713526630297,31.598513011152416,185,270,0,1.1018110795454545,recommended_amount_inr
W-001303,EXECUTION,-0.5262824770876425,0.5262824770876425,94.875,42,801,2,15.171636638486273,sanction_to_estimate_ratio
W-001304,COMPLETION,-0.39269676099540357,0.39269676099540357,1.9709543568464731,1891,1929,0,0.9868367356840668,sanction_to_estimate_ratio
W-001305,PRE_SANCTION,-0.4633682820888325,0.4633682820888325,34.94423791821561,176,270,0,0.8027852897473997,technical_estimate_amount_inr
W-001306,PRE_SANCTION,-0.48123741676343423,0.48123741676343423,55.39033457249071,121,270,0,0.6932361111111112,technical_estimate_amount_inr
W-001307,COMPLETION,-0.4479024306324693,0.4479024306324693,65.8195020746888,660,1929,0,2.376598361619199,largest_payment_share_as_of
W-001308,COMPLETION,-0.4200808239621556,0.4200808239621556,30.54979253112033,1340,1929,0,1.4714965805471125,released_payment_total_inr_as_of
W-001309,COMPLETION,-0.4118943089884784,0.4118943089884784,19.29460580912863,1557,1929,0,0.94096869864649,largest_payment_share_as_of
W-001310,COMPLETION,-0.44103579683630667,0.44103579683630667,58.97302904564315,792,1929,0,3.1048612357691807,physical_progress_velocity_pct_per_30d
W-001311,COMPLETION,-0.43142992455381807,0.43142992455381807,47.35477178423236,1016,1929,0,2.934460150627584,expenditure_to_sanction_pct_as_of
W-001312,COMPLETION,-0.4038953501109875,0.4038953501109875,9.439834024896266,1747,1929,0,2.2252512702785423,financial_overrun_pct_as_of
W-001313,COMPLETION,-0.6171580023291113,0.6171580023291113,99.42946058091286,12,1929,5,25.530115671172485,financial_overrun_pct_as_of
W-001314,PRE_SANCTION,-0.4730001879526721,0.4730001879526721,49.44237918215613,137,270,0,1.227110166577894,estimate_to_recommended_ratio
W-001315,COMPLETION,-0.46971825610450807,0.46971825610450807,81.58713692946058,356,1929,0,3.4495621077311003,physical_progress_velocity_pct_per_30d
W-001316,COMPLETION,-0.48848100498504693,0.48848100498504693,88.38174273858921,225,1929,1,6.787275014567528,physical_progress_velocity_pct_per_30d
W-001317,EXECUTION,-0.4568860861015836,0.4568860861015836,67.75,259,801,1,6.867636363636364,max_physical_progress_drop_pct_as_of
W-001318,EXECUTION,-0.43894702931732,0.43894702931732,50.25,399,801,1,9.330583333333333,days_since_last_payment_as_of
W-001319,EXECUTION,-0.4370454934350933,0.4370454934350933,47.875,418,801,0,1.0334264568024483,estimate_to_recommended_ratio
W-001320,EXECUTION,-0.4003441439972885,0.4003441439972885,6.75,747,801,0,2.174802935010482,recommended_amount_inr
W-001321,COMPLETION,-0.38870819248680805,0.38870819248680805,0.6224066390041494,1917,1929,0,1.4000668905926623,schedule_elapsed_ratio_as_of
W-001322,EXECUTION,-0.6460077929783847,0.6460077929783847,100.0,1,801,3,17.559483333333297,financial_minus_physical_gap_pct_as_of
W-001323,EXECUTION,-0.4928703517797202,0.4928703517797202,86.625,108,801,2,8.054898550724637,days_since_last_payment_as_of
W-001324,COMPLETION,-0.40623434245303724,0.40623434245303724,11.721991701244812,1703,1929,0,2.4976424048109536,expenditure_to_sanction_pct_as_of
W-001325,COMPLETION,-0.46163682510554366,0.46163682510554366,76.2448132780083,459,1929,0,2.6830742689998073,schedule_elapsed_ratio_as_of
W-001326,COMPLETION,-0.4374420177406701,0.4374420177406701,54.61618257261411,876,1929,0,1.1525280113280125,sanction_to_estimate_ratio
W-001327,COMPLETION,-0.5199153096393007,0.5199153096393007,94.1390041493776,114,1929,1,3.9477223380923254,largest_payment_share_as_of
W-001328,COMPLETION,-0.4681782046943699,0.4681782046943699,80.65352697095436,374,1929,0,1.4014631088448566,financial_overrun_pct_as_of
W-001329,COMPLETION,-0.4209951954752454,0.4209951954752454,32.1058091286307,1310,1929,0,1.6000309810800022,expenditure_to_sanction_pct_as_of
W-001330,COMPLETION,-0.4069099680313171,0.4069099680313171,12.603734439834025,1686,1929,0,2.191245760122624,physical_progress_velocity_pct_per_30d
W-001331,EXECUTION,-0.4554955481104091,0.4554955481104091,66.125,272,801,0,1.7392003589981133,sanction_to_recommended_ratio
W-001332,COMPLETION,-0.4508940236207519,0.4508940236207519,68.20539419087137,614,1929,0,1.7499470156829826,largest_payment_share_as_of
W-001333,COMPLETION,-0.4266489521153114,0.4266489521153114,40.35269709543569,1151,1929,0,3.2008877260563495,estimate_to_recommended_ratio
W-001334,COMPLETION,-0.4323075463787515,0.4323075463787515,48.44398340248963,995,1929,0,1.6042162162162146,latest_financial_progress_pct_as_of
W-001335,COMPLETION,-0.5433028299767859,0.5433028299767859,96.52489626556017,68,1929,0,1.417234573833014,sanction_to_estimate_ratio
W-001336,PRE_SANCTION,-0.49052292836661143,0.49052292836661143,63.56877323420074,99,270,0,0.7575030425078735,estimate_to_recommended_ratio
W-001337,COMPLETION,-0.6379770666218713,0.6379770666218713,99.68879668049793,7,1929,4,16.444444774502788,financial_overrun_pct_as_of
W-001338,COMPLETION,-0.4322376883608869,0.4322376883608869,48.392116182572614,996,1929,0,2.181936227567877,sanction_to_recommended_ratio
W-001339,EXECUTION,-0.44328996140571847,0.44328996140571847,55.0,361,801,0,2.208701694915254,latest_physical_progress_pct_as_of
W-001340,COMPLETION,-0.5572640562023121,0.5572640562023121,97.0954356846473,57,1929,1,4.7211537664418035,financial_overrun_pct_as_of
W-001341,COMPLETION,-0.4380470628383949,0.4380470628383949,55.238589211618255,864,1929,0,2.953236830434141,largest_payment_share_as_of
W-001342,COMPLETION,-0.3986312037068443,0.3986312037068443,5.186721991701245,1829,1929,0,0.8049657817624898,sanction_to_estimate_ratio
W-001343,COMPLETION,-0.4291382544591373,0.4291382544591373,44.45020746887967,1072,1929,1,10.820650300945832,financial_overrun_pct_as_of
W-001344,COMPLETION,-0.43016027821571445,0.43016027821571445,46.00622406639004,1042,1929,1,4.172768020119034,physical_progress_velocity_pct_per_30d
W-001345,PRE_SANCTION,-0.467396420290721,0.467396420290721,42.75092936802974,155,270,0,0.13256608996539793,technical_estimate_amount_inr
W-001346,PRE_SANCTION,-0.4533273008625951,0.4533273008625951,23.42007434944238,207,270,0,1.2295687619140727,estimate_to_recommended_ratio
W-001347,PRE_SANCTION,-0.4475596743136905,0.4475596743136905,14.869888475836431,230,270,0,1.4819543269230768,technical_estimate_amount_inr
W-001348,COMPLETION,-0.44658917603074955,0.44658917603074955,64.6265560165975,683,1929,0,1.8060212118383188,financial_overrun_pct_as_of
W-001349,COMPLETION,-0.48022696212096966,0.48022696212096966,85.84024896265561,274,1929,0,2.3430715725806452,technical_estimate_amount_inr
W-001350,COMPLETION,-0.38132200493473134,0.38132200493473134,0.05186721991701245,1928,1929,0,0.6298042168674699,released_payment_total_inr_as_of
W-001351,EXECUTION,-0.4264528409944124,0.4264528409944124,37.75,499,801,0,1.7850660554718436,expenditure_to_sanction_pct_as_of
W-001352,COMPLETION,-0.4411014679725886,0.4411014679725886,59.128630705394194,789,1929,0,3.348212005815124,physical_progress_velocity_pct_per_30d
W-001353,COMPLETION,-0.475531165553884,0.475531165553884,84.02489626556017,309,1929,1,3.8478987467952086,physical_progress_velocity_pct_per_30d
W-001354,COMPLETION,-0.4525372460858647,0.4525372460858647,69.60580912863071,587,1929,0,1.713467985902736,sanction_to_recommended_ratio
W-001355,COMPLETION,-0.4575887512573541,0.4575887512573541,73.23651452282158,517,1929,0,2.968799839218626,expenditure_to_sanction_pct_as_of
W-001356,EXECUTION,-0.4486850705541598,0.4486850705541598,59.625,324,801,0,3.197212219227407,largest_payment_share_as_of
W-001357,COMPLETION,-0.5150976454126728,0.5150976454126728,93.46473029045643,127,1929,0,1.4362394345776135,expenditure_to_sanction_pct_as_of
W-001358,COMPLETION,-0.5000910020398207,0.5000910020398207,90.87136929460581,177,1929,2,21.780871859155592,sanction_to_estimate_ratio
W-001359,COMPLETION,-0.4147494293965898,0.4147494293965898,22.406639004149376,1497,1929,1,11.192679126159348,financial_overrun_pct_as_of
W-001360,COMPLETION,-0.40477813014192515,0.40477813014192515,10.062240663900415,1735,1929,0,1.785525144640682,financial_overrun_pct_as_of
W-001361,EXECUTION,-0.47195561462552504,0.47195561462552504,76.125,192,801,2,13.490000000000087,financial_minus_physical_gap_pct_as_of
W-001362,COMPLETION,-0.39868496475120746,0.39868496475120746,5.29045643153527,1827,1929,0,1.901628239608802,financial_overrun_pct_as_of
W-001363,COMPLETION,-0.45936680788772494,0.45936680788772494,74.5850622406639,491,1929,0,2.218067774062489,largest_payment_share_as_of
W-001364,COMPLETION,-0.4336712537822687,0.4336712537822687,50.20746887966805,961,1929,0,1.811353290612013,sanction_to_estimate_ratio
W-001365,EXECUTION,-0.4148241091163021,0.4148241091163021,24.125,608,801,0,1.5141463157132387,estimate_to_recommended_ratio
W-001366,PRE_SANCTION,-0.4310924996897146,0.4310924996897146,0.0,270,270,0,1.689595130748422,recommended_amount_inr
W-001367,COMPLETION,-0.4131623731952938,0.4131623731952938,20.79875518672199,1528,1929,0,3.1793922470403246,physical_progress_velocity_pct_per_30d
W-001368,COMPLETION,-0.5178321261624773,0.5178321261624773,93.87966804979253,119,1929,0,1.795746753246756,latest_financial_progress_pct_as_of
W-001369,PRE_SANCTION,-0.6323039370727778,0.6323039370727778,98.88475836431226,4,270,0,1.1884337240757439,recommended_amount_inr
W-001370,COMPLETION,-0.47885691655060497,0.47885691655060497,85.26970954356847,285,1929,0,1.331594381362898,largest_payment_share_as_of
W-001371,EXECUTION,-0.4111760489499776,0.4111760489499776,19.375,646,801,0,0.9467964359150103,recommended_amount_inr
W-001372,COMPLETION,-0.3988442317520222,0.3988442317520222,5.342323651452282,1826,1929,0,2.0004357989506327,physical_progress_velocity_pct_per_30d
W-001373,PRE_SANCTION,-0.44789723376408247,0.44789723376408247,15.241635687732343,229,270,0,0.5555825241115432,estimate_to_recommended_ratio
W-001374,EXECUTION,-0.4672038389642105,0.4672038389642105,72.75,219,801,1,4.610517083644635,largest_payment_share_as_of
W-001375,EXECUTION,-0.4543590945058792,0.4543590945058792,65.5,277,801,3,8.048011363636364,days_since_last_payment_as_of
W-001376,PRE_SANCTION,-0.49543876728670017,0.49543876728670017,68.02973977695167,87,270,0,1.0129754264614954,estimate_to_recommended_ratio
W-001377,COMPLETION,-0.419618880742828,0.419618880742828,29.87551867219917,1353,1929,0,1.3748759590792838,technical_estimate_amount_inr
W-001378,EXECUTION,-0.39645844249159207,0.39645844249159207,3.0,777,801,0,0.6348235294117647,days_since_last_payment_as_of
W-001379,COMPLETION,-0.39325417280327735,0.39325417280327735,2.4896265560165975,1881,1929,0,0.8408000482722827,sanction_to_estimate_ratio
W-001380,COMPLETION,-0.41266591590407925,0.41266591590407925,20.07261410788382,1542,1929,0,1.3987483599336792,sanction_to_estimate_ratio
W-001381,COMPLETION,-0.4642855195914345,0.4642855195914345,78.42323651452283,417,1929,0,2.8811832119539886,sanction_to_recommended_ratio
W-001382,EXECUTION,-0.4015369551652068,0.4015369551652068,7.375,742,801,0,1.79964847161572,latest_physical_progress_pct_as_of
W-001383,COMPLETION,-0.4078327529173988,0.4078327529173988,13.848547717842324,1662,1929,0,1.0560586246128034,schedule_elapsed_ratio_as_of
W-001384,COMPLETION,-0.45310913744984654,0.45310913744984654,69.86514522821577,582,1929,0,2.584408347168083,expenditure_to_sanction_pct_as_of
W-001385,PRE_SANCTION,-0.4814112973979908,0.4814112973979908,55.762081784386616,120,270,0,0.9314066407754419,estimate_to_recommended_ratio
W-001386,COMPLETION,-0.45748389523966876,0.45748389523966876,73.13278008298755,519,1929,3,6.315772727272731,financial_minus_physical_gap_pct_as_of
W-001387,COMPLETION,-0.40236009497963,0.40236009497963,7.780082987551867,1779,1929,0,1.2384255969833857,schedule_elapsed_ratio_as_of
W-001388,EXECUTION,-0.4815148969790544,0.4815148969790544,80.375,158,801,0,2.698,physical_progress_decrease_count_as_of
W-001389,COMPLETION,-0.5084037656635103,0.5084037656635103,92.32365145228216,149,1929,2,17.584400944406656,sanction_to_estimate_ratio
W-001390,COMPLETION,-0.43827943936315633,0.43827943936315633,55.54979253112033,858,1929,0,3.0098875258334417,physical_progress_velocity_pct_per_30d
W-001391,EXECUTION,-0.511794107910058,0.511794107910058,92.125,64,801,0,3.4804115554539,largest_payment_share_as_of
W-001392,COMPLETION,-0.594942577723917,0.594942577723917,98.80705394190872,24,1929,4,12.47824999999998,latest_financial_progress_pct_as_of
W-001393,COMPLETION,-0.47889003439384864,0.47889003439384864,85.3734439834025,283,1929,0,2.531543324072984,physical_progress_velocity_pct_per_30d
W-001394,COMPLETION,-0.5080479951442815,0.5080479951442815,92.21991701244814,151,1929,2,13.582528527379955,sanction_to_estimate_ratio
W-001395,PRE_SANCTION,-0.4525269811115116,0.4525269811115116,21.933085501858734,211,270,0,0.4803559092151547,estimate_to_recommended_ratio
W-001396,EXECUTION,-0.4167161272656229,0.4167161272656229,26.0,593,801,0,1.495277108433735,days_since_last_payment_as_of
W-001397,COMPLETION,-0.44427219511631216,0.44427219511631216,62.24066390041494,729,1929,0,2.479718772283177,physical_progress_velocity_pct_per_30d
W-001398,COMPLETION,-0.4163940697652719,0.4163940697652719,24.32572614107884,1460,1929,1,4.098399485741001,financial_overrun_pct_as_of
W-001399,EXECUTION,-0.5111870655277684,0.5111870655277684,91.625,68,801,2,5.1088366336633655,days_since_last_payment_as_of
W-001400,EXECUTION,-0.41908687157085167,0.41908687157085167,29.0,569,801,0,1.5364174465028304,schedule_elapsed_ratio_as_of
W-001401,COMPLETION,-0.45813548590525743,0.45813548590525743,73.49585062240664,512,1929,0,1.9008636363636375,financial_minus_physical_gap_pct_as_of
W-001402,COMPLETION,-0.41280188192322254,0.41280188192322254,20.12448132780083,1541,1929,0,1.776741719445369,largest_payment_share_as_of
W-001403,EXECUTION,-0.480284568455669,0.480284568455669,79.875,162,801,3,9.979534090909091,days_since_last_payment_as_of
W-001404,PRE_SANCTION,-0.45681509441291124,0.45681509441291124,26.765799256505577,198,270,0,1.4605928586914358,estimate_to_recommended_ratio
W-001405,EXECUTION,-0.49927679426479143,0.49927679426479143,88.75,91,801,2,8.328360169491525,days_since_last_payment_as_of
W-001406,COMPLETION,-0.44797132963988756,0.44797132963988756,65.97510373443983,657,1929,0,2.7831337140062096,financial_overrun_pct_as_of
W-001407,COMPLETION,-0.44004380798163223,0.44004380798163223,58.03941908713693,810,1929,1,11.016108064516134,financial_overrun_pct_as_of
W-001408,COMPLETION,-0.42511018835018105,0.42511018835018105,38.12240663900415,1194,1929,0,2.314170413696932,financial_overrun_pct_as_of
W-001409,COMPLETION,-0.45700187964806194,0.45700187964806194,72.76970954356847,526,1929,0,3.062953121107782,largest_payment_share_as_of
W-001410,EXECUTION,-0.4347482370872435,0.4347482370872435,46.25,431,801,0,1.2526428571428572,latest_physical_progress_pct_as_of
W-001411,EXECUTION,-0.5386304501932069,0.5386304501932069,96.125,32,801,2,6.453324324324324,days_since_last_payment_as_of
W-001412,COMPLETION,-0.41191578645749016,0.41191578645749016,19.346473029045644,1556,1929,0,0.7523927664974619,technical_estimate_amount_inr
W-001413,COMPLETION,-0.43875166151048556,0.43875166151048556,56.483402489626556,840,1929,0,1.275301513240841,schedule_elapsed_ratio_as_of
W-001414,COMPLETION,-0.4708318059240259,0.4708318059240259,82.36514522821577,341,1929,1,4.390863189174669,largest_payment_share_as_of
W-001415,COMPLETION,-0.491314550803954,0.491314550803954,89.00414937759336,213,1929,1,4.390863189174669,largest_payment_share_as_of
W-001416,EXECUTION,-0.5144758319148593,0.5144758319148593,92.75,59,801,3,23.5615233538117,sanction_to_estimate_ratio
W-001417,COMPLETION,-0.422042653152537,0.422042653152537,33.558091286307054,1282,1929,0,2.4313972049689436,financial_overrun_pct_as_of
W-001418,COMPLETION,-0.4283146827183021,0.4283146827183021,42.84232365145228,1103,1929,0,1.712463633034992,expenditure_to_sanction_pct_as_of
W-001419,COMPLETION,-0.4974429950528648,0.4974429950528648,90.4045643153527,186,1929,0,2.934091429374758,largest_payment_share_as_of
W-001420,EXECUTION,-0.4408934180431438,0.4408934180431438,52.25,383,801,2,5.656602272727273,days_since_last_payment_as_of
W-001421,COMPLETION,-0.46389782665503987,0.46389782665503987,78.16390041493776,422,1929,1,4.390863189174669,largest_payment_share_as_of
W-001422,COMPLETION,-0.42739757725531313,0.42739757725531313,41.49377593360996,1129,1929,0,3.061959722255198,physical_progress_velocity_pct_per_30d
W-001423,EXECUTION,-0.4286655006094799,0.4286655006094799,40.625,476,801,0,1.797385587287371,sanction_to_recommended_ratio
W-001424,COMPLETION,-0.4548659686576193,0.4548659686576193,71.10995850622406,558,1929,0,1.2844137308039747,sanctioned_amount_inr
W-001425,COMPLETION,-0.44934826454330484,0.44934826454330484,67.0643153526971,636,1929,0,2.6316880945177523,physical_progress_velocity_pct_per_30d
W-001426,EXECUTION,-0.4186179190536845,0.4186179190536845,28.375,574,801,0,1.6544339622641517,expected_minus_physical_gap_pct_as_of
W-001427,COMPLETION,-0.44143268838440225,0.44143268838440225,59.439834024896264,783,1929,0,1.6120940309582221,sanction_to_estimate_ratio
W-001428,EXECUTION,-0.39863679271502084,0.39863679271502084,4.5,765,801,0,1.9536632843454649,expenditure_to_sanction_pct_as_of
W-001429,COMPLETION,-0.5273265432599572,0.5273265432599572,95.12448132780084,95,1929,1,3.889557342881747,physical_progress_velocity_pct_per_30d
W-001430,EXECUTION,-0.4441721250160703,0.4441721250160703,55.5,357,801,0,1.4671190557250198,physical_progress_velocity_pct_per_30d
W-001431,EXECUTION,-0.4063456980982524,0.4063456980982524,13.625,692,801,0,1.348999999999997,financial_minus_physical_gap_pct_as_of
W-001432,COMPLETION,-0.4518174894459297,0.4518174894459297,68.93153526970954,600,1929,0,1.1224786076306483,physical_progress_velocity_pct_per_30d
W-001433,EXECUTION,-0.45398718006917405,0.45398718006917405,64.875,282,801,1,12.626639999999998,max_physical_progress_drop_pct_as_of
W-001434,COMPLETION,-0.4268567981060946,0.4268567981060946,40.560165975103736,1147,1929,0,1.1228903540104176,expenditure_to_sanction_pct_as_of
W-001435,COMPLETION,-0.4205673680030279,0.4205673680030279,31.53526970954357,1321,1929,0,3.223232784493539,financial_overrun_pct_as_of
W-001436,COMPLETION,-0.44694310806323745,0.44694310806323745,65.14522821576763,673,1929,0,2.224974025974026,days_since_last_payment_as_of
W-001437,EXECUTION,-0.4793294080846302,0.4793294080846302,79.375,166,801,2,6.5567674418604645,days_since_last_payment_as_of
W-001438,EXECUTION,-0.42371707834121597,0.42371707834121597,35.0,521,801,0,1.4818560606060587,expected_minus_physical_gap_pct_as_of
W-001439,EXECUTION,-0.40570327007176166,0.40570327007176166,12.75,699,801,0,3.328797614446658,sanction_to_recommended_ratio
W-001440,EXECUTION,-0.4453027393893049,0.4453027393893049,56.375,350,801,1,4.047,physical_progress_decrease_count_as_of
W-001441,EXECUTION,-0.4854078245063494,0.4854078245063494,82.875,138,801,3,22.4645698069764,sanction_to_estimate_ratio
W-001442,PRE_SANCTION,-0.48107629087921683,0.48107629087921683,54.646840148698885,123,270,0,0.6914122418879056,technical_estimate_amount_inr
W-001443,COMPLETION,-0.4396621779062363,0.4396621779062363,57.572614107883815,819,1929,1,3.909229938435076,physical_progress_velocity_pct_per_30d
W-001444,COMPLETION,-0.4248452012542981,0.4248452012542981,38.018672199170126,1196,1929,0,2.9020913526973993,physical_progress_velocity_pct_per_30d
W-001445,COMPLETION,-0.45680179106260793,0.45680179106260793,72.45850622406638,532,1929,0,1.3060950475333202,expenditure_to_sanction_pct_as_of
W-001446,COMPLETION,-0.3985426432695007,0.3985426432695007,5.134854771784233,1830,1929,0,3.0898188069630126,expenditure_to_sanction_pct_as_of
W-001447,COMPLETION,-0.5396812917725461,0.5396812917725461,96.10995850622406,76,1929,0,2.5744744581517476,physical_progress_velocity_pct_per_30d
W-001448,COMPLETION,-0.46374383561596694,0.46374383561596694,78.06016597510373,424,1929,0,1.7876250517312724,schedule_elapsed_ratio_as_of
W-001449,COMPLETION,-0.41636391368953724,0.41636391368953724,24.221991701244814,1462,1929,0,0.74417637463885,sanction_to_estimate_ratio
W-001450,COMPLETION,-0.47081945786719653,0.47081945786719653,82.31327800829875,342,1929,1,6.507025220004866,largest_payment_share_as_of
W-001451,COMPLETION,-0.4706532436067084,0.4706532436067084,82.15767634854772,345,1929,0,2.001132140602558,schedule_elapsed_ratio_as_of
W-001452,COMPLETION,-0.4004223845021774,0.4004223845021774,6.483402489626556,1804,1929,0,1.0451790134702938,sanction_to_recommended_ratio
W-001453,EXECUTION,-0.43997603008439123,0.43997603008439123,51.125,392,801,0,1.3490237837833585,schedule_elapsed_ratio_as_of
W-001454,COMPLETION,-0.4393683503234371,0.4393683503234371,57.261410788381745,825,1929,0,1.3275375045467999,sanction_to_estimate_ratio
W-001455,COMPLETION,-0.4373739232197555,0.4373739232197555,54.51244813278009,878,1929,0,1.9910964605079906,schedule_elapsed_ratio_as_of
W-001456,COMPLETION,-0.4267936120961689,0.4267936120961689,40.50829875518672,1148,1929,1,3.8905758409999147,physical_progress_velocity_pct_per_30d
W-001457,EXECUTION,-0.41233377176713876,0.41233377176713876,21.25,631,801,1,23.382666666666342,max_physical_progress_drop_pct_as_of
W-001458,EXECUTION,-0.38939998921322,0.38939998921322,0.375,798,801,0,1.1528817934782611,latest_financial_progress_pct_as_of
W-001459,EXECUTION,-0.44982816002145426,0.44982816002145426,61.0,313,801,1,6.155616129172929,largest_payment_share_as_of
W-001460,COMPLETION,-0.5268204169180012,0.5268204169180012,95.07261410788382,96,1929,2,30.948835278970318,sanction_to_estimate_ratio
W-001461,PRE_SANCTION,-0.4612804369441046,0.4612804369441046,32.342007434944236,183,270,0,1.053209831064046,estimate_to_recommended_ratio
W-001462,COMPLETION,-0.39258538492897216,0.39258538492897216,1.9190871369294606,1892,1929,0,0.7779697610138636,sanction_to_recommended_ratio
W-001463,COMPLETION,-0.4239284802412661,0.4239284802412661,36.82572614107884,1219,1929,0,2.450571312351943,financial_overrun_pct_as_of
W-001464,COMPLETION,-0.4190066191428467,0.4190066191428467,28.786307053941908,1374,1929,0,1.3914801294934078,schedule_elapsed_ratio_as_of
W-001465,EXECUTION,-0.4422496237462332,0.4422496237462332,54.0,369,801,0,2.246510847137958,estimate_to_recommended_ratio
W-001466,PRE_SANCTION,-0.4514671174508508,0.4514671174508508,20.44609665427509,215,270,0,0.18248458904109588,technical_estimate_amount_inr
W-001467,COMPLETION,-0.42710272510753194,0.42710272510753194,41.13070539419087,1136,1929,0,1.5514267792108138,physical_progress_velocity_pct_per_30d
W-001468,COMPLETION,-0.47652328986252623,0.47652328986252623,84.5954356846473,298,1929,0,1.9951915932859015,physical_progress_velocity_pct_per_30d
W-001469,COMPLETION,-0.44206584704885243,0.44206584704885243,60.16597510373444,769,1929,0,1.1018954402515724,recommended_amount_inr
W-001470,COMPLETION,-0.4197419339643362,0.4197419339643362,30.238589211618258,1346,1929,0,2.778327209738046,physical_progress_velocity_pct_per_30d
W-001471,PRE_SANCTION,-0.4489523779769531,0.4489523779769531,17.100371747211895,224,270,0,0.09417639172008671,estimate_to_recommended_ratio
W-001472,COMPLETION,-0.5491521777046088,0.5491521777046088,96.78423236514523,63,1929,3,16.7093659705265,sanction_to_estimate_ratio
W-001473,COMPLETION,-0.40330658455366775,0.40330658455366775,8.765560165975105,1760,1929,0,1.493313093668702,schedule_elapsed_ratio_as_of
W-001474,PRE_SANCTION,-0.43162027822501847,0.43162027822501847,0.37174721189591076,269,270,0,1.6810802524797115,recommended_amount_inr
W-001475,PRE_SANCTION,-0.4959474175846976,0.4959474175846976,68.40148698884758,86,270,0,0.5833513513513513,technical_estimate_amount_inr
W-001476,PRE_SANCTION,-0.44063112528500814,0.44063112528500814,8.178438661710038,248,270,0,0.46643436700682217,estimate_to_recommended_ratio
W-001477,EXECUTION,-0.43426968142683725,0.43426968142683725,45.875,434,801,0,2.0459833333333335,financial_minus_physical_gap_pct_as_of
W-001478,COMPLETION,-0.4312280647108983,0.4312280647108983,47.19917012448133,1019,1929,0,1.417496735286311,estimate_to_recommended_ratio
W-001479,PRE_SANCTION,-0.5157426010481215,0.5157426010481215,80.66914498141264,53,270,0,1.3359710252600296,technical_estimate_amount_inr
W-001480,COMPLETION,-0.43961583504874563,0.43961583504874563,57.52074688796681,820,1929,0,1.5305490021762627,physical_progress_velocity_pct_per_30d
W-001481,PRE_SANCTION,-0.6016209324036504,0.6016209324036504,97.02602230483271,9,270,0,1.5430164092664094,recommended_amount_inr
W-001482,COMPLETION,-0.43321124600954286,0.43321124600954286,49.74066390041494,970,1929,0,2.5695238095238166,latest_financial_progress_pct_as_of
W-001483,COMPLETION,-0.4159495816573063,0.4159495816573063,24.014522821576765,1466,1929,0,1.4237608671604811,sanction_to_recommended_ratio
W-001484,COMPLETION,-0.4539707510214668,0.4539707510214668,70.33195020746888,573,1929,0,3.062953121107782,largest_payment_share_as_of
W-001485,COMPLETION,-0.4661482463887501,0.4661482463887501,79.46058091286307,397,1929,0,2.953224495975371,largest_payment_share_as_of
W-001486,COMPLETION,-0.41183173531825856,0.41183173531825856,19.08713692946058,1561,1929,0,1.2000761656464471,estimate_to_recommended_ratio
W-001487,COMPLETION,-0.5237691562409691,0.5237691562409691,94.70954356846472,103,1929,0,2.718793293456998,largest_payment_share_as_of
W-001488,EXECUTION,-0.5049900335943822,0.5049900335943822,90.625,76,801,3,9.516460396039605,days_since_last_payment_as_of
W-001489,PRE_SANCTION,-0.5318444231531051,0.5318444231531051,85.8736059479554,39,270,0,2.439858024691358,recommended_amount_inr
W-001490,COMPLETION,-0.5422228031322,0.5422228031322,96.36929460580913,71,1929,4,9.646270923029093,financial_overrun_pct_as_of
W-001491,COMPLETION,-0.4461866957026265,0.4461866957026265,64.00414937759336,695,1929,0,2.5608774567693127,largest_payment_share_as_of
W-001492,COMPLETION,-0.4723853418747156,0.4723853418747156,83.03941908713693,328,1929,0,2.207811046511628,days_since_last_payment_as_of
W-001493,PRE_SANCTION,-0.4411630691638073,0.4411630691638073,8.550185873605948,247,270,0,0.608524493576237,estimate_to_recommended_ratio
W-001494,COMPLETION,-0.413766383826213,0.413766383826213,21.732365145228215,1510,1929,0,1.6053420427553442,days_since_last_payment_as_of
W-001495,COMPLETION,-0.4132227250875401,0.4132227250875401,20.850622406639005,1527,1929,0,2.4809193659570954,financial_overrun_pct_as_of
W-001496,EXECUTION,-0.441128123800616,0.441128123800616,52.625,380,801,0,2.5750894544789005,sanction_to_recommended_ratio
W-001497,COMPLETION,-0.46381270564396043,0.46381270564396043,78.11203319502074,423,1929,0,2.7576072529674076,schedule_elapsed_ratio_as_of
W-001498,COMPLETION,-0.41637759383422457,0.41637759383422457,24.273858921161825,1461,1929,0,1.4133248205448012,physical_progress_velocity_pct_per_30d
W-001499,COMPLETION,-0.4164107773282769,0.4164107773282769,24.429460580912863,1458,1929,0,3.207635293384825,financial_overrun_pct_as_of
W-001500,COMPLETION,-0.4183091534689613,0.4183091534689613,27.38589211618257,1401,1929,1,4.221927322895912,largest_payment_share_as_of
W-001501,COMPLETION,-0.4089532856519834,0.4089532856519834,15.404564315352697,1632,1929,0,1.546358984047097,sanction_to_recommended_ratio
W-001502,PRE_SANCTION,-0.4947940870627282,0.4947940870627282,67.65799256505576,88,270,0,0.6745,recommended_amount_inr
W-001503,COMPLETION,-0.39606520459520006,0.39606520459520006,3.578838174273859,1860,1929,0,0.8582658596706854,sanction_to_recommended_ratio
W-001504,PRE_SANCTION,-0.45634663909459516,0.45634663909459516,25.650557620817843,201,270,0,0.45337398373983945,estimate_to_recommended_ratio
W-001505,EXECUTION,-0.4290965172030473,0.4290965172030473,41.375,470,801,0,2.4784456911049193,largest_payment_share_as_of
W-001506,PRE_SANCTION,-0.4980027693455058,0.4980027693455058,69.14498141263941,84,270,0,0.9503681660899654,technical_estimate_amount_inr
W-001507,EXECUTION,-0.4099787944287816,0.4099787944287816,17.875,658,801,0,1.0247269570195403,sanction_to_estimate_ratio
W-001508,COMPLETION,-0.46166712077515787,0.46166712077515787,76.29668049792531,458,1929,0,2.708286300313845,physical_progress_velocity_pct_per_30d
W-001509,EXECUTION,-0.4052613947723064,0.4052613947723064,11.625,708,801,0,1.1468198992443326,released_payment_total_inr_as_of
W-001510,EXECUTION,-0.476497745089894,0.476497745089894,77.75,179,801,2,11.578916666666675,financial_minus_physical_gap_pct_as_of
W-001511,COMPLETION,-0.40292318167593844,0.40292318167593844,8.506224066390041,1765,1929,0,1.8546818912794338,sanction_to_recommended_ratio
W-001512,EXECUTION,-0.40896047301045907,0.40896047301045907,17.125,664,801,0,2.1600059523809523,days_since_last_payment_as_of
W-001513,EXECUTION,-0.44424574548895646,0.44424574548895646,55.625,356,801,0,2.0269541868512095,physical_progress_velocity_pct_per_30d
W-001514,COMPLETION,-0.3909687018498442,0.3909687018498442,1.2448132780082988,1905,1929,0,1.083147225455002,sanction_to_recommended_ratio
W-001515,COMPLETION,-0.39480901088929665,0.39480901088929665,3.0601659751037342,1870,1929,0,0.7349541698581735,estimate_to_recommended_ratio
W-001516,COMPLETION,-0.4052127877874644,0.4052127877874644,10.477178423236515,1727,1929,0,2.4311882911392404,financial_overrun_pct_as_of
W-001517,COMPLETION,-0.46834820461931403,0.46834820461931403,80.75726141078839,372,1929,1,7.207606367186008,physical_progress_velocity_pct_per_30d
W-001518,PRE_SANCTION,-0.449382854591344,0.449382854591344,17.843866171003718,222,270,0,1.0189001766784451,recommended_amount_inr
W-001519,COMPLETION,-0.46433296116417916,0.46433296116417916,78.52697095435684,415,1929,0,3.143156445233094,expenditure_to_sanction_pct_as_of
W-001520,COMPLETION,-0.4640978383936808,0.4640978383936808,78.37136929460581,418,1929,1,7.189538408215889,largest_payment_share_as_of
W-001521,PRE_SANCTION,-0.4570418680815275,0.4570418680815275,27.509293680297397,196,270,0,0.3813427561837456,recommended_amount_inr
W-001522,COMPLETION,-0.4521744528148359,0.4521744528148359,69.19087136929461,595,1929,0,3.4505288588936733,largest_payment_share_as_of
W-001523,EXECUTION,-0.40790299647353867,0.40790299647353867,15.75,675,801,0,1.3277340644276903,recommended_amount_inr
W-001524,COMPLETION,-0.40416337608611386,0.40416337608611386,9.595435684647303,1744,1929,0,1.42,released_payment_total_inr_as_of
W-001525,COMPLETION,-0.4555184799807027,0.4555184799807027,71.52489626556017,550,1929,0,1.9766459230194922,sanction_to_recommended_ratio
W-001526,EXECUTION,-0.4079831926105558,0.4079831926105558,15.875,674,801,0,2.8121461538461547,expected_minus_physical_gap_pct_as_of
W-001527,EXECUTION,-0.5084687765615711,0.5084687765615711,91.125,72,801,4,10.519474747474748,overdue_days_as_of
W-001528,EXECUTION,-0.44722406653229607,0.44722406653229607,58.25,335,801,1,11.6014,max_physical_progress_drop_pct_as_of
W-001529,COMPLETION,-0.40659284965055803,0.40659284965055803,12.136929460580912,1695,1929,0,1.138787825428159,sanction_to_recommended_ratio
W-001530,COMPLETION,-0.42902717206048985,0.42902717206048985,44.24273858921162,1076,1929,0,1.7055275080750723,expenditure_to_sanction_pct_as_of
W-001531,COMPLETION,-0.39919909000474335,0.39919909000474335,5.7053941908713695,1819,1929,0,1.0554468438538207,sanctioned_amount_inr
W-001532,COMPLETION,-0.4382243976517681,0.4382243976517681,55.3941908713693,861,1929,0,1.5007945415074866,sanction_to_recommended_ratio
W-001533,COMPLETION,-0.47649495491269833,0.47649495491269833,84.54356846473028,299,1929,1,5.2438181674717175,physical_progress_velocity_pct_per_30d
W-001534,COMPLETION,-0.4273457874512452,0.4273457874512452,41.39004149377593,1131,1929,0,1.7406451612903258,latest_financial_progress_pct_as_of
W-001535,COMPLETION,-0.515847816231162,0.515847816231162,93.56846473029046,125,1929,0,2.2786987297496313,financial_overrun_pct_as_of
W-001536,COMPLETION,-0.46863321476340003,0.46863321476340003,80.8609958506224,370,1929,0,3.208266951810304,largest_payment_share_as_of
W-001537,COMPLETION,-0.41022747645888413,0.41022747645888413,17.219917012448132,1597,1929,0,1.3985971970897488,physical_progress_velocity_pct_per_30d
W-001538,COMPLETION,-0.43597849982065107,0.43597849982065107,52.904564315352694,909,1929,0,2.0633850703800394,physical_progress_velocity_pct_per_30d
W-001539,COMPLETION,-0.4666055553609893,0.4666055553609893,79.77178423236515,391,1929,0,2.0626674020760456,schedule_elapsed_ratio_as_of
W-001540,COMPLETION,-0.4118394783037508,0.4118394783037508,19.139004149377595,1560,1929,0,1.427617148952932,largest_payment_share_as_of
W-001541,COMPLETION,-0.4694638803136736,0.4694638803136736,81.37966804979253,360,1929,1,4.426870706416077,largest_payment_share_as_of
W-001542,COMPLETION,-0.3887310599055481,0.3887310599055481,0.7261410788381742,1915,1929,0,1.0312176342672668,financial_overrun_pct_as_of
W-001543,COMPLETION,-0.4000554405920321,0.4000554405920321,6.275933609958506,1808,1929,0,1.020299827259442,estimate_to_recommended_ratio
W-001544,EXECUTION,-0.4323876039747106,0.4323876039747106,45.25,439,801,0,2.629173469387761,expected_minus_physical_gap_pct_as_of
W-001545,COMPLETION,-0.5586361486185519,0.5586361486185519,97.25103734439834,54,1929,0,1.3312591537019023,physical_progress_velocity_pct_per_30d
W-001546,EXECUTION,-0.45608393294157096,0.45608393294157096,66.5,269,801,0,2.6980000000000013,max_physical_progress_drop_pct_as_of
W-001547,EXECUTION,-0.4082019418683925,0.4082019418683925,16.0,673,801,0,1.8847668713765044,sanction_to_recommended_ratio
W-001548,COMPLETION,-0.41787192565521447,0.41787192565521447,26.91908713692946,1410,1929,0,1.7666949541284405,recommended_amount_inr
W-001549,EXECUTION,-0.44190432361389004,0.44190432361389004,53.75,371,801,1,24.5518,max_physical_progress_drop_pct_as_of
W-001550,EXECUTION,-0.4371858758615534,0.4371858758615534,48.25,415,801,0,1.6085786222614158,sanction_to_recommended_ratio
W-001551,COMPLETION,-0.3992398549147714,0.3992398549147714,5.757261410788382,1818,1929,0,0.938643591772152,released_payment_total_inr_as_of
W-001552,COMPLETION,-0.422962319444789,0.422962319444789,35.16597510373444,1251,1929,0,1.7757766476736507,sanction_to_estimate_ratio
W-001553,EXECUTION,-0.4321593306954304,0.4321593306954304,44.875,442,801,0,1.8209436198902498,schedule_elapsed_ratio_as_of
W-001554,PRE_SANCTION,-0.43365405325950723,0.43365405325950723,1.858736059479554,265,270,0,1.1209730113636365,recommended_amount_inr
W-001555,COMPLETION,-0.45348418071464247,0.45348418071464247,70.02074688796681,579,1929,0,1.704381720430108,latest_financial_progress_pct_as_of
W-001556,COMPLETION,-0.4481089862998489,0.4481089862998489,66.07883817427386,655,1929,0,1.8516915492909247,largest_payment_share_as_of
W-001557,COMPLETION,-0.42809833008714937,0.42809833008714937,42.32365145228216,1113,1929,0,1.8855798541700513,physical_progress_velocity_pct_per_30d
W-001558,EXECUTION,-0.4565200640779438,0.4565200640779438,67.5,261,801,2,10.252400000000002,max_physical_progress_drop_pct_as_of
W-001559,COMPLETION,-0.441629381128128,0.441629381128128,59.75103734439834,777,1929,0,1.8685044759567206,sanction_to_recommended_ratio
W-001560,COMPLETION,-0.4283104513932294,0.4283104513932294,42.79045643153527,1104,1929,0,2.074701873007339,schedule_elapsed_ratio_as_of
W-001561,EXECUTION,-0.40773879527924983,0.40773879527924983,15.5,677,801,0,1.8873939974457217,released_payment_total_inr_as_of
W-001562,EXECUTION,-0.47314983591850096,0.47314983591850096,76.75,187,801,0,1.8992132505175985,latest_financial_progress_pct_as_of
W-001563,PRE_SANCTION,-0.47085336382387344,0.47085336382387344,47.58364312267658,142,270,0,1.1659498525073746,technical_estimate_amount_inr
W-001564,COMPLETION,-0.4554607645117359,0.4554607645117359,71.42116182572614,552,1929,0,2.478571675111278,schedule_elapsed_ratio_as_of
W-001565,EXECUTION,-0.4428970625405758,0.4428970625405758,54.625,364,801,3,7.186019230769231,days_since_last_payment_as_of
W-001566,COMPLETION,-0.4359637099203984,0.4359637099203984,52.85269709543569,910,1929,0,2.208656862745095,financial_minus_physical_gap_pct_as_of
W-001567,COMPLETION,-0.44661989018131215,0.44661989018131215,64.67842323651452,682,1929,3,4.464547619047633,latest_financial_progress_pct_as_of
W-001568,COMPLETION,-0.4322374229331674,0.4322374229331674,48.3402489626556,997,1929,0,1.9825138235855524,largest_payment_share_as_of
W-001569,COMPLETION,-0.41965258364518915,0.41965258364518915,30.03112033195021,1350,1929,0,2.6986381794678365,largest_payment_share_as_of
W-001570,COMPLETION,-0.4383872032102918,0.4383872032102918,55.912863070539416,851,1929,0,2.8754056440768165,physical_progress_velocity_pct_per_30d
W-001571,EXECUTION,-0.4105729906775593,0.4105729906775593,18.5,653,801,0,2.535469879518072,days_since_last_payment_as_of
W-001572,COMPLETION,-0.503687966901197,0.503687966901197,91.70124481327801,161,1929,1,3.893397050147492,financial_overrun_pct_as_of
W-001573,COMPLETION,-0.4262221607809745,0.4262221607809745,39.678423236514526,1164,1929,0,1.248394689679611,largest_payment_share_as_of
W-001574,EXECUTION,-0.4584768590099045,0.4584768590099045,68.5,253,801,1,7.962847222222223,days_since_last_payment_as_of
W-001575,COMPLETION,-0.41568473207389256,0.41568473207389256,23.599585062240664,1474,1929,0,2.5025394476247387,largest_payment_share_as_of
W-001576,EXECUTION,-0.4312623986496974,0.4312623986496974,43.875,450,801,1,8.037417677756032,largest_payment_share_as_of
W-001577,COMPLETION,-0.4090381507711943,0.4090381507711943,15.508298755186722,1630,1929,0,1.3078719512195123,latest_financial_progress_pct_as_of
W-001578,EXECUTION,-0.4513029356032473,0.4513029356032473,62.75,299,801,0,1.2115169857936998,technical_estimate_amount_inr
W-001579,COMPLETION,-0.41923023715803504,0.41923023715803504,29.356846473029044,1363,1929,0,3.1022636140586775,financial_overrun_pct_as_of
W-001580,COMPLETION,-0.486320644710658,0.486320644710658,87.86307053941908,235,1929,0,2.63055232177894,financial_overrun_pct_as_of
W-001581,COMPLETION,-0.44321136013609713,0.44321136013609713,61.30705394190871,747,1929,0,2.2278939393939394,financial_minus_physical_gap_pct_as_of
W-001582,COMPLETION,-0.44903005786256733,0.44903005786256733,66.85684647302905,640,1929,0,1.6409797205496985,schedule_elapsed_ratio_as_of
W-001583,PRE_SANCTION,-0.4928877331518474,0.4928877331518474,66.54275092936803,91,270,0,1.6160494155956897,estimate_to_recommended_ratio
W-001584,EXECUTION,-0.4215445574789298,0.4215445574789298,32.0,545,801,2,5.995555555555556,days_since_last_payment_as_of
W-001585,COMPLETION,-0.40824915997116207,0.40824915997116207,14.62655601659751,1647,1929,0,0.670765227021041,sanctioned_amount_inr
W-001586,COMPLETION,-0.42164119301378733,0.42164119301378733,32.98755186721991,1293,1929,0,1.2674880419624313,largest_payment_share_as_of
W-001587,EXECUTION,-0.4270010320451722,0.4270010320451722,38.625,492,801,1,4.086101449275362,days_since_last_payment_as_of
W-001588,COMPLETION,-0.39553165034841353,0.39553165034841353,3.475103734439834,1862,1929,0,1.3291825541977094,sanction_to_estimate_ratio
W-001589,COMPLETION,-0.4503986841612483,0.4503986841612483,67.99792531120332,618,1929,0,1.4105333333333334,sanctioned_amount_inr
W-001590,COMPLETION,-0.44478078916722663,0.44478078916722663,62.70746887966805,720,1929,0,1.6551192307692308,recommended_amount_inr
W-001591,EXECUTION,-0.4166207817870571,0.4166207817870571,25.625,596,801,0,1.7986666666666666,overdue_days_as_of
W-001592,COMPLETION,-0.46700993181270495,0.46700993181270495,79.92738589211618,388,1929,1,5.089866398058481,largest_payment_share_as_of
W-001593,EXECUTION,-0.45888108895331686,0.45888108895331686,68.875,250,801,2,11.54951538461539,expected_minus_physical_gap_pct_as_of
W-001594,COMPLETION,-0.4346375397024509,0.4346375397024509,51.55601659751037,935,1929,0,1.808964165404334,schedule_elapsed_ratio_as_of
W-001595,EXECUTION,-0.4374749939419175,0.4374749939419175,48.625,412,801,3,11.196700000000016,financial_minus_physical_gap_pct_as_of
W-001596,COMPLETION,-0.40254758337368235,0.40254758337368235,8.091286307053942,1773,1929,0,2.390016171332355,financial_overrun_pct_as_of
W-001597,PRE_SANCTION,-0.5478157546899421,0.5478157546899421,89.59107806691449,29,270,0,1.3218024193548388,technical_estimate_amount_inr
W-001598,COMPLETION,-0.49607328080865964,0.49607328080865964,90.09336099585062,192,1929,0,2.2495419451525165,schedule_elapsed_ratio_as_of
W-001599,PRE_SANCTION,-0.4897518092523648,0.4897518092523648,62.0817843866171,103,270,0,0.6738417884875,estimate_to_recommended_ratio
W-001600,COMPLETION,-0.410100689098281,0.410100689098281,16.96058091286307,1602,1929,0,1.8308532031889337,estimate_to_recommended_ratio
W-001601,PRE_SANCTION,-0.4698381425247098,0.4698381425247098,45.353159851301115,148,270,0,1.216638440860215,technical_estimate_amount_inr
W-001602,EXECUTION,-0.42457227196319214,0.42457227196319214,35.625,516,801,0,1.6139677973094169,expenditure_to_sanction_pct_as_of
W-001603,PRE_SANCTION,-0.4678729813327476,0.4678729813327476,43.49442379182156,153,270,0,1.517897732418967,estimate_to_recommended_ratio
W-001604,COMPLETION,-0.4806103124318471,0.4806103124318471,86.04771784232365,270,1929,1,4.285808779396065,schedule_elapsed_ratio_as_of
W-001605,COMPLETION,-0.4422703166824395,0.4422703166824395,60.37344398340249,765,1929,0,3.341722004350715,largest_payment_share_as_of
W-001606,EXECUTION,-0.45070284479291356,0.45070284479291356,61.875,306,801,0,2.506179202364389,sanction_to_estimate_ratio
W-001607,COMPLETION,-0.4334688963810014,0.4334688963810014,49.948132780082986,966,1929,0,3.0218860783771904,physical_progress_velocity_pct_per_30d
W-001608,COMPLETION,-0.42048428628776896,0.42048428628776896,31.275933609958507,1326,1929,0,1.662279247737106,schedule_elapsed_ratio_as_of
W-001609,EXECUTION,-0.6118479587975234,0.6118479587975234,99.5,5,801,5,14.444676923076923,days_since_last_payment_as_of
W-001610,EXECUTION,-0.5209371287489958,0.5209371287489958,93.375,54,801,2,18.786074074074072,days_since_last_payment_as_of
W-001611,COMPLETION,-0.44554721535746905,0.44554721535746905,63.17427385892116,711,1929,0,2.273314814814815,sanctioned_amount_inr
W-001612,COMPLETION,-0.4033599979629171,0.4033599979629171,8.817427385892117,1759,1929,0,0.7946184178872351,sanction_to_recommended_ratio
W-001613,EXECUTION,-0.41210439120868836,0.41210439120868836,21.125,632,801,0,3.3888445787756476,sanction_to_estimate_ratio
W-001614,COMPLETION,-0.4343012300907117,0.4343012300907117,51.03734439834025,945,1929,0,1.0018102598685228,schedule_elapsed_ratio_as_of
W-001615,EXECUTION,-0.5021543273232417,0.5021543273232417,89.75,83,801,1,9.243967213114724,financial_minus_physical_gap_pct_as_of
W-001616,COMPLETION,-0.4255487045336006,0.4255487045336006,38.90041493775934,1179,1929,0,1.3389888150393838,sanction_to_recommended_ratio
W-001617,COMPLETION,-0.42002264630737823,0.42002264630737823,30.446058091286307,1342,1929,0,1.5915199970348572,expenditure_to_sanction_pct_as_of
W-001618,PRE_SANCTION,-0.44977670481783,0.44977670481783,18.587360594795538,220,270,0,0.5520736301369863,technical_estimate_amount_inr
W-001619,COMPLETION,-0.5084920806661392,0.5084920806661392,92.37551867219916,148,1929,2,5.379606873408836,largest_payment_share_as_of
W-001620,COMPLETION,-0.5162083025788748,0.5162083025788748,93.7240663900415,122,1929,2,17.62890033546444,sanction_to_estimate_ratio
W-001621,COMPLETION,-0.48069106193834216,0.48069106193834216,86.15145228215768,268,1929,1,7.189538408215889,largest_payment_share_as_of
W-001622,COMPLETION,-0.42736450619811894,0.42736450619811894,41.441908713692946,1130,1929,0,2.4729847142430685,largest_payment_share_as_of
W-001623,EXECUTION,-0.4036483049684488,0.4036483049684488,9.5,725,801,0,1.623015625,financial_minus_physical_gap_pct_as_of
W-001624,COMPLETION,-0.4740302895335268,0.4740302895335268,83.55809128630706,318,1929,2,4.658774420926651,largest_payment_share_as_of
W-001625,COMPLETION,-0.48468924342050373,0.48468924342050373,87.24066390041494,247,1929,0,2.1339921710986425,largest_payment_share_as_of
W-001626,EXECUTION,-0.46673075491399274,0.46673075491399274,72.375,222,801,0,2.1439293409157743,sanction_to_recommended_ratio
W-001627,COMPLETION,-0.4234723907452281,0.4234723907452281,36.04771784232365,1234,1929,0,3.4505288588936733,largest_payment_share_as_of
W-001628,COMPLETION,-0.4281492911365052,0.4281492911365052,42.47925311203319,1110,1929,0,1.9274004703699257,largest_payment_share_as_of
W-001629,COMPLETION,-0.4465190188886005,0.4465190188886005,64.47095435684648,686,1929,0,3.482486431754085,physical_progress_velocity_pct_per_30d
W-001630,COMPLETION,-0.4354754907840039,0.4354754907840039,52.43775933609958,918,1929,0,3.171837802801472,financial_overrun_pct_as_of
W-001631,EXECUTION,-0.4712982566985669,0.4712982566985669,75.125,200,801,0,3.2741354166666667,days_since_last_payment_as_of
W-001632,PRE_SANCTION,-0.48577887764197686,0.48577887764197686,57.99256505576208,114,270,0,0.6786563187646563,estimate_to_recommended_ratio
W-001633,COMPLETION,-0.4751355194156731,0.4751355194156731,83.86929460580913,312,1929,0,3.3486593841695522,physical_progress_velocity_pct_per_30d
W-001634,COMPLETION,-0.44041772647313865,0.44041772647313865,58.350622406639005,804,1929,0,2.2445100304744923,sanction_to_recommended_ratio
W-001635,EXECUTION,-0.5518943307977612,0.5518943307977612,96.875,26,801,2,10.038504504504504,days_since_last_payment_as_of
W-001636,COMPLETION,-0.40829846361585626,0.40829846361585626,14.730290456431534,1645,1929,0,0.9587275579509489,schedule_elapsed_ratio_as_of
W-001637,PRE_SANCTION,-0.5161151422196878,0.5161151422196878,81.04089219330855,52,270,0,0.4379080252479711,recommended_amount_inr
W-001638,EXECUTION,-0.444446086177294,0.444446086177294,55.875,354,801,0,1.5837860021024617,sanction_to_estimate_ratio
W-001639,COMPLETION,-0.42499907879954585,0.42499907879954585,38.07053941908714,1195,1929,0,1.6850078581827725,sanction_to_estimate_ratio
W-001640,COMPLETION,-0.4148145537906581,0.4148145537906581,22.562240663900415,1494,1929,0,2.4679385024172,expenditure_to_sanction_pct_as_of
W-001641,EXECUTION,-0.4511094354955697,0.4511094354955697,62.375,302,801,0,2.3016164677053386,physical_progress_velocity_pct_per_30d
W-001642,COMPLETION,-0.4223494953711616,0.4223494953711616,34.024896265560166,1273,1929,0,2.9785711709274327,physical_progress_velocity_pct_per_30d
W-001643,COMPLETION,-0.42265470714655395,0.42265470714655395,34.54356846473029,1263,1929,0,1.5371106546492108,physical_progress_velocity_pct_per_30d
W-001644,COMPLETION,-0.46884630046169823,0.46884630046169823,81.01659751037344,367,1929,0,1.5882687153087156,estimate_to_recommended_ratio
W-001645,COMPLETION,-0.40965403392804733,0.40965403392804733,16.130705394190873,1618,1929,0,1.9665063797683844,estimate_to_recommended_ratio
W-001646,COMPLETION,-0.447845705833842,0.447845705833842,65.71576763485477,662,1929,0,1.478431081081081,sanctioned_amount_inr
W-001647,COMPLETION,-0.5277885777924656,0.5277885777924656,95.22821576763485,93,1929,1,3.747833512628249,largest_payment_share_as_of
W-001648,COMPLETION,-0.4471313622138245,0.4471313622138245,65.30082987551867,670,1929,0,1.5166892341842397,technical_estimate_amount_inr
W-001649,COMPLETION,-0.4081836506234275,0.4081836506234275,14.470954356846473,1650,1929,0,1.2646875,latest_financial_progress_pct_as_of
W-001650,EXECUTION,-0.449151605214735,0.449151605214735,60.0,321,801,0,2.73595575863896,largest_payment_share_as_of
W-001651,COMPLETION,-0.3979536207724063,0.3979536207724063,4.356846473029045,1845,1929,0,1.886760585358543,sanction_to_estimate_ratio
W-001652,COMPLETION,-0.4749269552308221,0.4749269552308221,83.81742738589212,313,1929,0,1.6928574093772388,physical_progress_velocity_pct_per_30d
W-001653,COMPLETION,-0.41029520719353135,0.41029520719353135,17.323651452282157,1595,1929,0,1.2428988764044944,technical_estimate_amount_inr
W-001654,COMPLETION,-0.4429430036697047,0.4429430036697047,61.04771784232365,752,1929,0,3.208266951810304,largest_payment_share_as_of
W-001655,COMPLETION,-0.469696822578237,0.469696822578237,81.53526970954357,357,1929,1,5.7947501613233445,physical_progress_velocity_pct_per_30d
W-001656,COMPLETION,-0.42011436129117413,0.42011436129117413,30.601659751037346,1339,1929,0,1.3193050314465409,recommended_amount_inr
W-001657,COMPLETION,-0.4870149329235305,0.4870149329235305,88.07053941908714,231,1929,0,3.232653947959692,physical_progress_velocity_pct_per_30d
W-001658,PRE_SANCTION,-0.46908238196230223,0.46908238196230223,44.98141263940521,149,270,0,1.2332866354455876,estimate_to_recommended_ratio
W-001659,EXECUTION,-0.42469072217895765,0.42469072217895765,36.125,512,801,1,4.646013613721636,schedule_elapsed_ratio_as_of
W-001660,COMPLETION,-0.5057618607339807,0.5057618607339807,92.0643153526971,154,1929,1,7.694260195889529,financial_overrun_pct_as_of
W-001661,COMPLETION,-0.5000985018888368,0.5000985018888368,90.97510373443983,175,1929,0,2.718793293456998,largest_payment_share_as_of
W-001662,PRE_SANCTION,-0.5725520654084839,0.5725520654084839,94.42379182156134,16,270,0,2.3114633373799855,estimate_to_recommended_ratio
W-001663,EXECUTION,-0.40676463984264205,0.40676463984264205,14.5,685,801,0,1.8347133152173918,latest_financial_progress_pct_as_of
W-001664,COMPLETION,-0.4966217072980845,0.4966217072980845,90.24896265560166,189,1929,0,2.032941528279461,expenditure_to_sanction_pct_as_of
W-001665,EXECUTION,-0.4426706493298435,0.4426706493298435,54.375,366,801,1,7.8129583333333334,days_since_last_payment_as_of
W-001666,EXECUTION,-0.4219503419081485,0.4219503419081485,32.625,540,801,0,1.5417142857142878,max_physical_progress_drop_pct_as_of
W-001667,EXECUTION,-0.41463442931169686,0.41463442931169686,23.75,611,801,0,1.445357142857143,financial_minus_physical_gap_pct_as_of
W-001668,COMPLETION,-0.4382914922249286,0.4382914922249286,55.65352697095436,856,1929,0,2.4058600882842454,expenditure_to_sanction_pct_as_of
W-001669,EXECUTION,-0.5846918889998874,0.5846918889998874,98.375,14,801,1,22.297042857142866,financial_minus_physical_gap_pct_as_of
W-001670,EXECUTION,-0.4056157743652689,0.4056157743652689,12.625,700,801,0,1.660330935957626,estimate_to_recommended_ratio
W-001671,COMPLETION,-0.41115938303592253,0.41115938303592253,18.153526970954356,1579,1929,0,1.4536637931034482,recommended_amount_inr
W-001672,COMPLETION,-0.40294887078617236,0.40294887078617236,8.558091286307054,1764,1929,0,1.0578298026016366,sanction_to_recommended_ratio
W-001673,COMPLETION,-0.519541532607912,0.519541532607912,94.08713692946058,115,1929,3,12.42417304806447,sanction_to_estimate_ratio
W-001674,COMPLETION,-0.4366880137501267,0.4366880137501267,53.57883817427386,896,1929,0,2.14383193295979,physical_progress_velocity_pct_per_30d
W-001675,COMPLETION,-0.5113293927686028,0.5113293927686028,92.84232365145228,139,1929,1,7.189538408215889,largest_payment_share_as_of
W-001676,COMPLETION,-0.40675093674367796,0.40675093674367796,12.448132780082988,1689,1929,0,2.386620944357402,largest_payment_share_as_of
W-001677,COMPLETION,-0.4137055235778733,0.4137055235778733,21.42116182572614,1516,1929,0,1.119241132114146,sanction_to_recommended_ratio
W-001678,EXECUTION,-0.4308081513344541,0.4308081513344541,43.5,453,801,2,10.984714285714286,days_since_last_payment_as_of
W-001679,EXECUTION,-0.5111609862774602,0.5111609862774602,91.5,69,801,2,12.97973502930181,sanction_to_estimate_ratio
W-001680,COMPLETION,-0.4379817256182837,0.4379817256182837,55.18672199170125,865,1929,0,2.1318023657366743,largest_payment_share_as_of
W-001681,COMPLETION,-0.508125603368823,0.508125603368823,92.27178423236515,150,1929,0,1.8461206422969265,sanction_to_recommended_ratio
W-001682,COMPLETION,-0.40764923558222504,0.40764923558222504,13.641078838174273,1666,1929,0,1.2958975673631663,sanction_to_recommended_ratio
W-001683,COMPLETION,-0.4328955571223868,0.4328955571223868,49.22199170124481,980,1929,1,3.6851337281197405,physical_progress_velocity_pct_per_30d
W-001684,COMPLETION,-0.4611438499622614,0.4611438499622614,75.8298755186722,467,1929,0,0.9886506849315075,financial_minus_physical_gap_pct_as_of
W-001685,EXECUTION,-0.41985314928141426,0.41985314928141426,29.75,563,801,0,1.7143541666666662,financial_minus_physical_gap_pct_as_of
W-001686,COMPLETION,-0.4775038544413254,0.4775038544413254,84.90663900414938,292,1929,0,1.386822429906542,days_since_last_payment_as_of
W-001687,EXECUTION,-0.42925889458273525,0.42925889458273525,41.75,467,801,0,2.698,physical_progress_decrease_count_as_of
W-001688,COMPLETION,-0.4285211088222402,0.4285211088222402,43.309128630705395,1094,1929,0,2.1449687393820653,largest_payment_share_as_of
W-001689,COMPLETION,-0.4175205875692467,0.4175205875692467,26.50414937759336,1418,1929,0,1.1144562569213732,sanctioned_amount_inr
W-001690,COMPLETION,-0.42405903399922457,0.42405903399922457,37.18879668049792,1212,1929,0,2.6182663558640984,schedule_elapsed_ratio_as_of
W-001691,EXECUTION,-0.4417240384291174,0.4417240384291174,53.5,373,801,2,15.668072916666667,days_since_last_payment_as_of
W-001692,COMPLETION,-0.49053243382482803,0.49053243382482803,88.7448132780083,218,1929,5,15.092337923271582,sanction_to_estimate_ratio
W-001693,COMPLETION,-0.44352759495555516,0.44352759495555516,61.87759336099585,736,1929,0,2.14010821856455,financial_overrun_pct_as_of
W-001694,PRE_SANCTION,-0.5024551623458219,0.5024551623458219,71.00371747211896,79,270,0,0.8781527190426934,estimate_to_recommended_ratio
W-001695,COMPLETION,-0.4024572447984575,0.4024572447984575,7.8838174273858925,1777,1929,0,0.968534727920388,estimate_to_recommended_ratio
W-001696,EXECUTION,-0.4240650891296265,0.4240650891296265,35.375,518,801,0,1.9818641975308653,financial_minus_physical_gap_pct_as_of
W-001697,COMPLETION,-0.4271750341440251,0.4271750341440251,41.2344398340249,1134,1929,0,0.8772467647058824,recommended_amount_inr
W-001698,COMPLETION,-0.4442834998418729,0.4442834998418729,62.29253112033195,728,1929,0,2.0632547947789694,largest_payment_share_as_of
W-001699,EXECUTION,-0.45458901594725676,0.45458901594725676,65.75,275,801,0,2.721070207020702,recommended_amount_inr
W-001700,COMPLETION,-0.43411130294060574,0.43411130294060574,50.88174273858921,948,1929,1,5.111667643143567,physical_progress_velocity_pct_per_30d
W-001701,COMPLETION,-0.5449716037181136,0.5449716037181136,96.62863070539419,66,1929,4,12.079681818181832,latest_financial_progress_pct_as_of
W-001702,COMPLETION,-0.40233613479656666,0.40233613479656666,7.676348547717843,1781,1929,0,1.4766200446785231,sanction_to_recommended_ratio
W-001703,COMPLETION,-0.41727625021447173,0.41727625021447173,25.88174273858921,1430,1929,0,2.184915410868397,physical_progress_velocity_pct_per_30d
W-001704,COMPLETION,-0.39277178092701837,0.39277178092701837,2.074688796680498,1889,1929,1,7.173296358688079,financial_overrun_pct_as_of
W-001705,COMPLETION,-0.41732833255256496,0.41732833255256496,25.933609958506224,1429,1929,0,3.4674992030869896,financial_overrun_pct_as_of
W-001706,COMPLETION,-0.4422769898385463,0.4422769898385463,60.4253112033195,764,1929,0,3.0047141318685844,financial_overrun_pct_as_of
W-001707,EXECUTION,-0.43843636717084145,0.43843636717084145,49.5,405,801,0,2.423984374999998,expected_minus_physical_gap_pct_as_of
W-001708,COMPLETION,-0.41099382632008064,0.41099382632008064,17.842323651452283,1585,1929,1,3.7171296913051224,financial_overrun_pct_as_of
W-001709,EXECUTION,-0.38798600014442886,0.38798600014442886,0.125,800,801,0,1.5408092078767128,sanction_to_recommended_ratio
W-001710,COMPLETION,-0.4513673738078349,0.4513673738078349,68.62033195020747,606,1929,0,2.4878221759557055,physical_progress_velocity_pct_per_30d
W-001711,COMPLETION,-0.4472556741498025,0.4472556741498025,65.4045643153527,668,1929,1,3.6934812427139816,financial_overrun_pct_as_of
W-001712,PRE_SANCTION,-0.4563819113217867,0.4563819113217867,26.022304832713754,200,270,0,1.328879971590909,recommended_amount_inr
W-001713,COMPLETION,-0.3949572699276656,0.3949572699276656,3.215767634854772,1867,1929,0,1.9053965449804429,financial_overrun_pct_as_of
W-001714,EXECUTION,-0.41403795708264335,0.41403795708264335,23.25,615,801,0,1.3494275727272,sanction_to_estimate_ratio
W-001715,COMPLETION,-0.43523003008360145,0.43523003008360145,52.178423236514526,923,1929,0,1.5973533057851237,financial_overrun_pct_as_of
W-001716,PRE_SANCTION,-0.4637604686502321,0.4637604686502321,36.43122676579926,172,270,0,2.4415234567901236,recommended_amount_inr
W-001717,EXECUTION,-0.42659431576279633,0.42659431576279633,38.125,496,801,0,2.174507462686567,expected_minus_physical_gap_pct_as_of
W-001718,COMPLETION,-0.39634768153461636,0.39634768153461636,3.6825726141078836,1858,1929,0,1.6105324465741935,sanction_to_estimate_ratio
W-001719,COMPLETION,-0.43822686947922773,0.43822686947922773,55.446058091286304,860,1929,0,1.72132717317679,sanction_to_recommended_ratio
W-001720,PRE_SANCTION,-0.4787117317559533,0.4787117317559533,53.15985130111524,127,270,0,1.0816557620286504,estimate_to_recommended_ratio
W-001721,COMPLETION,-0.429455506316509,0.429455506316509,45.072614107883815,1060,1929,0,3.4505288588936733,largest_payment_share_as_of
W-001722,COMPLETION,-0.43473399921453215,0.43473399921453215,51.815352697095435,930,1929,0,1.9068993390897302,schedule_elapsed_ratio_as_of
W-001723,COMPLETION,-0.41345676507218515,0.41345676507218515,21.213692946058092,1520,1929,0,1.0983661202185793,days_since_last_payment_as_of
W-001724,EXECUTION,-0.4772927600568373,0.4772927600568373,78.375,174,801,1,10.18387805686494,largest_payment_share_as_of
W-001725,COMPLETION,-0.4376186968162309,0.4376186968162309,54.82365145228216,872,1929,0,1.8518140050760095,estimate_to_recommended_ratio
W-001726,COMPLETION,-0.4270021076502892,0.4270021076502892,40.92323651452282,1140,1929,0,3.100591415381028,physical_progress_velocity_pct_per_30d
W-001727,COMPLETION,-0.40761830422743606,0.40761830422743606,13.485477178423237,1669,1929,0,1.0882106167664012,expenditure_to_sanction_pct_as_of
W-001728,COMPLETION,-0.4015411828542973,0.4015411828542973,7.365145228215767,1787,1929,0,1.3211259015323475,sanction_to_estimate_ratio
W-001729,COMPLETION,-0.4294325792281294,0.4294325792281294,45.02074688796681,1061,1929,0,1.5045764793687122,sanction_to_recommended_ratio
W-001730,EXECUTION,-0.4217729090560662,0.4217729090560662,32.25,543,801,0,1.8172934655775963,released_payment_total_inr_as_of
W-001731,COMPLETION,-0.3919333799769103,0.3919333799769103,1.6597510373443984,1897,1929,0,1.649568938579545,financial_overrun_pct_as_of
W-001732,EXECUTION,-0.4835229590116585,0.4835229590116585,81.875,146,801,0,3.4832388059701493,days_since_last_payment_as_of
W-001733,COMPLETION,-0.53816439093994,0.53816439093994,96.00622406639005,78,1929,4,11.217049308114815,financial_overrun_pct_as_of
W-001734,PRE_SANCTION,-0.45202524506589903,0.45202524506589903,21.189591078066915,213,270,0,0.8511797417175468,estimate_to_recommended_ratio
W-001735,EXECUTION,-0.4134743494488096,0.4134743494488096,22.625,620,801,0,2.517630691271904,sanction_to_recommended_ratio
W-001736,EXECUTION,-0.46104996110996804,0.46104996110996804,70.375,238,801,1,6.155616129172929,largest_payment_share_as_of
W-001737,COMPLETION,-0.41085590656181703,0.41085590656181703,17.738589211618258,1587,1929,0,2.355781996816704,expenditure_to_sanction_pct_as_of
W-001738,EXECUTION,-0.490030792550278,0.490030792550278,85.75,115,801,3,11.98740099009901,days_since_last_payment_as_of
W-001739,COMPLETION,-0.4209900714513227,0.4209900714513227,32.053941908713696,1311,1929,0,1.347065479714544,schedule_elapsed_ratio_as_of
W-001740,EXECUTION,-0.4384771702455969,0.4384771702455969,49.625,404,801,2,10.170058441558442,days_since_last_payment_as_of
W-001741,COMPLETION,-0.4071516684668021,0.4071516684668021,12.759336099585063,1683,1929,0,0.7815516093229745,technical_estimate_amount_inr
W-001742,EXECUTION,-0.4024275523707013,0.4024275523707013,7.875,738,801,0,1.8211499999999963,financial_minus_physical_gap_pct_as_of
W-001743,PRE_SANCTION,-0.4583526577317079,0.4583526577317079,30.111524163568774,189,270,0,1.0311497475731568,estimate_to_recommended_ratio
W-001744,PRE_SANCTION,-0.5130858529494805,0.5130858529494805,79.5539033457249,56,270,0,0.6642737686282909,estimate_to_recommended_ratio
W-001745,COMPLETION,-0.41447435562211277,0.41447435562211277,22.25103734439834,1500,1929,0,1.4988888888888912,latest_financial_progress_pct_as_of
W-001746,COMPLETION,-0.39222919945776274,0.39222919945776274,1.7116182572614107,1896,1929,0,1.151423613892149,financial_overrun_pct_as_of
W-001747,EXECUTION,-0.4103259475675337,0.4103259475675337,18.25,655,801,0,1.119967001311556,estimate_to_recommended_ratio
W-001748,EXECUTION,-0.4614958297998665,0.4614958297998665,70.625,236,801,1,4.45781821081831,physical_progress_velocity_pct_per_30d
W-001749,EXECUTION,-0.4054040436282112,0.4054040436282112,12.0,705,801,0,1.7440642857142823,financial_minus_physical_gap_pct_as_of
W-001750,PRE_SANCTION,-0.44155115741878403,0.44155115741878403,8.921933085501859,246,270,0,1.321436298076923,technical_estimate_amount_inr
W-001751,COMPLETION,-0.4329797637050696,0.4329797637050696,49.42946058091286,976,1929,0,1.6489208015267176,recommended_amount_inr
W-001752,COMPLETION,-0.41744211581212426,0.41744211581212426,26.296680497925312,1422,1929,0,1.2955230179028132,technical_estimate_amount_inr
W-001753,COMPLETION,-0.46701262670226007,0.46701262670226007,79.97925311203319,387,1929,1,5.959573674815913,largest_payment_share_as_of
W-001754,COMPLETION,-0.40127990268024033,0.40127990268024033,7.157676348547718,1791,1929,0,1.0480445000817238,sanction_to_estimate_ratio
W-001755,EXECUTION,-0.4511867763160811,0.4511867763160811,62.5,301,801,1,6.094166666666664,expected_minus_physical_gap_pct_as_of
W-001756,COMPLETION,-0.4254242655755875,0.4254242655755875,38.58921161825726,1185,1929,0,1.4562284357678232,estimate_to_recommended_ratio
W-001757,COMPLETION,-0.416671226033956,0.416671226033956,25.0,1447,1929,0,0.8308860887096774,technical_estimate_amount_inr
W-001758,EXECUTION,-0.42466002330996366,0.42466002330996366,36.0,513,801,0,1.7100774456521743,latest_financial_progress_pct_as_of
W-001759,COMPLETION,-0.5920581087339108,0.5920581087339108,98.70331950207469,26,1929,4,11.6117671997586,financial_overrun_pct_as_of
W-001760,COMPLETION,-0.6091123756929296,0.6091123756929296,99.22199170124482,16,1929,4,13.549267547045684,financial_overrun_pct_as_of
W-001761,COMPLETION,-0.4219037669185357,0.4219037669185357,33.29875518672199,1287,1929,0,1.8204225100177087,sanction_to_recommended_ratio
W-001762,COMPLETION,-0.46298015912360013,0.46298015912360013,77.54149377593362,434,1929,0,2.6986381794678365,largest_payment_share_as_of
W-001763,EXECUTION,-0.44672232227610587,0.44672232227610587,57.5,341,801,0,1.4402997237569062,released_payment_total_inr_as_of
W-001764,EXECUTION,-0.5550445638690193,0.5550445638690193,97.0,25,801,2,7.872522388059698,expected_minus_physical_gap_pct_as_of
W-001765,COMPLETION,-0.38223454305991367,0.38223454305991367,0.1037344398340249,1927,1929,0,0.7429586212628742,largest_payment_share_as_of
W-001766,EXECUTION,-0.4917249351872662,0.4917249351872662,86.5,109,801,2,6.395259259259259,max_physical_progress_drop_pct_as_of
W-001767,COMPLETION,-0.42969557475771825,0.42969557475771825,45.43568464730291,1053,1929,0,2.4581448679294087,physical_progress_velocity_pct_per_30d
W-001768,COMPLETION,-0.44663749423594357,0.44663749423594357,64.78215767634855,680,1929,0,3.2498213690862197,expenditure_to_sanction_pct_as_of
W-001769,COMPLETION,-0.4124567074673409,0.4124567074673409,19.865145228215766,1546,1929,0,1.174148846153846,released_payment_total_inr_as_of
W-001770,COMPLETION,-0.42538869885026676,0.42538869885026676,38.48547717842324,1187,1929,0,1.5273469184890656,recommended_amount_inr
W-001771,COMPLETION,-0.4278669917808198,0.4278669917808198,41.96058091286307,1120,1929,0,1.4399935175239174,estimate_to_recommended_ratio
W-001772,COMPLETION,-0.4482493245094554,0.4482493245094554,66.18257261410788,653,1929,0,1.5662781717598926,estimate_to_recommended_ratio
W-001773,COMPLETION,-0.39804180862995364,0.39804180862995364,4.512448132780083,1842,1929,0,1.7900192307692309,recommended_amount_inr
W-001774,COMPLETION,-0.42916510918587,0.42916510918587,44.553941908713696,1070,1929,0,1.6393525395432904,physical_progress_velocity_pct_per_30d
W-001775,COMPLETION,-0.41282507792242834,0.41282507792242834,20.228215767634854,1539,1929,1,4.480931268199618,financial_overrun_pct_as_of
W-001776,COMPLETION,-0.4268574665246521,0.4268574665246521,40.61203319502075,1146,1929,0,1.9112249745936356,financial_overrun_pct_as_of
W-001777,COMPLETION,-0.6001953342493622,0.6001953342493622,99.01452282157676,20,1929,4,14.091023058542412,financial_overrun_pct_as_of
W-001778,COMPLETION,-0.4662736646588664,0.4662736646588664,79.5643153526971,395,1929,1,3.9477223380923254,largest_payment_share_as_of
W-001779,COMPLETION,-0.4808492207911538,0.4808492207911538,86.2551867219917,266,1929,0,1.719489022340968,physical_progress_velocity_pct_per_30d
W-001780,COMPLETION,-0.406504413809525,0.406504413809525,11.877593360995851,1700,1929,0,1.4015464628292216,largest_payment_share_as_of
W-001781,COMPLETION,-0.4444292261562354,0.4444292261562354,62.448132780082986,725,1929,0,1.3617084380647682,sanction_to_estimate_ratio
W-001782,PRE_SANCTION,-0.4639762210501294,0.4639762210501294,37.54646840148699,169,270,0,1.319207597173145,recommended_amount_inr
W-001783,COMPLETION,-0.40922039685611955,0.40922039685611955,15.819502074688797,1624,1929,0,2.406120378678793,financial_overrun_pct_as_of
W-001784,COMPLETION,-0.4462147086088438,0.4462147086088438,64.10788381742739,693,1929,0,3.062953121107782,largest_payment_share_as_of
W-001785,COMPLETION,-0.3948738710847616,0.3948738710847616,3.163900414937759,1868,1929,1,7.164888606000392,financial_overrun_pct_as_of
W-001786,EXECUTION,-0.4862549475142729,0.4862549475142729,83.625,132,801,3,33.78120833333333,days_since_last_payment_as_of
W-001787,EXECUTION,-0.4564211869551271,0.4564211869551271,67.375,262,801,0,2.773375334035144,schedule_elapsed_ratio_as_of
W-001788,COMPLETION,-0.43729158727423095,0.43729158727423095,54.30497925311203,882,1929,0,2.0116880320993356,sanction_to_recommended_ratio
W-001789,COMPLETION,-0.4056274280142585,0.4056274280142585,10.943983402489627,1718,1929,0,1.1081071428571414,financial_minus_physical_gap_pct_as_of
W-001790,COMPLETION,-0.4068824977265764,0.4068824977265764,12.551867219917012,1687,1929,0,2.441047619047624,latest_financial_progress_pct_as_of
W-001791,EXECUTION,-0.4307302617420806,0.4307302617420806,43.25,455,801,0,2.415570665742025,physical_progress_velocity_pct_per_30d
W-001792,EXECUTION,-0.48311650310151083,0.48311650310151083,81.375,150,801,1,10.169384615384635,max_physical_progress_drop_pct_as_of
W-001793,PRE_SANCTION,-0.5150079175615216,0.5150079175615216,79.92565055762081,55,270,0,1.204629280821918,technical_estimate_amount_inr
W-001794,COMPLETION,-0.4548291069723,0.4548291069723,71.00622406639005,560,1929,0,3.4505288588936733,largest_payment_share_as_of
W-001795,EXECUTION,-0.4167881210867306,0.4167881210867306,26.125,592,801,0,1.349,physical_progress_decrease_count_as_of
W-001796,COMPLETION,-0.4334454164741555,0.4334454164741555,49.89626556016597,967,1929,0,2.14915047627606,financial_overrun_pct_as_of
W-001797,COMPLETION,-0.47089371332846097,0.47089371332846097,82.41701244813278,340,1929,0,2.397835087810696,largest_payment_share_as_of
W-001798,EXECUTION,-0.49451947632210924,0.49451947632210924,87.25,103,801,2,7.12440625,days_since_last_payment_as_of
W-001799,COMPLETION,-0.4374116704811093,0.4374116704811093,54.56431535269709,877,1929,0,1.9571296365198292,physical_progress_velocity_pct_per_30d
W-001800,COMPLETION,-0.43732356626302965,0.43732356626302965,54.40871369294606,880,1929,0,1.7270116210052469,estimate_to_recommended_ratio
W-001801,COMPLETION,-0.4189214669962207,0.4189214669962207,28.42323651452282,1381,1929,0,2.141256776449195,largest_payment_share_as_of
W-001802,PRE_SANCTION,-0.5113502061287073,0.5113502061287073,78.06691449814126,60,270,0,0.9447667820069204,technical_estimate_amount_inr
W-001803,COMPLETION,-0.42535388577134053,0.42535388577134053,38.329875518672196,1190,1929,0,2.988571277179035,physical_progress_velocity_pct_per_30d
W-001804,COMPLETION,-0.46543029758305204,0.46543029758305204,79.149377593361,403,1929,0,1.4837771965415494,sanction_to_recommended_ratio
W-001805,PRE_SANCTION,-0.43932686917640174,0.43932686917640174,6.319702602230484,253,270,0,0.35325254988913696,estimate_to_recommended_ratio
W-001806,EXECUTION,-0.4719299454508802,0.4719299454508802,76.0,193,801,0,3.1012336956521733,expected_minus_physical_gap_pct_as_of
W-001807,PRE_SANCTION,-0.6471384857124568,0.6471384857124568,99.25650557620818,3,270,0,1.2297917042380524,recommended_amount_inr
W-001808,COMPLETION,-0.3947910093623738,0.3947910093623738,3.008298755186722,1871,1929,0,2.4844667538175464,largest_payment_share_as_of
W-001809,COMPLETION,-0.4225236663374322,0.4225236663374322,34.38796680497925,1266,1929,1,8.655321016257716,financial_overrun_pct_as_of
W-001810,EXECUTION,-0.4306340576728971,0.4306340576728971,43.125,456,801,1,10.18387805686494,largest_payment_share_as_of
W-001811,EXECUTION,-0.4314248686935883,0.4314248686935883,44.25,447,801,0,1.8843066184448465,schedule_elapsed_ratio_as_of
W-001812,COMPLETION,-0.43836945363324936,0.43836945363324936,55.86099585062241,852,1929,0,1.231168981202117,sanction_to_recommended_ratio
W-001813,COMPLETION,-0.44603510498786075,0.44603510498786075,63.79668049792531,699,1929,0,1.9838235294117648,technical_estimate_amount_inr
W-001814,COMPLETION,-0.4786016033356735,0.4786016033356735,85.16597510373444,287,1929,2,5.379606873408836,largest_payment_share_as_of
W-001815,COMPLETION,-0.4657220333591142,0.4657220333591142,79.25311203319502,401,1929,1,4.846157373529679,largest_payment_share_as_of
W-001816,COMPLETION,-0.42636556115259594,0.42636556115259594,39.83402489626556,1161,1929,0,1.2691077669902913,released_payment_total_inr_as_of
W-001817,COMPLETION,-0.4382949703299693,0.4382949703299693,55.70539419087137,855,1929,1,4.846157373529679,largest_payment_share_as_of
W-001818,COMPLETION,-0.4074816495799667,0.4074816495799667,13.226141078838173,1674,1929,0,1.0721450079239303,recommended_amount_inr
W-001819,COMPLETION,-0.42787804659984363,0.42787804659984363,42.01244813278009,1119,1929,0,2.2040754373395424,schedule_elapsed_ratio_as_of
W-001820,COMPLETION,-0.5022614445139767,0.5022614445139767,91.44190871369294,166,1929,0,1.8831250087084792,physical_progress_velocity_pct_per_30d
W-001821,EXECUTION,-0.44663811792043295,0.44663811792043295,57.25,343,801,2,5.227375,days_since_last_payment_as_of
W-001822,COMPLETION,-0.41395447138059377,0.41395447138059377,21.78423236514523,1509,1929,0,2.8947291666666697,financial_minus_physical_gap_pct_as_of
W-001823,EXECUTION,-0.5031705087246748,0.5031705087246748,90.0,81,801,1,5.868150000000001,expected_minus_physical_gap_pct_as_of
W-001824,COMPLETION,-0.4545135899932296,0.4545135899932296,70.850622406639,563,1929,0,1.4405150455671774,largest_payment_share_as_of
W-001825,COMPLETION,-0.47933223542740294,0.47933223542740294,85.68464730290457,277,1929,0,1.3361278625954198,technical_estimate_amount_inr
W-001826,COMPLETION,-0.4668074214582287,0.4668074214582287,79.87551867219916,389,1929,1,4.390863189174669,largest_payment_share_as_of
W-001827,PRE_SANCTION,-0.5488424384445059,0.5488424384445059,90.33457249070632,27,270,0,1.9479869895065207,estimate_to_recommended_ratio
W-001828,COMPLETION,-0.39321326229195985,0.39321326229195985,2.4377593360995853,1882,1929,0,2.376809523809532,latest_financial_progress_pct_as_of
W-001829,PRE_SANCTION,-0.5124562739924837,0.5124562739924837,79.182156133829,57,270,0,1.4531910569105746,estimate_to_recommended_ratio
W-001830,PRE_SANCTION,-0.46490262177096053,0.46490262177096053,39.03345724907063,165,270,0,0.5682431506849315,technical_estimate_amount_inr
W-001831,COMPLETION,-0.4282437579688074,0.4282437579688074,42.634854771784234,1107,1929,0,2.075146277598739,financial_overrun_pct_as_of
W-001832,EXECUTION,-0.421229916778555,0.421229916778555,31.5,549,801,0,1.7791143475533242,sanction_to_estimate_ratio
W-001833,COMPLETION,-0.4375406159011372,0.4375406159011372,54.719917012448136,874,1929,0,0.7063322704081633,technical_estimate_amount_inr
W-001834,COMPLETION,-0.42810809904435126,0.42810809904435126,42.37551867219917,1112,1929,0,1.732539215686269,financial_minus_physical_gap_pct_as_of
W-001835,COMPLETION,-0.46205716859700974,0.46205716859700974,76.65975103734439,451,1929,0,2.0376895535263047,sanction_to_recommended_ratio
W-001836,COMPLETION,-0.4241631674453533,0.4241631674453533,37.24066390041494,1211,1929,0,0.9807676957831325,released_payment_total_inr_as_of
W-001837,COMPLETION,-0.44287985836906707,0.44287985836906707,60.94398340248963,754,1929,0,2.1318023657366743,largest_payment_share_as_of
W-001838,COMPLETION,-0.44792774773320126,0.44792774773320126,65.92323651452283,658,1929,0,1.6689460732984294,released_payment_total_inr_as_of
W-001839,EXECUTION,-0.4412786400585577,0.4412786400585577,52.875,378,801,2,5.669806930693069,days_since_last_payment_as_of
W-001840,COMPLETION,-0.5231544836054747,0.5231544836054747,94.60580912863071,105,1929,5,11.885648010325468,sanction_to_estimate_ratio
W-001841,EXECUTION,-0.3978695551263826,0.3978695551263826,4.0,769,801,0,0.9909056317084335,estimate_to_recommended_ratio
W-001842,COMPLETION,-0.5203764176439029,0.5203764176439029,94.19087136929461,113,1929,1,5.90088897889795,largest_payment_share_as_of
W-001843,EXECUTION,-0.4414524668050551,0.4414524668050551,53.125,376,801,1,4.78601520733373,largest_payment_share_as_of
W-001844,PRE_SANCTION,-0.472775281753687,0.472775281753687,49.07063197026022,138,270,0,0.7827649147727272,recommended_amount_inr
W-001845,COMPLETION,-0.4298769703547519,0.4298769703547519,45.74688796680498,1047,1929,0,3.4505288588936733,largest_payment_share_as_of
W-001846,COMPLETION,-0.45572345934149466,0.45572345934149466,71.78423236514523,545,1929,0,1.34587709617935,expenditure_to_sanction_pct_as_of
W-001847,COMPLETION,-0.4433359408469783,0.4433359408469783,61.41078838174274,745,1929,0,2.9782296902795955,schedule_elapsed_ratio_as_of
W-001848,PRE_SANCTION,-0.46468127584731655,0.46468127584731655,37.9182156133829,168,270,0,1.4038180212014135,recommended_amount_inr
W-001849,PRE_SANCTION,-0.48805103422460594,0.48805103422460594,60.96654275092937,106,270,0,1.6387749490814856,estimate_to_recommended_ratio
W-001850,EXECUTION,-0.46188832468193486,0.46188832468193486,70.875,234,801,2,8.227274027090589,schedule_elapsed_ratio_as_of
W-001851,COMPLETION,-0.44974365924209536,0.44974365924209536,67.47925311203319,628,1929,0,1.9165670731707296,latest_financial_progress_pct_as_of
W-001852,COMPLETION,-0.3910307781157671,0.3910307781157671,1.3485477178423237,1903,1929,0,1.0667222330775106,largest_payment_share_as_of
W-001853,COMPLETION,-0.3931728457574481,0.3931728457574481,2.2821576763485476,1885,1929,0,0.8193728549280875,estimate_to_recommended_ratio
W-001854,COMPLETION,-0.5398477791872659,0.5398477791872659,96.16182572614107,75,1929,1,5.379606873408836,largest_payment_share_as_of
W-001855,COMPLETION,-0.3982759661065866,0.3982759661065866,4.823651452282157,1836,1929,0,1.257134377276038,released_payment_total_inr_as_of
W-001856,EXECUTION,-0.43221776044152077,0.43221776044152077,45.0,441,801,3,6.402716417910447,days_since_last_payment_as_of
W-001857,COMPLETION,-0.4274559889896979,0.4274559889896979,41.59751037344398,1127,1929,0,3.208266951810304,largest_payment_share_as_of
W-001858,EXECUTION,-0.4092539924123759,0.4092539924123759,17.5,661,801,0,1.0965866492074308,physical_progress_velocity_pct_per_30d
W-001859,PRE_SANCTION,-0.46994752663522943,0.46994752663522943,45.72490706319702,147,270,0,0.6661581272084806,recommended_amount_inr
W-001860,COMPLETION,-0.44340887174081534,0.44340887174081534,61.51452282157676,743,1929,0,2.0227212152626817,expenditure_to_sanction_pct_as_of
W-001861,COMPLETION,-0.4349633817523976,0.4349633817523976,51.97095435684647,927,1929,1,4.4281949150792075,largest_payment_share_as_of
W-001862,COMPLETION,-0.49659794021774645,0.49659794021774645,90.19709543568464,190,1929,3,12.784964938319307,sanction_to_estimate_ratio
W-001863,COMPLETION,-0.4672981573857096,0.4672981573857096,80.23858921161826,382,1929,0,2.3045416666666725,latest_financial_progress_pct_as_of
W-001864,COMPLETION,-0.4099141709979962,0.4099141709979962,16.54564315352697,1610,1929,0,1.7846805169202544,sanction_to_estimate_ratio
W-001865,COMPLETION,-0.4051432518355711,0.4051432518355711,10.425311203319502,1728,1929,0,1.2088952936892734,sanction_to_estimate_ratio
W-001866,COMPLETION,-0.45484887477709174,0.45484887477709174,71.05809128630706,559,1929,0,3.226647816813179,largest_payment_share_as_of
W-001867,EXECUTION,-0.4090386861771764,0.4090386861771764,17.25,663,801,0,1.0720624872380822,sanction_to_recommended_ratio
W-001868,COMPLETION,-0.6025176152407498,0.6025176152407498,99.06639004149378,19,1929,3,23.13160694268714,sanction_to_estimate_ratio
W-001869,COMPLETION,-0.4437103853394307,0.4437103853394307,61.981327800829874,734,1929,0,1.7874074877938135,schedule_elapsed_ratio_as_of
W-001870,COMPLETION,-0.4366016344343398,0.4366016344343398,53.42323651452282,899,1929,0,3.2052154213036546,largest_payment_share_as_of
W-001871,EXECUTION,-0.48810128873538616,0.48810128873538616,84.375,126,801,0,3.02697392638037,latest_physical_progress_pct_as_of
W-001872,EXECUTION,-0.6177740060317859,0.6177740060317859,99.625,4,801,2,29.653910714285722,financial_minus_physical_gap_pct_as_of
W-001873,COMPLETION,-0.40592557210555175,0.40592557210555175,11.307053941908714,1711,1929,0,1.9453725868725869,sanctioned_amount_inr
W-001874,COMPLETION,-0.44038728024731705,0.44038728024731705,58.29875518672199,805,1929,0,2.310947739228377,schedule_elapsed_ratio_as_of
W-001875,COMPLETION,-0.46882003886009954,0.46882003886009954,80.96473029045643,368,1929,0,1.6327896296296296,technical_estimate_amount_inr
W-001876,COMPLETION,-0.41854151101043996,0.41854151101043996,27.74896265560166,1394,1929,0,2.842843858934357,financial_overrun_pct_as_of
W-001877,EXECUTION,-0.420706876842262,0.420706876842262,30.625,556,801,0,2.426465040318465,schedule_elapsed_ratio_as_of
W-001878,COMPLETION,-0.42101512220346665,0.42101512220346665,32.20954356846473,1308,1929,0,1.514377720862788,physical_progress_velocity_pct_per_30d
W-001879,PRE_SANCTION,-0.46603071290047204,0.46603071290047204,41.2639405204461,159,270,0,0.6432490347490347,recommended_amount_inr
W-001880,EXECUTION,-0.6067939342180924,0.6067939342180924,99.375,6,801,5,22.785188212507006,sanction_to_estimate_ratio
W-001881,EXECUTION,-0.42079608172803307,0.42079608172803307,31.125,552,801,0,0.9283926086458709,largest_payment_share_as_of
W-001882,PRE_SANCTION,-0.45759160611355265,0.45759160611355265,29.36802973977695,191,270,0,0.4702738192784145,estimate_to_recommended_ratio
W-001883,COMPLETION,-0.3893444869005519,0.3893444869005519,0.8298755186721992,1913,1929,0,2.0321990737224955,financial_overrun_pct_as_of
W-001884,COMPLETION,-0.42641621053130124,0.42641621053130124,39.93775933609958,1159,1929,0,1.4072440524629946,sanction_to_recommended_ratio
W-001885,COMPLETION,-0.5053911754083493,0.5053911754083493,92.01244813278008,155,1929,0,1.0379736448951173,expenditure_to_sanction_pct_as_of
W-001886,COMPLETION,-0.41985825004278426,0.41985825004278426,30.29045643153527,1345,1929,0,1.402531746031749,latest_financial_progress_pct_as_of
W-001887,COMPLETION,-0.4186137686058359,0.4186137686058359,27.852697095435683,1392,1929,0,1.7778820304862377,schedule_elapsed_ratio_as_of
W-001888,COMPLETION,-0.4492169962725735,0.4492169962725735,66.96058091286307,638,1929,0,1.532484674329502,days_since_last_payment_as_of
W-001889,COMPLETION,-0.47132696167787064,0.47132696167787064,82.62448132780084,336,1929,0,1.2235471661335482,sanction_to_estimate_ratio
W-001890,COMPLETION,-0.48638801998143516,0.48638801998143516,87.9149377593361,234,1929,3,3.781287878787885,financial_minus_physical_gap_pct_as_of
W-001891,EXECUTION,-0.4348423728940369,0.4348423728940369,46.625,428,801,0,2.0611381753764393,technical_estimate_amount_inr
W-001892,EXECUTION,-0.4145105574615317,0.4145105574615317,23.625,612,801,0,2.3382666666666823,financial_minus_physical_gap_pct_as_of
W-001893,EXECUTION,-0.4741969128469419,0.4741969128469419,77.125,184,801,0,2.0837169006170964,estimate_to_recommended_ratio
W-001894,COMPLETION,-0.46461397586551423,0.46461397586551423,78.7344398340249,411,1929,4,4.077659090909085,latest_financial_progress_pct_as_of
W-001895,EXECUTION,-0.4268706540104376,0.4268706540104376,38.5,493,801,0,2.238415736841323,largest_payment_share_as_of
W-001896,COMPLETION,-0.40791717208089484,0.40791717208089484,14.107883817427386,1657,1929,0,1.7907147881336258,sanction_to_recommended_ratio
W-001897,EXECUTION,-0.48940059349305026,0.48940059349305026,85.125,120,801,2,25.079007148063155,sanction_to_estimate_ratio
W-001898,COMPLETION,-0.4328722247754365,0.4328722247754365,49.170124481327804,981,1929,0,2.1017259383140168,expenditure_to_sanction_pct_as_of
W-001899,COMPLETION,-0.4406521875386583,0.4406521875386583,58.7655601659751,796,1929,0,1.9086452429667513,financial_overrun_pct_as_of
W-001900,COMPLETION,-0.42477872974343117,0.42477872974343117,37.863070539419084,1199,1929,0,1.7856439522998298,released_payment_total_inr_as_of
W-001901,EXECUTION,-0.4497415257480881,0.4497415257480881,60.875,314,801,1,10.18387805686494,largest_payment_share_as_of
W-001902,COMPLETION,-0.44694161529202303,0.44694161529202303,65.09336099585062,674,1929,0,2.934091429374758,largest_payment_share_as_of
W-001903,COMPLETION,-0.4205327021107897,0.4205327021107897,31.431535269709542,1323,1929,0,1.8222018961068025,estimate_to_recommended_ratio
W-001904,EXECUTION,-0.4172008227399272,0.4172008227399272,26.75,587,801,0,1.7542373162520664,sanction_to_estimate_ratio
W-001905,COMPLETION,-0.45409502737380514,0.45409502737380514,70.48755186721992,570,1929,0,2.6986381794678365,largest_payment_share_as_of
W-001906,EXECUTION,-0.4319033971026677,0.4319033971026677,44.625,444,801,1,3.7473383738209445,largest_payment_share_as_of
W-001907,COMPLETION,-0.45830960573445206,0.45830960573445206,73.80705394190872,506,1929,1,3.799505747043449,financial_overrun_pct_as_of
W-001908,COMPLETION,-0.45218587077359546,0.45218587077359546,69.24273858921161,594,1929,0,2.478242502867695,expenditure_to_sanction_pct_as_of
W-001909,COMPLETION,-0.4220840991261508,0.4220840991261508,33.66182572614108,1280,1929,0,2.5608774567693127,largest_payment_share_as_of
W-001910,EXECUTION,-0.43451966979353057,0.43451966979353057,46.125,432,801,1,5.1298087232190195,physical_progress_velocity_pct_per_30d
W-001911,COMPLETION,-0.4260748424122793,0.4260748424122793,39.522821576763484,1167,1929,0,1.7735470132743363,financial_overrun_pct_as_of
W-001912,COMPLETION,-0.4754102078748389,0.4754102078748389,83.92116182572614,311,1929,0,2.336569811320755,released_payment_total_inr_as_of
W-001913,COMPLETION,-0.40658285917294357,0.40658285917294357,12.0850622406639,1696,1929,0,2.111635084863985,financial_overrun_pct_as_of
W-001914,COMPLETION,-0.41241366814805536,0.41241366814805536,19.813278008298756,1547,1929,0,1.5314459188100675,physical_progress_velocity_pct_per_30d
W-001915,COMPLETION,-0.4229611847549225,0.4229611847549225,35.114107883817425,1252,1929,0,1.9141216216216204,financial_minus_physical_gap_pct_as_of
W-001916,EXECUTION,-0.40074393493167343,0.40074393493167343,7.0,745,801,0,1.0963770424339256,sanction_to_recommended_ratio
W-001917,COMPLETION,-0.49868457850977665,0.49868457850977665,90.61203319502074,182,1929,2,13.499469793505119,sanction_to_estimate_ratio
W-001918,COMPLETION,-0.4925705217490371,0.4925705217490371,89.26348547717842,208,1929,2,11.376271343528929,sanction_to_estimate_ratio
W-001919,COMPLETION,-0.39318353734645206,0.39318353734645206,2.3340248962655603,1884,1929,0,1.1133627029845528,sanction_to_estimate_ratio
W-001920,COMPLETION,-0.4294856450872318,0.4294856450872318,45.12448132780083,1059,1929,0,3.080345055314257,physical_progress_velocity_pct_per_30d
W-001921,COMPLETION,-0.45032482362808013,0.45032482362808013,67.89419087136929,620,1929,1,7.927403750884642,financial_overrun_pct_as_of
W-001922,PRE_SANCTION,-0.43964623042980994,0.43964623042980994,6.691449814126394,252,270,0,0.5917502206531333,technical_estimate_amount_inr
W-001923,PRE_SANCTION,-0.43876966255926,0.43876966255926,4.83271375464684,257,270,0,0.35679346210995544,technical_estimate_amount_inr
W-001924,COMPLETION,-0.3991590986406034,0.3991590986406034,5.601659751037344,1821,1929,0,1.811845708715059,sanction_to_estimate_ratio
W-001925,PRE_SANCTION,-0.4531262568228292,0.4531262568228292,22.676579925650557,209,270,0,0.43305606244983935,estimate_to_recommended_ratio
W-001926,COMPLETION,-0.48167432791483955,0.48167432791483955,86.51452282157676,261,1929,0,2.6986381794678365,largest_payment_share_as_of
W-001927,COMPLETION,-0.41702955232074407,0.41702955232074407,25.466804979253112,1438,1929,0,1.8627340724905483,physical_progress_velocity_pct_per_30d
W-001928,EXECUTION,-0.43968596704598384,0.43968596704598384,51.0,393,801,0,3.305958833266699,largest_payment_share_as_of
W-001929,COMPLETION,-0.4101642817847153,0.4101642817847153,17.116182572614107,1599,1929,0,1.0458846153846153,recommended_amount_inr
W-001930,EXECUTION,-0.40546770954284495,0.40546770954284495,12.25,703,801,0,0.9745382276281495,technical_estimate_amount_inr
W-001931,EXECUTION,-0.4182987578911578,0.4182987578911578,28.125,576,801,1,4.64056,max_physical_progress_drop_pct_as_of
W-001932,COMPLETION,-0.47893202982703875,0.47893202982703875,85.47717842323651,281,1929,0,2.8527841342671025,largest_payment_share_as_of
W-001933,COMPLETION,-0.4308402582461887,0.4308402582461887,46.732365145228215,1028,1929,0,1.9310419950978903,expenditure_to_sanction_pct_as_of
W-001934,COMPLETION,-0.40908548122173005,0.40908548122173005,15.560165975103734,1629,1929,0,1.7853432098765432,sanctioned_amount_inr
W-001935,COMPLETION,-0.4279594701744561,0.4279594701744561,42.06431535269709,1118,1929,1,3.557350696747337,largest_payment_share_as_of
W-001936,COMPLETION,-0.46117810520918046,0.46117810520918046,75.88174273858921,466,1929,1,4.4281949150792075,largest_payment_share_as_of
W-001937,COMPLETION,-0.5920955562748738,0.5920955562748738,98.7551867219917,25,1929,4,15.44783727917,financial_overrun_pct_as_of
W-001938,COMPLETION,-0.5173422536946267,0.5173422536946267,93.82780082987551,120,1929,3,6.280640419097253,expenditure_to_sanction_pct_as_of
W-001939,PRE_SANCTION,-0.46350582486545694,0.46350582486545694,36.059479553903344,173,270,0,0.9338681434467393,estimate_to_recommended_ratio
W-001940,EXECUTION,-0.4536134591652322,0.4536134591652322,64.75,283,801,2,12.14563848886165,schedule_elapsed_ratio_as_of
W-001941,EXECUTION,-0.39132243643595077,0.39132243643595077,1.125,792,801,0,0.8327160493827165,financial_minus_physical_gap_pct_as_of
W-001942,COMPLETION,-0.4541327689156291,0.4541327689156291,70.59128630705395,568,1929,0,1.8918902439024416,latest_financial_progress_pct_as_of
W-001943,EXECUTION,-0.5089241864635592,0.5089241864635592,91.25,71,801,2,21.28262765957447,days_since_last_payment_as_of
W-001944,COMPLETION,-0.4246962389895103,0.4246962389895103,37.81120331950208,1200,1929,1,4.096814426100629,physical_progress_velocity_pct_per_30d
W-001945,COMPLETION,-0.4436912023994275,0.4436912023994275,61.92946058091286,735,1929,0,1.7438292682926868,financial_minus_physical_gap_pct_as_of
W-001946,EXECUTION,-0.46879368334744353,0.46879368334744353,73.875,210,801,2,277.89399999999983,max_physical_progress_drop_pct_as_of
W-001947,EXECUTION,-0.520352443340007,0.520352443340007,93.25,55,801,2,17.373273034217082,sanction_to_estimate_ratio
W-001948,COMPLETION,-0.4530252165337478,0.4530252165337478,69.81327800829875,583,1929,0,3.0723454419374954,schedule_elapsed_ratio_as_of
W-001949,EXECUTION,-0.39816471927532254,0.39816471927532254,4.25,767,801,0,1.4381659280471468,sanction_to_recommended_ratio
W-001950,EXECUTION,-0.45949482740453507,0.45949482740453507,69.25,247,801,0,2.196942857142857,latest_financial_progress_pct_as_of
W-001951,COMPLETION,-0.39160880369265866,0.39160880369265866,1.5560165975103735,1899,1929,0,0.9742428865504534,schedule_elapsed_ratio_as_of
W-001952,COMPLETION,-0.4193296831808503,0.4193296831808503,29.512448132780083,1360,1929,0,1.3449797681614897,largest_payment_share_as_of
W-001953,COMPLETION,-0.42080256555613,0.42080256555613,31.79460580912863,1316,1929,0,1.3351123879183593,schedule_elapsed_ratio_as_of
W-001954,COMPLETION,-0.43022875101247315,0.43022875101247315,46.10995850622407,1040,1929,0,2.1479393971731553,largest_payment_share_as_of
W-001955,COMPLETION,-0.38478525412660936,0.38478525412660936,0.25933609958506226,1924,1929,0,0.9511389806401025,largest_payment_share_as_of
W-001956,COMPLETION,-0.4482800887045229,0.4482800887045229,66.2344398340249,652,1929,0,1.1760512820512823,latest_financial_progress_pct_as_of
W-001957,COMPLETION,-0.45844488558332075,0.45844488558332075,74.11825726141079,500,1929,0,1.958577054484997,sanction_to_recommended_ratio
W-001958,EXECUTION,-0.4218997229235731,0.4218997229235731,32.5,541,801,0,2.0335965052508844,largest_payment_share_as_of
W-001959,COMPLETION,-0.40812925853360643,0.40812925853360643,14.367219917012449,1652,1929,0,2.3115167210933714,financial_overrun_pct_as_of
W-001960,EXECUTION,-0.4165603319261157,0.4165603319261157,25.5,597,801,0,1.2281940298507494,expected_minus_physical_gap_pct_as_of
W-001961,COMPLETION,-0.43459792073617604,0.43459792073617604,51.45228215767635,937,1929,0,1.8802752663913922,financial_overrun_pct_as_of
W-001962,PRE_SANCTION,-0.5931277345770187,0.5931277345770187,96.6542750929368,10,270,0,1.1340158610271904,recommended_amount_inr
W-001963,COMPLETION,-0.5189890748020755,0.5189890748020755,94.03526970954357,116,1929,2,5.008243961352657,financial_overrun_pct_as_of
W-001964,COMPLETION,-0.4533125773277731,0.4533125773277731,69.9688796680498,580,1929,2,8.024224499466131,sanction_to_estimate_ratio
W-001965,COMPLETION,-0.4478862021612153,0.4478862021612153,65.76763485477179,661,1929,0,2.1992412844036697,released_payment_total_inr_as_of
W-001966,COMPLETION,-0.5000981305788157,0.5000981305788157,90.92323651452283,176,1929,0,2.5109595821574917,schedule_elapsed_ratio_as_of
W-001967,COMPLETION,-0.4137199747172999,0.4137199747172999,21.524896265560166,1514,1929,0,1.7676551724137943,financial_minus_physical_gap_pct_as_of
W-001968,PRE_SANCTION,-0.4514005803950443,0.4514005803950443,19.702602230483272,217,270,0,0.2526119691119691,recommended_amount_inr
W-001969,EXECUTION,-0.42172621552572004,0.42172621552572004,32.125,544,801,0,2.6879328358208956,days_since_last_payment_as_of
W-001970,COMPLETION,-0.4427379692644249,0.4427379692644249,60.73651452282158,758,1929,0,2.0457362637362637,sanctioned_amount_inr
W-001971,COMPLETION,-0.4426396655709009,0.4426396655709009,60.63278008298755,760,1929,0,1.67749025974026,days_since_last_payment_as_of
W-001972,COMPLETION,-0.4180870771972606,0.4180870771972606,27.12655601659751,1406,1929,0,2.5140454545454562,financial_minus_physical_gap_pct_as_of
W-001973,EXECUTION,-0.4715110431724014,0.4715110431724014,75.25,199,801,0,1.215481228668942,latest_physical_progress_pct_as_of
W-001974,COMPLETION,-0.44057075811803437,0.44057075811803437,58.558091286307054,800,1929,0,2.109758188687254,largest_payment_share_as_of
W-001975,COMPLETION,-0.42066068842215476,0.42066068842215476,31.639004149377595,1319,1929,0,1.3100686787166569,schedule_elapsed_ratio_as_of
W-001976,EXECUTION,-0.44845362917880105,0.44845362917880105,59.125,328,801,1,12.723522727272709,financial_minus_physical_gap_pct_as_of
W-001977,COMPLETION,-0.4264280353045365,0.4264280353045365,40.04149377593361,1157,1929,0,3.1931709104753887,financial_overrun_pct_as_of
W-001978,COMPLETION,-0.3912711220046381,0.3912711220046381,1.504149377593361,1900,1929,0,1.122970744680851,released_payment_total_inr_as_of
W-001979,COMPLETION,-0.41949141013325675,0.41949141013325675,29.771784232365146,1355,1929,0,1.5553830038707175,physical_progress_velocity_pct_per_30d
W-001980,EXECUTION,-0.4402322315127741,0.4402322315127741,51.375,390,801,0,3.3724999999999996,expected_minus_physical_gap_pct_as_of
W-001981,COMPLETION,-0.43368229108001277,0.43368229108001277,50.363070539419084,958,1929,0,0.9765905098563091,expenditure_to_sanction_pct_as_of
W-001982,EXECUTION,-0.4264809961649874,0.4264809961649874,37.875,498,801,1,10.440697916666666,days_since_last_payment_as_of
W-001983,COMPLETION,-0.47746108012610305,0.47746108012610305,84.85477178423237,293,1929,0,0.8599875000000015,latest_financial_progress_pct_as_of
W-001984,COMPLETION,-0.42551219946917573,0.42551219946917573,38.79668049792531,1181,1929,0,2.7364015019210615,financial_overrun_pct_as_of
W-001985,COMPLETION,-0.4346834930906868,0.4346834930906868,51.711618257261414,932,1929,0,2.304541666666658,latest_financial_progress_pct_as_of
W-001986,EXECUTION,-0.4762782176964699,0.4762782176964699,77.625,180,801,3,12.706709677419319,max_physical_progress_drop_pct_as_of
W-001987,COMPLETION,-0.43302333479813476,0.43302333479813476,49.53319502074689,974,1929,0,1.685261775639623,largest_payment_share_as_of
W-001988,COMPLETION,-0.39403024827366934,0.39403024827366934,2.6970954356846475,1877,1929,0,1.3490000000000002,financial_overrun_pct_as_of
W-001989,PRE_SANCTION,-0.48895353562071225,0.48895353562071225,61.33828996282528,105,270,0,0.8190509050094928,estimate_to_recommended_ratio
W-001990,COMPLETION,-0.4632384893954289,0.4632384893954289,77.69709543568464,431,1929,0,1.6913251590909573,schedule_elapsed_ratio_as_of
W-001991,COMPLETION,-0.40456784747576924,0.40456784747576924,9.802904564315353,1740,1929,0,0.960730343962541,financial_overrun_pct_as_of
W-001992,COMPLETION,-0.4513187581317824,0.4513187581317824,68.56846473029046,607,1929,0,2.3673571421634745,financial_overrun_pct_as_of
W-001993,COMPLETION,-0.5909867749355164,0.5909867749355164,98.59958506224066,28,1929,1,5.63592318638652,physical_progress_velocity_pct_per_30d
W-001994,EXECUTION,-0.3953491968625544,0.3953491968625544,2.375,782,801,0,1.597442649434572,recommended_amount_inr
W-001995,COMPLETION,-0.39796721083773956,0.39796721083773956,4.408713692946058,1844,1929,0,1.758548642172524,financial_overrun_pct_as_of
W-001996,COMPLETION,-0.4460444555157822,0.4460444555157822,63.90041493775934,697,1929,1,5.089866398058481,largest_payment_share_as_of
W-001997,COMPLETION,-0.4538035827455788,0.4538035827455788,70.22821576763485,575,1929,0,1.9515758511780859,estimate_to_recommended_ratio
W-001998,COMPLETION,-0.4202264909442647,0.4202264909442647,30.75726141078838,1336,1929,0,2.8427111603201616,physical_progress_velocity_pct_per_30d
W-001999,EXECUTION,-0.5203100787218425,0.5203100787218425,93.125,56,801,1,6.645554487179486,expected_minus_physical_gap_pct_as_of
W-002000,COMPLETION,-0.518386601727393,0.518386601727393,93.98340248962656,117,1929,1,3.5702361653672563,physical_progress_velocity_pct_per_30d
W-002001,PRE_SANCTION,-0.5048499743792351,0.5048499743792351,72.86245353159852,74,270,0,1.4412050520059436,technical_estimate_amount_inr
W-002002,COMPLETION,-0.4387232841499008,0.4387232841499008,56.37966804979253,842,1929,0,1.957727142006734,financial_overrun_pct_as_of
W-002003,EXECUTION,-0.4292986051312492,0.4292986051312492,41.875,466,801,2,8.501510416666667,days_since_last_payment_as_of
W-002004,EXECUTION,-0.42856289216864263,0.42856289216864263,40.5,477,801,0,1.1291080586080584,latest_financial_progress_pct_as_of
W-002005,COMPLETION,-0.4187169314342195,0.4187169314342195,28.060165975103736,1388,1929,0,1.859198717948718,recommended_amount_inr
W-002006,COMPLETION,-0.4158557569082835,0.4158557569082835,23.807053941908713,1470,1929,0,0.5968548888942928,largest_payment_share_as_of
W-002007,COMPLETION,-0.4175024700337547,0.4175024700337547,26.452282157676347,1419,1929,0,1.141909570011289,expenditure_to_sanction_pct_as_of
W-002008,EXECUTION,-0.4905113050567341,0.4905113050567341,85.875,114,801,2,16.34586170212766,days_since_last_payment_as_of
W-002009,COMPLETION,-0.4556673218285731,0.4556673218285731,71.6804979253112,547,1929,0,1.8175509921330542,sanction_to_recommended_ratio
W-002010,EXECUTION,-0.4234678711934161,0.4234678711934161,34.375,526,801,0,1.8339164977807867,estimate_to_recommended_ratio
W-002011,COMPLETION,-0.41113084684446594,0.41113084684446594,18.101659751037346,1580,1929,0,0.8042115384615424,latest_financial_progress_pct_as_of
W-002012,EXECUTION,-0.45207569501437445,0.45207569501437445,63.625,292,801,1,5.117160495015605,largest_payment_share_as_of
W-002013,EXECUTION,-0.46542599013807956,0.46542599013807956,72.0,225,801,0,2.4890840707964603,released_payment_total_inr_as_of
W-002014,COMPLETION,-0.40234581718002904,0.40234581718002904,7.728215767634855,1780,1929,1,8.088374314056702,financial_overrun_pct_as_of
W-002015,COMPLETION,-0.3897284424025587,0.3897284424025587,0.9336099585062241,1911,1929,0,1.1330458493024433,sanction_to_estimate_ratio
W-002016,EXECUTION,-0.4410640589303466,0.4410640589303466,52.5,381,801,0,2.849104031736335,sanction_to_recommended_ratio
W-002017,EXECUTION,-0.47196548828781737,0.47196548828781737,76.25,191,801,2,14.01461111111111,days_since_last_payment_as_of
W-002018,COMPLETION,-0.42480695127182355,0.42480695127182355,37.96680497925311,1197,1929,0,1.1788039596273292,released_payment_total_inr_as_of
W-002019,EXECUTION,-0.4070342398365173,0.4070342398365173,14.75,683,801,0,1.4752978493252193,estimate_to_recommended_ratio
W-002020,EXECUTION,-0.4138879595733565,0.4138879595733565,23.125,616,801,0,1.9323634016660949,sanction_to_recommended_ratio
W-002021,EXECUTION,-0.44064115851190544,0.44064115851190544,51.75,387,801,1,5.569848796180087,physical_progress_velocity_pct_per_30d
W-002022,PRE_SANCTION,-0.4630451887228159,0.4630451887228159,34.572490706319705,177,270,0,0.8121815423056271,estimate_to_recommended_ratio
W-002023,COMPLETION,-0.4418320711240774,0.4418320711240774,59.85477178423236,775,1929,1,4.039548600064242,financial_overrun_pct_as_of
W-002024,EXECUTION,-0.521420753992567,0.521420753992567,93.625,52,801,3,15.36766216216216,days_since_last_payment_as_of
W-002025,COMPLETION,-0.46791615369326783,0.46791615369326783,80.49792531120332,377,1929,0,2.7410581138230388,schedule_elapsed_ratio_as_of
W-002026,COMPLETION,-0.4565220131343816,0.4565220131343816,72.35477178423237,534,1929,0,2.2808146123228035,physical_progress_velocity_pct_per_30d
W-002027,COMPLETION,-0.41480807622070687,0.41480807622070687,22.510373443983404,1495,1929,0,1.3672494196874403,financial_overrun_pct_as_of
W-002028,COMPLETION,-0.4099265100219157,0.4099265100219157,16.649377593360995,1608,1929,0,1.2962714574199778,sanction_to_estimate_ratio
W-002029,COMPLETION,-0.43576846359081683,0.43576846359081683,52.64522821576764,914,1929,0,1.7743518258426967,released_payment_total_inr_as_of
W-002030,COMPLETION,-0.4632639954296633,0.4632639954296633,77.74896265560166,430,1929,1,4.130918028218415,financial_overrun_pct_as_of
W-002031,COMPLETION,-0.4860772017732459,0.4860772017732459,87.81120331950207,236,1929,0,2.02462108624191,sanction_to_estimate_ratio
W-002032,COMPLETION,-0.4080906683385026,0.4080906683385026,14.315352697095436,1653,1929,0,1.0966206640767535,sanction_to_estimate_ratio
W-002033,EXECUTION,-0.44251209076950876,0.44251209076950876,54.25,367,801,1,6.373536231884058,days_since_last_payment_as_of
W-002034,PRE_SANCTION,-0.5352520831977796,0.5352520831977796,86.2453531598513,38,270,0,1.2101197618115622,estimate_to_recommended_ratio
W-002035,EXECUTION,-0.5162964541451899,0.5162964541451899,93.0,57,801,2,22.64392857142857,days_since_last_payment_as_of
W-002036,PRE_SANCTION,-0.4497682672401346,0.4497682672401346,18.21561338289963,221,270,0,0.6322249414471717,estimate_to_recommended_ratio
W-002037,COMPLETION,-0.4735222337151812,0.4735222337151812,83.350622406639,322,1929,0,2.382757285920245,schedule_elapsed_ratio_as_of
W-002038,EXECUTION,-0.45009503959562247,0.45009503959562247,61.25,311,801,0,2.775232824427479,latest_physical_progress_pct_as_of
W-002039,EXECUTION,-0.4411469571115808,0.4411469571115808,52.75,379,801,3,129.50399999999823,max_physical_progress_drop_pct_as_of
W-002040,PRE_SANCTION,-0.4741444138563818,0.4741444138563818,50.185873605947954,135,270,0,0.477979012345679,recommended_amount_inr
W-002041,COMPLETION,-0.3932000306144545,0.3932000306144545,2.3858921161825726,1883,1929,0,0.9241311274509804,recommended_amount_inr
W-002042,EXECUTION,-0.4366483407285426,0.4366483407285426,47.75,419,801,0,1.1761837793548175,sanction_to_estimate_ratio
W-002043,COMPLETION,-0.46086878275855925,0.46086878275855925,75.72614107883817,469,1929,0,2.397835087810696,largest_payment_share_as_of
W-002044,EXECUTION,-0.47157633664550236,0.47157633664550236,75.5,197,801,0,2.5579398907103825,days_since_last_payment_as_of
W-002045,PRE_SANCTION,-0.48419967660875524,0.48419967660875524,56.50557620817844,118,270,0,1.0916972347253269,estimate_to_recommended_ratio
W-002046,EXECUTION,-0.4045459898515563,0.4045459898515563,10.625,716,801,0,2.6812768595041314,expected_minus_physical_gap_pct_as_of
W-002047,COMPLETION,-0.4058547424078064,0.4058547424078064,11.151452282157676,1714,1929,0,1.2876818181818173,latest_financial_progress_pct_as_of
W-002048,EXECUTION,-0.46091858620819376,0.46091858620819376,70.0,241,801,0,1.5820354077253214,latest_financial_progress_pct_as_of
W-002049,COMPLETION,-0.4487249295065208,0.4487249295065208,66.70124481327801,643,1929,0,2.397835087810696,largest_payment_share_as_of
W-002050,COMPLETION,-0.43207500314481667,0.43207500314481667,48.13278008298755,1001,1929,0,2.163930432287552,sanction_to_recommended_ratio
W-002051,COMPLETION,-0.42367060671344714,0.42367060671344714,36.30705394190871,1229,1929,0,2.42563336210102,expenditure_to_sanction_pct_as_of
W-002052,COMPLETION,-0.43418943586841086,0.43418943586841086,50.98547717842324,946,1929,0,1.3446225470170066,estimate_to_recommended_ratio
W-002053,EXECUTION,-0.4083217565563349,0.4083217565563349,16.375,670,801,0,1.2155052083333324,expected_minus_physical_gap_pct_as_of
W-002054,EXECUTION,-0.4219787083903519,0.4219787083903519,32.875,538,801,0,2.6766437994722954,overdue_days_as_of
W-002055,COMPLETION,-0.41082654350315007,0.41082654350315007,17.686721991701244,1588,1929,0,1.5755910141036116,expenditure_to_sanction_pct_as_of
W-002056,EXECUTION,-0.5254101706721402,0.5254101706721402,94.625,44,801,4,24.23675352921532,sanction_to_recommended_ratio
W-002057,EXECUTION,-0.3932807566946097,0.3932807566946097,1.75,787,801,0,1.337978758169934,latest_physical_progress_pct_as_of
W-002058,COMPLETION,-0.40321661747185195,0.40321661747185195,8.609958506224066,1763,1929,0,1.3608742564039231,largest_payment_share_as_of
W-002059,COMPLETION,-0.4148572464584599,0.4148572464584599,22.66597510373444,1492,1929,0,1.883129041555352,sanction_to_recommended_ratio
W-002060,COMPLETION,-0.4183596613679554,0.4183596613679554,27.437759336099585,1400,1929,0,1.6826052084439478,expenditure_to_sanction_pct_as_of
W-002061,COMPLETION,-0.4514213502406773,0.4514213502406773,68.7240663900415,604,1929,0,1.9567912087912087,sanctioned_amount_inr
W-002062,COMPLETION,-0.41836585263295656,0.41836585263295656,27.489626556016596,1399,1929,0,1.0771819013761053,schedule_elapsed_ratio_as_of
W-002063,EXECUTION,-0.4417923937473654,0.4417923937473654,53.625,372,801,0,2.698,physical_progress_decrease_count_as_of
W-002064,COMPLETION,-0.5019145908242416,0.5019145908242416,91.28630705394191,169,1929,2,19.35892348199035,sanction_to_estimate_ratio
W-002065,EXECUTION,-0.399527235680039,0.399527235680039,5.625,756,801,0,1.0559298616563406,physical_progress_velocity_pct_per_30d
W-002066,EXECUTION,-0.41690871148643316,0.41690871148643316,26.375,590,801,0,2.2764374999999997,financial_minus_physical_gap_pct_as_of
W-002067,EXECUTION,-0.503458695996935,0.503458695996935,90.125,80,801,2,15.062355141560896,sanction_to_estimate_ratio
W-002068,COMPLETION,-0.48495948605799377,0.48495948605799377,87.39626556016597,244,1929,0,1.5800961002785516,released_payment_total_inr_as_of
W-002069,COMPLETION,-0.6267468499583744,0.6267468499583744,99.5850622406639,9,1929,5,12.634651503811295,financial_overrun_pct_as_of
W-002070,COMPLETION,-0.4945094581716591,0.4945094581716591,89.73029045643153,199,1929,0,2.455749531482287,expenditure_to_sanction_pct_as_of
W-002071,COMPLETION,-0.5208989251676793,0.5208989251676793,94.29460580912863,111,1929,1,4.647903485609347,largest_payment_share_as_of
W-002072,COMPLETION,-0.4973318147670208,0.4973318147670208,90.35269709543569,187,1929,1,4.214443861757975,physical_progress_velocity_pct_per_30d
W-002073,COMPLETION,-0.4189129730730907,0.4189129730730907,28.319502074688796,1383,1929,0,1.450933565224711,sanction_to_recommended_ratio
W-002074,COMPLETION,-0.43185565189500635,0.43185565189500635,47.87344398340249,1006,1929,0,1.5640882352941177,recommended_amount_inr
W-002075,EXECUTION,-0.4757790340127146,0.4757790340127146,77.25,183,801,0,2.9866700341855124,largest_payment_share_as_of
W-002076,EXECUTION,-0.45575235108489603,0.45575235108489603,66.375,270,801,2,15.007624999999999,days_since_last_payment_as_of
W-002077,PRE_SANCTION,-0.49439747114968186,0.49439747114968186,67.28624535315986,89,270,0,1.723208904109589,technical_estimate_amount_inr
W-002078,PRE_SANCTION,-0.5255567666539263,0.5255567666539263,84.01486988847584,44,270,0,1.5779850852272728,recommended_amount_inr
W-002079,COMPLETION,-0.4258990315843943,0.4258990315843943,39.41908713692946,1169,1929,0,1.542852375375563,sanction_to_recommended_ratio
W-002080,EXECUTION,-0.4074767226761112,0.4074767226761112,15.125,680,801,0,2.2483333333333406,financial_minus_physical_gap_pct_as_of
W-002081,COMPLETION,-0.412869010155243,0.412869010155243,20.33195020746888,1537,1929,0,1.709086082050408,schedule_elapsed_ratio_as_of
W-002082,COMPLETION,-0.4174031759360385,0.4174031759360385,26.192946058091287,1424,1929,0,1.5685309492106823,physical_progress_velocity_pct_per_30d
W-002083,EXECUTION,-0.44955850861161695,0.44955850861161695,60.75,315,801,1,7.713827272727272,expected_minus_physical_gap_pct_as_of
W-002084,COMPLETION,-0.3981154681674397,0.3981154681674397,4.6161825726141075,1840,1929,0,1.2187009463810865,estimate_to_recommended_ratio
W-002085,COMPLETION,-0.433536491644982,0.433536491644982,50.051867219917014,964,1929,0,1.5978115569229014,largest_payment_share_as_of
W-002086,COMPLETION,-0.4829298951323147,0.4829298951323147,86.82572614107883,255,1929,1,4.236596917846468,physical_progress_velocity_pct_per_30d
W-002087,PRE_SANCTION,-0.5016236812292283,0.5016236812292283,70.63197026022304,80,270,0,0.8382135922330097,technical_estimate_amount_inr
W-002088,COMPLETION,-0.43141654812178387,0.43141654812178387,47.302904564315355,1017,1929,0,2.950937499999993,latest_financial_progress_pct_as_of
W-002089,COMPLETION,-0.43022733546771574,0.43022733546771574,46.058091286307054,1041,1929,0,2.30154577309868,financial_overrun_pct_as_of
W-002090,COMPLETION,-0.4096574649228627,0.4096574649228627,16.182572614107883,1617,1929,0,1.1633435800137513,financial_overrun_pct_as_of
W-002091,EXECUTION,-0.40875523041213185,0.40875523041213185,16.875,666,801,0,1.540879038613081,technical_estimate_amount_inr
W-002092,EXECUTION,-0.4562905293813264,0.4562905293813264,67.0,265,801,2,10.240136363636363,days_since_last_payment_as_of
W-002093,COMPLETION,-0.5128827628567596,0.5128827628567596,93.10165975103735,134,1929,0,1.993798582580724,physical_progress_velocity_pct_per_30d
W-002094,COMPLETION,-0.43897902930092586,0.43897902930092586,56.84647302904564,833,1929,0,2.317885845112434,financial_overrun_pct_as_of
W-002095,EXECUTION,-0.4233576901827129,0.4233576901827129,33.875,530,801,0,2.817775843824995,schedule_elapsed_ratio_as_of
W-002096,COMPLETION,-0.4090125627970438,0.4090125627970438,15.45643153526971,1631,1929,0,1.3011231732776618,recommended_amount_inr
W-002097,EXECUTION,-0.4259929349837424,0.4259929349837424,37.125,504,801,0,0.9546026252983294,technical_estimate_amount_inr
W-002098,COMPLETION,-0.4661709013748268,0.4661709013748268,79.51244813278008,396,1929,0,3.1328623323824867,expenditure_to_sanction_pct_as_of
W-002099,COMPLETION,-0.4459044372072926,0.4459044372072926,63.69294605809129,701,1929,0,2.0902734391393194,schedule_elapsed_ratio_as_of
W-002100,COMPLETION,-0.49410656000577674,0.49410656000577674,89.67842323651452,200,1929,0,1.8416209909285668,largest_payment_share_as_of
W-002101,COMPLETION,-0.4052298599718029,0.4052298599718029,10.529045643153527,1726,1929,0,1.3866482432579026,sanction_to_recommended_ratio
W-002102,COMPLETION,-0.44854871554227094,0.44854871554227094,66.49377593360995,647,1929,0,1.854334757031029,physical_progress_velocity_pct_per_30d
W-002103,EXECUTION,-0.47047092388658324,0.47047092388658324,74.5,205,801,2,10.857274193548387,days_since_last_payment_as_of
W-002104,PRE_SANCTION,-0.4616766058740935,0.4616766058740935,32.71375464684015,182,270,0,1.3684625788999099,recommended_amount_inr
W-002105,COMPLETION,-0.4620989111367443,0.4620989111367443,76.7116182572614,450,1929,0,2.1339921710986425,largest_payment_share_as_of
W-002106,COMPLETION,-0.46261241549956283,0.46261241549956283,77.17842323651452,441,1929,0,1.3190194449591333,schedule_elapsed_ratio_as_of
W-002107,COMPLETION,-0.42854188270863774,0.42854188270863774,43.36099585062241,1093,1929,0,1.3998332837014238,sanction_to_recommended_ratio
W-002108,COMPLETION,-0.4265575870646465,0.4265575870646465,40.24896265560166,1153,1929,0,1.3129156378600824,days_since_last_payment_as_of
W-002109,EXECUTION,-0.4289679490092093,0.4289679490092093,41.0,473,801,0,1.721485074626865,expected_minus_physical_gap_pct_as_of
W-002110,COMPLETION,-0.4114089368998297,0.4114089368998297,18.46473029045643,1573,1929,0,1.1231251281109216,estimate_to_recommended_ratio
W-002111,COMPLETION,-0.45542266260152503,0.45542266260152503,71.36929460580913,553,1929,1,3.7290544893767366,physical_progress_velocity_pct_per_30d
W-002112,COMPLETION,-0.41281866085943447,0.41281866085943447,20.176348547717843,1540,1929,0,1.7837235521123906,physical_progress_velocity_pct_per_30d
W-002113,COMPLETION,-0.43993715624554414,0.43993715624554414,57.93568464730291,812,1929,0,1.4208132344213653,schedule_elapsed_ratio_as_of
W-002114,EXECUTION,-0.41282515933897,0.41282515933897,21.5,629,801,0,1.6261028997338522,estimate_to_recommended_ratio
W-002115,EXECUTION,-0.4541240161000859,0.4541240161000859,65.125,280,801,1,4.28048076923077,days_since_last_payment_as_of
W-002116,COMPLETION,-0.543102905776862,0.543102905776862,96.42116182572614,70,1929,2,22.394850972345573,sanction_to_estimate_ratio
W-002117,COMPLETION,-0.543134283102886,0.543134283102886,96.47302904564316,69,1929,0,2.8121496409843205,physical_progress_velocity_pct_per_30d
W-002118,COMPLETION,-0.39701239971611657,0.39701239971611657,4.097510373443983,1850,1929,0,2.264839027227852,largest_payment_share_as_of
W-002119,COMPLETION,-0.4228300272520149,0.4228300272520149,34.906639004149376,1256,1929,0,2.07490626638659,physical_progress_velocity_pct_per_30d
W-002120,COMPLETION,-0.4503927133475552,0.4503927133475552,67.9460580912863,619,1929,0,1.36967231746802,sanction_to_estimate_ratio
W-002121,PRE_SANCTION,-0.5580551192019927,0.5580551192019927,91.44981412639405,24,270,0,1.1714271124641604,estimate_to_recommended_ratio
W-002122,COMPLETION,-0.425463579702582,0.425463579702582,38.69294605809129,1183,1929,1,3.821505177872482,financial_overrun_pct_as_of
W-002123,COMPLETION,-0.39544726320157964,0.39544726320157964,3.371369294605809,1864,1929,0,1.130983161550705,schedule_elapsed_ratio_as_of
W-002124,EXECUTION,-0.40337926186455153,0.40337926186455153,9.0,729,801,0,1.0309119318181814,expected_minus_physical_gap_pct_as_of
W-002125,EXECUTION,-0.4065600561222779,0.4065600561222779,13.75,691,801,0,1.1611650031708753,sanction_to_estimate_ratio
W-002126,COMPLETION,-0.43861028488361736,0.43861028488361736,56.17219917012448,846,1929,0,1.7705855304090383,expenditure_to_sanction_pct_as_of
W-002127,EXECUTION,-0.5113415972076779,0.5113415972076779,92.0,65,801,2,75.54399999999896,max_physical_progress_drop_pct_as_of
W-002128,COMPLETION,-0.48047658535773774,0.48047658535773774,85.99585062240664,271,1929,0,2.463697642257504,physical_progress_velocity_pct_per_30d
W-002129,COMPLETION,-0.418551436911751,0.418551436911751,27.800829875518673,1393,1929,0,2.2011174468345116,physical_progress_velocity_pct_per_30d
W-002130,PRE_SANCTION,-0.5193689132747088,0.5193689132747088,82.5278810408922,48,270,0,1.440242294520548,technical_estimate_amount_inr
W-002131,COMPLETION,-0.4260504128620311,0.4260504128620311,39.47095435684647,1168,1929,0,1.2433112947937155,schedule_elapsed_ratio_as_of
W-002132,EXECUTION,-0.4541605674457183,0.4541605674457183,65.25,279,801,0,1.1822868480725623,latest_physical_progress_pct_as_of
W-002133,COMPLETION,-0.4346413114697317,0.4346413114697317,51.607883817427386,934,1929,0,2.5639565079365085,financial_overrun_pct_as_of
W-002134,COMPLETION,-0.4268995760418668,0.4268995760418668,40.71576763485477,1144,1929,1,4.706018667877627,financial_overrun_pct_as_of
W-002135,COMPLETION,-0.5592638038027394,0.5592638038027394,97.30290456431536,53,1929,4,10.450653271748848,financial_overrun_pct_as_of
W-002136,COMPLETION,-0.4135361309518034,0.4135361309518034,21.265560165975103,1519,1929,1,9.78111813094572,financial_overrun_pct_as_of
W-002137,EXECUTION,-0.4220668083848303,0.4220668083848303,33.0,537,801,0,2.2191564885496167,latest_physical_progress_pct_as_of
W-002138,COMPLETION,-0.42539674773961267,0.42539674773961267,38.53734439834025,1186,1929,0,1.3401893739633512,sanction_to_recommended_ratio
W-002139,PRE_SANCTION,-0.5413623215270175,0.5413623215270175,87.36059479553903,35,270,0,0.9039052917317002,estimate_to_recommended_ratio
W-002140,COMPLETION,-0.4243483253665577,0.4243483253665577,37.5,1206,1929,0,2.8001969696969726,financial_minus_physical_gap_pct_as_of
W-002141,COMPLETION,-0.44637610525838817,0.44637610525838817,64.26348547717842,690,1929,0,1.4893505050505051,sanctioned_amount_inr
W-002142,PRE_SANCTION,-0.516680932528117,0.516680932528117,81.41263940520446,51,270,0,1.365035661218425,technical_estimate_amount_inr
W-002143,COMPLETION,-0.4263790318164685,0.4263790318164685,39.885892116182575,1160,1929,0,1.3384724002982566,schedule_elapsed_ratio_as_of
W-002144,COMPLETION,-0.48253755457718345,0.48253755457718345,86.61825726141079,259,1929,0,2.487605504587156,sanctioned_amount_inr
W-002145,EXECUTION,-0.4852792843023447,0.4852792843023447,82.75,139,801,1,3.7473383738209445,largest_payment_share_as_of
W-002146,EXECUTION,-0.411721876493203,0.411721876493203,19.875,642,801,0,1.2453268518518519,technical_estimate_amount_inr
W-002147,COMPLETION,-0.449250240494084,0.449250240494084,67.01244813278008,637,1929,0,2.4948783162640544,largest_payment_share_as_of
W-002148,PRE_SANCTION,-0.5102413875835878,0.5102413875835878,77.32342007434944,62,270,0,1.5492421875,recommended_amount_inr
W-002149,PRE_SANCTION,-0.5101603275630683,0.5101603275630683,76.95167286245353,63,270,0,0.8411718146718147,recommended_amount_inr
W-002150,EXECUTION,-0.3966523071113763,0.3966523071113763,3.125,776,801,0,1.505864665185125,sanction_to_recommended_ratio
W-002151,EXECUTION,-0.5215064894783322,0.5215064894783322,93.875,50,801,4,14.684427083333333,days_since_last_payment_as_of
W-002152,EXECUTION,-0.4067453086483037,0.4067453086483037,14.125,688,801,0,1.098471428571428,expected_minus_physical_gap_pct_as_of
W-002153,COMPLETION,-0.43595341324590103,0.43595341324590103,52.80082987551867,911,1929,0,2.996244144882889,largest_payment_share_as_of
W-002154,COMPLETION,-0.4384342530953521,0.4384342530953521,56.06846473029046,848,1929,0,1.2088441558441558,sanctioned_amount_inr
W-002155,EXECUTION,-0.45634596853372833,0.45634596853372833,67.25,263,801,1,3.620182767278287,physical_progress_velocity_pct_per_30d
W-002156,COMPLETION,-0.4266965245660978,0.4266965245660978,40.45643153526971,1149,1929,0,2.188578099495507,sanction_to_recommended_ratio
W-002157,COMPLETION,-0.4305918803959542,0.4305918803959542,46.47302904564315,1033,1929,0,1.2347678425979314,physical_progress_velocity_pct_per_30d
W-002158,EXECUTION,-0.4719234723398617,0.4719234723398617,75.875,194,801,3,24.752581395348834,days_since_last_payment_as_of
W-002159,COMPLETION,-0.43892829420529633,0.43892829420529633,56.74273858921162,835,1929,0,1.5179770354906055,recommended_amount_inr
W-002160,COMPLETION,-0.4562845905186719,0.4562845905186719,72.14730290456431,538,1929,0,3.4021363822249464,financial_overrun_pct_as_of
W-002161,COMPLETION,-0.4143133844809752,0.4143133844809752,22.043568464730292,1504,1929,0,1.4244108693347548,sanction_to_recommended_ratio
W-002162,COMPLETION,-0.44187779606500877,0.44187779606500877,59.906639004149376,774,1929,0,1.7411891421821863,sanction_to_recommended_ratio
W-002163,COMPLETION,-0.4859232697938684,0.4859232697938684,87.65560165975104,239,1929,1,4.706693956490516,physical_progress_velocity_pct_per_30d
W-002164,EXECUTION,-0.4251355848631651,0.4251355848631651,36.375,510,801,0,3.322164179104478,days_since_last_payment_as_of
W-002165,EXECUTION,-0.404059697433506,0.404059697433506,9.875,722,801,1,4.488579136690648,released_payment_total_inr_as_of
W-002166,EXECUTION,-0.489780165769442,0.489780165769442,85.5,117,801,3,17.267200000000003,max_physical_progress_drop_pct_as_of
W-002167,COMPLETION,-0.47353052844243043,0.47353052844243043,83.40248962655602,321,1929,0,1.9182219584569729,financial_overrun_pct_as_of
W-002168,EXECUTION,-0.39910269917371743,0.39910269917371743,5.125,760,801,0,2.1224266666666667,expected_minus_physical_gap_pct_as_of
W-002169,COMPLETION,-0.4130907706270912,0.4130907706270912,20.74688796680498,1529,1929,0,1.0511242176340698,sanction_to_recommended_ratio
W-002170,COMPLETION,-0.43188020024441476,0.43188020024441476,47.9253112033195,1005,1929,0,2.953236830434141,largest_payment_share_as_of
W-002171,COMPLETION,-0.4129310770675948,0.4129310770675948,20.383817427385893,1536,1929,0,1.249778642924107,physical_progress_velocity_pct_per_30d
W-002172,PRE_SANCTION,-0.4391967946095421,0.4391967946095421,5.5762081784386615,255,270,0,0.35938610038610036,recommended_amount_inr
W-002173,EXECUTION,-0.4111412190451428,0.4111412190451428,19.25,647,801,0,1.762679828161341,sanction_to_estimate_ratio
W-002174,PRE_SANCTION,-0.4584646911753242,0.4584646911753242,30.855018587360593,187,270,0,1.0245487469232484,estimate_to_recommended_ratio
W-002175,EXECUTION,-0.4581165854296314,0.4581165854296314,68.375,254,801,0,2.717550724637681,days_since_last_payment_as_of
W-002176,EXECUTION,-0.4275688574387802,0.4275688574387802,39.375,486,801,0,2.131600331836168,physical_progress_velocity_pct_per_30d
W-002177,COMPLETION,-0.45058583440273803,0.45058583440273803,68.04979253112033,617,1929,0,2.2905398908783177,financial_overrun_pct_as_of
W-002178,COMPLETION,-0.40651805761567816,0.40651805761567816,11.981327800829876,1698,1929,1,5.665013411078719,financial_overrun_pct_as_of
W-002179,PRE_SANCTION,-0.491164368188791,0.491164368188791,65.05576208178438,95,270,0,0.738689577039275,recommended_amount_inr
W-002180,EXECUTION,-0.40589546444948743,0.40589546444948743,13.125,696,801,0,1.255167955717918,sanction_to_estimate_ratio
W-002181,COMPLETION,-0.4545956904368271,0.4545956904368271,70.95435684647303,561,1929,0,3.062953121107782,largest_payment_share_as_of
W-002182,COMPLETION,-0.4720897153250293,0.4720897153250293,82.9356846473029,330,1929,0,2.218067774062489,largest_payment_share_as_of
W-002183,PRE_SANCTION,-0.4756030995348406,0.4756030995348406,51.301115241635685,132,270,0,0.3305479421917298,estimate_to_recommended_ratio
W-002184,COMPLETION,-0.4051236016792796,0.4051236016792796,10.37344398340249,1729,1929,0,1.5931757654512295,sanction_to_recommended_ratio
W-002185,EXECUTION,-0.39595506384045526,0.39595506384045526,2.625,780,801,0,1.8095038304263136,estimate_to_recommended_ratio
W-002186,COMPLETION,-0.4865068960423442,0.4865068960423442,87.96680497925311,233,1929,0,1.6641968929878475,sanction_to_recommended_ratio
W-002187,EXECUTION,-0.40243158432021464,0.40243158432021464,8.0,737,801,0,1.4431162790697665,expected_minus_physical_gap_pct_as_of
W-002188,COMPLETION,-0.5317584380621558,0.5317584380621558,95.53941908713693,87,1929,2,12.330287535357126,sanction_to_estimate_ratio
W-002189,COMPLETION,-0.4495676451162577,0.4495676451162577,67.27178423236515,632,1929,3,3.9626875000000026,financial_minus_physical_gap_pct_as_of
W-002190,COMPLETION,-0.412187808821288,0.412187808821288,19.605809128630707,1551,1929,1,7.0340858897428244,physical_progress_velocity_pct_per_30d
W-002191,COMPLETION,-0.4381879646466782,0.4381879646466782,55.34232365145228,862,1929,0,2.4492526437241318,physical_progress_velocity_pct_per_30d
W-002192,EXECUTION,-0.4272529797218571,0.4272529797218571,39.0,489,801,2,16.82034375,days_since_last_payment_as_of
W-002193,COMPLETION,-0.49993921686349435,0.49993921686349435,90.8195020746888,178,1929,2,15.508633927155119,sanction_to_estimate_ratio
W-002194,COMPLETION,-0.49551363586310737,0.49551363586310737,89.78215767634855,198,1929,2,12.085907370872475,sanction_to_estimate_ratio
W-002195,EXECUTION,-0.4483800062912482,0.4483800062912482,59.0,329,801,0,2.698,physical_progress_decrease_count_as_of
W-002196,COMPLETION,-0.4089328815862647,0.4089328815862647,15.248962655601659,1635,1929,0,2.277344203455878,financial_overrun_pct_as_of
W-002197,COMPLETION,-0.411556571372058,0.411556571372058,18.568464730290458,1571,1929,0,1.0225753086419753,sanctioned_amount_inr
W-002198,EXECUTION,-0.4416319717472848,0.4416319717472848,53.375,374,801,0,3.2630261780104712,overdue_days_as_of
W-002199,COMPLETION,-0.45232429974206756,0.45232429974206756,69.39834024896265,591,1929,0,2.333574061154749,expenditure_to_sanction_pct_as_of
W-002200,EXECUTION,-0.48910574263105183,0.48910574263105183,84.875,122,801,2,15.347521598450978,sanction_to_estimate_ratio
W-002201,EXECUTION,-0.44722763817050076,0.44722763817050076,58.375,334,801,0,2.615618320610685,latest_physical_progress_pct_as_of
W-002202,COMPLETION,-0.4137581480305672,0.4137581480305672,21.57676348547718,1513,1929,0,1.169029434186829,expenditure_to_sanction_pct_as_of
W-002203,COMPLETION,-0.41746306448661313,0.41746306448661313,26.348547717842322,1421,1929,0,1.3553632075471698,days_since_last_payment_as_of
W-002204,COMPLETION,-0.5208010373334162,0.5208010373334162,94.24273858921161,112,1929,0,1.8788901598956964,physical_progress_velocity_pct_per_30d
W-002205,COMPLETION,-0.5046204939519419,0.5046204939519419,91.90871369294605,157,1929,3,13.249546349888835,sanction_to_estimate_ratio
W-002206,EXECUTION,-0.41478741019608123,0.41478741019608123,24.0,609,801,0,1.2785298507462683,expected_minus_physical_gap_pct_as_of
W-002207,COMPLETION,-0.399520714839576,0.399520714839576,5.964730290456432,1814,1929,0,1.5744157566820765,financial_overrun_pct_as_of
W-002208,COMPLETION,-0.41912752870673525,0.41912752870673525,28.993775933609957,1370,1929,0,1.395701468099533,expenditure_to_sanction_pct_as_of
W-002209,COMPLETION,-0.41893194749279783,0.41893194749279783,28.526970954356848,1379,1929,0,1.582003126700276,sanction_to_recommended_ratio
W-002210,EXECUTION,-0.4192014128540487,0.4192014128540487,29.25,567,801,0,2.0405759493670885,days_since_last_payment_as_of
W-002211,EXECUTION,-0.44668143519249265,0.44668143519249265,57.375,342,801,1,6.214010638297872,days_since_last_payment_as_of
W-002212,PRE_SANCTION,-0.5366189517545695,0.5366189517545695,86.61710037174721,37,270,0,1.1871349254160384,estimate_to_recommended_ratio
W-002213,COMPLETION,-0.4091646458960232,0.4091646458960232,15.715767634854771,1626,1929,0,1.2609108911258204,sanction_to_estimate_ratio
W-002214,EXECUTION,-0.44811450993180746,0.44811450993180746,58.875,330,801,1,9.555416666666666,days_since_last_payment_as_of
W-002215,COMPLETION,-0.5322209514544779,0.5322209514544779,95.59128630705395,86,1929,2,22.686148373517206,sanction_to_estimate_ratio
W-002216,COMPLETION,-0.39251643729755936,0.39251643729755936,1.8672199170124482,1893,1929,0,1.601937499999993,latest_financial_progress_pct_as_of
W-002217,EXECUTION,-0.49111555667918366,0.49111555667918366,86.25,111,801,2,4.692318626434913,largest_payment_share_as_of
W-002218,COMPLETION,-0.4264217573627111,0.4264217573627111,39.989626556016596,1158,1929,0,1.2114219544049933,estimate_to_recommended_ratio
W-002219,PRE_SANCTION,-0.4437796191017779,0.4437796191017779,11.524163568773234,239,270,0,0.7728118130069901,estimate_to_recommended_ratio
W-002220,COMPLETION,-0.40374144809918794,0.40374144809918794,9.232365145228215,1751,1929,0,0.6364296965146566,largest_payment_share_as_of
W-002221,COMPLETION,-0.40600524993356457,0.40600524993356457,11.462655601659751,1708,1929,0,0.7827527840164551,expenditure_to_sanction_pct_as_of
W-002222,COMPLETION,-0.41441293130018,0.41441293130018,22.095435684647303,1503,1929,0,1.337338106169978,physical_progress_velocity_pct_per_30d
W-002223,COMPLETION,-0.4968514131454554,0.4968514131454554,90.30082987551867,188,1929,0,2.5608774567693127,largest_payment_share_as_of
W-002224,EXECUTION,-0.4355964393250764,0.4355964393250764,47.0,425,801,0,1.8831036315323295,technical_estimate_amount_inr
W-002225,COMPLETION,-0.4052847339328375,0.4052847339328375,10.58091286307054,1725,1929,0,0.9765846590951571,sanction_to_estimate_ratio
W-002226,COMPLETION,-0.5100039373399917,0.5100039373399917,92.5311203319502,145,1929,1,4.37233844764628,financial_overrun_pct_as_of
W-002227,EXECUTION,-0.47968697928668697,0.47968697928668697,79.625,164,801,2,14.202223179967644,sanction_to_estimate_ratio
W-002228,COMPLETION,-0.4582591478377598,0.4582591478377598,73.7551867219917,507,1929,0,2.953224495975371,largest_payment_share_as_of
W-002229,EXECUTION,-0.46867190760967636,0.46867190760967636,73.75,211,801,1,5.877056450894839,largest_payment_share_as_of
W-002230,EXECUTION,-0.41183233353253207,0.41183233353253207,20.375,638,801,0,2.48922619047619,expected_minus_physical_gap_pct_as_of
W-002231,EXECUTION,-0.39931503147355274,0.39931503147355274,5.375,758,801,0,1.311527777777779,expected_minus_physical_gap_pct_as_of
W-002232,COMPLETION,-0.4387038937374736,0.4387038937374736,56.27593360995851,844,1929,1,7.242285522788206,financial_overrun_pct_as_of
W-002233,COMPLETION,-0.42441550217713325,0.42441550217713325,37.60373443983403,1204,1929,0,1.3865467196819086,recommended_amount_inr
W-002234,COMPLETION,-0.40668664058156395,0.40668664058156395,12.344398340248963,1691,1929,0,3.3442159329425047,largest_payment_share_as_of
W-002235,COMPLETION,-0.4278571371134467,0.4278571371134467,41.90871369294606,1121,1929,0,1.28804489181644,estimate_to_recommended_ratio
W-002236,COMPLETION,-0.40478812236376727,0.40478812236376727,10.114107883817427,1734,1929,0,2.404114026420615,financial_overrun_pct_as_of
W-002237,EXECUTION,-0.41105732437186704,0.41105732437186704,19.125,648,801,0,3.0217600000000004,max_physical_progress_drop_pct_as_of
W-002238,COMPLETION,-0.5630014393006226,0.5630014393006226,97.61410788381743,47,1929,4,15.260341400786716,financial_overrun_pct_as_of
W-002239,EXECUTION,-0.48973660833565863,0.48973660833565863,85.375,118,801,0,2.2112474226804113,latest_financial_progress_pct_as_of
W-002240,EXECUTION,-0.5779015713710438,0.5779015713710438,98.25,15,801,2,9.528072072072073,days_since_last_payment_as_of
W-002241,COMPLETION,-0.4660277455804005,0.4660277455804005,79.35684647302905,399,1929,0,1.7030403400320115,largest_payment_share_as_of
W-002242,EXECUTION,-0.40308538150589457,0.40308538150589457,8.5,733,801,0,1.8995747566114372,largest_payment_share_as_of
W-002243,COMPLETION,-0.4171711628882995,0.4171711628882995,25.778008298755186,1432,1929,0,1.4151992189836962,schedule_elapsed_ratio_as_of
W-002244,COMPLETION,-0.4157548637467246,0.4157548637467246,23.755186721991702,1471,1929,0,1.0507662440570522,recommended_amount_inr
W-002245,COMPLETION,-0.4312359933926647,0.4312359933926647,47.25103734439834,1018,1929,0,2.978883948718336,physical_progress_velocity_pct_per_30d
W-002246,COMPLETION,-0.4706897574041863,0.4706897574041863,82.20954356846472,344,1929,1,3.747833512628249,largest_payment_share_as_of
W-002247,EXECUTION,-0.40268053217283956,0.40268053217283956,8.125,736,801,0,2.2135197230812533,estimate_to_recommended_ratio
W-002248,COMPLETION,-0.41807608422593684,0.41807608422593684,27.074688796680498,1407,1929,0,1.089412604757517,sanction_to_estimate_ratio
W-002249,EXECUTION,-0.5381156627605967,0.5381156627605967,96.0,33,801,4,64.75199999999906,max_physical_progress_drop_pct_as_of
W-002250,EXECUTION,-0.45221311048539453,0.45221311048539453,63.875,290,801,2,11.691333333333333,days_since_last_payment_as_of
W-002251,EXECUTION,-0.4990118279742252,0.4990118279742252,88.625,92,801,3,10.439184615384615,days_since_last_payment_as_of
W-002252,PRE_SANCTION,-0.5440515999536727,0.5440515999536727,88.47583643122677,32,270,0,1.2628083209509657,technical_estimate_amount_inr
W-002253,COMPLETION,-0.4316169844445799,0.4316169844445799,47.76970954356847,1008,1929,0,1.729495223613596,financial_overrun_pct_as_of
W-002254,EXECUTION,-0.4827223784093952,0.4827223784093952,81.0,153,801,2,12.554247870028613,sanction_to_estimate_ratio
W-002255,COMPLETION,-0.6279183848611389,0.6279183848611389,99.63692946058092,8,1929,1,4.274739193638257,physical_progress_velocity_pct_per_30d
W-002256,EXECUTION,-0.40891308168466817,0.40891308168466817,17.0,665,801,0,1.2661666666666662,financial_minus_physical_gap_pct_as_of
W-002257,COMPLETION,-0.4377954132894759,0.4377954132894759,55.031120331950206,868,1929,0,1.8754720580761186,financial_overrun_pct_as_of
W-002258,COMPLETION,-0.44273153958317313,0.44273153958317313,60.684647302904565,759,1929,0,3.0737231125950832,largest_payment_share_as_of
W-002259,COMPLETION,-0.5700102465319764,0.5700102465319764,97.9253112033195,41,1929,4,13.937092160643891,financial_overrun_pct_as_of
W-002260,EXECUTION,-0.4357174280408243,0.4357174280408243,47.25,423,801,0,2.274176245210728,sanctioned_amount_inr
W-002261,EXECUTION,-0.501096545347714,0.501096545347714,89.375,86,801,3,19.117859375,days_since_last_payment_as_of
W-002262,EXECUTION,-0.4661274335275691,0.4661274335275691,72.25,223,801,1,3.7473383738209445,largest_payment_share_as_of
W-002263,COMPLETION,-0.41184586366733084,0.41184586366733084,19.190871369294605,1559,1929,0,0.8107382916163347,sanction_to_estimate_ratio
W-002264,EXECUTION,-0.4168625943915489,0.4168625943915489,26.25,591,801,0,1.6125977011494252,sanctioned_amount_inr
W-002265,COMPLETION,-0.40338905688218896,0.40338905688218896,8.921161825726141,1757,1929,0,2.1268218518616164,sanction_to_estimate_ratio
W-002266,COMPLETION,-0.44791051822707156,0.44791051822707156,65.87136929460581,659,1929,0,1.5938185185185185,technical_estimate_amount_inr
W-002267,EXECUTION,-0.5370448508284505,0.5370448508284505,95.875,34,801,0,1.730718203033839,released_payment_total_inr_as_of
W-002268,COMPLETION,-0.40966109829247954,0.40966109829247954,16.234439834024897,1616,1929,0,0.9903521998454234,sanction_to_estimate_ratio
W-002269,COMPLETION,-0.4319459188160791,0.4319459188160791,48.02904564315353,1003,1929,0,2.1523730878212435,sanction_to_recommended_ratio
W-002270,PRE_SANCTION,-0.4427638707233074,0.4427638707233074,10.037174721189592,243,270,0,0.3694729561499792,estimate_to_recommended_ratio
W-002271,EXECUTION,-0.4870611936618957,0.4870611936618957,84.0,129,801,2,8.094,physical_progress_decrease_count_as_of
W-002272,EXECUTION,-0.42523831617554037,0.42523831617554037,36.5,509,801,0,1.8632227722772277,days_since_last_payment_as_of
W-002273,COMPLETION,-0.495717870381061,0.495717870381061,89.93775933609959,195,1929,1,4.300634387494629,physical_progress_velocity_pct_per_30d
W-002274,COMPLETION,-0.3990625576649539,0.3990625576649539,5.4979253112033195,1823,1929,0,1.858106473790093,estimate_to_recommended_ratio
W-002275,COMPLETION,-0.4700671014607639,0.4700671014607639,81.95020746887967,349,1929,0,1.7529484679665739,released_payment_total_inr_as_of
W-002276,COMPLETION,-0.5596201255824513,0.5596201255824513,97.35477178423237,52,1929,4,14.628494288885145,financial_overrun_pct_as_of
W-002277,EXECUTION,-0.3968279590803109,0.3968279590803109,3.25,775,801,0,1.3954087702438456,estimate_to_recommended_ratio
W-002278,COMPLETION,-0.41883662204820343,0.41883662204820343,28.16390041493776,1386,1929,0,0.9204883481538512,sanction_to_recommended_ratio
W-002279,COMPLETION,-0.41443871321044834,0.41443871321044834,22.199170124481327,1501,1929,0,2.305561429085673,financial_overrun_pct_as_of
W-002280,EXECUTION,-0.4083839152228771,0.4083839152228771,16.5,669,801,0,2.553464285714285,financial_minus_physical_gap_pct_as_of
W-002281,EXECUTION,-0.44706687326533046,0.44706687326533046,58.125,336,801,0,2.505173278879813,released_payment_total_inr_as_of
W-002282,COMPLETION,-0.4024503305859389,0.4024503305859389,7.831950207468879,1778,1929,1,6.954347141378863,financial_overrun_pct_as_of
W-002283,PRE_SANCTION,-0.5073446566645397,0.5073446566645397,75.46468401486989,67,270,0,1.0443030622431217,estimate_to_recommended_ratio
W-002284,COMPLETION,-0.44084289872430255,0.44084289872430255,58.81742738589212,795,1929,0,3.4505288588936733,largest_payment_share_as_of
W-002285,COMPLETION,-0.4470009568575836,0.4470009568575836,65.24896265560166,671,1929,0,2.335522499656789,physical_progress_velocity_pct_per_30d
W-002286,EXECUTION,-0.40021186633343475,0.40021186633343475,6.5,749,801,0,1.4358170146139744,sanction_to_recommended_ratio
W-002287,COMPLETION,-0.4571858334208418,0.4571858334208418,72.9253112033195,523,1929,0,2.254698834267507,largest_payment_share_as_of
W-002288,COMPLETION,-0.47614593752354767,0.47614593752354767,84.38796680497926,302,1929,3,5.743469696969704,financial_minus_physical_gap_pct_as_of
W-002289,COMPLETION,-0.5723888731606351,0.5723888731606351,98.08091286307054,38,1929,0,1.7127303703703705,technical_estimate_amount_inr
W-002290,COMPLETION,-0.42163535053000356,0.42163535053000356,32.93568464730291,1294,1929,0,1.54793237375069,sanction_to_recommended_ratio
W-002291,EXECUTION,-0.4654333232146939,0.4654333232146939,72.125,224,801,2,7.957144927536232,days_since_last_payment_as_of
W-002292,EXECUTION,-0.4206479952401012,0.4206479952401012,30.5,557,801,0,2.0335965052508844,largest_payment_share_as_of
W-002293,EXECUTION,-0.4179928373829599,0.4179928373829599,27.75,579,801,0,2.0335965052508844,largest_payment_share_as_of
W-002294,EXECUTION,-0.48139425305028427,0.48139425305028427,80.25,159,801,0,3.121706211285854,largest_payment_share_as_of
W-002295,COMPLETION,-0.4105115643993799,0.4105115643993799,17.53112033195021,1591,1929,0,1.0604206552389392,sanction_to_estimate_ratio
W-002296,COMPLETION,-0.42314128445393623,0.42314128445393623,35.73651452282158,1240,1929,0,2.092937919978436,physical_progress_velocity_pct_per_30d
W-002297,COMPLETION,-0.42974833168473875,0.42974833168473875,45.53941908713693,1051,1929,1,4.221927322895912,largest_payment_share_as_of
W-002298,COMPLETION,-0.4937033671612691,0.4937033671612691,89.47095435684648,204,1929,1,4.310715837244114,physical_progress_velocity_pct_per_30d
W-002299,COMPLETION,-0.44621060713571425,0.44621060713571425,64.05601659751038,694,1929,0,2.3064531010198777,sanction_to_recommended_ratio
W-002300,EXECUTION,-0.4821793841540751,0.4821793841540751,80.625,156,801,2,6.107972222222222,days_since_last_payment_as_of
W-002301,COMPLETION,-0.4297198393060118,0.4297198393060118,45.48755186721991,1052,1929,0,1.5312972972972945,latest_financial_progress_pct_as_of
W-002302,COMPLETION,-0.4572677208951886,0.4572677208951886,73.02904564315352,521,1929,1,5.1784627418397635,financial_overrun_pct_as_of
W-002303,COMPLETION,-0.5758959756451646,0.5758959756451646,98.18464730290457,36,1929,4,12.523783473389354,financial_overrun_pct_as_of
W-002304,COMPLETION,-0.5258710161841935,0.5258710161841935,95.02074688796681,97,1929,2,14.618563435683125,sanction_to_estimate_ratio
W-002305,PRE_SANCTION,-0.4918843288631211,0.4918843288631211,65.79925650557621,93,270,0,1.0944411057692307,technical_estimate_amount_inr
W-002306,COMPLETION,-0.4125567018716129,0.4125567018716129,20.020746887966805,1543,1929,0,3.0185180014416795,physical_progress_velocity_pct_per_30d
W-002307,COMPLETION,-0.4175784491772823,0.4175784491772823,26.6597510373444,1415,1929,0,2.996142807413583,largest_payment_share_as_of
W-002308,COMPLETION,-0.47875474076864505,0.47875474076864505,85.21784232365145,286,1929,1,6.602518087970153,physical_progress_velocity_pct_per_30d
W-002309,COMPLETION,-0.4847677260418436,0.4847677260418436,87.29253112033194,246,1929,1,4.452854097824487,largest_payment_share_as_of
W-002310,COMPLETION,-0.4697542574845157,0.4697542574845157,81.74273858921161,353,1929,1,4.960475221334307,physical_progress_velocity_pct_per_30d
W-002311,COMPLETION,-0.4674469443649946,0.4674469443649946,80.29045643153528,381,1929,0,2.122377082959037,financial_overrun_pct_as_of
W-002312,EXECUTION,-0.41152225702698764,0.41152225702698764,19.75,643,801,0,1.7487037037037025,expected_minus_physical_gap_pct_as_of
W-002313,EXECUTION,-0.4772939326150173,0.4772939326150173,78.5,173,801,0,2.809795580110498,latest_physical_progress_pct_as_of
W-002314,COMPLETION,-0.4207063773215107,0.4207063773215107,31.690871369294605,1318,1929,1,5.90088897889795,largest_payment_share_as_of
W-002315,COMPLETION,-0.4583486123910277,0.4583486123910277,73.91078838174273,504,1929,0,2.120986328125,technical_estimate_amount_inr
W-002316,COMPLETION,-0.5160237872616692,0.5160237872616692,93.62033195020747,124,1929,0,3.208266951810304,largest_payment_share_as_of
W-002317,COMPLETION,-0.405307242470412,0.405307242470412,10.684647302904564,1723,1929,0,1.1153578266946422,financial_overrun_pct_as_of
W-002318,COMPLETION,-0.4286332013064112,0.4286332013064112,43.412863070539416,1092,1929,0,2.196894800129015,physical_progress_velocity_pct_per_30d
W-002319,COMPLETION,-0.4697888253268279,0.4697888253268279,81.79460580912863,352,1929,0,2.3843372376260694,schedule_elapsed_ratio_as_of
W-002320,EXECUTION,-0.40494766848516683,0.40494766848516683,11.25,711,801,0,2.014201410673338,physical_progress_velocity_pct_per_30d
W-002321,COMPLETION,-0.399561996736473,0.399561996736473,6.016597510373444,1813,1929,0,1.862904761904766,latest_financial_progress_pct_as_of
W-002322,COMPLETION,-0.4306551167952793,0.4306551167952793,46.57676348547718,1031,1929,0,1.1102398388132109,sanction_to_recommended_ratio
W-002323,COMPLETION,-0.5225396830170618,0.5225396830170618,94.45020746887967,108,1929,0,3.2052154213036546,largest_payment_share_as_of
W-002324,COMPLETION,-0.4227637319250173,0.4227637319250173,34.802904564315355,1258,1929,0,1.881833963942878,expenditure_to_sanction_pct_as_of
W-002325,COMPLETION,-0.4836407396592891,0.4836407396592891,86.98132780082987,252,1929,1,3.835846222294816,physical_progress_velocity_pct_per_30d
W-002326,COMPLETION,-0.5144913812926203,0.5144913812926203,93.30912863070539,130,1929,0,1.592338134430727,technical_estimate_amount_inr
W-002327,EXECUTION,-0.48968303858610845,0.48968303858610845,85.25,119,801,2,10.09998051948052,days_since_last_payment_as_of
W-002328,PRE_SANCTION,-0.48793806460142203,0.48793806460142203,60.594795539033456,107,270,0,0.9273183633347721,estimate_to_recommended_ratio
W-002329,PRE_SANCTION,-0.4677951761997571,0.4677951761997571,43.12267657992565,154,270,0,0.37414911055976235,estimate_to_recommended_ratio
W-002330,COMPLETION,-0.4034515108211546,0.4034515108211546,8.973029045643154,1756,1929,0,1.3878404615565558,sanction_to_estimate_ratio
W-002331,COMPLETION,-0.40920386916471296,0.40920386916471296,15.767634854771785,1625,1929,0,1.8803784335688984,expenditure_to_sanction_pct_as_of
W-002332,COMPLETION,-0.46703290136177283,0.46703290136177283,80.0311203319502,386,1929,1,4.452854097824487,largest_payment_share_as_of
W-002333,COMPLETION,-0.40953083787035344,0.40953083787035344,16.026970954356848,1620,1929,0,1.4079953801063365,sanction_to_recommended_ratio
W-002334,COMPLETION,-0.3974546633315149,0.3974546633315149,4.149377593360996,1849,1929,0,0.8404649166821759,sanction_to_estimate_ratio
W-002335,COMPLETION,-0.44631785847945066,0.44631785847945066,64.2116182572614,691,1929,2,3.6170523086133346,financial_overrun_pct_as_of
W-002336,COMPLETION,-0.4608968591425716,0.4608968591425716,75.77800829875518,468,1929,0,1.6767231638418079,released_payment_total_inr_as_of
W-002337,COMPLETION,-0.43299977951802077,0.43299977951802077,49.481327800829874,975,1929,0,1.8979928456590724,sanction_to_recommended_ratio
W-002338,PRE_SANCTION,-0.4439431734677205,0.4439431734677205,11.895910780669144,238,270,0,0.20598146513680493,technical_estimate_amount_inr
W-002339,PRE_SANCTION,-0.44366949250897686,0.44366949250897686,11.152416356877323,240,270,0,0.7446364802687682,estimate_to_recommended_ratio
W-002340,COMPLETION,-0.42239355179540633,0.42239355179540633,34.128630705394194,1271,1929,0,0.8281505791505791,sanctioned_amount_inr
W-002341,COMPLETION,-0.4401333406683091,0.4401333406683091,58.143153526970956,808,1929,0,1.2808324468085106,released_payment_total_inr_as_of
W-002342,COMPLETION,-0.43468964298605883,0.43468964298605883,51.76348547717842,931,1929,0,1.5656679782088987,schedule_elapsed_ratio_as_of
W-002343,COMPLETION,-0.417476087314846,0.417476087314846,26.400414937759336,1420,1929,0,1.3953019002391815,schedule_elapsed_ratio_as_of
W-002344,COMPLETION,-0.4239759972780186,0.4239759972780186,36.981327800829874,1216,1929,0,2.1318023657366743,largest_payment_share_as_of
W-002345,COMPLETION,-0.44062484147652914,0.44062484147652914,58.71369294605809,797,1929,0,1.5173193599301202,financial_overrun_pct_as_of
W-002346,EXECUTION,-0.42702728376330495,0.42702728376330495,38.75,491,801,0,1.2707912762010691,expenditure_to_sanction_pct_as_of
W-002347,COMPLETION,-0.40565062459475365,0.40565062459475365,11.047717842323651,1716,1929,0,1.0237253983275079,expenditure_to_sanction_pct_as_of
W-002348,EXECUTION,-0.45779497067892544,0.45779497067892544,68.125,256,801,3,6.7203231707317075,days_since_last_payment_as_of
W-002349,COMPLETION,-0.4447168247180567,0.4447168247180567,62.655601659751035,721,1929,0,2.042190374844243,physical_progress_velocity_pct_per_30d
W-002350,COMPLETION,-0.6194729648212505,0.6194729648212505,99.48132780082987,11,1929,4,22.981577339191713,financial_overrun_pct_as_of
W-002351,EXECUTION,-0.4295798184713737,0.4295798184713737,42.125,464,801,0,1.380643209876543,latest_financial_progress_pct_as_of
W-002352,COMPLETION,-0.5490600974100257,0.5490600974100257,96.73236514522821,64,1929,1,6.211993135639759,financial_overrun_pct_as_of
W-002353,PRE_SANCTION,-0.531756400666738,0.531756400666738,85.50185873605948,40,270,0,0.6654247772530657,estimate_to_recommended_ratio
W-002354,COMPLETION,-0.4281134947257683,0.4281134947257683,42.427385892116185,1111,1929,0,1.5494628981521361,physical_progress_velocity_pct_per_30d
W-002355,COMPLETION,-0.4372567121523414,0.4372567121523414,54.20124481327801,884,1929,0,1.630861527293901,sanction_to_recommended_ratio
W-002356,COMPLETION,-0.39799711259302895,0.39799711259302895,4.460580912863071,1843,1929,0,1.0792000000000028,latest_financial_progress_pct_as_of
W-002357,EXECUTION,-0.4262241744966213,0.4262241744966213,37.5,501,801,0,2.03816304347826,expected_minus_physical_gap_pct_as_of
W-002358,COMPLETION,-0.4435172785747606,0.4435172785747606,61.82572614107884,737,1929,0,1.096158512980583,financial_overrun_pct_as_of
W-002359,COMPLETION,-0.41709518741773144,0.41709518741773144,25.67427385892116,1434,1929,0,1.100940082644628,days_since_last_payment_as_of
W-002360,COMPLETION,-0.44398986004023866,0.44398986004023866,62.136929460580916,731,1929,0,2.7999448234740294,schedule_elapsed_ratio_as_of
W-002361,EXECUTION,-0.3983805037666788,0.3983805037666788,4.375,766,801,0,2.3959850746268705,expected_minus_physical_gap_pct_as_of
W-002362,EXECUTION,-0.46899676934817847,0.46899676934817847,74.125,208,801,3,20.53009375,days_since_last_payment_as_of
W-002363,PRE_SANCTION,-0.4975859752394501,0.4975859752394501,68.77323420074349,85,270,0,1.3729941904027032,estimate_to_recommended_ratio
W-002364,EXECUTION,-0.4689422712256071,0.4689422712256071,74.0,209,801,2,13.31806862745098,days_since_last_payment_as_of
W-002365,COMPLETION,-0.43605608014266917,0.43605608014266917,52.95643153526971,908,1929,0,2.1815915733076277,sanction_to_recommended_ratio
W-002366,COMPLETION,-0.40107307249746593,0.40107307249746593,7.0020746887966805,1794,1929,0,1.5497666316364254,estimate_to_recommended_ratio
W-002367,COMPLETION,-0.40593788986780077,0.40593788986780077,11.358921161825727,1710,1929,1,4.17258179338751,financial_overrun_pct_as_of
W-002368,COMPLETION,-0.409809635959665,0.409809635959665,16.441908713692946,1612,1929,0,1.0042913637888842,largest_payment_share_as_of
W-002369,COMPLETION,-0.4268991329034959,0.4268991329034959,40.66390041493776,1145,1929,0,1.2876818181818217,latest_financial_progress_pct_as_of
W-002370,EXECUTION,-0.48376728446841316,0.48376728446841316,82.0,145,801,0,1.929988762156764,expenditure_to_sanction_pct_as_of
W-002371,COMPLETION,-0.4230814863420502,0.4230814863420502,35.477178423236516,1245,1929,0,0.9750712147079907,sanction_to_estimate_ratio
W-002372,COMPLETION,-0.425201888551948,0.425201888551948,38.17427385892116,1193,1929,0,1.3645448095273813,physical_progress_velocity_pct_per_30d
W-002373,EXECUTION,-0.459728403585882,0.459728403585882,69.375,246,801,1,9.590546875,days_since_last_payment_as_of
W-002374,PRE_SANCTION,-0.4551007238505886,0.4551007238505886,24.1635687732342,205,270,0,0.34575358735154127,estimate_to_recommended_ratio
W-002375,COMPLETION,-0.4072242538639003,0.4072242538639003,12.9149377593361,1680,1929,0,0.9183752942605262,largest_payment_share_as_of
W-002376,EXECUTION,-0.5082823734362127,0.5082823734362127,91.0,73,801,3,9.126828125000012,financial_minus_physical_gap_pct_as_of
W-002377,COMPLETION,-0.3992831278891873,0.3992831278891873,5.860995850622406,1816,1929,0,1.1776027987153157,largest_payment_share_as_of
W-002378,COMPLETION,-0.39656007241689256,0.39656007241689256,3.7344398340248963,1857,1929,0,1.433937037037037,sanctioned_amount_inr
W-002379,PRE_SANCTION,-0.5516315772986385,0.5516315772986385,90.70631970260223,26,270,0,1.1332325268817205,technical_estimate_amount_inr
W-002380,COMPLETION,-0.44877845527327404,0.44877845527327404,66.80497925311204,641,1929,1,3.524025904967303,physical_progress_velocity_pct_per_30d
W-002381,COMPLETION,-0.43039980825160795,0.43039980825160795,46.21369294605809,1038,1929,0,1.3987490633024005,expenditure_to_sanction_pct_as_of
W-002382,EXECUTION,-0.41883273682177036,0.41883273682177036,28.5,573,801,1,3.7299173943901893,physical_progress_velocity_pct_per_30d
W-002383,COMPLETION,-0.4137073080383653,0.4137073080383653,21.473029045643152,1515,1929,0,1.2724893350578637,schedule_elapsed_ratio_as_of
W-002384,EXECUTION,-0.44920361157695204,0.44920361157695204,60.125,320,801,0,2.6778656716417912,days_since_last_payment_as_of
W-002385,EXECUTION,-0.40560718207138907,0.40560718207138907,12.5,701,801,0,1.490004498963739,estimate_to_recommended_ratio
W-002386,COMPLETION,-0.41739180243736296,0.41739180243736296,26.089211618257263,1426,1929,0,2.267936903363102,physical_progress_velocity_pct_per_30d
W-002387,COMPLETION,-0.44734622432371585,0.44734622432371585,65.50829875518673,666,1929,0,1.6695403177594021,sanction_to_recommended_ratio
W-002388,COMPLETION,-0.46725962197633264,0.46725962197633264,80.18672199170125,383,1929,1,4.390863189174669,largest_payment_share_as_of
W-002389,COMPLETION,-0.44259838631990867,0.44259838631990867,60.58091286307054,761,1929,0,1.4674694824961994,sanction_to_recommended_ratio
W-002390,COMPLETION,-0.43480266302690895,0.43480266302690895,51.91908713692946,928,1929,0,3.274048490227303,physical_progress_velocity_pct_per_30d
W-002391,COMPLETION,-0.4237308348897249,0.4237308348897249,36.51452282157676,1225,1929,0,1.422945185185185,technical_estimate_amount_inr
W-002392,COMPLETION,-0.399277321406116,0.399277321406116,5.809128630705394,1817,1929,0,1.3445108156089784,estimate_to_recommended_ratio
W-002393,COMPLETION,-0.48869714362958067,0.48869714362958067,88.43360995850622,224,1929,0,1.199836212854181,recommended_amount_inr
W-002394,EXECUTION,-0.4859854308454418,0.4859854308454418,83.25,135,801,0,1.279938566552901,latest_physical_progress_pct_as_of
W-002395,COMPLETION,-0.5019048068770608,0.5019048068770608,91.2344398340249,170,1929,4,21.158661074740092,financial_overrun_pct_as_of
W-002396,COMPLETION,-0.4540767231006878,0.4540767231006878,70.4356846473029,571,1929,1,5.089866398058481,largest_payment_share_as_of
W-002397,COMPLETION,-0.4238593771127213,0.4238593771127213,36.773858921161825,1220,1929,0,1.362539835656187,sanction_to_recommended_ratio
W-002398,EXECUTION,-0.4430083490952771,0.4430083490952771,54.75,363,801,2,7.564035714285715,days_since_last_payment_as_of
W-002399,COMPLETION,-0.42194328505295103,0.42194328505295103,33.40248962655602,1285,1929,0,1.6167623476182045,physical_progress_velocity_pct_per_30d
W-002400,COMPLETION,-0.40285309664581204,0.40285309664581204,8.45435684647303,1766,1929,1,4.785520338983051,financial_overrun_pct_as_of
W-002401,COMPLETION,-0.4174025899953146,0.4174025899953146,26.141078838174273,1425,1929,0,1.2521450467166797,schedule_elapsed_ratio_as_of
W-002402,COMPLETION,-0.4314817900308605,0.4314817900308605,47.510373443983404,1013,1929,0,2.3430126690397612,physical_progress_velocity_pct_per_30d
W-002403,COMPLETION,-0.44121938505879954,0.44121938505879954,59.232365145228215,787,1929,0,1.8114318334002946,financial_overrun_pct_as_of
W-002404,COMPLETION,-0.4663317467284031,0.4663317467284031,79.61618257261411,394,1929,0,1.2658692914409517,sanction_to_recommended_ratio
W-002405,EXECUTION,-0.44635424768596704,0.44635424768596704,56.875,346,801,1,4.723614052653985,largest_payment_share_as_of
W-002406,COMPLETION,-0.4231159945445669,0.4231159945445669,35.63278008298755,1242,1929,0,1.0415073529411765,recommended_amount_inr
W-002407,EXECUTION,-0.43706686004114803,0.43706686004114803,48.0,417,801,0,3.2131692913385828,released_payment_total_inr_as_of
W-002408,EXECUTION,-0.4042837052790089,0.4042837052790089,10.25,719,801,0,1.5808593749999982,financial_minus_physical_gap_pct_as_of
W-002409,COMPLETION,-0.4287126478820989,0.4287126478820989,43.62033195020747,1088,1929,0,3.226647816813179,largest_payment_share_as_of
W-002410,COMPLETION,-0.4600232319401987,0.4600232319401987,74.94813278008299,484,1929,1,3.6808718512271303,physical_progress_velocity_pct_per_30d
W-002411,EXECUTION,-0.45616953789863784,0.45616953789863784,66.625,268,801,1,3.762999999999999,max_physical_progress_drop_pct_as_of
W-002412,COMPLETION,-0.4764623627864661,0.4764623627864661,84.49170124481327,300,1929,1,3.557350696747337,largest_payment_share_as_of
W-002413,EXECUTION,-0.48378354965755777,0.48378354965755777,82.125,144,801,3,7.063642078833233,schedule_elapsed_ratio_as_of
W-002414,COMPLETION,-0.45531200802067684,0.45531200802067684,71.2655601659751,555,1929,0,1.462893640289818,sanction_to_estimate_ratio
W-002415,COMPLETION,-0.5324857430086856,0.5324857430086856,95.64315352697095,85,1929,1,6.159187149832806,physical_progress_velocity_pct_per_30d
W-002416,COMPLETION,-0.41477139228672955,0.41477139228672955,22.45850622406639,1496,1929,0,2.0176854423879926,sanction_to_recommended_ratio
W-002417,EXECUTION,-0.41623589256779897,0.41623589256779897,25.25,599,801,0,1.6019374999999991,expected_minus_physical_gap_pct_as_of
W-002418,COMPLETION,-0.4355115617483625,0.4355115617483625,52.54149377593361,916,1929,0,1.117692028301888,sanction_to_recommended_ratio
W-002419,EXECUTION,-0.45125574958423487,0.45125574958423487,62.625,300,801,1,8.645863636363645,financial_minus_physical_gap_pct_as_of
W-002420,EXECUTION,-0.41903633323457057,0.41903633323457057,28.75,571,801,0,1.8561145858858108,physical_progress_velocity_pct_per_30d
W-002421,COMPLETION,-0.5509855096937936,0.5509855096937936,96.93983402489627,60,1929,4,25.70699478443872,financial_overrun_pct_as_of
W-002422,EXECUTION,-0.4932808658743405,0.4932808658743405,86.875,106,801,2,4.574493589743589,days_since_last_payment_as_of
W-002423,COMPLETION,-0.42150252038643204,0.42150252038643204,32.780082987551864,1297,1929,0,1.0040210742107425,physical_progress_velocity_pct_per_30d
W-002424,COMPLETION,-0.41012574647901645,0.41012574647901645,17.012448132780083,1601,1929,0,0.7443806306306306,days_since_last_payment_as_of
W-002425,EXECUTION,-0.4140796130396149,0.4140796130396149,23.375,614,801,0,1.3730892857142878,financial_minus_physical_gap_pct_as_of
W-002426,COMPLETION,-0.4110721554157944,0.4110721554157944,17.997925311203318,1582,1929,0,1.9675009483240073,physical_progress_velocity_pct_per_30d
W-002427,COMPLETION,-0.468188884477485,0.468188884477485,80.70539419087137,373,1929,0,1.1807700671185906,sanction_to_recommended_ratio
W-002428,COMPLETION,-0.4534939479440911,0.4534939479440911,70.07261410788382,578,1929,0,3.4505288588936733,largest_payment_share_as_of
W-002429,COMPLETION,-0.428682405166752,0.428682405166752,43.56846473029046,1089,1929,0,2.3752067728760786,physical_progress_velocity_pct_per_30d
W-002430,COMPLETION,-0.4256864427081875,0.4256864427081875,39.004149377593365,1177,1929,0,1.2430050445863614,sanction_to_estimate_ratio
W-002431,COMPLETION,-0.4189905169112698,0.4189905169112698,28.682572614107883,1376,1929,0,1.5824966804226361,physical_progress_velocity_pct_per_30d
W-002432,EXECUTION,-0.4576079136177987,0.4576079136177987,67.875,258,801,2,6.110568996416161,largest_payment_share_as_of
W-002433,COMPLETION,-0.3808514953637341,0.3808514953637341,0.0,1929,1929,0,1.6448941143826112,financial_overrun_pct_as_of
W-002434,COMPLETION,-0.39867793648960215,0.39867793648960215,5.238589211618257,1828,1929,0,1.5539750582449,physical_progress_velocity_pct_per_30d
W-002435,COMPLETION,-0.43209089679002505,0.43209089679002505,48.288381742738586,998,1929,1,8.58187519229876,financial_overrun_pct_as_of
W-002436,COMPLETION,-0.4071813145527828,0.4071813145527828,12.863070539419088,1681,1929,0,1.2733327027856924,largest_payment_share_as_of
W-002437,PRE_SANCTION,-0.6169098240261157,0.6169098240261157,97.39776951672863,8,270,0,1.1420737463126844,technical_estimate_amount_inr
W-002438,COMPLETION,-0.4613201023822296,0.4613201023822296,76.03734439834025,463,1929,0,2.376598361619199,largest_payment_share_as_of
W-002439,COMPLETION,-0.4593394897166055,0.4593394897166055,74.53319502074689,492,1929,1,3.7902551594244818,physical_progress_velocity_pct_per_30d
W-002440,COMPLETION,-0.38282913066632707,0.38282913066632707,0.15560165975103735,1926,1929,0,0.7112915028463789,sanction_to_recommended_ratio
W-002441,EXECUTION,-0.4237948726462006,0.4237948726462006,35.125,520,801,0,1.7494843750000049,financial_minus_physical_gap_pct_as_of
W-002442,COMPLETION,-0.41005769190366914,0.41005769190366914,16.856846473029044,1604,1929,0,1.4750951475421519,financial_overrun_pct_as_of
W-002443,PRE_SANCTION,-0.4460177345381054,0.4460177345381054,14.12639405204461,232,270,0,0.7033741438356165,technical_estimate_amount_inr
W-002444,COMPLETION,-0.4373254227531789,0.4373254227531789,54.46058091286307,879,1929,0,1.7711055840152672,sanction_to_recommended_ratio
W-002445,EXECUTION,-0.52807467800543,0.52807467800543,95.125,40,801,3,15.526725490196089,financial_minus_physical_gap_pct_as_of
W-002446,EXECUTION,-0.4414061289450237,0.4414061289450237,53.0,377,801,0,2.133668333333333,latest_financial_progress_pct_as_of
W-002447,EXECUTION,-0.4508048244520131,0.4508048244520131,62.0,305,801,2,12.4108,days_since_last_payment_as_of
W-002448,COMPLETION,-0.5277080846778306,0.5277080846778306,95.17634854771784,94,1929,1,3.5040594109060916,physical_progress_velocity_pct_per_30d
W-002449,COMPLETION,-0.4323729744834001,0.4323729744834001,48.495850622406635,994,1929,0,1.4747942506092349,schedule_elapsed_ratio_as_of
W-002450,PRE_SANCTION,-0.46632970526885453,0.46632970526885453,42.00743494423792,157,270,0,0.5668609577801521,estimate_to_recommended_ratio
W-002451,EXECUTION,-0.48301102023907816,0.48301102023907816,81.25,151,801,2,5.975378205128205,days_since_last_payment_as_of
W-002452,COMPLETION,-0.43152521995512855,0.43152521995512855,47.66597510373444,1010,1929,0,1.4155323245289564,schedule_elapsed_ratio_as_of
W-002453,PRE_SANCTION,-0.4352605120531126,0.4352605120531126,2.2304832713754648,264,270,0,0.49610326894502227,technical_estimate_amount_inr
W-002454,COMPLETION,-0.4278065339827013,0.4278065339827013,41.80497925311203,1123,1929,0,1.4246631558730314,schedule_elapsed_ratio_as_of
W-002455,EXECUTION,-0.4518790687721025,0.4518790687721025,63.25,295,801,0,2.4031690813344113,largest_payment_share_as_of
W-002456,COMPLETION,-0.4997675985788859,0.4997675985788859,90.71576763485477,180,1929,2,17.840623969223714,sanction_to_estimate_ratio
W-002457,COMPLETION,-0.44183076562843354,0.44183076562843354,59.802904564315355,776,1929,0,3.0390605638620003,physical_progress_velocity_pct_per_30d
W-002458,COMPLETION,-0.4394452688256717,0.4394452688256717,57.365145228215766,823,1929,0,3.1361683458574636,financial_overrun_pct_as_of
W-002459,COMPLETION,-0.42521666968544325,0.42521666968544325,38.27800829875519,1191,1929,0,2.3316989692094827,largest_payment_share_as_of
W-002460,EXECUTION,-0.40606957659102993,0.40606957659102993,13.375,694,801,0,2.622608128012332,sanction_to_recommended_ratio
W-002461,EXECUTION,-0.42254719381332334,0.42254719381332334,33.25,535,801,2,40.85542857142862,max_physical_progress_drop_pct_as_of
W-002462,COMPLETION,-0.5701895051659739,0.5701895051659739,98.02904564315352,39,1929,0,2.5608774567693127,largest_payment_share_as_of
W-002463,COMPLETION,-0.4336494295074783,0.4336494295074783,50.155601659751035,962,1929,0,1.1201696296296297,technical_estimate_amount_inr
W-002464,COMPLETION,-0.40932222165300686,0.40932222165300686,15.87136929460581,1623,1929,0,1.3150235936878074,expenditure_to_sanction_pct_as_of
W-002465,COMPLETION,-0.4113273781495362,0.4113273781495362,18.309128630705395,1576,1929,0,2.0590017796561138,expenditure_to_sanction_pct_as_of
W-002466,COMPLETION,-0.4693977853139736,0.4693977853139736,81.32780082987551,361,1929,0,1.6320424948109862,largest_payment_share_as_of
W-002467,COMPLETION,-0.44961786592912956,0.44961786592912956,67.32365145228216,631,1929,0,2.0482057354712,sanction_to_recommended_ratio
W-002468,COMPLETION,-0.48442495472399444,0.48442495472399444,87.13692946058092,249,1929,0,1.8243440111420612,released_payment_total_inr_as_of
W-002469,EXECUTION,-0.41522572698444565,0.41522572698444565,24.375,606,801,0,1.4470090013067622,sanction_to_recommended_ratio
W-002470,COMPLETION,-0.4560873923575035,0.4560873923575035,72.04356846473028,540,1929,0,2.218067774062489,largest_payment_share_as_of
W-002471,EXECUTION,-0.4085850755408832,0.4085850755408832,16.75,667,801,0,1.8136774116854075,sanction_to_recommended_ratio
W-002472,PRE_SANCTION,-0.4366672616063618,0.4366672616063618,3.345724907063197,261,270,0,0.09550442477876106,technical_estimate_amount_inr
W-002473,COMPLETION,-0.44342984521626877,0.44342984521626877,61.61825726141079,741,1929,1,3.6973366930311453,schedule_elapsed_ratio_as_of
W-002474,COMPLETION,-0.4368405981844089,0.4368405981844089,53.78630705394191,892,1929,0,2.415145161290326,latest_financial_progress_pct_as_of
W-002475,COMPLETION,-0.3857946850680088,0.3857946850680088,0.4149377593360996,1921,1929,0,1.3394955132778632,sanction_to_estimate_ratio
W-002476,EXECUTION,-0.4898347277857483,0.4898347277857483,85.625,116,801,2,16.973238805970148,days_since_last_payment_as_of
W-002477,EXECUTION,-0.44633376553983173,0.44633376553983173,56.75,347,801,1,3.587113636363633,financial_minus_physical_gap_pct_as_of
W-002478,COMPLETION,-0.4235259567410047,0.4235259567410047,36.15145228215768,1232,1929,0,1.8316670307555356,largest_payment_share_as_of
W-002479,COMPLETION,-0.4212900339036378,0.4212900339036378,32.67634854771784,1299,1929,0,1.4202321731086394,estimate_to_recommended_ratio
W-002480,EXECUTION,-0.42018183925189245,0.42018183925189245,30.0,561,801,0,1.8526733980520216,expenditure_to_sanction_pct_as_of
W-002481,EXECUTION,-0.47606337859680187,0.47606337859680187,77.5,181,801,2,7.165727722772276,days_since_last_payment_as_of
W-002482,COMPLETION,-0.40371498022357394,0.40371498022357394,9.180497925311203,1752,1929,0,1.8918454380390375,financial_overrun_pct_as_of
W-002483,COMPLETION,-0.622327240306129,0.622327240306129,99.53319502074689,10,1929,4,25.615318553116623,financial_overrun_pct_as_of
W-002484,EXECUTION,-0.42123724169591237,0.42123724169591237,31.625,548,801,0,2.994371212121209,expected_minus_physical_gap_pct_as_of
W-002485,COMPLETION,-0.41174878834557144,0.41174878834557144,19.03526970954357,1562,1929,0,3.1587199239564923,physical_progress_velocity_pct_per_30d
W-002486,EXECUTION,-0.43755129590967357,0.43755129590967357,48.75,411,801,1,7.182513513513513,days_since_last_payment_as_of
W-002487,COMPLETION,-0.42119910580209324,0.42119910580209324,32.52074688796681,1302,1929,0,1.1757279629337924,sanction_to_recommended_ratio
W-002488,COMPLETION,-0.5036729303586686,0.5036729303586686,91.649377593361,162,1929,1,7.189538408215889,largest_payment_share_as_of
W-002489,COMPLETION,-0.42307842094534454,0.42307842094534454,35.4253112033195,1246,1929,0,1.473709864681377,physical_progress_velocity_pct_per_30d
W-002490,EXECUTION,-0.4066355989208803,0.4066355989208803,14.0,689,801,0,1.1431732479520909,expenditure_to_sanction_pct_as_of
W-002491,COMPLETION,-0.514464631102153,0.514464631102153,93.25726141078839,131,1929,0,3.174446967840735,financial_overrun_pct_as_of
W-002492,PRE_SANCTION,-0.4874950011913226,0.4874950011913226,59.479553903345725,110,270,0,0.8617684912028931,estimate_to_recommended_ratio
W-002493,COMPLETION,-0.4328336562500428,0.4328336562500428,49.11825726141079,982,1929,0,1.5473823529411743,financial_minus_physical_gap_pct_as_of
W-002494,EXECUTION,-0.41196449762819015,0.41196449762819015,20.875,634,801,0,1.4357214285714281,financial_minus_physical_gap_pct_as_of
W-002495,PRE_SANCTION,-0.46108411164169844,0.46108411164169844,31.970260223048328,184,270,0,0.8429352833324799,estimate_to_recommended_ratio
W-002496,COMPLETION,-0.40322877124779727,0.40322877124779727,8.71369294605809,1761,1929,0,1.4637682455686811,expenditure_to_sanction_pct_as_of
W-002497,EXECUTION,-0.4447427965536598,0.4447427965536598,56.125,352,801,0,2.332870502210438,largest_payment_share_as_of
W-002498,COMPLETION,-0.4112514422714525,0.4112514422714525,18.20539419087137,1578,1929,0,2.7659656714611893,physical_progress_velocity_pct_per_30d
W-002499,COMPLETION,-0.47888355748379524,0.47888355748379524,85.32157676348548,284,1929,0,1.279848835765157,largest_payment_share_as_of
W-002500,COMPLETION,-0.45562947954329436,0.45562947954329436,71.62863070539419,548,1929,0,1.8416209909285668,largest_payment_share_as_of
W-002501,COMPLETION,-0.40140531904364385,0.40140531904364385,7.261410788381743,1789,1929,0,1.235752149675612,largest_payment_share_as_of
W-002502,EXECUTION,-0.416699858297371,0.416699858297371,25.875,594,801,0,1.5513500000000007,financial_minus_physical_gap_pct_as_of
W-002503,EXECUTION,-0.47318239453305894,0.47318239453305894,76.875,186,801,0,2.1670816831683166,latest_financial_progress_pct_as_of
W-002504,EXECUTION,-0.42959092067417265,0.42959092067417265,42.25,463,801,0,1.8574224447588985,schedule_elapsed_ratio_as_of
W-002505,COMPLETION,-0.4203814731487111,0.4203814731487111,31.068464730290458,1330,1929,0,1.2648358720971236,largest_payment_share_as_of
W-002506,COMPLETION,-0.4168696265696334,0.4168696265696334,25.311203319502074,1441,1929,0,1.5473673379808623,sanction_to_recommended_ratio
W-002507,EXECUTION,-0.45104532508090955,0.45104532508090955,62.125,304,801,2,8.168944444444444,days_since_last_payment_as_of
W-002508,EXECUTION,-0.4469927676108367,0.4469927676108367,57.875,338,801,2,11.466499999999993,financial_minus_physical_gap_pct_as_of
W-002509,COMPLETION,-0.4660769088741147,0.4660769088741147,79.40871369294605,398,1929,0,2.345246132905396,schedule_elapsed_ratio_as_of
W-002510,COMPLETION,-0.4304295978935846,0.4304295978935846,46.31742738589212,1036,1929,0,2.390887019917559,financial_overrun_pct_as_of
W-002511,PRE_SANCTION,-0.48122797377938864,0.48122797377938864,55.01858736059479,122,270,0,1.2843219178082192,technical_estimate_amount_inr
W-002512,COMPLETION,-0.41753165475602294,0.41753165475602294,26.556016597510375,1417,1929,0,1.6378157019277089,estimate_to_recommended_ratio
W-002513,COMPLETION,-0.40480091383929084,0.40480091383929084,10.217842323651452,1732,1929,0,1.7087908175670083,sanction_to_recommended_ratio
W-002514,EXECUTION,-0.47225785465613646,0.47225785465613646,76.375,190,801,2,5.70459477124183,days_since_last_payment_as_of
W-002515,COMPLETION,-0.42352317764653036,0.42352317764653036,36.09958506224066,1233,1929,0,1.4471038596798549,sanction_to_recommended_ratio
W-002516,EXECUTION,-0.411904907697708,0.411904907697708,20.625,636,801,1,3.697259259259258,max_physical_progress_drop_pct_as_of
W-002517,COMPLETION,-0.4090975834316034,0.4090975834316034,15.612033195020746,1628,1929,0,1.2449844446321774,largest_payment_share_as_of
W-002518,EXECUTION,-0.41651894288240976,0.41651894288240976,25.375,598,801,0,1.2774771723122238,sanctioned_amount_inr
W-002519,COMPLETION,-0.4253830845525361,0.4253830845525361,38.433609958506224,1188,1929,0,1.766326710614563,financial_overrun_pct_as_of
W-002520,COMPLETION,-0.4283993244987418,0.4283993244987418,43.15352697095436,1097,1929,0,0.9961566862735443,schedule_elapsed_ratio_as_of
W-002521,EXECUTION,-0.5270837869786574,0.5270837869786574,95.0,41,801,3,13.862485074626864,days_since_last_payment_as_of
W-002522,EXECUTION,-0.5769998220385704,0.5769998220385704,98.125,16,801,1,24.784568627451,financial_minus_physical_gap_pct_as_of
W-002523,COMPLETION,-0.46498961996027044,0.46498961996027044,78.83817427385893,409,1929,0,1.5393719348865902,physical_progress_velocity_pct_per_30d
W-002524,EXECUTION,-0.49682244252738744,0.49682244252738744,88.25,95,801,2,10.268918367346956,expected_minus_physical_gap_pct_as_of
W-002525,COMPLETION,-0.4223619603931829,0.4223619603931829,34.07676348547718,1272,1929,0,1.4552691692801674,sanction_to_estimate_ratio
W-002526,COMPLETION,-0.4912430385349933,0.4912430385349933,88.90041493775934,215,1929,0,1.5077347513484771,sanction_to_recommended_ratio
W-002527,COMPLETION,-0.4905515629669508,0.4905515629669508,88.79668049792531,217,1929,0,2.8162564935064935,days_since_last_payment_as_of
W-002528,COMPLETION,-0.40350134884481303,0.40350134884481303,9.024896265560166,1755,1929,0,1.0355037379759315,physical_progress_velocity_pct_per_30d
W-002529,EXECUTION,-0.43830316850089795,0.43830316850089795,49.375,406,801,2,14.911267857142857,days_since_last_payment_as_of
W-002530,COMPLETION,-0.5678265627980964,0.5678265627980964,97.82157676348548,43,1929,4,8.361397264047008,financial_overrun_pct_as_of
W-002531,COMPLETION,-0.4283476001182205,0.4283476001182205,42.946058091286304,1101,1929,0,1.745101874417398,schedule_elapsed_ratio_as_of
W-002532,EXECUTION,-0.4641264768050994,0.4641264768050994,71.375,230,801,1,5.672449566408032,largest_payment_share_as_of
W-002533,PRE_SANCTION,-0.4618114212768022,0.4618114212768022,33.82899628252788,179,270,0,1.022693215339233,technical_estimate_amount_inr
W-002534,COMPLETION,-0.4637424771195954,0.4637424771195954,78.00829875518673,425,1929,3,3.525964971790173,expenditure_to_sanction_pct_as_of
W-002535,COMPLETION,-0.41038285129018326,0.41038285129018326,17.37551867219917,1594,1929,0,1.3873559499715362,sanction_to_recommended_ratio
W-002536,COMPLETION,-0.43455924461800255,0.43455924461800255,51.29668049792531,940,1929,0,2.5140454545454523,latest_financial_progress_pct_as_of
W-002537,COMPLETION,-0.4190653220907513,0.4190653220907513,28.83817427385892,1373,1929,1,4.5922610044326175,physical_progress_velocity_pct_per_30d
W-002538,COMPLETION,-0.41344473424777295,0.41344473424777295,21.16182572614108,1521,1929,0,1.36209200310559,released_payment_total_inr_as_of
W-002539,COMPLETION,-0.39095805877758666,0.39095805877758666,1.1929460580912863,1906,1929,0,1.6168911230743925,sanction_to_recommended_ratio
W-002540,PRE_SANCTION,-0.4583990718674028,0.4583990718674028,30.483271375464685,188,270,0,1.9894507211538461,technical_estimate_amount_inr
W-002541,EXECUTION,-0.4601277401840351,0.4601277401840351,69.75,243,801,3,40.46999999999998,max_physical_progress_drop_pct_as_of
W-002542,PRE_SANCTION,-0.43987534924677313,0.43987534924677313,7.063197026022305,251,270,0,0.5274554280670786,technical_estimate_amount_inr
W-002543,EXECUTION,-0.4528317428635046,0.4528317428635046,64.25,287,801,0,1.6903901820084188,estimate_to_recommended_ratio
W-002544,COMPLETION,-0.41826846794080524,0.41826846794080524,27.282157676348547,1403,1929,0,2.6986381794678365,largest_payment_share_as_of
W-002545,EXECUTION,-0.5769709109525827,0.5769709109525827,98.0,17,801,1,14.016953125000015,financial_minus_physical_gap_pct_as_of
W-002546,EXECUTION,-0.4598958259971214,0.4598958259971214,69.5,245,801,0,2.241251968503937,released_payment_total_inr_as_of
W-002547,COMPLETION,-0.4238146220405428,0.4238146220405428,36.670124481327804,1222,1929,1,5.589372797345637,financial_overrun_pct_as_of
W-002548,COMPLETION,-0.42098067942288764,0.42098067942288764,32.00207468879668,1312,1929,0,2.337526726886966,sanction_to_recommended_ratio
W-002549,EXECUTION,-0.4171736365607874,0.4171736365607874,26.625,588,801,0,2.473166666666671,financial_minus_physical_gap_pct_as_of
W-002550,COMPLETION,-0.41678417050002686,0.41678417050002686,25.15560165975104,1444,1929,0,1.0867123310906743,largest_payment_share_as_of
W-002551,PRE_SANCTION,-0.5702406328924202,0.5702406328924202,94.05204460966543,17,270,0,1.1891185185185185,recommended_amount_inr
W-002552,PRE_SANCTION,-0.44540943788412823,0.44540943788412823,13.382899628252789,234,270,0,0.6874165128545491,estimate_to_recommended_ratio
W-002553,PRE_SANCTION,-0.4737634732815646,0.4737634732815646,49.814126394052046,136,270,0,1.143880058413936,estimate_to_recommended_ratio
W-002554,COMPLETION,-0.3988986161444616,0.3988986161444616,5.394190871369295,1825,1929,0,0.8721115354651839,schedule_elapsed_ratio_as_of
W-002555,COMPLETION,-0.3962823650330957,0.3962823650330957,3.6307053941908713,1859,1929,0,1.1011607282697595,sanction_to_recommended_ratio
W-002556,COMPLETION,-0.5154864636816089,0.5154864636816089,93.51659751037344,126,1929,0,1.626561908230153,released_payment_total_inr_as_of
W-002557,COMPLETION,-0.4080011735031553,0.4080011735031553,14.159751037344398,1656,1929,0,1.515400994644519,estimate_to_recommended_ratio
W-002558,COMPLETION,-0.41663925024531356,0.41663925024531356,24.948132780082986,1448,1929,1,9.147095864571318,financial_overrun_pct_as_of
W-002559,COMPLETION,-0.40152267287827115,0.40152267287827115,7.313278008298755,1788,1929,0,1.1644503536625666,sanction_to_recommended_ratio
W-002560,PRE_SANCTION,-0.445255678935973,0.445255678935973,13.011152416356877,235,270,0,0.6825178306092125,technical_estimate_amount_inr
W-002561,COMPLETION,-0.5051971181178395,0.5051971181178395,91.96058091286307,156,1929,0,0.7740517751877044,sanction_to_estimate_ratio
W-002562,PRE_SANCTION,-0.5258823678409142,0.5258823678409142,84.38661710037175,43,270,0,1.2547352861463725,estimate_to_recommended_ratio
W-002563,COMPLETION,-0.44051287518177673,0.44051287518177673,58.454356846473026,802,1929,0,2.2190406060330665,expenditure_to_sanction_pct_as_of
W-002564,PRE_SANCTION,-0.7291206642227689,0.7291206642227689,100.0,1,270,0,1.712706943192065,recommended_amount_inr
W-002565,COMPLETION,-0.487616473869479,0.487616473869479,88.22614107883817,228,1929,0,1.4317216981132075,days_since_last_payment_as_of
W-002566,COMPLETION,-0.41160030497886296,0.41160030497886296,18.724066390041493,1568,1929,0,1.6022894855821455,expenditure_to_sanction_pct_as_of
W-002567,EXECUTION,-0.44765756232720233,0.44765756232720233,58.5,333,801,0,1.4309993408000978,sanction_to_estimate_ratio
W-002568,COMPLETION,-0.48307419298658144,0.48307419298658144,86.87759336099585,254,1929,0,2.397835087810696,largest_payment_share_as_of
W-002569,PRE_SANCTION,-0.507525315261996,0.507525315261996,75.8364312267658,66,270,0,1.1406372462488967,technical_estimate_amount_inr
W-002570,COMPLETION,-0.42926669614563573,0.42926669614563573,44.65767634854772,1068,1929,0,2.3444279043900123,physical_progress_velocity_pct_per_30d
W-002571,PRE_SANCTION,-0.4719037543605805,0.4719037543605805,48.3271375464684,140,270,0,1.5259357927501542,estimate_to_recommended_ratio
W-002572,COMPLETION,-0.4201870898622001,0.4201870898622001,30.70539419087137,1337,1929,0,1.6536129032258082,latest_financial_progress_pct_as_of
W-002573,EXECUTION,-0.40572676798499585,0.40572676798499585,12.875,698,801,0,1.304033333333335,financial_minus_physical_gap_pct_as_of
W-002574,COMPLETION,-0.41226665340658153,0.41226665340658153,19.761410788381742,1548,1929,0,1.3216744800565323,expenditure_to_sanction_pct_as_of
W-002575,COMPLETION,-0.44797242481528915,0.44797242481528915,66.02697095435684,656,1929,0,1.374325406758448,sanctioned_amount_inr
W-002576,COMPLETION,-0.5234678376863223,0.5234678376863223,94.65767634854772,104,1929,1,7.898987824870253,physical_progress_velocity_pct_per_30d
W-002577,COMPLETION,-0.4270164457094726,0.4270164457094726,41.02697095435685,1138,1929,0,1.4998183612165332,largest_payment_share_as_of
W-002578,COMPLETION,-0.4336809390215726,0.4336809390215726,50.31120331950208,959,1929,0,1.8416209909285668,largest_payment_share_as_of
W-002579,COMPLETION,-0.4325322065431511,0.4325322065431511,48.59958506224066,992,1929,0,1.7137660459726216,sanction_to_recommended_ratio
W-002580,COMPLETION,-0.47123498495474186,0.47123498495474186,82.57261410788382,337,1929,0,2.0720436770257957,schedule_elapsed_ratio_as_of
W-002581,EXECUTION,-0.434387422418875,0.434387422418875,46.0,433,801,2,8.5215,days_since_last_payment_as_of
W-002582,COMPLETION,-0.4582236707958527,0.4582236707958527,73.70331950207469,508,1929,0,3.312929820187003,expenditure_to_sanction_pct_as_of
W-002583,COMPLETION,-0.6111795237047695,0.6111795237047695,99.32572614107883,14,1929,3,17.86096861414099,sanction_to_estimate_ratio
W-002584,EXECUTION,-0.41446435167209916,0.41446435167209916,23.5,613,801,0,3.08342857142857,financial_minus_physical_gap_pct_as_of
W-002585,PRE_SANCTION,-0.4662166593177626,0.4662166593177626,41.63568773234201,158,270,0,1.158023444544635,recommended_amount_inr
W-002586,EXECUTION,-0.4860782191982969,0.4860782191982969,83.375,134,801,2,10.111423423423423,days_since_last_payment_as_of
W-002587,COMPLETION,-0.392311084519201,0.392311084519201,1.7634854771784232,1895,1929,0,1.7319428137066921,financial_overrun_pct_as_of
W-002588,EXECUTION,-0.48559165892674533,0.48559165892674533,83.125,136,801,4,24.313372093023254,days_since_last_payment_as_of
W-002589,EXECUTION,-0.4480994066959746,0.4480994066959746,58.75,331,801,0,3.466458897292782,expenditure_to_sanction_pct_as_of
W-002590,COMPLETION,-0.41653725983511614,0.41653725983511614,24.740663900414937,1452,1929,0,1.689657836320644,sanction_to_estimate_ratio
W-002591,COMPLETION,-0.43259647666823076,0.43259647666823076,48.80705394190871,988,1929,0,1.6262903783307014,sanction_to_recommended_ratio
W-002592,COMPLETION,-0.44643127261989446,0.44643127261989446,64.31535269709543,689,1929,1,4.671130086526741,physical_progress_velocity_pct_per_30d
W-002593,COMPLETION,-0.4792661993008324,0.4792661993008324,85.63278008298755,278,1929,0,1.6217682094081942,released_payment_total_inr_as_of
W-002594,COMPLETION,-0.45655946651605006,0.45655946651605006,72.40663900414938,533,1929,0,2.9015563055110505,physical_progress_velocity_pct_per_30d
W-002595,COMPLETION,-0.46953080232091804,0.46953080232091804,81.43153526970954,359,1929,0,1.43967214339059,technical_estimate_amount_inr
W-002596,COMPLETION,-0.4129464770279274,0.4129464770279274,20.53941908713693,1533,1929,0,0.8554270449521002,technical_estimate_amount_inr
W-002597,EXECUTION,-0.4039049998161627,0.4039049998161627,9.625,724,801,0,1.9359025974025976,days_since_last_payment_as_of
W-002598,EXECUTION,-0.44894232254172023,0.44894232254172023,59.875,322,801,0,3.4237278481012656,days_since_last_payment_as_of
W-002599,COMPLETION,-0.4420606626604187,0.4420606626604187,60.114107883817425,770,1929,0,1.7537074150418699,sanction_to_recommended_ratio
W-002600,PRE_SANCTION,-0.5059869518537651,0.5059869518537651,74.72118959107807,69,270,0,1.2658150074294205,technical_estimate_amount_inr
W-002601,COMPLETION,-0.4027550145062887,0.4027550145062887,8.350622406639005,1768,1929,0,1.461416666666664,latest_financial_progress_pct_as_of
W-002602,COMPLETION,-0.531365022370791,0.531365022370791,95.48755186721992,88,1929,0,1.977894212826157,physical_progress_velocity_pct_per_30d
W-002603,EXECUTION,-0.49502201523878625,0.49502201523878625,87.625,100,801,1,3.5523666666666713,financial_minus_physical_gap_pct_as_of
W-002604,EXECUTION,-0.4280578232680654,0.4280578232680654,39.875,482,801,0,3.031450724722893,largest_payment_share_as_of
W-002605,EXECUTION,-0.4731220498150557,0.4731220498150557,76.625,188,801,0,1.7870925074982433,expenditure_to_sanction_pct_as_of
W-002606,EXECUTION,-0.42075881760740985,0.42075881760740985,30.875,554,801,0,2.149881308383032,largest_payment_share_as_of
W-002607,EXECUTION,-0.4541805195099117,0.4541805195099117,65.375,278,801,0,1.6780191265652122,estimate_to_recommended_ratio
W-002608,COMPLETION,-0.39917802403593466,0.39917802403593466,5.653526970954357,1820,1929,0,1.094982874695975,estimate_to_recommended_ratio
W-002609,COMPLETION,-0.4027622567076646,0.4027622567076646,8.402489626556017,1767,1929,0,2.0702994203967426,financial_overrun_pct_as_of
W-002610,COMPLETION,-0.4047306389599057,0.4047306389599057,10.010373443983402,1736,1929,0,1.7376120612194095,expenditure_to_sanction_pct_as_of
W-002611,PRE_SANCTION,-0.5205980332147889,0.5205980332147889,83.27137546468401,46,270,0,1.1732133204633204,recommended_amount_inr
W-002612,COMPLETION,-0.45413237259113914,0.45413237259113914,70.53941908713693,569,1929,0,1.561932744587922,sanction_to_recommended_ratio
W-002613,PRE_SANCTION,-0.4569102864266588,0.4569102864266588,27.13754646840149,197,270,0,1.1995369318181819,recommended_amount_inr
W-002614,COMPLETION,-0.40679636643040634,0.40679636643040634,12.5,1688,1929,0,1.5251586781142088,sanction_to_recommended_ratio
W-002615,COMPLETION,-0.514422977682728,0.514422977682728,93.20539419087137,132,1929,0,2.1339921710986425,largest_payment_share_as_of
W-002616,COMPLETION,-0.536127154672065,0.536127154672065,95.90248962655602,80,1929,2,17.577631282608852,sanction_to_estimate_ratio
W-002617,EXECUTION,-0.522553296162161,0.522553296162161,94.25,47,801,1,3.5498093873406598,physical_progress_velocity_pct_per_30d
W-002618,EXECUTION,-0.40217496709102063,0.40217496709102063,7.75,739,801,0,1.2827211717887732,largest_payment_share_as_of
W-002619,COMPLETION,-0.4858565415690991,0.4858565415690991,87.60373443983403,240,1929,0,2.7419155464461515,physical_progress_velocity_pct_per_30d
W-002620,EXECUTION,-0.4863911432440001,0.4863911432440001,83.75,131,801,1,7.082250000000003,expected_minus_physical_gap_pct_as_of
W-002621,COMPLETION,-0.4692021388768996,0.4692021388768996,81.2240663900415,363,1929,0,2.134759028019703,largest_payment_share_as_of
W-002622,EXECUTION,-0.40855287820228753,0.40855287820228753,16.625,668,801,0,1.8354093515863226,estimate_to_recommended_ratio
W-002623,EXECUTION,-0.49940549274998514,0.49940549274998514,88.875,90,801,3,15.407855421686747,days_since_last_payment_as_of
W-002624,COMPLETION,-0.5618216392200387,0.5618216392200387,97.45850622406638,50,1929,4,5.548772848620929,physical_progress_velocity_pct_per_30d
W-002625,PRE_SANCTION,-0.6237698243824058,0.6237698243824058,97.76951672862454,7,270,0,1.074074098656224,estimate_to_recommended_ratio
W-002626,EXECUTION,-0.4530866189855468,0.4530866189855468,64.625,284,801,2,5.936670634920635,days_since_last_payment_as_of
W-002627,COMPLETION,-0.40883758714407525,0.40883758714407525,15.093360995850622,1638,1929,0,1.6601381601317586,sanction_to_recommended_ratio
W-002628,COMPLETION,-0.44644124535705243,0.44644124535705243,64.36721991701245,688,1929,0,1.3925407701019252,technical_estimate_amount_inr
W-002629,COMPLETION,-0.40605158928807783,0.40605158928807783,11.514522821576763,1707,1929,0,1.2447240866502232,physical_progress_velocity_pct_per_30d
W-002630,EXECUTION,-0.4207404345617328,0.4207404345617328,30.75,555,801,0,2.9866700341855124,largest_payment_share_as_of
W-002631,COMPLETION,-0.40584514404073857,0.40584514404073857,11.099585062240664,1715,1929,0,0.6745,financial_overrun_pct_as_of
W-002632,EXECUTION,-0.5260186398558471,0.5260186398558471,94.75,43,801,3,9.086966063058824,sanction_to_estimate_ratio
W-002633,COMPLETION,-0.40529673030119034,0.40529673030119034,10.632780082987551,1724,1929,0,1.4577903225806483,latest_financial_progress_pct_as_of
W-002634,COMPLETION,-0.5799854672314206,0.5799854672314206,98.34024896265561,33,1929,3,31.34596687944532,sanction_to_estimate_ratio
W-002635,COMPLETION,-0.4216983144555198,0.4216983144555198,33.03941908713693,1292,1929,0,2.6390887435640784,physical_progress_velocity_pct_per_30d
W-002636,PRE_SANCTION,-0.4360656459192672,0.4360656459192672,2.6022304832713754,263,270,0,0.6745,technical_estimate_amount_inr
W-002637,EXECUTION,-0.4191253776645324,0.4191253776645324,29.125,568,801,0,1.9977229299363048,expected_minus_physical_gap_pct_as_of
W-002638,COMPLETION,-0.4010697484935087,0.4010697484935087,6.950207468879668,1795,1929,0,1.434246946513872,sanction_to_recommended_ratio
W-002639,EXECUTION,-0.3948859996731963,0.3948859996731963,2.125,784,801,0,1.2990370370370385,financial_minus_physical_gap_pct_as_of
W-002640,PRE_SANCTION,-0.48922220832000757,0.48922220832000757,61.71003717472119,104,270,0,1.301646404109589,technical_estimate_amount_inr
W-002641,COMPLETION,-0.4168376206927112,0.4168376206927112,25.259336099585063,1442,1929,0,1.145459705882353,recommended_amount_inr
W-002642,COMPLETION,-0.438920733196232,0.438920733196232,56.690871369294605,836,1929,0,2.5706027583664905,largest_payment_share_as_of
W-002643,COMPLETION,-0.4627597265515991,0.4627597265515991,77.38589211618257,437,1929,0,2.062756613756614,days_since_last_payment_as_of
W-002644,EXECUTION,-0.4177379915141118,0.4177379915141118,27.125,584,801,0,2.0024218749999996,financial_minus_physical_gap_pct_as_of
W-002645,COMPLETION,-0.45064998988056015,0.45064998988056015,68.15352697095436,615,1929,0,3.014028962980752,physical_progress_velocity_pct_per_30d
W-002646,COMPLETION,-0.45691978718956955,0.45691978718956955,72.66597510373444,528,1929,0,2.243418039318458,schedule_elapsed_ratio_as_of
W-002647,PRE_SANCTION,-0.4722565730374447,0.4722565730374447,48.698884758364315,139,270,0,1.8686148148148147,recommended_amount_inr
W-002648,EXECUTION,-0.4273516578279793,0.4273516578279793,39.25,487,801,0,2.301742017879949,sanctioned_amount_inr
W-002649,EXECUTION,-0.4373896368444877,0.4373896368444877,48.5,413,801,0,2.3382666666666765,financial_minus_physical_gap_pct_as_of
W-002650,COMPLETION,-0.40736955344552744,0.40736955344552744,13.070539419087137,1677,1929,0,1.5321424973147069,sanction_to_recommended_ratio
W-002651,COMPLETION,-0.40204452766872545,0.40204452766872545,7.624481327800829,1782,1929,0,1.3290518619511094,estimate_to_recommended_ratio
W-002652,EXECUTION,-0.4478943606064303,0.4478943606064303,58.625,332,801,1,5.05901156476293,largest_payment_share_as_of
W-002653,COMPLETION,-0.46745750234432876,0.46745750234432876,80.34232365145228,380,1929,0,1.2299705882352976,latest_financial_progress_pct_as_of
W-002654,COMPLETION,-0.407560407589376,0.407560407589376,13.381742738589212,1671,1929,0,0.7297223326735378,sanction_to_estimate_ratio
W-002655,EXECUTION,-0.4601215259691654,0.4601215259691654,69.625,244,801,2,7.259222772277228,days_since_last_payment_as_of
W-002656,EXECUTION,-0.46101897981825835,0.46101897981825835,70.25,239,801,0,2.9866700341855124,largest_payment_share_as_of
W-002657,COMPLETION,-0.47970196910250945,0.47970196910250945,85.7883817427386,275,1929,3,3.9497177278650835,expenditure_to_sanction_pct_as_of
W-002658,COMPLETION,-0.4936142277314492,0.4936142277314492,89.41908713692946,205,1929,0,1.34738934571023,estimate_to_recommended_ratio
W-002659,EXECUTION,-0.4041995571201516,0.4041995571201516,10.125,720,801,0,1.7868333333333317,expected_minus_physical_gap_pct_as_of
W-002660,COMPLETION,-0.41253786705876616,0.41253786705876616,19.96887966804979,1544,1929,0,1.0309662481151631,financial_overrun_pct_as_of
W-002661,COMPLETION,-0.41639774023447484,0.41639774023447484,24.37759336099585,1459,1929,0,1.1917429775280899,released_payment_total_inr_as_of
W-002662,COMPLETION,-0.425209669606559,0.425209669606559,38.226141078838175,1192,1929,1,5.850782816556253,financial_overrun_pct_as_of
W-002663,COMPLETION,-0.5213838942253816,0.5213838942253816,94.34647302904564,110,1929,3,16.637858610118606,sanction_to_estimate_ratio
W-002664,PRE_SANCTION,-0.5877484269520608,0.5877484269520608,95.91078066914498,12,270,0,0.9260702702702702,technical_estimate_amount_inr
W-002665,COMPLETION,-0.4055328830695299,0.4055328830695299,10.840248962655602,1720,1929,0,1.0216600885488747,sanction_to_recommended_ratio
W-002666,EXECUTION,-0.49128061245055826,0.49128061245055826,86.375,110,801,2,11.684080645161291,days_since_last_payment_as_of
W-002667,COMPLETION,-0.45687310656583535,0.45687310656583535,72.61410788381743,529,1929,0,2.8979996003836312,financial_overrun_pct_as_of
W-002668,EXECUTION,-0.42370132016713435,0.42370132016713435,34.75,523,801,0,2.720108358237733,largest_payment_share_as_of
W-002669,COMPLETION,-0.41056657907720945,0.41056657907720945,17.58298755186722,1590,1929,0,1.9753717931935972,sanction_to_estimate_ratio
W-002670,COMPLETION,-0.48093190174189826,0.48093190174189826,86.30705394190872,265,1929,0,3.470237025169213,physical_progress_velocity_pct_per_30d
W-002671,COMPLETION,-0.41600530055162166,0.41600530055162166,24.066390041493776,1465,1929,0,1.6200728536436175,physical_progress_velocity_pct_per_30d
W-002672,EXECUTION,-0.39769123304574666,0.39769123304574666,3.875,770,801,0,1.0771832684239906,largest_payment_share_as_of
W-002673,EXECUTION,-0.44082531479437564,0.44082531479437564,52.125,384,801,1,3.8783749999999997,days_since_last_payment_as_of
W-002674,COMPLETION,-0.46356682784871966,0.46356682784871966,77.9045643153527,427,1929,1,6.180385838597761,financial_overrun_pct_as_of
W-002675,COMPLETION,-0.40271388462583935,0.40271388462583935,8.246887966804978,1770,1929,0,1.1047692810457517,recommended_amount_inr
W-002676,COMPLETION,-0.3992866204248043,0.3992866204248043,5.912863070539419,1815,1929,0,0.7606966495849439,schedule_elapsed_ratio_as_of
W-002677,COMPLETION,-0.40673195111623694,0.40673195111623694,12.396265560165975,1690,1929,0,1.4306273885350318,days_since_last_payment_as_of
W-002678,COMPLETION,-0.459458349429544,0.459458349429544,74.63692946058092,490,1929,0,1.5381890243902423,latest_financial_progress_pct_as_of
W-002679,EXECUTION,-0.470504667698274,0.470504667698274,74.625,204,801,0,3.322537037037037,days_since_last_payment_as_of
W-002680,EXECUTION,-0.3899514735461533,0.3899514735461533,0.75,795,801,0,1.3892479423868314,released_payment_total_inr_as_of
W-002681,EXECUTION,-0.5239162249899953,0.5239162249899953,94.375,46,801,2,17.166686274509846,financial_minus_physical_gap_pct_as_of
W-002682,COMPLETION,-0.4462274957496693,0.4462274957496693,64.15975103734439,692,1929,0,2.953236830434141,largest_payment_share_as_of
W-002683,EXECUTION,-0.3923267687998255,0.3923267687998255,1.25,791,801,0,0.8380737864934306,sanction_to_recommended_ratio
W-002684,EXECUTION,-0.3995752641295482,0.3995752641295482,5.75,755,801,0,1.6994754901960778,latest_physical_progress_pct_as_of
W-002685,EXECUTION,-0.48278927260175547,0.48278927260175547,81.125,152,801,1,5.281166608876561,physical_progress_velocity_pct_per_30d
W-002686,EXECUTION,-0.433736637727502,0.433736637727502,45.75,435,801,0,1.6725570254215532,sanction_to_estimate_ratio
W-002687,COMPLETION,-0.4368026421091664,0.4368026421091664,53.7344398340249,893,1929,0,1.6196031032191045,physical_progress_velocity_pct_per_30d
W-002688,COMPLETION,-0.423761523517824,0.423761523517824,36.566390041493776,1224,1929,0,1.7718917597207067,expenditure_to_sanction_pct_as_of
W-002689,COMPLETION,-0.4311932903704234,0.4311932903704234,47.14730290456431,1020,1929,0,2.294380042043028,schedule_elapsed_ratio_as_of
W-002690,COMPLETION,-0.4014048637121843,0.4014048637121843,7.20954356846473,1790,1929,0,1.4242167226188365,schedule_elapsed_ratio_as_of
W-002691,COMPLETION,-0.43463060214620436,0.43463060214620436,51.504149377593365,936,1929,0,1.9846743806539402,estimate_to_recommended_ratio
W-002692,COMPLETION,-0.41536636005532535,0.41536636005532535,23.13278008298755,1483,1929,1,7.07139131069947,financial_overrun_pct_as_of
W-002693,COMPLETION,-0.4430211546167722,0.4430211546167722,61.15145228215768,750,1929,0,1.37798062751116,physical_progress_velocity_pct_per_30d
W-002694,EXECUTION,-0.4176668887578246,0.4176668887578246,27.0,585,801,0,1.2956094986807387,overdue_days_as_of
W-002695,COMPLETION,-0.46634037204858864,0.46634037204858864,79.66804979253112,393,1929,0,1.9184028275387477,schedule_elapsed_ratio_as_of
W-002696,PRE_SANCTION,-0.4684713427095627,0.4684713427095627,44.60966542750929,150,270,0,2.2284652840396753,recommended_amount_inr
W-002697,COMPLETION,-0.4329066482672377,0.4329066482672377,49.32572614107884,978,1929,0,3.1317883527740116,physical_progress_velocity_pct_per_30d
W-002698,COMPLETION,-0.4258819449900996,0.4258819449900996,39.36721991701245,1170,1929,0,2.425681185151671,physical_progress_velocity_pct_per_30d
W-002699,PRE_SANCTION,-0.46489122519884246,0.46489122519884246,38.66171003717472,166,270,0,0.6745,recommended_amount_inr
W-002700,COMPLETION,-0.4434849578137668,0.4434849578137668,61.773858921161825,738,1929,1,4.666663503848486,physical_progress_velocity_pct_per_30d
W-002701,COMPLETION,-0.422594259285751,0.422594259285751,34.439834024896264,1265,1929,0,1.2857448709336066,sanction_to_recommended_ratio
W-002702,EXECUTION,-0.4297686126205957,0.4297686126205957,42.5,461,801,0,3.068313725490202,financial_minus_physical_gap_pct_as_of
W-002703,COMPLETION,-0.4606929018317247,0.4606929018317247,75.4149377593361,475,1929,0,1.3645850499884002,expenditure_to_sanction_pct_as_of
W-002704,COMPLETION,-0.42836442918786805,0.42836442918786805,43.04979253112033,1099,1929,0,1.7407438657928898,sanction_to_recommended_ratio
W-002705,COMPLETION,-0.42345240563813186,0.42345240563813186,35.995850622406635,1235,1929,0,1.3572152236062713,estimate_to_recommended_ratio
W-002706,COMPLETION,-0.4305046182401458,0.4305046182401458,46.42116182572614,1034,1929,0,1.0200844080648641,sanction_to_estimate_ratio
W-002707,EXECUTION,-0.40052260552957486,0.40052260552957486,6.875,746,801,0,2.6393478260869534,financial_minus_physical_gap_pct_as_of
W-002708,COMPLETION,-0.4227298685179299,0.4227298685179299,34.75103734439834,1259,1929,1,7.1899245775964,financial_overrun_pct_as_of
W-002709,EXECUTION,-0.4117857576309825,0.4117857576309825,20.125,640,801,0,1.8436333333333457,financial_minus_physical_gap_pct_as_of
W-002710,COMPLETION,-0.449754427766146,0.449754427766146,67.58298755186722,626,1929,0,3.2244675163727425,largest_payment_share_as_of
W-002711,EXECUTION,-0.4034643043477804,0.4034643043477804,9.125,728,801,0,1.4572573358725154,sanction_to_recommended_ratio
W-002712,COMPLETION,-0.4362133700419124,0.4362133700419124,53.060165975103736,906,1929,0,3.373757626983,expenditure_to_sanction_pct_as_of
W-002713,EXECUTION,-0.5341689941835517,0.5341689941835517,95.375,38,801,2,6.66391256830601,days_since_last_payment_as_of
W-002714,PRE_SANCTION,-0.4505710284668637,0.4505710284668637,18.95910780669145,219,270,0,0.8651612215909091,recommended_amount_inr
W-002715,COMPLETION,-0.3997648827839715,0.3997648827839715,6.1203319502074685,1811,1929,0,2.393748309778389,financial_overrun_pct_as_of
W-002716,COMPLETION,-0.4679648340852818,0.4679648340852818,80.54979253112033,376,1929,0,3.445175779671225,largest_payment_share_as_of
W-002717,COMPLETION,-0.4226731116522637,0.4226731116522637,34.64730290456431,1261,1929,0,1.4927945054945055,sanctioned_amount_inr
W-002718,EXECUTION,-0.3999352895678137,0.3999352895678137,6.125,752,801,0,1.7874249999999994,latest_financial_progress_pct_as_of
W-002719,COMPLETION,-0.5909892993979348,0.5909892993979348,98.65145228215768,27,1929,4,14.863727502348574,financial_overrun_pct_as_of
W-002720,PRE_SANCTION,-0.5853165292257613,0.5853165292257613,95.16728624535315,14,270,0,1.0800151057401812,recommended_amount_inr
W-002721,COMPLETION,-0.41004193873684486,0.41004193873684486,16.804979253112034,1605,1929,0,1.1475259740259776,latest_financial_progress_pct_as_of
W-002722,EXECUTION,-0.40312811601526305,0.40312811601526305,8.75,731,801,1,4.159416666666666,days_since_last_payment_as_of
W-002723,COMPLETION,-0.4298095213162334,0.4298095213162334,45.59128630705394,1050,1929,0,1.9604122517390863,financial_overrun_pct_as_of
W-002724,COMPLETION,-0.44095885231323895,0.44095885231323895,58.86929460580913,794,1929,0,3.0737231125950832,largest_payment_share_as_of
W-002725,COMPLETION,-0.3902230140122819,0.3902230140122819,1.1410788381742738,1907,1929,0,0.9273420249603664,financial_overrun_pct_as_of
W-002726,EXECUTION,-0.49572919303582846,0.49572919303582846,87.875,98,801,3,167.2759999999977,max_physical_progress_drop_pct_as_of
W-002727,EXECUTION,-0.3963857252864311,0.3963857252864311,2.875,778,801,0,2.1075261800553586,expenditure_to_sanction_pct_as_of
W-002728,EXECUTION,-0.45624944627247865,0.45624944627247865,66.75,267,801,0,2.186262781186094,released_payment_total_inr_as_of
W-002729,COMPLETION,-0.4149983386160971,0.4149983386160971,22.821576763485478,1489,1929,0,1.7922144959529063,financial_overrun_pct_as_of
W-002730,PRE_SANCTION,-0.45179536823555216,0.45179536823555216,20.817843866171003,214,270,0,0.26932332155477035,recommended_amount_inr
W-002731,COMPLETION,-0.4377073415268751,0.4377073415268751,54.927385892116185,870,1929,1,4.426870706416077,largest_payment_share_as_of
W-002732,COMPLETION,-0.4829031899757861,0.4829031899757861,86.77385892116183,256,1929,0,3.062953121107782,largest_payment_share_as_of
W-002733,EXECUTION,-0.48938960510537144,0.48938960510537144,85.0,121,801,2,4.308739419457132,schedule_elapsed_ratio_as_of
W-002734,EXECUTION,-0.47379309478179243,0.47379309478179243,77.0,185,801,2,151.0879999999999,max_physical_progress_drop_pct_as_of
W-002735,EXECUTION,-0.4220942844276896,0.4220942844276896,33.125,536,801,0,2.68501604201291,sanction_to_recommended_ratio
W-002736,EXECUTION,-0.4041389429583293,0.4041389429583293,10.0,721,801,0,2.0471666666666652,expected_minus_physical_gap_pct_as_of
W-002737,PRE_SANCTION,-0.4753501041568489,0.4753501041568489,50.92936802973978,133,270,0,1.177566579840555,estimate_to_recommended_ratio
W-002738,COMPLETION,-0.43389372559248585,0.43389372559248585,50.57053941908714,954,1929,0,2.3509793176301295,physical_progress_velocity_pct_per_30d
W-002739,COMPLETION,-0.4677472920434536,0.4677472920434536,80.39419087136929,379,1929,0,1.9562522758977967,sanction_to_recommended_ratio
W-002740,PRE_SANCTION,-0.4706695339922414,0.4706695339922414,47.21189591078067,143,270,0,1.3858679314334288,estimate_to_recommended_ratio
W-002741,COMPLETION,-0.42047591945270296,0.42047591945270296,31.224066390041493,1327,1929,0,1.305827936746988,released_payment_total_inr_as_of
W-002742,COMPLETION,-0.5617943954410036,0.5617943954410036,97.40663900414938,51,1929,0,3.1478164894201406,largest_payment_share_as_of
W-002743,COMPLETION,-0.41649452435488504,0.41649452435488504,24.636929460580912,1454,1929,1,3.6935160347737117,financial_overrun_pct_as_of
W-002744,COMPLETION,-0.41588748034107736,0.41588748034107736,23.910788381742737,1468,1929,0,3.0257968296926347,financial_overrun_pct_as_of
W-002745,COMPLETION,-0.500544670210853,0.500544670210853,91.07883817427386,173,1929,2,11.268174584315135,sanction_to_estimate_ratio
W-002746,COMPLETION,-0.40062089563498765,0.40062089563498765,6.587136929460581,1802,1929,0,0.9580656938608935,sanction_to_estimate_ratio
W-002747,EXECUTION,-0.40472016729300553,0.40472016729300553,10.75,715,801,0,1.5908343245539507,technical_estimate_amount_inr
W-002748,COMPLETION,-0.5682534005468001,0.5682534005468001,97.8734439834025,42,1929,1,6.058833748060442,physical_progress_velocity_pct_per_30d
W-002749,COMPLETION,-0.4381047666073523,0.4381047666073523,55.29045643153527,863,1929,0,1.2899154379878577,recommended_amount_inr
W-002750,COMPLETION,-0.4666423310950435,0.4666423310950435,79.82365145228216,390,1929,0,1.2275003684783805,sanction_to_estimate_ratio
W-002751,COMPLETION,-0.40479301547463137,0.40479301547463137,10.16597510373444,1733,1929,0,1.5728945720250522,recommended_amount_inr
W-002752,PRE_SANCTION,-0.5173711263037066,0.5173711263037066,81.78438661710037,50,270,0,1.6729144590085399,estimate_to_recommended_ratio
W-002753,COMPLETION,-0.39462844678373254,0.39462844678373254,2.9564315352697097,1872,1929,0,1.1616965384615385,released_payment_total_inr_as_of
W-002754,EXECUTION,-0.4308865281278896,0.4308865281278896,43.625,452,801,0,1.9509731182795702,expected_minus_physical_gap_pct_as_of
W-002755,COMPLETION,-0.40933071743298827,0.40933071743298827,15.923236514522822,1622,1929,0,1.868759265335057,sanction_to_estimate_ratio
W-002756,EXECUTION,-0.46487336897277,0.46487336897277,71.75,227,801,2,63.21028571428579,max_physical_progress_drop_pct_as_of
W-002757,EXECUTION,-0.44444269062930564,0.44444269062930564,55.75,355,801,2,19.849571428571437,max_physical_progress_drop_pct_as_of
W-002758,COMPLETION,-0.46239188410553445,0.46239188410553445,77.1265560165975,442,1929,2,7.56321282539474,sanction_to_estimate_ratio
W-002759,COMPLETION,-0.40841579059660205,0.40841579059660205,14.782157676348548,1644,1929,0,0.9279728971208758,largest_payment_share_as_of
W-002760,EXECUTION,-0.6198076303326051,0.6198076303326051,99.875,2,801,2,29.13840000000004,financial_minus_physical_gap_pct_as_of
W-002761,COMPLETION,-0.4498207983937632,0.4498207983937632,67.63485477178423,625,1929,0,1.486669498913279,physical_progress_velocity_pct_per_30d
W-002762,COMPLETION,-0.4937650206769796,0.4937650206769796,89.52282157676349,203,1929,0,1.4970314103885534,financial_overrun_pct_as_of
W-002763,EXECUTION,-0.4307580351229981,0.4307580351229981,43.375,454,801,2,12.536161616161616,overdue_days_as_of
W-002764,EXECUTION,-0.4290152488829694,0.4290152488829694,41.125,472,801,0,1.8680728892374916,physical_progress_velocity_pct_per_30d
W-002765,COMPLETION,-0.4354591325212871,0.4354591325212871,52.385892116182575,919,1929,0,1.6595625934556373,physical_progress_velocity_pct_per_30d
W-002766,COMPLETION,-0.4755659791511783,0.4755659791511783,84.07676348547717,308,1929,1,4.647903485609347,largest_payment_share_as_of
W-002767,COMPLETION,-0.4538460184335789,0.4538460184335789,70.28008298755186,574,1929,0,2.2840027097359172,schedule_elapsed_ratio_as_of
W-002768,EXECUTION,-0.43707586418794436,0.43707586418794436,48.125,416,801,1,5.94403125,days_since_last_payment_as_of
W-002769,COMPLETION,-0.41898936178495344,0.41898936178495344,28.630705394190873,1377,1929,0,1.7810442245229396,financial_overrun_pct_as_of
W-002770,COMPLETION,-0.4365781037622492,0.4365781037622492,53.371369294605806,900,1929,0,1.4897272138497117,sanction_to_recommended_ratio
W-002771,PRE_SANCTION,-0.47725012680030005,0.47725012680030005,52.04460966542751,130,270,0,1.451590298817016,estimate_to_recommended_ratio
W-002772,COMPLETION,-0.5115837849042687,0.5115837849042687,92.89419087136929,138,1929,0,2.2722703544184086,financial_overrun_pct_as_of
W-002773,EXECUTION,-0.4292001318336881,0.4292001318336881,41.625,468,801,0,2.0335965052508844,largest_payment_share_as_of
W-002774,COMPLETION,-0.4191955898804283,0.4191955898804283,29.20124481327801,1366,1929,0,2.205078570910489,estimate_to_recommended_ratio
W-002775,COMPLETION,-0.4245662793697158,0.4245662793697158,37.75933609958506,1201,1929,0,1.6937073854777442,largest_payment_share_as_of
W-002776,EXECUTION,-0.4548589926296005,0.4548589926296005,65.875,274,801,2,12.659846153846177,max_physical_progress_drop_pct_as_of
W-002777,EXECUTION,-0.5767376163846383,0.5767376163846383,97.875,18,801,3,29.832572916666667,days_since_last_payment_as_of
W-002778,EXECUTION,-0.44376253111453107,0.44376253111453107,55.125,360,801,0,2.4379518072289157,days_since_last_payment_as_of
W-002779,PRE_SANCTION,-0.43924412821343994,0.43924412821343994,5.947955390334572,254,270,0,0.8400498089014308,estimate_to_recommended_ratio
W-002780,EXECUTION,-0.4347731237700334,0.4347731237700334,46.375,430,801,1,5.672449566408032,largest_payment_share_as_of
W-002781,EXECUTION,-0.4296523589191404,0.4296523589191404,42.375,462,801,0,1.942962686567163,expected_minus_physical_gap_pct_as_of
W-002782,EXECUTION,-0.4428405257724126,0.4428405257724126,54.5,365,801,0,1.6494410029498525,released_payment_total_inr_as_of
W-002783,COMPLETION,-0.4434671759396144,0.4434671759396144,61.72199170124481,739,1929,1,7.3965345254447765,largest_payment_share_as_of
W-002784,COMPLETION,-0.4254984563831706,0.4254984563831706,38.7448132780083,1182,1929,0,1.718093347639485,recommended_amount_inr
W-002785,COMPLETION,-0.4450427470018463,0.4450427470018463,62.9149377593361,716,1929,1,5.105796776128256,physical_progress_velocity_pct_per_30d
W-002786,COMPLETION,-0.41922500983816835,0.41922500983816835,29.25311203319502,1365,1929,0,0.9426060197672065,sanction_to_estimate_ratio
W-002787,COMPLETION,-0.4215884625082392,0.4215884625082392,32.83195020746888,1296,1929,3,3.6826437258340565,expenditure_to_sanction_pct_as_of
W-002788,EXECUTION,-0.4294591437227389,0.4294591437227389,42.0,465,801,0,2.424988095238094,expected_minus_physical_gap_pct_as_of
W-002789,COMPLETION,-0.43967270960033206,0.43967270960033206,57.62448132780083,818,1929,1,4.2627638947221715,physical_progress_velocity_pct_per_30d
W-002790,PRE_SANCTION,-0.5701924152638436,0.5701924152638436,93.68029739776952,18,270,0,1.5614725111441308,technical_estimate_amount_inr
W-002791,COMPLETION,-0.4453045731362835,0.4453045731362835,62.96680497925311,715,1929,1,4.647903485609347,largest_payment_share_as_of
W-002792,EXECUTION,-0.5210803208420802,0.5210803208420802,93.5,53,801,1,12.292937028458606,physical_progress_velocity_pct_per_30d
W-002793,EXECUTION,-0.4492615631454268,0.4492615631454268,60.25,319,801,1,4.867337837837837,days_since_last_payment_as_of
W-002794,COMPLETION,-0.641090578356672,0.641090578356672,99.79253112033194,5,1929,4,11.929813156732562,financial_overrun_pct_as_of
W-002795,COMPLETION,-0.3948107976219368,0.3948107976219368,3.112033195020747,1869,1929,0,1.953388812116865,expenditure_to_sanction_pct_as_of
W-002796,COMPLETION,-0.437282516056215,0.437282516056215,54.25311203319502,883,1929,0,2.983365384615391,latest_financial_progress_pct_as_of
W-002797,COMPLETION,-0.46539955964312796,0.46539955964312796,79.09751037344398,404,1929,0,2.996244144882889,largest_payment_share_as_of
W-002798,COMPLETION,-0.5624436074765667,0.5624436074765667,97.56224066390041,48,1929,0,2.934091429374758,largest_payment_share_as_of
W-002799,EXECUTION,-0.4464025685501361,0.4464025685501361,57.125,344,801,1,3.9678506697168805,largest_payment_share_as_of
W-002800,COMPLETION,-0.42803837561652885,0.42803837561652885,42.16804979253112,1116,1929,0,1.7955372191701429,largest_payment_share_as_of
W-002801,EXECUTION,-0.4107002151043347,0.4107002151043347,18.625,652,801,0,2.310953748819615,estimate_to_recommended_ratio
W-002802,EXECUTION,-0.43555478416739507,0.43555478416739507,46.875,426,801,2,9.543671641791045,days_since_last_payment_as_of
W-002803,PRE_SANCTION,-0.563783577379069,0.563783577379069,92.93680297397769,20,270,0,1.179280360814942,estimate_to_recommended_ratio
W-002804,EXECUTION,-0.4172099814088972,0.4172099814088972,26.875,586,801,0,1.82115,financial_minus_physical_gap_pct_as_of
W-002805,COMPLETION,-0.4604168299172452,0.4604168299172452,75.25933609958506,478,1929,0,2.1339921710986425,largest_payment_share_as_of
W-002806,COMPLETION,-0.4564468661083167,0.4564468661083167,72.30290456431536,535,1929,1,3.838717320703654,financial_overrun_pct_as_of
W-002807,COMPLETION,-0.5029326919959414,0.5029326919959414,91.54564315352697,164,1929,4,33.33553804875968,financial_overrun_pct_as_of
W-002808,COMPLETION,-0.5106862466969654,0.5106862466969654,92.79045643153528,140,1929,0,2.2337337662337693,latest_financial_progress_pct_as_of
W-002809,COMPLETION,-0.4525286661461536,0.4525286661461536,69.5539419087137,588,1929,0,1.109388888888889,recommended_amount_inr
W-002810,COMPLETION,-0.4639489702665042,0.4639489702665042,78.21576763485477,421,1929,0,2.3336135205429898,expenditure_to_sanction_pct_as_of
W-002811,COMPLETION,-0.46183114126356556,0.46183114126356556,76.45228215767635,455,1929,0,1.3060259032474992,sanction_to_recommended_ratio
W-002812,COMPLETION,-0.44005011573432884,0.44005011573432884,58.09128630705394,809,1929,0,1.6688033788885772,estimate_to_recommended_ratio
W-002813,COMPLETION,-0.4262252929617673,0.4262252929617673,39.73029045643153,1163,1929,0,2.718793293456998,largest_payment_share_as_of
W-002814,COMPLETION,-0.418421187434297,0.418421187434297,27.593360995850624,1397,1929,0,2.0353322302065475,financial_overrun_pct_as_of
W-002815,EXECUTION,-0.47819635270737143,0.47819635270737143,78.75,171,801,0,1.9589545454545447,latest_physical_progress_pct_as_of
W-002816,COMPLETION,-0.6124206907546099,0.6124206907546099,99.37759336099585,13,1929,4,13.114402579884676,financial_overrun_pct_as_of
W-002817,COMPLETION,-0.5962149263230717,0.5962149263230717,98.85892116182572,23,1929,4,13.074606100036913,financial_overrun_pct_as_of
W-002818,EXECUTION,-0.4303817741886914,0.4303817741886914,42.875,458,801,0,0.9595979381443294,latest_financial_progress_pct_as_of
W-002819,COMPLETION,-0.4893729730768935,0.4893729730768935,88.48547717842324,223,1929,0,2.0280574324324325,days_since_last_payment_as_of
W-002820,COMPLETION,-0.4289816848288505,0.4289816848288505,44.087136929460584,1079,1929,0,1.099363514303932,sanction_to_recommended_ratio
W-002821,COMPLETION,-0.4497501900310986,0.4497501900310986,67.5311203319502,627,1929,1,3.951604887549691,physical_progress_velocity_pct_per_30d
W-002822,COMPLETION,-0.4391942028317439,0.4391942028317439,56.898340248962654,832,1929,1,10.574887788644864,financial_overrun_pct_as_of
W-002823,COMPLETION,-0.4043962675605274,0.4043962675605274,9.699170124481327,1742,1929,0,1.143475803188757,sanction_to_estimate_ratio
W-002824,COMPLETION,-0.4071151434774557,0.4071151434774557,12.707468879668049,1684,1929,0,1.4170711113387306,sanction_to_estimate_ratio
W-002825,COMPLETION,-0.44571666297168444,0.44571666297168444,63.53734439834025,704,1929,0,1.0501880942612438,largest_payment_share_as_of
W-002826,COMPLETION,-0.45224326161684625,0.45224326161684625,69.29460580912863,593,1929,0,2.397835087810696,largest_payment_share_as_of
W-002827,COMPLETION,-0.4054075417098678,0.4054075417098678,10.736514522821576,1722,1929,0,1.2917279843260885,sanction_to_estimate_ratio
W-002828,COMPLETION,-0.4191450343835143,0.4191450343835143,29.04564315352697,1369,1929,0,1.4409772727272727,days_since_last_payment_as_of
W-002829,COMPLETION,-0.43776214203235475,0.43776214203235475,54.97925311203319,869,1929,1,4.221927322895912,largest_payment_share_as_of
W-002830,COMPLETION,-0.4195592695625852,0.4195592695625852,29.823651452282157,1354,1929,1,5.63054945033444,financial_overrun_pct_as_of
W-002831,COMPLETION,-0.40195721496880066,0.40195721496880066,7.572614107883817,1783,1929,1,3.6386474200070063,physical_progress_velocity_pct_per_30d
W-002832,EXECUTION,-0.4593101795539746,0.4593101795539746,69.0,249,801,0,3.0890038722745667,largest_payment_share_as_of
W-002833,EXECUTION,-0.4415402570771255,0.4415402570771255,53.25,375,801,1,3.5312058823529413,days_since_last_payment_as_of
W-002834,COMPLETION,-0.41663785670575343,0.41663785670575343,24.896265560165975,1449,1929,1,4.17403856309969,financial_overrun_pct_as_of
W-002835,COMPLETION,-0.4521536993954134,0.4521536993954134,69.1390041493776,596,1929,0,0.899368946005909,estimate_to_recommended_ratio
W-002836,COMPLETION,-0.45023807439908464,0.45023807439908464,67.79045643153528,622,1929,0,3.323364170311671,expenditure_to_sanction_pct_as_of
W-002837,COMPLETION,-0.38795570878588015,0.38795570878588015,0.5186721991701245,1919,1929,0,1.606303258187389,expenditure_to_sanction_pct_as_of
W-002838,COMPLETION,-0.4392679044946088,0.4392679044946088,57.053941908713696,829,1929,0,2.3499188444024526,schedule_elapsed_ratio_as_of
W-002839,EXECUTION,-0.4029013486797916,0.4029013486797916,8.375,734,801,0,1.8264058441558442,released_payment_total_inr_as_of
W-002840,COMPLETION,-0.4468784483373098,0.4468784483373098,65.04149377593362,675,1929,0,1.7118397508493772,technical_estimate_amount_inr
W-002841,EXECUTION,-0.42129875043031456,0.42129875043031456,31.75,547,801,0,1.2705747034204986,physical_progress_velocity_pct_per_30d
W-002842,EXECUTION,-0.43358930253556016,0.43358930253556016,45.5,437,801,0,1.4589516092423922,physical_progress_velocity_pct_per_30d
W-002843,EXECUTION,-0.48886597742012433,0.48886597742012433,84.75,123,801,0,1.2794639175257727,latest_financial_progress_pct_as_of
W-002844,COMPLETION,-0.42984908305693315,0.42984908305693315,45.69502074688797,1048,1929,0,2.8527841342671025,largest_payment_share_as_of
W-002845,COMPLETION,-0.4210268990794012,0.4210268990794012,32.261410788381745,1307,1929,0,2.6235610258836526,expenditure_to_sanction_pct_as_of
W-002846,EXECUTION,-0.4520647545947366,0.4520647545947366,63.5,293,801,0,1.2081339066339067,sanctioned_amount_inr
W-002847,EXECUTION,-0.4493894611343092,0.4493894611343092,60.5,317,801,0,3.2467457627118637,latest_physical_progress_pct_as_of
W-002848,EXECUTION,-0.4112072241808507,0.4112072241808507,19.5,645,801,3,5.396,physical_progress_decrease_count_as_of
W-002849,COMPLETION,-0.45994765242401775,0.45994765242401775,74.84439834024896,486,1929,2,3.851380510208898,financial_overrun_pct_as_of
W-002850,COMPLETION,-0.40412123685570406,0.40412123685570406,9.54356846473029,1745,1929,0,1.8515737597045152,financial_overrun_pct_as_of
W-002851,EXECUTION,-0.4505710467560514,0.4505710467560514,61.75,307,801,1,8.373670731707316,days_since_last_payment_as_of
W-002852,COMPLETION,-0.446621038402145,0.446621038402145,64.73029045643153,681,1929,0,2.2535736924604084,financial_overrun_pct_as_of
W-002853,COMPLETION,-0.43375018698149564,0.43375018698149564,50.4149377593361,957,1929,1,6.935397055041151,financial_overrun_pct_as_of
W-002854,COMPLETION,-0.403864332597777,0.403864332597777,9.336099585062241,1749,1929,0,2.35935429414652,largest_payment_share_as_of
W-002855,COMPLETION,-0.4571948690332862,0.4571948690332862,72.97717842323651,522,1929,0,2.642539669505164,physical_progress_velocity_pct_per_30d
W-002856,COMPLETION,-0.456149389922362,0.456149389922362,72.0954356846473,539,1929,0,1.4539222222222221,sanctioned_amount_inr
W-002857,COMPLETION,-0.45970212885522926,0.45970212885522926,74.68879668049793,489,1929,1,4.394822689571496,physical_progress_velocity_pct_per_30d
W-002858,EXECUTION,-0.4078909280263167,0.4078909280263167,15.625,676,801,0,2.1105322580645156,expected_minus_physical_gap_pct_as_of
W-002859,EXECUTION,-0.5041443019367878,0.5041443019367878,90.5,77,801,2,12.286145569620253,days_since_last_payment_as_of
W-002860,COMPLETION,-0.40594814416779024,0.40594814416779024,11.410788381742739,1709,1929,0,1.0712308819175405,sanction_to_estimate_ratio
W-002861,COMPLETION,-0.4288622092862477,0.4288622092862477,43.93153526970954,1082,1929,0,1.4605139466283235,sanction_to_recommended_ratio
W-002862,COMPLETION,-0.4621901514862203,0.4621901514862203,76.91908713692946,446,1929,0,2.376598361619199,largest_payment_share_as_of
W-002863,COMPLETION,-0.43873248051468156,0.43873248051468156,56.43153526970954,841,1929,1,3.788694020741068,physical_progress_velocity_pct_per_30d
W-002864,COMPLETION,-0.6385247510662905,0.6385247510662905,99.74066390041494,6,1929,4,13.777329557459796,financial_overrun_pct_as_of
W-002865,COMPLETION,-0.40789628134407263,0.40789628134407263,14.056016597510373,1658,1929,0,1.0443413865546218,technical_estimate_amount_inr
W-002866,COMPLETION,-0.411662695674495,0.411662695674495,18.87966804979253,1565,1929,0,0.7978677932405567,days_since_last_payment_as_of
W-002867,COMPLETION,-0.48605155640055797,0.48605155640055797,87.75933609958506,237,1929,0,3.4054864761270474,physical_progress_velocity_pct_per_30d
W-002868,EXECUTION,-0.5161067336013112,0.5161067336013112,92.875,58,801,3,21.584,days_since_last_payment_as_of
W-002869,COMPLETION,-0.3864352009612946,0.3864352009612946,0.46680497925311204,1920,1929,0,0.9938893998175645,estimate_to_recommended_ratio
W-002870,EXECUTION,-0.4568626298845801,0.4568626298845801,67.625,260,801,2,12.454720930232558,days_since_last_payment_as_of
W-002871,COMPLETION,-0.4258105171871298,0.4258105171871298,39.26348547717842,1172,1929,0,1.630299676912939,sanction_to_estimate_ratio
W-002872,EXECUTION,-0.39302300248520744,0.39302300248520744,1.625,788,801,0,0.865983978914958,largest_payment_share_as_of
W-002873,COMPLETION,-0.6805294842587726,0.6805294842587726,99.94813278008299,2,1929,5,9.677004127308573,financial_overrun_pct_as_of
W-002874,COMPLETION,-0.40870992299015646,0.40870992299015646,14.989626556016598,1640,1929,0,1.1244588705111112,sanction_to_recommended_ratio
W-002875,COMPLETION,-0.4371985415952355,0.4371985415952355,54.045643153526974,887,1929,0,3.453670806819656,physical_progress_velocity_pct_per_30d
W-002876,COMPLETION,-0.41024807321768314,0.41024807321768314,17.271784232365146,1596,1929,0,1.4910616728833475,financial_overrun_pct_as_of
W-002877,EXECUTION,-0.44673214316637044,0.44673214316637044,57.625,340,801,2,7.127978813559322,days_since_last_payment_as_of
W-002878,PRE_SANCTION,-0.6284141001566167,0.6284141001566167,98.51301115241635,5,270,0,1.6661910569105702,estimate_to_recommended_ratio
W-002879,COMPLETION,-0.4257762123535919,0.4257762123535919,39.211618257261414,1173,1929,0,1.1308479612992397,recommended_amount_inr
W-002880,COMPLETION,-0.4616868766665098,0.4616868766665098,76.34854771784232,457,1929,1,4.4281949150792075,largest_payment_share_as_of
W-002881,COMPLETION,-0.45441261069349903,0.45441261069349903,70.74688796680498,565,1929,0,3.0737231125950832,largest_payment_share_as_of
W-002882,EXECUTION,-0.4576249714619796,0.4576249714619796,68.0,257,801,1,15.378599999999999,max_physical_progress_drop_pct_as_of
W-002883,COMPLETION,-0.5623752989577149,0.5623752989577149,97.5103734439834,49,1929,4,18.630077272727274,financial_overrun_pct_as_of
W-002884,COMPLETION,-0.461775088732274,0.461775088732274,76.40041493775934,456,1929,0,2.459998864601711,physical_progress_velocity_pct_per_30d
W-002885,COMPLETION,-0.43327826508972145,0.43327826508972145,49.79253112033195,969,1929,0,1.5847276853101318,sanction_to_estimate_ratio
W-002886,EXECUTION,-0.4288325934414771,0.4288325934414771,40.875,474,801,0,2.0361037062048752,largest_payment_share_as_of
W-002887,COMPLETION,-0.39550856495709585,0.39550856495709585,3.4232365145228214,1863,1929,0,1.2687824495633333,sanction_to_estimate_ratio
W-002888,COMPLETION,-0.4037748150949199,0.4037748150949199,9.284232365145229,1750,1929,0,1.9533524377382974,financial_overrun_pct_as_of
W-002889,EXECUTION,-0.5486043176299426,0.5486043176299426,96.75,27,801,3,19.943616,overdue_days_as_of
W-002890,COMPLETION,-0.44717115967502935,0.44717115967502935,65.35269709543569,669,1929,0,1.8882894144733395,schedule_elapsed_ratio_as_of
W-002891,EXECUTION,-0.40675368673779316,0.40675368673779316,14.25,687,801,1,4.873806451612888,max_physical_progress_drop_pct_as_of
W-002892,EXECUTION,-0.4834871816109619,0.4834871816109619,81.75,147,801,0,2.73595575863896,largest_payment_share_as_of
W-002893,COMPLETION,-0.41645885492836393,0.41645885492836393,24.481327800829874,1457,1929,0,1.3370105807979344,physical_progress_velocity_pct_per_30d
W-002894,EXECUTION,-0.45189286279104085,0.45189286279104085,63.375,294,801,1,3.9678506697168805,largest_payment_share_as_of
W-002895,COMPLETION,-0.40910953921397086,0.40910953921397086,15.663900414937759,1627,1929,0,1.3139440214171707,physical_progress_velocity_pct_per_30d
W-002896,COMPLETION,-0.455516366529985,0.455516366529985,71.47302904564316,551,1929,1,4.0343568657544315,physical_progress_velocity_pct_per_30d
W-002897,COMPLETION,-0.43823850473412373,0.43823850473412373,55.49792531120332,859,1929,1,4.478213822894169,financial_overrun_pct_as_of
W-002898,EXECUTION,-0.5342799263611994,0.5342799263611994,95.5,37,801,1,6.110568996416161,largest_payment_share_as_of
W-002899,EXECUTION,-0.5683209701539365,0.5683209701539365,97.5,21,801,3,5.487340590911743,schedule_elapsed_ratio_as_of
W-002900,COMPLETION,-0.44209438898025577,0.44209438898025577,60.21784232365145,768,1929,0,2.5899621834061137,largest_payment_share_as_of
W-002901,COMPLETION,-0.417605204173865,0.417605204173865,26.71161825726141,1414,1929,0,2.313361241217799,financial_overrun_pct_as_of
W-002902,COMPLETION,-0.45142674983784026,0.45142674983784026,68.7759336099585,603,1929,1,3.928992422605522,physical_progress_velocity_pct_per_30d
W-002903,EXECUTION,-0.5062506431412434,0.5062506431412434,90.75,75,801,0,1.506515329419439,released_payment_total_inr_as_of
W-002904,COMPLETION,-0.4148171960325055,0.4148171960325055,22.61410788381743,1493,1929,1,3.759096536796537,financial_overrun_pct_as_of
W-002905,COMPLETION,-0.420395931800373,0.420395931800373,31.12033195020747,1329,1929,0,1.3279827110341256,sanction_to_recommended_ratio
W-002906,EXECUTION,-0.4938771103595754,0.4938771103595754,87.125,104,801,3,11.32303996882746,schedule_elapsed_ratio_as_of
W-002907,EXECUTION,-0.3898426219389493,0.3898426219389493,0.5,797,801,0,1.6300416666666784,financial_minus_physical_gap_pct_as_of
W-002908,COMPLETION,-0.45608091544703167,0.45608091544703167,71.99170124481327,541,1929,1,3.747833512628249,largest_payment_share_as_of
W-002909,COMPLETION,-0.4167311364204378,0.4167311364204378,25.103734439834025,1445,1929,0,1.6268537313432834,financial_overrun_pct_as_of
W-002910,PRE_SANCTION,-0.46821861808743975,0.46821861808743975,44.237918215613384,151,270,0,1.1790632168862618,estimate_to_recommended_ratio
W-002911,COMPLETION,-0.41163732969536704,0.41163732969536704,18.775933609958507,1567,1929,0,1.3352545270828355,sanction_to_recommended_ratio
W-002912,COMPLETION,-0.41332618528562337,0.41332618528562337,20.95435684647303,1525,1929,0,1.364686046511628,days_since_last_payment_as_of
W-002913,PRE_SANCTION,-0.50896561746233,0.50896561746233,76.57992565055763,64,270,0,0.9624517427474643,estimate_to_recommended_ratio
W-002914,COMPLETION,-0.42437132496460994,0.42437132496460994,37.551867219917014,1205,1929,0,1.4673423112824513,sanction_to_recommended_ratio
W-002915,COMPLETION,-0.44872883769502564,0.44872883769502564,66.75311203319502,642,1929,0,2.0369270916493667,schedule_elapsed_ratio_as_of
W-002916,COMPLETION,-0.42909908004030173,0.42909908004030173,44.34647302904564,1074,1929,0,1.704096660548402,largest_payment_share_as_of
W-002917,EXECUTION,-0.41796874109394566,0.41796874109394566,27.625,580,801,0,1.3040333333333298,financial_minus_physical_gap_pct_as_of
W-002918,COMPLETION,-0.3853128116755154,0.3853128116755154,0.3630705394190871,1922,1929,0,0.8576544651964007,physical_progress_velocity_pct_per_30d
W-002919,COMPLETION,-0.40253016811190706,0.40253016811190706,8.03941908713693,1774,1929,0,1.3121577369699047,physical_progress_velocity_pct_per_30d
W-002920,COMPLETION,-0.46232869949368693,0.46232869949368693,76.97095435684648,445,1929,0,1.8077361025278875,schedule_elapsed_ratio_as_of
W-002921,COMPLETION,-0.5024388628363807,0.5024388628363807,91.49377593360995,165,1929,0,2.953224495975371,largest_payment_share_as_of
W-002922,EXECUTION,-0.44081097439165806,0.44081097439165806,52.0,385,801,2,14.24293023255814,days_since_last_payment_as_of
W-002923,COMPLETION,-0.4161136966079249,0.4161136966079249,24.11825726141079,1464,1929,0,2.3850575690222344,schedule_elapsed_ratio_as_of
W-002924,COMPLETION,-0.4324014560316852,0.4324014560316852,48.54771784232365,993,1929,0,2.953224495975371,largest_payment_share_as_of
W-002925,COMPLETION,-0.41397247787626673,0.41397247787626673,21.83609958506224,1508,1929,1,4.891981266922776,physical_progress_velocity_pct_per_30d
W-002926,COMPLETION,-0.4284437730866079,0.4284437730866079,43.25726141078838,1095,1929,0,2.0018191103658065,physical_progress_velocity_pct_per_30d
W-002927,EXECUTION,-0.43024256676442296,0.43024256676442296,42.75,459,801,0,3.0121057329437764,physical_progress_velocity_pct_per_30d
W-002928,PRE_SANCTION,-0.5430537476583942,0.5430537476583942,87.73234200743494,34,270,0,1.8947772267137764,estimate_to_recommended_ratio
W-002929,COMPLETION,-0.4955882418880368,0.4955882418880368,89.83402489626556,197,1929,0,3.315476226650559,physical_progress_velocity_pct_per_30d
W-002930,COMPLETION,-0.47578973628583143,0.47578973628583143,84.23236514522821,305,1929,0,2.799892357696309,expenditure_to_sanction_pct_as_of
W-002931,COMPLETION,-0.40272288736470196,0.40272288736470196,8.298755186721992,1769,1929,0,1.8410570686563994,sanction_to_estimate_ratio
W-002932,EXECUTION,-0.46101782628937193,0.46101782628937193,70.125,240,801,1,3.713191326530613,largest_payment_share_as_of
W-002933,COMPLETION,-0.49033670956350633,0.49033670956350633,88.69294605809128,219,1929,1,4.390863189174669,largest_payment_share_as_of
W-002934,EXECUTION,-0.4219616388593346,0.4219616388593346,32.75,539,801,0,1.7183845450984103,physical_progress_velocity_pct_per_30d
W-002935,COMPLETION,-0.6106521228384925,0.6106521228384925,99.27385892116183,15,1929,4,37.05432710788985,financial_overrun_pct_as_of
W-002936,COMPLETION,-0.41514644559906666,0.41514644559906666,22.977178423236513,1486,1929,0,1.5357846153846197,latest_financial_progress_pct_as_of
W-002937,COMPLETION,-0.4035348411505516,0.4035348411505516,9.076763485477178,1754,1929,0,1.694024583057555,sanction_to_estimate_ratio
W-002938,EXECUTION,-0.3988958442146309,0.3988958442146309,5.0,761,801,0,1.5773740157480312,latest_physical_progress_pct_as_of
W-002939,COMPLETION,-0.42248259723341597,0.42248259723341597,34.28423236514523,1268,1929,0,1.5895315178571425,schedule_elapsed_ratio_as_of
W-002940,COMPLETION,-0.43671127286074524,0.43671127286074524,53.63070539419087,895,1929,0,1.759390934429327,schedule_elapsed_ratio_as_of
W-002941,COMPLETION,-0.5090904716314116,0.5090904716314116,92.47925311203319,146,1929,1,7.024676424821139,financial_overrun_pct_as_of
W-002942,COMPLETION,-0.41891654937772077,0.41891654937772077,28.37136929460581,1382,1929,1,3.680069576691544,largest_payment_share_as_of
W-002943,COMPLETION,-0.4424639592131464,0.4424639592131464,60.477178423236516,763,1929,0,3.2244675163727425,largest_payment_share_as_of
W-002944,PRE_SANCTION,-0.5059847620566991,0.5059847620566991,74.34944237918215,70,270,0,1.2687950620611312,estimate_to_recommended_ratio
W-002945,EXECUTION,-0.4945492178241494,0.4945492178241494,87.375,102,801,0,2.4890840707964603,released_payment_total_inr_as_of
W-002946,PRE_SANCTION,-0.4914169368088006,0.4914169368088006,65.4275092936803,94,270,0,0.4711365020381164,estimate_to_recommended_ratio
W-002947,COMPLETION,-0.4383872516565421,0.4383872516565421,55.96473029045643,850,1929,0,3.274478328637781,expenditure_to_sanction_pct_as_of
W-002948,COMPLETION,-0.4568637507943402,0.4568637507943402,72.56224066390041,530,1929,0,2.042680273072117,expenditure_to_sanction_pct_as_of
W-002949,COMPLETION,-0.4442934336626475,0.4442934336626475,62.39626556016597,726,1929,0,2.1318023657366743,largest_payment_share_as_of
W-002950,COMPLETION,-0.40100862340690324,0.40100862340690324,6.898340248962656,1796,1929,0,1.0089289062853473,sanction_to_estimate_ratio
W-002951,COMPLETION,-0.41331899404453726,0.41331899404453726,20.902489626556015,1526,1929,0,1.4053195781519658,estimate_to_recommended_ratio
W-002952,COMPLETION,-0.4171946990792484,0.4171946990792484,25.8298755186722,1431,1929,0,1.7951852762736982,physical_progress_velocity_pct_per_30d
W-002953,COMPLETION,-0.47786891784419194,0.47786891784419194,85.11410788381743,288,1929,0,2.9114351866497943,financial_overrun_pct_as_of
W-002954,COMPLETION,-0.42100527098371543,0.42100527098371543,32.15767634854772,1309,1929,0,2.460491025264003,largest_payment_share_as_of
W-002955,PRE_SANCTION,-0.45362564763462615,0.45362564763462615,23.79182156133829,206,270,0,0.7942857650030405,estimate_to_recommended_ratio
W-002956,COMPLETION,-0.40482310741381966,0.40482310741381966,10.269709543568466,1731,1929,0,2.5760479910714285,financial_overrun_pct_as_of
W-002957,COMPLETION,-0.4626394370387115,0.4626394370387115,77.23029045643153,440,1929,0,3.421281248353674,largest_payment_share_as_of
W-002958,COMPLETION,-0.516069119742976,0.516069119742976,93.67219917012449,123,1929,1,3.747833512628249,largest_payment_share_as_of
W-002959,COMPLETION,-0.42428469608336444,0.42428469608336444,37.344398340248965,1209,1929,0,1.4512287089560092,financial_overrun_pct_as_of
W-002960,PRE_SANCTION,-0.4843941331976104,0.4843941331976104,56.87732342007435,117,270,0,1.431571533923304,technical_estimate_amount_inr
W-002961,EXECUTION,-0.5709268738236656,0.5709268738236656,97.75,19,801,2,22.04840983606551,financial_minus_physical_gap_pct_as_of
W-002962,COMPLETION,-0.43311101147242526,0.43311101147242526,49.68879668049792,971,1929,1,5.862395744425783,financial_overrun_pct_as_of
W-002963,COMPLETION,-0.3851691446436413,0.3851691446436413,0.3112033195020747,1923,1929,0,0.7362383038358806,largest_payment_share_as_of
W-002964,EXECUTION,-0.4235914138237588,0.4235914138237588,34.625,524,801,0,1.9288333333333318,expected_minus_physical_gap_pct_as_of
W-002965,COMPLETION,-0.4482825107252111,0.4482825107252111,66.28630705394191,651,1929,0,2.160731826486302,physical_progress_velocity_pct_per_30d
W-002966,COMPLETION,-0.4224905812474499,0.4224905812474499,34.33609958506224,1267,1929,0,1.4951283231866865,schedule_elapsed_ratio_as_of
W-002967,COMPLETION,-0.4620422262247142,0.4620422262247142,76.60788381742739,452,1929,0,2.5205277626834874,physical_progress_velocity_pct_per_30d
W-002968,COMPLETION,-0.42878538904855507,0.42878538904855507,43.77593360995851,1085,1929,0,3.3812738161533367,expenditure_to_sanction_pct_as_of
W-002969,COMPLETION,-0.48065064833402643,0.48065064833402643,86.09958506224066,269,1929,0,1.8422490796367568,physical_progress_velocity_pct_per_30d
W-002970,COMPLETION,-0.46352460480490143,0.46352460480490143,77.85269709543569,428,1929,1,4.786848497398785,financial_overrun_pct_as_of
W-002971,COMPLETION,-0.44202875811773845,0.44202875811773845,60.06224066390042,771,1929,0,2.9637121212121267,financial_minus_physical_gap_pct_as_of
W-002972,PRE_SANCTION,-0.4567509886242073,0.4567509886242073,26.394052044609666,199,270,0,1.200230543731979,estimate_to_recommended_ratio
W-002973,COMPLETION,-0.43875940610641023,0.43875940610641023,56.53526970954357,839,1929,3,5.069462243650144,expenditure_to_sanction_pct_as_of
W-002974,COMPLETION,-0.41492081606940256,0.41492081606940256,22.769709543568464,1490,1929,0,1.2246942886360024,sanction_to_estimate_ratio
W-002975,COMPLETION,-0.5301881567369462,0.5301881567369462,95.38381742738589,90,1929,4,7.274383954178208,financial_overrun_pct_as_of
W-002976,COMPLETION,-0.5278924521010152,0.5278924521010152,95.28008298755186,92,1929,1,6.893434192576299,physical_progress_velocity_pct_per_30d
W-002977,COMPLETION,-0.42893825468706653,0.42893825468706653,43.983402489626556,1081,1929,1,5.334619636864089,financial_overrun_pct_as_of
W-002978,COMPLETION,-0.43572052212367807,0.43572052212367807,52.593360995850624,915,1929,0,1.2377684487951808,released_payment_total_inr_as_of
W-002979,COMPLETION,-0.4403422812139988,0.4403422812139988,58.24688796680498,806,1929,0,2.718793293456998,largest_payment_share_as_of
W-002980,EXECUTION,-0.4134536693668926,0.4134536693668926,22.5,621,801,0,1.4663043478260864,expected_minus_physical_gap_pct_as_of
W-002981,EXECUTION,-0.4818798544978214,0.4818798544978214,80.5,157,801,0,1.8548749999999994,max_physical_progress_drop_pct_as_of
W-002982,COMPLETION,-0.5845119631547473,0.5845119631547473,98.44398340248962,31,1929,5,10.223797082435041,financial_overrun_pct_as_of
W-002983,COMPLETION,-0.45978915330038295,0.45978915330038295,74.74066390041494,488,1929,0,3.3486219219255626,physical_progress_velocity_pct_per_30d
W-002984,COMPLETION,-0.40962907193451864,0.40962907193451864,16.07883817427386,1619,1929,0,2.7557805594991973,expenditure_to_sanction_pct_as_of
W-002985,COMPLETION,-0.5021825280515938,0.5021825280515938,91.39004149377594,167,1929,0,3.2172964648602873,financial_overrun_pct_as_of
W-002986,PRE_SANCTION,-0.4571010598305563,0.4571010598305563,27.881040892193308,195,270,0,0.8222703180212014,recommended_amount_inr
W-002987,COMPLETION,-0.3931401910306282,0.3931401910306282,2.2302904564315353,1886,1929,1,7.3599004750593835,financial_overrun_pct_as_of
W-002988,PRE_SANCTION,-0.5689141888602463,0.5689141888602463,93.3085501858736,19,270,0,1.7200446260570155,estimate_to_recommended_ratio
W-002989,COMPLETION,-0.4230076775109881,0.4230076775109881,35.26970954356847,1249,1929,0,1.3767191780821915,financial_minus_physical_gap_pct_as_of
W-002990,COMPLETION,-0.45102441477682015,0.45102441477682015,68.30912863070539,612,1929,0,2.2307077130772126,expenditure_to_sanction_pct_as_of
W-002991,EXECUTION,-0.4070068964152572,0.4070068964152572,14.625,684,801,1,4.565846153846163,max_physical_progress_drop_pct_as_of
W-002992,COMPLETION,-0.46305665214323677,0.46305665214323677,77.59336099585062,433,1929,0,2.8527841342671025,largest_payment_share_as_of
W-002993,COMPLETION,-0.4612012786019168,0.4612012786019168,75.98547717842324,464,1929,0,1.875650743904104,schedule_elapsed_ratio_as_of
W-002994,COMPLETION,-0.40781732836102974,0.40781732836102974,13.744813278008298,1664,1929,0,1.1706647965354533,sanction_to_estimate_ratio
W-002995,COMPLETION,-0.4663969538452098,0.4663969538452098,79.71991701244814,392,1929,0,2.376598361619199,largest_payment_share_as_of
W-002996,COMPLETION,-0.4364462594562508,0.4364462594562508,53.21576763485477,903,1929,0,2.0412424525777784,physical_progress_velocity_pct_per_30d
W-002997,COMPLETION,-0.4133284542296635,0.4133284542296635,21.006224066390043,1524,1929,0,1.2501720971316874,schedule_elapsed_ratio_as_of
W-002998,COMPLETION,-0.41885130148703953,0.41885130148703953,28.21576763485477,1385,1929,0,1.9577370051752843,expenditure_to_sanction_pct_as_of
W-002999,COMPLETION,-0.5257457956897948,0.5257457956897948,94.91701244813278,99,1929,0,1.97056450310657,physical_progress_velocity_pct_per_30d
W-003000,COMPLETION,-0.4263535946761362,0.4263535946761362,39.78215767634855,1162,1929,0,2.9228333333333394,latest_financial_progress_pct_as_of
