work_id,rules_evaluated_count,rules_passed_count,rules_review_count,rules_non_compliant_count,rules_insufficient_data_count,rules_not_applicable_count,highest_compliance_evidence_severity,top_compliance_rule_id
W-000001,7,4,3,0,0,1,STRONG_WARNING,MPLADS-11.2-COMPLETION-UC
W-000002,7,4,3,0,0,1,STRONG_WARNING,MPLADS-11.2-COMPLETION-UC
W-000003,7,4,3,0,0,1,STRONG_WARNING,MPLADS-11.2-COMPLETION-UC
W-000004,7,3,4,0,0,1,STRONG_WARNING,MPLADS-11.2-COMPLETION-UC
W-000005,3,3,0,0,0,5,NONE,
W-000006,7,4,3,0,0,1,STRONG_WARNING,MPLADS-11.2-COMPLETION-UC
W-000007,7,4,3,0,0,1,STRONG_WARNING,MPLADS-11.2-COMPLETION-UC
W-000008,3,2,1,0,0,5,WARNING,MPLADS-3.2.12-COMPLETION-LIMIT
W-000009,7,3,4,0,0,1,STRONG_WARNING,MPLADS-11.2-COMPLETION-UC
W-000010,7,3,4,0,0,1,STRONG_WARNING,MPLADS-11.2-COMPLETION-UC
W-000011,7,4,3,0,0,1,STRONG_WARNING,MPLADS-11.2-COMPLETION-UC
W-000012,3,3,0,0,0,5,NONE,
W-000013,3,2,1,0,0,5,WARNING,MPLADS-3.2.12-COMPLETION-LIMIT
W-000014,7,4,3,0,0,1,STRONG_WARNING,MPLADS-11.2-COMPLETION-UC
W-000015,3,3,0,0,0,5,NONE,
W-000016,3,2,1,0,0,5,WARNING,MPLADS-3.2.12-COMPLETION-LIMIT
W-000017,3,3,0,0,0,5,NONE,
W-000018,7,4,3,0,0,1,STRONG_WARNING,MPLADS-11.2-COMPLETION-UC
W-000019,7,3,4,0,0,1,STRONG_WARNING,MPLADS-11.2-COMPLETION-UC
W-000020,7,4,3,0,0,1,STRONG_WARNING,MPLADS-11.2-COMPLETION-UC
W-000021,7,4,3,0,0,1,STRONG_WARNING,MPLADS-11.2-COMPLETION-UC
W-000022,7,4,3,0,0,1,STRONG_WARNING,MPLADS-11.2-COMPLETION-UC
W-000023,3,3,0,0,0,5,NONE,
W-000024,7,4,3,0,0,1,STRONG_WARNING,MPLADS-11.2-COMPLETION-UC
W-000025,7,3,4,0,0,1,STRONG_WARNING,MPLADS-11.2-COMPLETION-UC
W-000026,3,3,0,0,0,5,NONE,
W-000027,3,2,1,0,0,5,WARNING,MPLADS-3.2.4-SANCTION-45D
W-000028,7,4,3,0,0,1,STRONG_WARNING,MPLADS-11.2-COMPLETION-UC
W-000029,3,3,0,0,0,5,NONE,
W-000030,0,0,0,0,0,8,NONE,
W-000031,3,2,1,0,0,5,WARNING,MPLADS-3.2.4-SANCTION-45D
W-000032,3,3,0,0,0,5,NONE,
W-000033,7,4,3,0,0,1,STRONG_WARNING,MPLADS-11.2-COMPLETION-UC
W-000034,7,4,3,0,0,1,STRONG_WARNING,MPLADS-11.2-COMPLETION-UC
W-000035,7,4,3,0,0,1,STRONG_WARNING,MPLADS-11.2-COMPLETION-UC
W-000036,7,4,3,0,0,1,STRONG_WARNING,MPLADS-11.2-COMPLETION-UC
W-000037,3,3,0,0,0,5,NONE,
W-000038,0,0,0,0,0,8,NONE,
W-000039,3,2,1,0,0,5,WARNING,MPLADS-3.2.12-COMPLETION-LIMIT
W-000040,7,4,3,0,0,1,STRONG_WARNING,MPLADS-11.2-COMPLETION-UC
W-000041,7,4,3,0,0,1,STRONG_WARNING,MPLADS-11.2-COMPLETION-UC
W-000042,3,2,1,0,0,5,WARNING,MPLADS-3.2.12-COMPLETION-LIMIT
W-000043,0,0,0,0,0,8,NONE,
W-000044,7,3,4,0,0,1,STRONG_WARNING,MPLADS-11.2-COMPLETION-UC
W-000045,3,3,0,0,0,5,NONE,
W-000046,7,5,2,0,0,1,STRONG_WARNING,MPLADS-11.2-COMPLETION-UC
W-000047,7,4,3,0,0,1,STRONG_WARNING,MPLADS-11.2-COMPLETION-UC
W-000048,7,4,3,0,0,1,STRONG_WARNING,MPLADS-11.2-COMPLETION-UC
W-000049,7,4,3,0,0,1,STRONG_WARNING,MPLADS-11.2-COMPLETION-UC
W-000050,7,4,3,0,0,1,STRONG_WARNING,MPLADS-11.2-COMPLETION-UC
W-000051,7,4,3,0,0,1,STRONG_WARNING,MPLADS-11.2-COMPLETION-UC
W-000052,7,4,3,0,0,1,STRONG_WARNING,MPLADS-11.2-COMPLETION-UC
W-000053,3,2,1,0,0,5,WARNING,MPLADS-3.2.4-SANCTION-45D
W-000054,7,4,3,0,0,1,STRONG_WARNING,MPLADS-11.2-COMPLETION-UC
W-000055,3,3,0,0,0,5,NONE,
W-000056,0,0,0,0,0,8,NONE,
W-000057,7,4,3,0,0,1,STRONG_WARNING,MPLADS-11.2-COMPLETION-UC
W-000058,3,3,0,0,0,5,NONE,
W-000059,7,4,3,0,0,1,STRONG_WARNING,MPLADS-11.2-COMPLETION-UC
W-000060,7,3,4,0,0,1,STRONG_WARNING,MPLADS-11.2-COMPLETION-UC
W-000061,7,4,3,0,0,1,STRONG_WARNING,MPLADS-11.2-COMPLETION-UC
W-000062,7,4,3,0,0,1,STRONG_WARNING,MPLADS-11.2-COMPLETION-UC
W-000063,7,4,3,0,0,1,STRONG_WARNING,MPLADS-11.2-COMPLETION-UC
W-000064,7,4,3,0,0,1,STRONG_WARNING,MPLADS-11.2-COMPLETION-UC
W-000065,8,6,2,0,0,0,STRONG_WARNING,MPLADS-11.2-COMPLETION-UC
W-000066,7,4,3,0,0,1,STRONG_WARNING,MPLADS-11.2-COMPLETION-UC
W-000067,7,3,4,0,0,1,STRONG_WARNING,MPLADS-11.2-COMPLETION-UC
W-000068,3,3,0,0,0,5,NONE,
W-000069,7,4,3,0,0,1,STRONG_WARNING,MPLADS-11.2-COMPLETION-UC
W-000070,7,4,3,0,0,1,STRONG_WARNING,MPLADS-11.2-COMPLETION-UC
W-000071,0,0,0,0,0,8,NONE,
W-000072,7,3,4,0,0,1,STRONG_WARNING,MPLADS-11.2-COMPLETION-UC
W-000073,8,6,2,0,0,0,STRONG_WARNING,MPLADS-11.2-COMPLETION-UC
W-000074,0,0,0,0,0,8,NONE,
W-000075,3,3,0,0,0,5,NONE,
W-000076,3,2,1,0,0,5,WARNING,MPLADS-3.2.4-SANCTION-45D
W-000077,7,3,4,0,0,1,STRONG_WARNING,MPLADS-11.2-COMPLETION-UC
W-000078,7,4,3,0,0,1,STRONG_WARNING,MPLADS-11.2-COMPLETION-UC
W-000079,7,4,3,0,0,1,STRONG_WARNING,MPLADS-11.2-COMPLETION-UC
W-000080,3,3,0,0,0,5,NONE,
W-000081,7,4,3,0,0,1,STRONG_WARNING,MPLADS-11.2-COMPLETION-UC
W-000082,7,4,3,0,0,1,STRONG_WARNING,MPLADS-11.2-COMPLETION-UC
W-000083,7,4,3,0,0,1,STRONG_WARNING,MPLADS-11.2-COMPLETION-UC
W-000084,3,3,0,0,0,5,NONE,
W-000085,7,2,5,0,0,1,STRONG_WARNING,MPLADS-11.2-COMPLETION-UC
W-000086,3,3,0,0,0,5,NONE,
W-000087,3,2,1,0,0,5,WARNING,MPLADS-3.2.4-SANCTION-45D
W-000088,7,4,3,0,0,1,STRONG_WARNING,MPLADS-11.2-COMPLETION-UC
W-000089,3,2,1,0,0,5,WARNING,MPLADS-3.2.12-COMPLETION-LIMIT
W-000090,7,4,3,0,0,1,STRONG_WARNING,MPLADS-11.2-COMPLETION-UC
W-000091,7,3,4,0,0,1,STRONG_WARNING,MPLADS-11.2-COMPLETION-UC
W-000092,7,4,3,0,0,1,STRONG_WARNING,MPLADS-11.2-COMPLETION-UC
W-000093,7,4,3,0,0,1,STRONG_WARNING,MPLADS-11.2-COMPLETION-UC
W-000094,3,3,0,0,0,5,NONE,
W-000095,3,3,0,0,0,5,NONE,
W-000096,7,3,4,0,0,1,STRONG_WARNING,MPLADS-11.2-COMPLETION-UC
W-000097,3,2,1,0,0,5,WARNING,MPLADS-3.2.12-COMPLETION-LIMIT
W-000098,0,0,0,0,0,8,NONE,
W-000099,7,4,3,0,0,1,STRONG_WARNING,MPLADS-11.2-COMPLETION-UC
W-000100,7,5,2,0,0,1,STRONG_WARNING,MPLADS-11.2-COMPLETION-UC
W-000101,3,3,0,0,0,5,NONE,
W-000102,3,3,0,0,0,5,NONE,
W-000103,7,4,3,0,0,1,STRONG_WARNING,MPLADS-11.2-COMPLETION-UC
W-000104,3,3,0,0,0,5,NONE,
W-000105,0,0,0,0,0,8,NONE,
W-000106,3,3,0,0,0,5,NONE,
W-000107,7,3,4,0,0,1,STRONG_WARNING,MPLADS-11.2-COMPLETION-UC
W-000108,0,0,0,0,0,8,NONE,
W-000109,7,4,3,0,0,1,STRONG_WARNING,MPLADS-11.2-COMPLETION-UC
W-000110,3,3,0,0,0,5,NONE,
W-000111,0,0,0,0,0,8,NONE,
W-000112,0,0,0,0,0,8,NONE,
W-000113,8,6,2,0,0,0,STRONG_WARNING,MPLADS-11.2-COMPLETION-UC
W-000114,3,3,0,0,0,5,NONE,
W-000115,3,3,0,0,0,5,NONE,
W-000116,0,0,0,0,0,8,NONE,
W-000117,7,3,4,0,0,1,STRONG_WARNING,MPLADS-11.2-COMPLETION-UC
W-000118,7,4,3,0,0,1,STRONG_WARNING,MPLADS-11.2-COMPLETION-UC
W-000119,0,0,0,0,0,8,NONE,
W-000120,7,4,3,0,0,1,STRONG_WARNING,MPLADS-11.2-COMPLETION-UC
W-000121,7,4,3,0,0,1,STRONG_WARNING,MPLADS-11.2-COMPLETION-UC
W-000122,7,3,4,0,0,1,STRONG_WARNING,MPLADS-11.2-COMPLETION-UC
W-000123,3,3,0,0,0,5,NONE,
W-000124,3,3,0,0,0,5,NONE,
W-000125,3,3,0,0,0,5,NONE,
W-000126,3,3,0,0,0,5,NONE,
W-000127,7,4,3,0,0,1,STRONG_WARNING,MPLADS-11.2-COMPLETION-UC
W-000128,7,4,3,0,0,1,STRONG_WARNING,MPLADS-11.2-COMPLETION-UC
W-000129,3,3,0,0,0,5,NONE,
W-000130,7,4,3,0,0,1,STRONG_WARNING,MPLADS-11.2-COMPLETION-UC
W-000131,7,4,3,0,0,1,STRONG_WARNING,MPLADS-11.2-COMPLETION-UC
W-000132,7,3,4,0,0,1,STRONG_WARNING,MPLADS-11.2-COMPLETION-UC
W-000133,7,4,3,0,0,1,STRONG_WARNING,MPLADS-11.2-COMPLETION-UC
W-000134,3,3,0,0,0,5,NONE,
W-000135,7,4,3,0,0,1,STRONG_WARNING,MPLADS-11.2-COMPLETION-UC
W-000136,8,6,2,0,0,0,STRONG_WARNING,MPLADS-11.2-COMPLETION-UC
W-000137,7,4,3,0,0,1,STRONG_WARNING,MPLADS-11.2-COMPLETION-UC
W-000138,0,0,0,0,0,8,NONE,
W-000139,7,4,3,0,0,1,STRONG_WARNING,MPLADS-11.2-COMPLETION-UC
W-000140,7,4,3,0,0,1,STRONG_WARNING,MPLADS-11.2-COMPLETION-UC
W-000141,7,4,3,0,0,1,STRONG_WARNING,MPLADS-11.2-COMPLETION-UC
W-000142,7,4,3,0,0,1,STRONG_WARNING,MPLADS-11.2-COMPLETION-UC
W-000143,7,4,3,0,0,1,STRONG_WARNING,MPLADS-11.2-COMPLETION-UC
W-000144,3,3,0,0,0,5,NONE,
W-000145,7,4,3,0,0,1,STRONG_WARNING,MPLADS-11.2-COMPLETION-UC
W-000146,7,4,3,0,0,1,STRONG_WARNING,MPLADS-11.2-COMPLETION-UC
W-000147,7,4,3,0,0,1,STRONG_WARNING,MPLADS-11.2-COMPLETION-UC
W-000148,3,3,0,0,0,5,NONE,
W-000149,3,3,0,0,0,5,NONE,
W-000150,3,3,0,0,0,5,NONE,
W-000151,8,6,2,0,0,0,STRONG_WARNING,MPLADS-11.2-COMPLETION-UC
W-000152,7,4,3,0,0,1,STRONG_WARNING,MPLADS-11.2-COMPLETION-UC
W-000153,3,3,0,0,0,5,NONE,
W-000154,7,4,3,0,0,1,STRONG_WARNING,MPLADS-11.2-COMPLETION-UC
W-000155,3,3,0,0,0,5,NONE,
W-000156,3,3,0,0,0,5,NONE,
W-000157,7,4,3,0,0,1,STRONG_WARNING,MPLADS-11.2-COMPLETION-UC
W-000158,7,4,3,0,0,1,STRONG_WARNING,MPLADS-11.2-COMPLETION-UC
W-000159,7,4,3,0,0,1,STRONG_WARNING,MPLADS-11.2-COMPLETION-UC
W-000160,7,4,3,0,0,1,STRONG_WARNING,MPLADS-11.2-COMPLETION-UC
W-000161,0,0,0,0,0,8,NONE,
W-000162,7,4,3,0,0,1,STRONG_WARNING,MPLADS-11.2-COMPLETION-UC
W-000163,7,4,3,0,0,1,STRONG_WARNING,MPLADS-11.2-COMPLETION-UC
W-000164,3,3,0,0,0,5,NONE,
W-000165,7,4,3,0,0,1,STRONG_WARNING,MPLADS-11.2-COMPLETION-UC
W-000166,7,4,3,0,0,1,STRONG_WARNING,MPLADS-11.2-COMPLETION-UC
W-000167,7,4,3,0,0,1,STRONG_WARNING,MPLADS-11.2-COMPLETION-UC
W-000168,7,4,3,0,0,1,STRONG_WARNING,MPLADS-11.2-COMPLETION-UC
W-000169,3,2,1,0,0,5,WARNING,MPLADS-3.2.12-COMPLETION-LIMIT
W-000170,3,2,1,0,0,5,WARNING,MPLADS-3.2.12-COMPLETION-LIMIT
W-000171,7,4,3,0,0,1,STRONG_WARNING,MPLADS-11.2-COMPLETION-UC
W-000172,7,4,3,0,0,1,STRONG_WARNING,MPLADS-11.2-COMPLETION-UC
W-000173,3,2,1,0,0,5,WARNING,MPLADS-3.2.4-SANCTION-45D
W-000174,7,4,3,0,0,1,STRONG_WARNING,MPLADS-11.2-COMPLETION-UC
W-000175,7,4,3,0,0,1,STRONG_WARNING,MPLADS-11.2-COMPLETION-UC
W-000176,7,4,3,0,0,1,STRONG_WARNING,MPLADS-11.2-COMPLETION-UC
W-000177,3,3,0,0,0,5,NONE,
W-000178,7,4,3,0,0,1,STRONG_WARNING,MPLADS-11.2-COMPLETION-UC
W-000179,0,0,0,0,0,8,NONE,
W-000180,0,0,0,0,0,8,NONE,
W-000181,7,3,4,0,0,1,STRONG_WARNING,MPLADS-11.2-COMPLETION-UC
W-000182,7,4,3,0,0,1,STRONG_WARNING,MPLADS-11.2-COMPLETION-UC
W-000183,7,4,3,0,0,1,STRONG_WARNING,MPLADS-11.2-COMPLETION-UC
W-000184,7,4,3,0,0,1,STRONG_WARNING,MPLADS-11.2-COMPLETION-UC
W-000185,3,3,0,0,0,5,NONE,
W-000186,0,0,0,0,0,8,NONE,
W-000187,7,4,3,0,0,1,STRONG_WARNING,MPLADS-11.2-COMPLETION-UC
W-000188,0,0,0,0,0,8,NONE,
W-000189,0,0,0,0,0,8,NONE,
W-000190,7,3,4,0,0,1,STRONG_WARNING,MPLADS-11.2-COMPLETION-UC
W-000191,7,4,3,0,0,1,STRONG_WARNING,MPLADS-11.2-COMPLETION-UC
W-000192,7,4,3,0,0,1,STRONG_WARNING,MPLADS-11.2-COMPLETION-UC
W-000193,3,3,0,0,0,5,NONE,
W-000194,7,4,3,0,0,1,STRONG_WARNING,MPLADS-11.2-COMPLETION-UC
W-000195,7,4,3,0,0,1,STRONG_WARNING,MPLADS-11.2-COMPLETION-UC
W-000196,3,3,0,0,0,5,NONE,
W-000197,7,4,3,0,0,1,STRONG_WARNING,MPLADS-11.2-COMPLETION-UC
W-000198,7,4,3,0,0,1,STRONG_WARNING,MPLADS-11.2-COMPLETION-UC
W-000199,7,4,3,0,0,1,STRONG_WARNING,MPLADS-11.2-COMPLETION-UC
W-000200,7,4,3,0,0,1,STRONG_WARNING,MPLADS-11.2-COMPLETION-UC
W-000201,7,4,3,0,0,1,STRONG_WARNING,MPLADS-11.2-COMPLETION-UC
W-000202,7,4,3,0,0,1,STRONG_WARNING,MPLADS-11.2-COMPLETION-UC
W-000203,7,3,4,0,0,1,STRONG_WARNING,MPLADS-11.2-COMPLETION-UC
W-000204,7,4,3,0,0,1,STRONG_WARNING,MPLADS-11.2-COMPLETION-UC
W-000205,3,3,0,0,0,5,NONE,
W-000206,7,4,3,0,0,1,STRONG_WARNING,MPLADS-11.2-COMPLETION-UC
W-000207,7,3,4,0,0,1,STRONG_WARNING,MPLADS-11.2-COMPLETION-UC
W-000208,7,4,3,0,0,1,STRONG_WARNING,MPLADS-11.2-COMPLETION-UC
W-000209,7,3,4,0,0,1,STRONG_WARNING,MPLADS-11.2-COMPLETION-UC
W-000210,0,0,0,0,0,8,NONE,
W-000211,3,3,0,0,0,5,NONE,
W-000212,7,4,3,0,0,1,STRONG_WARNING,MPLADS-11.2-COMPLETION-UC
W-000213,7,4,3,0,0,1,STRONG_WARNING,MPLADS-11.2-COMPLETION-UC
W-000214,0,0,0,0,0,8,NONE,
W-000215,7,4,3,0,0,1,STRONG_WARNING,MPLADS-11.2-COMPLETION-UC
W-000216,8,6,2,0,0,0,STRONG_WARNING,MPLADS-11.2-COMPLETION-UC
W-000217,7,4,3,0,0,1,STRONG_WARNING,MPLADS-11.2-COMPLETION-UC
W-000218,7,4,3,0,0,1,STRONG_WARNING,MPLADS-11.2-COMPLETION-UC
W-000219,3,2,1,0,0,5,WARNING,MPLADS-3.2.12-COMPLETION-LIMIT
W-000220,7,4,3,0,0,1,STRONG_WARNING,MPLADS-11.2-COMPLETION-UC
W-000221,7,3,4,0,0,1,STRONG_WARNING,MPLADS-11.2-COMPLETION-UC
W-000222,7,4,3,0,0,1,STRONG_WARNING,MPLADS-11.2-COMPLETION-UC
W-000223,3,2,1,0,0,5,WARNING,MPLADS-3.2.12-COMPLETION-LIMIT
W-000224,7,4,3,0,0,1,STRONG_WARNING,MPLADS-11.2-COMPLETION-UC
W-000225,3,2,1,0,0,5,WARNING,MPLADS-3.2.12-COMPLETION-LIMIT
W-000226,7,4,3,0,0,1,STRONG_WARNING,MPLADS-11.2-COMPLETION-UC
W-000227,7,4,3,0,0,1,STRONG_WARNING,MPLADS-11.2-COMPLETION-UC
W-000228,7,4,3,0,0,1,STRONG_WARNING,MPLADS-11.2-COMPLETION-UC
W-000229,3,2,1,0,0,5,WARNING,MPLADS-3.2.12-COMPLETION-LIMIT
W-000230,7,3,4,0,0,1,STRONG_WARNING,MPLADS-11.2-COMPLETION-UC
W-000231,3,3,0,0,0,5,NONE,
W-000232,0,0,0,0,0,8,NONE,
W-000233,7,4,3,0,0,1,STRONG_WARNING,MPLADS-11.2-COMPLETION-UC
W-000234,7,4,3,0,0,1,STRONG_WARNING,MPLADS-11.2-COMPLETION-UC
W-000235,7,3,4,0,0,1,STRONG_WARNING,MPLADS-11.2-COMPLETION-UC
W-000236,0,0,0,0,0,8,NONE,
W-000237,7,2,5,0,0,1,STRONG_WARNING,MPLADS-11.2-COMPLETION-UC
W-000238,7,3,4,0,0,1,STRONG_WARNING,MPLADS-11.2-COMPLETION-UC
W-000239,7,5,2,0,0,1,STRONG_WARNING,MPLADS-11.2-COMPLETION-UC
W-000240,7,4,3,0,0,1,STRONG_WARNING,MPLADS-11.2-COMPLETION-UC
W-000241,3,3,0,0,0,5,NONE,
W-000242,3,3,0,0,0,5,NONE,
W-000243,3,2,1,0,0,5,WARNING,MPLADS-3.2.12-COMPLETION-LIMIT
W-000244,3,3,0,0,0,5,NONE,
W-000245,7,4,3,0,0,1,STRONG_WARNING,MPLADS-11.2-COMPLETION-UC
W-000246,7,3,4,0,0,1,STRONG_WARNING,MPLADS-11.2-COMPLETION-UC
W-000247,7,4,3,0,0,1,STRONG_WARNING,MPLADS-11.2-COMPLETION-UC
W-000248,7,4,3,0,0,1,STRONG_WARNING,MPLADS-11.2-COMPLETION-UC
W-000249,7,4,3,0,0,1,STRONG_WARNING,MPLADS-11.2-COMPLETION-UC
W-000250,7,3,4,0,0,1,STRONG_WARNING,MPLADS-11.2-COMPLETION-UC
W-000251,7,5,2,0,0,1,STRONG_WARNING,MPLADS-11.2-COMPLETION-UC
W-000252,7,4,3,0,0,1,STRONG_WARNING,MPLADS-11.2-COMPLETION-UC
W-000253,7,4,3,0,0,1,STRONG_WARNING,MPLADS-11.2-COMPLETION-UC
W-000254,7,4,3,0,0,1,STRONG_WARNING,MPLADS-11.2-COMPLETION-UC
W-000255,7,3,4,0,0,1,STRONG_WARNING,MPLADS-11.2-COMPLETION-UC
W-000256,0,0,0,0,0,8,NONE,
W-000257,7,4,3,0,0,1,STRONG_WARNING,MPLADS-11.2-COMPLETION-UC
W-000258,3,3,0,0,0,5,NONE,
W-000259,7,4,3,0,0,1,STRONG_WARNING,MPLADS-11.2-COMPLETION-UC
W-000260,3,2,1,0,0,5,WARNING,MPLADS-3.2.4-SANCTION-45D
W-000261,7,4,3,0,0,1,STRONG_WARNING,MPLADS-11.2-COMPLETION-UC
W-000262,3,3,0,0,0,5,NONE,
W-000263,3,3,0,0,0,5,NONE,
W-000264,7,4,3,0,0,1,STRONG_WARNING,MPLADS-11.2-COMPLETION-UC
W-000265,3,3,0,0,0,5,NONE,
W-000266,7,3,4,0,0,1,STRONG_WARNING,MPLADS-11.2-COMPLETION-UC
W-000267,8,5,3,0,0,0,STRONG_WARNING,MPLADS-11.2-COMPLETION-UC
W-000268,7,4,3,0,0,1,STRONG_WARNING,MPLADS-11.2-COMPLETION-UC
W-000269,3,2,1,0,0,5,WARNING,MPLADS-3.2.12-COMPLETION-LIMIT
W-000270,0,0,0,0,0,8,NONE,
W-000271,7,3,4,0,0,1,STRONG_WARNING,MPLADS-11.2-COMPLETION-UC
W-000272,7,3,4,0,0,1,STRONG_WARNING,MPLADS-11.2-COMPLETION-UC
W-000273,3,2,1,0,0,5,WARNING,MPLADS-3.2.4-SANCTION-45D
W-000274,7,3,4,0,0,1,STRONG_WARNING,MPLADS-11.2-COMPLETION-UC
W-000275,7,3,4,0,0,1,STRONG_WARNING,MPLADS-11.2-COMPLETION-UC
W-000276,7,4,3,0,0,1,STRONG_WARNING,MPLADS-11.2-COMPLETION-UC
W-000277,3,3,0,0,0,5,NONE,
W-000278,7,4,3,0,0,1,STRONG_WARNING,MPLADS-11.2-COMPLETION-UC
W-000279,7,3,4,0,0,1,STRONG_WARNING,MPLADS-11.2-COMPLETION-UC
W-000280,3,3,0,0,0,5,NONE,
W-000281,3,3,0,0,0,5,NONE,
W-000282,7,3,4,0,0,1,STRONG_WARNING,MPLADS-11.2-COMPLETION-UC
W-000283,7,4,3,0,0,1,STRONG_WARNING,MPLADS-11.2-COMPLETION-UC
W-000284,7,4,3,0,0,1,STRONG_WARNING,MPLADS-11.2-COMPLETION-UC
W-000285,7,4,3,0,0,1,STRONG_WARNING,MPLADS-11.2-COMPLETION-UC
W-000286,3,3,0,0,0,5,NONE,
W-000287,7,4,3,0,0,1,STRONG_WARNING,MPLADS-11.2-COMPLETION-UC
W-000288,7,4,3,0,0,1,STRONG_WARNING,MPLADS-11.2-COMPLETION-UC
W-000289,7,4,3,0,0,1,STRONG_WARNING,MPLADS-11.2-COMPLETION-UC
W-000290,7,4,3,0,0,1,STRONG_WARNING,MPLADS-11.2-COMPLETION-UC
W-000291,7,4,3,0,0,1,STRONG_WARNING,MPLADS-11.2-COMPLETION-UC
W-000292,7,4,3,0,0,1,STRONG_WARNING,MPLADS-11.2-COMPLETION-UC
W-000293,3,3,0,0,0,5,NONE,
W-000294,0,0,0,0,0,8,NONE,
W-000295,7,4,3,0,0,1,STRONG_WARNING,MPLADS-11.2-COMPLETION-UC
W-000296,3,3,0,0,0,5,NONE,
W-000297,7,4,3,0,0,1,STRONG_WARNING,MPLADS-11.2-COMPLETION-UC
W-000298,0,0,0,0,0,8,NONE,
W-000299,7,4,3,0,0,1,STRONG_WARNING,MPLADS-11.2-COMPLETION-UC
W-000300,7,4,3,0,0,1,STRONG_WARNING,MPLADS-11.2-COMPLETION-UC
W-000301,7,3,4,0,0,1,STRONG_WARNING,MPLADS-11.2-COMPLETION-UC
W-000302,3,3,0,0,0,5,NONE,
W-000303,3,2,1,0,0,5,WARNING,MPLADS-3.2.12-COMPLETION-LIMIT
W-000304,0,0,0,0,0,8,NONE,
W-000305,3,3,0,0,0,5,NONE,
W-000306,7,4,3,0,0,1,STRONG_WARNING,MPLADS-11.2-COMPLETION-UC
W-000307,7,4,3,0,0,1,STRONG_WARNING,MPLADS-11.2-COMPLETION-UC
W-000308,7,4,3,0,0,1,STRONG_WARNING,MPLADS-11.2-COMPLETION-UC
W-000309,7,4,3,0,0,1,STRONG_WARNING,MPLADS-11.2-COMPLETION-UC
W-000310,7,4,3,0,0,1,STRONG_WARNING,MPLADS-11.2-COMPLETION-UC
W-000311,0,0,0,0,0,8,NONE,
W-000312,7,4,3,0,0,1,STRONG_WARNING,MPLADS-11.2-COMPLETION-UC
W-000313,7,4,3,0,0,1,STRONG_WARNING,MPLADS-11.2-COMPLETION-UC
W-000314,7,3,4,0,0,1,STRONG_WARNING,MPLADS-11.2-COMPLETION-UC
W-000315,7,4,3,0,0,1,STRONG_WARNING,MPLADS-11.2-COMPLETION-UC
W-000316,3,3,0,0,0,5,NONE,
W-000317,3,3,0,0,0,5,NONE,
W-000318,8,6,2,0,0,0,STRONG_WARNING,MPLADS-11.2-COMPLETION-UC
W-000319,7,4,3,0,0,1,STRONG_WARNING,MPLADS-11.2-COMPLETION-UC
W-000320,3,3,0,0,0,5,NONE,
W-000321,7,4,3,0,0,1,STRONG_WARNING,MPLADS-11.2-COMPLETION-UC
W-000322,7,3,4,0,0,1,STRONG_WARNING,MPLADS-11.2-COMPLETION-UC
W-000323,7,4,3,0,0,1,STRONG_WARNING,MPLADS-11.2-COMPLETION-UC
W-000324,7,4,3,0,0,1,STRONG_WARNING,MPLADS-11.2-COMPLETION-UC
W-000325,3,3,0,0,0,5,NONE,
W-000326,7,4,3,0,0,1,STRONG_WARNING,MPLADS-11.2-COMPLETION-UC
W-000327,7,4,3,0,0,1,STRONG_WARNING,MPLADS-11.2-COMPLETION-UC
W-000328,3,3,0,0,0,5,NONE,
W-000329,7,4,3,0,0,1,STRONG_WARNING,MPLADS-11.2-COMPLETION-UC
W-000330,7,4,3,0,0,1,STRONG_WARNING,MPLADS-11.2-COMPLETION-UC
W-000331,7,4,3,0,0,1,STRONG_WARNING,MPLADS-11.2-COMPLETION-UC
W-000332,7,4,3,0,0,1,STRONG_WARNING,MPLADS-11.2-COMPLETION-UC
W-000333,7,4,3,0,0,1,STRONG_WARNING,MPLADS-11.2-COMPLETION-UC
W-000334,0,0,0,0,0,8,NONE,
W-000335,7,2,5,0,0,1,STRONG_WARNING,MPLADS-11.2-COMPLETION-UC
W-000336,7,3,4,0,0,1,STRONG_WARNING,MPLADS-11.2-COMPLETION-UC
W-000337,7,4,3,0,0,1,STRONG_WARNING,MPLADS-11.2-COMPLETION-UC
W-000338,7,4,3,0,0,1,STRONG_WARNING,MPLADS-11.2-COMPLETION-UC
W-000339,3,3,0,0,0,5,NONE,
W-000340,7,4,3,0,0,1,STRONG_WARNING,MPLADS-11.2-COMPLETION-UC
W-000341,7,3,4,0,0,1,STRONG_WARNING,MPLADS-11.2-COMPLETION-UC
W-000342,7,4,3,0,0,1,STRONG_WARNING,MPLADS-11.2-COMPLETION-UC
W-000343,7,4,3,0,0,1,STRONG_WARNING,MPLADS-11.2-COMPLETION-UC
W-000344,3,3,0,0,0,5,NONE,
W-000345,7,4,3,0,0,1,STRONG_WARNING,MPLADS-11.2-COMPLETION-UC
W-000346,7,3,4,0,0,1,STRONG_WARNING,MPLADS-11.2-COMPLETION-UC
W-000347,7,3,4,0,0,1,STRONG_WARNING,MPLADS-11.2-COMPLETION-UC
W-000348,3,3,0,0,0,5,NONE,
W-000349,0,0,0,0,0,8,NONE,
W-000350,7,4,3,0,0,1,STRONG_WARNING,MPLADS-11.2-COMPLETION-UC
W-000351,3,3,0,0,0,5,NONE,
W-000352,3,3,0,0,0,5,NONE,
W-000353,3,3,0,0,0,5,NONE,
W-000354,7,4,3,0,0,1,STRONG_WARNING,MPLADS-11.2-COMPLETION-UC
W-000355,3,2,1,0,0,5,WARNING,MPLADS-3.2.12-COMPLETION-LIMIT
W-000356,8,6,2,0,0,0,STRONG_WARNING,MPLADS-11.2-COMPLETION-UC
W-000357,7,3,4,0,0,1,STRONG_WARNING,MPLADS-11.2-COMPLETION-UC
W-000358,7,3,4,0,0,1,STRONG_WARNING,MPLADS-11.2-COMPLETION-UC
W-000359,7,3,4,0,0,1,STRONG_WARNING,MPLADS-11.2-COMPLETION-UC
W-000360,3,3,0,0,0,5,NONE,
W-000361,3,3,0,0,0,5,NONE,
W-000362,7,4,3,0,0,1,STRONG_WARNING,MPLADS-11.2-COMPLETION-UC
W-000363,7,4,3,0,0,1,STRONG_WARNING,MPLADS-11.2-COMPLETION-UC
W-000364,7,4,3,0,0,1,STRONG_WARNING,MPLADS-11.2-COMPLETION-UC
W-000365,7,4,3,0,0,1,STRONG_WARNING,MPLADS-11.2-COMPLETION-UC
W-000366,7,5,2,0,0,1,STRONG_WARNING,MPLADS-11.2-COMPLETION-UC
W-000367,7,2,5,0,0,1,STRONG_WARNING,MPLADS-11.2-COMPLETION-UC
W-000368,8,7,1,0,0,0,STRONG_WARNING,MPLADS-11.2-COMPLETION-UC
W-000369,7,3,4,0,0,1,STRONG_WARNING,MPLADS-11.2-COMPLETION-UC
W-000370,7,4,3,0,0,1,STRONG_WARNING,MPLADS-11.2-COMPLETION-UC
W-000371,7,4,3,0,0,1,STRONG_WARNING,MPLADS-11.2-COMPLETION-UC
W-000372,7,4,3,0,0,1,STRONG_WARNING,MPLADS-11.2-COMPLETION-UC
W-000373,7,5,2,0,0,1,STRONG_WARNING,MPLADS-11.2-COMPLETION-UC
W-000374,7,4,3,0,0,1,STRONG_WARNING,MPLADS-11.2-COMPLETION-UC
W-000375,7,4,3,0,0,1,STRONG_WARNING,MPLADS-11.2-COMPLETION-UC
W-000376,7,4,3,0,0,1,STRONG_WARNING,MPLADS-11.2-COMPLETION-UC
W-000377,7,4,3,0,0,1,STRONG_WARNING,MPLADS-11.2-COMPLETION-UC
W-000378,3,3,0,0,0,5,NONE,
W-000379,3,3,0,0,0,5,NONE,
W-000380,7,4,3,0,0,1,STRONG_WARNING,MPLADS-11.2-COMPLETION-UC
W-000381,7,4,3,0,0,1,STRONG_WARNING,MPLADS-11.2-COMPLETION-UC
W-000382,7,4,3,0,0,1,STRONG_WARNING,MPLADS-11.2-COMPLETION-UC
W-000383,8,6,2,0,0,0,STRONG_WARNING,MPLADS-11.2-COMPLETION-UC
W-000384,3,3,0,0,0,5,NONE,
W-000385,7,4,3,0,0,1,STRONG_WARNING,MPLADS-11.2-COMPLETION-UC
W-000386,3,3,0,0,0,5,NONE,
W-000387,7,3,4,0,0,1,STRONG_WARNING,MPLADS-11.2-COMPLETION-UC
W-000388,3,3,0,0,0,5,NONE,
W-000389,3,3,0,0,0,5,NONE,
W-000390,7,3,4,0,0,1,STRONG_WARNING,MPLADS-11.2-COMPLETION-UC
W-000391,7,4,3,0,0,1,STRONG_WARNING,MPLADS-11.2-COMPLETION-UC
W-000392,7,4,3,0,0,1,STRONG_WARNING,MPLADS-11.2-COMPLETION-UC
W-000393,7,4,3,0,0,1,STRONG_WARNING,MPLADS-11.2-COMPLETION-UC
W-000394,3,3,0,0,0,5,NONE,
W-000395,0,0,0,0,0,8,NONE,
W-000396,3,3,0,0,0,5,NONE,
W-000397,7,4,3,0,0,1,STRONG_WARNING,MPLADS-11.2-COMPLETION-UC
W-000398,3,3,0,0,0,5,NONE,
W-000399,7,4,3,0,0,1,STRONG_WARNING,MPLADS-11.2-COMPLETION-UC
W-000400,7,4,3,0,0,1,STRONG_WARNING,MPLADS-11.2-COMPLETION-UC
W-000401,7,4,3,0,0,1,STRONG_WARNING,MPLADS-11.2-COMPLETION-UC
W-000402,7,4,3,0,0,1,STRONG_WARNING,MPLADS-11.2-COMPLETION-UC
W-000403,3,3,0,0,0,5,NONE,
W-000404,7,3,4,0,0,1,STRONG_WARNING,MPLADS-11.2-COMPLETION-UC
W-000405,3,3,0,0,0,5,NONE,
W-000406,7,4,3,0,0,1,STRONG_WARNING,MPLADS-11.2-COMPLETION-UC
W-000407,3,2,1,0,0,5,WARNING,MPLADS-3.2.4-SANCTION-45D
W-000408,7,4,3,0,0,1,STRONG_WARNING,MPLADS-11.2-COMPLETION-UC
W-000409,7,4,3,0,0,1,STRONG_WARNING,MPLADS-11.2-COMPLETION-UC
W-000410,7,4,3,0,0,1,STRONG_WARNING,MPLADS-11.2-COMPLETION-UC
W-000411,7,4,3,0,0,1,STRONG_WARNING,MPLADS-11.2-COMPLETION-UC
W-000412,3,3,0,0,0,5,NONE,
W-000413,7,3,4,0,0,1,STRONG_WARNING,MPLADS-11.2-COMPLETION-UC
W-000414,7,4,3,0,0,1,STRONG_WARNING,MPLADS-11.2-COMPLETION-UC
W-000415,3,3,0,0,0,5,NONE,
W-000416,0,0,0,0,0,8,NONE,
W-000417,0,0,0,0,0,8,NONE,
W-000418,7,5,2,0,0,1,STRONG_WARNING,MPLADS-11.2-COMPLETION-UC
W-000419,7,4,3,0,0,1,STRONG_WARNING,MPLADS-11.2-COMPLETION-UC
W-000420,7,4,3,0,0,1,STRONG_WARNING,MPLADS-11.2-COMPLETION-UC
W-000421,7,3,4,0,0,1,STRONG_WARNING,MPLADS-11.2-COMPLETION-UC
W-000422,3,2,1,0,0,5,WARNING,MPLADS-3.2.4-SANCTION-45D
W-000423,7,4,3,0,0,1,STRONG_WARNING,MPLADS-11.2-COMPLETION-UC
W-000424,7,4,3,0,0,1,STRONG_WARNING,MPLADS-11.2-COMPLETION-UC
W-000425,7,4,3,0,0,1,STRONG_WARNING,MPLADS-11.2-COMPLETION-UC
W-000426,7,4,3,0,0,1,STRONG_WARNING,MPLADS-11.2-COMPLETION-UC
W-000427,3,3,0,0,0,5,NONE,
W-000428,3,3,0,0,0,5,NONE,
W-000429,7,4,3,0,0,1,STRONG_WARNING,MPLADS-11.2-COMPLETION-UC
W-000430,3,3,0,0,0,5,NONE,
W-000431,7,4,3,0,0,1,STRONG_WARNING,MPLADS-11.2-COMPLETION-UC
W-000432,7,4,3,0,0,1,STRONG_WARNING,MPLADS-11.2-COMPLETION-UC
W-000433,3,3,0,0,0,5,NONE,
W-000434,7,4,3,0,0,1,STRONG_WARNING,MPLADS-11.2-COMPLETION-UC
W-000435,0,0,0,0,0,8,NONE,
W-000436,7,3,4,0,0,1,STRONG_WARNING,MPLADS-11.2-COMPLETION-UC
W-000437,3,3,0,0,0,5,NONE,
W-000438,7,4,3,0,0,1,STRONG_WARNING,MPLADS-11.2-COMPLETION-UC
W-000439,7,4,3,0,0,1,STRONG_WARNING,MPLADS-11.2-COMPLETION-UC
W-000440,7,4,3,0,0,1,STRONG_WARNING,MPLADS-11.2-COMPLETION-UC
W-000441,7,4,3,0,0,1,STRONG_WARNING,MPLADS-11.2-COMPLETION-UC
W-000442,7,4,3,0,0,1,STRONG_WARNING,MPLADS-11.2-COMPLETION-UC
W-000443,7,4,3,0,0,1,STRONG_WARNING,MPLADS-11.2-COMPLETION-UC
W-000444,7,3,4,0,0,1,STRONG_WARNING,MPLADS-11.2-COMPLETION-UC
W-000445,7,4,3,0,0,1,STRONG_WARNING,MPLADS-11.2-COMPLETION-UC
W-000446,7,4,3,0,0,1,STRONG_WARNING,MPLADS-11.2-COMPLETION-UC
W-000447,0,0,0,0,0,8,NONE,
W-000448,7,4,3,0,0,1,STRONG_WARNING,MPLADS-11.2-COMPLETION-UC
W-000449,7,4,3,0,0,1,STRONG_WARNING,MPLADS-11.2-COMPLETION-UC
W-000450,0,0,0,0,0,8,NONE,
W-000451,7,3,4,0,0,1,STRONG_WARNING,MPLADS-11.2-COMPLETION-UC
W-000452,3,3,0,0,0,5,NONE,
W-000453,0,0,0,0,0,8,NONE,
W-000454,7,4,3,0,0,1,STRONG_WARNING,MPLADS-11.2-COMPLETION-UC
W-000455,7,4,3,0,0,1,STRONG_WARNING,MPLADS-11.2-COMPLETION-UC
W-000456,7,4,3,0,0,1,STRONG_WARNING,MPLADS-11.2-COMPLETION-UC
W-000457,7,4,3,0,0,1,STRONG_WARNING,MPLADS-11.2-COMPLETION-UC
W-000458,3,3,0,0,0,5,NONE,
W-000459,0,0,0,0,0,8,NONE,
W-000460,7,4,3,0,0,1,STRONG_WARNING,MPLADS-11.2-COMPLETION-UC
W-000461,7,4,3,0,0,1,STRONG_WARNING,MPLADS-11.2-COMPLETION-UC
W-000462,3,3,0,0,0,5,NONE,
W-000463,7,4,3,0,0,1,STRONG_WARNING,MPLADS-11.2-COMPLETION-UC
W-000464,0,0,0,0,0,8,NONE,
W-000465,7,3,4,0,0,1,STRONG_WARNING,MPLADS-11.2-COMPLETION-UC
W-000466,7,3,4,0,0,1,STRONG_WARNING,MPLADS-11.2-COMPLETION-UC
W-000467,7,3,4,0,0,1,STRONG_WARNING,MPLADS-11.2-COMPLETION-UC
W-000468,0,0,0,0,0,8,NONE,
W-000469,3,3,0,0,0,5,NONE,
W-000470,7,4,3,0,0,1,STRONG_WARNING,MPLADS-11.2-COMPLETION-UC
W-000471,7,4,3,0,0,1,STRONG_WARNING,MPLADS-11.2-COMPLETION-UC
W-000472,7,5,2,0,0,1,STRONG_WARNING,MPLADS-11.2-COMPLETION-UC
W-000473,7,4,3,0,0,1,STRONG_WARNING,MPLADS-11.2-COMPLETION-UC
W-000474,7,4,3,0,0,1,STRONG_WARNING,MPLADS-11.2-COMPLETION-UC
W-000475,3,3,0,0,0,5,NONE,
W-000476,3,3,0,0,0,5,NONE,
W-000477,7,3,4,0,0,1,STRONG_WARNING,MPLADS-11.2-COMPLETION-UC
W-000478,0,0,0,0,0,8,NONE,
W-000479,7,4,3,0,0,1,STRONG_WARNING,MPLADS-11.2-COMPLETION-UC
W-000480,7,4,3,0,0,1,STRONG_WARNING,MPLADS-11.2-COMPLETION-UC
W-000481,7,4,3,0,0,1,STRONG_WARNING,MPLADS-11.2-COMPLETION-UC
W-000482,3,3,0,0,0,5,NONE,
W-000483,8,6,2,0,0,0,STRONG_WARNING,MPLADS-11.2-COMPLETION-UC
W-000484,3,2,1,0,0,5,WARNING,MPLADS-3.2.4-SANCTION-45D
W-000485,7,4,3,0,0,1,STRONG_WARNING,MPLADS-11.2-COMPLETION-UC
W-000486,7,3,4,0,0,1,STRONG_WARNING,MPLADS-11.2-COMPLETION-UC
W-000487,3,3,0,0,0,5,NONE,
W-000488,7,3,4,0,0,1,STRONG_WARNING,MPLADS-11.2-COMPLETION-UC
W-000489,7,3,4,0,0,1,STRONG_WARNING,MPLADS-11.2-COMPLETION-UC
W-000490,0,0,0,0,0,8,NONE,
W-000491,7,4,3,0,0,1,STRONG_WARNING,MPLADS-11.2-COMPLETION-UC
W-000492,0,0,0,0,0,8,NONE,
W-000493,7,4,3,0,0,1,STRONG_WARNING,MPLADS-11.2-COMPLETION-UC
W-000494,0,0,0,0,0,8,NONE,
W-000495,3,3,0,0,0,5,NONE,
W-000496,7,4,3,0,0,1,STRONG_WARNING,MPLADS-11.2-COMPLETION-UC
W-000497,3,3,0,0,0,5,NONE,
W-000498,3,3,0,0,0,5,NONE,
W-000499,7,3,4,0,0,1,STRONG_WARNING,MPLADS-11.2-COMPLETION-UC
W-000500,3,2,1,0,0,5,WARNING,MPLADS-3.2.12-COMPLETION-LIMIT
W-000501,7,4,3,0,0,1,STRONG_WARNING,MPLADS-11.2-COMPLETION-UC
W-000502,3,2,1,0,0,5,WARNING,MPLADS-3.2.12-COMPLETION-LIMIT
W-000503,7,4,3,0,0,1,STRONG_WARNING,MPLADS-11.2-COMPLETION-UC
W-000504,3,3,0,0,0,5,NONE,
W-000505,7,4,3,0,0,1,STRONG_WARNING,MPLADS-11.2-COMPLETION-UC
W-000506,3,3,0,0,0,5,NONE,
W-000507,3,3,0,0,0,5,NONE,
W-000508,7,3,4,0,0,1,STRONG_WARNING,MPLADS-11.2-COMPLETION-UC
W-000509,3,2,1,0,0,5,WARNING,MPLADS-3.2.12-COMPLETION-LIMIT
W-000510,7,4,3,0,0,1,STRONG_WARNING,MPLADS-11.2-COMPLETION-UC
W-000511,0,0,0,0,0,8,NONE,
W-000512,7,4,3,0,0,1,STRONG_WARNING,MPLADS-11.2-COMPLETION-UC
W-000513,8,5,3,0,0,0,STRONG_WARNING,MPLADS-11.2-COMPLETION-UC
W-000514,7,4,3,0,0,1,STRONG_WARNING,MPLADS-11.2-COMPLETION-UC
W-000515,3,3,0,0,0,5,NONE,
W-000516,7,3,4,0,0,1,STRONG_WARNING,MPLADS-11.2-COMPLETION-UC
W-000517,0,0,0,0,0,8,NONE,
W-000518,3,3,0,0,0,5,NONE,
W-000519,7,4,3,0,0,1,STRONG_WARNING,MPLADS-11.2-COMPLETION-UC
W-000520,0,0,0,0,0,8,NONE,
W-000521,7,4,3,0,0,1,STRONG_WARNING,MPLADS-11.2-COMPLETION-UC
W-000522,7,4,3,0,0,1,STRONG_WARNING,MPLADS-11.2-COMPLETION-UC
W-000523,7,4,3,0,0,1,STRONG_WARNING,MPLADS-11.2-COMPLETION-UC
W-000524,7,4,3,0,0,1,STRONG_WARNING,MPLADS-11.2-COMPLETION-UC
W-000525,7,3,4,0,0,1,STRONG_WARNING,MPLADS-11.2-COMPLETION-UC
W-000526,7,4,3,0,0,1,STRONG_WARNING,MPLADS-11.2-COMPLETION-UC
W-000527,7,4,3,0,0,1,STRONG_WARNING,MPLADS-11.2-COMPLETION-UC
W-000528,7,4,3,0,0,1,STRONG_WARNING,MPLADS-11.2-COMPLETION-UC
W-000529,8,6,2,0,0,0,STRONG_WARNING,MPLADS-11.2-COMPLETION-UC
W-000530,7,4,3,0,0,1,STRONG_WARNING,MPLADS-11.2-COMPLETION-UC
W-000531,7,4,3,0,0,1,STRONG_WARNING,MPLADS-11.2-COMPLETION-UC
W-000532,7,4,3,0,0,1,STRONG_WARNING,MPLADS-11.2-COMPLETION-UC
W-000533,7,3,4,0,0,1,STRONG_WARNING,MPLADS-11.2-COMPLETION-UC
W-000534,7,4,3,0,0,1,STRONG_WARNING,MPLADS-11.2-COMPLETION-UC
W-000535,7,5,2,0,0,1,STRONG_WARNING,MPLADS-11.2-COMPLETION-UC
W-000536,7,4,3,0,0,1,STRONG_WARNING,MPLADS-11.2-COMPLETION-UC
W-000537,3,3,0,0,0,5,NONE,
W-000538,7,3,4,0,0,1,STRONG_WARNING,MPLADS-11.2-COMPLETION-UC
W-000539,3,3,0,0,0,5,NONE,
W-000540,3,3,0,0,0,5,NONE,
W-000541,7,4,3,0,0,1,STRONG_WARNING,MPLADS-11.2-COMPLETION-UC
W-000542,7,4,3,0,0,1,STRONG_WARNING,MPLADS-11.2-COMPLETION-UC
W-000543,7,4,3,0,0,1,STRONG_WARNING,MPLADS-11.2-COMPLETION-UC
W-000544,7,3,4,0,0,1,STRONG_WARNING,MPLADS-11.2-COMPLETION-UC
W-000545,7,4,3,0,0,1,STRONG_WARNING,MPLADS-11.2-COMPLETION-UC
W-000546,7,4,3,0,0,1,STRONG_WARNING,MPLADS-11.2-COMPLETION-UC
W-000547,7,4,3,0,0,1,STRONG_WARNING,MPLADS-11.2-COMPLETION-UC
W-000548,7,4,3,0,0,1,STRONG_WARNING,MPLADS-11.2-COMPLETION-UC
W-000549,7,3,4,0,0,1,STRONG_WARNING,MPLADS-11.2-COMPLETION-UC
W-000550,0,0,0,0,0,8,NONE,
W-000551,7,4,3,0,0,1,STRONG_WARNING,MPLADS-11.2-COMPLETION-UC
W-000552,7,4,3,0,0,1,STRONG_WARNING,MPLADS-11.2-COMPLETION-UC
W-000553,3,2,1,0,0,5,WARNING,MPLADS-3.2.12-COMPLETION-LIMIT
W-000554,7,3,4,0,0,1,STRONG_WARNING,MPLADS-11.2-COMPLETION-UC
W-000555,8,6,2,0,0,0,STRONG_WARNING,MPLADS-11.2-COMPLETION-UC
W-000556,7,4,3,0,0,1,STRONG_WARNING,MPLADS-11.2-COMPLETION-UC
W-000557,7,4,3,0,0,1,STRONG_WARNING,MPLADS-11.2-COMPLETION-UC
W-000558,7,4,3,0,0,1,STRONG_WARNING,MPLADS-11.2-COMPLETION-UC
W-000559,7,4,3,0,0,1,STRONG_WARNING,MPLADS-11.2-COMPLETION-UC
W-000560,7,4,3,0,0,1,STRONG_WARNING,MPLADS-11.2-COMPLETION-UC
W-000561,3,3,0,0,0,5,NONE,
W-000562,7,4,3,0,0,1,STRONG_WARNING,MPLADS-11.2-COMPLETION-UC
W-000563,3,3,0,0,0,5,NONE,
W-000564,7,4,3,0,0,1,STRONG_WARNING,MPLADS-11.2-COMPLETION-UC
W-000565,7,3,4,0,0,1,STRONG_WARNING,MPLADS-11.2-COMPLETION-UC
W-000566,7,3,4,0,0,1,STRONG_WARNING,MPLADS-11.2-COMPLETION-UC
W-000567,7,4,3,0,0,1,STRONG_WARNING,MPLADS-11.2-COMPLETION-UC
W-000568,3,3,0,0,0,5,NONE,
W-000569,7,4,3,0,0,1,STRONG_WARNING,MPLADS-11.2-COMPLETION-UC
W-000570,7,4,3,0,0,1,STRONG_WARNING,MPLADS-11.2-COMPLETION-UC
W-000571,3,3,0,0,0,5,NONE,
W-000572,7,3,4,0,0,1,STRONG_WARNING,MPLADS-11.2-COMPLETION-UC
W-000573,7,4,3,0,0,1,STRONG_WARNING,MPLADS-11.2-COMPLETION-UC
W-000574,7,3,4,0,0,1,STRONG_WARNING,MPLADS-11.2-COMPLETION-UC
W-000575,7,3,4,0,0,1,STRONG_WARNING,MPLADS-11.2-COMPLETION-UC
W-000576,0,0,0,0,0,8,NONE,
W-000577,7,4,3,0,0,1,STRONG_WARNING,MPLADS-11.2-COMPLETION-UC
W-000578,7,3,4,0,0,1,STRONG_WARNING,MPLADS-11.2-COMPLETION-UC
W-000579,7,4,3,0,0,1,STRONG_WARNING,MPLADS-11.2-COMPLETION-UC
W-000580,0,0,0,0,0,8,NONE,
W-000581,3,3,0,0,0,5,NONE,
W-000582,7,4,3,0,0,1,STRONG_WARNING,MPLADS-11.2-COMPLETION-UC
W-000583,7,4,3,0,0,1,STRONG_WARNING,MPLADS-11.2-COMPLETION-UC
W-000584,7,4,3,0,0,1,STRONG_WARNING,MPLADS-11.2-COMPLETION-UC
W-000585,3,3,0,0,0,5,NONE,
W-000586,7,4,3,0,0,1,STRONG_WARNING,MPLADS-11.2-COMPLETION-UC
W-000587,7,3,4,0,0,1,STRONG_WARNING,MPLADS-11.2-COMPLETION-UC
W-000588,3,3,0,0,0,5,NONE,
W-000589,0,0,0,0,0,8,NONE,
W-000590,7,4,3,0,0,1,STRONG_WARNING,MPLADS-11.2-COMPLETION-UC
W-000591,7,3,4,0,0,1,STRONG_WARNING,MPLADS-11.2-COMPLETION-UC
W-000592,7,4,3,0,0,1,STRONG_WARNING,MPLADS-11.2-COMPLETION-UC
W-000593,7,4,3,0,0,1,STRONG_WARNING,MPLADS-11.2-COMPLETION-UC
W-000594,3,3,0,0,0,5,NONE,
W-000595,8,6,2,0,0,0,STRONG_WARNING,MPLADS-11.2-COMPLETION-UC
W-000596,3,3,0,0,0,5,NONE,
W-000597,7,4,3,0,0,1,STRONG_WARNING,MPLADS-11.2-COMPLETION-UC
W-000598,0,0,0,0,0,8,NONE,
W-000599,7,4,3,0,0,1,STRONG_WARNING,MPLADS-11.2-COMPLETION-UC
W-000600,7,3,4,0,0,1,STRONG_WARNING,MPLADS-11.2-COMPLETION-UC
W-000601,7,4,3,0,0,1,STRONG_WARNING,MPLADS-11.2-COMPLETION-UC
W-000602,7,4,3,0,0,1,STRONG_WARNING,MPLADS-11.2-COMPLETION-UC
W-000603,7,4,3,0,0,1,STRONG_WARNING,MPLADS-11.2-COMPLETION-UC
W-000604,7,3,4,0,0,1,STRONG_WARNING,MPLADS-11.2-COMPLETION-UC
W-000605,3,3,0,0,0,5,NONE,
W-000606,3,3,0,0,0,5,NONE,
W-000607,7,4,3,0,0,1,STRONG_WARNING,MPLADS-11.2-COMPLETION-UC
W-000608,3,3,0,0,0,5,NONE,
W-000609,7,4,3,0,0,1,STRONG_WARNING,MPLADS-11.2-COMPLETION-UC
W-000610,7,3,4,0,0,1,STRONG_WARNING,MPLADS-11.2-COMPLETION-UC
W-000611,0,0,0,0,0,8,NONE,
W-000612,7,3,4,0,0,1,STRONG_WARNING,MPLADS-11.2-COMPLETION-UC
W-000613,7,4,3,0,0,1,STRONG_WARNING,MPLADS-11.2-COMPLETION-UC
W-000614,7,4,3,0,0,1,STRONG_WARNING,MPLADS-11.2-COMPLETION-UC
W-000615,3,2,1,0,0,5,WARNING,MPLADS-3.2.4-SANCTION-45D
W-000616,0,0,0,0,0,8,NONE,
W-000617,0,0,0,0,0,8,NONE,
W-000618,3,3,0,0,0,5,NONE,
W-000619,7,4,3,0,0,1,STRONG_WARNING,MPLADS-11.2-COMPLETION-UC
W-000620,7,4,3,0,0,1,STRONG_WARNING,MPLADS-11.2-COMPLETION-UC
W-000621,3,3,0,0,0,5,NONE,
W-000622,0,0,0,0,0,8,NONE,
W-000623,7,3,4,0,0,1,STRONG_WARNING,MPLADS-11.2-COMPLETION-UC
W-000624,7,3,4,0,0,1,STRONG_WARNING,MPLADS-11.2-COMPLETION-UC
W-000625,3,3,0,0,0,5,NONE,
W-000626,3,2,1,0,0,5,WARNING,MPLADS-3.2.12-COMPLETION-LIMIT
W-000627,7,3,4,0,0,1,STRONG_WARNING,MPLADS-11.2-COMPLETION-UC
W-000628,7,4,3,0,0,1,STRONG_WARNING,MPLADS-11.2-COMPLETION-UC
W-000629,7,4,3,0,0,1,STRONG_WARNING,MPLADS-11.2-COMPLETION-UC
W-000630,3,2,1,0,0,5,WARNING,MPLADS-3.2.4-SANCTION-45D
W-000631,7,4,3,0,0,1,STRONG_WARNING,MPLADS-11.2-COMPLETION-UC
W-000632,7,4,3,0,0,1,STRONG_WARNING,MPLADS-11.2-COMPLETION-UC
W-000633,7,4,3,0,0,1,STRONG_WARNING,MPLADS-11.2-COMPLETION-UC
W-000634,7,4,3,0,0,1,STRONG_WARNING,MPLADS-11.2-COMPLETION-UC
W-000635,7,4,3,0,0,1,STRONG_WARNING,MPLADS-11.2-COMPLETION-UC
W-000636,3,3,0,0,0,5,NONE,
W-000637,0,0,0,0,0,8,NONE,
W-000638,7,4,3,0,0,1,STRONG_WARNING,MPLADS-11.2-COMPLETION-UC
W-000639,0,0,0,0,0,8,NONE,
W-000640,7,3,4,0,0,1,STRONG_WARNING,MPLADS-11.2-COMPLETION-UC
W-000641,7,4,3,0,0,1,STRONG_WARNING,MPLADS-11.2-COMPLETION-UC
W-000642,3,3,0,0,0,5,NONE,
W-000643,7,4,3,0,0,1,STRONG_WARNING,MPLADS-11.2-COMPLETION-UC
W-000644,7,3,4,0,0,1,STRONG_WARNING,MPLADS-11.2-COMPLETION-UC
W-000645,7,4,3,0,0,1,STRONG_WARNING,MPLADS-11.2-COMPLETION-UC
W-000646,7,4,3,0,0,1,STRONG_WARNING,MPLADS-11.2-COMPLETION-UC
W-000647,7,4,3,0,0,1,STRONG_WARNING,MPLADS-11.2-COMPLETION-UC
W-000648,7,3,4,0,0,1,STRONG_WARNING,MPLADS-11.2-COMPLETION-UC
W-000649,7,4,3,0,0,1,STRONG_WARNING,MPLADS-11.2-COMPLETION-UC
W-000650,8,6,2,0,0,0,STRONG_WARNING,MPLADS-11.2-COMPLETION-UC
W-000651,7,4,3,0,0,1,STRONG_WARNING,MPLADS-11.2-COMPLETION-UC
W-000652,3,3,0,0,0,5,NONE,
W-000653,0,0,0,0,0,8,NONE,
W-000654,7,4,3,0,0,1,STRONG_WARNING,MPLADS-11.2-COMPLETION-UC
W-000655,7,4,3,0,0,1,STRONG_WARNING,MPLADS-11.2-COMPLETION-UC
W-000656,7,3,4,0,0,1,STRONG_WARNING,MPLADS-11.2-COMPLETION-UC
W-000657,0,0,0,0,0,8,NONE,
W-000658,3,3,0,0,0,5,NONE,
W-000659,7,4,3,0,0,1,STRONG_WARNING,MPLADS-11.2-COMPLETION-UC
W-000660,3,3,0,0,0,5,NONE,
W-000661,7,4,3,0,0,1,STRONG_WARNING,MPLADS-11.2-COMPLETION-UC
W-000662,7,4,3,0,0,1,STRONG_WARNING,MPLADS-11.2-COMPLETION-UC
W-000663,3,3,0,0,0,5,NONE,
W-000664,0,0,0,0,0,8,NONE,
W-000665,7,4,3,0,0,1,STRONG_WARNING,MPLADS-11.2-COMPLETION-UC
W-000666,3,3,0,0,0,5,NONE,
W-000667,7,4,3,0,0,1,STRONG_WARNING,MPLADS-11.2-COMPLETION-UC
W-000668,7,4,3,0,0,1,STRONG_WARNING,MPLADS-11.2-COMPLETION-UC
W-000669,3,3,0,0,0,5,NONE,
W-000670,7,3,4,0,0,1,STRONG_WARNING,MPLADS-11.2-COMPLETION-UC
W-000671,3,3,0,0,0,5,NONE,
W-000672,7,4,3,0,0,1,STRONG_WARNING,MPLADS-11.2-COMPLETION-UC
W-000673,7,4,3,0,0,1,STRONG_WARNING,MPLADS-11.2-COMPLETION-UC
W-000674,7,4,3,0,0,1,STRONG_WARNING,MPLADS-11.2-COMPLETION-UC
W-000675,7,4,3,0,0,1,STRONG_WARNING,MPLADS-11.2-COMPLETION-UC
W-000676,3,2,1,0,0,5,WARNING,MPLADS-3.2.12-COMPLETION-LIMIT
W-000677,7,3,4,0,0,1,STRONG_WARNING,MPLADS-11.2-COMPLETION-UC
W-000678,7,4,3,0,0,1,STRONG_WARNING,MPLADS-11.2-COMPLETION-UC
W-000679,3,3,0,0,0,5,NONE,
W-000680,3,2,1,0,0,5,WARNING,MPLADS-3.2.12-COMPLETION-LIMIT
W-000681,7,3,4,0,0,1,STRONG_WARNING,MPLADS-11.2-COMPLETION-UC
W-000682,3,2,1,0,0,5,WARNING,MPLADS-3.2.12-COMPLETION-LIMIT
W-000683,3,3,0,0,0,5,NONE,
W-000684,0,0,0,0,0,8,NONE,
W-000685,7,4,3,0,0,1,STRONG_WARNING,MPLADS-11.2-COMPLETION-UC
W-000686,7,4,3,0,0,1,STRONG_WARNING,MPLADS-11.2-COMPLETION-UC
W-000687,7,4,3,0,0,1,STRONG_WARNING,MPLADS-11.2-COMPLETION-UC
W-000688,7,4,3,0,0,1,STRONG_WARNING,MPLADS-11.2-COMPLETION-UC
W-000689,0,0,0,0,0,8,NONE,
W-000690,7,4,3,0,0,1,STRONG_WARNING,MPLADS-11.2-COMPLETION-UC
W-000691,7,4,3,0,0,1,STRONG_WARNING,MPLADS-11.2-COMPLETION-UC
W-000692,0,0,0,0,0,8,NONE,
W-000693,3,3,0,0,0,5,NONE,
W-000694,7,4,3,0,0,1,STRONG_WARNING,MPLADS-11.2-COMPLETION-UC
W-000695,7,4,3,0,0,1,STRONG_WARNING,MPLADS-11.2-COMPLETION-UC
W-000696,7,4,3,0,0,1,STRONG_WARNING,MPLADS-11.2-COMPLETION-UC
W-000697,7,4,3,0,0,1,STRONG_WARNING,MPLADS-11.2-COMPLETION-UC
W-000698,7,4,3,0,0,1,STRONG_WARNING,MPLADS-11.2-COMPLETION-UC
W-000699,7,4,3,0,0,1,STRONG_WARNING,MPLADS-11.2-COMPLETION-UC
W-000700,7,4,3,0,0,1,STRONG_WARNING,MPLADS-11.2-COMPLETION-UC
W-000701,7,3,4,0,0,1,STRONG_WARNING,MPLADS-11.2-COMPLETION-UC
W-000702,7,3,4,0,0,1,STRONG_WARNING,MPLADS-11.2-COMPLETION-UC
W-000703,7,4,3,0,0,1,STRONG_WARNING,MPLADS-11.2-COMPLETION-UC
W-000704,3,3,0,0,0,5,NONE,
W-000705,7,4,3,0,0,1,STRONG_WARNING,MPLADS-11.2-COMPLETION-UC
W-000706,8,5,3,0,0,0,STRONG_WARNING,MPLADS-11.2-COMPLETION-UC
W-000707,7,4,3,0,0,1,STRONG_WARNING,MPLADS-11.2-COMPLETION-UC
W-000708,3,3,0,0,0,5,NONE,
W-000709,0,0,0,0,0,8,NONE,
W-000710,7,4,3,0,0,1,STRONG_WARNING,MPLADS-11.2-COMPLETION-UC
W-000711,3,3,0,0,0,5,NONE,
W-000712,8,6,2,0,0,0,STRONG_WARNING,MPLADS-11.2-COMPLETION-UC
W-000713,3,3,0,0,0,5,NONE,
W-000714,7,3,4,0,0,1,STRONG_WARNING,MPLADS-11.2-COMPLETION-UC
W-000715,7,4,3,0,0,1,STRONG_WARNING,MPLADS-11.2-COMPLETION-UC
W-000716,7,4,3,0,0,1,STRONG_WARNING,MPLADS-11.2-COMPLETION-UC
W-000717,7,4,3,0,0,1,STRONG_WARNING,MPLADS-11.2-COMPLETION-UC
W-000718,7,4,3,0,0,1,STRONG_WARNING,MPLADS-11.2-COMPLETION-UC
W-000719,7,4,3,0,0,1,STRONG_WARNING,MPLADS-11.2-COMPLETION-UC
W-000720,3,3,0,0,0,5,NONE,
W-000721,7,4,3,0,0,1,STRONG_WARNING,MPLADS-11.2-COMPLETION-UC
W-000722,7,4,3,0,0,1,STRONG_WARNING,MPLADS-11.2-COMPLETION-UC
W-000723,3,3,0,0,0,5,NONE,
W-000724,7,4,3,0,0,1,STRONG_WARNING,MPLADS-11.2-COMPLETION-UC
W-000725,3,3,0,0,0,5,NONE,
W-000726,7,2,5,0,0,1,STRONG_WARNING,MPLADS-11.2-COMPLETION-UC
W-000727,7,4,3,0,0,1,STRONG_WARNING,MPLADS-11.2-COMPLETION-UC
W-000728,3,2,1,0,0,5,WARNING,MPLADS-3.2.12-COMPLETION-LIMIT
W-000729,7,4,3,0,0,1,STRONG_WARNING,MPLADS-11.2-COMPLETION-UC
W-000730,7,3,4,0,0,1,STRONG_WARNING,MPLADS-11.2-COMPLETION-UC
W-000731,0,0,0,0,0,8,NONE,
W-000732,0,0,0,0,0,8,NONE,
W-000733,7,4,3,0,0,1,STRONG_WARNING,MPLADS-11.2-COMPLETION-UC
W-000734,0,0,0,0,0,8,NONE,
W-000735,7,4,3,0,0,1,STRONG_WARNING,MPLADS-11.2-COMPLETION-UC
W-000736,7,4,3,0,0,1,STRONG_WARNING,MPLADS-11.2-COMPLETION-UC
W-000737,7,3,4,0,0,1,STRONG_WARNING,MPLADS-11.2-COMPLETION-UC
W-000738,3,3,0,0,0,5,NONE,
W-000739,7,3,4,0,0,1,STRONG_WARNING,MPLADS-11.2-COMPLETION-UC
W-000740,3,3,0,0,0,5,NONE,
W-000741,7,4,3,0,0,1,STRONG_WARNING,MPLADS-11.2-COMPLETION-UC
W-000742,3,3,0,0,0,5,NONE,
W-000743,7,4,3,0,0,1,STRONG_WARNING,MPLADS-11.2-COMPLETION-UC
W-000744,7,4,3,0,0,1,STRONG_WARNING,MPLADS-11.2-COMPLETION-UC
W-000745,7,4,3,0,0,1,STRONG_WARNING,MPLADS-11.2-COMPLETION-UC
W-000746,7,2,5,0,0,1,STRONG_WARNING,MPLADS-11.2-COMPLETION-UC
W-000747,3,3,0,0,0,5,NONE,
W-000748,7,4,3,0,0,1,STRONG_WARNING,MPLADS-11.2-COMPLETION-UC
W-000749,7,3,4,0,0,1,STRONG_WARNING,MPLADS-11.2-COMPLETION-UC
W-000750,7,3,4,0,0,1,STRONG_WARNING,MPLADS-11.2-COMPLETION-UC
W-000751,7,3,4,0,0,1,STRONG_WARNING,MPLADS-11.2-COMPLETION-UC
W-000752,7,4,3,0,0,1,STRONG_WARNING,MPLADS-11.2-COMPLETION-UC
W-000753,7,4,3,0,0,1,STRONG_WARNING,MPLADS-11.2-COMPLETION-UC
W-000754,7,4,3,0,0,1,STRONG_WARNING,MPLADS-11.2-COMPLETION-UC
W-000755,3,3,0,0,0,5,NONE,
W-000756,7,4,3,0,0,1,STRONG_WARNING,MPLADS-11.2-COMPLETION-UC
W-000757,7,3,4,0,0,1,STRONG_WARNING,MPLADS-11.2-COMPLETION-UC
W-000758,3,3,0,0,0,5,NONE,
W-000759,7,4,3,0,0,1,STRONG_WARNING,MPLADS-11.2-COMPLETION-UC
W-000760,0,0,0,0,0,8,NONE,
W-000761,7,3,4,0,0,1,STRONG_WARNING,MPLADS-11.2-COMPLETION-UC
W-000762,3,3,0,0,0,5,NONE,
W-000763,3,3,0,0,0,5,NONE,
W-000764,7,3,4,0,0,1,STRONG_WARNING,MPLADS-11.2-COMPLETION-UC
W-000765,7,2,5,0,0,1,STRONG_WARNING,MPLADS-11.2-COMPLETION-UC
W-000766,3,2,1,0,0,5,WARNING,MPLADS-3.2.12-COMPLETION-LIMIT
W-000767,7,4,3,0,0,1,STRONG_WARNING,MPLADS-11.2-COMPLETION-UC
W-000768,0,0,0,0,0,8,NONE,
W-000769,7,3,4,0,0,1,STRONG_WARNING,MPLADS-11.2-COMPLETION-UC
W-000770,3,2,1,0,0,5,WARNING,MPLADS-3.2.12-COMPLETION-LIMIT
W-000771,0,0,0,0,0,8,NONE,
W-000772,7,4,3,0,0,1,STRONG_WARNING,MPLADS-11.2-COMPLETION-UC
W-000773,7,4,3,0,0,1,STRONG_WARNING,MPLADS-11.2-COMPLETION-UC
W-000774,7,4,3,0,0,1,STRONG_WARNING,MPLADS-11.2-COMPLETION-UC
W-000775,3,3,0,0,0,5,NONE,
W-000776,3,3,0,0,0,5,NONE,
W-000777,7,4,3,0,0,1,STRONG_WARNING,MPLADS-11.2-COMPLETION-UC
W-000778,7,5,2,0,0,1,STRONG_WARNING,MPLADS-11.2-COMPLETION-UC
W-000779,7,4,3,0,0,1,STRONG_WARNING,MPLADS-11.2-COMPLETION-UC
W-000780,7,3,4,0,0,1,STRONG_WARNING,MPLADS-11.2-COMPLETION-UC
W-000781,7,4,3,0,0,1,STRONG_WARNING,MPLADS-11.2-COMPLETION-UC
W-000782,7,4,3,0,0,1,STRONG_WARNING,MPLADS-11.2-COMPLETION-UC
W-000783,0,0,0,0,0,8,NONE,
W-000784,0,0,0,0,0,8,NONE,
W-000785,7,4,3,0,0,1,STRONG_WARNING,MPLADS-11.2-COMPLETION-UC
W-000786,7,4,3,0,0,1,STRONG_WARNING,MPLADS-11.2-COMPLETION-UC
W-000787,7,3,4,0,0,1,STRONG_WARNING,MPLADS-11.2-COMPLETION-UC
W-000788,7,4,3,0,0,1,STRONG_WARNING,MPLADS-11.2-COMPLETION-UC
W-000789,3,2,1,0,0,5,WARNING,MPLADS-3.2.4-SANCTION-45D
W-000790,8,6,2,0,0,0,STRONG_WARNING,MPLADS-11.2-COMPLETION-UC
W-000791,7,3,4,0,0,1,STRONG_WARNING,MPLADS-11.2-COMPLETION-UC
W-000792,7,3,4,0,0,1,STRONG_WARNING,MPLADS-11.2-COMPLETION-UC
W-000793,3,3,0,0,0,5,NONE,
W-000794,8,6,2,0,0,0,STRONG_WARNING,MPLADS-11.2-COMPLETION-UC
W-000795,7,3,4,0,0,1,STRONG_WARNING,MPLADS-11.2-COMPLETION-UC
W-000796,7,4,3,0,0,1,STRONG_WARNING,MPLADS-11.2-COMPLETION-UC
W-000797,3,3,0,0,0,5,NONE,
W-000798,3,3,0,0,0,5,NONE,
W-000799,7,4,3,0,0,1,STRONG_WARNING,MPLADS-11.2-COMPLETION-UC
W-000800,3,3,0,0,0,5,NONE,
W-000801,7,4,3,0,0,1,STRONG_WARNING,MPLADS-11.2-COMPLETION-UC
W-000802,7,3,4,0,0,1,STRONG_WARNING,MPLADS-11.2-COMPLETION-UC
W-000803,3,3,0,0,0,5,NONE,
W-000804,7,4,3,0,0,1,STRONG_WARNING,MPLADS-11.2-COMPLETION-UC
W-000805,7,4,3,0,0,1,STRONG_WARNING,MPLADS-11.2-COMPLETION-UC
W-000806,0,0,0,0,0,8,NONE,
W-000807,7,4,3,0,0,1,STRONG_WARNING,MPLADS-11.2-COMPLETION-UC
W-000808,3,2,1,0,0,5,WARNING,MPLADS-3.2.12-COMPLETION-LIMIT
W-000809,3,3,0,0,0,5,NONE,
W-000810,7,3,4,0,0,1,STRONG_WARNING,MPLADS-11.2-COMPLETION-UC
W-000811,3,3,0,0,0,5,NONE,
W-000812,7,4,3,0,0,1,STRONG_WARNING,MPLADS-11.2-COMPLETION-UC
W-000813,3,3,0,0,0,5,NONE,
W-000814,7,4,3,0,0,1,STRONG_WARNING,MPLADS-11.2-COMPLETION-UC
W-000815,7,4,3,0,0,1,STRONG_WARNING,MPLADS-11.2-COMPLETION-UC
W-000816,7,4,3,0,0,1,STRONG_WARNING,MPLADS-11.2-COMPLETION-UC
W-000817,0,0,0,0,0,8,NONE,
W-000818,7,4,3,0,0,1,STRONG_WARNING,MPLADS-11.2-COMPLETION-UC
W-000819,7,3,4,0,0,1,STRONG_WARNING,MPLADS-11.2-COMPLETION-UC
W-000820,3,3,0,0,0,5,NONE,
W-000821,7,4,3,0,0,1,STRONG_WARNING,MPLADS-11.2-COMPLETION-UC
W-000822,0,0,0,0,0,8,NONE,
W-000823,7,4,3,0,0,1,STRONG_WARNING,MPLADS-11.2-COMPLETION-UC
W-000824,7,4,3,0,0,1,STRONG_WARNING,MPLADS-11.2-COMPLETION-UC
W-000825,7,3,4,0,0,1,STRONG_WARNING,MPLADS-11.2-COMPLETION-UC
W-000826,3,2,1,0,0,5,WARNING,MPLADS-3.2.12-COMPLETION-LIMIT
W-000827,3,3,0,0,0,5,NONE,
W-000828,7,3,4,0,0,1,STRONG_WARNING,MPLADS-11.2-COMPLETION-UC
W-000829,8,5,3,0,0,0,STRONG_WARNING,MPLADS-11.2-COMPLETION-UC
W-000830,0,0,0,0,0,8,NONE,
W-000831,7,4,3,0,0,1,STRONG_WARNING,MPLADS-11.2-COMPLETION-UC
W-000832,7,4,3,0,0,1,STRONG_WARNING,MPLADS-11.2-COMPLETION-UC
W-000833,3,3,0,0,0,5,NONE,
W-000834,8,6,2,0,0,0,STRONG_WARNING,MPLADS-11.2-COMPLETION-UC
W-000835,0,0,0,0,0,8,NONE,
W-000836,7,4,3,0,0,1,STRONG_WARNING,MPLADS-11.2-COMPLETION-UC
W-000837,3,3,0,0,0,5,NONE,
W-000838,7,4,3,0,0,1,STRONG_WARNING,MPLADS-11.2-COMPLETION-UC
W-000839,7,3,4,0,0,1,STRONG_WARNING,MPLADS-11.2-COMPLETION-UC
W-000840,7,4,3,0,0,1,STRONG_WARNING,MPLADS-11.2-COMPLETION-UC
W-000841,7,2,5,0,0,1,STRONG_WARNING,MPLADS-11.2-COMPLETION-UC
W-000842,7,4,3,0,0,1,STRONG_WARNING,MPLADS-11.2-COMPLETION-UC
W-000843,7,4,3,0,0,1,STRONG_WARNING,MPLADS-11.2-COMPLETION-UC
W-000844,3,3,0,0,0,5,NONE,
W-000845,7,4,3,0,0,1,STRONG_WARNING,MPLADS-11.2-COMPLETION-UC
W-000846,7,4,3,0,0,1,STRONG_WARNING,MPLADS-11.2-COMPLETION-UC
W-000847,7,4,3,0,0,1,STRONG_WARNING,MPLADS-11.2-COMPLETION-UC
W-000848,7,4,3,0,0,1,STRONG_WARNING,MPLADS-11.2-COMPLETION-UC
W-000849,8,6,2,0,0,0,STRONG_WARNING,MPLADS-11.2-COMPLETION-UC
W-000850,7,4,3,0,0,1,STRONG_WARNING,MPLADS-11.2-COMPLETION-UC
W-000851,7,4,3,0,0,1,STRONG_WARNING,MPLADS-11.2-COMPLETION-UC
W-000852,3,2,1,0,0,5,WARNING,MPLADS-3.2.12-COMPLETION-LIMIT
W-000853,3,2,1,0,0,5,WARNING,MPLADS-3.2.12-COMPLETION-LIMIT
W-000854,7,3,4,0,0,1,STRONG_WARNING,MPLADS-11.2-COMPLETION-UC
W-000855,0,0,0,0,0,8,NONE,
W-000856,7,4,3,0,0,1,STRONG_WARNING,MPLADS-11.2-COMPLETION-UC
W-000857,7,4,3,0,0,1,STRONG_WARNING,MPLADS-11.2-COMPLETION-UC
W-000858,3,3,0,0,0,5,NONE,
W-000859,7,4,3,0,0,1,STRONG_WARNING,MPLADS-11.2-COMPLETION-UC
W-000860,7,3,4,0,0,1,STRONG_WARNING,MPLADS-11.2-COMPLETION-UC
W-000861,7,4,3,0,0,1,STRONG_WARNING,MPLADS-11.2-COMPLETION-UC
W-000862,7,4,3,0,0,1,STRONG_WARNING,MPLADS-11.2-COMPLETION-UC
W-000863,7,4,3,0,0,1,STRONG_WARNING,MPLADS-11.2-COMPLETION-UC
W-000864,7,4,3,0,0,1,STRONG_WARNING,MPLADS-11.2-COMPLETION-UC
W-000865,3,2,1,0,0,5,WARNING,MPLADS-3.2.4-SANCTION-45D
W-000866,7,3,4,0,0,1,STRONG_WARNING,MPLADS-11.2-COMPLETION-UC
W-000867,0,0,0,0,0,8,NONE,
W-000868,7,4,3,0,0,1,STRONG_WARNING,MPLADS-11.2-COMPLETION-UC
W-000869,7,4,3,0,0,1,STRONG_WARNING,MPLADS-11.2-COMPLETION-UC
W-000870,7,4,3,0,0,1,STRONG_WARNING,MPLADS-11.2-COMPLETION-UC
W-000871,7,4,3,0,0,1,STRONG_WARNING,MPLADS-11.2-COMPLETION-UC
W-000872,7,4,3,0,0,1,STRONG_WARNING,MPLADS-11.2-COMPLETION-UC
W-000873,3,3,0,0,0,5,NONE,
W-000874,7,3,4,0,0,1,STRONG_WARNING,MPLADS-11.2-COMPLETION-UC
W-000875,7,3,4,0,0,1,STRONG_WARNING,MPLADS-11.2-COMPLETION-UC
W-000876,7,4,3,0,0,1,STRONG_WARNING,MPLADS-11.2-COMPLETION-UC
W-000877,7,3,4,0,0,1,STRONG_WARNING,MPLADS-11.2-COMPLETION-UC
W-000878,8,5,3,0,0,0,STRONG_WARNING,MPLADS-11.2-COMPLETION-UC
W-000879,3,3,0,0,0,5,NONE,
W-000880,7,4,3,0,0,1,STRONG_WARNING,MPLADS-11.2-COMPLETION-UC
W-000881,7,4,3,0,0,1,STRONG_WARNING,MPLADS-11.2-COMPLETION-UC
W-000882,7,3,4,0,0,1,STRONG_WARNING,MPLADS-11.2-COMPLETION-UC
W-000883,7,3,4,0,0,1,STRONG_WARNING,MPLADS-11.2-COMPLETION-UC
W-000884,0,0,0,0,0,8,NONE,
W-000885,7,4,3,0,0,1,STRONG_WARNING,MPLADS-11.2-COMPLETION-UC
W-000886,7,4,3,0,0,1,STRONG_WARNING,MPLADS-11.2-COMPLETION-UC
W-000887,3,3,0,0,0,5,NONE,
W-000888,7,4,3,0,0,1,STRONG_WARNING,MPLADS-11.2-COMPLETION-UC
W-000889,7,3,4,0,0,1,STRONG_WARNING,MPLADS-11.2-COMPLETION-UC
W-000890,7,4,3,0,0,1,STRONG_WARNING,MPLADS-11.2-COMPLETION-UC
W-000891,3,3,0,0,0,5,NONE,
W-000892,7,4,3,0,0,1,STRONG_WARNING,MPLADS-11.2-COMPLETION-UC
W-000893,7,3,4,0,0,1,STRONG_WARNING,MPLADS-11.2-COMPLETION-UC
W-000894,3,3,0,0,0,5,NONE,
W-000895,0,0,0,0,0,8,NONE,
W-000896,7,4,3,0,0,1,STRONG_WARNING,MPLADS-11.2-COMPLETION-UC
W-000897,7,4,3,0,0,1,STRONG_WARNING,MPLADS-11.2-COMPLETION-UC
W-000898,3,3,0,0,0,5,NONE,
W-000899,7,4,3,0,0,1,STRONG_WARNING,MPLADS-11.2-COMPLETION-UC
W-000900,7,3,4,0,0,1,STRONG_WARNING,MPLADS-11.2-COMPLETION-UC
W-000901,3,3,0,0,0,5,NONE,
W-000902,3,3,0,0,0,5,NONE,
W-000903,3,3,0,0,0,5,NONE,
W-000904,8,6,2,0,0,0,STRONG_WARNING,MPLADS-11.2-COMPLETION-UC
W-000905,7,4,3,0,0,1,STRONG_WARNING,MPLADS-11.2-COMPLETION-UC
W-000906,3,3,0,0,0,5,NONE,
W-000907,7,4,3,0,0,1,STRONG_WARNING,MPLADS-11.2-COMPLETION-UC
W-000908,0,0,0,0,0,8,NONE,
W-000909,7,4,3,0,0,1,STRONG_WARNING,MPLADS-11.2-COMPLETION-UC
W-000910,3,2,1,0,0,5,WARNING,MPLADS-3.2.12-COMPLETION-LIMIT
W-000911,3,3,0,0,0,5,NONE,
W-000912,7,4,3,0,0,1,STRONG_WARNING,MPLADS-11.2-COMPLETION-UC
W-000913,3,3,0,0,0,5,NONE,
W-000914,7,4,3,0,0,1,STRONG_WARNING,MPLADS-11.2-COMPLETION-UC
W-000915,3,3,0,0,0,5,NONE,
W-000916,3,2,1,0,0,5,WARNING,MPLADS-3.2.12-COMPLETION-LIMIT
W-000917,7,4,3,0,0,1,STRONG_WARNING,MPLADS-11.2-COMPLETION-UC
W-000918,7,4,3,0,0,1,STRONG_WARNING,MPLADS-11.2-COMPLETION-UC
W-000919,8,6,2,0,0,0,STRONG_WARNING,MPLADS-11.2-COMPLETION-UC
W-000920,3,3,0,0,0,5,NONE,
W-000921,7,4,3,0,0,1,STRONG_WARNING,MPLADS-11.2-COMPLETION-UC
W-000922,3,3,0,0,0,5,NONE,
W-000923,3,3,0,0,0,5,NONE,
W-000924,0,0,0,0,0,8,NONE,
W-000925,3,2,1,0,0,5,WARNING,MPLADS-3.2.12-COMPLETION-LIMIT
W-000926,7,4,3,0,0,1,STRONG_WARNING,MPLADS-11.2-COMPLETION-UC
W-000927,7,4,3,0,0,1,STRONG_WARNING,MPLADS-11.2-COMPLETION-UC
W-000928,3,3,0,0,0,5,NONE,
W-000929,7,4,3,0,0,1,STRONG_WARNING,MPLADS-11.2-COMPLETION-UC
W-000930,7,4,3,0,0,1,STRONG_WARNING,MPLADS-11.2-COMPLETION-UC
W-000931,3,2,1,0,0,5,WARNING,MPLADS-3.2.12-COMPLETION-LIMIT
W-000932,3,3,0,0,0,5,NONE,
W-000933,8,5,2,1,0,0,WARNING,MPLADS-4.5.8-ASSET-REGISTER
W-000934,8,6,2,0,0,0,STRONG_WARNING,MPLADS-11.2-COMPLETION-UC
W-000935,7,4,3,0,0,1,STRONG_WARNING,MPLADS-11.2-COMPLETION-UC
W-000936,7,4,3,0,0,1,STRONG_WARNING,MPLADS-11.2-COMPLETION-UC
W-000937,7,4,3,0,0,1,STRONG_WARNING,MPLADS-11.2-COMPLETION-UC
W-000938,3,2,1,0,0,5,WARNING,MPLADS-3.2.12-COMPLETION-LIMIT
W-000939,7,4,3,0,0,1,STRONG_WARNING,MPLADS-11.2-COMPLETION-UC
W-000940,7,4,3,0,0,1,STRONG_WARNING,MPLADS-11.2-COMPLETION-UC
W-000941,7,4,3,0,0,1,STRONG_WARNING,MPLADS-11.2-COMPLETION-UC
W-000942,3,2,1,0,0,5,WARNING,MPLADS-3.2.4-SANCTION-45D
W-000943,0,0,0,0,0,8,NONE,
W-000944,7,3,4,0,0,1,STRONG_WARNING,MPLADS-11.2-COMPLETION-UC
W-000945,7,4,3,0,0,1,STRONG_WARNING,MPLADS-11.2-COMPLETION-UC
W-000946,7,4,3,0,0,1,STRONG_WARNING,MPLADS-11.2-COMPLETION-UC
W-000947,7,4,3,0,0,1,STRONG_WARNING,MPLADS-11.2-COMPLETION-UC
W-000948,7,4,3,0,0,1,STRONG_WARNING,MPLADS-11.2-COMPLETION-UC
W-000949,0,0,0,0,0,8,NONE,
W-000950,7,4,3,0,0,1,STRONG_WARNING,MPLADS-11.2-COMPLETION-UC
W-000951,3,2,1,0,0,5,WARNING,MPLADS-3.2.4-SANCTION-45D
W-000952,8,6,2,0,0,0,STRONG_WARNING,MPLADS-11.2-COMPLETION-UC
W-000953,7,4,3,0,0,1,STRONG_WARNING,MPLADS-11.2-COMPLETION-UC
W-000954,7,4,3,0,0,1,STRONG_WARNING,MPLADS-11.2-COMPLETION-UC
W-000955,3,3,0,0,0,5,NONE,
W-000956,0,0,0,0,0,8,NONE,
W-000957,0,0,0,0,0,8,NONE,
W-000958,7,3,4,0,0,1,STRONG_WARNING,MPLADS-11.2-COMPLETION-UC
W-000959,7,4,3,0,0,1,STRONG_WARNING,MPLADS-11.2-COMPLETION-UC
W-000960,7,4,3,0,0,1,STRONG_WARNING,MPLADS-11.2-COMPLETION-UC
W-000961,7,4,3,0,0,1,STRONG_WARNING,MPLADS-11.2-COMPLETION-UC
W-000962,3,2,1,0,0,5,WARNING,MPLADS-3.2.12-COMPLETION-LIMIT
W-000963,0,0,0,0,0,8,NONE,
W-000964,7,4,3,0,0,1,STRONG_WARNING,MPLADS-11.2-COMPLETION-UC
W-000965,7,3,4,0,0,1,STRONG_WARNING,MPLADS-11.2-COMPLETION-UC
W-000966,7,2,5,0,0,1,STRONG_WARNING,MPLADS-11.2-COMPLETION-UC
W-000967,7,4,3,0,0,1,STRONG_WARNING,MPLADS-11.2-COMPLETION-UC
W-000968,8,6,2,0,0,0,STRONG_WARNING,MPLADS-11.2-COMPLETION-UC
W-000969,7,4,3,0,0,1,STRONG_WARNING,MPLADS-11.2-COMPLETION-UC
W-000970,7,5,2,0,0,1,STRONG_WARNING,MPLADS-11.2-COMPLETION-UC
W-000971,0,0,0,0,0,8,NONE,
W-000972,8,6,2,0,0,0,STRONG_WARNING,MPLADS-11.2-COMPLETION-UC
W-000973,3,3,0,0,0,5,NONE,
W-000974,7,4,3,0,0,1,STRONG_WARNING,MPLADS-11.2-COMPLETION-UC
W-000975,7,4,3,0,0,1,STRONG_WARNING,MPLADS-11.2-COMPLETION-UC
W-000976,7,4,3,0,0,1,STRONG_WARNING,MPLADS-11.2-COMPLETION-UC
W-000977,8,6,2,0,0,0,STRONG_WARNING,MPLADS-11.2-COMPLETION-UC
W-000978,7,4,3,0,0,1,STRONG_WARNING,MPLADS-11.2-COMPLETION-UC
W-000979,3,3,0,0,0,5,NONE,
W-000980,7,4,3,0,0,1,STRONG_WARNING,MPLADS-11.2-COMPLETION-UC
W-000981,7,4,3,0,0,1,STRONG_WARNING,MPLADS-11.2-COMPLETION-UC
W-000982,3,3,0,0,0,5,NONE,
W-000983,7,4,3,0,0,1,STRONG_WARNING,MPLADS-11.2-COMPLETION-UC
W-000984,3,2,1,0,0,5,WARNING,MPLADS-3.2.12-COMPLETION-LIMIT
W-000985,3,3,0,0,0,5,NONE,
W-000986,7,4,3,0,0,1,STRONG_WARNING,MPLADS-11.2-COMPLETION-UC
W-000987,3,2,1,0,0,5,WARNING,MPLADS-3.2.4-SANCTION-45D
W-000988,7,4,3,0,0,1,STRONG_WARNING,MPLADS-11.2-COMPLETION-UC
W-000989,7,4,3,0,0,1,STRONG_WARNING,MPLADS-11.2-COMPLETION-UC
W-000990,8,5,3,0,0,0,STRONG_WARNING,MPLADS-11.2-COMPLETION-UC
W-000991,7,3,4,0,0,1,STRONG_WARNING,MPLADS-11.2-COMPLETION-UC
W-000992,7,4,3,0,0,1,STRONG_WARNING,MPLADS-11.2-COMPLETION-UC
W-000993,7,4,3,0,0,1,STRONG_WARNING,MPLADS-11.2-COMPLETION-UC
W-000994,7,4,3,0,0,1,STRONG_WARNING,MPLADS-11.2-COMPLETION-UC
W-000995,7,4,3,0,0,1,STRONG_WARNING,MPLADS-11.2-COMPLETION-UC
W-000996,7,4,3,0,0,1,STRONG_WARNING,MPLADS-11.2-COMPLETION-UC
W-000997,7,2,5,0,0,1,STRONG_WARNING,MPLADS-11.2-COMPLETION-UC
W-000998,7,3,4,0,0,1,STRONG_WARNING,MPLADS-11.2-COMPLETION-UC
W-000999,0,0,0,0,0,8,NONE,
W-001000,7,4,3,0,0,1,STRONG_WARNING,MPLADS-11.2-COMPLETION-UC
W-001001,7,4,3,0,0,1,STRONG_WARNING,MPLADS-11.2-COMPLETION-UC
W-001002,7,4,3,0,0,1,STRONG_WARNING,MPLADS-11.2-COMPLETION-UC
W-001003,7,3,4,0,0,1,STRONG_WARNING,MPLADS-11.2-COMPLETION-UC
W-001004,7,4,3,0,0,1,STRONG_WARNING,MPLADS-11.2-COMPLETION-UC
W-001005,3,3,0,0,0,5,NONE,
W-001006,7,4,3,0,0,1,STRONG_WARNING,MPLADS-11.2-COMPLETION-UC
W-001007,7,3,4,0,0,1,STRONG_WARNING,MPLADS-11.2-COMPLETION-UC
W-001008,3,3,0,0,0,5,NONE,
W-001009,7,4,3,0,0,1,STRONG_WARNING,MPLADS-11.2-COMPLETION-UC
W-001010,7,4,3,0,0,1,STRONG_WARNING,MPLADS-11.2-COMPLETION-UC
W-001011,7,4,3,0,0,1,STRONG_WARNING,MPLADS-11.2-COMPLETION-UC
W-001012,7,4,3,0,0,1,STRONG_WARNING,MPLADS-11.2-COMPLETION-UC
W-001013,3,3,0,0,0,5,NONE,
W-001014,7,4,3,0,0,1,STRONG_WARNING,MPLADS-11.2-COMPLETION-UC
W-001015,7,4,3,0,0,1,STRONG_WARNING,MPLADS-11.2-COMPLETION-UC
W-001016,7,3,4,0,0,1,STRONG_WARNING,MPLADS-11.2-COMPLETION-UC
W-001017,7,4,3,0,0,1,STRONG_WARNING,MPLADS-11.2-COMPLETION-UC
W-001018,7,3,4,0,0,1,STRONG_WARNING,MPLADS-11.2-COMPLETION-UC
W-001019,3,2,1,0,0,5,WARNING,MPLADS-3.2.12-COMPLETION-LIMIT
W-001020,0,0,0,0,0,8,NONE,
W-001021,3,3,0,0,0,5,NONE,
W-001022,7,3,4,0,0,1,STRONG_WARNING,MPLADS-11.2-COMPLETION-UC
W-001023,3,2,1,0,0,5,WARNING,MPLADS-3.2.12-COMPLETION-LIMIT
W-001024,3,3,0,0,0,5,NONE,
W-001025,7,4,3,0,0,1,STRONG_WARNING,MPLADS-11.2-COMPLETION-UC
W-001026,7,4,3,0,0,1,STRONG_WARNING,MPLADS-11.2-COMPLETION-UC
W-001027,7,4,3,0,0,1,STRONG_WARNING,MPLADS-11.2-COMPLETION-UC
W-001028,7,3,4,0,0,1,STRONG_WARNING,MPLADS-11.2-COMPLETION-UC
W-001029,3,3,0,0,0,5,NONE,
W-001030,7,4,3,0,0,1,STRONG_WARNING,MPLADS-11.2-COMPLETION-UC
W-001031,3,3,0,0,0,5,NONE,
W-001032,3,2,1,0,0,5,WARNING,MPLADS-3.2.4-SANCTION-45D
W-001033,8,6,2,0,0,0,STRONG_WARNING,MPLADS-11.2-COMPLETION-UC
W-001034,7,4,3,0,0,1,STRONG_WARNING,MPLADS-11.2-COMPLETION-UC
W-001035,7,4,3,0,0,1,STRONG_WARNING,MPLADS-11.2-COMPLETION-UC
W-001036,7,4,3,0,0,1,STRONG_WARNING,MPLADS-11.2-COMPLETION-UC
W-001037,3,2,1,0,0,5,WARNING,MPLADS-3.2.4-SANCTION-45D
W-001038,7,4,3,0,0,1,STRONG_WARNING,MPLADS-11.2-COMPLETION-UC
W-001039,7,4,3,0,0,1,STRONG_WARNING,MPLADS-11.2-COMPLETION-UC
W-001040,3,3,0,0,0,5,NONE,
W-001041,7,4,3,0,0,1,STRONG_WARNING,MPLADS-11.2-COMPLETION-UC
W-001042,7,4,3,0,0,1,STRONG_WARNING,MPLADS-11.2-COMPLETION-UC
W-001043,8,6,2,0,0,0,STRONG_WARNING,MPLADS-11.2-COMPLETION-UC
W-001044,8,6,2,0,0,0,STRONG_WARNING,MPLADS-11.2-COMPLETION-UC
W-001045,3,3,0,0,0,5,NONE,
W-001046,3,2,1,0,0,5,WARNING,MPLADS-3.2.4-SANCTION-45D
W-001047,7,4,3,0,0,1,STRONG_WARNING,MPLADS-11.2-COMPLETION-UC
W-001048,7,3,4,0,0,1,STRONG_WARNING,MPLADS-11.2-COMPLETION-UC
W-001049,7,4,3,0,0,1,STRONG_WARNING,MPLADS-11.2-COMPLETION-UC
W-001050,7,4,3,0,0,1,STRONG_WARNING,MPLADS-11.2-COMPLETION-UC
W-001051,7,4,3,0,0,1,STRONG_WARNING,MPLADS-11.2-COMPLETION-UC
W-001052,3,3,0,0,0,5,NONE,
W-001053,3,3,0,0,0,5,NONE,
W-001054,7,4,3,0,0,1,STRONG_WARNING,MPLADS-11.2-COMPLETION-UC
W-001055,7,4,3,0,0,1,STRONG_WARNING,MPLADS-11.2-COMPLETION-UC
W-001056,0,0,0,0,0,8,NONE,
W-001057,7,4,3,0,0,1,STRONG_WARNING,MPLADS-11.2-COMPLETION-UC
W-001058,3,2,1,0,0,5,WARNING,MPLADS-3.2.4-SANCTION-45D
W-001059,3,3,0,0,0,5,NONE,
W-001060,7,3,4,0,0,1,STRONG_WARNING,MPLADS-11.2-COMPLETION-UC
W-001061,3,3,0,0,0,5,NONE,
W-001062,0,0,0,0,0,8,NONE,
W-001063,7,4,3,0,0,1,STRONG_WARNING,MPLADS-11.2-COMPLETION-UC
W-001064,7,3,4,0,0,1,STRONG_WARNING,MPLADS-11.2-COMPLETION-UC
W-001065,3,3,0,0,0,5,NONE,
W-001066,0,0,0,0,0,8,NONE,
W-001067,3,3,0,0,0,5,NONE,
W-001068,7,4,3,0,0,1,STRONG_WARNING,MPLADS-11.2-COMPLETION-UC
W-001069,8,5,3,0,0,0,STRONG_WARNING,MPLADS-11.2-COMPLETION-UC
W-001070,7,3,4,0,0,1,STRONG_WARNING,MPLADS-11.2-COMPLETION-UC
W-001071,3,2,1,0,0,5,WARNING,MPLADS-3.2.4-SANCTION-45D
W-001072,7,3,4,0,0,1,STRONG_WARNING,MPLADS-11.2-COMPLETION-UC
W-001073,7,4,3,0,0,1,STRONG_WARNING,MPLADS-11.2-COMPLETION-UC
W-001074,7,4,3,0,0,1,STRONG_WARNING,MPLADS-11.2-COMPLETION-UC
W-001075,0,0,0,0,0,8,NONE,
W-001076,7,3,4,0,0,1,STRONG_WARNING,MPLADS-11.2-COMPLETION-UC
W-001077,7,3,4,0,0,1,STRONG_WARNING,MPLADS-11.2-COMPLETION-UC
W-001078,7,4,3,0,0,1,STRONG_WARNING,MPLADS-11.2-COMPLETION-UC
W-001079,7,4,3,0,0,1,STRONG_WARNING,MPLADS-11.2-COMPLETION-UC
W-001080,8,6,2,0,0,0,STRONG_WARNING,MPLADS-11.2-COMPLETION-UC
W-001081,3,3,0,0,0,5,NONE,
W-001082,7,4,3,0,0,1,STRONG_WARNING,MPLADS-11.2-COMPLETION-UC
W-001083,8,6,2,0,0,0,STRONG_WARNING,MPLADS-11.2-COMPLETION-UC
W-001084,3,3,0,0,0,5,NONE,
W-001085,3,3,0,0,0,5,NONE,
W-001086,7,4,3,0,0,1,STRONG_WARNING,MPLADS-11.2-COMPLETION-UC
W-001087,7,4,3,0,0,1,STRONG_WARNING,MPLADS-11.2-COMPLETION-UC
W-001088,0,0,0,0,0,8,NONE,
W-001089,7,4,3,0,0,1,STRONG_WARNING,MPLADS-11.2-COMPLETION-UC
W-001090,7,4,3,0,0,1,STRONG_WARNING,MPLADS-11.2-COMPLETION-UC
W-001091,3,3,0,0,0,5,NONE,
W-001092,7,4,3,0,0,1,STRONG_WARNING,MPLADS-11.2-COMPLETION-UC
W-001093,3,2,1,0,0,5,WARNING,MPLADS-3.2.12-COMPLETION-LIMIT
W-001094,7,4,3,0,0,1,STRONG_WARNING,MPLADS-11.2-COMPLETION-UC
W-001095,7,4,3,0,0,1,STRONG_WARNING,MPLADS-11.2-COMPLETION-UC
W-001096,7,4,3,0,0,1,STRONG_WARNING,MPLADS-11.2-COMPLETION-UC
W-001097,7,4,3,0,0,1,STRONG_WARNING,MPLADS-11.2-COMPLETION-UC
W-001098,7,4,3,0,0,1,STRONG_WARNING,MPLADS-11.2-COMPLETION-UC
W-001099,0,0,0,0,0,8,NONE,
W-001100,7,2,5,0,0,1,STRONG_WARNING,MPLADS-11.2-COMPLETION-UC
W-001101,0,0,0,0,0,8,NONE,
W-001102,7,4,3,0,0,1,STRONG_WARNING,MPLADS-11.2-COMPLETION-UC
W-001103,3,2,1,0,0,5,WARNING,MPLADS-3.2.12-COMPLETION-LIMIT
W-001104,7,3,4,0,0,1,STRONG_WARNING,MPLADS-11.2-COMPLETION-UC
W-001105,7,4,3,0,0,1,STRONG_WARNING,MPLADS-11.2-COMPLETION-UC
W-001106,7,3,4,0,0,1,STRONG_WARNING,MPLADS-11.2-COMPLETION-UC
W-001107,3,3,0,0,0,5,NONE,
W-001108,7,3,4,0,0,1,STRONG_WARNING,MPLADS-11.2-COMPLETION-UC
W-001109,7,4,3,0,0,1,STRONG_WARNING,MPLADS-11.2-COMPLETION-UC
W-001110,7,4,3,0,0,1,STRONG_WARNING,MPLADS-11.2-COMPLETION-UC
W-001111,7,4,3,0,0,1,STRONG_WARNING,MPLADS-11.2-COMPLETION-UC
W-001112,7,4,3,0,0,1,STRONG_WARNING,MPLADS-11.2-COMPLETION-UC
W-001113,3,2,1,0,0,5,WARNING,MPLADS-3.2.4-SANCTION-45D
W-001114,3,3,0,0,0,5,NONE,
W-001115,7,4,3,0,0,1,STRONG_WARNING,MPLADS-11.2-COMPLETION-UC
W-001116,7,4,3,0,0,1,STRONG_WARNING,MPLADS-11.2-COMPLETION-UC
W-001117,0,0,0,0,0,8,NONE,
W-001118,3,2,1,0,0,5,WARNING,MPLADS-3.2.4-SANCTION-45D
W-001119,7,3,4,0,0,1,STRONG_WARNING,MPLADS-11.2-COMPLETION-UC
W-001120,0,0,0,0,0,8,NONE,
W-001121,7,4,3,0,0,1,STRONG_WARNING,MPLADS-11.2-COMPLETION-UC
W-001122,7,4,3,0,0,1,STRONG_WARNING,MPLADS-11.2-COMPLETION-UC
W-001123,7,3,4,0,0,1,STRONG_WARNING,MPLADS-11.2-COMPLETION-UC
W-001124,7,4,3,0,0,1,STRONG_WARNING,MPLADS-11.2-COMPLETION-UC
W-001125,0,0,0,0,0,8,NONE,
W-001126,7,4,3,0,0,1,STRONG_WARNING,MPLADS-11.2-COMPLETION-UC
W-001127,7,4,3,0,0,1,STRONG_WARNING,MPLADS-11.2-COMPLETION-UC
W-001128,3,2,1,0,0,5,WARNING,MPLADS-3.2.4-SANCTION-45D
W-001129,0,0,0,0,0,8,NONE,
W-001130,7,4,3,0,0,1,STRONG_WARNING,MPLADS-11.2-COMPLETION-UC
W-001131,7,4,3,0,0,1,STRONG_WARNING,MPLADS-11.2-COMPLETION-UC
W-001132,7,3,4,0,0,1,STRONG_WARNING,MPLADS-11.2-COMPLETION-UC
W-001133,3,2,1,0,0,5,WARNING,MPLADS-3.2.4-SANCTION-45D
W-001134,7,4,3,0,0,1,STRONG_WARNING,MPLADS-11.2-COMPLETION-UC
W-001135,0,0,0,0,0,8,NONE,
W-001136,7,4,3,0,0,1,STRONG_WARNING,MPLADS-11.2-COMPLETION-UC
W-001137,3,2,1,0,0,5,WARNING,MPLADS-3.2.4-SANCTION-45D
W-001138,7,3,4,0,0,1,STRONG_WARNING,MPLADS-11.2-COMPLETION-UC
W-001139,7,4,3,0,0,1,STRONG_WARNING,MPLADS-11.2-COMPLETION-UC
W-001140,7,4,3,0,0,1,STRONG_WARNING,MPLADS-11.2-COMPLETION-UC
W-001141,7,4,3,0,0,1,STRONG_WARNING,MPLADS-11.2-COMPLETION-UC
W-001142,7,3,4,0,0,1,STRONG_WARNING,MPLADS-11.2-COMPLETION-UC
W-001143,0,0,0,0,0,8,NONE,
W-001144,7,4,3,0,0,1,STRONG_WARNING,MPLADS-11.2-COMPLETION-UC
W-001145,7,4,3,0,0,1,STRONG_WARNING,MPLADS-11.2-COMPLETION-UC
W-001146,7,3,4,0,0,1,STRONG_WARNING,MPLADS-11.2-COMPLETION-UC
W-001147,3,3,0,0,0,5,NONE,
W-001148,7,3,4,0,0,1,STRONG_WARNING,MPLADS-11.2-COMPLETION-UC
W-001149,3,3,0,0,0,5,NONE,
W-001150,8,6,2,0,0,0,STRONG_WARNING,MPLADS-11.2-COMPLETION-UC
W-001151,3,3,0,0,0,5,NONE,
W-001152,8,6,2,0,0,0,STRONG_WARNING,MPLADS-11.2-COMPLETION-UC
W-001153,7,4,3,0,0,1,STRONG_WARNING,MPLADS-11.2-COMPLETION-UC
W-001154,8,6,2,0,0,0,STRONG_WARNING,MPLADS-11.2-COMPLETION-UC
W-001155,7,4,3,0,0,1,STRONG_WARNING,MPLADS-11.2-COMPLETION-UC
W-001156,7,4,3,0,0,1,STRONG_WARNING,MPLADS-11.2-COMPLETION-UC
W-001157,7,3,4,0,0,1,STRONG_WARNING,MPLADS-11.2-COMPLETION-UC
W-001158,3,3,0,0,0,5,NONE,
W-001159,3,3,0,0,0,5,NONE,
W-001160,3,2,1,0,0,5,WARNING,MPLADS-3.2.4-SANCTION-45D
W-001161,3,3,0,0,0,5,NONE,
W-001162,7,3,4,0,0,1,STRONG_WARNING,MPLADS-11.2-COMPLETION-UC
W-001163,7,4,3,0,0,1,STRONG_WARNING,MPLADS-11.2-COMPLETION-UC
W-001164,3,3,0,0,0,5,NONE,
W-001165,7,4,3,0,0,1,STRONG_WARNING,MPLADS-11.2-COMPLETION-UC
W-001166,7,4,3,0,0,1,STRONG_WARNING,MPLADS-11.2-COMPLETION-UC
W-001167,3,3,0,0,0,5,NONE,
W-001168,7,4,3,0,0,1,STRONG_WARNING,MPLADS-11.2-COMPLETION-UC
W-001169,7,4,3,0,0,1,STRONG_WARNING,MPLADS-11.2-COMPLETION-UC
W-001170,0,0,0,0,0,8,NONE,
W-001171,7,3,4,0,0,1,STRONG_WARNING,MPLADS-11.2-COMPLETION-UC
W-001172,3,3,0,0,0,5,NONE,
W-001173,3,3,0,0,0,5,NONE,
W-001174,7,3,4,0,0,1,STRONG_WARNING,MPLADS-11.2-COMPLETION-UC
W-001175,3,2,1,0,0,5,WARNING,MPLADS-3.2.12-COMPLETION-LIMIT
W-001176,3,2,1,0,0,5,WARNING,MPLADS-3.2.4-SANCTION-45D
W-001177,3,2,1,0,0,5,WARNING,MPLADS-3.2.4-SANCTION-45D
W-001178,7,4,3,0,0,1,STRONG_WARNING,MPLADS-11.2-COMPLETION-UC
W-001179,3,3,0,0,0,5,NONE,
W-001180,3,3,0,0,0,5,NONE,
W-001181,7,4,3,0,0,1,STRONG_WARNING,MPLADS-11.2-COMPLETION-UC
W-001182,7,3,4,0,0,1,STRONG_WARNING,MPLADS-11.2-COMPLETION-UC
W-001183,3,3,0,0,0,5,NONE,
W-001184,7,4,3,0,0,1,STRONG_WARNING,MPLADS-11.2-COMPLETION-UC
W-001185,7,4,3,0,0,1,STRONG_WARNING,MPLADS-11.2-COMPLETION-UC
W-001186,3,3,0,0,0,5,NONE,
W-001187,0,0,0,0,0,8,NONE,
W-001188,7,4,3,0,0,1,STRONG_WARNING,MPLADS-11.2-COMPLETION-UC
W-001189,7,4,3,0,0,1,STRONG_WARNING,MPLADS-11.2-COMPLETION-UC
W-001190,7,4,3,0,0,1,STRONG_WARNING,MPLADS-11.2-COMPLETION-UC
W-001191,7,4,3,0,0,1,STRONG_WARNING,MPLADS-11.2-COMPLETION-UC
W-001192,7,4,3,0,0,1,STRONG_WARNING,MPLADS-11.2-COMPLETION-UC
W-001193,7,3,4,0,0,1,STRONG_WARNING,MPLADS-11.2-COMPLETION-UC
W-001194,3,3,0,0,0,5,NONE,
W-001195,7,4,3,0,0,1,STRONG_WARNING,MPLADS-11.2-COMPLETION-UC
W-001196,3,2,1,0,0,5,WARNING,MPLADS-3.2.12-COMPLETION-LIMIT
W-001197,7,2,5,0,0,1,STRONG_WARNING,MPLADS-11.2-COMPLETION-UC
W-001198,7,4,3,0,0,1,STRONG_WARNING,MPLADS-11.2-COMPLETION-UC
W-001199,7,4,3,0,0,1,STRONG_WARNING,MPLADS-11.2-COMPLETION-UC
W-001200,7,4,3,0,0,1,STRONG_WARNING,MPLADS-11.2-COMPLETION-UC
W-001201,7,4,3,0,0,1,STRONG_WARNING,MPLADS-11.2-COMPLETION-UC
W-001202,3,3,0,0,0,5,NONE,
W-001203,7,4,3,0,0,1,STRONG_WARNING,MPLADS-11.2-COMPLETION-UC
W-001204,7,4,3,0,0,1,STRONG_WARNING,MPLADS-11.2-COMPLETION-UC
W-001205,7,2,5,0,0,1,STRONG_WARNING,MPLADS-11.2-COMPLETION-UC
W-001206,7,4,3,0,0,1,STRONG_WARNING,MPLADS-11.2-COMPLETION-UC
W-001207,3,1,2,0,0,5,WARNING,MPLADS-3.2.12-COMPLETION-LIMIT
W-001208,7,4,3,0,0,1,STRONG_WARNING,MPLADS-11.2-COMPLETION-UC
W-001209,3,2,1,0,0,5,WARNING,MPLADS-3.2.12-COMPLETION-LIMIT
W-001210,7,3,4,0,0,1,STRONG_WARNING,MPLADS-11.2-COMPLETION-UC
W-001211,3,3,0,0,0,5,NONE,
W-001212,3,3,0,0,0,5,NONE,
W-001213,3,3,0,0,0,5,NONE,
W-001214,3,3,0,0,0,5,NONE,
W-001215,7,4,3,0,0,1,STRONG_WARNING,MPLADS-11.2-COMPLETION-UC
W-001216,3,3,0,0,0,5,NONE,
W-001217,7,2,5,0,0,1,STRONG_WARNING,MPLADS-11.2-COMPLETION-UC
W-001218,3,1,2,0,0,5,WARNING,MPLADS-3.2.12-COMPLETION-LIMIT
W-001219,7,4,3,0,0,1,STRONG_WARNING,MPLADS-11.2-COMPLETION-UC
W-001220,0,0,0,0,0,8,NONE,
W-001221,7,3,4,0,0,1,STRONG_WARNING,MPLADS-11.2-COMPLETION-UC
W-001222,7,4,3,0,0,1,STRONG_WARNING,MPLADS-11.2-COMPLETION-UC
W-001223,7,3,4,0,0,1,STRONG_WARNING,MPLADS-11.2-COMPLETION-UC
W-001224,7,4,3,0,0,1,STRONG_WARNING,MPLADS-11.2-COMPLETION-UC
W-001225,7,4,3,0,0,1,STRONG_WARNING,MPLADS-11.2-COMPLETION-UC
W-001226,7,4,3,0,0,1,STRONG_WARNING,MPLADS-11.2-COMPLETION-UC
W-001227,7,4,3,0,0,1,STRONG_WARNING,MPLADS-11.2-COMPLETION-UC
W-001228,7,4,3,0,0,1,STRONG_WARNING,MPLADS-11.2-COMPLETION-UC
W-001229,3,3,0,0,0,5,NONE,
W-001230,3,3,0,0,0,5,NONE,
W-001231,3,3,0,0,0,5,NONE,
W-001232,3,3,0,0,0,5,NONE,
W-001233,7,5,2,0,0,1,STRONG_WARNING,MPLADS-11.2-COMPLETION-UC
W-001234,7,4,3,0,0,1,STRONG_WARNING,MPLADS-11.2-COMPLETION-UC
W-001235,7,3,4,0,0,1,STRONG_WARNING,MPLADS-11.2-COMPLETION-UC
W-001236,7,4,3,0,0,1,STRONG_WARNING,MPLADS-11.2-COMPLETION-UC
W-001237,7,4,3,0,0,1,STRONG_WARNING,MPLADS-11.2-COMPLETION-UC
W-001238,7,4,3,0,0,1,STRONG_WARNING,MPLADS-11.2-COMPLETION-UC
W-001239,7,4,3,0,0,1,STRONG_WARNING,MPLADS-11.2-COMPLETION-UC
W-001240,7,4,3,0,0,1,STRONG_WARNING,MPLADS-11.2-COMPLETION-UC
W-001241,7,3,4,0,0,1,STRONG_WARNING,MPLADS-11.2-COMPLETION-UC
W-001242,7,3,4,0,0,1,STRONG_WARNING,MPLADS-11.2-COMPLETION-UC
W-001243,7,3,4,0,0,1,STRONG_WARNING,MPLADS-11.2-COMPLETION-UC
W-001244,7,4,3,0,0,1,STRONG_WARNING,MPLADS-11.2-COMPLETION-UC
W-001245,7,4,3,0,0,1,STRONG_WARNING,MPLADS-11.2-COMPLETION-UC
W-001246,7,2,5,0,0,1,STRONG_WARNING,MPLADS-11.2-COMPLETION-UC
W-001247,7,5,2,0,0,1,STRONG_WARNING,MPLADS-11.2-COMPLETION-UC
W-001248,7,3,4,0,0,1,STRONG_WARNING,MPLADS-11.2-COMPLETION-UC
W-001249,3,2,1,0,0,5,WARNING,MPLADS-3.2.12-COMPLETION-LIMIT
W-001250,7,3,4,0,0,1,STRONG_WARNING,MPLADS-11.2-COMPLETION-UC
W-001251,0,0,0,0,0,8,NONE,
W-001252,3,3,0,0,0,5,NONE,
W-001253,7,4,3,0,0,1,STRONG_WARNING,MPLADS-11.2-COMPLETION-UC
W-001254,7,4,3,0,0,1,STRONG_WARNING,MPLADS-11.2-COMPLETION-UC
W-001255,0,0,0,0,0,8,NONE,
W-001256,7,4,3,0,0,1,STRONG_WARNING,MPLADS-11.2-COMPLETION-UC
W-001257,8,6,2,0,0,0,STRONG_WARNING,MPLADS-11.2-COMPLETION-UC
W-001258,7,4,3,0,0,1,STRONG_WARNING,MPLADS-11.2-COMPLETION-UC
W-001259,3,2,1,0,0,5,WARNING,MPLADS-3.2.12-COMPLETION-LIMIT
W-001260,3,3,0,0,0,5,NONE,
W-001261,3,2,1,0,0,5,WARNING,MPLADS-3.2.4-SANCTION-45D
W-001262,3,3,0,0,0,5,NONE,
W-001263,8,6,2,0,0,0,STRONG_WARNING,MPLADS-11.2-COMPLETION-UC
W-001264,0,0,0,0,0,8,NONE,
W-001265,3,3,0,0,0,5,NONE,
W-001266,3,2,1,0,0,5,WARNING,MPLADS-3.2.12-COMPLETION-LIMIT
W-001267,7,4,3,0,0,1,STRONG_WARNING,MPLADS-11.2-COMPLETION-UC
W-001268,7,3,4,0,0,1,STRONG_WARNING,MPLADS-11.2-COMPLETION-UC
W-001269,7,4,3,0,0,1,STRONG_WARNING,MPLADS-11.2-COMPLETION-UC
W-001270,3,2,1,0,0,5,WARNING,MPLADS-3.2.12-COMPLETION-LIMIT
W-001271,7,4,3,0,0,1,STRONG_WARNING,MPLADS-11.2-COMPLETION-UC
W-001272,7,3,4,0,0,1,STRONG_WARNING,MPLADS-11.2-COMPLETION-UC
W-001273,7,4,3,0,0,1,STRONG_WARNING,MPLADS-11.2-COMPLETION-UC
W-001274,7,4,3,0,0,1,STRONG_WARNING,MPLADS-11.2-COMPLETION-UC
W-001275,3,2,1,0,0,5,WARNING,MPLADS-3.2.12-COMPLETION-LIMIT
W-001276,3,3,0,0,0,5,NONE,
W-001277,7,3,4,0,0,1,STRONG_WARNING,MPLADS-11.2-COMPLETION-UC
W-001278,7,4,3,0,0,1,STRONG_WARNING,MPLADS-11.2-COMPLETION-UC
W-001279,7,4,3,0,0,1,STRONG_WARNING,MPLADS-11.2-COMPLETION-UC
W-001280,7,4,3,0,0,1,STRONG_WARNING,MPLADS-11.2-COMPLETION-UC
W-001281,7,4,3,0,0,1,STRONG_WARNING,MPLADS-11.2-COMPLETION-UC
W-001282,7,4,3,0,0,1,STRONG_WARNING,MPLADS-11.2-COMPLETION-UC
W-001283,3,3,0,0,0,5,NONE,
W-001284,7,4,3,0,0,1,STRONG_WARNING,MPLADS-11.2-COMPLETION-UC
W-001285,7,4,3,0,0,1,STRONG_WARNING,MPLADS-11.2-COMPLETION-UC
W-001286,7,4,3,0,0,1,STRONG_WARNING,MPLADS-11.2-COMPLETION-UC
W-001287,3,3,0,0,0,5,NONE,
W-001288,7,4,3,0,0,1,STRONG_WARNING,MPLADS-11.2-COMPLETION-UC
W-001289,7,4,3,0,0,1,STRONG_WARNING,MPLADS-11.2-COMPLETION-UC
W-001290,3,3,0,0,0,5,NONE,
W-001291,8,6,2,0,0,0,STRONG_WARNING,MPLADS-11.2-COMPLETION-UC
W-001292,7,3,4,0,0,1,STRONG_WARNING,MPLADS-11.2-COMPLETION-UC
W-001293,7,4,3,0,0,1,STRONG_WARNING,MPLADS-11.2-COMPLETION-UC
W-001294,7,4,3,0,0,1,STRONG_WARNING,MPLADS-11.2-COMPLETION-UC
W-001295,7,4,3,0,0,1,STRONG_WARNING,MPLADS-11.2-COMPLETION-UC
W-001296,7,4,3,0,0,1,STRONG_WARNING,MPLADS-11.2-COMPLETION-UC
W-001297,8,6,2,0,0,0,STRONG_WARNING,MPLADS-11.2-COMPLETION-UC
W-001298,7,4,3,0,0,1,STRONG_WARNING,MPLADS-11.2-COMPLETION-UC
W-001299,3,3,0,0,0,5,NONE,
W-001300,7,3,4,0,0,1,STRONG_WARNING,MPLADS-11.2-COMPLETION-UC
W-001301,7,4,3,0,0,1,STRONG_WARNING,MPLADS-11.2-COMPLETION-UC
W-001302,0,0,0,0,0,8,NONE,
W-001303,3,3,0,0,0,5,NONE,
W-001304,7,4,3,0,0,1,STRONG_WARNING,MPLADS-11.2-COMPLETION-UC
W-001305,0,0,0,0,0,8,NONE,
W-001306,0,0,0,0,0,8,NONE,
W-001307,7,4,3,0,0,1,STRONG_WARNING,MPLADS-11.2-COMPLETION-UC
W-001308,7,4,3,0,0,1,STRONG_WARNING,MPLADS-11.2-COMPLETION-UC
W-001309,7,4,3,0,0,1,STRONG_WARNING,MPLADS-11.2-COMPLETION-UC
W-001310,7,4,3,0,0,1,STRONG_WARNING,MPLADS-11.2-COMPLETION-UC
W-001311,7,4,3,0,0,1,STRONG_WARNING,MPLADS-11.2-COMPLETION-UC
W-001312,7,4,3,0,0,1,STRONG_WARNING,MPLADS-11.2-COMPLETION-UC
W-001313,7,4,3,0,0,1,STRONG_WARNING,MPLADS-11.2-COMPLETION-UC
W-001314,0,0,0,0,0,8,NONE,
W-001315,7,4,3,0,0,1,STRONG_WARNING,MPLADS-11.2-COMPLETION-UC
W-001316,7,3,4,0,0,1,STRONG_WARNING,MPLADS-11.2-COMPLETION-UC
W-001317,3,3,0,0,0,5,NONE,
W-001318,3,3,0,0,0,5,NONE,
W-001319,3,3,0,0,0,5,NONE,
W-001320,3,3,0,0,0,5,NONE,
W-001321,7,4,3,0,0,1,STRONG_WARNING,MPLADS-11.2-COMPLETION-UC
W-001322,3,3,0,0,0,5,NONE,
W-001323,3,3,0,0,0,5,NONE,
W-001324,7,4,3,0,0,1,STRONG_WARNING,MPLADS-11.2-COMPLETION-UC
W-001325,7,4,3,0,0,1,STRONG_WARNING,MPLADS-11.2-COMPLETION-UC
W-001326,7,4,3,0,0,1,STRONG_WARNING,MPLADS-11.2-COMPLETION-UC
W-001327,7,4,3,0,0,1,STRONG_WARNING,MPLADS-11.2-COMPLETION-UC
W-001328,7,4,3,0,0,1,STRONG_WARNING,MPLADS-11.2-COMPLETION-UC
W-001329,7,4,3,0,0,1,STRONG_WARNING,MPLADS-11.2-COMPLETION-UC
W-001330,7,4,3,0,0,1,STRONG_WARNING,MPLADS-11.2-COMPLETION-UC
W-001331,3,3,0,0,0,5,NONE,
W-001332,7,4,3,0,0,1,STRONG_WARNING,MPLADS-11.2-COMPLETION-UC
W-001333,7,4,3,0,0,1,STRONG_WARNING,MPLADS-11.2-COMPLETION-UC
W-001334,7,3,4,0,0,1,STRONG_WARNING,MPLADS-11.2-COMPLETION-UC
W-001335,7,4,3,0,0,1,STRONG_WARNING,MPLADS-11.2-COMPLETION-UC
W-001336,0,0,0,0,0,8,NONE,
W-001337,7,3,4,0,0,1,STRONG_WARNING,MPLADS-11.2-COMPLETION-UC
W-001338,7,4,3,0,0,1,STRONG_WARNING,MPLADS-11.2-COMPLETION-UC
W-001339,3,3,0,0,0,5,NONE,
W-001340,7,3,4,0,0,1,STRONG_WARNING,MPLADS-11.2-COMPLETION-UC
W-001341,7,4,3,0,0,1,STRONG_WARNING,MPLADS-11.2-COMPLETION-UC
W-001342,7,4,3,0,0,1,STRONG_WARNING,MPLADS-11.2-COMPLETION-UC
W-001343,7,3,4,0,0,1,STRONG_WARNING,MPLADS-11.2-COMPLETION-UC
W-001344,7,3,4,0,0,1,STRONG_WARNING,MPLADS-11.2-COMPLETION-UC
W-001345,0,0,0,0,0,8,NONE,
W-001346,0,0,0,0,0,8,NONE,
W-001347,0,0,0,0,0,8,NONE,
W-001348,7,3,4,0,0,1,STRONG_WARNING,MPLADS-11.2-COMPLETION-UC
W-001349,8,5,3,0,0,0,STRONG_WARNING,MPLADS-11.2-COMPLETION-UC
W-001350,7,4,3,0,0,1,STRONG_WARNING,MPLADS-11.2-COMPLETION-UC
W-001351,3,2,1,0,0,5,WARNING,MPLADS-3.2.4-SANCTION-45D
W-001352,7,4,3,0,0,1,STRONG_WARNING,MPLADS-11.2-COMPLETION-UC
W-001353,7,4,3,0,0,1,STRONG_WARNING,MPLADS-11.2-COMPLETION-UC
W-001354,7,4,3,0,0,1,STRONG_WARNING,MPLADS-11.2-COMPLETION-UC
W-001355,7,4,3,0,0,1,STRONG_WARNING,MPLADS-11.2-COMPLETION-UC
W-001356,3,3,0,0,0,5,NONE,
W-001357,7,3,4,0,0,1,STRONG_WARNING,MPLADS-11.2-COMPLETION-UC
W-001358,8,5,3,0,0,0,STRONG_WARNING,MPLADS-11.2-COMPLETION-UC
W-001359,7,4,3,0,0,1,STRONG_WARNING,MPLADS-11.2-COMPLETION-UC
W-001360,8,6,2,0,0,0,STRONG_WARNING,MPLADS-11.2-COMPLETION-UC
W-001361,3,3,0,0,0,5,NONE,
W-001362,7,4,3,0,0,1,STRONG_WARNING,MPLADS-11.2-COMPLETION-UC
W-001363,7,4,3,0,0,1,STRONG_WARNING,MPLADS-11.2-COMPLETION-UC
W-001364,7,4,3,0,0,1,STRONG_WARNING,MPLADS-11.2-COMPLETION-UC
W-001365,3,2,1,0,0,5,WARNING,MPLADS-3.2.12-COMPLETION-LIMIT
W-001366,0,0,0,0,0,8,NONE,
W-001367,7,4,3,0,0,1,STRONG_WARNING,MPLADS-11.2-COMPLETION-UC
W-001368,7,4,3,0,0,1,STRONG_WARNING,MPLADS-11.2-COMPLETION-UC
W-001369,0,0,0,0,0,8,NONE,
W-001370,7,4,3,0,0,1,STRONG_WARNING,MPLADS-11.2-COMPLETION-UC
W-001371,3,3,0,0,0,5,NONE,
W-001372,7,3,4,0,0,1,STRONG_WARNING,MPLADS-11.2-COMPLETION-UC
W-001373,0,0,0,0,0,8,NONE,
W-001374,3,3,0,0,0,5,NONE,
W-001375,3,3,0,0,0,5,NONE,
W-001376,0,0,0,0,0,8,NONE,
W-001377,7,4,3,0,0,1,STRONG_WARNING,MPLADS-11.2-COMPLETION-UC
W-001378,3,3,0,0,0,5,NONE,
W-001379,7,4,3,0,0,1,STRONG_WARNING,MPLADS-11.2-COMPLETION-UC
W-001380,7,4,3,0,0,1,STRONG_WARNING,MPLADS-11.2-COMPLETION-UC
W-001381,7,4,3,0,0,1,STRONG_WARNING,MPLADS-11.2-COMPLETION-UC
W-001382,3,3,0,0,0,5,NONE,
W-001383,7,4,3,0,0,1,STRONG_WARNING,MPLADS-11.2-COMPLETION-UC
W-001384,7,3,4,0,0,1,STRONG_WARNING,MPLADS-11.2-COMPLETION-UC
W-001385,0,0,0,0,0,8,NONE,
W-001386,7,4,3,0,0,1,STRONG_WARNING,MPLADS-11.2-COMPLETION-UC
W-001387,7,3,4,0,0,1,STRONG_WARNING,MPLADS-11.2-COMPLETION-UC
W-001388,3,3,0,0,0,5,NONE,
W-001389,7,3,4,0,0,1,STRONG_WARNING,MPLADS-11.2-COMPLETION-UC
W-001390,7,5,2,0,0,1,STRONG_WARNING,MPLADS-11.2-COMPLETION-UC
W-001391,3,3,0,0,0,5,NONE,
W-001392,7,4,3,0,0,1,STRONG_WARNING,MPLADS-11.2-COMPLETION-UC
W-001393,7,4,3,0,0,1,STRONG_WARNING,MPLADS-11.2-COMPLETION-UC
W-001394,7,4,3,0,0,1,STRONG_WARNING,MPLADS-11.2-COMPLETION-UC
W-001395,0,0,0,0,0,8,NONE,
W-001396,3,3,0,0,0,5,NONE,
W-001397,7,3,4,0,0,1,STRONG_WARNING,MPLADS-11.2-COMPLETION-UC
W-001398,7,4,3,0,0,1,STRONG_WARNING,MPLADS-11.2-COMPLETION-UC
W-001399,3,3,0,0,0,5,NONE,
W-001400,3,3,0,0,0,5,NONE,
W-001401,7,2,5,0,0,1,STRONG_WARNING,MPLADS-11.2-COMPLETION-UC
W-001402,7,4,3,0,0,1,STRONG_WARNING,MPLADS-11.2-COMPLETION-UC
W-001403,3,3,0,0,0,5,NONE,
W-001404,0,0,0,0,0,8,NONE,
W-001405,3,3,0,0,0,5,NONE,
W-001406,7,4,3,0,0,1,STRONG_WARNING,MPLADS-11.2-COMPLETION-UC
W-001407,7,4,3,0,0,1,STRONG_WARNING,MPLADS-11.2-COMPLETION-UC
W-001408,7,3,4,0,0,1,STRONG_WARNING,MPLADS-11.2-COMPLETION-UC
W-001409,7,4,3,0,0,1,STRONG_WARNING,MPLADS-11.2-COMPLETION-UC
W-001410,3,3,0,0,0,5,NONE,
W-001411,3,2,1,0,0,5,WARNING,MPLADS-3.2.12-COMPLETION-LIMIT
W-001412,7,4,3,0,0,1,STRONG_WARNING,MPLADS-11.2-COMPLETION-UC
W-001413,7,4,3,0,0,1,STRONG_WARNING,MPLADS-11.2-COMPLETION-UC
W-001414,7,4,3,0,0,1,STRONG_WARNING,MPLADS-11.2-COMPLETION-UC
W-001415,7,4,3,0,0,1,STRONG_WARNING,MPLADS-11.2-COMPLETION-UC
W-001416,3,3,0,0,0,5,NONE,
W-001417,7,4,3,0,0,1,STRONG_WARNING,MPLADS-11.2-COMPLETION-UC
W-001418,7,5,2,0,0,1,STRONG_WARNING,MPLADS-11.2-COMPLETION-UC
W-001419,7,3,4,0,0,1,STRONG_WARNING,MPLADS-11.2-COMPLETION-UC
W-001420,3,3,0,0,0,5,NONE,
W-001421,7,4,3,0,0,1,STRONG_WARNING,MPLADS-11.2-COMPLETION-UC
W-001422,7,4,3,0,0,1,STRONG_WARNING,MPLADS-11.2-COMPLETION-UC
W-001423,3,3,0,0,0,5,NONE,
W-001424,7,3,4,0,0,1,STRONG_WARNING,MPLADS-11.2-COMPLETION-UC
W-001425,7,4,3,0,0,1,STRONG_WARNING,MPLADS-11.2-COMPLETION-UC
W-001426,3,3,0,0,0,5,NONE,
W-001427,7,4,3,0,0,1,STRONG_WARNING,MPLADS-11.2-COMPLETION-UC
W-001428,3,3,0,0,0,5,NONE,
W-001429,7,3,4,0,0,1,STRONG_WARNING,MPLADS-11.2-COMPLETION-UC
W-001430,3,3,0,0,0,5,NONE,
W-001431,3,2,1,0,0,5,WARNING,MPLADS-3.2.4-SANCTION-45D
W-001432,7,3,4,0,0,1,STRONG_WARNING,MPLADS-11.2-COMPLETION-UC
W-001433,3,3,0,0,0,5,NONE,
W-001434,7,4,3,0,0,1,STRONG_WARNING,MPLADS-11.2-COMPLETION-UC
W-001435,7,4,3,0,0,1,STRONG_WARNING,MPLADS-11.2-COMPLETION-UC
W-001436,7,4,3,0,0,1,STRONG_WARNING,MPLADS-11.2-COMPLETION-UC
W-001437,3,3,0,0,0,5,NONE,
W-001438,3,3,0,0,0,5,NONE,
W-001439,3,3,0,0,0,5,NONE,
W-001440,3,3,0,0,0,5,NONE,
W-001441,3,3,0,0,0,5,NONE,
W-001442,0,0,0,0,0,8,NONE,
W-001443,7,3,4,0,0,1,STRONG_WARNING,MPLADS-11.2-COMPLETION-UC
W-001444,7,3,4,0,0,1,STRONG_WARNING,MPLADS-11.2-COMPLETION-UC
W-001445,7,4,3,0,0,1,STRONG_WARNING,MPLADS-11.2-COMPLETION-UC
W-001446,7,4,3,0,0,1,STRONG_WARNING,MPLADS-11.2-COMPLETION-UC
W-001447,7,4,3,0,0,1,STRONG_WARNING,MPLADS-11.2-COMPLETION-UC
W-001448,7,4,3,0,0,1,STRONG_WARNING,MPLADS-11.2-COMPLETION-UC
W-001449,7,4,3,0,0,1,STRONG_WARNING,MPLADS-11.2-COMPLETION-UC
W-001450,7,4,3,0,0,1,STRONG_WARNING,MPLADS-11.2-COMPLETION-UC
W-001451,7,4,3,0,0,1,STRONG_WARNING,MPLADS-11.2-COMPLETION-UC
W-001452,7,4,3,0,0,1,STRONG_WARNING,MPLADS-11.2-COMPLETION-UC
W-001453,3,2,1,0,0,5,WARNING,MPLADS-3.2.12-COMPLETION-LIMIT
W-001454,7,4,3,0,0,1,STRONG_WARNING,MPLADS-11.2-COMPLETION-UC
W-001455,7,4,3,0,0,1,STRONG_WARNING,MPLADS-11.2-COMPLETION-UC
W-001456,7,4,3,0,0,1,STRONG_WARNING,MPLADS-11.2-COMPLETION-UC
W-001457,3,3,0,0,0,5,NONE,
W-001458,3,3,0,0,0,5,NONE,
W-001459,3,2,1,0,0,5,WARNING,MPLADS-3.2.12-COMPLETION-LIMIT
W-001460,7,5,2,0,0,1,STRONG_WARNING,MPLADS-11.2-COMPLETION-UC
W-001461,0,0,0,0,0,8,NONE,
W-001462,7,4,3,0,0,1,STRONG_WARNING,MPLADS-11.2-COMPLETION-UC
W-001463,7,4,3,0,0,1,STRONG_WARNING,MPLADS-11.2-COMPLETION-UC
W-001464,7,4,3,0,0,1,STRONG_WARNING,MPLADS-11.2-COMPLETION-UC
W-001465,3,2,1,0,0,5,WARNING,MPLADS-3.2.12-COMPLETION-LIMIT
W-001466,0,0,0,0,0,8,NONE,
W-001467,7,3,4,0,0,1,STRONG_WARNING,MPLADS-11.2-COMPLETION-UC
W-001468,7,3,4,0,0,1,STRONG_WARNING,MPLADS-11.2-COMPLETION-UC
W-001469,7,4,3,0,0,1,STRONG_WARNING,MPLADS-11.2-COMPLETION-UC
W-001470,7,4,3,0,0,1,STRONG_WARNING,MPLADS-11.2-COMPLETION-UC
W-001471,0,0,0,0,0,8,NONE,
W-001472,7,4,3,0,0,1,STRONG_WARNING,MPLADS-11.2-COMPLETION-UC
W-001473,7,4,3,0,0,1,STRONG_WARNING,MPLADS-11.2-COMPLETION-UC
W-001474,0,0,0,0,0,8,NONE,
W-001475,0,0,0,0,0,8,NONE,
W-001476,0,0,0,0,0,8,NONE,
W-001477,3,3,0,0,0,5,NONE,
W-001478,7,4,3,0,0,1,STRONG_WARNING,MPLADS-11.2-COMPLETION-UC
W-001479,0,0,0,0,0,8,NONE,
W-001480,7,4,3,0,0,1,STRONG_WARNING,MPLADS-11.2-COMPLETION-UC
W-001481,0,0,0,0,0,8,NONE,
W-001482,7,4,3,0,0,1,STRONG_WARNING,MPLADS-11.2-COMPLETION-UC
W-001483,7,4,3,0,0,1,STRONG_WARNING,MPLADS-11.2-COMPLETION-UC
W-001484,7,4,3,0,0,1,STRONG_WARNING,MPLADS-11.2-COMPLETION-UC
W-001485,7,4,3,0,0,1,STRONG_WARNING,MPLADS-11.2-COMPLETION-UC
W-001486,7,3,4,0,0,1,STRONG_WARNING,MPLADS-11.2-COMPLETION-UC
W-001487,7,5,2,0,0,1,STRONG_WARNING,MPLADS-11.2-COMPLETION-UC
W-001488,3,3,0,0,0,5,NONE,
W-001489,0,0,0,0,0,8,NONE,
W-001490,7,4,3,0,0,1,STRONG_WARNING,MPLADS-11.2-COMPLETION-UC
W-001491,7,3,4,0,0,1,STRONG_WARNING,MPLADS-11.2-COMPLETION-UC
W-001492,7,4,3,0,0,1,STRONG_WARNING,MPLADS-11.2-COMPLETION-UC
W-001493,0,0,0,0,0,8,NONE,
W-001494,7,4,3,0,0,1,STRONG_WARNING,MPLADS-11.2-COMPLETION-UC
W-001495,7,4,3,0,0,1,STRONG_WARNING,MPLADS-11.2-COMPLETION-UC
W-001496,3,3,0,0,0,5,NONE,
W-001497,7,4,3,0,0,1,STRONG_WARNING,MPLADS-11.2-COMPLETION-UC
W-001498,7,4,3,0,0,1,STRONG_WARNING,MPLADS-11.2-COMPLETION-UC
W-001499,7,3,4,0,0,1,STRONG_WARNING,MPLADS-11.2-COMPLETION-UC
W-001500,7,4,3,0,0,1,STRONG_WARNING,MPLADS-11.2-COMPLETION-UC
W-001501,7,3,4,0,0,1,STRONG_WARNING,MPLADS-11.2-COMPLETION-UC
W-001502,0,0,0,0,0,8,NONE,
W-001503,7,4,3,0,0,1,STRONG_WARNING,MPLADS-11.2-COMPLETION-UC
W-001504,0,0,0,0,0,8,NONE,
W-001505,3,3,0,0,0,5,NONE,
W-001506,0,0,0,0,0,8,NONE,
W-001507,3,3,0,0,0,5,NONE,
W-001508,7,4,3,0,0,1,STRONG_WARNING,MPLADS-11.2-COMPLETION-UC
W-001509,3,2,1,0,0,5,WARNING,MPLADS-3.2.4-SANCTION-45D
W-001510,3,3,0,0,0,5,NONE,
W-001511,7,4,3,0,0,1,STRONG_WARNING,MPLADS-11.2-COMPLETION-UC
W-001512,3,2,1,0,0,5,WARNING,MPLADS-3.2.12-COMPLETION-LIMIT
W-001513,3,3,0,0,0,5,NONE,
W-001514,7,3,4,0,0,1,STRONG_WARNING,MPLADS-11.2-COMPLETION-UC
W-001515,7,4,3,0,0,1,STRONG_WARNING,MPLADS-11.2-COMPLETION-UC
W-001516,7,4,3,0,0,1,STRONG_WARNING,MPLADS-11.2-COMPLETION-UC
W-001517,7,4,3,0,0,1,STRONG_WARNING,MPLADS-11.2-COMPLETION-UC
W-001518,0,0,0,0,0,8,NONE,
W-001519,7,3,4,0,0,1,STRONG_WARNING,MPLADS-11.2-COMPLETION-UC
W-001520,7,3,4,0,0,1,STRONG_WARNING,MPLADS-11.2-COMPLETION-UC
W-001521,0,0,0,0,0,8,NONE,
W-001522,7,3,4,0,0,1,STRONG_WARNING,MPLADS-11.2-COMPLETION-UC
W-001523,3,3,0,0,0,5,NONE,
W-001524,7,4,3,0,0,1,STRONG_WARNING,MPLADS-11.2-COMPLETION-UC
W-001525,7,3,4,0,0,1,STRONG_WARNING,MPLADS-11.2-COMPLETION-UC
W-001526,3,2,1,0,0,5,WARNING,MPLADS-3.2.12-COMPLETION-LIMIT
W-001527,3,2,1,0,0,5,WARNING,MPLADS-3.2.4-SANCTION-45D
W-001528,3,3,0,0,0,5,NONE,
W-001529,8,6,2,0,0,0,STRONG_WARNING,MPLADS-11.2-COMPLETION-UC
W-001530,7,4,3,0,0,1,STRONG_WARNING,MPLADS-11.2-COMPLETION-UC
W-001531,7,4,3,0,0,1,STRONG_WARNING,MPLADS-11.2-COMPLETION-UC
W-001532,7,4,3,0,0,1,STRONG_WARNING,MPLADS-11.2-COMPLETION-UC
W-001533,7,4,3,0,0,1,STRONG_WARNING,MPLADS-11.2-COMPLETION-UC
W-001534,7,4,3,0,0,1,STRONG_WARNING,MPLADS-11.2-COMPLETION-UC
W-001535,7,3,4,0,0,1,STRONG_WARNING,MPLADS-11.2-COMPLETION-UC
W-001536,7,4,3,0,0,1,STRONG_WARNING,MPLADS-11.2-COMPLETION-UC
W-001537,7,3,4,0,0,1,STRONG_WARNING,MPLADS-11.2-COMPLETION-UC
W-001538,7,4,3,0,0,1,STRONG_WARNING,MPLADS-11.2-COMPLETION-UC
W-001539,7,4,3,0,0,1,STRONG_WARNING,MPLADS-11.2-COMPLETION-UC
W-001540,7,4,3,0,0,1,STRONG_WARNING,MPLADS-11.2-COMPLETION-UC
W-001541,7,4,3,0,0,1,STRONG_WARNING,MPLADS-11.2-COMPLETION-UC
W-001542,7,4,3,0,0,1,STRONG_WARNING,MPLADS-11.2-COMPLETION-UC
W-001543,7,3,4,0,0,1,STRONG_WARNING,MPLADS-11.2-COMPLETION-UC
W-001544,3,2,1,0,0,5,WARNING,MPLADS-3.2.12-COMPLETION-LIMIT
W-001545,7,4,3,0,0,1,STRONG_WARNING,MPLADS-11.2-COMPLETION-UC
W-001546,3,3,0,0,0,5,NONE,
W-001547,3,3,0,0,0,5,NONE,
W-001548,7,4,3,0,0,1,STRONG_WARNING,MPLADS-11.2-COMPLETION-UC
W-001549,3,3,0,0,0,5,NONE,
W-001550,3,3,0,0,0,5,NONE,
W-001551,7,4,3,0,0,1,STRONG_WARNING,MPLADS-11.2-COMPLETION-UC
W-001552,7,4,3,0,0,1,STRONG_WARNING,MPLADS-11.2-COMPLETION-UC
W-001553,3,3,0,0,0,5,NONE,
W-001554,0,0,0,0,0,8,NONE,
W-001555,7,3,4,0,0,1,STRONG_WARNING,MPLADS-11.2-COMPLETION-UC
W-001556,7,4,3,0,0,1,STRONG_WARNING,MPLADS-11.2-COMPLETION-UC
W-001557,7,4,3,0,0,1,STRONG_WARNING,MPLADS-11.2-COMPLETION-UC
W-001558,3,3,0,0,0,5,NONE,
W-001559,7,4,3,0,0,1,STRONG_WARNING,MPLADS-11.2-COMPLETION-UC
W-001560,7,4,3,0,0,1,STRONG_WARNING,MPLADS-11.2-COMPLETION-UC
W-001561,3,3,0,0,0,5,NONE,
W-001562,3,2,1,0,0,5,WARNING,MPLADS-3.2.4-SANCTION-45D
W-001563,0,0,0,0,0,8,NONE,
W-001564,7,4,3,0,0,1,STRONG_WARNING,MPLADS-11.2-COMPLETION-UC
W-001565,3,3,0,0,0,5,NONE,
W-001566,7,4,3,0,0,1,STRONG_WARNING,MPLADS-11.2-COMPLETION-UC
W-001567,8,6,2,0,0,0,STRONG_WARNING,MPLADS-11.2-COMPLETION-UC
W-001568,7,4,3,0,0,1,STRONG_WARNING,MPLADS-11.2-COMPLETION-UC
W-001569,7,4,3,0,0,1,STRONG_WARNING,MPLADS-11.2-COMPLETION-UC
W-001570,7,3,4,0,0,1,STRONG_WARNING,MPLADS-11.2-COMPLETION-UC
W-001571,3,3,0,0,0,5,NONE,
W-001572,7,4,3,0,0,1,STRONG_WARNING,MPLADS-11.2-COMPLETION-UC
W-001573,7,4,3,0,0,1,STRONG_WARNING,MPLADS-11.2-COMPLETION-UC
W-001574,3,2,1,0,0,5,WARNING,MPLADS-3.2.12-COMPLETION-LIMIT
W-001575,7,3,4,0,0,1,STRONG_WARNING,MPLADS-11.2-COMPLETION-UC
W-001576,3,3,0,0,0,5,NONE,
W-001577,7,4,3,0,0,1,STRONG_WARNING,MPLADS-11.2-COMPLETION-UC
W-001578,3,3,0,0,0,5,NONE,
W-001579,7,4,3,0,0,1,STRONG_WARNING,MPLADS-11.2-COMPLETION-UC
W-001580,7,4,3,0,0,1,STRONG_WARNING,MPLADS-11.2-COMPLETION-UC
W-001581,7,4,3,0,0,1,STRONG_WARNING,MPLADS-11.2-COMPLETION-UC
W-001582,7,4,3,0,0,1,STRONG_WARNING,MPLADS-11.2-COMPLETION-UC
W-001583,0,0,0,0,0,8,NONE,
W-001584,3,3,0,0,0,5,NONE,
W-001585,7,3,4,0,0,1,STRONG_WARNING,MPLADS-11.2-COMPLETION-UC
W-001586,7,4,3,0,0,1,STRONG_WARNING,MPLADS-11.2-COMPLETION-UC
W-001587,3,3,0,0,0,5,NONE,
W-001588,7,4,3,0,0,1,STRONG_WARNING,MPLADS-11.2-COMPLETION-UC
W-001589,7,2,5,0,0,1,STRONG_WARNING,MPLADS-11.2-COMPLETION-UC
W-001590,7,3,4,0,0,1,STRONG_WARNING,MPLADS-11.2-COMPLETION-UC
W-001591,3,3,0,0,0,5,NONE,
W-001592,7,4,3,0,0,1,STRONG_WARNING,MPLADS-11.2-COMPLETION-UC
W-001593,3,3,0,0,0,5,NONE,
W-001594,7,4,3,0,0,1,STRONG_WARNING,MPLADS-11.2-COMPLETION-UC
W-001595,3,3,0,0,0,5,NONE,
W-001596,7,4,3,0,0,1,STRONG_WARNING,MPLADS-11.2-COMPLETION-UC
W-001597,0,0,0,0,0,8,NONE,
W-001598,7,4,3,0,0,1,STRONG_WARNING,MPLADS-11.2-COMPLETION-UC
W-001599,0,0,0,0,0,8,NONE,
W-001600,7,4,3,0,0,1,STRONG_WARNING,MPLADS-11.2-COMPLETION-UC
W-001601,0,0,0,0,0,8,NONE,
W-001602,3,2,1,0,0,5,WARNING,MPLADS-3.2.12-COMPLETION-LIMIT
W-001603,0,0,0,0,0,8,NONE,
W-001604,7,4,3,0,0,1,STRONG_WARNING,MPLADS-11.2-COMPLETION-UC
W-001605,7,4,3,0,0,1,STRONG_WARNING,MPLADS-11.2-COMPLETION-UC
W-001606,3,3,0,0,0,5,NONE,
W-001607,7,4,3,0,0,1,STRONG_WARNING,MPLADS-11.2-COMPLETION-UC
W-001608,7,4,3,0,0,1,STRONG_WARNING,MPLADS-11.2-COMPLETION-UC
W-001609,3,3,0,0,0,5,NONE,
W-001610,3,3,0,0,0,5,NONE,
W-001611,7,3,4,0,0,1,STRONG_WARNING,MPLADS-11.2-COMPLETION-UC
W-001612,8,5,3,0,0,0,STRONG_WARNING,MPLADS-11.2-COMPLETION-UC
W-001613,3,3,0,0,0,5,NONE,
W-001614,7,4,3,0,0,1,STRONG_WARNING,MPLADS-11.2-COMPLETION-UC
W-001615,3,3,0,0,0,5,NONE,
W-001616,7,4,3,0,0,1,STRONG_WARNING,MPLADS-11.2-COMPLETION-UC
W-001617,7,4,3,0,0,1,STRONG_WARNING,MPLADS-11.2-COMPLETION-UC
W-001618,0,0,0,0,0,8,NONE,
W-001619,7,3,4,0,0,1,STRONG_WARNING,MPLADS-11.2-COMPLETION-UC
W-001620,7,4,3,0,0,1,STRONG_WARNING,MPLADS-11.2-COMPLETION-UC
W-001621,7,4,3,0,0,1,STRONG_WARNING,MPLADS-11.2-COMPLETION-UC
W-001622,7,4,3,0,0,1,STRONG_WARNING,MPLADS-11.2-COMPLETION-UC
W-001623,3,2,1,0,0,5,WARNING,MPLADS-3.2.12-COMPLETION-LIMIT
W-001624,7,4,3,0,0,1,STRONG_WARNING,MPLADS-11.2-COMPLETION-UC
W-001625,7,3,4,0,0,1,STRONG_WARNING,MPLADS-11.2-COMPLETION-UC
W-001626,3,3,0,0,0,5,NONE,
W-001627,7,4,3,0,0,1,STRONG_WARNING,MPLADS-11.2-COMPLETION-UC
W-001628,7,4,3,0,0,1,STRONG_WARNING,MPLADS-11.2-COMPLETION-UC
W-001629,7,4,3,0,0,1,STRONG_WARNING,MPLADS-11.2-COMPLETION-UC
W-001630,7,4,3,0,0,1,STRONG_WARNING,MPLADS-11.2-COMPLETION-UC
W-001631,3,3,0,0,0,5,NONE,
W-001632,0,0,0,0,0,8,NONE,
W-001633,7,4,3,0,0,1,STRONG_WARNING,MPLADS-11.2-COMPLETION-UC
W-001634,7,3,4,0,0,1,STRONG_WARNING,MPLADS-11.2-COMPLETION-UC
W-001635,3,2,1,0,0,5,WARNING,MPLADS-3.2.12-COMPLETION-LIMIT
W-001636,8,6,2,0,0,0,STRONG_WARNING,MPLADS-11.2-COMPLETION-UC
W-001637,0,0,0,0,0,8,NONE,
W-001638,3,3,0,0,0,5,NONE,
W-001639,7,4,3,0,0,1,STRONG_WARNING,MPLADS-11.2-COMPLETION-UC
W-001640,7,4,3,0,0,1,STRONG_WARNING,MPLADS-11.2-COMPLETION-UC
W-001641,3,3,0,0,0,5,NONE,
W-001642,7,5,2,0,0,1,STRONG_WARNING,MPLADS-11.2-COMPLETION-UC
W-001643,7,4,3,0,0,1,STRONG_WARNING,MPLADS-11.2-COMPLETION-UC
W-001644,7,4,3,0,0,1,STRONG_WARNING,MPLADS-11.2-COMPLETION-UC
W-001645,7,4,3,0,0,1,STRONG_WARNING,MPLADS-11.2-COMPLETION-UC
W-001646,7,4,3,0,0,1,STRONG_WARNING,MPLADS-11.2-COMPLETION-UC
W-001647,7,4,3,0,0,1,STRONG_WARNING,MPLADS-11.2-COMPLETION-UC
W-001648,7,4,3,0,0,1,STRONG_WARNING,MPLADS-11.2-COMPLETION-UC
W-001649,7,4,3,0,0,1,STRONG_WARNING,MPLADS-11.2-COMPLETION-UC
W-001650,3,3,0,0,0,5,NONE,
W-001651,8,6,2,0,0,0,STRONG_WARNING,MPLADS-11.2-COMPLETION-UC
W-001652,7,4,3,0,0,1,STRONG_WARNING,MPLADS-11.2-COMPLETION-UC
W-001653,7,4,3,0,0,1,STRONG_WARNING,MPLADS-11.2-COMPLETION-UC
W-001654,7,4,3,0,0,1,STRONG_WARNING,MPLADS-11.2-COMPLETION-UC
W-001655,7,4,3,0,0,1,STRONG_WARNING,MPLADS-11.2-COMPLETION-UC
W-001656,7,4,3,0,0,1,STRONG_WARNING,MPLADS-11.2-COMPLETION-UC
W-001657,7,4,3,0,0,1,STRONG_WARNING,MPLADS-11.2-COMPLETION-UC
W-001658,0,0,0,0,0,8,NONE,
W-001659,3,3,0,0,0,5,NONE,
W-001660,7,4,3,0,0,1,STRONG_WARNING,MPLADS-11.2-COMPLETION-UC
W-001661,7,4,3,0,0,1,STRONG_WARNING,MPLADS-11.2-COMPLETION-UC
W-001662,0,0,0,0,0,8,NONE,
W-001663,3,3,0,0,0,5,NONE,
W-001664,7,4,3,0,0,1,STRONG_WARNING,MPLADS-11.2-COMPLETION-UC
W-001665,3,2,1,0,0,5,WARNING,MPLADS-3.2.12-COMPLETION-LIMIT
W-001666,3,3,0,0,0,5,NONE,
W-001667,3,3,0,0,0,5,NONE,
W-001668,7,4,3,0,0,1,STRONG_WARNING,MPLADS-11.2-COMPLETION-UC
W-001669,3,3,0,0,0,5,NONE,
W-001670,3,2,1,0,0,5,WARNING,MPLADS-3.2.12-COMPLETION-LIMIT
W-001671,7,3,4,0,0,1,STRONG_WARNING,MPLADS-11.2-COMPLETION-UC
W-001672,7,4,3,0,0,1,STRONG_WARNING,MPLADS-11.2-COMPLETION-UC
W-001673,7,2,5,0,0,1,STRONG_WARNING,MPLADS-11.2-COMPLETION-UC
W-001674,7,4,3,0,0,1,STRONG_WARNING,MPLADS-11.2-COMPLETION-UC
W-001675,7,4,3,0,0,1,STRONG_WARNING,MPLADS-11.2-COMPLETION-UC
W-001676,7,4,3,0,0,1,STRONG_WARNING,MPLADS-11.2-COMPLETION-UC
W-001677,7,3,4,0,0,1,STRONG_WARNING,MPLADS-11.2-COMPLETION-UC
W-001678,3,3,0,0,0,5,NONE,
W-001679,3,3,0,0,0,5,NONE,
W-001680,7,4,3,0,0,1,STRONG_WARNING,MPLADS-11.2-COMPLETION-UC
W-001681,7,4,3,0,0,1,STRONG_WARNING,MPLADS-11.2-COMPLETION-UC
W-001682,7,4,3,0,0,1,STRONG_WARNING,MPLADS-11.2-COMPLETION-UC
W-001683,7,4,3,0,0,1,STRONG_WARNING,MPLADS-11.2-COMPLETION-UC
W-001684,7,5,2,0,0,1,STRONG_WARNING,MPLADS-11.2-COMPLETION-UC
W-001685,3,2,1,0,0,5,WARNING,MPLADS-3.2.12-COMPLETION-LIMIT
W-001686,7,4,3,0,0,1,STRONG_WARNING,MPLADS-11.2-COMPLETION-UC
W-001687,3,3,0,0,0,5,NONE,
W-001688,7,3,4,0,0,1,STRONG_WARNING,MPLADS-11.2-COMPLETION-UC
W-001689,7,4,3,0,0,1,STRONG_WARNING,MPLADS-11.2-COMPLETION-UC
W-001690,7,4,3,0,0,1,STRONG_WARNING,MPLADS-11.2-COMPLETION-UC
W-001691,3,3,0,0,0,5,NONE,
W-001692,7,4,3,0,0,1,STRONG_WARNING,MPLADS-11.2-COMPLETION-UC
W-001693,7,3,4,0,0,1,STRONG_WARNING,MPLADS-11.2-COMPLETION-UC
W-001694,0,0,0,0,0,8,NONE,
W-001695,7,4,3,0,0,1,STRONG_WARNING,MPLADS-11.2-COMPLETION-UC
W-001696,3,3,0,0,0,5,NONE,
W-001697,7,3,4,0,0,1,STRONG_WARNING,MPLADS-11.2-COMPLETION-UC
W-001698,7,4,3,0,0,1,STRONG_WARNING,MPLADS-11.2-COMPLETION-UC
W-001699,3,3,0,0,0,5,NONE,
W-001700,7,4,3,0,0,1,STRONG_WARNING,MPLADS-11.2-COMPLETION-UC
W-001701,7,4,3,0,0,1,STRONG_WARNING,MPLADS-11.2-COMPLETION-UC
W-001702,7,4,3,0,0,1,STRONG_WARNING,MPLADS-11.2-COMPLETION-UC
W-001703,7,4,3,0,0,1,STRONG_WARNING,MPLADS-11.2-COMPLETION-UC
W-001704,7,4,3,0,0,1,STRONG_WARNING,MPLADS-11.2-COMPLETION-UC
W-001705,7,4,3,0,0,1,STRONG_WARNING,MPLADS-11.2-COMPLETION-UC
W-001706,7,3,4,0,0,1,STRONG_WARNING,MPLADS-11.2-COMPLETION-UC
W-001707,3,1,2,0,0,5,WARNING,MPLADS-3.2.12-COMPLETION-LIMIT
W-001708,7,3,4,0,0,1,STRONG_WARNING,MPLADS-11.2-COMPLETION-UC
W-001709,3,3,0,0,0,5,NONE,
W-001710,7,4,3,0,0,1,STRONG_WARNING,MPLADS-11.2-COMPLETION-UC
W-001711,7,3,4,0,0,1,STRONG_WARNING,MPLADS-11.2-COMPLETION-UC
W-001712,0,0,0,0,0,8,NONE,
W-001713,7,4,3,0,0,1,STRONG_WARNING,MPLADS-11.2-COMPLETION-UC
W-001714,3,3,0,0,0,5,NONE,
W-001715,7,3,4,0,0,1,STRONG_WARNING,MPLADS-11.2-COMPLETION-UC
W-001716,0,0,0,0,0,8,NONE,
W-001717,3,3,0,0,0,5,NONE,
W-001718,7,4,3,0,0,1,STRONG_WARNING,MPLADS-11.2-COMPLETION-UC
W-001719,7,2,5,0,0,1,STRONG_WARNING,MPLADS-11.2-COMPLETION-UC
W-001720,0,0,0,0,0,8,NONE,
W-001721,7,4,3,0,0,1,STRONG_WARNING,MPLADS-11.2-COMPLETION-UC
W-001722,7,4,3,0,0,1,STRONG_WARNING,MPLADS-11.2-COMPLETION-UC
W-001723,7,4,3,0,0,1,STRONG_WARNING,MPLADS-11.2-COMPLETION-UC
W-001724,3,3,0,0,0,5,NONE,
W-001725,7,4,3,0,0,1,STRONG_WARNING,MPLADS-11.2-COMPLETION-UC
W-001726,8,6,2,0,0,0,STRONG_WARNING,MPLADS-11.2-COMPLETION-UC
W-001727,7,3,4,0,0,1,STRONG_WARNING,MPLADS-11.2-COMPLETION-UC
W-001728,7,4,3,0,0,1,STRONG_WARNING,MPLADS-11.2-COMPLETION-UC
W-001729,7,4,3,0,0,1,STRONG_WARNING,MPLADS-11.2-COMPLETION-UC
W-001730,3,2,1,0,0,5,WARNING,MPLADS-3.2.12-COMPLETION-LIMIT
W-001731,7,4,3,0,0,1,STRONG_WARNING,MPLADS-11.2-COMPLETION-UC
W-001732,3,3,0,0,0,5,NONE,
W-001733,7,4,3,0,0,1,STRONG_WARNING,MPLADS-11.2-COMPLETION-UC
W-001734,0,0,0,0,0,8,NONE,
W-001735,3,3,0,0,0,5,NONE,
W-001736,3,3,0,0,0,5,NONE,
W-001737,7,4,3,0,0,1,STRONG_WARNING,MPLADS-11.2-COMPLETION-UC
W-001738,3,3,0,0,0,5,NONE,
W-001739,7,4,3,0,0,1,STRONG_WARNING,MPLADS-11.2-COMPLETION-UC
W-001740,3,3,0,0,0,5,NONE,
W-001741,7,4,3,0,0,1,STRONG_WARNING,MPLADS-11.2-COMPLETION-UC
W-001742,3,3,0,0,0,5,NONE,
W-001743,0,0,0,0,0,8,NONE,
W-001744,0,0,0,0,0,8,NONE,
W-001745,7,4,3,0,0,1,STRONG_WARNING,MPLADS-11.2-COMPLETION-UC
W-001746,7,4,3,0,0,1,STRONG_WARNING,MPLADS-11.2-COMPLETION-UC
W-001747,3,2,1,0,0,5,WARNING,MPLADS-3.2.4-SANCTION-45D
W-001748,3,3,0,0,0,5,NONE,
W-001749,3,3,0,0,0,5,NONE,
W-001750,0,0,0,0,0,8,NONE,
W-001751,7,4,3,0,0,1,STRONG_WARNING,MPLADS-11.2-COMPLETION-UC
W-001752,7,4,3,0,0,1,STRONG_WARNING,MPLADS-11.2-COMPLETION-UC
W-001753,7,4,3,0,0,1,STRONG_WARNING,MPLADS-11.2-COMPLETION-UC
W-001754,7,4,3,0,0,1,STRONG_WARNING,MPLADS-11.2-COMPLETION-UC
W-001755,3,3,0,0,0,5,NONE,
W-001756,7,2,5,0,0,1,STRONG_WARNING,MPLADS-11.2-COMPLETION-UC
W-001757,7,3,4,0,0,1,STRONG_WARNING,MPLADS-11.2-COMPLETION-UC
W-001758,3,3,0,0,0,5,NONE,
W-001759,7,3,4,0,0,1,STRONG_WARNING,MPLADS-11.2-COMPLETION-UC
W-001760,7,4,3,0,0,1,STRONG_WARNING,MPLADS-11.2-COMPLETION-UC
W-001761,7,3,4,0,0,1,STRONG_WARNING,MPLADS-11.2-COMPLETION-UC
W-001762,7,3,4,0,0,1,STRONG_WARNING,MPLADS-11.2-COMPLETION-UC
W-001763,3,3,0,0,0,5,NONE,
W-001764,3,2,1,0,0,5,WARNING,MPLADS-3.2.12-COMPLETION-LIMIT
W-001765,7,4,3,0,0,1,STRONG_WARNING,MPLADS-11.2-COMPLETION-UC
W-001766,3,3,0,0,0,5,NONE,
W-001767,8,6,2,0,0,0,STRONG_WARNING,MPLADS-11.2-COMPLETION-UC
W-001768,7,3,4,0,0,1,STRONG_WARNING,MPLADS-11.2-COMPLETION-UC
W-001769,7,4,3,0,0,1,STRONG_WARNING,MPLADS-11.2-COMPLETION-UC
W-001770,7,4,3,0,0,1,STRONG_WARNING,MPLADS-11.2-COMPLETION-UC
W-001771,8,6,2,0,0,0,STRONG_WARNING,MPLADS-11.2-COMPLETION-UC
W-001772,7,4,3,0,0,1,STRONG_WARNING,MPLADS-11.2-COMPLETION-UC
W-001773,7,4,3,0,0,1,STRONG_WARNING,MPLADS-11.2-COMPLETION-UC
W-001774,7,3,4,0,0,1,STRONG_WARNING,MPLADS-11.2-COMPLETION-UC
W-001775,7,4,3,0,0,1,STRONG_WARNING,MPLADS-11.2-COMPLETION-UC
W-001776,7,3,4,0,0,1,STRONG_WARNING,MPLADS-11.2-COMPLETION-UC
W-001777,7,4,3,0,0,1,STRONG_WARNING,MPLADS-11.2-COMPLETION-UC
W-001778,7,4,3,0,0,1,STRONG_WARNING,MPLADS-11.2-COMPLETION-UC
W-001779,7,3,4,0,0,1,STRONG_WARNING,MPLADS-11.2-COMPLETION-UC
W-001780,7,4,3,0,0,1,STRONG_WARNING,MPLADS-11.2-COMPLETION-UC
W-001781,7,4,3,0,0,1,STRONG_WARNING,MPLADS-11.2-COMPLETION-UC
W-001782,0,0,0,0,0,8,NONE,
W-001783,7,4,3,0,0,1,STRONG_WARNING,MPLADS-11.2-COMPLETION-UC
W-001784,7,4,3,0,0,1,STRONG_WARNING,MPLADS-11.2-COMPLETION-UC
W-001785,7,3,4,0,0,1,STRONG_WARNING,MPLADS-11.2-COMPLETION-UC
W-001786,3,3,0,0,0,5,NONE,
W-001787,3,3,0,0,0,5,NONE,
W-001788,7,4,3,0,0,1,STRONG_WARNING,MPLADS-11.2-COMPLETION-UC
W-001789,7,4,3,0,0,1,STRONG_WARNING,MPLADS-11.2-COMPLETION-UC
W-001790,7,4,3,0,0,1,STRONG_WARNING,MPLADS-11.2-COMPLETION-UC
W-001791,3,3,0,0,0,5,NONE,
W-001792,3,3,0,0,0,5,NONE,
W-001793,0,0,0,0,0,8,NONE,
W-001794,7,3,4,0,0,1,STRONG_WARNING,MPLADS-11.2-COMPLETION-UC
W-001795,3,3,0,0,0,5,NONE,
W-001796,7,4,3,0,0,1,STRONG_WARNING,MPLADS-11.2-COMPLETION-UC
W-001797,7,4,3,0,0,1,STRONG_WARNING,MPLADS-11.2-COMPLETION-UC
W-001798,3,2,1,0,0,5,WARNING,MPLADS-3.2.12-COMPLETION-LIMIT
W-001799,7,4,3,0,0,1,STRONG_WARNING,MPLADS-11.2-COMPLETION-UC
W-001800,7,4,3,0,0,1,STRONG_WARNING,MPLADS-11.2-COMPLETION-UC
W-001801,7,4,3,0,0,1,STRONG_WARNING,MPLADS-11.2-COMPLETION-UC
W-001802,0,0,0,0,0,8,NONE,
W-001803,7,5,2,0,0,1,STRONG_WARNING,MPLADS-11.2-COMPLETION-UC
W-001804,7,4,3,0,0,1,STRONG_WARNING,MPLADS-11.2-COMPLETION-UC
W-001805,0,0,0,0,0,8,NONE,
W-001806,3,3,0,0,0,5,NONE,
W-001807,0,0,0,0,0,8,NONE,
W-001808,7,4,3,0,0,1,STRONG_WARNING,MPLADS-11.2-COMPLETION-UC
W-001809,7,3,4,0,0,1,STRONG_WARNING,MPLADS-11.2-COMPLETION-UC
W-001810,3,2,1,0,0,5,WARNING,MPLADS-3.2.4-SANCTION-45D
W-001811,3,3,0,0,0,5,NONE,
W-001812,7,3,4,0,0,1,STRONG_WARNING,MPLADS-11.2-COMPLETION-UC
W-001813,8,6,2,0,0,0,STRONG_WARNING,MPLADS-11.2-COMPLETION-UC
W-001814,8,6,2,0,0,0,STRONG_WARNING,MPLADS-11.2-COMPLETION-UC
W-001815,7,4,3,0,0,1,STRONG_WARNING,MPLADS-11.2-COMPLETION-UC
W-001816,7,4,3,0,0,1,STRONG_WARNING,MPLADS-11.2-COMPLETION-UC
W-001817,7,4,3,0,0,1,STRONG_WARNING,MPLADS-11.2-COMPLETION-UC
W-001818,7,3,4,0,0,1,STRONG_WARNING,MPLADS-11.2-COMPLETION-UC
W-001819,7,4,3,0,0,1,STRONG_WARNING,MPLADS-11.2-COMPLETION-UC
W-001820,7,4,3,0,0,1,STRONG_WARNING,MPLADS-11.2-COMPLETION-UC
W-001821,3,3,0,0,0,5,NONE,
W-001822,7,4,3,0,0,1,STRONG_WARNING,MPLADS-11.2-COMPLETION-UC
W-001823,3,3,0,0,0,5,NONE,
W-001824,7,4,3,0,0,1,STRONG_WARNING,MPLADS-11.2-COMPLETION-UC
W-001825,7,4,3,0,0,1,STRONG_WARNING,MPLADS-11.2-COMPLETION-UC
W-001826,7,3,4,0,0,1,STRONG_WARNING,MPLADS-11.2-COMPLETION-UC
W-001827,0,0,0,0,0,8,NONE,
W-001828,7,4,3,0,0,1,STRONG_WARNING,MPLADS-11.2-COMPLETION-UC
W-001829,0,0,0,0,0,8,NONE,
W-001830,0,0,0,0,0,8,NONE,
W-001831,7,4,3,0,0,1,STRONG_WARNING,MPLADS-11.2-COMPLETION-UC
W-001832,3,2,1,0,0,5,WARNING,MPLADS-3.2.4-SANCTION-45D
W-001833,7,4,3,0,0,1,STRONG_WARNING,MPLADS-11.2-COMPLETION-UC
W-001834,7,4,3,0,0,1,STRONG_WARNING,MPLADS-11.2-COMPLETION-UC
W-001835,7,4,3,0,0,1,STRONG_WARNING,MPLADS-11.2-COMPLETION-UC
W-001836,7,4,3,0,0,1,STRONG_WARNING,MPLADS-11.2-COMPLETION-UC
W-001837,7,4,3,0,0,1,STRONG_WARNING,MPLADS-11.2-COMPLETION-UC
W-001838,7,4,3,0,0,1,STRONG_WARNING,MPLADS-11.2-COMPLETION-UC
W-001839,3,3,0,0,0,5,NONE,
W-001840,7,4,3,0,0,1,STRONG_WARNING,MPLADS-11.2-COMPLETION-UC
W-001841,3,3,0,0,0,5,NONE,
W-001842,7,3,4,0,0,1,STRONG_WARNING,MPLADS-11.2-COMPLETION-UC
W-001843,3,3,0,0,0,5,NONE,
W-001844,0,0,0,0,0,8,NONE,
W-001845,7,5,2,0,0,1,STRONG_WARNING,MPLADS-11.2-COMPLETION-UC
W-001846,7,3,4,0,0,1,STRONG_WARNING,MPLADS-11.2-COMPLETION-UC
W-001847,7,4,3,0,0,1,STRONG_WARNING,MPLADS-11.2-COMPLETION-UC
W-001848,0,0,0,0,0,8,NONE,
W-001849,0,0,0,0,0,8,NONE,
W-001850,3,3,0,0,0,5,NONE,
W-001851,7,3,4,0,0,1,STRONG_WARNING,MPLADS-11.2-COMPLETION-UC
W-001852,7,4,3,0,0,1,STRONG_WARNING,MPLADS-11.2-COMPLETION-UC
W-001853,7,4,3,0,0,1,STRONG_WARNING,MPLADS-11.2-COMPLETION-UC
W-001854,7,4,3,0,0,1,STRONG_WARNING,MPLADS-11.2-COMPLETION-UC
W-001855,7,4,3,0,0,1,STRONG_WARNING,MPLADS-11.2-COMPLETION-UC
W-001856,3,3,0,0,0,5,NONE,
W-001857,7,4,3,0,0,1,STRONG_WARNING,MPLADS-11.2-COMPLETION-UC
W-001858,3,3,0,0,0,5,NONE,
W-001859,0,0,0,0,0,8,NONE,
W-001860,7,4,3,0,0,1,STRONG_WARNING,MPLADS-11.2-COMPLETION-UC
W-001861,7,4,3,0,0,1,STRONG_WARNING,MPLADS-11.2-COMPLETION-UC
W-001862,7,3,4,0,0,1,STRONG_WARNING,MPLADS-11.2-COMPLETION-UC
W-001863,7,4,3,0,0,1,STRONG_WARNING,MPLADS-11.2-COMPLETION-UC
W-001864,7,3,4,0,0,1,STRONG_WARNING,MPLADS-11.2-COMPLETION-UC
W-001865,7,4,3,0,0,1,STRONG_WARNING,MPLADS-11.2-COMPLETION-UC
W-001866,7,3,4,0,0,1,STRONG_WARNING,MPLADS-11.2-COMPLETION-UC
W-001867,3,3,0,0,0,5,NONE,
W-001868,7,4,3,0,0,1,STRONG_WARNING,MPLADS-11.2-COMPLETION-UC
W-001869,7,4,3,0,0,1,STRONG_WARNING,MPLADS-11.2-COMPLETION-UC
W-001870,7,4,3,0,0,1,STRONG_WARNING,MPLADS-11.2-COMPLETION-UC
W-001871,3,3,0,0,0,5,NONE,
W-001872,3,3,0,0,0,5,NONE,
W-001873,7,4,3,0,0,1,STRONG_WARNING,MPLADS-11.2-COMPLETION-UC
W-001874,7,4,3,0,0,1,STRONG_WARNING,MPLADS-11.2-COMPLETION-UC
W-001875,7,3,4,0,0,1,STRONG_WARNING,MPLADS-11.2-COMPLETION-UC
W-001876,7,3,4,0,0,1,STRONG_WARNING,MPLADS-11.2-COMPLETION-UC
W-001877,3,3,0,0,0,5,NONE,
W-001878,7,4,3,0,0,1,STRONG_WARNING,MPLADS-11.2-COMPLETION-UC
W-001879,0,0,0,0,0,8,NONE,
W-001880,3,3,0,0,0,5,NONE,
W-001881,3,3,0,0,0,5,NONE,
W-001882,0,0,0,0,0,8,NONE,
W-001883,7,4,3,0,0,1,STRONG_WARNING,MPLADS-11.2-COMPLETION-UC
W-001884,7,5,2,0,0,1,STRONG_WARNING,MPLADS-11.2-COMPLETION-UC
W-001885,7,4,3,0,0,1,STRONG_WARNING,MPLADS-11.2-COMPLETION-UC
W-001886,7,4,3,0,0,1,STRONG_WARNING,MPLADS-11.2-COMPLETION-UC
W-001887,7,5,2,0,0,1,STRONG_WARNING,MPLADS-11.2-COMPLETION-UC
W-001888,8,6,2,0,0,0,STRONG_WARNING,MPLADS-11.2-COMPLETION-UC
W-001889,7,4,3,0,0,1,STRONG_WARNING,MPLADS-11.2-COMPLETION-UC
W-001890,7,2,5,0,0,1,STRONG_WARNING,MPLADS-11.2-COMPLETION-UC
W-001891,3,3,0,0,0,5,NONE,
W-001892,3,3,0,0,0,5,NONE,
W-001893,3,3,0,0,0,5,NONE,
W-001894,7,3,4,0,0,1,STRONG_WARNING,MPLADS-11.2-COMPLETION-UC
W-001895,3,3,0,0,0,5,NONE,
W-001896,7,4,3,0,0,1,STRONG_WARNING,MPLADS-11.2-COMPLETION-UC
W-001897,3,2,1,0,0,5,WARNING,MPLADS-3.2.12-COMPLETION-LIMIT
W-001898,7,4,3,0,0,1,STRONG_WARNING,MPLADS-11.2-COMPLETION-UC
W-001899,7,4,3,0,0,1,STRONG_WARNING,MPLADS-11.2-COMPLETION-UC
W-001900,7,3,4,0,0,1,STRONG_WARNING,MPLADS-11.2-COMPLETION-UC
W-001901,3,2,1,0,0,5,WARNING,MPLADS-3.2.12-COMPLETION-LIMIT
W-001902,7,4,3,0,0,1,STRONG_WARNING,MPLADS-11.2-COMPLETION-UC
W-001903,7,4,3,0,0,1,STRONG_WARNING,MPLADS-11.2-COMPLETION-UC
W-001904,3,3,0,0,0,5,NONE,
W-001905,7,3,4,0,0,1,STRONG_WARNING,MPLADS-11.2-COMPLETION-UC
W-001906,3,2,1,0,0,5,WARNING,MPLADS-3.2.4-SANCTION-45D
W-001907,7,3,4,0,0,1,STRONG_WARNING,MPLADS-11.2-COMPLETION-UC
W-001908,7,3,4,0,0,1,STRONG_WARNING,MPLADS-11.2-COMPLETION-UC
W-001909,7,4,3,0,0,1,STRONG_WARNING,MPLADS-11.2-COMPLETION-UC
W-001910,3,3,0,0,0,5,NONE,
W-001911,7,4,3,0,0,1,STRONG_WARNING,MPLADS-11.2-COMPLETION-UC
W-001912,7,4,3,0,0,1,STRONG_WARNING,MPLADS-11.2-COMPLETION-UC
W-001913,7,4,3,0,0,1,STRONG_WARNING,MPLADS-11.2-COMPLETION-UC
W-001914,7,4,3,0,0,1,STRONG_WARNING,MPLADS-11.2-COMPLETION-UC
W-001915,7,5,2,0,0,1,STRONG_WARNING,MPLADS-11.2-COMPLETION-UC
W-001916,3,3,0,0,0,5,NONE,
W-001917,7,3,4,0,0,1,STRONG_WARNING,MPLADS-11.2-COMPLETION-UC
W-001918,7,4,3,0,0,1,STRONG_WARNING,MPLADS-11.2-COMPLETION-UC
W-001919,7,4,3,0,0,1,STRONG_WARNING,MPLADS-11.2-COMPLETION-UC
W-001920,7,4,3,0,0,1,STRONG_WARNING,MPLADS-11.2-COMPLETION-UC
W-001921,8,6,2,0,0,0,STRONG_WARNING,MPLADS-11.2-COMPLETION-UC
W-001922,0,0,0,0,0,8,NONE,
W-001923,0,0,0,0,0,8,NONE,
W-001924,7,3,4,0,0,1,STRONG_WARNING,MPLADS-11.2-COMPLETION-UC
W-001925,0,0,0,0,0,8,NONE,
W-001926,7,4,3,0,0,1,STRONG_WARNING,MPLADS-11.2-COMPLETION-UC
W-001927,7,3,4,0,0,1,STRONG_WARNING,MPLADS-11.2-COMPLETION-UC
W-001928,3,3,0,0,0,5,NONE,
W-001929,7,4,3,0,0,1,STRONG_WARNING,MPLADS-11.2-COMPLETION-UC
W-001930,3,3,0,0,0,5,NONE,
W-001931,3,3,0,0,0,5,NONE,
W-001932,7,4,3,0,0,1,STRONG_WARNING,MPLADS-11.2-COMPLETION-UC
W-001933,7,4,3,0,0,1,STRONG_WARNING,MPLADS-11.2-COMPLETION-UC
W-001934,7,4,3,0,0,1,STRONG_WARNING,MPLADS-11.2-COMPLETION-UC
W-001935,7,4,3,0,0,1,STRONG_WARNING,MPLADS-11.2-COMPLETION-UC
W-001936,7,4,3,0,0,1,STRONG_WARNING,MPLADS-11.2-COMPLETION-UC
W-001937,7,4,3,0,0,1,STRONG_WARNING,MPLADS-11.2-COMPLETION-UC
W-001938,7,4,3,0,0,1,STRONG_WARNING,MPLADS-11.2-COMPLETION-UC
W-001939,0,0,0,0,0,8,NONE,
W-001940,3,3,0,0,0,5,NONE,
W-001941,3,3,0,0,0,5,NONE,
W-001942,7,4,3,0,0,1,STRONG_WARNING,MPLADS-11.2-COMPLETION-UC
W-001943,3,3,0,0,0,5,NONE,
W-001944,7,4,3,0,0,1,STRONG_WARNING,MPLADS-11.2-COMPLETION-UC
W-001945,7,3,4,0,0,1,STRONG_WARNING,MPLADS-11.2-COMPLETION-UC
W-001946,3,3,0,0,0,5,NONE,
W-001947,3,3,0,0,0,5,NONE,
W-001948,7,4,3,0,0,1,STRONG_WARNING,MPLADS-11.2-COMPLETION-UC
W-001949,3,2,1,0,0,5,WARNING,MPLADS-3.2.12-COMPLETION-LIMIT
W-001950,3,3,0,0,0,5,NONE,
W-001951,7,4,3,0,0,1,STRONG_WARNING,MPLADS-11.2-COMPLETION-UC
W-001952,7,4,3,0,0,1,STRONG_WARNING,MPLADS-11.2-COMPLETION-UC
W-001953,7,4,3,0,0,1,STRONG_WARNING,MPLADS-11.2-COMPLETION-UC
W-001954,7,4,3,0,0,1,STRONG_WARNING,MPLADS-11.2-COMPLETION-UC
W-001955,7,4,3,0,0,1,STRONG_WARNING,MPLADS-11.2-COMPLETION-UC
W-001956,7,4,3,0,0,1,STRONG_WARNING,MPLADS-11.2-COMPLETION-UC
W-001957,7,4,3,0,0,1,STRONG_WARNING,MPLADS-11.2-COMPLETION-UC
W-001958,3,3,0,0,0,5,NONE,
W-001959,8,5,3,0,0,0,STRONG_WARNING,MPLADS-11.2-COMPLETION-UC
W-001960,3,3,0,0,0,5,NONE,
W-001961,7,5,2,0,0,1,STRONG_WARNING,MPLADS-11.2-COMPLETION-UC
W-001962,0,0,0,0,0,8,NONE,
W-001963,7,4,3,0,0,1,STRONG_WARNING,MPLADS-11.2-COMPLETION-UC
W-001964,7,4,3,0,0,1,STRONG_WARNING,MPLADS-11.2-COMPLETION-UC
W-001965,7,4,3,0,0,1,STRONG_WARNING,MPLADS-11.2-COMPLETION-UC
W-001966,7,4,3,0,0,1,STRONG_WARNING,MPLADS-11.2-COMPLETION-UC
W-001967,8,6,2,0,0,0,STRONG_WARNING,MPLADS-11.2-COMPLETION-UC
W-001968,0,0,0,0,0,8,NONE,
W-001969,3,3,0,0,0,5,NONE,
W-001970,7,4,3,0,0,1,STRONG_WARNING,MPLADS-11.2-COMPLETION-UC
W-001971,7,4,3,0,0,1,STRONG_WARNING,MPLADS-11.2-COMPLETION-UC
W-001972,7,4,3,0,0,1,STRONG_WARNING,MPLADS-11.2-COMPLETION-UC
W-001973,3,2,1,0,0,5,WARNING,MPLADS-3.2.12-COMPLETION-LIMIT
W-001974,7,3,4,0,0,1,STRONG_WARNING,MPLADS-11.2-COMPLETION-UC
W-001975,7,4,3,0,0,1,STRONG_WARNING,MPLADS-11.2-COMPLETION-UC
W-001976,3,3,0,0,0,5,NONE,
W-001977,7,4,3,0,0,1,STRONG_WARNING,MPLADS-11.2-COMPLETION-UC
W-001978,7,4,3,0,0,1,STRONG_WARNING,MPLADS-11.2-COMPLETION-UC
W-001979,7,4,3,0,0,1,STRONG_WARNING,MPLADS-11.2-COMPLETION-UC
W-001980,3,3,0,0,0,5,NONE,
W-001981,7,2,5,0,0,1,STRONG_WARNING,MPLADS-11.2-COMPLETION-UC
W-001982,3,3,0,0,0,5,NONE,
W-001983,7,4,3,0,0,1,STRONG_WARNING,MPLADS-11.2-COMPLETION-UC
W-001984,7,4,3,0,0,1,STRONG_WARNING,MPLADS-11.2-COMPLETION-UC
W-001985,7,4,3,0,0,1,STRONG_WARNING,MPLADS-11.2-COMPLETION-UC
W-001986,3,2,1,0,0,5,WARNING,MPLADS-3.2.12-COMPLETION-LIMIT
W-001987,7,2,5,0,0,1,STRONG_WARNING,MPLADS-11.2-COMPLETION-UC
W-001988,7,4,3,0,0,1,STRONG_WARNING,MPLADS-11.2-COMPLETION-UC
W-001989,0,0,0,0,0,8,NONE,
W-001990,7,4,3,0,0,1,STRONG_WARNING,MPLADS-11.2-COMPLETION-UC
W-001991,7,4,3,0,0,1,STRONG_WARNING,MPLADS-11.2-COMPLETION-UC
W-001992,7,3,4,0,0,1,STRONG_WARNING,MPLADS-11.2-COMPLETION-UC
W-001993,8,6,2,0,0,0,STRONG_WARNING,MPLADS-11.2-COMPLETION-UC
W-001994,3,2,1,0,0,5,WARNING,MPLADS-3.2.12-COMPLETION-LIMIT
W-001995,7,4,3,0,0,1,STRONG_WARNING,MPLADS-11.2-COMPLETION-UC
W-001996,7,5,2,0,0,1,STRONG_WARNING,MPLADS-11.2-COMPLETION-UC
W-001997,7,4,3,0,0,1,STRONG_WARNING,MPLADS-11.2-COMPLETION-UC
W-001998,7,4,3,0,0,1,STRONG_WARNING,MPLADS-11.2-COMPLETION-UC
W-001999,3,3,0,0,0,5,NONE,
W-002000,7,3,4,0,0,1,STRONG_WARNING,MPLADS-11.2-COMPLETION-UC
W-002001,0,0,0,0,0,8,NONE,
W-002002,7,4,3,0,0,1,STRONG_WARNING,MPLADS-11.2-COMPLETION-UC
W-002003,3,3,0,0,0,5,NONE,
W-002004,3,3,0,0,0,5,NONE,
W-002005,7,4,3,0,0,1,STRONG_WARNING,MPLADS-11.2-COMPLETION-UC
W-002006,7,3,4,0,0,1,STRONG_WARNING,MPLADS-11.2-COMPLETION-UC
W-002007,7,3,4,0,0,1,STRONG_WARNING,MPLADS-11.2-COMPLETION-UC
W-002008,3,2,1,0,0,5,WARNING,MPLADS-3.2.4-SANCTION-45D
W-002009,7,4,3,0,0,1,STRONG_WARNING,MPLADS-11.2-COMPLETION-UC
W-002010,3,3,0,0,0,5,NONE,
W-002011,7,4,3,0,0,1,STRONG_WARNING,MPLADS-11.2-COMPLETION-UC
W-002012,3,2,1,0,0,5,WARNING,MPLADS-3.2.4-SANCTION-45D
W-002013,3,3,0,0,0,5,NONE,
W-002014,7,3,4,0,0,1,STRONG_WARNING,MPLADS-11.2-COMPLETION-UC
W-002015,7,4,3,0,0,1,STRONG_WARNING,MPLADS-11.2-COMPLETION-UC
W-002016,3,3,0,0,0,5,NONE,
W-002017,3,2,1,0,0,5,WARNING,MPLADS-3.2.12-COMPLETION-LIMIT
W-002018,7,3,4,0,0,1,STRONG_WARNING,MPLADS-11.2-COMPLETION-UC
W-002019,3,3,0,0,0,5,NONE,
W-002020,3,2,1,0,0,5,WARNING,MPLADS-3.2.12-COMPLETION-LIMIT
W-002021,3,3,0,0,0,5,NONE,
W-002022,0,0,0,0,0,8,NONE,
W-002023,8,6,2,0,0,0,STRONG_WARNING,MPLADS-11.2-COMPLETION-UC
W-002024,3,2,1,0,0,5,WARNING,MPLADS-3.2.4-SANCTION-45D
W-002025,7,4,3,0,0,1,STRONG_WARNING,MPLADS-11.2-COMPLETION-UC
W-002026,7,3,4,0,0,1,STRONG_WARNING,MPLADS-11.2-COMPLETION-UC
W-002027,7,3,4,0,0,1,STRONG_WARNING,MPLADS-11.2-COMPLETION-UC
W-002028,7,4,3,0,0,1,STRONG_WARNING,MPLADS-11.2-COMPLETION-UC
W-002029,7,4,3,0,0,1,STRONG_WARNING,MPLADS-11.2-COMPLETION-UC
W-002030,8,6,2,0,0,0,STRONG_WARNING,MPLADS-11.2-COMPLETION-UC
W-002031,7,4,3,0,0,1,STRONG_WARNING,MPLADS-11.2-COMPLETION-UC
W-002032,7,3,4,0,0,1,STRONG_WARNING,MPLADS-11.2-COMPLETION-UC
W-002033,3,3,0,0,0,5,NONE,
W-002034,0,0,0,0,0,8,NONE,
W-002035,3,3,0,0,0,5,NONE,
W-002036,0,0,0,0,0,8,NONE,
W-002037,7,4,3,0,0,1,STRONG_WARNING,MPLADS-11.2-COMPLETION-UC
W-002038,3,2,1,0,0,5,WARNING,MPLADS-3.2.4-SANCTION-45D
W-002039,3,3,0,0,0,5,NONE,
W-002040,0,0,0,0,0,8,NONE,
W-002041,7,4,3,0,0,1,STRONG_WARNING,MPLADS-11.2-COMPLETION-UC
W-002042,3,2,1,0,0,5,WARNING,MPLADS-3.2.12-COMPLETION-LIMIT
W-002043,7,3,4,0,0,1,STRONG_WARNING,MPLADS-11.2-COMPLETION-UC
W-002044,3,3,0,0,0,5,NONE,
W-002045,0,0,0,0,0,8,NONE,
W-002046,3,3,0,0,0,5,NONE,
W-002047,7,4,3,0,0,1,STRONG_WARNING,MPLADS-11.2-COMPLETION-UC
W-002048,3,3,0,0,0,5,NONE,
W-002049,7,4,3,0,0,1,STRONG_WARNING,MPLADS-11.2-COMPLETION-UC
W-002050,7,4,3,0,0,1,STRONG_WARNING,MPLADS-11.2-COMPLETION-UC
W-002051,7,4,3,0,0,1,STRONG_WARNING,MPLADS-11.2-COMPLETION-UC
W-002052,8,6,2,0,0,0,STRONG_WARNING,MPLADS-11.2-COMPLETION-UC
W-002053,3,3,0,0,0,5,NONE,
W-002054,3,2,1,0,0,5,WARNING,MPLADS-3.2.4-SANCTION-45D
W-002055,7,4,3,0,0,1,STRONG_WARNING,MPLADS-11.2-COMPLETION-UC
W-002056,3,3,0,0,0,5,NONE,
W-002057,3,3,0,0,0,5,NONE,
W-002058,7,3,4,0,0,1,STRONG_WARNING,MPLADS-11.2-COMPLETION-UC
W-002059,7,4,3,0,0,1,STRONG_WARNING,MPLADS-11.2-COMPLETION-UC
W-002060,7,3,4,0,0,1,STRONG_WARNING,MPLADS-11.2-COMPLETION-UC
W-002061,8,6,2,0,0,0,STRONG_WARNING,MPLADS-11.2-COMPLETION-UC
W-002062,7,4,3,0,0,1,STRONG_WARNING,MPLADS-11.2-COMPLETION-UC
W-002063,3,3,0,0,0,5,NONE,
W-002064,7,4,3,0,0,1,STRONG_WARNING,MPLADS-11.2-COMPLETION-UC
W-002065,3,3,0,0,0,5,NONE,
W-002066,3,2,1,0,0,5,WARNING,MPLADS-3.2.4-SANCTION-45D
W-002067,3,2,1,0,0,5,WARNING,MPLADS-3.2.4-SANCTION-45D
W-002068,7,4,3,0,0,1,STRONG_WARNING,MPLADS-11.2-COMPLETION-UC
W-002069,7,4,3,0,0,1,STRONG_WARNING,MPLADS-11.2-COMPLETION-UC
W-002070,7,4,3,0,0,1,STRONG_WARNING,MPLADS-11.2-COMPLETION-UC
W-002071,7,4,3,0,0,1,STRONG_WARNING,MPLADS-11.2-COMPLETION-UC
W-002072,7,3,4,0,0,1,STRONG_WARNING,MPLADS-11.2-COMPLETION-UC
W-002073,8,5,3,0,0,0,STRONG_WARNING,MPLADS-11.2-COMPLETION-UC
W-002074,7,4,3,0,0,1,STRONG_WARNING,MPLADS-11.2-COMPLETION-UC
W-002075,3,2,1,0,0,5,WARNING,MPLADS-3.2.4-SANCTION-45D
W-002076,3,2,1,0,0,5,WARNING,MPLADS-3.2.12-COMPLETION-LIMIT
W-002077,0,0,0,0,0,8,NONE,
W-002078,0,0,0,0,0,8,NONE,
W-002079,7,4,3,0,0,1,STRONG_WARNING,MPLADS-11.2-COMPLETION-UC
W-002080,3,3,0,0,0,5,NONE,
W-002081,7,4,3,0,0,1,STRONG_WARNING,MPLADS-11.2-COMPLETION-UC
W-002082,7,3,4,0,0,1,STRONG_WARNING,MPLADS-11.2-COMPLETION-UC
W-002083,3,3,0,0,0,5,NONE,
W-002084,7,4,3,0,0,1,STRONG_WARNING,MPLADS-11.2-COMPLETION-UC
W-002085,7,3,4,0,0,1,STRONG_WARNING,MPLADS-11.2-COMPLETION-UC
W-002086,7,4,3,0,0,1,STRONG_WARNING,MPLADS-11.2-COMPLETION-UC
W-002087,0,0,0,0,0,8,NONE,
W-002088,7,4,3,0,0,1,STRONG_WARNING,MPLADS-11.2-COMPLETION-UC
W-002089,7,4,3,0,0,1,STRONG_WARNING,MPLADS-11.2-COMPLETION-UC
W-002090,7,4,3,0,0,1,STRONG_WARNING,MPLADS-11.2-COMPLETION-UC
W-002091,3,2,1,0,0,5,WARNING,MPLADS-3.2.12-COMPLETION-LIMIT
W-002092,3,3,0,0,0,5,NONE,
W-002093,7,3,4,0,0,1,STRONG_WARNING,MPLADS-11.2-COMPLETION-UC
W-002094,7,4,3,0,0,1,STRONG_WARNING,MPLADS-11.2-COMPLETION-UC
W-002095,3,3,0,0,0,5,NONE,
W-002096,7,4,3,0,0,1,STRONG_WARNING,MPLADS-11.2-COMPLETION-UC
W-002097,3,2,1,0,0,5,WARNING,MPLADS-3.2.4-SANCTION-45D
W-002098,7,3,4,0,0,1,STRONG_WARNING,MPLADS-11.2-COMPLETION-UC
W-002099,7,4,3,0,0,1,STRONG_WARNING,MPLADS-11.2-COMPLETION-UC
W-002100,7,3,4,0,0,1,STRONG_WARNING,MPLADS-11.2-COMPLETION-UC
W-002101,7,4,3,0,0,1,STRONG_WARNING,MPLADS-11.2-COMPLETION-UC
W-002102,7,4,3,0,0,1,STRONG_WARNING,MPLADS-11.2-COMPLETION-UC
W-002103,3,3,0,0,0,5,NONE,
W-002104,0,0,0,0,0,8,NONE,
W-002105,7,4,3,0,0,1,STRONG_WARNING,MPLADS-11.2-COMPLETION-UC
W-002106,7,4,3,0,0,1,STRONG_WARNING,MPLADS-11.2-COMPLETION-UC
W-002107,7,3,4,0,0,1,STRONG_WARNING,MPLADS-11.2-COMPLETION-UC
W-002108,7,4,3,0,0,1,STRONG_WARNING,MPLADS-11.2-COMPLETION-UC
W-002109,3,3,0,0,0,5,NONE,
W-002110,7,4,3,0,0,1,STRONG_WARNING,MPLADS-11.2-COMPLETION-UC
W-002111,7,4,3,0,0,1,STRONG_WARNING,MPLADS-11.2-COMPLETION-UC
W-002112,7,4,3,0,0,1,STRONG_WARNING,MPLADS-11.2-COMPLETION-UC
W-002113,7,4,3,0,0,1,STRONG_WARNING,MPLADS-11.2-COMPLETION-UC
W-002114,3,2,1,0,0,5,WARNING,MPLADS-3.2.4-SANCTION-45D
W-002115,3,2,1,0,0,5,WARNING,MPLADS-3.2.12-COMPLETION-LIMIT
W-002116,7,4,3,0,0,1,STRONG_WARNING,MPLADS-11.2-COMPLETION-UC
W-002117,7,4,3,0,0,1,STRONG_WARNING,MPLADS-11.2-COMPLETION-UC
W-002118,7,4,3,0,0,1,STRONG_WARNING,MPLADS-11.2-COMPLETION-UC
W-002119,7,4,3,0,0,1,STRONG_WARNING,MPLADS-11.2-COMPLETION-UC
W-002120,7,4,3,0,0,1,STRONG_WARNING,MPLADS-11.2-COMPLETION-UC
W-002121,0,0,0,0,0,8,NONE,
W-002122,7,4,3,0,0,1,STRONG_WARNING,MPLADS-11.2-COMPLETION-UC
W-002123,7,4,3,0,0,1,STRONG_WARNING,MPLADS-11.2-COMPLETION-UC
W-002124,3,3,0,0,0,5,NONE,
W-002125,3,3,0,0,0,5,NONE,
W-002126,7,4,3,0,0,1,STRONG_WARNING,MPLADS-11.2-COMPLETION-UC
W-002127,3,3,0,0,0,5,NONE,
W-002128,7,4,3,0,0,1,STRONG_WARNING,MPLADS-11.2-COMPLETION-UC
W-002129,7,4,3,0,0,1,STRONG_WARNING,MPLADS-11.2-COMPLETION-UC
W-002130,0,0,0,0,0,8,NONE,
W-002131,7,4,3,0,0,1,STRONG_WARNING,MPLADS-11.2-COMPLETION-UC
W-002132,3,3,0,0,0,5,NONE,
W-002133,7,3,4,0,0,1,STRONG_WARNING,MPLADS-11.2-COMPLETION-UC
W-002134,7,4,3,0,0,1,STRONG_WARNING,MPLADS-11.2-COMPLETION-UC
W-002135,7,4,3,0,0,1,STRONG_WARNING,MPLADS-11.2-COMPLETION-UC
W-002136,7,3,4,0,0,1,STRONG_WARNING,MPLADS-11.2-COMPLETION-UC
W-002137,3,3,0,0,0,5,NONE,
W-002138,7,4,3,0,0,1,STRONG_WARNING,MPLADS-11.2-COMPLETION-UC
W-002139,0,0,0,0,0,8,NONE,
W-002140,7,4,3,0,0,1,STRONG_WARNING,MPLADS-11.2-COMPLETION-UC
W-002141,7,3,4,0,0,1,STRONG_WARNING,MPLADS-11.2-COMPLETION-UC
W-002142,0,0,0,0,0,8,NONE,
W-002143,7,4,3,0,0,1,STRONG_WARNING,MPLADS-11.2-COMPLETION-UC
W-002144,7,4,3,0,0,1,STRONG_WARNING,MPLADS-11.2-COMPLETION-UC
W-002145,3,3,0,0,0,5,NONE,
W-002146,3,2,1,0,0,5,WARNING,MPLADS-3.2.12-COMPLETION-LIMIT
W-002147,7,3,4,0,0,1,STRONG_WARNING,MPLADS-11.2-COMPLETION-UC
W-002148,0,0,0,0,0,8,NONE,
W-002149,0,0,0,0,0,8,NONE,
W-002150,3,2,1,0,0,5,WARNING,MPLADS-3.2.12-COMPLETION-LIMIT
W-002151,3,3,0,0,0,5,NONE,
W-002152,3,2,1,0,0,5,WARNING,MPLADS-3.2.12-COMPLETION-LIMIT
W-002153,7,4,3,0,0,1,STRONG_WARNING,MPLADS-11.2-COMPLETION-UC
W-002154,7,3,4,0,0,1,STRONG_WARNING,MPLADS-11.2-COMPLETION-UC
W-002155,3,3,0,0,0,5,NONE,
W-002156,7,3,4,0,0,1,STRONG_WARNING,MPLADS-11.2-COMPLETION-UC
W-002157,7,4,3,0,0,1,STRONG_WARNING,MPLADS-11.2-COMPLETION-UC
W-002158,3,3,0,0,0,5,NONE,
W-002159,7,4,3,0,0,1,STRONG_WARNING,MPLADS-11.2-COMPLETION-UC
W-002160,7,4,3,0,0,1,STRONG_WARNING,MPLADS-11.2-COMPLETION-UC
W-002161,7,3,4,0,0,1,STRONG_WARNING,MPLADS-11.2-COMPLETION-UC
W-002162,8,5,3,0,0,0,STRONG_WARNING,MPLADS-11.2-COMPLETION-UC
W-002163,7,4,3,0,0,1,STRONG_WARNING,MPLADS-11.2-COMPLETION-UC
W-002164,3,2,1,0,0,5,WARNING,MPLADS-3.2.12-COMPLETION-LIMIT
W-002165,3,2,1,0,0,5,WARNING,MPLADS-3.2.12-COMPLETION-LIMIT
W-002166,3,3,0,0,0,5,NONE,
W-002167,7,3,4,0,0,1,STRONG_WARNING,MPLADS-11.2-COMPLETION-UC
W-002168,3,3,0,0,0,5,NONE,
W-002169,7,4,3,0,0,1,STRONG_WARNING,MPLADS-11.2-COMPLETION-UC
W-002170,7,5,2,0,0,1,STRONG_WARNING,MPLADS-11.2-COMPLETION-UC
W-002171,7,4,3,0,0,1,STRONG_WARNING,MPLADS-11.2-COMPLETION-UC
W-002172,0,0,0,0,0,8,NONE,
W-002173,3,3,0,0,0,5,NONE,
W-002174,0,0,0,0,0,8,NONE,
W-002175,3,3,0,0,0,5,NONE,
W-002176,3,3,0,0,0,5,NONE,
W-002177,7,4,3,0,0,1,STRONG_WARNING,MPLADS-11.2-COMPLETION-UC
W-002178,7,4,3,0,0,1,STRONG_WARNING,MPLADS-11.2-COMPLETION-UC
W-002179,0,0,0,0,0,8,NONE,
W-002180,3,3,0,0,0,5,NONE,
W-002181,7,4,3,0,0,1,STRONG_WARNING,MPLADS-11.2-COMPLETION-UC
W-002182,7,4,3,0,0,1,STRONG_WARNING,MPLADS-11.2-COMPLETION-UC
W-002183,0,0,0,0,0,8,NONE,
W-002184,7,4,3,0,0,1,STRONG_WARNING,MPLADS-11.2-COMPLETION-UC
W-002185,3,3,0,0,0,5,NONE,
W-002186,7,3,4,0,0,1,STRONG_WARNING,MPLADS-11.2-COMPLETION-UC
W-002187,3,3,0,0,0,5,NONE,
W-002188,7,4,3,0,0,1,STRONG_WARNING,MPLADS-11.2-COMPLETION-UC
W-002189,7,4,3,0,0,1,STRONG_WARNING,MPLADS-11.2-COMPLETION-UC
W-002190,7,4,3,0,0,1,STRONG_WARNING,MPLADS-11.2-COMPLETION-UC
W-002191,7,4,3,0,0,1,STRONG_WARNING,MPLADS-11.2-COMPLETION-UC
W-002192,3,3,0,0,0,5,NONE,
W-002193,8,6,2,0,0,0,STRONG_WARNING,MPLADS-11.2-COMPLETION-UC
W-002194,7,3,4,0,0,1,STRONG_WARNING,MPLADS-11.2-COMPLETION-UC
W-002195,3,3,0,0,0,5,NONE,
W-002196,7,4,3,0,0,1,STRONG_WARNING,MPLADS-11.2-COMPLETION-UC
W-002197,7,4,3,0,0,1,STRONG_WARNING,MPLADS-11.2-COMPLETION-UC
W-002198,3,3,0,0,0,5,NONE,
W-002199,7,3,4,0,0,1,STRONG_WARNING,MPLADS-11.2-COMPLETION-UC
W-002200,3,3,0,0,0,5,NONE,
W-002201,3,3,0,0,0,5,NONE,
W-002202,7,4,3,0,0,1,STRONG_WARNING,MPLADS-11.2-COMPLETION-UC
W-002203,7,2,5,0,0,1,STRONG_WARNING,MPLADS-11.2-COMPLETION-UC
W-002204,7,4,3,0,0,1,STRONG_WARNING,MPLADS-11.2-COMPLETION-UC
W-002205,7,4,3,0,0,1,STRONG_WARNING,MPLADS-11.2-COMPLETION-UC
W-002206,3,3,0,0,0,5,NONE,
W-002207,7,3,4,0,0,1,STRONG_WARNING,MPLADS-11.2-COMPLETION-UC
W-002208,7,4,3,0,0,1,STRONG_WARNING,MPLADS-11.2-COMPLETION-UC
W-002209,7,4,3,0,0,1,STRONG_WARNING,MPLADS-11.2-COMPLETION-UC
W-002210,3,3,0,0,0,5,NONE,
W-002211,3,3,0,0,0,5,NONE,
W-002212,0,0,0,0,0,8,NONE,
W-002213,7,3,4,0,0,1,STRONG_WARNING,MPLADS-11.2-COMPLETION-UC
W-002214,3,3,0,0,0,5,NONE,
W-002215,7,3,4,0,0,1,STRONG_WARNING,MPLADS-11.2-COMPLETION-UC
W-002216,7,4,3,0,0,1,STRONG_WARNING,MPLADS-11.2-COMPLETION-UC
W-002217,3,3,0,0,0,5,NONE,
W-002218,7,4,3,0,0,1,STRONG_WARNING,MPLADS-11.2-COMPLETION-UC
W-002219,0,0,0,0,0,8,NONE,
W-002220,7,5,2,0,0,1,STRONG_WARNING,MPLADS-11.2-COMPLETION-UC
W-002221,7,3,4,0,0,1,STRONG_WARNING,MPLADS-11.2-COMPLETION-UC
W-002222,7,3,4,0,0,1,STRONG_WARNING,MPLADS-11.2-COMPLETION-UC
W-002223,7,3,4,0,0,1,STRONG_WARNING,MPLADS-11.2-COMPLETION-UC
W-002224,3,3,0,0,0,5,NONE,
W-002225,7,4,3,0,0,1,STRONG_WARNING,MPLADS-11.2-COMPLETION-UC
W-002226,7,3,4,0,0,1,STRONG_WARNING,MPLADS-11.2-COMPLETION-UC
W-002227,3,2,1,0,0,5,WARNING,MPLADS-3.2.12-COMPLETION-LIMIT
W-002228,7,4,3,0,0,1,STRONG_WARNING,MPLADS-11.2-COMPLETION-UC
W-002229,3,3,0,0,0,5,NONE,
W-002230,3,3,0,0,0,5,NONE,
W-002231,3,3,0,0,0,5,NONE,
W-002232,8,6,2,0,0,0,STRONG_WARNING,MPLADS-11.2-COMPLETION-UC
W-002233,7,4,3,0,0,1,STRONG_WARNING,MPLADS-11.2-COMPLETION-UC
W-002234,7,3,4,0,0,1,STRONG_WARNING,MPLADS-11.2-COMPLETION-UC
W-002235,7,4,3,0,0,1,STRONG_WARNING,MPLADS-11.2-COMPLETION-UC
W-002236,7,4,3,0,0,1,STRONG_WARNING,MPLADS-11.2-COMPLETION-UC
W-002237,3,3,0,0,0,5,NONE,
W-002238,7,4,3,0,0,1,STRONG_WARNING,MPLADS-11.2-COMPLETION-UC
W-002239,3,3,0,0,0,5,NONE,
W-002240,3,2,1,0,0,5,WARNING,MPLADS-3.2.4-SANCTION-45D
W-002241,7,2,5,0,0,1,STRONG_WARNING,MPLADS-11.2-COMPLETION-UC
W-002242,3,3,0,0,0,5,NONE,
W-002243,7,4,3,0,0,1,STRONG_WARNING,MPLADS-11.2-COMPLETION-UC
W-002244,7,4,3,0,0,1,STRONG_WARNING,MPLADS-11.2-COMPLETION-UC
W-002245,7,4,3,0,0,1,STRONG_WARNING,MPLADS-11.2-COMPLETION-UC
W-002246,7,4,3,0,0,1,STRONG_WARNING,MPLADS-11.2-COMPLETION-UC
W-002247,3,3,0,0,0,5,NONE,
W-002248,7,4,3,0,0,1,STRONG_WARNING,MPLADS-11.2-COMPLETION-UC
W-002249,3,3,0,0,0,5,NONE,
W-002250,3,2,1,0,0,5,WARNING,MPLADS-3.2.4-SANCTION-45D
W-002251,3,3,0,0,0,5,NONE,
W-002252,0,0,0,0,0,8,NONE,
W-002253,7,4,3,0,0,1,STRONG_WARNING,MPLADS-11.2-COMPLETION-UC
W-002254,3,3,0,0,0,5,NONE,
W-002255,7,3,4,0,0,1,STRONG_WARNING,MPLADS-11.2-COMPLETION-UC
W-002256,3,3,0,0,0,5,NONE,
W-002257,7,4,3,0,0,1,STRONG_WARNING,MPLADS-11.2-COMPLETION-UC
W-002258,7,4,3,0,0,1,STRONG_WARNING,MPLADS-11.2-COMPLETION-UC
W-002259,7,3,4,0,0,1,STRONG_WARNING,MPLADS-11.2-COMPLETION-UC
W-002260,3,3,0,0,0,5,NONE,
W-002261,3,3,0,0,0,5,NONE,
W-002262,3,1,2,0,0,5,WARNING,MPLADS-3.2.12-COMPLETION-LIMIT
W-002263,7,4,3,0,0,1,STRONG_WARNING,MPLADS-11.2-COMPLETION-UC
W-002264,3,3,0,0,0,5,NONE,
W-002265,7,4,3,0,0,1,STRONG_WARNING,MPLADS-11.2-COMPLETION-UC
W-002266,7,3,4,0,0,1,STRONG_WARNING,MPLADS-11.2-COMPLETION-UC
W-002267,3,2,1,0,0,5,WARNING,MPLADS-3.2.12-COMPLETION-LIMIT
W-002268,7,4,3,0,0,1,STRONG_WARNING,MPLADS-11.2-COMPLETION-UC
W-002269,7,3,4,0,0,1,STRONG_WARNING,MPLADS-11.2-COMPLETION-UC
W-002270,0,0,0,0,0,8,NONE,
W-002271,3,2,1,0,0,5,WARNING,MPLADS-3.2.12-COMPLETION-LIMIT
W-002272,3,3,0,0,0,5,NONE,
W-002273,7,4,3,0,0,1,STRONG_WARNING,MPLADS-11.2-COMPLETION-UC
W-002274,7,4,3,0,0,1,STRONG_WARNING,MPLADS-11.2-COMPLETION-UC
W-002275,7,4,3,0,0,1,STRONG_WARNING,MPLADS-11.2-COMPLETION-UC
W-002276,7,4,3,0,0,1,STRONG_WARNING,MPLADS-11.2-COMPLETION-UC
W-002277,3,3,0,0,0,5,NONE,
W-002278,7,4,3,0,0,1,STRONG_WARNING,MPLADS-11.2-COMPLETION-UC
W-002279,7,4,3,0,0,1,STRONG_WARNING,MPLADS-11.2-COMPLETION-UC
W-002280,3,3,0,0,0,5,NONE,
W-002281,3,3,0,0,0,5,NONE,
W-002282,7,4,3,0,0,1,STRONG_WARNING,MPLADS-11.2-COMPLETION-UC
W-002283,0,0,0,0,0,8,NONE,
W-002284,7,4,3,0,0,1,STRONG_WARNING,MPLADS-11.2-COMPLETION-UC
W-002285,7,4,3,0,0,1,STRONG_WARNING,MPLADS-11.2-COMPLETION-UC
W-002286,3,3,0,0,0,5,NONE,
W-002287,7,3,4,0,0,1,STRONG_WARNING,MPLADS-11.2-COMPLETION-UC
W-002288,7,4,3,0,0,1,STRONG_WARNING,MPLADS-11.2-COMPLETION-UC
W-002289,7,3,4,0,0,1,STRONG_WARNING,MPLADS-11.2-COMPLETION-UC
W-002290,7,3,4,0,0,1,STRONG_WARNING,MPLADS-11.2-COMPLETION-UC
W-002291,3,3,0,0,0,5,NONE,
W-002292,3,3,0,0,0,5,NONE,
W-002293,3,2,1,0,0,5,WARNING,MPLADS-3.2.12-COMPLETION-LIMIT
W-002294,3,3,0,0,0,5,NONE,
W-002295,7,4,3,0,0,1,STRONG_WARNING,MPLADS-11.2-COMPLETION-UC
W-002296,7,4,3,0,0,1,STRONG_WARNING,MPLADS-11.2-COMPLETION-UC
W-002297,7,4,3,0,0,1,STRONG_WARNING,MPLADS-11.2-COMPLETION-UC
W-002298,7,4,3,0,0,1,STRONG_WARNING,MPLADS-11.2-COMPLETION-UC
W-002299,7,4,3,0,0,1,STRONG_WARNING,MPLADS-11.2-COMPLETION-UC
W-002300,3,3,0,0,0,5,NONE,
W-002301,7,4,3,0,0,1,STRONG_WARNING,MPLADS-11.2-COMPLETION-UC
W-002302,7,4,3,0,0,1,STRONG_WARNING,MPLADS-11.2-COMPLETION-UC
W-002303,7,4,3,0,0,1,STRONG_WARNING,MPLADS-11.2-COMPLETION-UC
W-002304,7,3,4,0,0,1,STRONG_WARNING,MPLADS-11.2-COMPLETION-UC
W-002305,0,0,0,0,0,8,NONE,
W-002306,7,4,3,0,0,1,STRONG_WARNING,MPLADS-11.2-COMPLETION-UC
W-002307,7,4,3,0,0,1,STRONG_WARNING,MPLADS-11.2-COMPLETION-UC
W-002308,7,5,2,0,0,1,STRONG_WARNING,MPLADS-11.2-COMPLETION-UC
W-002309,8,6,2,0,0,0,STRONG_WARNING,MPLADS-11.2-COMPLETION-UC
W-002310,7,4,3,0,0,1,STRONG_WARNING,MPLADS-11.2-COMPLETION-UC
W-002311,7,4,3,0,0,1,STRONG_WARNING,MPLADS-11.2-COMPLETION-UC
W-002312,3,3,0,0,0,5,NONE,
W-002313,3,2,1,0,0,5,WARNING,MPLADS-3.2.12-COMPLETION-LIMIT
W-002314,7,4,3,0,0,1,STRONG_WARNING,MPLADS-11.2-COMPLETION-UC
W-002315,7,4,3,0,0,1,STRONG_WARNING,MPLADS-11.2-COMPLETION-UC
W-002316,7,4,3,0,0,1,STRONG_WARNING,MPLADS-11.2-COMPLETION-UC
W-002317,7,4,3,0,0,1,STRONG_WARNING,MPLADS-11.2-COMPLETION-UC
W-002318,7,4,3,0,0,1,STRONG_WARNING,MPLADS-11.2-COMPLETION-UC
W-002319,7,4,3,0,0,1,STRONG_WARNING,MPLADS-11.2-COMPLETION-UC
W-002320,3,3,0,0,0,5,NONE,
W-002321,7,4,3,0,0,1,STRONG_WARNING,MPLADS-11.2-COMPLETION-UC
W-002322,7,4,3,0,0,1,STRONG_WARNING,MPLADS-11.2-COMPLETION-UC
W-002323,7,4,3,0,0,1,STRONG_WARNING,MPLADS-11.2-COMPLETION-UC
W-002324,7,4,3,0,0,1,STRONG_WARNING,MPLADS-11.2-COMPLETION-UC
W-002325,7,3,4,0,0,1,STRONG_WARNING,MPLADS-11.2-COMPLETION-UC
W-002326,7,3,4,0,0,1,STRONG_WARNING,MPLADS-11.2-COMPLETION-UC
W-002327,3,2,1,0,0,5,WARNING,MPLADS-3.2.4-SANCTION-45D
W-002328,0,0,0,0,0,8,NONE,
W-002329,0,0,0,0,0,8,NONE,
W-002330,7,4,3,0,0,1,STRONG_WARNING,MPLADS-11.2-COMPLETION-UC
W-002331,7,4,3,0,0,1,STRONG_WARNING,MPLADS-11.2-COMPLETION-UC
W-002332,7,3,4,0,0,1,STRONG_WARNING,MPLADS-11.2-COMPLETION-UC
W-002333,7,4,3,0,0,1,STRONG_WARNING,MPLADS-11.2-COMPLETION-UC
W-002334,7,4,3,0,0,1,STRONG_WARNING,MPLADS-11.2-COMPLETION-UC
W-002335,7,4,3,0,0,1,STRONG_WARNING,MPLADS-11.2-COMPLETION-UC
W-002336,7,4,3,0,0,1,STRONG_WARNING,MPLADS-11.2-COMPLETION-UC
W-002337,7,4,3,0,0,1,STRONG_WARNING,MPLADS-11.2-COMPLETION-UC
W-002338,0,0,0,0,0,8,NONE,
W-002339,0,0,0,0,0,8,NONE,
W-002340,7,4,3,0,0,1,STRONG_WARNING,MPLADS-11.2-COMPLETION-UC
W-002341,7,3,4,0,0,1,STRONG_WARNING,MPLADS-11.2-COMPLETION-UC
W-002342,7,4,3,0,0,1,STRONG_WARNING,MPLADS-11.2-COMPLETION-UC
W-002343,8,6,2,0,0,0,STRONG_WARNING,MPLADS-11.2-COMPLETION-UC
W-002344,7,4,3,0,0,1,STRONG_WARNING,MPLADS-11.2-COMPLETION-UC
W-002345,7,4,3,0,0,1,STRONG_WARNING,MPLADS-11.2-COMPLETION-UC
W-002346,3,3,0,0,0,5,NONE,
W-002347,7,4,3,0,0,1,STRONG_WARNING,MPLADS-11.2-COMPLETION-UC
W-002348,3,3,0,0,0,5,NONE,
W-002349,8,6,2,0,0,0,STRONG_WARNING,MPLADS-11.2-COMPLETION-UC
W-002350,7,3,4,0,0,1,STRONG_WARNING,MPLADS-11.2-COMPLETION-UC
W-002351,3,2,1,0,0,5,WARNING,MPLADS-3.2.4-SANCTION-45D
W-002352,7,4,3,0,0,1,STRONG_WARNING,MPLADS-11.2-COMPLETION-UC
W-002353,0,0,0,0,0,8,NONE,
W-002354,7,4,3,0,0,1,STRONG_WARNING,MPLADS-11.2-COMPLETION-UC
W-002355,7,4,3,0,0,1,STRONG_WARNING,MPLADS-11.2-COMPLETION-UC
W-002356,7,4,3,0,0,1,STRONG_WARNING,MPLADS-11.2-COMPLETION-UC
W-002357,3,2,1,0,0,5,WARNING,MPLADS-3.2.12-COMPLETION-LIMIT
W-002358,7,4,3,0,0,1,STRONG_WARNING,MPLADS-11.2-COMPLETION-UC
W-002359,7,4,3,0,0,1,STRONG_WARNING,MPLADS-11.2-COMPLETION-UC
W-002360,7,4,3,0,0,1,STRONG_WARNING,MPLADS-11.2-COMPLETION-UC
W-002361,3,2,1,0,0,5,WARNING,MPLADS-3.2.12-COMPLETION-LIMIT
W-002362,3,3,0,0,0,5,NONE,
W-002363,0,0,0,0,0,8,NONE,
W-002364,3,3,0,0,0,5,NONE,
W-002365,7,2,5,0,0,1,STRONG_WARNING,MPLADS-11.2-COMPLETION-UC
W-002366,7,5,2,0,0,1,STRONG_WARNING,MPLADS-11.2-COMPLETION-UC
W-002367,7,4,3,0,0,1,STRONG_WARNING,MPLADS-11.2-COMPLETION-UC
W-002368,7,4,3,0,0,1,STRONG_WARNING,MPLADS-11.2-COMPLETION-UC
W-002369,7,3,4,0,0,1,STRONG_WARNING,MPLADS-11.2-COMPLETION-UC
W-002370,3,1,2,0,0,5,WARNING,MPLADS-3.2.12-COMPLETION-LIMIT
W-002371,7,3,4,0,0,1,STRONG_WARNING,MPLADS-11.2-COMPLETION-UC
W-002372,7,4,3,0,0,1,STRONG_WARNING,MPLADS-11.2-COMPLETION-UC
W-002373,3,3,0,0,0,5,NONE,
W-002374,0,0,0,0,0,8,NONE,
W-002375,7,3,4,0,0,1,STRONG_WARNING,MPLADS-11.2-COMPLETION-UC
W-002376,3,3,0,0,0,5,NONE,
W-002377,7,4,3,0,0,1,STRONG_WARNING,MPLADS-11.2-COMPLETION-UC
W-002378,7,4,3,0,0,1,STRONG_WARNING,MPLADS-11.2-COMPLETION-UC
W-002379,0,0,0,0,0,8,NONE,
W-002380,8,6,2,0,0,0,STRONG_WARNING,MPLADS-11.2-COMPLETION-UC
W-002381,7,4,3,0,0,1,STRONG_WARNING,MPLADS-11.2-COMPLETION-UC
W-002382,3,3,0,0,0,5,NONE,
W-002383,7,3,4,0,0,1,STRONG_WARNING,MPLADS-11.2-COMPLETION-UC
W-002384,3,2,1,0,0,5,WARNING,MPLADS-3.2.4-SANCTION-45D
W-002385,3,3,0,0,0,5,NONE,
W-002386,7,3,4,0,0,1,STRONG_WARNING,MPLADS-11.2-COMPLETION-UC
W-002387,7,4,3,0,0,1,STRONG_WARNING,MPLADS-11.2-COMPLETION-UC
W-002388,7,4,3,0,0,1,STRONG_WARNING,MPLADS-11.2-COMPLETION-UC
W-002389,7,4,3,0,0,1,STRONG_WARNING,MPLADS-11.2-COMPLETION-UC
W-002390,7,4,3,0,0,1,STRONG_WARNING,MPLADS-11.2-COMPLETION-UC
W-002391,7,4,3,0,0,1,STRONG_WARNING,MPLADS-11.2-COMPLETION-UC
W-002392,7,4,3,0,0,1,STRONG_WARNING,MPLADS-11.2-COMPLETION-UC
W-002393,7,3,4,0,0,1,STRONG_WARNING,MPLADS-11.2-COMPLETION-UC
W-002394,3,2,1,0,0,5,WARNING,MPLADS-3.2.12-COMPLETION-LIMIT
W-002395,7,4,3,0,0,1,STRONG_WARNING,MPLADS-11.2-COMPLETION-UC
W-002396,7,4,3,0,0,1,STRONG_WARNING,MPLADS-11.2-COMPLETION-UC
W-002397,7,4,3,0,0,1,STRONG_WARNING,MPLADS-11.2-COMPLETION-UC
W-002398,3,2,1,0,0,5,WARNING,MPLADS-3.2.4-SANCTION-45D
W-002399,7,4,3,0,0,1,STRONG_WARNING,MPLADS-11.2-COMPLETION-UC
W-002400,7,4,3,0,0,1,STRONG_WARNING,MPLADS-11.2-COMPLETION-UC
W-002401,7,4,3,0,0,1,STRONG_WARNING,MPLADS-11.2-COMPLETION-UC
W-002402,7,4,3,0,0,1,STRONG_WARNING,MPLADS-11.2-COMPLETION-UC
W-002403,7,4,3,0,0,1,STRONG_WARNING,MPLADS-11.2-COMPLETION-UC
W-002404,7,3,4,0,0,1,STRONG_WARNING,MPLADS-11.2-COMPLETION-UC
W-002405,3,2,1,0,0,5,WARNING,MPLADS-3.2.4-SANCTION-45D
W-002406,7,3,4,0,0,1,STRONG_WARNING,MPLADS-11.2-COMPLETION-UC
W-002407,3,3,0,0,0,5,NONE,
W-002408,3,2,1,0,0,5,WARNING,MPLADS-3.2.12-COMPLETION-LIMIT
W-002409,7,4,3,0,0,1,STRONG_WARNING,MPLADS-11.2-COMPLETION-UC
W-002410,7,4,3,0,0,1,STRONG_WARNING,MPLADS-11.2-COMPLETION-UC
W-002411,3,3,0,0,0,5,NONE,
W-002412,7,5,2,0,0,1,STRONG_WARNING,MPLADS-11.2-COMPLETION-UC
W-002413,3,3,0,0,0,5,NONE,
W-002414,7,4,3,0,0,1,STRONG_WARNING,MPLADS-11.2-COMPLETION-UC
W-002415,7,4,3,0,0,1,STRONG_WARNING,MPLADS-11.2-COMPLETION-UC
W-002416,7,3,4,0,0,1,STRONG_WARNING,MPLADS-11.2-COMPLETION-UC
W-002417,3,3,0,0,0,5,NONE,
W-002418,7,4,3,0,0,1,STRONG_WARNING,MPLADS-11.2-COMPLETION-UC
W-002419,3,3,0,0,0,5,NONE,
W-002420,3,3,0,0,0,5,NONE,
W-002421,7,4,3,0,0,1,STRONG_WARNING,MPLADS-11.2-COMPLETION-UC
W-002422,3,3,0,0,0,5,NONE,
W-002423,7,4,3,0,0,1,STRONG_WARNING,MPLADS-11.2-COMPLETION-UC
W-002424,7,3,4,0,0,1,STRONG_WARNING,MPLADS-11.2-COMPLETION-UC
W-002425,3,2,1,0,0,5,WARNING,MPLADS-3.2.4-SANCTION-45D
W-002426,7,3,4,0,0,1,STRONG_WARNING,MPLADS-11.2-COMPLETION-UC
W-002427,7,3,4,0,0,1,STRONG_WARNING,MPLADS-11.2-COMPLETION-UC
W-002428,8,5,3,0,0,0,STRONG_WARNING,MPLADS-11.2-COMPLETION-UC
W-002429,7,4,3,0,0,1,STRONG_WARNING,MPLADS-11.2-COMPLETION-UC
W-002430,7,3,4,0,0,1,STRONG_WARNING,MPLADS-11.2-COMPLETION-UC
W-002431,7,4,3,0,0,1,STRONG_WARNING,MPLADS-11.2-COMPLETION-UC
W-002432,3,3,0,0,0,5,NONE,
W-002433,7,4,3,0,0,1,STRONG_WARNING,MPLADS-11.2-COMPLETION-UC
W-002434,7,4,3,0,0,1,STRONG_WARNING,MPLADS-11.2-COMPLETION-UC
W-002435,7,4,3,0,0,1,STRONG_WARNING,MPLADS-11.2-COMPLETION-UC
W-002436,7,4,3,0,0,1,STRONG_WARNING,MPLADS-11.2-COMPLETION-UC
W-002437,0,0,0,0,0,8,NONE,
W-002438,7,3,4,0,0,1,STRONG_WARNING,MPLADS-11.2-COMPLETION-UC
W-002439,7,3,4,0,0,1,STRONG_WARNING,MPLADS-11.2-COMPLETION-UC
W-002440,7,4,3,0,0,1,STRONG_WARNING,MPLADS-11.2-COMPLETION-UC
W-002441,3,3,0,0,0,5,NONE,
W-002442,7,4,3,0,0,1,STRONG_WARNING,MPLADS-11.2-COMPLETION-UC
W-002443,0,0,0,0,0,8,NONE,
W-002444,7,4,3,0,0,1,STRONG_WARNING,MPLADS-11.2-COMPLETION-UC
W-002445,3,3,0,0,0,5,NONE,
W-002446,3,2,1,0,0,5,WARNING,MPLADS-3.2.12-COMPLETION-LIMIT
W-002447,3,3,0,0,0,5,NONE,
W-002448,7,4,3,0,0,1,STRONG_WARNING,MPLADS-11.2-COMPLETION-UC
W-002449,7,4,3,0,0,1,STRONG_WARNING,MPLADS-11.2-COMPLETION-UC
W-002450,0,0,0,0,0,8,NONE,
W-002451,3,3,0,0,0,5,NONE,
W-002452,7,4,3,0,0,1,STRONG_WARNING,MPLADS-11.2-COMPLETION-UC
W-002453,0,0,0,0,0,8,NONE,
W-002454,7,4,3,0,0,1,STRONG_WARNING,MPLADS-11.2-COMPLETION-UC
W-002455,3,3,0,0,0,5,NONE,
W-002456,7,4,3,0,0,1,STRONG_WARNING,MPLADS-11.2-COMPLETION-UC
W-002457,7,4,3,0,0,1,STRONG_WARNING,MPLADS-11.2-COMPLETION-UC
W-002458,7,4,3,0,0,1,STRONG_WARNING,MPLADS-11.2-COMPLETION-UC
W-002459,7,4,3,0,0,1,STRONG_WARNING,MPLADS-11.2-COMPLETION-UC
W-002460,3,3,0,0,0,5,NONE,
W-002461,3,3,0,0,0,5,NONE,
W-002462,7,4,3,0,0,1,STRONG_WARNING,MPLADS-11.2-COMPLETION-UC
W-002463,7,3,4,0,0,1,STRONG_WARNING,MPLADS-11.2-COMPLETION-UC
W-002464,7,3,4,0,0,1,STRONG_WARNING,MPLADS-11.2-COMPLETION-UC
W-002465,7,4,3,0,0,1,STRONG_WARNING,MPLADS-11.2-COMPLETION-UC
W-002466,7,3,4,0,0,1,STRONG_WARNING,MPLADS-11.2-COMPLETION-UC
W-002467,7,4,3,0,0,1,STRONG_WARNING,MPLADS-11.2-COMPLETION-UC
W-002468,7,4,3,0,0,1,STRONG_WARNING,MPLADS-11.2-COMPLETION-UC
W-002469,3,3,0,0,0,5,NONE,
W-002470,7,3,4,0,0,1,STRONG_WARNING,MPLADS-11.2-COMPLETION-UC
W-002471,3,3,0,0,0,5,NONE,
W-002472,0,0,0,0,0,8,NONE,
W-002473,7,4,3,0,0,1,STRONG_WARNING,MPLADS-11.2-COMPLETION-UC
W-002474,7,4,3,0,0,1,STRONG_WARNING,MPLADS-11.2-COMPLETION-UC
W-002475,7,5,2,0,0,1,STRONG_WARNING,MPLADS-11.2-COMPLETION-UC
W-002476,3,3,0,0,0,5,NONE,
W-002477,3,3,0,0,0,5,NONE,
W-002478,7,4,3,0,0,1,STRONG_WARNING,MPLADS-11.2-COMPLETION-UC
W-002479,7,3,4,0,0,1,STRONG_WARNING,MPLADS-11.2-COMPLETION-UC
W-002480,3,3,0,0,0,5,NONE,
W-002481,3,1,2,0,0,5,WARNING,MPLADS-3.2.12-COMPLETION-LIMIT
W-002482,7,3,4,0,0,1,STRONG_WARNING,MPLADS-11.2-COMPLETION-UC
W-002483,7,4,3,0,0,1,STRONG_WARNING,MPLADS-11.2-COMPLETION-UC
W-002484,3,3,0,0,0,5,NONE,
W-002485,7,4,3,0,0,1,STRONG_WARNING,MPLADS-11.2-COMPLETION-UC
W-002486,3,1,2,0,0,5,WARNING,MPLADS-3.2.12-COMPLETION-LIMIT
W-002487,8,5,3,0,0,0,STRONG_WARNING,MPLADS-11.2-COMPLETION-UC
W-002488,7,4,3,0,0,1,STRONG_WARNING,MPLADS-11.2-COMPLETION-UC
W-002489,7,3,4,0,0,1,STRONG_WARNING,MPLADS-11.2-COMPLETION-UC
W-002490,3,2,1,0,0,5,WARNING,MPLADS-3.2.12-COMPLETION-LIMIT
W-002491,7,4,3,0,0,1,STRONG_WARNING,MPLADS-11.2-COMPLETION-UC
W-002492,0,0,0,0,0,8,NONE,
W-002493,7,3,4,0,0,1,STRONG_WARNING,MPLADS-11.2-COMPLETION-UC
W-002494,3,3,0,0,0,5,NONE,
W-002495,0,0,0,0,0,8,NONE,
W-002496,7,4,3,0,0,1,STRONG_WARNING,MPLADS-11.2-COMPLETION-UC
W-002497,3,3,0,0,0,5,NONE,
W-002498,7,4,3,0,0,1,STRONG_WARNING,MPLADS-11.2-COMPLETION-UC
W-002499,7,4,3,0,0,1,STRONG_WARNING,MPLADS-11.2-COMPLETION-UC
W-002500,7,3,4,0,0,1,STRONG_WARNING,MPLADS-11.2-COMPLETION-UC
W-002501,7,4,3,0,0,1,STRONG_WARNING,MPLADS-11.2-COMPLETION-UC
W-002502,3,1,2,0,0,5,WARNING,MPLADS-3.2.12-COMPLETION-LIMIT
W-002503,3,3,0,0,0,5,NONE,
W-002504,3,3,0,0,0,5,NONE,
W-002505,7,4,3,0,0,1,STRONG_WARNING,MPLADS-11.2-COMPLETION-UC
W-002506,7,4,3,0,0,1,STRONG_WARNING,MPLADS-11.2-COMPLETION-UC
W-002507,3,3,0,0,0,5,NONE,
W-002508,3,3,0,0,0,5,NONE,
W-002509,8,5,3,0,0,0,STRONG_WARNING,MPLADS-11.2-COMPLETION-UC
W-002510,7,4,3,0,0,1,STRONG_WARNING,MPLADS-11.2-COMPLETION-UC
W-002511,0,0,0,0,0,8,NONE,
W-002512,7,4,3,0,0,1,STRONG_WARNING,MPLADS-11.2-COMPLETION-UC
W-002513,7,4,3,0,0,1,STRONG_WARNING,MPLADS-11.2-COMPLETION-UC
W-002514,3,3,0,0,0,5,NONE,
W-002515,7,4,3,0,0,1,STRONG_WARNING,MPLADS-11.2-COMPLETION-UC
W-002516,3,2,1,0,0,5,WARNING,MPLADS-3.2.4-SANCTION-45D
W-002517,7,3,4,0,0,1,STRONG_WARNING,MPLADS-11.2-COMPLETION-UC
W-002518,3,3,0,0,0,5,NONE,
W-002519,7,3,4,0,0,1,STRONG_WARNING,MPLADS-11.2-COMPLETION-UC
W-002520,7,4,3,0,0,1,STRONG_WARNING,MPLADS-11.2-COMPLETION-UC
W-002521,3,2,1,0,0,5,WARNING,MPLADS-3.2.12-COMPLETION-LIMIT
W-002522,3,2,1,0,0,5,WARNING,MPLADS-3.2.4-SANCTION-45D
W-002523,7,4,3,0,0,1,STRONG_WARNING,MPLADS-11.2-COMPLETION-UC
W-002524,3,3,0,0,0,5,NONE,
W-002525,7,4,3,0,0,1,STRONG_WARNING,MPLADS-11.2-COMPLETION-UC
W-002526,7,4,3,0,0,1,STRONG_WARNING,MPLADS-11.2-COMPLETION-UC
W-002527,7,4,3,0,0,1,STRONG_WARNING,MPLADS-11.2-COMPLETION-UC
W-002528,7,4,3,0,0,1,STRONG_WARNING,MPLADS-11.2-COMPLETION-UC
W-002529,3,3,0,0,0,5,NONE,
W-002530,7,4,3,0,0,1,STRONG_WARNING,MPLADS-11.2-COMPLETION-UC
W-002531,7,4,3,0,0,1,STRONG_WARNING,MPLADS-11.2-COMPLETION-UC
W-002532,3,3,0,0,0,5,NONE,
W-002533,0,0,0,0,0,8,NONE,
W-002534,7,4,3,0,0,1,STRONG_WARNING,MPLADS-11.2-COMPLETION-UC
W-002535,7,5,2,0,0,1,STRONG_WARNING,MPLADS-11.2-COMPLETION-UC
W-002536,8,6,2,0,0,0,STRONG_WARNING,MPLADS-11.2-COMPLETION-UC
W-002537,7,4,3,0,0,1,STRONG_WARNING,MPLADS-11.2-COMPLETION-UC
W-002538,7,4,3,0,0,1,STRONG_WARNING,MPLADS-11.2-COMPLETION-UC
W-002539,7,4,3,0,0,1,STRONG_WARNING,MPLADS-11.2-COMPLETION-UC
W-002540,0,0,0,0,0,8,NONE,
W-002541,3,2,1,0,0,5,WARNING,MPLADS-3.2.4-SANCTION-45D
W-002542,0,0,0,0,0,8,NONE,
W-002543,3,3,0,0,0,5,NONE,
W-002544,7,4,3,0,0,1,STRONG_WARNING,MPLADS-11.2-COMPLETION-UC
W-002545,3,3,0,0,0,5,NONE,
W-002546,3,2,1,0,0,5,WARNING,MPLADS-3.2.4-SANCTION-45D
W-002547,7,3,4,0,0,1,STRONG_WARNING,MPLADS-11.2-COMPLETION-UC
W-002548,7,3,4,0,0,1,STRONG_WARNING,MPLADS-11.2-COMPLETION-UC
W-002549,3,3,0,0,0,5,NONE,
W-002550,7,3,4,0,0,1,STRONG_WARNING,MPLADS-11.2-COMPLETION-UC
W-002551,0,0,0,0,0,8,NONE,
W-002552,0,0,0,0,0,8,NONE,
W-002553,0,0,0,0,0,8,NONE,
W-002554,7,4,3,0,0,1,STRONG_WARNING,MPLADS-11.2-COMPLETION-UC
W-002555,7,4,3,0,0,1,STRONG_WARNING,MPLADS-11.2-COMPLETION-UC
W-002556,7,4,3,0,0,1,STRONG_WARNING,MPLADS-11.2-COMPLETION-UC
W-002557,7,4,3,0,0,1,STRONG_WARNING,MPLADS-11.2-COMPLETION-UC
W-002558,7,4,3,0,0,1,STRONG_WARNING,MPLADS-11.2-COMPLETION-UC
W-002559,7,4,3,0,0,1,STRONG_WARNING,MPLADS-11.2-COMPLETION-UC
W-002560,0,0,0,0,0,8,NONE,
W-002561,7,4,3,0,0,1,STRONG_WARNING,MPLADS-11.2-COMPLETION-UC
W-002562,0,0,0,0,0,8,NONE,
W-002563,7,4,3,0,0,1,STRONG_WARNING,MPLADS-11.2-COMPLETION-UC
W-002564,0,0,0,0,0,8,NONE,
W-002565,7,4,3,0,0,1,STRONG_WARNING,MPLADS-11.2-COMPLETION-UC
W-002566,7,4,3,0,0,1,STRONG_WARNING,MPLADS-11.2-COMPLETION-UC
W-002567,3,3,0,0,0,5,NONE,
W-002568,7,4,3,0,0,1,STRONG_WARNING,MPLADS-11.2-COMPLETION-UC
W-002569,0,0,0,0,0,8,NONE,
W-002570,7,4,3,0,0,1,STRONG_WARNING,MPLADS-11.2-COMPLETION-UC
W-002571,0,0,0,0,0,8,NONE,
W-002572,7,3,4,0,0,1,STRONG_WARNING,MPLADS-11.2-COMPLETION-UC
W-002573,3,3,0,0,0,5,NONE,
W-002574,7,4,3,0,0,1,STRONG_WARNING,MPLADS-11.2-COMPLETION-UC
W-002575,7,4,3,0,0,1,STRONG_WARNING,MPLADS-11.2-COMPLETION-UC
W-002576,7,4,3,0,0,1,STRONG_WARNING,MPLADS-11.2-COMPLETION-UC
W-002577,7,2,5,0,0,1,STRONG_WARNING,MPLADS-11.2-COMPLETION-UC
W-002578,7,4,3,0,0,1,STRONG_WARNING,MPLADS-11.2-COMPLETION-UC
W-002579,7,3,4,0,0,1,STRONG_WARNING,MPLADS-11.2-COMPLETION-UC
W-002580,7,4,3,0,0,1,STRONG_WARNING,MPLADS-11.2-COMPLETION-UC
W-002581,3,2,1,0,0,5,WARNING,MPLADS-3.2.12-COMPLETION-LIMIT
W-002582,7,4,3,0,0,1,STRONG_WARNING,MPLADS-11.2-COMPLETION-UC
W-002583,7,4,3,0,0,1,STRONG_WARNING,MPLADS-11.2-COMPLETION-UC
W-002584,3,3,0,0,0,5,NONE,
W-002585,0,0,0,0,0,8,NONE,
W-002586,3,3,0,0,0,5,NONE,
W-002587,7,4,3,0,0,1,STRONG_WARNING,MPLADS-11.2-COMPLETION-UC
W-002588,3,2,1,0,0,5,WARNING,MPLADS-3.2.4-SANCTION-45D
W-002589,3,2,1,0,0,5,WARNING,MPLADS-3.2.4-SANCTION-45D
W-002590,7,4,3,0,0,1,STRONG_WARNING,MPLADS-11.2-COMPLETION-UC
W-002591,7,4,3,0,0,1,STRONG_WARNING,MPLADS-11.2-COMPLETION-UC
W-002592,7,4,3,0,0,1,STRONG_WARNING,MPLADS-11.2-COMPLETION-UC
W-002593,7,4,3,0,0,1,STRONG_WARNING,MPLADS-11.2-COMPLETION-UC
W-002594,7,4,3,0,0,1,STRONG_WARNING,MPLADS-11.2-COMPLETION-UC
W-002595,7,4,3,0,0,1,STRONG_WARNING,MPLADS-11.2-COMPLETION-UC
W-002596,7,4,3,0,0,1,STRONG_WARNING,MPLADS-11.2-COMPLETION-UC
W-002597,3,3,0,0,0,5,NONE,
W-002598,3,3,0,0,0,5,NONE,
W-002599,7,3,4,0,0,1,STRONG_WARNING,MPLADS-11.2-COMPLETION-UC
W-002600,0,0,0,0,0,8,NONE,
W-002601,7,4,3,0,0,1,STRONG_WARNING,MPLADS-11.2-COMPLETION-UC
W-002602,7,5,2,0,0,1,STRONG_WARNING,MPLADS-11.2-COMPLETION-UC
W-002603,3,3,0,0,0,5,NONE,
W-002604,3,3,0,0,0,5,NONE,
W-002605,3,2,1,0,0,5,WARNING,MPLADS-3.2.4-SANCTION-45D
W-002606,3,3,0,0,0,5,NONE,
W-002607,3,2,1,0,0,5,WARNING,MPLADS-3.2.12-COMPLETION-LIMIT
W-002608,7,4,3,0,0,1,STRONG_WARNING,MPLADS-11.2-COMPLETION-UC
W-002609,7,4,3,0,0,1,STRONG_WARNING,MPLADS-11.2-COMPLETION-UC
W-002610,7,3,4,0,0,1,STRONG_WARNING,MPLADS-11.2-COMPLETION-UC
W-002611,0,0,0,0,0,8,NONE,
W-002612,7,4,3,0,0,1,STRONG_WARNING,MPLADS-11.2-COMPLETION-UC
W-002613,0,0,0,0,0,8,NONE,
W-002614,7,4,3,0,0,1,STRONG_WARNING,MPLADS-11.2-COMPLETION-UC
W-002615,7,4,3,0,0,1,STRONG_WARNING,MPLADS-11.2-COMPLETION-UC
W-002616,7,3,4,0,0,1,STRONG_WARNING,MPLADS-11.2-COMPLETION-UC
W-002617,3,3,0,0,0,5,NONE,
W-002618,3,3,0,0,0,5,NONE,
W-002619,7,4,3,0,0,1,STRONG_WARNING,MPLADS-11.2-COMPLETION-UC
W-002620,3,3,0,0,0,5,NONE,
W-002621,7,3,4,0,0,1,STRONG_WARNING,MPLADS-11.2-COMPLETION-UC
W-002622,3,2,1,0,0,5,WARNING,MPLADS-3.2.4-SANCTION-45D
W-002623,3,2,1,0,0,5,WARNING,MPLADS-3.2.4-SANCTION-45D
W-002624,7,4,3,0,0,1,STRONG_WARNING,MPLADS-11.2-COMPLETION-UC
W-002625,0,0,0,0,0,8,NONE,
W-002626,3,3,0,0,0,5,NONE,
W-002627,7,4,3,0,0,1,STRONG_WARNING,MPLADS-11.2-COMPLETION-UC
W-002628,7,4,3,0,0,1,STRONG_WARNING,MPLADS-11.2-COMPLETION-UC
W-002629,7,4,3,0,0,1,STRONG_WARNING,MPLADS-11.2-COMPLETION-UC
W-002630,3,2,1,0,0,5,WARNING,MPLADS-3.2.4-SANCTION-45D
W-002631,7,4,3,0,0,1,STRONG_WARNING,MPLADS-11.2-COMPLETION-UC
W-002632,3,2,1,0,0,5,WARNING,MPLADS-3.2.12-COMPLETION-LIMIT
W-002633,7,4,3,0,0,1,STRONG_WARNING,MPLADS-11.2-COMPLETION-UC
W-002634,7,4,3,0,0,1,STRONG_WARNING,MPLADS-11.2-COMPLETION-UC
W-002635,7,4,3,0,0,1,STRONG_WARNING,MPLADS-11.2-COMPLETION-UC
W-002636,0,0,0,0,0,8,NONE,
W-002637,3,3,0,0,0,5,NONE,
W-002638,7,4,3,0,0,1,STRONG_WARNING,MPLADS-11.2-COMPLETION-UC
W-002639,3,3,0,0,0,5,NONE,
W-002640,0,0,0,0,0,8,NONE,
W-002641,7,5,2,0,0,1,STRONG_WARNING,MPLADS-11.2-COMPLETION-UC
W-002642,7,4,3,0,0,1,STRONG_WARNING,MPLADS-11.2-COMPLETION-UC
W-002643,7,4,3,0,0,1,STRONG_WARNING,MPLADS-11.2-COMPLETION-UC
W-002644,3,2,1,0,0,5,WARNING,MPLADS-3.2.4-SANCTION-45D
W-002645,7,4,3,0,0,1,STRONG_WARNING,MPLADS-11.2-COMPLETION-UC
W-002646,7,3,4,0,0,1,STRONG_WARNING,MPLADS-11.2-COMPLETION-UC
W-002647,0,0,0,0,0,8,NONE,
W-002648,3,3,0,0,0,5,NONE,
W-002649,3,3,0,0,0,5,NONE,
W-002650,7,4,3,0,0,1,STRONG_WARNING,MPLADS-11.2-COMPLETION-UC
W-002651,7,5,2,0,0,1,STRONG_WARNING,MPLADS-11.2-COMPLETION-UC
W-002652,3,3,0,0,0,5,NONE,
W-002653,7,3,4,0,0,1,STRONG_WARNING,MPLADS-11.2-COMPLETION-UC
W-002654,7,4,3,0,0,1,STRONG_WARNING,MPLADS-11.2-COMPLETION-UC
W-002655,3,3,0,0,0,5,NONE,
W-002656,3,3,0,0,0,5,NONE,
W-002657,7,4,3,0,0,1,STRONG_WARNING,MPLADS-11.2-COMPLETION-UC
W-002658,7,4,3,0,0,1,STRONG_WARNING,MPLADS-11.2-COMPLETION-UC
W-002659,3,3,0,0,0,5,NONE,
W-002660,7,4,3,0,0,1,STRONG_WARNING,MPLADS-11.2-COMPLETION-UC
W-002661,7,4,3,0,0,1,STRONG_WARNING,MPLADS-11.2-COMPLETION-UC
W-002662,7,4,3,0,0,1,STRONG_WARNING,MPLADS-11.2-COMPLETION-UC
W-002663,7,4,3,0,0,1,STRONG_WARNING,MPLADS-11.2-COMPLETION-UC
W-002664,0,0,0,0,0,8,NONE,
W-002665,7,4,3,0,0,1,STRONG_WARNING,MPLADS-11.2-COMPLETION-UC
W-002666,3,3,0,0,0,5,NONE,
W-002667,8,6,2,0,0,0,STRONG_WARNING,MPLADS-11.2-COMPLETION-UC
W-002668,3,2,1,0,0,5,WARNING,MPLADS-3.2.4-SANCTION-45D
W-002669,7,4,3,0,0,1,STRONG_WARNING,MPLADS-11.2-COMPLETION-UC
W-002670,7,4,3,0,0,1,STRONG_WARNING,MPLADS-11.2-COMPLETION-UC
W-002671,7,4,3,0,0,1,STRONG_WARNING,MPLADS-11.2-COMPLETION-UC
W-002672,3,3,0,0,0,5,NONE,
W-002673,3,3,0,0,0,5,NONE,
W-002674,7,3,4,0,0,1,STRONG_WARNING,MPLADS-11.2-COMPLETION-UC
W-002675,7,4,3,0,0,1,STRONG_WARNING,MPLADS-11.2-COMPLETION-UC
W-002676,7,4,3,0,0,1,STRONG_WARNING,MPLADS-11.2-COMPLETION-UC
W-002677,7,3,4,0,0,1,STRONG_WARNING,MPLADS-11.2-COMPLETION-UC
W-002678,7,4,3,0,0,1,STRONG_WARNING,MPLADS-11.2-COMPLETION-UC
W-002679,3,2,1,0,0,5,WARNING,MPLADS-3.2.4-SANCTION-45D
W-002680,3,3,0,0,0,5,NONE,
W-002681,3,3,0,0,0,5,NONE,
W-002682,8,6,2,0,0,0,STRONG_WARNING,MPLADS-11.2-COMPLETION-UC
W-002683,3,3,0,0,0,5,NONE,
W-002684,3,3,0,0,0,5,NONE,
W-002685,3,3,0,0,0,5,NONE,
W-002686,3,2,1,0,0,5,WARNING,MPLADS-3.2.12-COMPLETION-LIMIT
W-002687,7,4,3,0,0,1,STRONG_WARNING,MPLADS-11.2-COMPLETION-UC
W-002688,8,5,3,0,0,0,STRONG_WARNING,MPLADS-11.2-COMPLETION-UC
W-002689,7,4,3,0,0,1,STRONG_WARNING,MPLADS-11.2-COMPLETION-UC
W-002690,7,4,3,0,0,1,STRONG_WARNING,MPLADS-11.2-COMPLETION-UC
W-002691,7,5,2,0,0,1,STRONG_WARNING,MPLADS-11.2-COMPLETION-UC
W-002692,7,4,3,0,0,1,STRONG_WARNING,MPLADS-11.2-COMPLETION-UC
W-002693,7,4,3,0,0,1,STRONG_WARNING,MPLADS-11.2-COMPLETION-UC
W-002694,3,3,0,0,0,5,NONE,
W-002695,8,6,2,0,0,0,STRONG_WARNING,MPLADS-11.2-COMPLETION-UC
W-002696,0,0,0,0,0,8,NONE,
W-002697,7,4,3,0,0,1,STRONG_WARNING,MPLADS-11.2-COMPLETION-UC
W-002698,7,4,3,0,0,1,STRONG_WARNING,MPLADS-11.2-COMPLETION-UC
W-002699,0,0,0,0,0,8,NONE,
W-002700,7,4,3,0,0,1,STRONG_WARNING,MPLADS-11.2-COMPLETION-UC
W-002701,8,7,1,0,0,0,STRONG_WARNING,MPLADS-11.2-COMPLETION-UC
W-002702,3,3,0,0,0,5,NONE,
W-002703,7,4,3,0,0,1,STRONG_WARNING,MPLADS-11.2-COMPLETION-UC
W-002704,7,4,3,0,0,1,STRONG_WARNING,MPLADS-11.2-COMPLETION-UC
W-002705,7,4,3,0,0,1,STRONG_WARNING,MPLADS-11.2-COMPLETION-UC
W-002706,7,3,4,0,0,1,STRONG_WARNING,MPLADS-11.2-COMPLETION-UC
W-002707,3,3,0,0,0,5,NONE,
W-002708,7,4,3,0,0,1,STRONG_WARNING,MPLADS-11.2-COMPLETION-UC
W-002709,3,3,0,0,0,5,NONE,
W-002710,7,4,3,0,0,1,STRONG_WARNING,MPLADS-11.2-COMPLETION-UC
W-002711,3,3,0,0,0,5,NONE,
W-002712,7,3,4,0,0,1,STRONG_WARNING,MPLADS-11.2-COMPLETION-UC
W-002713,3,3,0,0,0,5,NONE,
W-002714,0,0,0,0,0,8,NONE,
W-002715,7,4,3,0,0,1,STRONG_WARNING,MPLADS-11.2-COMPLETION-UC
W-002716,8,6,2,0,0,0,STRONG_WARNING,MPLADS-11.2-COMPLETION-UC
W-002717,7,4,3,0,0,1,STRONG_WARNING,MPLADS-11.2-COMPLETION-UC
W-002718,3,3,0,0,0,5,NONE,
W-002719,8,6,2,0,0,0,STRONG_WARNING,MPLADS-11.2-COMPLETION-UC
W-002720,0,0,0,0,0,8,NONE,
W-002721,7,3,4,0,0,1,STRONG_WARNING,MPLADS-11.2-COMPLETION-UC
W-002722,3,2,1,0,0,5,WARNING,MPLADS-3.2.12-COMPLETION-LIMIT
W-002723,7,3,4,0,0,1,STRONG_WARNING,MPLADS-11.2-COMPLETION-UC
W-002724,7,4,3,0,0,1,STRONG_WARNING,MPLADS-11.2-COMPLETION-UC
W-002725,7,4,3,0,0,1,STRONG_WARNING,MPLADS-11.2-COMPLETION-UC
W-002726,3,2,1,0,0,5,WARNING,MPLADS-3.2.12-COMPLETION-LIMIT
W-002727,3,3,0,0,0,5,NONE,
W-002728,3,1,2,0,0,5,WARNING,MPLADS-3.2.12-COMPLETION-LIMIT
W-002729,7,4,3,0,0,1,STRONG_WARNING,MPLADS-11.2-COMPLETION-UC
W-002730,0,0,0,0,0,8,NONE,
W-002731,7,4,3,0,0,1,STRONG_WARNING,MPLADS-11.2-COMPLETION-UC
W-002732,7,4,3,0,0,1,STRONG_WARNING,MPLADS-11.2-COMPLETION-UC
W-002733,3,3,0,0,0,5,NONE,
W-002734,3,3,0,0,0,5,NONE,
W-002735,3,2,1,0,0,5,WARNING,MPLADS-3.2.12-COMPLETION-LIMIT
W-002736,3,3,0,0,0,5,NONE,
W-002737,0,0,0,0,0,8,NONE,
W-002738,7,5,2,0,0,1,STRONG_WARNING,MPLADS-11.2-COMPLETION-UC
W-002739,7,3,4,0,0,1,STRONG_WARNING,MPLADS-11.2-COMPLETION-UC
W-002740,0,0,0,0,0,8,NONE,
W-002741,7,4,3,0,0,1,STRONG_WARNING,MPLADS-11.2-COMPLETION-UC
W-002742,7,4,3,0,0,1,STRONG_WARNING,MPLADS-11.2-COMPLETION-UC
W-002743,7,4,3,0,0,1,STRONG_WARNING,MPLADS-11.2-COMPLETION-UC
W-002744,8,6,2,0,0,0,STRONG_WARNING,MPLADS-11.2-COMPLETION-UC
W-002745,7,4,3,0,0,1,STRONG_WARNING,MPLADS-11.2-COMPLETION-UC
W-002746,7,4,3,0,0,1,STRONG_WARNING,MPLADS-11.2-COMPLETION-UC
W-002747,3,2,1,0,0,5,WARNING,MPLADS-3.2.4-SANCTION-45D
W-002748,7,4,3,0,0,1,STRONG_WARNING,MPLADS-11.2-COMPLETION-UC
W-002749,7,4,3,0,0,1,STRONG_WARNING,MPLADS-11.2-COMPLETION-UC
W-002750,7,4,3,0,0,1,STRONG_WARNING,MPLADS-11.2-COMPLETION-UC
W-002751,7,4,3,0,0,1,STRONG_WARNING,MPLADS-11.2-COMPLETION-UC
W-002752,0,0,0,0,0,8,NONE,
W-002753,7,4,3,0,0,1,STRONG_WARNING,MPLADS-11.2-COMPLETION-UC
W-002754,3,3,0,0,0,5,NONE,
W-002755,7,4,3,0,0,1,STRONG_WARNING,MPLADS-11.2-COMPLETION-UC
W-002756,3,3,0,0,0,5,NONE,
W-002757,3,3,0,0,0,5,NONE,
W-002758,7,3,4,0,0,1,STRONG_WARNING,MPLADS-11.2-COMPLETION-UC
W-002759,7,4,3,0,0,1,STRONG_WARNING,MPLADS-11.2-COMPLETION-UC
W-002760,3,2,1,0,0,5,WARNING,MPLADS-3.2.4-SANCTION-45D
W-002761,7,4,3,0,0,1,STRONG_WARNING,MPLADS-11.2-COMPLETION-UC
W-002762,7,4,3,0,0,1,STRONG_WARNING,MPLADS-11.2-COMPLETION-UC
W-002763,3,3,0,0,0,5,NONE,
W-002764,3,3,0,0,0,5,NONE,
W-002765,7,4,3,0,0,1,STRONG_WARNING,MPLADS-11.2-COMPLETION-UC
W-002766,7,4,3,0,0,1,STRONG_WARNING,MPLADS-11.2-COMPLETION-UC
W-002767,7,4,3,0,0,1,STRONG_WARNING,MPLADS-11.2-COMPLETION-UC
W-002768,3,2,1,0,0,5,WARNING,MPLADS-3.2.12-COMPLETION-LIMIT
W-002769,7,4,3,0,0,1,STRONG_WARNING,MPLADS-11.2-COMPLETION-UC
W-002770,7,4,3,0,0,1,STRONG_WARNING,MPLADS-11.2-COMPLETION-UC
W-002771,0,0,0,0,0,8,NONE,
W-002772,7,3,4,0,0,1,STRONG_WARNING,MPLADS-11.2-COMPLETION-UC
W-002773,3,3,0,0,0,5,NONE,
W-002774,7,4,3,0,0,1,STRONG_WARNING,MPLADS-11.2-COMPLETION-UC
W-002775,8,6,2,0,0,0,STRONG_WARNING,MPLADS-11.2-COMPLETION-UC
W-002776,3,3,0,0,0,5,NONE,
W-002777,3,3,0,0,0,5,NONE,
W-002778,3,3,0,0,0,5,NONE,
W-002779,0,0,0,0,0,8,NONE,
W-002780,3,3,0,0,0,5,NONE,
W-002781,3,3,0,0,0,5,NONE,
W-002782,3,3,0,0,0,5,NONE,
W-002783,7,4,3,0,0,1,STRONG_WARNING,MPLADS-11.2-COMPLETION-UC
W-002784,7,4,3,0,0,1,STRONG_WARNING,MPLADS-11.2-COMPLETION-UC
W-002785,7,3,4,0,0,1,STRONG_WARNING,MPLADS-11.2-COMPLETION-UC
W-002786,7,3,4,0,0,1,STRONG_WARNING,MPLADS-11.2-COMPLETION-UC
W-002787,7,4,3,0,0,1,STRONG_WARNING,MPLADS-11.2-COMPLETION-UC
W-002788,3,3,0,0,0,5,NONE,
W-002789,7,4,3,0,0,1,STRONG_WARNING,MPLADS-11.2-COMPLETION-UC
W-002790,0,0,0,0,0,8,NONE,
W-002791,7,4,3,0,0,1,STRONG_WARNING,MPLADS-11.2-COMPLETION-UC
W-002792,3,3,0,0,0,5,NONE,
W-002793,3,2,1,0,0,5,WARNING,MPLADS-3.2.12-COMPLETION-LIMIT
W-002794,7,4,3,0,0,1,STRONG_WARNING,MPLADS-11.2-COMPLETION-UC
W-002795,7,4,3,0,0,1,STRONG_WARNING,MPLADS-11.2-COMPLETION-UC
W-002796,7,4,3,0,0,1,STRONG_WARNING,MPLADS-11.2-COMPLETION-UC
W-002797,7,4,3,0,0,1,STRONG_WARNING,MPLADS-11.2-COMPLETION-UC
W-002798,7,3,4,0,0,1,STRONG_WARNING,MPLADS-11.2-COMPLETION-UC
W-002799,3,3,0,0,0,5,NONE,
W-002800,7,5,2,0,0,1,STRONG_WARNING,MPLADS-11.2-COMPLETION-UC
W-002801,3,3,0,0,0,5,NONE,
W-002802,3,3,0,0,0,5,NONE,
W-002803,0,0,0,0,0,8,NONE,
W-002804,3,3,0,0,0,5,NONE,
W-002805,7,4,3,0,0,1,STRONG_WARNING,MPLADS-11.2-COMPLETION-UC
W-002806,7,4,3,0,0,1,STRONG_WARNING,MPLADS-11.2-COMPLETION-UC
W-002807,7,4,3,0,0,1,STRONG_WARNING,MPLADS-11.2-COMPLETION-UC
W-002808,8,6,2,0,0,0,STRONG_WARNING,MPLADS-11.2-COMPLETION-UC
W-002809,7,3,4,0,0,1,STRONG_WARNING,MPLADS-11.2-COMPLETION-UC
W-002810,7,3,4,0,0,1,STRONG_WARNING,MPLADS-11.2-COMPLETION-UC
W-002811,7,3,4,0,0,1,STRONG_WARNING,MPLADS-11.2-COMPLETION-UC
W-002812,7,4,3,0,0,1,STRONG_WARNING,MPLADS-11.2-COMPLETION-UC
W-002813,8,6,2,0,0,0,STRONG_WARNING,MPLADS-11.2-COMPLETION-UC
W-002814,8,6,2,0,0,0,STRONG_WARNING,MPLADS-11.2-COMPLETION-UC
W-002815,3,2,1,0,0,5,WARNING,MPLADS-3.2.4-SANCTION-45D
W-002816,7,4,3,0,0,1,STRONG_WARNING,MPLADS-11.2-COMPLETION-UC
W-002817,7,3,4,0,0,1,STRONG_WARNING,MPLADS-11.2-COMPLETION-UC
W-002818,3,3,0,0,0,5,NONE,
W-002819,7,4,3,0,0,1,STRONG_WARNING,MPLADS-11.2-COMPLETION-UC
W-002820,7,3,4,0,0,1,STRONG_WARNING,MPLADS-11.2-COMPLETION-UC
W-002821,7,4,3,0,0,1,STRONG_WARNING,MPLADS-11.2-COMPLETION-UC
W-002822,7,4,3,0,0,1,STRONG_WARNING,MPLADS-11.2-COMPLETION-UC
W-002823,7,4,3,0,0,1,STRONG_WARNING,MPLADS-11.2-COMPLETION-UC
W-002824,7,4,3,0,0,1,STRONG_WARNING,MPLADS-11.2-COMPLETION-UC
W-002825,7,4,3,0,0,1,STRONG_WARNING,MPLADS-11.2-COMPLETION-UC
W-002826,7,4,3,0,0,1,STRONG_WARNING,MPLADS-11.2-COMPLETION-UC
W-002827,7,3,4,0,0,1,STRONG_WARNING,MPLADS-11.2-COMPLETION-UC
W-002828,7,3,4,0,0,1,STRONG_WARNING,MPLADS-11.2-COMPLETION-UC
W-002829,7,4,3,0,0,1,STRONG_WARNING,MPLADS-11.2-COMPLETION-UC
W-002830,7,4,3,0,0,1,STRONG_WARNING,MPLADS-11.2-COMPLETION-UC
W-002831,7,4,3,0,0,1,STRONG_WARNING,MPLADS-11.2-COMPLETION-UC
W-002832,3,2,1,0,0,5,WARNING,MPLADS-3.2.4-SANCTION-45D
W-002833,3,2,1,0,0,5,WARNING,MPLADS-3.2.12-COMPLETION-LIMIT
W-002834,7,4,3,0,0,1,STRONG_WARNING,MPLADS-11.2-COMPLETION-UC
W-002835,7,4,3,0,0,1,STRONG_WARNING,MPLADS-11.2-COMPLETION-UC
W-002836,7,4,3,0,0,1,STRONG_WARNING,MPLADS-11.2-COMPLETION-UC
W-002837,7,4,3,0,0,1,STRONG_WARNING,MPLADS-11.2-COMPLETION-UC
W-002838,7,4,3,0,0,1,STRONG_WARNING,MPLADS-11.2-COMPLETION-UC
W-002839,3,3,0,0,0,5,NONE,
W-002840,7,3,4,0,0,1,STRONG_WARNING,MPLADS-11.2-COMPLETION-UC
W-002841,3,3,0,0,0,5,NONE,
W-002842,3,3,0,0,0,5,NONE,
W-002843,3,3,0,0,0,5,NONE,
W-002844,7,4,3,0,0,1,STRONG_WARNING,MPLADS-11.2-COMPLETION-UC
W-002845,7,4,3,0,0,1,STRONG_WARNING,MPLADS-11.2-COMPLETION-UC
W-002846,3,2,1,0,0,5,WARNING,MPLADS-3.2.12-COMPLETION-LIMIT
W-002847,3,3,0,0,0,5,NONE,
W-002848,3,3,0,0,0,5,NONE,
W-002849,7,4,3,0,0,1,STRONG_WARNING,MPLADS-11.2-COMPLETION-UC
W-002850,7,4,3,0,0,1,STRONG_WARNING,MPLADS-11.2-COMPLETION-UC
W-002851,3,3,0,0,0,5,NONE,
W-002852,7,4,3,0,0,1,STRONG_WARNING,MPLADS-11.2-COMPLETION-UC
W-002853,7,3,4,0,0,1,STRONG_WARNING,MPLADS-11.2-COMPLETION-UC
W-002854,8,6,2,0,0,0,STRONG_WARNING,MPLADS-11.2-COMPLETION-UC
W-002855,7,4,3,0,0,1,STRONG_WARNING,MPLADS-11.2-COMPLETION-UC
W-002856,8,6,2,0,0,0,STRONG_WARNING,MPLADS-11.2-COMPLETION-UC
W-002857,7,4,3,0,0,1,STRONG_WARNING,MPLADS-11.2-COMPLETION-UC
W-002858,3,3,0,0,0,5,NONE,
W-002859,3,2,1,0,0,5,WARNING,MPLADS-3.2.4-SANCTION-45D
W-002860,7,5,2,0,0,1,STRONG_WARNING,MPLADS-11.2-COMPLETION-UC
W-002861,7,4,3,0,0,1,STRONG_WARNING,MPLADS-11.2-COMPLETION-UC
W-002862,7,3,4,0,0,1,STRONG_WARNING,MPLADS-11.2-COMPLETION-UC
W-002863,7,4,3,0,0,1,STRONG_WARNING,MPLADS-11.2-COMPLETION-UC
W-002864,7,4,3,0,0,1,STRONG_WARNING,MPLADS-11.2-COMPLETION-UC
W-002865,8,6,2,0,0,0,STRONG_WARNING,MPLADS-11.2-COMPLETION-UC
W-002866,7,4,3,0,0,1,STRONG_WARNING,MPLADS-11.2-COMPLETION-UC
W-002867,7,4,3,0,0,1,STRONG_WARNING,MPLADS-11.2-COMPLETION-UC
W-002868,3,3,0,0,0,5,NONE,
W-002869,7,4,3,0,0,1,STRONG_WARNING,MPLADS-11.2-COMPLETION-UC
W-002870,3,2,1,0,0,5,WARNING,MPLADS-3.2.4-SANCTION-45D
W-002871,8,6,2,0,0,0,STRONG_WARNING,MPLADS-11.2-COMPLETION-UC
W-002872,3,3,0,0,0,5,NONE,
W-002873,7,4,3,0,0,1,STRONG_WARNING,MPLADS-11.2-COMPLETION-UC
W-002874,8,6,2,0,0,0,STRONG_WARNING,MPLADS-11.2-COMPLETION-UC
W-002875,7,4,3,0,0,1,STRONG_WARNING,MPLADS-11.2-COMPLETION-UC
W-002876,7,3,4,0,0,1,STRONG_WARNING,MPLADS-11.2-COMPLETION-UC
W-002877,3,3,0,0,0,5,NONE,
W-002878,0,0,0,0,0,8,NONE,
W-002879,7,4,3,0,0,1,STRONG_WARNING,MPLADS-11.2-COMPLETION-UC
W-002880,7,4,3,0,0,1,STRONG_WARNING,MPLADS-11.2-COMPLETION-UC
W-002881,7,3,4,0,0,1,STRONG_WARNING,MPLADS-11.2-COMPLETION-UC
W-002882,3,3,0,0,0,5,NONE,
W-002883,7,3,4,0,0,1,STRONG_WARNING,MPLADS-11.2-COMPLETION-UC
W-002884,7,4,3,0,0,1,STRONG_WARNING,MPLADS-11.2-COMPLETION-UC
W-002885,8,6,2,0,0,0,STRONG_WARNING,MPLADS-11.2-COMPLETION-UC
W-002886,3,2,1,0,0,5,WARNING,MPLADS-3.2.4-SANCTION-45D
W-002887,7,4,3,0,0,1,STRONG_WARNING,MPLADS-11.2-COMPLETION-UC
W-002888,7,3,4,0,0,1,STRONG_WARNING,MPLADS-11.2-COMPLETION-UC
W-002889,3,3,0,0,0,5,NONE,
W-002890,7,4,3,0,0,1,STRONG_WARNING,MPLADS-11.2-COMPLETION-UC
W-002891,3,2,1,0,0,5,WARNING,MPLADS-3.2.4-SANCTION-45D
W-002892,3,3,0,0,0,5,NONE,
W-002893,7,4,3,0,0,1,STRONG_WARNING,MPLADS-11.2-COMPLETION-UC
W-002894,3,3,0,0,0,5,NONE,
W-002895,7,4,3,0,0,1,STRONG_WARNING,MPLADS-11.2-COMPLETION-UC
W-002896,7,4,3,0,0,1,STRONG_WARNING,MPLADS-11.2-COMPLETION-UC
W-002897,7,4,3,0,0,1,STRONG_WARNING,MPLADS-11.2-COMPLETION-UC
W-002898,3,3,0,0,0,5,NONE,
W-002899,3,3,0,0,0,5,NONE,
W-002900,7,4,3,0,0,1,STRONG_WARNING,MPLADS-11.2-COMPLETION-UC
W-002901,7,3,4,0,0,1,STRONG_WARNING,MPLADS-11.2-COMPLETION-UC
W-002902,7,4,3,0,0,1,STRONG_WARNING,MPLADS-11.2-COMPLETION-UC
W-002903,3,1,2,0,0,5,WARNING,MPLADS-3.2.12-COMPLETION-LIMIT
W-002904,7,3,4,0,0,1,STRONG_WARNING,MPLADS-11.2-COMPLETION-UC
W-002905,7,3,4,0,0,1,STRONG_WARNING,MPLADS-11.2-COMPLETION-UC
W-002906,3,3,0,0,0,5,NONE,
W-002907,3,1,2,0,0,5,WARNING,MPLADS-3.2.12-COMPLETION-LIMIT
W-002908,7,4,3,0,0,1,STRONG_WARNING,MPLADS-11.2-COMPLETION-UC
W-002909,7,4,3,0,0,1,STRONG_WARNING,MPLADS-11.2-COMPLETION-UC
W-002910,0,0,0,0,0,8,NONE,
W-002911,7,3,4,0,0,1,STRONG_WARNING,MPLADS-11.2-COMPLETION-UC
W-002912,7,4,3,0,0,1,STRONG_WARNING,MPLADS-11.2-COMPLETION-UC
W-002913,0,0,0,0,0,8,NONE,
W-002914,7,4,3,0,0,1,STRONG_WARNING,MPLADS-11.2-COMPLETION-UC
W-002915,7,4,3,0,0,1,STRONG_WARNING,MPLADS-11.2-COMPLETION-UC
W-002916,7,3,4,0,0,1,STRONG_WARNING,MPLADS-11.2-COMPLETION-UC
W-002917,3,3,0,0,0,5,NONE,
W-002918,7,4,3,0,0,1,STRONG_WARNING,MPLADS-11.2-COMPLETION-UC
W-002919,7,4,3,0,0,1,STRONG_WARNING,MPLADS-11.2-COMPLETION-UC
W-002920,7,4,3,0,0,1,STRONG_WARNING,MPLADS-11.2-COMPLETION-UC
W-002921,7,4,3,0,0,1,STRONG_WARNING,MPLADS-11.2-COMPLETION-UC
W-002922,3,3,0,0,0,5,NONE,
W-002923,7,3,4,0,0,1,STRONG_WARNING,MPLADS-11.2-COMPLETION-UC
W-002924,7,4,3,0,0,1,STRONG_WARNING,MPLADS-11.2-COMPLETION-UC
W-002925,7,4,3,0,0,1,STRONG_WARNING,MPLADS-11.2-COMPLETION-UC
W-002926,7,4,3,0,0,1,STRONG_WARNING,MPLADS-11.2-COMPLETION-UC
W-002927,3,3,0,0,0,5,NONE,
W-002928,0,0,0,0,0,8,NONE,
W-002929,7,4,3,0,0,1,STRONG_WARNING,MPLADS-11.2-COMPLETION-UC
W-002930,7,4,3,0,0,1,STRONG_WARNING,MPLADS-11.2-COMPLETION-UC
W-002931,7,4,3,0,0,1,STRONG_WARNING,MPLADS-11.2-COMPLETION-UC
W-002932,3,2,1,0,0,5,WARNING,MPLADS-3.2.12-COMPLETION-LIMIT
W-002933,7,4,3,0,0,1,STRONG_WARNING,MPLADS-11.2-COMPLETION-UC
W-002934,3,3,0,0,0,5,NONE,
W-002935,7,4,3,0,0,1,STRONG_WARNING,MPLADS-11.2-COMPLETION-UC
W-002936,7,4,3,0,0,1,STRONG_WARNING,MPLADS-11.2-COMPLETION-UC
W-002937,7,4,3,0,0,1,STRONG_WARNING,MPLADS-11.2-COMPLETION-UC
W-002938,3,2,1,0,0,5,WARNING,MPLADS-3.2.12-COMPLETION-LIMIT
W-002939,7,4,3,0,0,1,STRONG_WARNING,MPLADS-11.2-COMPLETION-UC
W-002940,7,4,3,0,0,1,STRONG_WARNING,MPLADS-11.2-COMPLETION-UC
W-002941,7,4,3,0,0,1,STRONG_WARNING,MPLADS-11.2-COMPLETION-UC
W-002942,7,4,3,0,0,1,STRONG_WARNING,MPLADS-11.2-COMPLETION-UC
W-002943,7,4,3,0,0,1,STRONG_WARNING,MPLADS-11.2-COMPLETION-UC
W-002944,0,0,0,0,0,8,NONE,
W-002945,3,3,0,0,0,5,NONE,
W-002946,0,0,0,0,0,8,NONE,
W-002947,7,3,4,0,0,1,STRONG_WARNING,MPLADS-11.2-COMPLETION-UC
W-002948,7,4,3,0,0,1,STRONG_WARNING,MPLADS-11.2-COMPLETION-UC
W-002949,7,4,3,0,0,1,STRONG_WARNING,MPLADS-11.2-COMPLETION-UC
W-002950,7,4,3,0,0,1,STRONG_WARNING,MPLADS-11.2-COMPLETION-UC
W-002951,7,4,3,0,0,1,STRONG_WARNING,MPLADS-11.2-COMPLETION-UC
W-002952,7,4,3,0,0,1,STRONG_WARNING,MPLADS-11.2-COMPLETION-UC
W-002953,7,3,4,0,0,1,STRONG_WARNING,MPLADS-11.2-COMPLETION-UC
W-002954,7,4,3,0,0,1,STRONG_WARNING,MPLADS-11.2-COMPLETION-UC
W-002955,0,0,0,0,0,8,NONE,
W-002956,7,4,3,0,0,1,STRONG_WARNING,MPLADS-11.2-COMPLETION-UC
W-002957,7,4,3,0,0,1,STRONG_WARNING,MPLADS-11.2-COMPLETION-UC
W-002958,7,4,3,0,0,1,STRONG_WARNING,MPLADS-11.2-COMPLETION-UC
W-002959,7,4,3,0,0,1,STRONG_WARNING,MPLADS-11.2-COMPLETION-UC
W-002960,0,0,0,0,0,8,NONE,
W-002961,3,3,0,0,0,5,NONE,
W-002962,7,3,4,0,0,1,STRONG_WARNING,MPLADS-11.2-COMPLETION-UC
W-002963,7,4,3,0,0,1,STRONG_WARNING,MPLADS-11.2-COMPLETION-UC
W-002964,3,3,0,0,0,5,NONE,
W-002965,7,4,3,0,0,1,STRONG_WARNING,MPLADS-11.2-COMPLETION-UC
W-002966,7,4,3,0,0,1,STRONG_WARNING,MPLADS-11.2-COMPLETION-UC
W-002967,7,4,3,0,0,1,STRONG_WARNING,MPLADS-11.2-COMPLETION-UC
W-002968,8,5,3,0,0,0,STRONG_WARNING,MPLADS-11.2-COMPLETION-UC
W-002969,7,4,3,0,0,1,STRONG_WARNING,MPLADS-11.2-COMPLETION-UC
W-002970,7,4,3,0,0,1,STRONG_WARNING,MPLADS-11.2-COMPLETION-UC
W-002971,7,4,3,0,0,1,STRONG_WARNING,MPLADS-11.2-COMPLETION-UC
W-002972,0,0,0,0,0,8,NONE,
W-002973,7,4,3,0,0,1,STRONG_WARNING,MPLADS-11.2-COMPLETION-UC
W-002974,7,2,5,0,0,1,STRONG_WARNING,MPLADS-11.2-COMPLETION-UC
W-002975,7,4,3,0,0,1,STRONG_WARNING,MPLADS-11.2-COMPLETION-UC
W-002976,7,4,3,0,0,1,STRONG_WARNING,MPLADS-11.2-COMPLETION-UC
W-002977,7,4,3,0,0,1,STRONG_WARNING,MPLADS-11.2-COMPLETION-UC
W-002978,7,3,4,0,0,1,STRONG_WARNING,MPLADS-11.2-COMPLETION-UC
W-002979,7,4,3,0,0,1,STRONG_WARNING,MPLADS-11.2-COMPLETION-UC
W-002980,3,2,1,0,0,5,WARNING,MPLADS-3.2.12-COMPLETION-LIMIT
W-002981,3,3,0,0,0,5,NONE,
W-002982,7,4,3,0,0,1,STRONG_WARNING,MPLADS-11.2-COMPLETION-UC
W-002983,7,4,3,0,0,1,STRONG_WARNING,MPLADS-11.2-COMPLETION-UC
W-002984,7,4,3,0,0,1,STRONG_WARNING,MPLADS-11.2-COMPLETION-UC
W-002985,8,5,3,0,0,0,STRONG_WARNING,MPLADS-11.2-COMPLETION-UC
W-002986,0,0,0,0,0,8,NONE,
W-002987,7,4,3,0,0,1,STRONG_WARNING,MPLADS-11.2-COMPLETION-UC
W-002988,0,0,0,0,0,8,NONE,
W-002989,7,4,3,0,0,1,STRONG_WARNING,MPLADS-11.2-COMPLETION-UC
W-002990,7,4,3,0,0,1,STRONG_WARNING,MPLADS-11.2-COMPLETION-UC
W-002991,3,3,0,0,0,5,NONE,
W-002992,7,4,3,0,0,1,STRONG_WARNING,MPLADS-11.2-COMPLETION-UC
W-002993,7,4,3,0,0,1,STRONG_WARNING,MPLADS-11.2-COMPLETION-UC
W-002994,7,4,3,0,0,1,STRONG_WARNING,MPLADS-11.2-COMPLETION-UC
W-002995,7,3,4,0,0,1,STRONG_WARNING,MPLADS-11.2-COMPLETION-UC
W-002996,7,4,3,0,0,1,STRONG_WARNING,MPLADS-11.2-COMPLETION-UC
W-002997,7,4,3,0,0,1,STRONG_WARNING,MPLADS-11.2-COMPLETION-UC
W-002998,7,3,4,0,0,1,STRONG_WARNING,MPLADS-11.2-COMPLETION-UC
W-002999,7,4,3,0,0,1,STRONG_WARNING,MPLADS-11.2-COMPLETION-UC
W-003000,7,4,3,0,0,1,STRONG_WARNING,MPLADS-11.2-COMPLETION-UC
