work_id,lifecycle_stage,payment_based_financial_progress_pct_as_of,latest_reported_financial_progress_pct_as_of,latest_physical_progress_pct_as_of,fund_minus_physical_gap_pct_as_of,absolute_fund_minus_physical_gap_pct_as_of,reported_financial_minus_physical_gap_pct_as_of,reported_vs_payment_financial_progress_difference_pct,latest_historical_financial_minus_physical_gap_pct,max_historical_financial_minus_physical_gap_pct,mean_historical_financial_minus_physical_gap_pct,positive_gap_report_count,large_gap_report_count,latest_consecutive_large_gap_reports,max_consecutive_large_gap_reports,progress_report_count_as_of,large_positive_gap_heuristic_pct,current_large_positive_fund_gap_review_heuristic,persistent_large_reported_gap_review_heuristic,status_not_started_with_payment_evidence,status_not_started_with_physical_progress,evidence_interpretation
W-000001,COMPLETION,99.87873888439773,99.9,100.0,-0.12126111560226605,0.12126111560226605,-0.09999999999999432,0.02126111560227173,-0.09999999999999432,37.099999999999994,18.9,7,2,0,1,8,25.0,False,False,False,False,"Signed reconciliation and persistence evidence for review; heuristic bands are engineering choices, not MPLADS rules or final decisions."
W-000002,COMPLETION,94.82257126236183,94.8,100.0,-5.1774287376381665,5.1774287376381665,-5.200000000000003,-0.022571262361836375,-5.200000000000003,55.599999999999994,29.75999999999999,4,3,0,3,5,25.0,False,True,False,False,"Signed reconciliation and persistence evidence for review; heuristic bands are engineering choices, not MPLADS rules or final decisions."
W-000003,COMPLETION,103.80835380835381,103.8,100.0,3.8083538083538144,3.8083538083538144,3.799999999999997,-0.008353808353817271,3.799999999999997,59.3,30.924999999999997,4,2,0,2,4,25.0,False,True,False,False,"Signed reconciliation and persistence evidence for review; heuristic bands are engineering choices, not MPLADS rules or final decisions."
W-000004,COMPLETION,101.30168453292497,101.3,100.0,1.3016845329249662,1.3016845329249662,1.2999999999999972,-0.0016845329249690622,1.2999999999999972,52.0,13.899999999999999,3,2,0,2,4,25.0,False,True,False,False,"Signed reconciliation and persistence evidence for review; heuristic bands are engineering choices, not MPLADS rules or final decisions."
W-000005,EXECUTION,85.29555446995603,85.3,94.4,-9.104445530043975,9.104445530043975,-9.100000000000009,0.004445530043966528,-9.100000000000009,21.1,9.966666666666661,2,0,0,0,3,25.0,False,False,False,False,"Signed reconciliation and persistence evidence for review; heuristic bands are engineering choices, not MPLADS rules or final decisions."
W-000006,COMPLETION,98.6879100281162,98.7,100.0,-1.3120899718837933,1.3120899718837933,-1.2999999999999972,0.012089971883796125,-1.2999999999999972,85.3,39.5,5,4,0,4,6,25.0,False,True,False,False,"Signed reconciliation and persistence evidence for review; heuristic bands are engineering choices, not MPLADS rules or final decisions."
W-000007,COMPLETION,97.59825327510917,97.6,100.0,-2.4017467248908275,2.4017467248908275,-2.4000000000000057,0.001746724890821838,-2.4000000000000057,48.99999999999999,24.999999999999996,5,3,0,2,6,25.0,False,True,False,False,"Signed reconciliation and persistence evidence for review; heuristic bands are engineering choices, not MPLADS rules or final decisions."
W-000008,EXECUTION,80.7556080283353,80.8,75.7,5.0556080283353,5.0556080283353,5.099999999999994,0.04439197166469455,5.099999999999994,40.199999999999996,14.839999999999998,4,1,0,1,5,25.0,False,False,False,False,"Signed reconciliation and persistence evidence for review; heuristic bands are engineering choices, not MPLADS rules or final decisions."
W-000009,COMPLETION,100.12376237623762,100.1,100.0,0.12376237623762165,0.12376237623762165,0.09999999999999432,-0.023762376237627336,0.09999999999999432,44.2,24.162499999999994,8,3,0,2,8,25.0,False,True,False,False,"Signed reconciliation and persistence evidence for review; heuristic bands are engineering choices, not MPLADS rules or final decisions."
W-000010,COMPLETION,95.50218340611353,95.5,100.0,-4.497816593886469,4.497816593886469,-4.5,-0.0021834061135308502,-4.5,29.900000000000006,10.533333333333337,2,1,0,1,3,25.0,False,False,False,False,"Signed reconciliation and persistence evidence for review; heuristic bands are engineering choices, not MPLADS rules or final decisions."
W-000011,COMPLETION,93.99684044233807,94.0,100.0,-6.003159557661931,6.003159557661931,-6.0,0.0031595576619309895,-6.0,73.0,35.55,3,3,0,3,4,25.0,False,True,False,False,"Signed reconciliation and persistence evidence for review; heuristic bands are engineering choices, not MPLADS rules or final decisions."
W-000012,EXECUTION,74.45205479452055,74.5,83.6,-9.147945205479445,9.147945205479445,-9.099999999999994,0.04794520547945069,-9.099999999999994,-2.5,-7.2499999999999964,0,0,0,0,4,25.0,False,False,False,False,"Signed reconciliation and persistence evidence for review; heuristic bands are engineering choices, not MPLADS rules or final decisions."
W-000013,EXECUTION,28.271604938271604,28.3,32.2,-3.9283950617283985,3.9283950617283985,-3.900000000000002,0.028395061728396342,-3.900000000000002,3.4000000000000004,-2.5250000000000004,1,0,0,0,8,25.0,False,False,False,False,"Signed reconciliation and persistence evidence for review; heuristic bands are engineering choices, not MPLADS rules or final decisions."
W-000014,COMPLETION,101.5863331299573,101.6,100.0,1.5863331299572963,1.5863331299572963,1.5999999999999943,0.013666870042698065,1.5999999999999943,38.39999999999999,22.249999999999996,6,2,0,1,6,25.0,False,False,False,False,"Signed reconciliation and persistence evidence for review; heuristic bands are engineering choices, not MPLADS rules or final decisions."
W-000015,EXECUTION,76.65979381443299,76.7,80.2,-3.5402061855670155,3.5402061855670155,-3.5,0.040206185567015496,-3.5,27.89999999999999,14.424999999999999,3,1,0,1,4,25.0,False,False,False,False,"Signed reconciliation and persistence evidence for review; heuristic bands are engineering choices, not MPLADS rules or final decisions."
W-000016,EXECUTION,57.80346820809248,57.8,65.7,-7.89653179190752,7.89653179190752,-7.900000000000006,-0.00346820809248527,-7.900000000000006,-7.900000000000006,-16.525,0,0,0,0,4,25.0,False,False,False,False,"Signed reconciliation and persistence evidence for review; heuristic bands are engineering choices, not MPLADS rules or final decisions."
W-000017,EXECUTION,88.82335594219994,88.8,90.5,-1.6766440578000612,1.6766440578000612,-1.7000000000000028,-0.023355942199941637,-1.7000000000000028,1.0,-13.500000000000002,1,0,0,0,6,25.0,False,False,False,False,"Signed reconciliation and persistence evidence for review; heuristic bands are engineering choices, not MPLADS rules or final decisions."
W-000018,COMPLETION,107.15686274509804,107.2,100.0,7.156862745098039,7.156862745098039,7.200000000000003,0.043137254901964184,7.200000000000003,29.5,20.825,4,2,0,2,4,25.0,False,True,False,False,"Signed reconciliation and persistence evidence for review; heuristic bands are engineering choices, not MPLADS rules or final decisions."
W-000019,COMPLETION,105.96026490066225,106.0,100.0,5.960264900662253,5.960264900662253,6.0,0.039735099337747215,6.0,77.8,32.38333333333333,5,3,0,3,6,25.0,False,True,False,False,"Signed reconciliation and persistence evidence for review; heuristic bands are engineering choices, not MPLADS rules or final decisions."
W-000020,COMPLETION,95.36560247167868,95.4,100.0,-4.6343975283213155,4.6343975283213155,-4.599999999999994,0.03439752832132115,-4.599999999999994,52.10000000000001,20.933333333333334,5,3,0,3,6,25.0,False,True,False,False,"Signed reconciliation and persistence evidence for review; heuristic bands are engineering choices, not MPLADS rules or final decisions."
W-000021,COMPLETION,104.17490118577075,104.2,100.0,4.17490118577075,4.17490118577075,4.200000000000003,0.025098814229252753,4.200000000000003,55.1,25.950000000000006,5,3,0,3,6,25.0,False,True,False,False,"Signed reconciliation and persistence evidence for review; heuristic bands are engineering choices, not MPLADS rules or final decisions."
W-000022,COMPLETION,104.34626436781609,104.3,100.0,4.34626436781609,4.34626436781609,4.299999999999997,-0.046264367816093,4.299999999999997,57.5,28.275,4,2,0,2,4,25.0,False,True,False,False,"Signed reconciliation and persistence evidence for review; heuristic bands are engineering choices, not MPLADS rules or final decisions."
W-000023,EXECUTION,42.666666666666664,42.7,50.0,-7.333333333333336,7.333333333333336,-7.299999999999997,0.033333333333338544,-7.299999999999997,8.500000000000004,0.08750000000000213,3,0,0,0,8,25.0,False,False,False,False,"Signed reconciliation and persistence evidence for review; heuristic bands are engineering choices, not MPLADS rules or final decisions."
W-000024,COMPLETION,95.1007326007326,95.1,100.0,-4.899267399267401,4.899267399267401,-4.900000000000006,-0.0007326007326042827,-4.900000000000006,63.8,30.7,2,2,0,2,3,25.0,False,True,False,False,"Signed reconciliation and persistence evidence for review; heuristic bands are engineering choices, not MPLADS rules or final decisions."
W-000025,COMPLETION,94.65631929046563,94.7,100.0,-5.343680709534368,5.343680709534368,-5.299999999999997,0.043680709534370976,-5.299999999999997,36.5,15.075000000000001,6,2,0,2,8,25.0,False,True,False,False,"Signed reconciliation and persistence evidence for review; heuristic bands are engineering choices, not MPLADS rules or final decisions."
W-000026,EXECUTION,94.33882551753274,94.3,87.6,6.738825517532746,6.738825517532746,6.700000000000003,-0.03882551753274299,6.700000000000003,19.799999999999997,10.633333333333333,3,0,0,0,3,25.0,False,False,False,False,"Signed reconciliation and persistence evidence for review; heuristic bands are engineering choices, not MPLADS rules or final decisions."
W-000027,EXECUTION,83.88454600120265,83.9,83.2,0.6845460012026479,0.6845460012026479,0.7000000000000028,0.015453998797354984,0.7000000000000028,1.7999999999999972,-10.583333333333336,2,0,0,0,6,25.0,False,False,False,False,"Signed reconciliation and persistence evidence for review; heuristic bands are engineering choices, not MPLADS rules or final decisions."
W-000028,COMPLETION,105.00722195474242,105.0,100.0,5.00722195474242,5.00722195474242,5.0,-0.007221954742419712,5.0,58.5,27.55,6,3,0,3,6,25.0,False,True,False,False,"Signed reconciliation and persistence evidence for review; heuristic bands are engineering choices, not MPLADS rules or final decisions."
W-000029,EXECUTION,48.43087362171332,48.4,47.4,1.0308736217133188,1.0308736217133188,1.0,-0.030873621713318755,1.0,1.0,-4.75,1,0,0,0,4,25.0,False,False,False,False,"Signed reconciliation and persistence evidence for review; heuristic bands are engineering choices, not MPLADS rules or final decisions."
W-000031,EXECUTION,31.438515081206496,31.4,34.6,-3.161484918793505,3.161484918793505,-3.200000000000003,-0.038515081206497825,-3.200000000000003,4.399999999999999,-0.32500000000000107,2,0,0,0,4,25.0,False,False,False,False,"Signed reconciliation and persistence evidence for review; heuristic bands are engineering choices, not MPLADS rules or final decisions."
W-000032,EXECUTION,39.36922240348015,39.4,39.7,-0.3307775965198516,0.3307775965198516,-0.30000000000000426,0.03077759651984735,-0.30000000000000426,-0.30000000000000426,-14.1375,0,0,0,0,8,25.0,False,False,False,False,"Signed reconciliation and persistence evidence for review; heuristic bands are engineering choices, not MPLADS rules or final decisions."
W-000033,COMPLETION,103.63777089783282,103.6,100.0,3.637770897832823,3.637770897832823,3.5999999999999943,-0.03777089783282861,3.5999999999999943,27.400000000000006,13.139999999999997,4,2,0,2,5,25.0,False,True,False,False,"Signed reconciliation and persistence evidence for review; heuristic bands are engineering choices, not MPLADS rules or final decisions."
W-000034,COMPLETION,97.12960278341548,97.1,100.0,-2.8703972165845215,2.8703972165845215,-2.9000000000000057,-0.02960278341548417,-2.9000000000000057,74.0,38.449999999999996,7,5,0,5,8,25.0,False,True,False,False,"Signed reconciliation and persistence evidence for review; heuristic bands are engineering choices, not MPLADS rules or final decisions."
W-000035,COMPLETION,102.44082840236686,102.4,100.0,2.4408284023668614,2.4408284023668614,2.4000000000000057,-0.0408284023668557,2.4000000000000057,42.300000000000004,13.840000000000003,5,1,0,1,5,25.0,False,False,False,False,"Signed reconciliation and persistence evidence for review; heuristic bands are engineering choices, not MPLADS rules or final decisions."
W-000036,COMPLETION,100.75187969924812,100.8,100.0,0.7518796992481214,0.7518796992481214,0.7999999999999972,0.04812030075187579,0.7999999999999972,0.7999999999999972,-32.9,1,0,0,0,3,25.0,False,False,False,False,"Signed reconciliation and persistence evidence for review; heuristic bands are engineering choices, not MPLADS rules or final decisions."
W-000037,EXECUTION,23.676360924683074,23.7,27.7,-4.023639075316925,4.023639075316925,-4.0,0.02363907531692533,-4.0,1.8999999999999986,-5.7250000000000005,1,0,0,0,8,25.0,False,False,False,False,"Signed reconciliation and persistence evidence for review; heuristic bands are engineering choices, not MPLADS rules or final decisions."
W-000039,EXECUTION,0.0,0.0,0.0,0.0,0.0,0.0,0.0,0.0,0.0,0.0,0,0,0,0,1,25.0,False,False,False,False,"Signed reconciliation and persistence evidence for review; heuristic bands are engineering choices, not MPLADS rules or final decisions."
W-000040,COMPLETION,107.84913353720694,107.8,100.0,7.849133537206939,7.849133537206939,7.799999999999997,-0.04913353720694147,7.799999999999997,85.6,45.5,5,4,0,4,5,25.0,False,True,False,False,"Signed reconciliation and persistence evidence for review; heuristic bands are engineering choices, not MPLADS rules or final decisions."
W-000041,COMPLETION,101.90985485103133,101.9,100.0,1.9098548510313265,1.9098548510313265,1.9000000000000057,-0.009854851031320777,1.9000000000000057,58.2,14.000000000000004,5,3,0,3,7,25.0,False,True,False,False,"Signed reconciliation and persistence evidence for review; heuristic bands are engineering choices, not MPLADS rules or final decisions."
W-000042,EXECUTION,83.8963963963964,83.9,88.6,-4.703603603603597,4.703603603603597,-4.699999999999989,0.0036036036036080077,-4.699999999999989,-4.3999999999999915,-12.299999999999995,0,0,0,0,6,25.0,False,False,False,False,"Signed reconciliation and persistence evidence for review; heuristic bands are engineering choices, not MPLADS rules or final decisions."
W-000044,COMPLETION,104.60829493087557,104.6,100.0,4.608294930875573,4.608294930875573,4.599999999999994,-0.008294930875578643,4.599999999999994,54.7,33.199999999999996,6,4,0,4,6,25.0,False,True,False,False,"Signed reconciliation and persistence evidence for review; heuristic bands are engineering choices, not MPLADS rules or final decisions."
W-000045,EXECUTION,18.746303962152574,18.7,21.8,-3.053696037847427,3.053696037847427,-3.1000000000000014,-0.046303962152574485,-3.1000000000000014,-1.0999999999999996,-2.9000000000000004,0,0,0,0,6,25.0,False,False,False,False,"Signed reconciliation and persistence evidence for review; heuristic bands are engineering choices, not MPLADS rules or final decisions."
W-000046,COMPLETION,106.36515912897822,106.4,100.0,6.36515912897822,6.36515912897822,6.400000000000006,0.03484087102178535,6.400000000000006,56.10000000000001,29.566666666666666,6,3,0,3,6,25.0,False,True,False,False,"Signed reconciliation and persistence evidence for review; heuristic bands are engineering choices, not MPLADS rules or final decisions."
W-000047,COMPLETION,104.98102466793169,105.0,100.0,4.981024667931692,4.981024667931692,5.0,0.01897533206830815,5.0,68.9,37.2,3,2,0,2,3,25.0,False,True,False,False,"Signed reconciliation and persistence evidence for review; heuristic bands are engineering choices, not MPLADS rules or final decisions."
W-000048,COMPLETION,100.7936507936508,100.8,100.0,0.7936507936507979,0.7936507936507979,0.7999999999999972,0.006349206349199221,0.7999999999999972,65.9,33.13333333333333,3,2,0,2,3,25.0,False,True,False,False,"Signed reconciliation and persistence evidence for review; heuristic bands are engineering choices, not MPLADS rules or final decisions."
W-000049,COMPLETION,103.9921722113503,104.0,100.0,3.9921722113502938,3.9921722113502938,4.0,0.007827788649706235,4.0,57.1,22.5625,7,4,0,4,8,25.0,False,True,False,False,"Signed reconciliation and persistence evidence for review; heuristic bands are engineering choices, not MPLADS rules or final decisions."
W-000050,COMPLETION,106.3321385902031,106.3,100.0,6.332138590203101,6.332138590203101,6.299999999999997,-0.032138590203103945,6.299999999999997,27.60000000000001,11.0,2,1,0,1,3,25.0,False,False,False,False,"Signed reconciliation and persistence evidence for review; heuristic bands are engineering choices, not MPLADS rules or final decisions."
W-000051,COMPLETION,100.84596404652802,100.8,100.0,0.8459640465280245,0.8459640465280245,0.7999999999999972,-0.045964046528027325,0.7999999999999972,10.099999999999994,-12.812500000000004,3,0,0,0,8,25.0,False,False,False,False,"Signed reconciliation and persistence evidence for review; heuristic bands are engineering choices, not MPLADS rules or final decisions."
W-000052,COMPLETION,93.65079365079364,93.7,100.0,-6.349206349206355,6.349206349206355,-6.299999999999997,0.04920634920635791,-6.299999999999997,26.10000000000001,-6.339999999999998,2,1,0,1,5,25.0,False,False,False,False,"Signed reconciliation and persistence evidence for review; heuristic bands are engineering choices, not MPLADS rules or final decisions."
W-000053,EXECUTION,90.42618900555898,90.4,87.2,3.226189005558979,3.226189005558979,3.200000000000003,-0.026189005558975964,3.200000000000003,47.400000000000006,23.925000000000004,8,3,0,3,8,25.0,False,True,False,False,"Signed reconciliation and persistence evidence for review; heuristic bands are engineering choices, not MPLADS rules or final decisions."
W-000054,COMPLETION,102.3153942428035,102.3,100.0,2.3153942428035066,2.3153942428035066,2.299999999999997,-0.015394242803509428,2.299999999999997,60.099999999999994,16.57142857142857,5,3,0,3,7,25.0,False,True,False,False,"Signed reconciliation and persistence evidence for review; heuristic bands are engineering choices, not MPLADS rules or final decisions."
W-000055,EXECUTION,89.90610328638498,89.9,23.4,66.50610328638498,66.50610328638498,66.5,-0.0061032863849703745,66.5,71.30000000000001,39.614285714285714,6,6,6,6,7,25.0,True,True,False,False,"Signed reconciliation and persistence evidence for review; heuristic bands are engineering choices, not MPLADS rules or final decisions."
W-000057,COMPLETION,93.30889092575619,93.3,100.0,-6.691109074243812,6.691109074243812,-6.700000000000003,-0.008890925756190882,-6.700000000000003,27.400000000000002,3.525,5,1,0,1,8,25.0,False,False,False,False,"Signed reconciliation and persistence evidence for review; heuristic bands are engineering choices, not MPLADS rules or final decisions."
W-000058,EXECUTION,85.62516246425787,85.6,93.2,-7.574837535742134,7.574837535742134,-7.6000000000000085,-0.025162464257874717,-7.6000000000000085,32.099999999999994,11.666666666666663,4,1,0,1,6,25.0,False,False,False,False,"Signed reconciliation and persistence evidence for review; heuristic bands are engineering choices, not MPLADS rules or final decisions."
W-000059,COMPLETION,96.90189328743546,96.9,100.0,-3.098106712564544,3.098106712564544,-3.0999999999999943,-0.0018932874354504747,-3.0999999999999943,-3.0999999999999943,-34.666666666666664,0,0,0,0,3,25.0,False,False,False,False,"Signed reconciliation and persistence evidence for review; heuristic bands are engineering choices, not MPLADS rules or final decisions."
W-000060,COMPLETION,104.78796169630643,104.8,100.0,4.787961696306425,4.787961696306425,4.799999999999997,0.012038303693572061,4.799999999999997,68.4,38.13333333333333,3,2,0,2,3,25.0,False,True,False,False,"Signed reconciliation and persistence evidence for review; heuristic bands are engineering choices, not MPLADS rules or final decisions."
W-000061,COMPLETION,107.41784037558685,107.4,100.0,7.417840375586849,7.417840375586849,7.400000000000006,-0.017840375586843038,7.400000000000006,79.60000000000001,35.54285714285715,7,4,0,4,7,25.0,False,True,False,False,"Signed reconciliation and persistence evidence for review; heuristic bands are engineering choices, not MPLADS rules or final decisions."
W-000062,COMPLETION,92.08250166333998,92.1,100.0,-7.917498336660017,7.917498336660017,-7.900000000000006,0.01749833666001166,-7.900000000000006,55.8,23.862499999999997,7,4,0,3,8,25.0,False,True,False,False,"Signed reconciliation and persistence evidence for review; heuristic bands are engineering choices, not MPLADS rules or final decisions."
W-000063,COMPLETION,104.99248120300751,105.0,100.0,4.9924812030075145,4.9924812030075145,5.0,0.007518796992485477,5.0,65.5,24.82,4,3,0,3,5,25.0,False,True,False,False,"Signed reconciliation and persistence evidence for review; heuristic bands are engineering choices, not MPLADS rules or final decisions."
W-000064,COMPLETION,107.19507502885725,107.2,100.0,7.1950750288572465,7.1950750288572465,7.200000000000003,0.0049249711427563625,7.200000000000003,29.900000000000006,7.771428571428574,5,1,0,1,7,25.0,False,False,False,False,"Signed reconciliation and persistence evidence for review; heuristic bands are engineering choices, not MPLADS rules or final decisions."
W-000065,COMPLETION,104.51776649746193,104.5,100.0,4.517766497461935,4.517766497461935,4.5,-0.017766497461934705,4.5,80.6,44.31666666666667,6,5,0,5,6,25.0,False,True,False,False,"Signed reconciliation and persistence evidence for review; heuristic bands are engineering choices, not MPLADS rules or final decisions."
W-000066,COMPLETION,102.37154150197628,102.4,100.0,2.3715415019762816,2.3715415019762816,2.4000000000000057,0.028458498023724133,2.4000000000000057,67.60000000000001,36.26666666666667,6,4,0,4,6,25.0,False,True,False,False,"Signed reconciliation and persistence evidence for review; heuristic bands are engineering choices, not MPLADS rules or final decisions."
W-000067,COMPLETION,100.0709219858156,100.1,100.0,0.07092198581560183,0.07092198581560183,0.09999999999999432,0.029078014184392487,0.09999999999999432,52.39999999999999,19.849999999999998,6,2,0,2,6,25.0,False,True,False,False,"Signed reconciliation and persistence evidence for review; heuristic bands are engineering choices, not MPLADS rules or final decisions."
W-000068,EXECUTION,76.53333333333333,76.5,71.8,4.733333333333334,4.733333333333334,4.700000000000003,-0.03333333333333144,4.700000000000003,18.700000000000003,2.8000000000000016,3,0,0,0,5,25.0,False,False,False,False,"Signed reconciliation and persistence evidence for review; heuristic bands are engineering choices, not MPLADS rules or final decisions."
W-000069,COMPLETION,100.2177068214804,100.2,100.0,0.2177068214804052,0.2177068214804052,0.20000000000000284,-0.017706821480402368,0.20000000000000284,57.3,35.349999999999994,4,3,0,3,4,25.0,False,True,False,False,"Signed reconciliation and persistence evidence for review; heuristic bands are engineering choices, not MPLADS rules or final decisions."
W-000070,COMPLETION,95.69179784589892,95.7,100.0,-4.308202154101082,4.308202154101082,-4.299999999999997,0.008202154101084602,-4.299999999999997,60.0,30.683333333333326,5,4,0,4,6,25.0,False,True,False,False,"Signed reconciliation and persistence evidence for review; heuristic bands are engineering choices, not MPLADS rules or final decisions."
W-000072,COMPLETION,92.8478543563069,92.8,100.0,-7.152145643693103,7.152145643693103,-7.200000000000003,-0.047854356306899604,-7.200000000000003,46.199999999999996,14.599999999999998,3,2,0,2,5,25.0,False,True,False,False,"Signed reconciliation and persistence evidence for review; heuristic bands are engineering choices, not MPLADS rules or final decisions."
W-000073,COMPLETION,95.07174048658764,95.1,100.0,-4.928259513412357,4.928259513412357,-4.900000000000006,0.02825951341235111,-4.900000000000006,15.599999999999994,-25.61666666666667,1,0,0,0,6,25.0,False,False,False,False,"Signed reconciliation and persistence evidence for review; heuristic bands are engineering choices, not MPLADS rules or final decisions."
W-000075,EXECUTION,31.335436382754995,31.3,31.6,-0.2645636172450061,0.2645636172450061,-0.3000000000000007,-0.03543638275499461,-0.3000000000000007,15.0,4.78,3,0,0,0,5,25.0,False,False,False,False,"Signed reconciliation and persistence evidence for review; heuristic bands are engineering choices, not MPLADS rules or final decisions."
W-000076,EXECUTION,20.624408703878903,20.6,34.1,-13.475591296121099,13.475591296121099,-13.5,-0.02440870387890115,-13.5,-5.3,-15.940000000000001,0,0,0,0,5,25.0,False,False,False,False,"Signed reconciliation and persistence evidence for review; heuristic bands are engineering choices, not MPLADS rules or final decisions."
W-000077,COMPLETION,98.57630979498862,98.6,100.0,-1.4236902050113827,1.4236902050113827,-1.4000000000000057,0.023690205011376975,-1.4000000000000057,59.9,31.279999999999994,4,3,0,3,5,25.0,False,True,False,False,"Signed reconciliation and persistence evidence for review; heuristic bands are engineering choices, not MPLADS rules or final decisions."
W-000078,COMPLETION,99.32432432432432,99.3,100.0,-0.6756756756756772,0.6756756756756772,-0.7000000000000028,-0.02432432432432563,-0.7000000000000028,45.199999999999996,23.225,7,3,0,2,8,25.0,False,True,False,False,"Signed reconciliation and persistence evidence for review; heuristic bands are engineering choices, not MPLADS rules or final decisions."
W-000079,COMPLETION,98.60748476936466,98.6,100.0,-1.3925152306353397,1.3925152306353397,-1.4000000000000057,-0.007484769364666022,-1.4000000000000057,62.199999999999996,21.237499999999997,6,3,0,3,8,25.0,False,True,False,False,"Signed reconciliation and persistence evidence for review; heuristic bands are engineering choices, not MPLADS rules or final decisions."
W-000080,EXECUTION,62.30838593327322,62.3,71.2,-8.891614066726781,8.891614066726781,-8.900000000000006,-0.008385933273224566,-8.900000000000006,21.4,-5.200000000000001,2,0,0,0,5,25.0,False,False,False,False,"Signed reconciliation and persistence evidence for review; heuristic bands are engineering choices, not MPLADS rules or final decisions."
W-000081,COMPLETION,99.92743105950653,99.9,100.0,-0.0725689404934684,0.0725689404934684,-0.09999999999999432,-0.027431059506525912,-0.09999999999999432,33.5,21.900000000000006,2,2,0,2,3,25.0,False,True,False,False,"Signed reconciliation and persistence evidence for review; heuristic bands are engineering choices, not MPLADS rules or final decisions."
W-000082,COMPLETION,102.24899598393574,102.2,100.0,2.2489959839357425,2.2489959839357425,2.200000000000003,-0.04899598393573967,2.200000000000003,32.2,-14.2,3,1,0,1,7,25.0,False,False,False,False,"Signed reconciliation and persistence evidence for review; heuristic bands are engineering choices, not MPLADS rules or final decisions."
W-000083,COMPLETION,101.05554159336516,101.1,100.0,1.055541593365163,1.055541593365163,1.0999999999999943,0.04445840663483125,1.0999999999999943,1.0999999999999943,-24.200000000000003,1,0,0,0,3,25.0,False,False,False,False,"Signed reconciliation and persistence evidence for review; heuristic bands are engineering choices, not MPLADS rules or final decisions."
W-000084,EXECUTION,80.5327868852459,80.5,94.3,-13.7672131147541,13.7672131147541,-13.799999999999997,-0.03278688524589768,-13.799999999999997,24.700000000000003,0.8500000000000028,4,0,0,0,8,25.0,False,False,False,False,"Signed reconciliation and persistence evidence for review; heuristic bands are engineering choices, not MPLADS rules or final decisions."
W-000085,COMPLETION,101.84049079754601,101.8,100.0,1.8404907975460105,1.8404907975460105,1.7999999999999972,-0.04049079754601337,1.7999999999999972,55.199999999999996,21.65,7,4,0,4,8,25.0,False,True,False,False,"Signed reconciliation and persistence evidence for review; heuristic bands are engineering choices, not MPLADS rules or final decisions."
W-000086,EXECUTION,87.18354430379746,87.2,92.5,-5.316455696202539,5.316455696202539,-5.299999999999997,0.016455696202541503,-5.299999999999997,61.0,28.225,3,2,0,2,4,25.0,False,True,False,False,"Signed reconciliation and persistence evidence for review; heuristic bands are engineering choices, not MPLADS rules or final decisions."
W-000087,EXECUTION,72.02572347266882,72.0,71.6,0.42572347266882105,0.42572347266882105,0.4000000000000057,-0.02572347266881536,0.4000000000000057,29.1,8.960000000000003,4,1,0,1,5,25.0,False,False,False,False,"Signed reconciliation and persistence evidence for review; heuristic bands are engineering choices, not MPLADS rules or final decisions."
W-000088,COMPLETION,100.18298261665142,100.2,100.0,0.18298261665141524,0.18298261665141524,0.20000000000000284,0.0170173833485876,0.20000000000000284,52.5,13.825000000000003,3,2,0,2,4,25.0,False,True,False,False,"Signed reconciliation and persistence evidence for review; heuristic bands are engineering choices, not MPLADS rules or final decisions."
W-000089,EXECUTION,96.5641230523372,96.6,94.1,2.4641230523372,2.4641230523372,2.5,0.03587694766279981,2.5,80.5,42.86666666666667,6,4,0,4,6,25.0,False,True,False,False,"Signed reconciliation and persistence evidence for review; heuristic bands are engineering choices, not MPLADS rules or final decisions."
W-000090,COMPLETION,150.84745762711864,150.8,100.0,50.847457627118644,50.847457627118644,50.80000000000001,-0.04745762711863222,50.80000000000001,89.00000000000001,45.97500000000001,6,6,6,6,8,25.0,True,True,False,False,"Signed reconciliation and persistence evidence for review; heuristic bands are engineering choices, not MPLADS rules or final decisions."
W-000091,COMPLETION,105.00667556742323,105.0,100.0,5.00667556742323,5.00667556742323,5.0,-0.006675567423229722,5.0,76.7,31.95714285714286,6,4,0,4,7,25.0,False,True,False,False,"Signed reconciliation and persistence evidence for review; heuristic bands are engineering choices, not MPLADS rules or final decisions."
W-000092,COMPLETION,107.35009671179884,107.4,100.0,7.350096711798841,7.350096711798841,7.400000000000006,0.04990328820116474,7.400000000000006,36.5,5.966666666666669,2,1,0,1,3,25.0,False,False,False,False,"Signed reconciliation and persistence evidence for review; heuristic bands are engineering choices, not MPLADS rules or final decisions."
W-000093,COMPLETION,104.09041980624328,104.1,100.0,4.0904198062432755,4.0904198062432755,4.099999999999994,0.009580193756718813,4.099999999999994,51.699999999999996,32.4,8,5,0,5,8,25.0,False,True,False,False,"Signed reconciliation and persistence evidence for review; heuristic bands are engineering choices, not MPLADS rules or final decisions."
W-000094,EXECUTION,17.157712305025996,17.2,19.2,-2.0422876949740036,2.0422876949740036,-2.0,0.04228769497400364,-2.0,-2.0,-5.125,0,0,0,0,4,25.0,False,False,False,False,"Signed reconciliation and persistence evidence for review; heuristic bands are engineering choices, not MPLADS rules or final decisions."
W-000095,EXECUTION,101.0409437890354,101.0,94.6,6.440943789035401,6.440943789035401,6.400000000000006,-0.04094378903539564,6.400000000000006,67.3,24.3,4,3,0,3,5,25.0,False,True,False,False,"Signed reconciliation and persistence evidence for review; heuristic bands are engineering choices, not MPLADS rules or final decisions."
W-000096,COMPLETION,94.54621149042464,94.5,100.0,-5.453788509575361,5.453788509575361,-5.5,-0.04621149042463912,-5.5,58.9,27.5,2,2,0,2,3,25.0,False,True,False,False,"Signed reconciliation and persistence evidence for review; heuristic bands are engineering choices, not MPLADS rules or final decisions."
W-000097,EXECUTION,73.89033942558747,73.9,74.1,-0.20966057441252417,0.20966057441252417,-0.19999999999998863,0.009660574412535539,-0.19999999999998863,10.699999999999996,1.7666666666666693,1,0,0,0,3,25.0,False,False,False,False,"Signed reconciliation and persistence evidence for review; heuristic bands are engineering choices, not MPLADS rules or final decisions."
W-000099,COMPLETION,104.97866287339971,105.0,100.0,4.978662873399713,4.978662873399713,5.0,0.021337126600286638,5.0,32.0,22.03333333333333,3,2,0,2,3,25.0,False,True,False,False,"Signed reconciliation and persistence evidence for review; heuristic bands are engineering choices, not MPLADS rules or final decisions."
W-000100,COMPLETION,99.59068010075566,99.6,100.0,-0.40931989924433765,0.40931989924433765,-0.4000000000000057,0.009319899244331964,-0.4000000000000057,66.3,26.183333333333326,4,3,0,3,6,25.0,False,True,False,False,"Signed reconciliation and persistence evidence for review; heuristic bands are engineering choices, not MPLADS rules or final decisions."
W-000101,EXECUTION,16.677336747759284,16.7,17.2,-0.5226632522407151,0.5226632522407151,-0.5,0.02266325224071508,-0.5,15.6,3.2428571428571416,5,0,0,0,7,25.0,False,False,False,False,"Signed reconciliation and persistence evidence for review; heuristic bands are engineering choices, not MPLADS rules or final decisions."
W-000102,EXECUTION,36.228070175438596,36.2,40.3,-4.071929824561401,4.071929824561401,-4.099999999999994,-0.028070175438593026,-4.099999999999994,-4.099999999999994,-14.159999999999997,0,0,0,0,5,25.0,False,False,False,False,"Signed reconciliation and persistence evidence for review; heuristic bands are engineering choices, not MPLADS rules or final decisions."
W-000103,COMPLETION,107.57649344341914,107.6,100.0,7.576493443419139,7.576493443419139,7.599999999999994,0.02350655658085543,7.599999999999994,54.49999999999999,30.799999999999994,4,2,0,2,4,25.0,False,True,False,False,"Signed reconciliation and persistence evidence for review; heuristic bands are engineering choices, not MPLADS rules or final decisions."
W-000104,EXECUTION,47.39547635366689,47.4,52.3,-4.904523646333104,4.904523646333104,-4.899999999999999,0.004523646333105091,-4.899999999999999,-4.899999999999999,-17.333333333333332,0,0,0,0,3,25.0,False,False,False,False,"Signed reconciliation and persistence evidence for review; heuristic bands are engineering choices, not MPLADS rules or final decisions."
W-000106,EXECUTION,60.90425531914894,60.9,64.0,-3.0957446808510625,3.0957446808510625,-3.1000000000000014,-0.004255319148938952,-3.1000000000000014,7.0,-3.900000000000001,1,0,0,0,3,25.0,False,False,False,False,"Signed reconciliation and persistence evidence for review; heuristic bands are engineering choices, not MPLADS rules or final decisions."
W-000107,COMPLETION,102.34541577825159,102.3,100.0,2.345415778251592,2.345415778251592,2.299999999999997,-0.04541577825159493,2.299999999999997,29.299999999999997,4.999999999999998,3,1,0,1,4,25.0,False,False,False,False,"Signed reconciliation and persistence evidence for review; heuristic bands are engineering choices, not MPLADS rules or final decisions."
W-000109,COMPLETION,105.21091811414392,105.2,100.0,5.210918114143922,5.210918114143922,5.200000000000003,-0.01091811414391941,5.200000000000003,23.3,-0.08000000000000043,3,0,0,0,5,25.0,False,False,False,False,"Signed reconciliation and persistence evidence for review; heuristic bands are engineering choices, not MPLADS rules or final decisions."
W-000110,EXECUTION,66.34408602150538,66.3,77.0,-10.655913978494624,10.655913978494624,-10.700000000000003,-0.04408602150537888,-10.700000000000003,-2.6999999999999957,-17.612499999999997,0,0,0,0,8,25.0,False,False,False,False,"Signed reconciliation and persistence evidence for review; heuristic bands are engineering choices, not MPLADS rules or final decisions."
W-000113,COMPLETION,105.44724770642202,105.4,100.0,5.447247706422019,5.447247706422019,5.400000000000006,-0.047247706422012925,5.400000000000006,65.5,34.625,8,5,0,5,8,25.0,False,True,False,False,"Signed reconciliation and persistence evidence for review; heuristic bands are engineering choices, not MPLADS rules or final decisions."
W-000114,EXECUTION,87.6574307304786,87.7,90.2,-2.542569269521408,2.542569269521408,-2.5,0.04256926952140816,-2.5,28.0,13.666666666666666,2,1,0,1,3,25.0,False,False,False,False,"Signed reconciliation and persistence evidence for review; heuristic bands are engineering choices, not MPLADS rules or final decisions."
W-000115,EXECUTION,89.56120092378752,89.6,94.3,-4.738799076212473,4.738799076212473,-4.700000000000003,0.03879907621247014,-4.700000000000003,70.6,33.48,4,3,0,3,5,25.0,False,True,False,False,"Signed reconciliation and persistence evidence for review; heuristic bands are engineering choices, not MPLADS rules or final decisions."
W-000117,COMPLETION,104.97967479674797,105.0,100.0,4.979674796747972,4.979674796747972,5.0,0.020325203252028246,5.0,41.2,21.060000000000002,4,2,0,2,5,25.0,False,True,False,False,"Signed reconciliation and persistence evidence for review; heuristic bands are engineering choices, not MPLADS rules or final decisions."
W-000118,COMPLETION,102.27887215140981,102.3,100.0,2.2788721514098143,2.2788721514098143,2.299999999999997,0.021127848590182907,2.299999999999997,69.0,23.08,4,2,0,2,5,25.0,False,True,False,False,"Signed reconciliation and persistence evidence for review; heuristic bands are engineering choices, not MPLADS rules or final decisions."
W-000120,COMPLETION,104.99770747363594,105.0,100.0,4.997707473635941,4.997707473635941,5.0,0.0022925263640587445,5.0,59.5,39.4,6,5,0,5,6,25.0,False,True,False,False,"Signed reconciliation and persistence evidence for review; heuristic bands are engineering choices, not MPLADS rules or final decisions."
W-000121,COMPLETION,104.44626295690125,104.4,100.0,4.446262956901251,4.446262956901251,4.400000000000006,-0.046262956901244934,4.400000000000006,41.00000000000001,28.233333333333338,3,2,0,2,3,25.0,False,True,False,False,"Signed reconciliation and persistence evidence for review; heuristic bands are engineering choices, not MPLADS rules or final decisions."
W-000122,COMPLETION,101.48982558139535,101.5,100.0,1.4898255813953512,1.4898255813953512,1.5,0.01017441860464885,1.5,72.0,36.97142857142857,7,5,0,5,7,25.0,False,True,False,False,"Signed reconciliation and persistence evidence for review; heuristic bands are engineering choices, not MPLADS rules or final decisions."
W-000123,EXECUTION,100.65298507462687,100.7,93.7,6.952985074626866,6.952985074626866,7.0,0.047014925373133565,7.0,60.2,24.12857142857143,6,3,0,3,7,25.0,False,True,False,False,"Signed reconciliation and persistence evidence for review; heuristic bands are engineering choices, not MPLADS rules or final decisions."
W-000124,EXECUTION,86.43031784841075,86.4,88.9,-2.4696821515892537,2.4696821515892537,-2.5,-0.03031784841074625,-2.5,41.300000000000004,17.0,3,1,0,1,4,25.0,False,False,False,False,"Signed reconciliation and persistence evidence for review; heuristic bands are engineering choices, not MPLADS rules or final decisions."
W-000125,EXECUTION,54.10343759677919,54.1,53.0,1.1034375967791874,1.1034375967791874,1.1000000000000014,-0.0034375967791859807,1.1000000000000014,15.600000000000001,3.300000000000002,5,0,0,0,7,25.0,False,False,False,False,"Signed reconciliation and persistence evidence for review; heuristic bands are engineering choices, not MPLADS rules or final decisions."
W-000126,EXECUTION,83.2953682611997,83.3,88.2,-4.904631738800305,4.904631738800305,-4.900000000000006,0.00463173880029899,-4.900000000000006,22.699999999999996,-7.337500000000001,3,0,0,0,8,25.0,False,False,False,False,"Signed reconciliation and persistence evidence for review; heuristic bands are engineering choices, not MPLADS rules or final decisions."
W-000127,COMPLETION,104.36046511627907,104.4,100.0,4.360465116279073,4.360465116279073,4.400000000000006,0.03953488372093261,4.400000000000006,55.99999999999999,31.425000000000004,8,5,0,5,8,25.0,False,True,False,False,"Signed reconciliation and persistence evidence for review; heuristic bands are engineering choices, not MPLADS rules or final decisions."
W-000128,COMPLETION,100.63227953410981,100.6,100.0,0.6322795341098129,0.6322795341098129,0.5999999999999943,-0.03227953410981854,0.5999999999999943,53.3,22.516666666666662,5,3,0,3,6,25.0,False,True,False,False,"Signed reconciliation and persistence evidence for review; heuristic bands are engineering choices, not MPLADS rules or final decisions."
W-000129,EXECUTION,90.69954435808094,90.7,85.5,5.199544358080942,5.199544358080942,5.200000000000003,0.00045564191906066753,5.200000000000003,67.1,34.53333333333334,3,2,0,2,3,25.0,False,True,False,False,"Signed reconciliation and persistence evidence for review; heuristic bands are engineering choices, not MPLADS rules or final decisions."
W-000130,COMPLETION,100.99009900990099,101.0,100.0,0.9900990099009874,0.9900990099009874,1.0,0.009900990099012574,1.0,82.7,40.03333333333333,6,4,0,4,6,25.0,False,True,False,False,"Signed reconciliation and persistence evidence for review; heuristic bands are engineering choices, not MPLADS rules or final decisions."
W-000131,COMPLETION,101.42857142857143,101.4,100.0,1.4285714285714306,1.4285714285714306,1.4000000000000057,-0.028571428571424917,1.4000000000000057,16.000000000000007,3.8666666666666694,4,0,0,0,6,25.0,False,False,False,False,"Signed reconciliation and persistence evidence for review; heuristic bands are engineering choices, not MPLADS rules or final decisions."
W-000132,COMPLETION,98.86187273667873,98.9,100.0,-1.138127263321266,1.138127263321266,-1.0999999999999943,0.0381272633212717,-1.0999999999999943,61.10000000000001,23.650000000000006,4,3,0,3,6,25.0,False,True,False,False,"Signed reconciliation and persistence evidence for review; heuristic bands are engineering choices, not MPLADS rules or final decisions."
W-000133,COMPLETION,88.27800829875518,88.3,100.0,-11.721991701244818,11.721991701244818,-11.700000000000003,0.021991701244814976,-11.700000000000003,36.199999999999996,11.149999999999999,3,1,0,1,4,25.0,False,False,False,False,"Signed reconciliation and persistence evidence for review; heuristic bands are engineering choices, not MPLADS rules or final decisions."
W-000134,EXECUTION,91.20024875621891,91.2,85.3,5.9002487562189145,5.9002487562189145,5.900000000000006,-0.00024875621890885213,5.900000000000006,28.2,0.8749999999999996,4,1,0,1,8,25.0,False,False,False,False,"Signed reconciliation and persistence evidence for review; heuristic bands are engineering choices, not MPLADS rules or final decisions."
W-000135,COMPLETION,105.00459136822774,105.0,100.0,5.004591368227736,5.004591368227736,5.0,-0.00459136822773587,5.0,42.49999999999999,28.03333333333333,3,2,0,2,3,25.0,False,True,False,False,"Signed reconciliation and persistence evidence for review; heuristic bands are engineering choices, not MPLADS rules or final decisions."
W-000136,COMPLETION,126.67946257197697,126.7,100.0,26.67946257197697,26.67946257197697,26.700000000000003,0.020537428023033044,26.700000000000003,55.9,28.025000000000002,3,3,3,3,4,25.0,True,True,False,False,"Signed reconciliation and persistence evidence for review; heuristic bands are engineering choices, not MPLADS rules or final decisions."
W-000137,COMPLETION,104.44617784711389,104.4,100.0,4.446177847113887,4.446177847113887,4.400000000000006,-0.0461778471138814,4.400000000000006,4.400000000000006,-19.125,1,0,0,0,4,25.0,False,False,False,False,"Signed reconciliation and persistence evidence for review; heuristic bands are engineering choices, not MPLADS rules or final decisions."
W-000139,COMPLETION,101.65876777251185,101.7,100.0,1.658767772511851,1.658767772511851,1.7000000000000028,0.04123222748815181,1.7000000000000028,37.5,19.033333333333335,3,1,0,1,3,25.0,False,False,False,False,"Signed reconciliation and persistence evidence for review; heuristic bands are engineering choices, not MPLADS rules or final decisions."
W-000140,COMPLETION,104.14551607445009,104.1,100.0,4.145516074450086,4.145516074450086,4.099999999999994,-0.04551607445009154,4.099999999999994,73.5,43.02857142857142,7,5,0,5,7,25.0,False,True,False,False,"Signed reconciliation and persistence evidence for review; heuristic bands are engineering choices, not MPLADS rules or final decisions."
W-000141,COMPLETION,104.9903412749517,105.0,100.0,4.990341274951703,4.990341274951703,5.0,0.009658725048296901,5.0,23.200000000000003,2.816666666666668,4,0,0,0,6,25.0,False,False,False,False,"Signed reconciliation and persistence evidence for review; heuristic bands are engineering choices, not MPLADS rules or final decisions."
W-000142,COMPLETION,93.92523364485982,93.9,100.0,-6.074766355140184,6.074766355140184,-6.099999999999994,-0.025233644859810056,-6.099999999999994,60.900000000000006,28.26666666666667,2,2,0,2,3,25.0,False,True,False,False,"Signed reconciliation and persistence evidence for review; heuristic bands are engineering choices, not MPLADS rules or final decisions."
W-000143,COMPLETION,103.60551431601273,103.6,100.0,3.60551431601273,3.60551431601273,3.5999999999999943,-0.005514316012735776,3.5999999999999943,52.699999999999996,28.549999999999997,4,3,0,3,4,25.0,False,True,False,False,"Signed reconciliation and persistence evidence for review; heuristic bands are engineering choices, not MPLADS rules or final decisions."
W-000144,EXECUTION,9.578544061302683,9.6,9.4,0.17854406130268252,0.17854406130268252,0.1999999999999993,0.021455938697316768,0.1999999999999993,0.1999999999999993,-4.633333333333334,1,0,0,0,6,25.0,False,False,False,False,"Signed reconciliation and persistence evidence for review; heuristic bands are engineering choices, not MPLADS rules or final decisions."
W-000145,COMPLETION,107.97317436661699,108.0,100.0,7.973174366616988,7.973174366616988,8.0,0.02682563338301236,8.0,63.2,20.750000000000004,6,4,0,4,8,25.0,False,True,False,False,"Signed reconciliation and persistence evidence for review; heuristic bands are engineering choices, not MPLADS rules or final decisions."
W-000146,COMPLETION,105.80399619410086,105.8,100.0,5.803996194100861,5.803996194100861,5.799999999999997,-0.003996194100864159,5.799999999999997,36.699999999999996,21.059999999999995,5,3,0,3,5,25.0,False,True,False,False,"Signed reconciliation and persistence evidence for review; heuristic bands are engineering choices, not MPLADS rules or final decisions."
W-000147,COMPLETION,100.06918021445867,100.1,100.0,0.06918021445866884,0.06918021445866884,0.09999999999999432,0.030819785541325473,0.09999999999999432,86.5,42.43333333333333,6,4,0,4,6,25.0,False,True,False,False,"Signed reconciliation and persistence evidence for review; heuristic bands are engineering choices, not MPLADS rules or final decisions."
W-000148,EXECUTION,92.1115347950429,92.1,90.0,2.1115347950428998,2.1115347950428998,2.0999999999999943,-0.011534795042905444,2.0999999999999943,21.400000000000002,14.933333333333332,3,0,0,0,3,25.0,False,False,False,False,"Signed reconciliation and persistence evidence for review; heuristic bands are engineering choices, not MPLADS rules or final decisions."
W-000149,EXECUTION,61.0958904109589,61.1,70.4,-9.304109589041104,9.304109589041104,-9.300000000000004,0.004109589041100037,-9.300000000000004,3.0999999999999996,-11.666666666666666,1,0,0,0,6,25.0,False,False,False,False,"Signed reconciliation and persistence evidence for review; heuristic bands are engineering choices, not MPLADS rules or final decisions."
W-000150,EXECUTION,91.40369967355822,91.4,94.0,-2.596300326441778,2.596300326441778,-2.5999999999999943,-0.003699673558216432,-2.5999999999999943,47.800000000000004,22.6,6,4,0,4,7,25.0,False,True,False,False,"Signed reconciliation and persistence evidence for review; heuristic bands are engineering choices, not MPLADS rules or final decisions."
W-000151,COMPLETION,104.99300046663556,105.0,100.0,4.993000466635564,4.993000466635564,5.0,0.006999533364435706,5.0,30.099999999999994,17.975,4,1,0,1,4,25.0,False,False,False,False,"Signed reconciliation and persistence evidence for review; heuristic bands are engineering choices, not MPLADS rules or final decisions."
W-000152,COMPLETION,105.01897933361451,105.0,100.0,5.01897933361451,5.01897933361451,5.0,-0.018979333614510097,5.0,56.0,29.725,4,2,0,2,4,25.0,False,True,False,False,"Signed reconciliation and persistence evidence for review; heuristic bands are engineering choices, not MPLADS rules or final decisions."
W-000153,EXECUTION,57.28257996299234,57.3,55.7,1.5825799629923338,1.5825799629923338,1.5999999999999943,0.017420037007660483,1.5999999999999943,11.200000000000003,5.76,5,0,0,0,5,25.0,False,False,False,False,"Signed reconciliation and persistence evidence for review; heuristic bands are engineering choices, not MPLADS rules or final decisions."
W-000154,COMPLETION,104.98873511425813,105.0,100.0,4.988735114258134,4.988735114258134,5.0,0.011264885741866237,5.0,5.0,1.6999999999999993,2,0,0,0,3,25.0,False,False,False,False,"Signed reconciliation and persistence evidence for review; heuristic bands are engineering choices, not MPLADS rules or final decisions."
W-000155,EXECUTION,57.946336429308566,57.9,54.4,3.5463364293085675,3.5463364293085675,3.5,-0.04633642930856752,3.5,23.699999999999996,2.374999999999999,5,0,0,0,8,25.0,False,False,False,False,"Signed reconciliation and persistence evidence for review; heuristic bands are engineering choices, not MPLADS rules or final decisions."
W-000156,EXECUTION,59.472817133443165,59.5,65.9,-6.427182866556841,6.427182866556841,-6.400000000000006,0.027182866556834995,-6.400000000000006,11.0,-10.440000000000001,1,0,0,0,5,25.0,False,False,False,False,"Signed reconciliation and persistence evidence for review; heuristic bands are engineering choices, not MPLADS rules or final decisions."
W-000157,COMPLETION,100.9090909090909,100.9,100.0,0.9090909090909065,0.9090909090909065,0.9000000000000057,-0.009090909090900823,0.9000000000000057,51.400000000000006,21.150000000000002,4,2,0,2,4,25.0,False,True,False,False,"Signed reconciliation and persistence evidence for review; heuristic bands are engineering choices, not MPLADS rules or final decisions."
W-000158,COMPLETION,96.89633767846058,96.9,100.0,-3.1036623215394172,3.1036623215394172,-3.0999999999999943,0.003662321539422919,-3.0999999999999943,35.1,21.233333333333338,2,2,0,2,3,25.0,False,True,False,False,"Signed reconciliation and persistence evidence for review; heuristic bands are engineering choices, not MPLADS rules or final decisions."
W-000159,COMPLETION,91.64578111946533,91.6,100.0,-8.354218880534674,8.354218880534674,-8.400000000000006,-0.0457811194653317,-8.400000000000006,16.099999999999994,-19.540000000000003,1,0,0,0,5,25.0,False,False,False,False,"Signed reconciliation and persistence evidence for review; heuristic bands are engineering choices, not MPLADS rules or final decisions."
W-000160,COMPLETION,100.0,100.0,100.0,0.0,0.0,0.0,0.0,0.0,17.300000000000004,-1.5571428571428558,3,0,0,0,7,25.0,False,False,False,False,"Signed reconciliation and persistence evidence for review; heuristic bands are engineering choices, not MPLADS rules or final decisions."
W-000162,COMPLETION,102.46975806451613,102.5,100.0,2.469758064516128,2.469758064516128,2.5,0.030241935483871885,2.5,37.8,16.299999999999997,3,1,0,1,3,25.0,False,False,False,False,"Signed reconciliation and persistence evidence for review; heuristic bands are engineering choices, not MPLADS rules or final decisions."
W-000163,COMPLETION,93.20987654320987,93.2,100.0,-6.790123456790127,6.790123456790127,-6.799999999999997,-0.009876543209870192,-6.799999999999997,47.6,16.160000000000004,3,1,0,1,5,25.0,False,False,False,False,"Signed reconciliation and persistence evidence for review; heuristic bands are engineering choices, not MPLADS rules or final decisions."
W-000164,EXECUTION,94.18432725480532,94.2,23.2,70.98432725480532,70.98432725480532,71.0,0.015672745194677873,71.0,71.9,36.8,4,2,2,2,5,25.0,True,True,False,False,"Signed reconciliation and persistence evidence for review; heuristic bands are engineering choices, not MPLADS rules or final decisions."
W-000165,COMPLETION,98.61973775017253,98.6,100.0,-1.3802622498274673,1.3802622498274673,-1.4000000000000057,-0.019737750172538426,-1.4000000000000057,63.199999999999996,29.966666666666658,2,2,0,2,3,25.0,False,True,False,False,"Signed reconciliation and persistence evidence for review; heuristic bands are engineering choices, not MPLADS rules or final decisions."
W-000166,COMPLETION,104.90529383195727,104.9,100.0,4.905293831957266,4.905293831957266,4.900000000000006,-0.005293831957260409,4.900000000000006,66.2,31.300000000000004,5,3,0,3,5,25.0,False,True,False,False,"Signed reconciliation and persistence evidence for review; heuristic bands are engineering choices, not MPLADS rules or final decisions."
W-000167,COMPLETION,105.01172332942555,105.0,100.0,5.01172332942555,5.01172332942555,5.0,-0.011723329425549878,5.0,67.0,40.26,5,4,0,4,5,25.0,False,True,False,False,"Signed reconciliation and persistence evidence for review; heuristic bands are engineering choices, not MPLADS rules or final decisions."
W-000168,COMPLETION,89.58333333333333,89.6,100.0,-10.416666666666671,10.416666666666671,-10.400000000000006,0.01666666666666572,-10.400000000000006,38.49999999999999,16.799999999999994,3,2,0,2,4,25.0,False,True,False,False,"Signed reconciliation and persistence evidence for review; heuristic bands are engineering choices, not MPLADS rules or final decisions."
W-000169,EXECUTION,8.220858895705522,8.2,7.8,0.42085889570552215,0.42085889570552215,0.39999999999999947,-0.020858895705522684,0.39999999999999947,0.39999999999999947,-4.3999999999999995,1,0,0,0,3,25.0,False,False,False,False,"Signed reconciliation and persistence evidence for review; heuristic bands are engineering choices, not MPLADS rules or final decisions."
W-000170,EXECUTION,45.561850802644,45.6,45.9,-0.338149197355996,0.338149197355996,-0.29999999999999716,0.038149197355998865,-0.29999999999999716,14.5,7.066666666666667,2,0,0,0,3,25.0,False,False,False,False,"Signed reconciliation and persistence evidence for review; heuristic bands are engineering choices, not MPLADS rules or final decisions."
W-000171,COMPLETION,104.51289398280802,104.5,100.0,4.5128939828080235,4.5128939828080235,4.5,-0.012893982808023452,4.5,57.4,28.985714285714288,7,4,0,3,7,25.0,False,True,False,False,"Signed reconciliation and persistence evidence for review; heuristic bands are engineering choices, not MPLADS rules or final decisions."
W-000172,COMPLETION,97.02015775635408,97.0,100.0,-2.979842243645919,2.979842243645919,-3.0,-0.020157756354080902,-3.0,66.8,28.7,4,2,0,2,5,25.0,False,True,False,False,"Signed reconciliation and persistence evidence for review; heuristic bands are engineering choices, not MPLADS rules or final decisions."
W-000173,EXECUTION,40.482695810564664,40.5,44.7,-4.217304189435339,4.217304189435339,-4.200000000000003,0.01730418943533607,-4.200000000000003,12.9,1.2499999999999987,2,0,0,0,4,25.0,False,False,False,False,"Signed reconciliation and persistence evidence for review; heuristic bands are engineering choices, not MPLADS rules or final decisions."
W-000174,COMPLETION,98.79120879120879,98.8,100.0,-1.2087912087912116,1.2087912087912116,-1.2000000000000028,0.00879120879120876,-1.2000000000000028,58.0,23.839999999999996,4,2,0,2,5,25.0,False,True,False,False,"Signed reconciliation and persistence evidence for review; heuristic bands are engineering choices, not MPLADS rules or final decisions."
W-000175,COMPLETION,103.50649350649351,103.5,100.0,3.5064935064935128,3.5064935064935128,3.5,-0.006493506493512768,3.5,57.2,23.419999999999998,4,3,0,3,5,25.0,False,True,False,False,"Signed reconciliation and persistence evidence for review; heuristic bands are engineering choices, not MPLADS rules or final decisions."
W-000176,COMPLETION,99.28900041823505,99.3,100.0,-0.7109995817649519,0.7109995817649519,-0.7000000000000028,0.010999581764949085,-0.7000000000000028,87.6,41.71666666666667,5,4,0,4,6,25.0,False,True,False,False,"Signed reconciliation and persistence evidence for review; heuristic bands are engineering choices, not MPLADS rules or final decisions."
W-000177,EXECUTION,132.722371967655,132.7,60.6,72.122371967655,72.122371967655,72.1,-0.02237196765500471,72.1,108.39999999999999,76.92499999999998,4,4,4,4,4,25.0,True,True,False,False,"Signed reconciliation and persistence evidence for review; heuristic bands are engineering choices, not MPLADS rules or final decisions."
W-000178,COMPLETION,90.02739726027397,90.0,100.0,-9.972602739726028,9.972602739726028,-10.0,-0.027397260273971824,-10.0,40.0,5.4750000000000005,2,1,0,1,4,25.0,False,False,False,False,"Signed reconciliation and persistence evidence for review; heuristic bands are engineering choices, not MPLADS rules or final decisions."
W-000181,COMPLETION,100.74934432371674,100.7,100.0,0.7493443237167412,0.7493443237167412,0.7000000000000028,-0.04934432371673836,0.7000000000000028,45.2,23.228571428571424,7,4,0,3,7,25.0,False,True,False,False,"Signed reconciliation and persistence evidence for review; heuristic bands are engineering choices, not MPLADS rules or final decisions."
W-000182,COMPLETION,92.02898550724638,92.0,100.0,-7.971014492753625,7.971014492753625,-8.0,-0.028985507246375164,-8.0,61.5,18.35,4,2,0,2,6,25.0,False,True,False,False,"Signed reconciliation and persistence evidence for review; heuristic bands are engineering choices, not MPLADS rules or final decisions."
W-000183,COMPLETION,105.63711098062242,105.6,100.0,5.637110980622424,5.637110980622424,5.599999999999994,-0.03711098062242968,5.599999999999994,66.10000000000001,35.825,8,5,0,5,8,25.0,False,True,False,False,"Signed reconciliation and persistence evidence for review; heuristic bands are engineering choices, not MPLADS rules or final decisions."
W-000184,COMPLETION,102.21453287197232,102.2,100.0,2.214532871972324,2.214532871972324,2.200000000000003,-0.014532871972321004,2.200000000000003,84.0,41.46,5,3,0,3,5,25.0,False,True,False,False,"Signed reconciliation and persistence evidence for review; heuristic bands are engineering choices, not MPLADS rules or final decisions."
W-000185,EXECUTION,150.06273525721454,150.1,76.5,73.56273525721454,73.56273525721454,73.6,0.03726474278545311,73.6,134.0,84.87142857142858,6,6,6,6,7,25.0,True,True,False,False,"Signed reconciliation and persistence evidence for review; heuristic bands are engineering choices, not MPLADS rules or final decisions."
W-000187,COMPLETION,104.3515725980181,104.4,100.0,4.351572598018095,4.351572598018095,4.400000000000006,0.04842740198191109,4.400000000000006,88.7,48.050000000000004,8,6,0,6,8,25.0,False,True,False,False,"Signed reconciliation and persistence evidence for review; heuristic bands are engineering choices, not MPLADS rules or final decisions."
W-000190,COMPLETION,104.83449477351917,104.8,100.0,4.834494773519168,4.834494773519168,4.799999999999997,-0.03449477351917096,4.799999999999997,17.30000000000001,11.500000000000005,3,0,0,0,3,25.0,False,False,False,False,"Signed reconciliation and persistence evidence for review; heuristic bands are engineering choices, not MPLADS rules or final decisions."
W-000191,COMPLETION,99.64943032427695,99.6,100.0,-0.350569675723051,0.350569675723051,-0.4000000000000057,-0.04943032427695471,-0.4000000000000057,35.3,5.499999999999997,1,1,0,1,3,25.0,False,False,False,False,"Signed reconciliation and persistence evidence for review; heuristic bands are engineering choices, not MPLADS rules or final decisions."
W-000192,COMPLETION,104.04878048780488,104.0,100.0,4.048780487804876,4.048780487804876,4.0,-0.048780487804876316,4.0,70.3,19.4,6,3,0,3,8,25.0,False,True,False,False,"Signed reconciliation and persistence evidence for review; heuristic bands are engineering choices, not MPLADS rules or final decisions."
W-000193,EXECUTION,89.32607785684387,89.3,94.9,-5.573922143156139,5.573922143156139,-5.6000000000000085,-0.02607785684386954,-5.6000000000000085,42.3,15.799999999999997,3,1,0,1,4,25.0,False,False,False,False,"Signed reconciliation and persistence evidence for review; heuristic bands are engineering choices, not MPLADS rules or final decisions."
W-000194,COMPLETION,95.54256485202777,95.5,100.0,-4.457435147972234,4.457435147972234,-4.5,-0.042564852027766165,-4.5,45.3,25.333333333333332,5,4,0,4,6,25.0,False,True,False,False,"Signed reconciliation and persistence evidence for review; heuristic bands are engineering choices, not MPLADS rules or final decisions."
W-000195,COMPLETION,100.78869536641473,100.8,100.0,0.7886953664147285,0.7886953664147285,0.7999999999999972,0.011304633585268675,0.7999999999999972,7.700000000000001,-12.7375,3,0,0,0,8,25.0,False,False,False,False,"Signed reconciliation and persistence evidence for review; heuristic bands are engineering choices, not MPLADS rules or final decisions."
W-000196,EXECUTION,77.74566473988439,77.7,75.7,2.045664739884387,2.045664739884387,2.0,-0.04566473988438702,2.0,5.799999999999997,-10.4875,2,0,0,0,8,25.0,False,False,False,False,"Signed reconciliation and persistence evidence for review; heuristic bands are engineering choices, not MPLADS rules or final decisions."
W-000197,COMPLETION,101.82615047479912,101.8,100.0,1.826150474799121,1.826150474799121,1.7999999999999972,-0.026150474799123913,1.7999999999999972,79.19999999999999,40.1,7,5,0,5,7,25.0,False,True,False,False,"Signed reconciliation and persistence evidence for review; heuristic bands are engineering choices, not MPLADS rules or final decisions."
W-000198,COMPLETION,99.37670432411375,99.4,100.0,-0.6232956758862542,0.6232956758862542,-0.5999999999999943,0.023295675886259914,-0.5999999999999943,83.9,41.975,7,6,0,6,8,25.0,False,True,False,False,"Signed reconciliation and persistence evidence for review; heuristic bands are engineering choices, not MPLADS rules or final decisions."
W-000199,COMPLETION,99.18824893699265,99.2,100.0,-0.8117510630073497,0.8117510630073497,-0.7999999999999972,0.011751063007352514,-0.7999999999999972,20.10000000000001,-13.499999999999996,1,0,0,0,4,25.0,False,False,False,False,"Signed reconciliation and persistence evidence for review; heuristic bands are engineering choices, not MPLADS rules or final decisions."
W-000200,COMPLETION,100.16657412548584,100.2,100.0,0.1665741254858375,0.1665741254858375,0.20000000000000284,0.033425874514165343,0.20000000000000284,82.9,41.5,4,3,0,3,4,25.0,False,True,False,False,"Signed reconciliation and persistence evidence for review; heuristic bands are engineering choices, not MPLADS rules or final decisions."
W-000201,COMPLETION,94.2764076314565,94.3,100.0,-5.723592368543507,5.723592368543507,-5.700000000000003,0.023592368543503994,-5.700000000000003,38.699999999999996,2.1333333333333306,1,1,0,1,3,25.0,False,False,False,False,"Signed reconciliation and persistence evidence for review; heuristic bands are engineering choices, not MPLADS rules or final decisions."
W-000202,COMPLETION,99.76744186046511,99.8,100.0,-0.2325581395348877,0.2325581395348877,-0.20000000000000284,0.032558139534884845,-0.20000000000000284,66.19999999999999,36.85714285714285,6,5,0,5,7,25.0,False,True,False,False,"Signed reconciliation and persistence evidence for review; heuristic bands are engineering choices, not MPLADS rules or final decisions."
W-000203,COMPLETION,92.72675413576725,92.7,100.0,-7.273245864232749,7.273245864232749,-7.299999999999997,-0.0267541357672485,-7.299999999999997,49.300000000000004,22.52857142857143,6,3,0,2,7,25.0,False,True,False,False,"Signed reconciliation and persistence evidence for review; heuristic bands are engineering choices, not MPLADS rules or final decisions."
W-000204,COMPLETION,103.18072289156626,103.2,100.0,3.180722891566262,3.180722891566262,3.200000000000003,0.019277108433740864,3.200000000000003,30.900000000000006,13.475000000000001,4,1,0,1,4,25.0,False,False,False,False,"Signed reconciliation and persistence evidence for review; heuristic bands are engineering choices, not MPLADS rules or final decisions."
W-000205,EXECUTION,44.929529047782744,44.9,48.5,-3.5704709522172564,3.5704709522172564,-3.6000000000000014,-0.02952904778274501,-3.6000000000000014,26.5,11.325,7,1,0,1,8,25.0,False,False,False,False,"Signed reconciliation and persistence evidence for review; heuristic bands are engineering choices, not MPLADS rules or final decisions."
W-000206,COMPLETION,98.05097451274362,98.1,100.0,-1.9490254872563781,1.9490254872563781,-1.9000000000000057,0.04902548725637246,-1.9000000000000057,56.3,28.559999999999995,4,3,0,3,5,25.0,False,True,False,False,"Signed reconciliation and persistence evidence for review; heuristic bands are engineering choices, not MPLADS rules or final decisions."
W-000207,COMPLETION,105.01309390198278,105.0,100.0,5.013093901982785,5.013093901982785,5.0,-0.013093901982784928,5.0,93.0,47.12,5,3,0,3,5,25.0,False,True,False,False,"Signed reconciliation and persistence evidence for review; heuristic bands are engineering choices, not MPLADS rules or final decisions."
W-000208,COMPLETION,102.81929347826087,102.8,100.0,2.8192934782608745,2.8192934782608745,2.799999999999997,-0.01929347826087735,2.799999999999997,59.199999999999996,31.44285714285714,7,4,0,4,7,25.0,False,True,False,False,"Signed reconciliation and persistence evidence for review; heuristic bands are engineering choices, not MPLADS rules or final decisions."
W-000209,COMPLETION,94.85910129474486,94.9,100.0,-5.14089870525514,5.14089870525514,-5.099999999999994,0.04089870525514527,-5.099999999999994,27.30000000000001,14.333333333333341,2,1,0,1,3,25.0,False,False,False,False,"Signed reconciliation and persistence evidence for review; heuristic bands are engineering choices, not MPLADS rules or final decisions."
W-000211,EXECUTION,81.29554655870446,81.3,92.9,-11.604453441295547,11.604453441295547,-11.600000000000009,0.004453441295538596,-11.600000000000009,-8.899999999999999,-15.033333333333337,0,0,0,0,3,25.0,False,False,False,False,"Signed reconciliation and persistence evidence for review; heuristic bands are engineering choices, not MPLADS rules or final decisions."
W-000212,COMPLETION,104.98924731182795,105.0,100.0,4.989247311827953,4.989247311827953,5.0,0.010752688172047442,5.0,41.0,26.76666666666667,3,2,0,2,3,25.0,False,True,False,False,"Signed reconciliation and persistence evidence for review; heuristic bands are engineering choices, not MPLADS rules or final decisions."
W-000213,COMPLETION,100.59084194977844,100.6,100.0,0.5908419497784365,0.5908419497784365,0.5999999999999943,0.0091580502215578,0.5999999999999943,71.69999999999999,36.628571428571426,7,5,0,5,7,25.0,False,True,False,False,"Signed reconciliation and persistence evidence for review; heuristic bands are engineering choices, not MPLADS rules or final decisions."
W-000215,COMPLETION,98.43382928739233,98.4,100.0,-1.566170712607672,1.566170712607672,-1.5999999999999943,-0.03382928739232227,-1.5999999999999943,55.800000000000004,24.287500000000005,7,3,0,3,8,25.0,False,True,False,False,"Signed reconciliation and persistence evidence for review; heuristic bands are engineering choices, not MPLADS rules or final decisions."
W-000216,COMPLETION,90.01426533523538,90.0,100.0,-9.985734664764621,9.985734664764621,-10.0,-0.014265335235378984,-10.0,73.5,29.825000000000003,3,2,0,2,4,25.0,False,True,False,False,"Signed reconciliation and persistence evidence for review; heuristic bands are engineering choices, not MPLADS rules or final decisions."
W-000217,COMPLETION,96.64154652686763,96.6,100.0,-3.3584534731323714,3.3584534731323714,-3.4000000000000057,-0.04154652686763427,-3.4000000000000057,60.5,35.55,7,5,0,5,8,25.0,False,True,False,False,"Signed reconciliation and persistence evidence for review; heuristic bands are engineering choices, not MPLADS rules or final decisions."
W-000218,COMPLETION,104.359197907585,104.4,100.0,4.359197907584999,4.359197907584999,4.400000000000006,0.04080209241500654,4.400000000000006,85.4,42.425000000000004,4,2,0,2,4,25.0,False,True,False,False,"Signed reconciliation and persistence evidence for review; heuristic bands are engineering choices, not MPLADS rules or final decisions."
W-000219,EXECUTION,87.09872804360994,87.1,84.2,2.8987280436099354,2.8987280436099354,2.8999999999999915,0.0012719563900560615,2.8999999999999915,11.800000000000004,-10.983333333333333,2,0,0,0,6,25.0,False,False,False,False,"Signed reconciliation and persistence evidence for review; heuristic bands are engineering choices, not MPLADS rules or final decisions."
W-000220,COMPLETION,98.33169774288518,98.3,100.0,-1.6683022571148172,1.6683022571148172,-1.7000000000000028,-0.031697742885185676,-1.7000000000000028,58.699999999999996,17.639999999999997,3,2,0,2,5,25.0,False,True,False,False,"Signed reconciliation and persistence evidence for review; heuristic bands are engineering choices, not MPLADS rules or final decisions."
W-000221,COMPLETION,102.41758241758242,102.4,100.0,2.417582417582423,2.417582417582423,2.4000000000000057,-0.01758241758241752,2.4000000000000057,51.60000000000001,19.612500000000004,6,4,0,4,8,25.0,False,True,False,False,"Signed reconciliation and persistence evidence for review; heuristic bands are engineering choices, not MPLADS rules or final decisions."
W-000222,COMPLETION,106.48769574944072,106.5,100.0,6.487695749440718,6.487695749440718,6.5,0.012304250559282082,6.5,6.5,-9.299999999999997,1,0,0,0,5,25.0,False,False,False,False,"Signed reconciliation and persistence evidence for review; heuristic bands are engineering choices, not MPLADS rules or final decisions."
W-000223,EXECUTION,32.31800182759671,32.3,30.2,2.1180018275967107,2.1180018275967107,2.099999999999998,-0.01800182759671287,2.099999999999998,19.799999999999997,8.575,7,0,0,0,8,25.0,False,False,False,False,"Signed reconciliation and persistence evidence for review; heuristic bands are engineering choices, not MPLADS rules or final decisions."
W-000224,COMPLETION,99.52956989247312,99.5,100.0,-0.4704301075268802,0.4704301075268802,-0.5,-0.029569892473119808,-0.5,51.800000000000004,30.833333333333332,5,4,0,4,6,25.0,False,True,False,False,"Signed reconciliation and persistence evidence for review; heuristic bands are engineering choices, not MPLADS rules or final decisions."
W-000225,EXECUTION,65.35685645549319,65.4,67.1,-1.7431435445068075,1.7431435445068075,-1.6999999999999886,0.0431435445068189,-1.6999999999999886,7.400000000000006,-17.885714285714283,1,0,0,0,7,25.0,False,False,False,False,"Signed reconciliation and persistence evidence for review; heuristic bands are engineering choices, not MPLADS rules or final decisions."
W-000226,COMPLETION,102.57289879931389,102.6,100.0,2.57289879931389,2.57289879931389,2.5999999999999943,0.02710120068610422,2.5999999999999943,72.19999999999999,34.39999999999999,6,3,0,3,6,25.0,False,True,False,False,"Signed reconciliation and persistence evidence for review; heuristic bands are engineering choices, not MPLADS rules or final decisions."
W-000227,COMPLETION,101.10213078618662,101.1,100.0,1.1021307861866205,1.1021307861866205,1.0999999999999943,-0.00213078618662621,1.0999999999999943,1.0999999999999943,-21.21666666666667,1,0,0,0,6,25.0,False,False,False,False,"Signed reconciliation and persistence evidence for review; heuristic bands are engineering choices, not MPLADS rules or final decisions."
W-000228,COMPLETION,104.84496124031008,104.8,100.0,4.844961240310084,4.844961240310084,4.799999999999997,-0.04496124031008719,4.799999999999997,80.5,40.724999999999994,4,3,0,3,4,25.0,False,True,False,False,"Signed reconciliation and persistence evidence for review; heuristic bands are engineering choices, not MPLADS rules or final decisions."
W-000229,EXECUTION,95.61091340450771,95.6,94.5,1.1109134045077127,1.1109134045077127,1.0999999999999943,-0.010913404507718383,1.0999999999999943,1.0999999999999943,-17.97142857142857,1,0,0,0,7,25.0,False,False,False,False,"Signed reconciliation and persistence evidence for review; heuristic bands are engineering choices, not MPLADS rules or final decisions."
W-000230,COMPLETION,91.16129032258064,91.2,100.0,-8.83870967741936,8.83870967741936,-8.799999999999997,0.038709677419362265,-8.799999999999997,62.5,17.400000000000002,4,2,0,2,6,25.0,False,True,False,False,"Signed reconciliation and persistence evidence for review; heuristic bands are engineering choices, not MPLADS rules or final decisions."
W-000231,EXECUTION,13.217737350767482,13.2,12.9,0.3177373507674819,0.3177373507674819,0.29999999999999893,-0.01773735076748295,0.29999999999999893,5.999999999999999,3.839999999999999,5,0,0,0,5,25.0,False,False,False,False,"Signed reconciliation and persistence evidence for review; heuristic bands are engineering choices, not MPLADS rules or final decisions."
W-000233,COMPLETION,102.9618320610687,103.0,100.0,2.961832061068705,2.961832061068705,3.0,0.038167938931295,3.0,19.300000000000004,-8.3,2,0,0,0,5,25.0,False,False,False,False,"Signed reconciliation and persistence evidence for review; heuristic bands are engineering choices, not MPLADS rules or final decisions."
W-000234,COMPLETION,104.52616690240453,104.5,100.0,4.526166902404526,4.526166902404526,4.5,-0.026166902404526127,4.5,90.3,46.55000000000001,6,4,0,4,6,25.0,False,True,False,False,"Signed reconciliation and persistence evidence for review; heuristic bands are engineering choices, not MPLADS rules or final decisions."
W-000235,COMPLETION,105.09838998211092,105.1,100.0,5.098389982110916,5.098389982110916,5.099999999999994,0.001610017889078108,5.099999999999994,5.099999999999994,-9.075000000000001,1,0,0,0,4,25.0,False,False,False,False,"Signed reconciliation and persistence evidence for review; heuristic bands are engineering choices, not MPLADS rules or final decisions."
W-000237,COMPLETION,105.0251256281407,105.0,100.0,5.0251256281406995,5.0251256281406995,5.0,-0.02512562814069952,5.0,58.9,19.675,3,2,0,2,4,25.0,False,True,False,False,"Signed reconciliation and persistence evidence for review; heuristic bands are engineering choices, not MPLADS rules or final decisions."
W-000238,COMPLETION,104.86223662884927,104.9,100.0,4.862236628849274,4.862236628849274,4.900000000000006,0.03776337115073147,4.900000000000006,30.60000000000001,21.125000000000007,4,2,0,2,4,25.0,False,True,False,False,"Signed reconciliation and persistence evidence for review; heuristic bands are engineering choices, not MPLADS rules or final decisions."
W-000239,COMPLETION,105.0,105.0,100.0,5.0,5.0,5.0,0.0,5.0,55.8,31.975,8,5,0,5,8,25.0,False,True,False,False,"Signed reconciliation and persistence evidence for review; heuristic bands are engineering choices, not MPLADS rules or final decisions."
W-000240,COMPLETION,102.7790030877812,102.8,100.0,2.7790030877812057,2.7790030877812057,2.799999999999997,0.020996912218791408,2.799999999999997,79.19999999999999,42.0,5,3,0,3,5,25.0,False,True,False,False,"Signed reconciliation and persistence evidence for review; heuristic bands are engineering choices, not MPLADS rules or final decisions."
W-000241,EXECUTION,87.0304114490161,87.0,81.7,5.330411449016097,5.330411449016097,5.299999999999997,-0.030411449016099823,5.299999999999997,53.0,25.071428571428573,7,3,0,3,7,25.0,False,True,False,False,"Signed reconciliation and persistence evidence for review; heuristic bands are engineering choices, not MPLADS rules or final decisions."
W-000242,EXECUTION,14.222532588454376,14.2,14.2,0.02253258845437678,0.02253258845437678,0.0,-0.02253258845437678,0.0,5.1,-4.949999999999999,1,0,0,0,6,25.0,False,False,False,False,"Signed reconciliation and persistence evidence for review; heuristic bands are engineering choices, not MPLADS rules or final decisions."
W-000243,EXECUTION,30.739747029513225,30.7,34.4,-3.6602529704867734,3.6602529704867734,-3.6999999999999993,-0.03974702951322584,-3.6999999999999993,-3.6999999999999993,-9.299999999999999,0,0,0,0,3,25.0,False,False,False,False,"Signed reconciliation and persistence evidence for review; heuristic bands are engineering choices, not MPLADS rules or final decisions."
W-000244,EXECUTION,81.0304449648712,81.0,90.7,-9.669555035128809,9.669555035128809,-9.700000000000003,-0.030444964871193747,-9.700000000000003,44.6,20.750000000000004,3,2,0,2,4,25.0,False,True,False,False,"Signed reconciliation and persistence evidence for review; heuristic bands are engineering choices, not MPLADS rules or final decisions."
W-000245,COMPLETION,98.23899371069183,98.2,100.0,-1.7610062893081704,1.7610062893081704,-1.7999999999999972,-0.03899371069182678,-1.7999999999999972,12.600000000000009,-11.157142857142857,1,0,0,0,7,25.0,False,False,False,False,"Signed reconciliation and persistence evidence for review; heuristic bands are engineering choices, not MPLADS rules or final decisions."
W-000246,COMPLETION,107.38028169014085,107.4,100.0,7.380281690140848,7.380281690140848,7.400000000000006,0.019718309859158012,7.400000000000006,72.30000000000001,27.420000000000005,4,3,0,3,5,25.0,False,True,False,False,"Signed reconciliation and persistence evidence for review; heuristic bands are engineering choices, not MPLADS rules or final decisions."
W-000247,COMPLETION,103.21158690176323,103.2,100.0,3.2115869017632264,3.2115869017632264,3.200000000000003,-0.011586901763223523,3.200000000000003,3.200000000000003,-21.933333333333334,1,0,0,0,3,25.0,False,False,False,False,"Signed reconciliation and persistence evidence for review; heuristic bands are engineering choices, not MPLADS rules or final decisions."
W-000248,COMPLETION,102.19981668194318,102.2,100.0,2.199816681943176,2.199816681943176,2.200000000000003,0.00018331805682691993,2.200000000000003,58.1,17.51666666666667,5,2,0,2,6,25.0,False,True,False,False,"Signed reconciliation and persistence evidence for review; heuristic bands are engineering choices, not MPLADS rules or final decisions."
W-000249,COMPLETION,91.1664779161948,91.2,100.0,-8.833522083805207,8.833522083805207,-8.799999999999997,0.03352208380520949,-8.799999999999997,23.299999999999997,6.800000000000002,4,0,0,0,6,25.0,False,False,False,False,"Signed reconciliation and persistence evidence for review; heuristic bands are engineering choices, not MPLADS rules or final decisions."
W-000250,COMPLETION,105.30185758513932,105.3,100.0,5.301857585139317,5.301857585139317,5.299999999999997,-0.0018575851393194398,5.299999999999997,43.0,25.100000000000005,7,4,0,4,7,25.0,False,True,False,False,"Signed reconciliation and persistence evidence for review; heuristic bands are engineering choices, not MPLADS rules or final decisions."
W-000251,COMPLETION,98.32962138084632,98.3,100.0,-1.6703786191536807,1.6703786191536807,-1.7000000000000028,-0.029621380846322154,-1.7000000000000028,56.8,20.314285714285713,5,3,0,3,7,25.0,False,True,False,False,"Signed reconciliation and persistence evidence for review; heuristic bands are engineering choices, not MPLADS rules or final decisions."
W-000252,COMPLETION,104.99515033947624,105.0,100.0,4.99515033947624,4.99515033947624,5.0,0.004849660523760235,5.0,55.4,19.525,3,2,0,2,4,25.0,False,True,False,False,"Signed reconciliation and persistence evidence for review; heuristic bands are engineering choices, not MPLADS rules or final decisions."
W-000253,COMPLETION,105.44511668107174,105.4,100.0,5.445116681071738,5.445116681071738,5.400000000000006,-0.0451166810717325,5.400000000000006,49.50000000000001,22.628571428571433,6,3,0,3,7,25.0,False,True,False,False,"Signed reconciliation and persistence evidence for review; heuristic bands are engineering choices, not MPLADS rules or final decisions."
W-000254,COMPLETION,100.97670924117205,101.0,100.0,0.9767092411720455,0.9767092411720455,1.0,0.023290758827954505,1.0,60.6,33.699999999999996,6,4,0,4,6,25.0,False,True,False,False,"Signed reconciliation and persistence evidence for review; heuristic bands are engineering choices, not MPLADS rules or final decisions."
W-000255,COMPLETION,102.49266862170089,102.5,100.0,2.4926686217008864,2.4926686217008864,2.5,0.007331378299113567,2.5,65.1,34.14,5,4,0,4,5,25.0,False,True,False,False,"Signed reconciliation and persistence evidence for review; heuristic bands are engineering choices, not MPLADS rules or final decisions."
W-000257,COMPLETION,96.9172151021822,96.9,100.0,-3.0827848978178025,3.0827848978178025,-3.0999999999999943,-0.0172151021821918,-3.0999999999999943,64.10000000000001,29.512500000000003,7,6,0,6,8,25.0,False,True,False,False,"Signed reconciliation and persistence evidence for review; heuristic bands are engineering choices, not MPLADS rules or final decisions."
W-000258,EXECUTION,98.08110065170166,98.1,94.0,4.081100651701661,4.081100651701661,4.099999999999994,0.018899348298333507,4.099999999999994,54.599999999999994,25.162499999999994,8,5,0,5,8,25.0,False,True,False,False,"Signed reconciliation and persistence evidence for review; heuristic bands are engineering choices, not MPLADS rules or final decisions."
W-000259,COMPLETION,104.12662521198418,104.1,100.0,4.126625211984177,4.126625211984177,4.099999999999994,-0.02662521198418233,4.099999999999994,54.3,15.685714285714282,5,3,0,3,7,25.0,False,True,False,False,"Signed reconciliation and persistence evidence for review; heuristic bands are engineering choices, not MPLADS rules or final decisions."
W-000260,EXECUTION,52.4135309768149,52.4,51.5,0.9135309768148971,0.9135309768148971,0.8999999999999986,-0.013530976814898565,0.8999999999999986,2.9000000000000004,-7.574999999999999,2,0,0,0,4,25.0,False,False,False,False,"Signed reconciliation and persistence evidence for review; heuristic bands are engineering choices, not MPLADS rules or final decisions."
W-000261,COMPLETION,98.90675241157557,98.9,100.0,-1.0932475884244326,1.0932475884244326,-1.0999999999999943,-0.006752411575561723,-1.0999999999999943,79.60000000000001,39.82000000000001,4,3,0,3,5,25.0,False,True,False,False,"Signed reconciliation and persistence evidence for review; heuristic bands are engineering choices, not MPLADS rules or final decisions."
W-000262,EXECUTION,52.94659300184162,52.9,51.9,1.0465930018416216,1.0465930018416216,1.0,-0.04659300184162163,1.0,5.199999999999999,-6.2625,3,0,0,0,8,25.0,False,False,False,False,"Signed reconciliation and persistence evidence for review; heuristic bands are engineering choices, not MPLADS rules or final decisions."
W-000263,EXECUTION,57.98499464094319,58.0,59.4,-1.4150053590568064,1.4150053590568064,-1.3999999999999986,0.015005359056807777,-1.3999999999999986,-1.3999999999999986,-20.5375,0,0,0,0,8,25.0,False,False,False,False,"Signed reconciliation and persistence evidence for review; heuristic bands are engineering choices, not MPLADS rules or final decisions."
W-000264,COMPLETION,100.41876046901173,100.4,100.0,0.4187604690117297,0.4187604690117297,0.4000000000000057,-0.018760469011724012,0.4000000000000057,69.10000000000001,33.56666666666667,3,2,0,2,3,25.0,False,True,False,False,"Signed reconciliation and persistence evidence for review; heuristic bands are engineering choices, not MPLADS rules or final decisions."
W-000265,EXECUTION,26.736324523663185,26.7,28.8,-2.0636754763368153,2.0636754763368153,-2.1000000000000014,-0.03632452366318617,-2.1000000000000014,16.799999999999997,5.8199999999999985,3,0,0,0,5,25.0,False,False,False,False,"Signed reconciliation and persistence evidence for review; heuristic bands are engineering choices, not MPLADS rules or final decisions."
W-000266,COMPLETION,105.01002004008016,105.0,100.0,5.010020040080164,5.010020040080164,5.0,-0.010020040080163994,5.0,49.5,10.749999999999998,4,3,0,3,6,25.0,False,True,False,False,"Signed reconciliation and persistence evidence for review; heuristic bands are engineering choices, not MPLADS rules or final decisions."
W-000267,COMPLETION,99.79466119096509,99.8,100.0,-0.20533880903491308,0.20533880903491308,-0.20000000000000284,0.005338809034910241,-0.20000000000000284,61.199999999999996,30.733333333333334,2,2,0,2,3,25.0,False,True,False,False,"Signed reconciliation and persistence evidence for review; heuristic bands are engineering choices, not MPLADS rules or final decisions."
W-000268,COMPLETION,100.38022813688212,100.4,100.0,0.3802281368821241,0.3802281368821241,0.4000000000000057,0.019771863117881594,0.4000000000000057,45.1,25.520000000000003,5,2,0,2,5,25.0,False,True,False,False,"Signed reconciliation and persistence evidence for review; heuristic bands are engineering choices, not MPLADS rules or final decisions."
W-000269,EXECUTION,63.59423274974253,63.6,63.1,0.4942327497425296,0.4942327497425296,0.5,0.00576725025747038,0.5,13.399999999999999,1.1200000000000003,3,0,0,0,5,25.0,False,False,False,False,"Signed reconciliation and persistence evidence for review; heuristic bands are engineering choices, not MPLADS rules or final decisions."
W-000271,COMPLETION,98.02306425041186,98.0,100.0,-1.9769357495881366,1.9769357495881366,-2.0,-0.02306425041186344,-2.0,12.299999999999997,-2.8666666666666694,2,0,0,0,6,25.0,False,False,False,False,"Signed reconciliation and persistence evidence for review; heuristic bands are engineering choices, not MPLADS rules or final decisions."
W-000272,COMPLETION,100.69821567106284,100.7,100.0,0.6982156710628402,0.6982156710628402,0.7000000000000028,0.001784328937162627,0.7000000000000028,60.2,34.575,8,5,0,5,8,25.0,False,True,False,False,"Signed reconciliation and persistence evidence for review; heuristic bands are engineering choices, not MPLADS rules or final decisions."
W-000273,EXECUTION,60.17202692595363,60.2,65.5,-5.327973074046369,5.327973074046369,-5.299999999999997,0.02797307404637195,-5.299999999999997,16.800000000000004,5.471428571428573,5,0,0,0,7,25.0,False,False,False,False,"Signed reconciliation and persistence evidence for review; heuristic bands are engineering choices, not MPLADS rules or final decisions."
W-000274,COMPLETION,98.60976398318785,98.6,100.0,-1.3902360168121533,1.3902360168121533,-1.4000000000000057,-0.009763983187852432,-1.4000000000000057,28.69999999999999,1.266666666666661,1,1,0,1,3,25.0,False,False,False,False,"Signed reconciliation and persistence evidence for review; heuristic bands are engineering choices, not MPLADS rules or final decisions."
W-000275,COMPLETION,95.75510204081633,95.8,100.0,-4.244897959183675,4.244897959183675,-4.200000000000003,0.04489795918367179,-4.200000000000003,38.3,15.679999999999998,3,1,0,1,5,25.0,False,False,False,False,"Signed reconciliation and persistence evidence for review; heuristic bands are engineering choices, not MPLADS rules or final decisions."
W-000276,COMPLETION,105.00390930414386,105.0,100.0,5.0039093041438605,5.0039093041438605,5.0,-0.003909304143860481,5.0,37.400000000000006,4.233333333333335,2,1,0,1,3,25.0,False,False,False,False,"Signed reconciliation and persistence evidence for review; heuristic bands are engineering choices, not MPLADS rules or final decisions."
W-000277,EXECUTION,37.68893222818137,37.7,37.9,-0.21106777181862668,0.21106777181862668,-0.19999999999999574,0.011067771818630945,-0.19999999999999574,14.600000000000001,1.2375000000000012,4,0,0,0,8,25.0,False,False,False,False,"Signed reconciliation and persistence evidence for review; heuristic bands are engineering choices, not MPLADS rules or final decisions."
W-000278,COMPLETION,94.0376569037657,94.0,100.0,-5.9623430962343065,5.9623430962343065,-6.0,-0.03765690376569353,-6.0,5.0,-13.7125,1,0,0,0,8,25.0,False,False,False,False,"Signed reconciliation and persistence evidence for review; heuristic bands are engineering choices, not MPLADS rules or final decisions."
W-000279,COMPLETION,94.91451117930733,94.9,100.0,-5.0854888206926745,5.0854888206926745,-5.099999999999994,-0.014511179307319821,-5.099999999999994,44.2,9.500000000000002,3,2,0,2,6,25.0,False,True,False,False,"Signed reconciliation and persistence evidence for review; heuristic bands are engineering choices, not MPLADS rules or final decisions."
W-000280,EXECUTION,55.2672147995889,55.3,59.0,-3.732785200411101,3.732785200411101,-3.700000000000003,0.032785200411098,-3.700000000000003,7.299999999999997,-2.7142857142857153,2,0,0,0,7,25.0,False,False,False,False,"Signed reconciliation and persistence evidence for review; heuristic bands are engineering choices, not MPLADS rules or final decisions."
W-000281,EXECUTION,57.16680637049455,57.2,56.7,0.4668063704945453,0.4668063704945453,0.5,0.03319362950545468,0.5,0.5,-12.925,1,0,0,0,4,25.0,False,False,False,False,"Signed reconciliation and persistence evidence for review; heuristic bands are engineering choices, not MPLADS rules or final decisions."
W-000282,COMPLETION,105.09031198686371,105.1,100.0,5.090311986863711,5.090311986863711,5.099999999999994,0.009688013136283757,5.099999999999994,45.099999999999994,6.666666666666663,2,1,0,1,3,25.0,False,False,False,False,"Signed reconciliation and persistence evidence for review; heuristic bands are engineering choices, not MPLADS rules or final decisions."
W-000283,COMPLETION,102.26201696512724,102.3,100.0,2.262016965127245,2.262016965127245,2.299999999999997,0.03798303487275234,2.299999999999997,27.0,10.662499999999998,6,1,0,1,8,25.0,False,False,False,False,"Signed reconciliation and persistence evidence for review; heuristic bands are engineering choices, not MPLADS rules or final decisions."
W-000284,COMPLETION,107.70625566636446,107.7,100.0,7.706255666364456,7.706255666364456,7.700000000000003,-0.00625566636445285,7.700000000000003,55.900000000000006,35.32857142857143,7,5,0,5,7,25.0,False,True,False,False,"Signed reconciliation and persistence evidence for review; heuristic bands are engineering choices, not MPLADS rules or final decisions."
W-000285,COMPLETION,103.24259407526021,103.2,100.0,3.2425940752602145,3.2425940752602145,3.200000000000003,-0.04259407526021164,3.200000000000003,61.900000000000006,31.200000000000006,6,3,0,3,6,25.0,False,True,False,False,"Signed reconciliation and persistence evidence for review; heuristic bands are engineering choices, not MPLADS rules or final decisions."
W-000286,EXECUTION,75.92760180995475,75.9,81.1,-5.172398190045243,5.172398190045243,-5.199999999999989,-0.027601809954745704,-5.199999999999989,35.900000000000006,18.375000000000004,3,2,0,2,4,25.0,False,True,False,False,"Signed reconciliation and persistence evidence for review; heuristic bands are engineering choices, not MPLADS rules or final decisions."
W-000287,COMPLETION,104.96014171833481,105.0,100.0,4.96014171833481,4.96014171833481,5.0,0.039858281665189566,5.0,61.0,38.5875,8,6,0,6,8,25.0,False,True,False,False,"Signed reconciliation and persistence evidence for review; heuristic bands are engineering choices, not MPLADS rules or final decisions."
W-000288,COMPLETION,99.6309963099631,99.6,100.0,-0.36900369003690514,0.36900369003690514,-0.4000000000000057,-0.030996309963100543,-0.4000000000000057,68.0,34.675,3,2,0,2,4,25.0,False,True,False,False,"Signed reconciliation and persistence evidence for review; heuristic bands are engineering choices, not MPLADS rules or final decisions."
W-000289,COMPLETION,104.4018058690745,104.4,100.0,4.401805869074494,4.401805869074494,4.400000000000006,-0.0018058690744879868,4.400000000000006,4.400000000000006,-18.966666666666665,1,0,0,0,3,25.0,False,False,False,False,"Signed reconciliation and persistence evidence for review; heuristic bands are engineering choices, not MPLADS rules or final decisions."
W-000290,COMPLETION,103.47758887171561,103.5,100.0,3.4775888717156107,3.4775888717156107,3.5,0.022411128284389292,3.5,78.9,41.2,7,5,0,5,7,25.0,False,True,False,False,"Signed reconciliation and persistence evidence for review; heuristic bands are engineering choices, not MPLADS rules or final decisions."
W-000291,COMPLETION,101.10831234256926,101.1,100.0,1.1083123425692634,1.1083123425692634,1.0999999999999943,-0.008312342569269049,1.0999999999999943,86.6,44.883333333333326,6,4,0,4,6,25.0,False,True,False,False,"Signed reconciliation and persistence evidence for review; heuristic bands are engineering choices, not MPLADS rules or final decisions."
W-000292,COMPLETION,104.84210526315789,104.8,100.0,4.84210526315789,4.84210526315789,4.799999999999997,-0.04210526315789309,4.799999999999997,82.6,42.675,4,3,0,3,4,25.0,False,True,False,False,"Signed reconciliation and persistence evidence for review; heuristic bands are engineering choices, not MPLADS rules or final decisions."
W-000293,EXECUTION,74.07766990291262,74.1,82.0,-7.922330097087382,7.922330097087382,-7.900000000000006,0.022330097087376544,-7.900000000000006,36.199999999999996,17.199999999999996,4,2,0,2,5,25.0,False,True,False,False,"Signed reconciliation and persistence evidence for review; heuristic bands are engineering choices, not MPLADS rules or final decisions."
W-000295,COMPLETION,104.86624928856004,104.9,100.0,4.8662492885600415,4.8662492885600415,4.900000000000006,0.03375071143996422,4.900000000000006,37.30000000000001,17.33333333333334,3,1,0,1,3,25.0,False,False,False,False,"Signed reconciliation and persistence evidence for review; heuristic bands are engineering choices, not MPLADS rules or final decisions."
W-000296,EXECUTION,55.12820512820513,55.1,52.8,2.328205128205134,2.328205128205134,2.3000000000000043,-0.02820512820512988,2.3000000000000043,25.900000000000002,14.200000000000006,5,1,0,1,5,25.0,False,False,False,False,"Signed reconciliation and persistence evidence for review; heuristic bands are engineering choices, not MPLADS rules or final decisions."
W-000297,COMPLETION,99.06015037593986,99.1,100.0,-0.9398496240601446,0.9398496240601446,-0.9000000000000057,0.03984962406013892,-0.9000000000000057,58.3,21.087499999999995,5,3,0,3,8,25.0,False,True,False,False,"Signed reconciliation and persistence evidence for review; heuristic bands are engineering choices, not MPLADS rules or final decisions."
W-000299,COMPLETION,104.99739718896409,105.0,100.0,4.9973971889640865,4.9973971889640865,5.0,0.0026028110359135326,5.0,75.9,40.03333333333334,3,2,0,2,3,25.0,False,True,False,False,"Signed reconciliation and persistence evidence for review; heuristic bands are engineering choices, not MPLADS rules or final decisions."
W-000300,COMPLETION,98.66310160427807,98.7,100.0,-1.3368983957219314,1.3368983957219314,-1.2999999999999972,0.03689839572193421,-1.2999999999999972,33.3,-0.5999999999999991,1,1,0,1,3,25.0,False,False,False,False,"Signed reconciliation and persistence evidence for review; heuristic bands are engineering choices, not MPLADS rules or final decisions."
W-000301,COMPLETION,108.00524934383202,108.0,100.0,8.00524934383202,8.00524934383202,8.0,-0.005249343832019804,8.0,89.3,47.480000000000004,5,4,0,4,5,25.0,False,True,False,False,"Signed reconciliation and persistence evidence for review; heuristic bands are engineering choices, not MPLADS rules or final decisions."
W-000302,EXECUTION,98.63636363636364,98.6,92.0,6.63636363636364,6.63636363636364,6.599999999999994,-0.036363636363645924,6.599999999999994,70.8,35.4,7,5,0,5,8,25.0,False,True,False,False,"Signed reconciliation and persistence evidence for review; heuristic bands are engineering choices, not MPLADS rules or final decisions."
W-000303,EXECUTION,6.466784244562023,6.5,6.7,-0.23321575543797746,0.23321575543797746,-0.20000000000000018,0.03321575543797728,-0.20000000000000018,1.6,-1.6833333333333336,1,0,0,0,6,25.0,False,False,False,False,"Signed reconciliation and persistence evidence for review; heuristic bands are engineering choices, not MPLADS rules or final decisions."
W-000305,EXECUTION,81.74157303370787,81.7,31.2,50.54157303370786,50.54157303370786,50.5,-0.041573033707862805,50.5,63.400000000000006,45.042857142857144,7,6,6,6,7,25.0,True,True,False,False,"Signed reconciliation and persistence evidence for review; heuristic bands are engineering choices, not MPLADS rules or final decisions."
W-000306,COMPLETION,103.10344827586206,103.1,100.0,3.103448275862064,3.103448275862064,3.0999999999999943,-0.0034482758620697496,3.0999999999999943,47.199999999999996,24.125,4,2,0,2,4,25.0,False,True,False,False,"Signed reconciliation and persistence evidence for review; heuristic bands are engineering choices, not MPLADS rules or final decisions."
W-000307,COMPLETION,93.41021416803954,93.4,100.0,-6.589785831960455,6.589785831960455,-6.599999999999994,-0.010214168039539118,-6.599999999999994,53.60000000000001,16.337500000000006,6,3,0,3,8,25.0,False,True,False,False,"Signed reconciliation and persistence evidence for review; heuristic bands are engineering choices, not MPLADS rules or final decisions."
W-000308,COMPLETION,98.24194223524488,98.2,100.0,-1.7580577647551223,1.7580577647551223,-1.7999999999999972,-0.04194223524487484,-1.7999999999999972,58.6,28.966666666666672,2,2,0,2,3,25.0,False,True,False,False,"Signed reconciliation and persistence evidence for review; heuristic bands are engineering choices, not MPLADS rules or final decisions."
W-000309,COMPLETION,104.6186895810956,104.6,100.0,4.618689581095595,4.618689581095595,4.599999999999994,-0.01868958109560026,4.599999999999994,86.8,44.98333333333333,6,4,0,4,6,25.0,False,True,False,False,"Signed reconciliation and persistence evidence for review; heuristic bands are engineering choices, not MPLADS rules or final decisions."
W-000310,COMPLETION,102.65003897116134,102.7,100.0,2.6500389711613366,2.6500389711613366,2.700000000000003,0.049961028838666266,2.700000000000003,29.900000000000006,8.0,3,1,0,1,4,25.0,False,False,False,False,"Signed reconciliation and persistence evidence for review; heuristic bands are engineering choices, not MPLADS rules or final decisions."
W-000312,COMPLETION,101.72413793103448,101.7,100.0,1.7241379310344769,1.7241379310344769,1.7000000000000028,-0.024137931034474036,1.7000000000000028,65.9,33.279999999999994,5,3,0,3,5,25.0,False,True,False,False,"Signed reconciliation and persistence evidence for review; heuristic bands are engineering choices, not MPLADS rules or final decisions."
W-000313,COMPLETION,105.00438981562775,105.0,100.0,5.004389815627746,5.004389815627746,5.0,-0.0043898156277464295,5.0,48.0,18.5375,7,2,0,1,8,25.0,False,False,False,False,"Signed reconciliation and persistence evidence for review; heuristic bands are engineering choices, not MPLADS rules or final decisions."
W-000314,COMPLETION,103.56060606060606,103.6,100.0,3.5606060606060623,3.5606060606060623,3.5999999999999943,0.03939393939393199,3.5999999999999943,73.0,40.59999999999999,4,3,0,3,4,25.0,False,True,False,False,"Signed reconciliation and persistence evidence for review; heuristic bands are engineering choices, not MPLADS rules or final decisions."
W-000315,COMPLETION,98.54875283446712,98.5,100.0,-1.4512471655328767,1.4512471655328767,-1.5,-0.04875283446712331,-1.5,23.1,11.266666666666664,2,0,0,0,3,25.0,False,False,False,False,"Signed reconciliation and persistence evidence for review; heuristic bands are engineering choices, not MPLADS rules or final decisions."
W-000316,EXECUTION,77.69347496206373,77.7,77.8,-0.10652503793626522,0.10652503793626522,-0.09999999999999432,0.0065250379362709054,-0.09999999999999432,27.5,0.5600000000000002,2,1,0,1,5,25.0,False,False,False,False,"Signed reconciliation and persistence evidence for review; heuristic bands are engineering choices, not MPLADS rules or final decisions."
W-000317,EXECUTION,58.061325420375866,58.1,56.2,1.861325420375863,1.861325420375863,1.8999999999999986,0.038674579624135674,1.8999999999999986,19.099999999999998,6.457142857142857,7,0,0,0,7,25.0,False,False,False,False,"Signed reconciliation and persistence evidence for review; heuristic bands are engineering choices, not MPLADS rules or final decisions."
W-000318,COMPLETION,104.22932330827068,104.2,100.0,4.229323308270679,4.229323308270679,4.200000000000003,-0.029323308270676307,4.200000000000003,55.00000000000001,34.76666666666667,3,2,0,2,3,25.0,False,True,False,False,"Signed reconciliation and persistence evidence for review; heuristic bands are engineering choices, not MPLADS rules or final decisions."
W-000319,COMPLETION,104.99835580401184,105.0,100.0,4.998355804011837,4.998355804011837,5.0,0.0016441959881632329,5.0,26.299999999999997,1.0,3,1,0,1,6,25.0,False,False,False,False,"Signed reconciliation and persistence evidence for review; heuristic bands are engineering choices, not MPLADS rules or final decisions."
W-000320,EXECUTION,58.60356412503652,58.6,68.1,-9.496435874963474,9.496435874963474,-9.499999999999993,-0.003564125036518817,-9.499999999999993,4.300000000000004,-13.599999999999998,1,0,0,0,7,25.0,False,False,False,False,"Signed reconciliation and persistence evidence for review; heuristic bands are engineering choices, not MPLADS rules or final decisions."
W-000321,COMPLETION,105.02164502164503,105.0,100.0,5.021645021645028,5.021645021645028,5.0,-0.02164502164502835,5.0,81.2,46.025000000000006,4,3,0,3,4,25.0,False,True,False,False,"Signed reconciliation and persistence evidence for review; heuristic bands are engineering choices, not MPLADS rules or final decisions."
W-000322,COMPLETION,96.31384939441811,96.3,100.0,-3.6861506055818865,3.6861506055818865,-3.700000000000003,-0.01384939441811639,-3.700000000000003,52.8,17.499999999999996,3,1,0,1,4,25.0,False,False,False,False,"Signed reconciliation and persistence evidence for review; heuristic bands are engineering choices, not MPLADS rules or final decisions."
W-000323,COMPLETION,102.74079874706344,102.7,100.0,2.7407987470634367,2.7407987470634367,2.700000000000003,-0.04079874706343389,2.700000000000003,49.0,18.0375,7,3,0,3,8,25.0,False,True,False,False,"Signed reconciliation and persistence evidence for review; heuristic bands are engineering choices, not MPLADS rules or final decisions."
W-000324,COMPLETION,88.81239242685025,88.8,100.0,-11.187607573149748,11.187607573149748,-11.200000000000003,-0.012392426850254878,-11.200000000000003,30.299999999999997,-7.120000000000002,2,1,0,1,5,25.0,False,False,False,False,"Signed reconciliation and persistence evidence for review; heuristic bands are engineering choices, not MPLADS rules or final decisions."
W-000325,EXECUTION,78.7536231884058,78.8,90.0,-11.246376811594203,11.246376811594203,-11.200000000000003,0.04637681159420026,-11.200000000000003,37.099999999999994,-1.3875000000000028,3,2,0,2,8,25.0,False,True,False,False,"Signed reconciliation and persistence evidence for review; heuristic bands are engineering choices, not MPLADS rules or final decisions."
W-000326,COMPLETION,105.0108258583359,105.0,100.0,5.010825858335906,5.010825858335906,5.0,-0.010825858335905991,5.0,25.700000000000003,-3.8499999999999965,3,1,0,1,6,25.0,False,False,False,False,"Signed reconciliation and persistence evidence for review; heuristic bands are engineering choices, not MPLADS rules or final decisions."
W-000327,COMPLETION,107.39207569485511,107.4,100.0,7.392075694855109,7.392075694855109,7.400000000000006,0.007924305144896948,7.400000000000006,50.7,23.050000000000008,5,3,0,3,6,25.0,False,True,False,False,"Signed reconciliation and persistence evidence for review; heuristic bands are engineering choices, not MPLADS rules or final decisions."
W-000328,EXECUTION,79.59949937421777,79.6,81.5,-1.9005006257822288,1.9005006257822288,-1.9000000000000057,0.0005006257822230964,-1.9000000000000057,13.599999999999994,-8.700000000000003,1,0,0,0,8,25.0,False,False,False,False,"Signed reconciliation and persistence evidence for review; heuristic bands are engineering choices, not MPLADS rules or final decisions."
W-000329,COMPLETION,101.8689196108551,101.9,100.0,1.8689196108551016,1.8689196108551016,1.9000000000000057,0.031080389144904075,1.9000000000000057,1.9000000000000057,-24.6,1,0,0,0,7,25.0,False,False,False,False,"Signed reconciliation and persistence evidence for review; heuristic bands are engineering choices, not MPLADS rules or final decisions."
W-000330,COMPLETION,104.81770833333333,104.8,100.0,4.817708333333329,4.817708333333329,4.799999999999997,-0.01770833333333144,4.799999999999997,4.799999999999997,-37.974999999999994,1,0,0,0,4,25.0,False,False,False,False,"Signed reconciliation and persistence evidence for review; heuristic bands are engineering choices, not MPLADS rules or final decisions."
W-000331,COMPLETION,103.28977016674177,103.3,100.0,3.289770166741775,3.289770166741775,3.299999999999997,0.010229833258222243,3.299999999999997,59.699999999999996,36.400000000000006,4,3,0,3,4,25.0,False,True,False,False,"Signed reconciliation and persistence evidence for review; heuristic bands are engineering choices, not MPLADS rules or final decisions."
W-000332,COMPLETION,101.38169257340242,101.4,100.0,1.3816925734024181,1.3816925734024181,1.4000000000000057,0.01830742659758755,1.4000000000000057,25.80000000000001,5.325000000000003,3,1,0,1,4,25.0,False,False,False,False,"Signed reconciliation and persistence evidence for review; heuristic bands are engineering choices, not MPLADS rules or final decisions."
W-000333,COMPLETION,92.78659084106555,92.8,100.0,-7.213409158934454,7.213409158934454,-7.200000000000003,0.013409158934450716,-7.200000000000003,32.5,6.099999999999999,1,1,0,1,3,25.0,False,False,False,False,"Signed reconciliation and persistence evidence for review; heuristic bands are engineering choices, not MPLADS rules or final decisions."
W-000335,COMPLETION,103.27993897787948,103.3,100.0,3.279938977879482,3.279938977879482,3.299999999999997,0.020061022120515304,3.299999999999997,58.9,16.157142857142855,5,3,0,3,7,25.0,False,True,False,False,"Signed reconciliation and persistence evidence for review; heuristic bands are engineering choices, not MPLADS rules or final decisions."
W-000336,COMPLETION,96.90763052208835,96.9,100.0,-3.092369477911646,3.092369477911646,-3.0999999999999943,-0.007630522088348357,-3.0999999999999943,47.10000000000001,26.375000000000007,3,2,0,2,4,25.0,False,True,False,False,"Signed reconciliation and persistence evidence for review; heuristic bands are engineering choices, not MPLADS rules or final decisions."
W-000337,COMPLETION,103.11055065153425,103.1,100.0,3.110550651534254,3.110550651534254,3.0999999999999943,-0.010550651534259714,3.0999999999999943,30.6,17.499999999999996,3,1,0,1,3,25.0,False,False,False,False,"Signed reconciliation and persistence evidence for review; heuristic bands are engineering choices, not MPLADS rules or final decisions."
W-000338,COMPLETION,100.72992700729927,100.7,100.0,0.729927007299267,0.729927007299267,0.7000000000000028,-0.02992700729926412,0.7000000000000028,55.800000000000004,22.300000000000004,7,4,0,4,8,25.0,False,True,False,False,"Signed reconciliation and persistence evidence for review; heuristic bands are engineering choices, not MPLADS rules or final decisions."
W-000339,EXECUTION,0.0,0.0,12.7,-12.7,12.7,-12.7,0.0,-12.7,0.0,-5.2125,0,0,0,0,8,25.0,False,False,False,False,"Signed reconciliation and persistence evidence for review; heuristic bands are engineering choices, not MPLADS rules or final decisions."
W-000340,COMPLETION,100.75368276807126,100.8,100.0,0.7536827680712577,0.7536827680712577,0.7999999999999972,0.04631723192873949,0.7999999999999972,75.0,36.974999999999994,4,2,0,2,4,25.0,False,True,False,False,"Signed reconciliation and persistence evidence for review; heuristic bands are engineering choices, not MPLADS rules or final decisions."
W-000341,COMPLETION,99.67786470317533,99.7,100.0,-0.3221352968246691,0.3221352968246691,-0.29999999999999716,0.02213529682467197,-0.29999999999999716,28.200000000000003,-7.771428571428572,2,1,0,1,7,25.0,False,False,False,False,"Signed reconciliation and persistence evidence for review; heuristic bands are engineering choices, not MPLADS rules or final decisions."
W-000342,COMPLETION,98.53587115666178,98.5,100.0,-1.4641288433382158,1.4641288433382158,-1.5,-0.0358711566617842,-1.5,50.6,21.349999999999998,5,3,0,2,6,25.0,False,True,False,False,"Signed reconciliation and persistence evidence for review; heuristic bands are engineering choices, not MPLADS rules or final decisions."
W-000343,COMPLETION,92.80050745321915,92.8,100.0,-7.199492546780846,7.199492546780846,-7.200000000000003,-0.0005074532191571279,-7.200000000000003,67.0,29.200000000000006,6,4,0,4,7,25.0,False,True,False,False,"Signed reconciliation and persistence evidence for review; heuristic bands are engineering choices, not MPLADS rules or final decisions."
W-000344,EXECUTION,20.281306715063522,20.3,22.0,-1.718693284936478,1.718693284936478,-1.6999999999999993,0.018693284936478705,-1.6999999999999993,3.8000000000000007,-4.675,1,0,0,0,4,25.0,False,False,False,False,"Signed reconciliation and persistence evidence for review; heuristic bands are engineering choices, not MPLADS rules or final decisions."
W-000345,COMPLETION,99.80796927508402,99.8,100.0,-0.1920307249159805,0.1920307249159805,-0.20000000000000284,-0.007969275084022343,-0.20000000000000284,33.599999999999994,12.83333333333333,2,1,0,1,3,25.0,False,False,False,False,"Signed reconciliation and persistence evidence for review; heuristic bands are engineering choices, not MPLADS rules or final decisions."
W-000346,COMPLETION,96.94928684627575,96.9,100.0,-3.050713153724246,3.050713153724246,-3.0999999999999943,-0.04928684627574853,-3.0999999999999943,29.300000000000004,11.600000000000003,4,1,0,1,6,25.0,False,False,False,False,"Signed reconciliation and persistence evidence for review; heuristic bands are engineering choices, not MPLADS rules or final decisions."
W-000347,COMPLETION,94.29357167411482,94.3,100.0,-5.7064283258851844,5.7064283258851844,-5.700000000000003,0.006428325885181607,-5.700000000000003,19.799999999999997,8.6,2,0,0,0,3,25.0,False,False,False,False,"Signed reconciliation and persistence evidence for review; heuristic bands are engineering choices, not MPLADS rules or final decisions."
W-000348,EXECUTION,17.68309663046505,17.7,18.7,-1.0169033695349476,1.0169033695349476,-1.0,0.016903369534947643,-1.0,12.799999999999999,6.174999999999999,3,0,0,0,4,25.0,False,False,False,False,"Signed reconciliation and persistence evidence for review; heuristic bands are engineering choices, not MPLADS rules or final decisions."
W-000350,COMPLETION,97.83737024221453,97.8,100.0,-2.162629757785467,2.162629757785467,-2.200000000000003,-0.037370242214535665,-2.200000000000003,58.0,22.58,3,2,0,2,5,25.0,False,True,False,False,"Signed reconciliation and persistence evidence for review; heuristic bands are engineering choices, not MPLADS rules or final decisions."
W-000351,EXECUTION,29.319899244332493,29.3,27.7,1.619899244332494,1.619899244332494,1.6000000000000014,-0.01989924433249257,1.6000000000000014,1.6000000000000014,-7.599999999999999,1,0,0,0,3,25.0,False,False,False,False,"Signed reconciliation and persistence evidence for review; heuristic bands are engineering choices, not MPLADS rules or final decisions."
W-000352,EXECUTION,73.80092831356369,73.8,79.1,-5.2990716864363065,5.2990716864363065,-5.299999999999997,-0.0009283135636906081,-5.299999999999997,53.199999999999996,23.68571428571428,6,3,0,3,7,25.0,False,True,False,False,"Signed reconciliation and persistence evidence for review; heuristic bands are engineering choices, not MPLADS rules or final decisions."
W-000353,EXECUTION,87.73109243697479,87.7,90.3,-2.5689075630252063,2.5689075630252063,-2.5999999999999943,-0.03109243697478803,-2.5999999999999943,73.2,36.14,4,3,0,3,5,25.0,False,True,False,False,"Signed reconciliation and persistence evidence for review; heuristic bands are engineering choices, not MPLADS rules or final decisions."
W-000354,COMPLETION,95.01483679525222,95.0,100.0,-4.985163204747778,4.985163204747778,-5.0,-0.014836795252222146,-5.0,71.5,34.96666666666667,2,2,0,2,3,25.0,False,True,False,False,"Signed reconciliation and persistence evidence for review; heuristic bands are engineering choices, not MPLADS rules or final decisions."
W-000355,EXECUTION,57.054673721340386,57.1,57.6,-0.5453262786596156,0.5453262786596156,-0.5,0.04532627865961558,-0.5,-0.5,-26.325000000000003,0,0,0,0,8,25.0,False,False,False,False,"Signed reconciliation and persistence evidence for review; heuristic bands are engineering choices, not MPLADS rules or final decisions."
W-000356,COMPLETION,92.67456359102245,92.7,100.0,-7.325436408977552,7.325436408977552,-7.299999999999997,0.025436408977554947,-7.299999999999997,53.3,26.925,3,2,0,2,4,25.0,False,True,False,False,"Signed reconciliation and persistence evidence for review; heuristic bands are engineering choices, not MPLADS rules or final decisions."
W-000357,COMPLETION,98.84827240861291,98.8,100.0,-1.1517275913870861,1.1517275913870861,-1.2000000000000028,-0.048272408612916706,-1.2000000000000028,81.5,40.371428571428574,6,4,0,4,7,25.0,False,True,False,False,"Signed reconciliation and persistence evidence for review; heuristic bands are engineering choices, not MPLADS rules or final decisions."
W-000358,COMPLETION,98.32841691248771,98.3,100.0,-1.671583087512289,1.671583087512289,-1.7000000000000028,-0.02841691248771383,-1.7000000000000028,15.199999999999989,4.36666666666666,1,0,0,0,3,25.0,False,False,False,False,"Signed reconciliation and persistence evidence for review; heuristic bands are engineering choices, not MPLADS rules or final decisions."
W-000359,COMPLETION,104.0590405904059,104.1,100.0,4.0590405904059,4.0590405904059,4.099999999999994,0.04095940959409461,4.099999999999994,29.099999999999994,4.6999999999999975,3,1,0,1,4,25.0,False,False,False,False,"Signed reconciliation and persistence evidence for review; heuristic bands are engineering choices, not MPLADS rules or final decisions."
W-000360,EXECUTION,78.52080123266563,78.5,83.3,-4.779198767334364,4.779198767334364,-4.799999999999997,-0.02080123266563305,-4.799999999999997,60.3,16.53333333333333,4,2,0,2,6,25.0,False,True,False,False,"Signed reconciliation and persistence evidence for review; heuristic bands are engineering choices, not MPLADS rules or final decisions."
W-000361,EXECUTION,25.707405177603853,25.7,24.0,1.707405177603853,1.707405177603853,1.6999999999999993,-0.00740517760385373,1.6999999999999993,3.9000000000000004,2.7749999999999995,4,0,0,0,4,25.0,False,False,False,False,"Signed reconciliation and persistence evidence for review; heuristic bands are engineering choices, not MPLADS rules or final decisions."
W-000362,COMPLETION,99.70674486803519,99.7,100.0,-0.2932551319648127,0.2932551319648127,-0.29999999999999716,-0.006744868035184481,-0.29999999999999716,71.2,34.28333333333333,5,4,0,4,6,25.0,False,True,False,False,"Signed reconciliation and persistence evidence for review; heuristic bands are engineering choices, not MPLADS rules or final decisions."
W-000363,COMPLETION,101.0738255033557,101.1,100.0,1.0738255033557067,1.0738255033557067,1.0999999999999943,0.026174496644287615,1.0999999999999943,18.0,7.0,3,0,0,0,4,25.0,False,False,False,False,"Signed reconciliation and persistence evidence for review; heuristic bands are engineering choices, not MPLADS rules or final decisions."
W-000364,COMPLETION,97.28260869565217,97.3,100.0,-2.717391304347828,2.717391304347828,-2.700000000000003,0.0173913043478251,-2.700000000000003,73.0,36.887499999999996,7,6,0,6,8,25.0,False,True,False,False,"Signed reconciliation and persistence evidence for review; heuristic bands are engineering choices, not MPLADS rules or final decisions."
W-000365,COMPLETION,102.55800118976799,102.6,100.0,2.5580011897679924,2.5580011897679924,2.5999999999999943,0.041998810232001915,2.5999999999999943,61.49999999999999,37.93999999999999,5,4,0,4,5,25.0,False,True,False,False,"Signed reconciliation and persistence evidence for review; heuristic bands are engineering choices, not MPLADS rules or final decisions."
W-000366,COMPLETION,105.01888828926066,105.0,100.0,5.0188882892606586,5.0188882892606586,5.0,-0.018888289260658553,5.0,47.800000000000004,32.3,5,4,0,4,5,25.0,False,True,False,False,"Signed reconciliation and persistence evidence for review; heuristic bands are engineering choices, not MPLADS rules or final decisions."
W-000367,COMPLETION,105.38092701118806,105.4,100.0,5.380927011188064,5.380927011188064,5.400000000000006,0.019072988811942082,5.400000000000006,5.400000000000006,-10.749999999999998,2,0,0,0,4,25.0,False,False,False,False,"Signed reconciliation and persistence evidence for review; heuristic bands are engineering choices, not MPLADS rules or final decisions."
W-000368,COMPLETION,104.96224379719526,105.0,100.0,4.962243797195256,4.962243797195256,5.0,0.037756202804743566,5.0,48.199999999999996,31.799999999999997,8,6,0,6,8,25.0,False,True,False,False,"Signed reconciliation and persistence evidence for review; heuristic bands are engineering choices, not MPLADS rules or final decisions."
W-000369,COMPLETION,97.01709712622772,97.0,100.0,-2.982902873772275,2.982902873772275,-3.0,-0.017097126227724857,-3.0,76.2,37.78,4,3,0,3,5,25.0,False,True,False,False,"Signed reconciliation and persistence evidence for review; heuristic bands are engineering choices, not MPLADS rules or final decisions."
W-000370,COMPLETION,106.0377358490566,106.0,100.0,6.037735849056602,6.037735849056602,6.0,-0.03773584905660243,6.0,79.4,45.725,4,3,0,3,4,25.0,False,True,False,False,"Signed reconciliation and persistence evidence for review; heuristic bands are engineering choices, not MPLADS rules or final decisions."
W-000371,COMPLETION,98.80996653030867,98.8,100.0,-1.190033469691329,1.190033469691329,-1.2000000000000028,-0.009966530308673782,-1.2000000000000028,43.2,14.866666666666669,2,1,0,1,3,25.0,False,False,False,False,"Signed reconciliation and persistence evidence for review; heuristic bands are engineering choices, not MPLADS rules or final decisions."
W-000372,COMPLETION,94.65042372881356,94.7,100.0,-5.349576271186436,5.349576271186436,-5.299999999999997,0.0495762711864387,-5.299999999999997,-5.299999999999997,-19.45,0,0,0,0,4,25.0,False,False,False,False,"Signed reconciliation and persistence evidence for review; heuristic bands are engineering choices, not MPLADS rules or final decisions."
W-000373,COMPLETION,104.7695605573419,104.8,100.0,4.769560557341904,4.769560557341904,4.799999999999997,0.03043944265809273,4.799999999999997,68.3,36.23333333333333,6,4,0,4,6,25.0,False,True,False,False,"Signed reconciliation and persistence evidence for review; heuristic bands are engineering choices, not MPLADS rules or final decisions."
W-000374,COMPLETION,102.44755244755245,102.4,100.0,2.4475524475524537,2.4475524475524537,2.4000000000000057,-0.04755244755244803,2.4000000000000057,73.80000000000001,31.357142857142858,6,4,0,3,7,25.0,False,True,False,False,"Signed reconciliation and persistence evidence for review; heuristic bands are engineering choices, not MPLADS rules or final decisions."
W-000375,COMPLETION,95.92178770949721,95.9,100.0,-4.07821229050279,4.07821229050279,-4.099999999999994,-0.021787709497203878,-4.099999999999994,59.900000000000006,25.38571428571429,6,4,0,4,7,25.0,False,True,False,False,"Signed reconciliation and persistence evidence for review; heuristic bands are engineering choices, not MPLADS rules or final decisions."
W-000376,COMPLETION,98.41269841269842,98.4,100.0,-1.5873015873015817,1.5873015873015817,-1.5999999999999943,-0.012698412698412653,-1.5999999999999943,27.5,16.085714285714285,6,1,0,1,7,25.0,False,False,False,False,"Signed reconciliation and persistence evidence for review; heuristic bands are engineering choices, not MPLADS rules or final decisions."
W-000377,COMPLETION,95.30516431924883,95.3,100.0,-4.694835680751169,4.694835680751169,-4.700000000000003,-0.005164319248834204,-4.700000000000003,31.0,-3.9166666666666665,2,1,0,1,6,25.0,False,False,False,False,"Signed reconciliation and persistence evidence for review; heuristic bands are engineering choices, not MPLADS rules or final decisions."
W-000378,EXECUTION,83.52941176470588,83.5,79.9,3.6294117647058783,3.6294117647058783,3.5999999999999943,-0.029411764705884025,3.5999999999999943,47.1,5.079999999999998,3,1,0,1,5,25.0,False,False,False,False,"Signed reconciliation and persistence evidence for review; heuristic bands are engineering choices, not MPLADS rules or final decisions."
W-000379,EXECUTION,63.392857142857146,63.4,69.3,-5.907142857142851,5.907142857142851,-5.899999999999999,0.007142857142852677,-5.899999999999999,26.6,7.214285714285715,5,1,0,1,7,25.0,False,False,False,False,"Signed reconciliation and persistence evidence for review; heuristic bands are engineering choices, not MPLADS rules or final decisions."
W-000380,COMPLETION,98.61111111111111,98.6,100.0,-1.3888888888888857,1.3888888888888857,-1.4000000000000057,-0.011111111111119953,-1.4000000000000057,85.19999999999999,43.2375,7,6,0,6,8,25.0,False,True,False,False,"Signed reconciliation and persistence evidence for review; heuristic bands are engineering choices, not MPLADS rules or final decisions."
W-000381,COMPLETION,107.64011058054787,107.6,100.0,7.640110580547869,7.640110580547869,7.599999999999994,-0.040110580547874974,7.599999999999994,74.0,28.63333333333333,5,3,0,3,6,25.0,False,True,False,False,"Signed reconciliation and persistence evidence for review; heuristic bands are engineering choices, not MPLADS rules or final decisions."
W-000382,COMPLETION,160.03602676273803,160.0,100.0,60.03602676273803,60.03602676273803,60.0,-0.0360267627380324,60.0,60.0,17.5,5,3,2,2,6,25.0,True,True,False,False,"Signed reconciliation and persistence evidence for review; heuristic bands are engineering choices, not MPLADS rules or final decisions."
W-000383,COMPLETION,105.42540073982737,105.4,100.0,5.425400739827367,5.425400739827367,5.400000000000006,-0.025400739827361463,5.400000000000006,89.2,47.0125,8,6,0,6,8,25.0,False,True,False,False,"Signed reconciliation and persistence evidence for review; heuristic bands are engineering choices, not MPLADS rules or final decisions."
W-000384,EXECUTION,81.9377990430622,81.9,94.0,-12.0622009569378,12.0622009569378,-12.099999999999994,-0.037799043062193505,-12.099999999999994,32.5,16.625000000000004,3,2,0,2,4,25.0,False,True,False,False,"Signed reconciliation and persistence evidence for review; heuristic bands are engineering choices, not MPLADS rules or final decisions."
W-000385,COMPLETION,102.14876033057851,102.1,100.0,2.1487603305785115,2.1487603305785115,2.0999999999999943,-0.04876033057851714,2.0999999999999943,70.3,36.699999999999996,3,2,0,2,3,25.0,False,True,False,False,"Signed reconciliation and persistence evidence for review; heuristic bands are engineering choices, not MPLADS rules or final decisions."
W-000386,EXECUTION,15.290933694181327,15.3,14.2,1.0909336941813272,1.0909336941813272,1.1000000000000014,0.00906630581867418,1.1000000000000014,1.1000000000000014,-4.1,1,0,0,0,5,25.0,False,False,False,False,"Signed reconciliation and persistence evidence for review; heuristic bands are engineering choices, not MPLADS rules or final decisions."
W-000387,COMPLETION,105.08540372670808,105.1,100.0,5.08540372670808,5.08540372670808,5.099999999999994,0.014596273291914486,5.099999999999994,33.099999999999994,13.928571428571429,6,1,0,1,7,25.0,False,False,False,False,"Signed reconciliation and persistence evidence for review; heuristic bands are engineering choices, not MPLADS rules or final decisions."
W-000388,EXECUTION,44.7935368043088,44.8,51.2,-6.406463195691202,6.406463195691202,-6.400000000000006,0.006463195691196688,-6.400000000000006,14.499999999999996,-4.140000000000002,1,0,0,0,5,25.0,False,False,False,False,"Signed reconciliation and persistence evidence for review; heuristic bands are engineering choices, not MPLADS rules or final decisions."
W-000389,EXECUTION,13.800991231414411,13.8,15.0,-1.199008768585589,1.199008768585589,-1.1999999999999993,-0.0009912314144102652,-1.1999999999999993,-1.1999999999999993,-6.625,0,0,0,0,8,25.0,False,False,False,False,"Signed reconciliation and persistence evidence for review; heuristic bands are engineering choices, not MPLADS rules or final decisions."
W-000390,COMPLETION,100.60587700696759,100.6,100.0,0.6058770069675887,0.6058770069675887,0.5999999999999943,-0.0058770069675944114,0.5999999999999943,22.299999999999997,2.45,3,0,0,0,4,25.0,False,False,False,False,"Signed reconciliation and persistence evidence for review; heuristic bands are engineering choices, not MPLADS rules or final decisions."
W-000391,COMPLETION,104.99565595134665,105.0,100.0,4.995655951346649,4.995655951346649,5.0,0.004344048653351251,5.0,22.099999999999994,2.9333333333333322,4,0,0,0,6,25.0,False,False,False,False,"Signed reconciliation and persistence evidence for review; heuristic bands are engineering choices, not MPLADS rules or final decisions."
W-000392,COMPLETION,104.96524329692154,105.0,100.0,4.9652432969215425,4.9652432969215425,5.0,0.03475670307845746,5.0,41.099999999999994,21.566666666666666,6,3,0,2,6,25.0,False,True,False,False,"Signed reconciliation and persistence evidence for review; heuristic bands are engineering choices, not MPLADS rules or final decisions."
W-000393,COMPLETION,92.24376731301939,92.2,100.0,-7.75623268698061,7.75623268698061,-7.799999999999997,-0.04376731301938719,-7.799999999999997,65.80000000000001,29.875000000000004,3,2,0,2,4,25.0,False,True,False,False,"Signed reconciliation and persistence evidence for review; heuristic bands are engineering choices, not MPLADS rules or final decisions."
W-000394,EXECUTION,87.39693757361601,87.4,88.4,-1.0030624263839911,1.0030624263839911,-1.0,0.0030624263839911237,-1.0,7.400000000000006,3.1285714285714303,5,0,0,0,7,25.0,False,False,False,False,"Signed reconciliation and persistence evidence for review; heuristic bands are engineering choices, not MPLADS rules or final decisions."
W-000396,EXECUTION,82.4446680080483,82.4,78.8,3.644668008048299,3.644668008048299,3.6000000000000085,-0.04466800804829063,3.6000000000000085,45.400000000000006,20.883333333333336,5,3,0,3,6,25.0,False,True,False,False,"Signed reconciliation and persistence evidence for review; heuristic bands are engineering choices, not MPLADS rules or final decisions."
W-000397,COMPLETION,104.99778858911986,105.0,100.0,4.997788589119864,4.997788589119864,5.0,0.0022114108801361,5.0,76.8,42.45,4,3,0,3,4,25.0,False,True,False,False,"Signed reconciliation and persistence evidence for review; heuristic bands are engineering choices, not MPLADS rules or final decisions."
W-000398,EXECUTION,53.85826771653543,53.9,58.1,-4.241732283464572,4.241732283464572,-4.200000000000003,0.04173228346456881,-4.200000000000003,33.0,11.485714285714284,6,1,0,1,7,25.0,False,False,False,False,"Signed reconciliation and persistence evidence for review; heuristic bands are engineering choices, not MPLADS rules or final decisions."
W-000399,COMPLETION,105.38587848932677,105.4,100.0,5.385878489326771,5.385878489326771,5.400000000000006,0.014121510673234638,5.400000000000006,30.499999999999993,16.0375,8,2,0,2,8,25.0,False,True,False,False,"Signed reconciliation and persistence evidence for review; heuristic bands are engineering choices, not MPLADS rules or final decisions."
W-000400,COMPLETION,101.3682092555332,101.4,100.0,1.368209255533202,1.368209255533202,1.4000000000000057,0.031790744466803744,1.4000000000000057,64.0,30.96666666666667,3,2,0,2,3,25.0,False,True,False,False,"Signed reconciliation and persistence evidence for review; heuristic bands are engineering choices, not MPLADS rules or final decisions."
W-000401,COMPLETION,105.02680965147454,105.0,100.0,5.026809651474537,5.026809651474537,5.0,-0.026809651474536622,5.0,78.1,42.27499999999999,4,3,0,3,4,25.0,False,True,False,False,"Signed reconciliation and persistence evidence for review; heuristic bands are engineering choices, not MPLADS rules or final decisions."
W-000402,COMPLETION,103.40189873417721,103.4,100.0,3.401898734177209,3.401898734177209,3.4000000000000057,-0.0018987341772032096,3.4000000000000057,71.10000000000001,31.61428571428572,6,5,0,5,7,25.0,False,True,False,False,"Signed reconciliation and persistence evidence for review; heuristic bands are engineering choices, not MPLADS rules or final decisions."
W-000403,EXECUTION,94.56018518518519,94.6,92.9,1.6601851851851848,1.6601851851851848,1.6999999999999886,0.03981481481480387,1.6999999999999886,70.39999999999999,42.04999999999999,6,4,0,4,6,25.0,False,True,False,False,"Signed reconciliation and persistence evidence for review; heuristic bands are engineering choices, not MPLADS rules or final decisions."
W-000404,COMPLETION,88.42874543239951,88.4,100.0,-11.57125456760049,11.57125456760049,-11.599999999999994,-0.028745432399503557,-11.599999999999994,4.799999999999997,-7.825,1,0,0,0,4,25.0,False,False,False,False,"Signed reconciliation and persistence evidence for review; heuristic bands are engineering choices, not MPLADS rules or final decisions."
W-000405,EXECUTION,54.95942290351668,55.0,55.4,-0.44057709648331667,0.44057709648331667,-0.3999999999999986,0.04057709648331809,-0.3999999999999986,36.3,19.625,3,2,0,2,4,25.0,False,True,False,False,"Signed reconciliation and persistence evidence for review; heuristic bands are engineering choices, not MPLADS rules or final decisions."
W-000406,COMPLETION,95.07978723404256,95.1,100.0,-4.920212765957444,4.920212765957444,-4.900000000000006,0.020212765957438705,-4.900000000000006,51.60000000000001,25.175,7,5,0,5,8,25.0,False,True,False,False,"Signed reconciliation and persistence evidence for review; heuristic bands are engineering choices, not MPLADS rules or final decisions."
W-000407,EXECUTION,0.0,0.0,0.4,-0.4,0.4,-0.4,0.0,-0.4,-0.4,-0.4,0,0,0,0,1,25.0,False,False,False,True,"Signed reconciliation and persistence evidence for review; heuristic bands are engineering choices, not MPLADS rules or final decisions."
W-000408,COMPLETION,105.82077051926298,105.8,100.0,5.820770519262979,5.820770519262979,5.799999999999997,-0.02077051926298168,5.799999999999997,56.3,16.799999999999997,3,2,0,2,4,25.0,False,True,False,False,"Signed reconciliation and persistence evidence for review; heuristic bands are engineering choices, not MPLADS rules or final decisions."
W-000409,COMPLETION,97.8021978021978,97.8,100.0,-2.197802197802204,2.197802197802204,-2.200000000000003,-0.0021978021977986373,-2.200000000000003,82.6,40.699999999999996,5,4,0,4,6,25.0,False,True,False,False,"Signed reconciliation and persistence evidence for review; heuristic bands are engineering choices, not MPLADS rules or final decisions."
W-000410,COMPLETION,91.88871473354232,91.9,100.0,-8.111285266457685,8.111285266457685,-8.099999999999994,0.011285266457690568,-8.099999999999994,57.3,30.985714285714288,6,5,0,5,7,25.0,False,True,False,False,"Signed reconciliation and persistence evidence for review; heuristic bands are engineering choices, not MPLADS rules or final decisions."
W-000411,COMPLETION,104.99334221038615,105.0,100.0,4.993342210386146,4.993342210386146,5.0,0.006657789613853993,5.0,52.1,28.900000000000002,8,5,0,4,8,25.0,False,True,False,False,"Signed reconciliation and persistence evidence for review; heuristic bands are engineering choices, not MPLADS rules or final decisions."
W-000412,EXECUTION,25.049701789264414,25.0,23.5,1.5497017892644145,1.5497017892644145,1.5,-0.049701789264414487,1.5,1.5,-3.1285714285714286,1,0,0,0,7,25.0,False,False,False,False,"Signed reconciliation and persistence evidence for review; heuristic bands are engineering choices, not MPLADS rules or final decisions."
W-000413,COMPLETION,95.86077140169333,95.9,100.0,-4.139228598306673,4.139228598306673,-4.099999999999994,0.039228598306678464,-4.099999999999994,56.7,30.440000000000005,4,3,0,3,5,25.0,False,True,False,False,"Signed reconciliation and persistence evidence for review; heuristic bands are engineering choices, not MPLADS rules or final decisions."
W-000414,COMPLETION,88.14317673378076,88.1,100.0,-11.856823266219237,11.856823266219237,-11.900000000000006,-0.04317673378076847,-11.900000000000006,21.39999999999999,-0.4333333333333371,3,0,0,0,6,25.0,False,False,False,False,"Signed reconciliation and persistence evidence for review; heuristic bands are engineering choices, not MPLADS rules or final decisions."
W-000415,EXECUTION,56.13160518444666,56.1,54.3,1.8316051844466656,1.8316051844466656,1.8000000000000043,-0.03160518444666138,1.8000000000000043,9.799999999999999,1.037499999999999,3,0,0,0,8,25.0,False,False,False,False,"Signed reconciliation and persistence evidence for review; heuristic bands are engineering choices, not MPLADS rules or final decisions."
W-000418,COMPLETION,101.16022099447514,101.2,100.0,1.1602209944751394,1.1602209944751394,1.2000000000000028,0.039779005524863464,1.2000000000000028,17.5,1.8875000000000008,5,0,0,0,8,25.0,False,False,False,False,"Signed reconciliation and persistence evidence for review; heuristic bands are engineering choices, not MPLADS rules or final decisions."
W-000419,COMPLETION,96.03658536585365,96.0,100.0,-3.9634146341463463,3.9634146341463463,-4.0,-0.036585365853653684,-4.0,65.0,26.516666666666666,5,2,0,2,6,25.0,False,True,False,False,"Signed reconciliation and persistence evidence for review; heuristic bands are engineering choices, not MPLADS rules or final decisions."
W-000420,COMPLETION,106.95817490494296,107.0,100.0,6.958174904942965,6.958174904942965,7.0,0.041825095057035355,7.0,66.3,23.4375,6,4,0,4,8,25.0,False,True,False,False,"Signed reconciliation and persistence evidence for review; heuristic bands are engineering choices, not MPLADS rules or final decisions."
W-000421,COMPLETION,102.60336906584992,102.6,100.0,2.6033690658499182,2.6033690658499182,2.5999999999999943,-0.0033690658499239134,2.5999999999999943,84.0,41.739999999999995,5,3,0,3,5,25.0,False,True,False,False,"Signed reconciliation and persistence evidence for review; heuristic bands are engineering choices, not MPLADS rules or final decisions."
W-000422,EXECUTION,52.30562100302928,52.3,57.7,-5.3943789969707225,5.3943789969707225,-5.400000000000006,-0.005621003029283145,-5.400000000000006,16.799999999999997,6.914285714285713,6,0,0,0,7,25.0,False,False,False,False,"Signed reconciliation and persistence evidence for review; heuristic bands are engineering choices, not MPLADS rules or final decisions."
W-000423,COMPLETION,93.02325581395348,93.0,100.0,-6.976744186046517,6.976744186046517,-7.0,-0.023255813953483084,-7.0,52.5,13.02,3,2,0,2,5,25.0,False,True,False,False,"Signed reconciliation and persistence evidence for review; heuristic bands are engineering choices, not MPLADS rules or final decisions."
W-000424,COMPLETION,97.1805087342936,97.2,100.0,-2.8194912657064037,2.8194912657064037,-2.799999999999997,0.01949126570640658,-2.799999999999997,27.300000000000004,9.500000000000002,2,1,0,1,3,25.0,False,False,False,False,"Signed reconciliation and persistence evidence for review; heuristic bands are engineering choices, not MPLADS rules or final decisions."
W-000425,COMPLETION,105.0113895216401,105.0,100.0,5.011389521640098,5.011389521640098,5.0,-0.011389521640097655,5.0,94.0,49.671428571428564,7,5,0,5,7,25.0,False,True,False,False,"Signed reconciliation and persistence evidence for review; heuristic bands are engineering choices, not MPLADS rules or final decisions."
W-000426,COMPLETION,106.00414078674949,106.0,100.0,6.004140786749488,6.004140786749488,6.0,-0.004140786749488257,6.0,66.9,38.733333333333334,6,4,0,4,6,25.0,False,True,False,False,"Signed reconciliation and persistence evidence for review; heuristic bands are engineering choices, not MPLADS rules or final decisions."
W-000427,EXECUTION,23.106508875739646,23.1,21.9,1.2065088757396474,1.2065088757396474,1.2000000000000028,-0.006508875739644537,1.2000000000000028,2.8999999999999986,-5.266666666666667,2,0,0,0,6,25.0,False,False,False,False,"Signed reconciliation and persistence evidence for review; heuristic bands are engineering choices, not MPLADS rules or final decisions."
W-000428,EXECUTION,7.2562358276643995,7.3,12.3,-5.043764172335601,5.043764172335601,-5.000000000000001,0.04376417233560037,-5.000000000000001,0.0,-3.7,0,0,0,0,8,25.0,False,False,False,False,"Signed reconciliation and persistence evidence for review; heuristic bands are engineering choices, not MPLADS rules or final decisions."
W-000429,COMPLETION,95.18652226233453,95.2,100.0,-4.813477737665465,4.813477737665465,-4.799999999999997,0.013477737665468226,-4.799999999999997,35.0,13.35,5,4,0,4,8,25.0,False,True,False,False,"Signed reconciliation and persistence evidence for review; heuristic bands are engineering choices, not MPLADS rules or final decisions."
W-000430,EXECUTION,96.50395778364116,96.5,93.6,2.903957783641161,2.903957783641161,2.9000000000000057,-0.003957783641155288,2.9000000000000057,12.300000000000004,6.06666666666667,3,0,0,0,3,25.0,False,False,False,False,"Signed reconciliation and persistence evidence for review; heuristic bands are engineering choices, not MPLADS rules or final decisions."
W-000431,COMPLETION,153.78414688759517,153.8,100.0,53.78414688759517,53.78414688759517,53.80000000000001,0.015853112404840886,53.80000000000001,85.20000000000002,69.80000000000001,3,3,3,3,3,25.0,True,True,False,False,"Signed reconciliation and persistence evidence for review; heuristic bands are engineering choices, not MPLADS rules or final decisions."
W-000432,COMPLETION,94.65716829919857,94.7,100.0,-5.342831700801426,5.342831700801426,-5.299999999999997,0.04283170080142895,-5.299999999999997,57.7,31.660000000000004,4,3,0,3,5,25.0,False,True,False,False,"Signed reconciliation and persistence evidence for review; heuristic bands are engineering choices, not MPLADS rules or final decisions."
W-000433,EXECUTION,85.26211671612265,85.3,95.0,-9.737883283877352,9.737883283877352,-9.700000000000003,0.03788328387734907,-9.700000000000003,39.3,2.8124999999999982,4,2,0,2,8,25.0,False,True,False,False,"Signed reconciliation and persistence evidence for review; heuristic bands are engineering choices, not MPLADS rules or final decisions."
W-000434,COMPLETION,95.72538860103627,95.7,100.0,-4.274611398963728,4.274611398963728,-4.299999999999997,-0.025388601036269165,-4.299999999999997,69.4,24.571428571428573,5,3,0,3,7,25.0,False,True,False,False,"Signed reconciliation and persistence evidence for review; heuristic bands are engineering choices, not MPLADS rules or final decisions."
W-000436,COMPLETION,95.06699147381242,95.1,100.0,-4.933008526187578,4.933008526187578,-4.900000000000006,0.03300852618757233,-4.900000000000006,58.8,29.999999999999996,2,2,0,2,3,25.0,False,True,False,False,"Signed reconciliation and persistence evidence for review; heuristic bands are engineering choices, not MPLADS rules or final decisions."
W-000437,EXECUTION,83.04761904761905,83.0,87.4,-4.352380952380955,4.352380952380955,-4.400000000000006,-0.047619047619051,-4.400000000000006,53.5,22.23333333333333,2,1,0,1,3,25.0,False,False,False,False,"Signed reconciliation and persistence evidence for review; heuristic bands are engineering choices, not MPLADS rules or final decisions."
W-000438,COMPLETION,107.44680851063829,107.4,100.0,7.4468085106382915,7.4468085106382915,7.400000000000006,-0.04680851063828584,7.400000000000006,73.5,36.5,5,3,0,3,5,25.0,False,True,False,False,"Signed reconciliation and persistence evidence for review; heuristic bands are engineering choices, not MPLADS rules or final decisions."
W-000439,COMPLETION,97.59358288770053,97.6,100.0,-2.406417112299465,2.406417112299465,-2.4000000000000057,0.006417112299459404,-2.4000000000000057,43.199999999999996,10.074999999999996,2,1,0,1,4,25.0,False,False,False,False,"Signed reconciliation and persistence evidence for review; heuristic bands are engineering choices, not MPLADS rules or final decisions."
W-000440,COMPLETION,106.66666666666667,106.7,100.0,6.666666666666671,6.666666666666671,6.700000000000003,0.03333333333333144,6.700000000000003,35.7,9.166666666666666,4,2,0,2,6,25.0,False,True,False,False,"Signed reconciliation and persistence evidence for review; heuristic bands are engineering choices, not MPLADS rules or final decisions."
W-000441,COMPLETION,105.65785068630733,105.7,100.0,5.657850686307327,5.657850686307327,5.700000000000003,0.042149313692675605,5.700000000000003,37.10000000000001,1.81666666666667,3,1,0,1,6,25.0,False,False,False,False,"Signed reconciliation and persistence evidence for review; heuristic bands are engineering choices, not MPLADS rules or final decisions."
W-000442,COMPLETION,94.55445544554455,94.6,100.0,-5.445544554455452,5.445544554455452,-5.400000000000006,0.04554455445544647,-5.400000000000006,27.9,7.599999999999997,4,1,0,1,7,25.0,False,False,False,False,"Signed reconciliation and persistence evidence for review; heuristic bands are engineering choices, not MPLADS rules or final decisions."
W-000443,COMPLETION,100.920245398773,100.9,100.0,0.9202453987730053,0.9202453987730053,0.9000000000000057,-0.02024539877299958,0.9000000000000057,22.3,8.800000000000002,3,0,0,0,3,25.0,False,False,False,False,"Signed reconciliation and persistence evidence for review; heuristic bands are engineering choices, not MPLADS rules or final decisions."
W-000444,COMPLETION,90.24012393493416,90.2,100.0,-9.75987606506584,9.75987606506584,-9.799999999999997,-0.040123934934158,-9.799999999999997,32.5,13.050000000000002,5,1,0,1,6,25.0,False,False,False,False,"Signed reconciliation and persistence evidence for review; heuristic bands are engineering choices, not MPLADS rules or final decisions."
W-000445,COMPLETION,94.20289855072464,94.2,100.0,-5.79710144927536,5.79710144927536,-5.799999999999997,-0.0028985507246375164,-5.799999999999997,33.6,10.700000000000001,2,1,0,1,3,25.0,False,False,False,False,"Signed reconciliation and persistence evidence for review; heuristic bands are engineering choices, not MPLADS rules or final decisions."
W-000446,COMPLETION,106.8892979226926,106.9,100.0,6.889297922692606,6.889297922692606,6.900000000000006,0.010702077307399804,6.900000000000006,6.900000000000006,-2.575,1,0,0,0,4,25.0,False,False,False,False,"Signed reconciliation and persistence evidence for review; heuristic bands are engineering choices, not MPLADS rules or final decisions."
W-000448,COMPLETION,104.2159054615139,104.2,100.0,4.2159054615138984,4.2159054615138984,4.200000000000003,-0.015905461513895602,4.200000000000003,37.6,5.800000000000002,3,1,0,1,5,25.0,False,False,False,False,"Signed reconciliation and persistence evidence for review; heuristic bands are engineering choices, not MPLADS rules or final decisions."
W-000449,COMPLETION,105.0,105.0,100.0,5.0,5.0,5.0,0.0,5.0,5.0,-26.1625,1,0,0,0,8,25.0,False,False,False,False,"Signed reconciliation and persistence evidence for review; heuristic bands are engineering choices, not MPLADS rules or final decisions."
W-000451,COMPLETION,105.00260552371027,105.0,100.0,5.0026055237102725,5.0026055237102725,5.0,-0.0026055237102724504,5.0,56.8,30.0,4,3,0,3,4,25.0,False,True,False,False,"Signed reconciliation and persistence evidence for review; heuristic bands are engineering choices, not MPLADS rules or final decisions."
W-000452,EXECUTION,83.06620209059234,83.1,94.1,-11.033797909407653,11.033797909407653,-11.0,0.03379790940765304,-11.0,31.699999999999996,6.571428571428569,5,1,0,1,7,25.0,False,False,False,False,"Signed reconciliation and persistence evidence for review; heuristic bands are engineering choices, not MPLADS rules or final decisions."
W-000454,COMPLETION,103.11181434599156,103.1,100.0,3.1118143459915615,3.1118143459915615,3.0999999999999943,-0.011814345991567166,3.0999999999999943,40.99999999999999,-0.17500000000000426,4,2,0,2,8,25.0,False,True,False,False,"Signed reconciliation and persistence evidence for review; heuristic bands are engineering choices, not MPLADS rules or final decisions."
W-000455,COMPLETION,97.81591263650546,97.8,100.0,-2.184087363494541,2.184087363494541,-2.200000000000003,-0.01591263650546182,-2.200000000000003,65.9,32.166666666666664,2,2,0,2,3,25.0,False,True,False,False,"Signed reconciliation and persistence evidence for review; heuristic bands are engineering choices, not MPLADS rules or final decisions."
W-000456,COMPLETION,98.10344827586206,98.1,100.0,-1.896551724137936,1.896551724137936,-1.9000000000000057,-0.0034482758620697496,-1.9000000000000057,74.0,33.83333333333333,2,2,0,2,3,25.0,False,True,False,False,"Signed reconciliation and persistence evidence for review; heuristic bands are engineering choices, not MPLADS rules or final decisions."
W-000457,COMPLETION,90.74650077760498,90.7,100.0,-9.253499222395021,9.253499222395021,-9.299999999999997,-0.04650077760497595,-9.299999999999997,66.4,30.316666666666674,5,3,0,3,6,25.0,False,True,False,False,"Signed reconciliation and persistence evidence for review; heuristic bands are engineering choices, not MPLADS rules or final decisions."
W-000458,EXECUTION,38.0,38.0,42.5,-4.5,4.5,-4.5,0.0,-4.5,3.6000000000000014,-0.7200000000000001,2,0,0,0,5,25.0,False,False,False,False,"Signed reconciliation and persistence evidence for review; heuristic bands are engineering choices, not MPLADS rules or final decisions."
W-000460,COMPLETION,106.18792971734148,106.2,100.0,6.187929717341476,6.187929717341476,6.200000000000003,0.012070282658527276,6.200000000000003,40.1,27.450000000000003,4,3,0,3,4,25.0,False,True,False,False,"Signed reconciliation and persistence evidence for review; heuristic bands are engineering choices, not MPLADS rules or final decisions."
W-000461,COMPLETION,107.85454545454546,107.9,100.0,7.854545454545459,7.854545454545459,7.900000000000006,0.045454545454546746,7.900000000000006,41.80000000000001,30.300000000000008,3,2,0,2,3,25.0,False,True,False,False,"Signed reconciliation and persistence evidence for review; heuristic bands are engineering choices, not MPLADS rules or final decisions."
W-000462,EXECUTION,45.61140285071268,45.6,46.3,-0.6885971492873182,0.6885971492873182,-0.6999999999999957,-0.011402850712677548,-0.6999999999999957,-0.6999999999999957,-5.433333333333333,0,0,0,0,3,25.0,False,False,False,False,"Signed reconciliation and persistence evidence for review; heuristic bands are engineering choices, not MPLADS rules or final decisions."
W-000463,COMPLETION,102.94327082838832,102.9,100.0,2.9432708283883215,2.9432708283883215,2.9000000000000057,-0.04327082838831586,2.9000000000000057,79.4,42.81250000000001,8,6,0,6,8,25.0,False,True,False,False,"Signed reconciliation and persistence evidence for review; heuristic bands are engineering choices, not MPLADS rules or final decisions."
W-000465,COMPLETION,95.89041095890411,95.9,100.0,-4.109589041095887,4.109589041095887,-4.099999999999994,0.00958904109589298,-4.099999999999994,58.400000000000006,24.13333333333334,5,3,0,3,6,25.0,False,True,False,False,"Signed reconciliation and persistence evidence for review; heuristic bands are engineering choices, not MPLADS rules or final decisions."
W-000466,COMPLETION,97.53386592566864,97.5,100.0,-2.4661340743313644,2.4661340743313644,-2.5,-0.033865925668635555,-2.5,39.2,13.342857142857142,5,2,0,2,7,25.0,False,True,False,False,"Signed reconciliation and persistence evidence for review; heuristic bands are engineering choices, not MPLADS rules or final decisions."
W-000467,COMPLETION,106.03015075376885,106.0,100.0,6.030150753768851,6.030150753768851,6.0,-0.03015075376885079,6.0,55.1,21.025,3,2,0,2,4,25.0,False,True,False,False,"Signed reconciliation and persistence evidence for review; heuristic bands are engineering choices, not MPLADS rules or final decisions."
W-000469,EXECUTION,0.0,0.0,0.0,0.0,0.0,0.0,0.0,0.0,0.0,0.0,0,0,0,0,1,25.0,False,False,False,False,"Signed reconciliation and persistence evidence for review; heuristic bands are engineering choices, not MPLADS rules or final decisions."
W-000470,COMPLETION,94.20702754036087,94.2,100.0,-5.792972459639131,5.792972459639131,-5.799999999999997,-0.007027540360866169,-5.799999999999997,69.30000000000001,30.157142857142862,6,4,0,4,7,25.0,False,True,False,False,"Signed reconciliation and persistence evidence for review; heuristic bands are engineering choices, not MPLADS rules or final decisions."
W-000471,COMPLETION,90.93145869947276,90.9,100.0,-9.068541300527244,9.068541300527244,-9.099999999999994,-0.031458699472750595,-9.099999999999994,10.700000000000003,-8.239999999999998,2,0,0,0,5,25.0,False,False,False,False,"Signed reconciliation and persistence evidence for review; heuristic bands are engineering choices, not MPLADS rules or final decisions."
W-000472,COMPLETION,101.82982616651418,101.8,100.0,1.8298261665141808,1.8298261665141808,1.7999999999999972,-0.029826166514183683,1.7999999999999972,83.5,39.349999999999994,4,2,0,2,4,25.0,False,True,False,False,"Signed reconciliation and persistence evidence for review; heuristic bands are engineering choices, not MPLADS rules or final decisions."
W-000473,COMPLETION,96.24537281861448,96.2,100.0,-3.7546271813855157,3.7546271813855157,-3.799999999999997,-0.0453728186144815,-3.799999999999997,5.799999999999997,-11.025,1,0,0,0,8,25.0,False,False,False,False,"Signed reconciliation and persistence evidence for review; heuristic bands are engineering choices, not MPLADS rules or final decisions."
W-000474,COMPLETION,107.85714285714286,107.9,100.0,7.857142857142861,7.857142857142861,7.900000000000006,0.04285714285714448,7.900000000000006,65.8,37.6375,8,5,0,5,8,25.0,False,True,False,False,"Signed reconciliation and persistence evidence for review; heuristic bands are engineering choices, not MPLADS rules or final decisions."
W-000475,EXECUTION,44.5729537366548,44.6,42.5,2.072953736654803,2.072953736654803,2.1000000000000014,0.02704626334519844,2.1000000000000014,20.5,7.57142857142857,6,0,0,0,7,25.0,False,False,False,False,"Signed reconciliation and persistence evidence for review; heuristic bands are engineering choices, not MPLADS rules or final decisions."
W-000476,EXECUTION,40.1183970856102,40.1,41.7,-1.581602914389805,1.581602914389805,-1.6000000000000014,-0.018397085610196484,-1.6000000000000014,19.3,5.199999999999999,7,0,0,0,8,25.0,False,False,False,False,"Signed reconciliation and persistence evidence for review; heuristic bands are engineering choices, not MPLADS rules or final decisions."
W-000477,COMPLETION,106.00641907381934,106.0,100.0,6.006419073819345,6.006419073819345,6.0,-0.0064190738193445895,6.0,18.900000000000006,-7.0857142857142845,3,0,0,0,7,25.0,False,False,False,False,"Signed reconciliation and persistence evidence for review; heuristic bands are engineering choices, not MPLADS rules or final decisions."
W-000479,COMPLETION,105.00945179584122,105.0,100.0,5.0094517958412155,5.0094517958412155,5.0,-0.009451795841215471,5.0,65.4,34.9,5,3,0,3,5,25.0,False,True,False,False,"Signed reconciliation and persistence evidence for review; heuristic bands are engineering choices, not MPLADS rules or final decisions."
W-000480,COMPLETION,99.2373689227836,99.2,100.0,-0.7626310772163976,0.7626310772163976,-0.7999999999999972,-0.0373689227835996,-0.7999999999999972,32.400000000000006,-9.585714285714284,2,1,0,1,7,25.0,False,False,False,False,"Signed reconciliation and persistence evidence for review; heuristic bands are engineering choices, not MPLADS rules or final decisions."
W-000481,COMPLETION,104.58536585365853,104.6,100.0,4.58536585365853,4.58536585365853,4.599999999999994,0.014634146341464316,4.599999999999994,57.00000000000001,33.333333333333336,3,2,0,2,3,25.0,False,True,False,False,"Signed reconciliation and persistence evidence for review; heuristic bands are engineering choices, not MPLADS rules or final decisions."
W-000482,EXECUTION,24.217961654894047,24.2,26.0,-1.7820383451059527,1.7820383451059527,-1.8000000000000007,-0.017961654894047996,-1.8000000000000007,12.100000000000001,-3.666666666666666,1,0,0,0,6,25.0,False,False,False,False,"Signed reconciliation and persistence evidence for review; heuristic bands are engineering choices, not MPLADS rules or final decisions."
W-000483,COMPLETION,102.5078369905956,102.5,100.0,2.5078369905956066,2.5078369905956066,2.5,-0.007836990595606608,2.5,54.1,28.45,6,3,0,3,6,25.0,False,True,False,False,"Signed reconciliation and persistence evidence for review; heuristic bands are engineering choices, not MPLADS rules or final decisions."
W-000484,EXECUTION,70.79261672095548,70.8,75.5,-4.707383279044521,4.707383279044521,-4.700000000000003,0.007383279044518076,-4.700000000000003,-4.700000000000003,-14.433333333333332,0,0,0,0,3,25.0,False,False,False,False,"Signed reconciliation and persistence evidence for review; heuristic bands are engineering choices, not MPLADS rules or final decisions."
W-000485,COMPLETION,104.12087912087912,104.1,100.0,4.120879120879124,4.120879120879124,4.099999999999994,-0.020879120879129687,4.099999999999994,50.8,28.099999999999994,3,2,0,2,3,25.0,False,True,False,False,"Signed reconciliation and persistence evidence for review; heuristic bands are engineering choices, not MPLADS rules or final decisions."
W-000486,COMPLETION,91.02773246329527,91.0,100.0,-8.972267536704734,8.972267536704734,-9.0,-0.027732463295265575,-9.0,65.5,29.775000000000006,3,2,0,2,4,25.0,False,True,False,False,"Signed reconciliation and persistence evidence for review; heuristic bands are engineering choices, not MPLADS rules or final decisions."
W-000487,EXECUTION,29.847494553376908,29.8,32.9,-3.0525054466230905,3.0525054466230905,-3.099999999999998,-0.047494553376907334,-3.099999999999998,1.6000000000000014,-6.75,1,0,0,0,8,25.0,False,False,False,False,"Signed reconciliation and persistence evidence for review; heuristic bands are engineering choices, not MPLADS rules or final decisions."
W-000488,COMPLETION,97.05882352941177,97.1,100.0,-2.941176470588232,2.941176470588232,-2.9000000000000057,0.041176470588226266,-2.9000000000000057,78.89999999999999,36.63999999999999,4,3,0,3,5,25.0,False,True,False,False,"Signed reconciliation and persistence evidence for review; heuristic bands are engineering choices, not MPLADS rules or final decisions."
W-000489,COMPLETION,103.27868852459017,103.3,100.0,3.278688524590166,3.278688524590166,3.299999999999997,0.02131147540983136,3.299999999999997,73.6,35.5,6,4,0,4,6,25.0,False,True,False,False,"Signed reconciliation and persistence evidence for review; heuristic bands are engineering choices, not MPLADS rules or final decisions."
W-000491,COMPLETION,104.47839831401475,104.5,100.0,4.478398314014754,4.478398314014754,4.5,0.021601685985245922,4.5,85.8,43.199999999999996,4,3,0,3,4,25.0,False,True,False,False,"Signed reconciliation and persistence evidence for review; heuristic bands are engineering choices, not MPLADS rules or final decisions."
W-000493,COMPLETION,107.37425404944587,107.4,100.0,7.374254049445867,7.374254049445867,7.400000000000006,0.025745950554139085,7.400000000000006,12.399999999999999,-5.479999999999999,2,0,0,0,5,25.0,False,False,False,False,"Signed reconciliation and persistence evidence for review; heuristic bands are engineering choices, not MPLADS rules or final decisions."
W-000495,EXECUTION,50.06849315068493,50.1,54.7,-4.631506849315073,4.631506849315073,-4.600000000000001,0.03150684931507186,-4.600000000000001,5.5,-9.575000000000001,1,0,0,0,8,25.0,False,False,False,False,"Signed reconciliation and persistence evidence for review; heuristic bands are engineering choices, not MPLADS rules or final decisions."
W-000496,COMPLETION,102.92207792207792,102.9,100.0,2.922077922077918,2.922077922077918,2.9000000000000057,-0.02207792207791215,2.9000000000000057,72.60000000000001,26.233333333333338,5,3,0,3,6,25.0,False,True,False,False,"Signed reconciliation and persistence evidence for review; heuristic bands are engineering choices, not MPLADS rules or final decisions."
W-000497,EXECUTION,72.51642829532277,72.5,84.1,-11.583571704677226,11.583571704677226,-11.599999999999994,-0.01642829532276835,-11.599999999999994,-2.3999999999999986,-5.68,0,0,0,0,5,25.0,False,False,False,False,"Signed reconciliation and persistence evidence for review; heuristic bands are engineering choices, not MPLADS rules or final decisions."
W-000498,EXECUTION,76.84210526315789,76.8,89.7,-12.857894736842113,12.857894736842113,-12.900000000000006,-0.04210526315789309,-12.900000000000006,7.100000000000001,-1.4333333333333347,2,0,0,0,3,25.0,False,False,False,False,"Signed reconciliation and persistence evidence for review; heuristic bands are engineering choices, not MPLADS rules or final decisions."
W-000499,COMPLETION,98.13432835820896,98.1,100.0,-1.8656716417910388,1.8656716417910388,-1.9000000000000057,-0.03432835820896685,-1.9000000000000057,41.099999999999994,25.549999999999994,3,2,0,2,4,25.0,False,True,False,False,"Signed reconciliation and persistence evidence for review; heuristic bands are engineering choices, not MPLADS rules or final decisions."
W-000500,EXECUTION,19.060773480662984,19.1,19.6,-0.5392265193370172,0.5392265193370172,-0.5,0.03922651933701715,-0.5,15.3,7.600000000000001,2,0,0,0,3,25.0,False,False,False,False,"Signed reconciliation and persistence evidence for review; heuristic bands are engineering choices, not MPLADS rules or final decisions."
W-000501,COMPLETION,103.0860534124629,103.1,100.0,3.0860534124629027,3.0860534124629027,3.0999999999999943,0.01394658753709166,3.0999999999999943,3.0999999999999943,-16.740000000000002,2,0,0,0,5,25.0,False,False,False,False,"Signed reconciliation and persistence evidence for review; heuristic bands are engineering choices, not MPLADS rules or final decisions."
W-000502,EXECUTION,92.48291571753987,92.5,91.6,0.8829157175398734,0.8829157175398734,0.9000000000000057,0.017084282460132272,0.9000000000000057,11.700000000000003,-0.27999999999999686,3,0,0,0,5,25.0,False,False,False,False,"Signed reconciliation and persistence evidence for review; heuristic bands are engineering choices, not MPLADS rules or final decisions."
W-000503,COMPLETION,94.52054794520548,94.5,100.0,-5.479452054794521,5.479452054794521,-5.5,-0.020547945205478868,-5.5,22.099999999999994,9.799999999999997,2,0,0,0,3,25.0,False,False,False,False,"Signed reconciliation and persistence evidence for review; heuristic bands are engineering choices, not MPLADS rules or final decisions."
W-000504,EXECUTION,26.53301886792453,26.5,27.1,-0.5669811320754725,0.5669811320754725,-0.6000000000000014,-0.033018867924528905,-0.6000000000000014,6.699999999999999,-0.7714285714285717,2,0,0,0,7,25.0,False,False,False,False,"Signed reconciliation and persistence evidence for review; heuristic bands are engineering choices, not MPLADS rules or final decisions."
W-000505,COMPLETION,96.18469015795868,96.2,100.0,-3.815309842041316,3.815309842041316,-3.799999999999997,0.015309842041318689,-3.799999999999997,10.600000000000001,-5.459999999999999,1,0,0,0,5,25.0,False,False,False,False,"Signed reconciliation and persistence evidence for review; heuristic bands are engineering choices, not MPLADS rules or final decisions."
W-000506,EXECUTION,70.73518915060671,70.7,73.8,-3.0648108493932824,3.0648108493932824,-3.0999999999999943,-0.035189150606711905,-3.0999999999999943,56.1,28.100000000000005,4,3,0,3,5,25.0,False,True,False,False,"Signed reconciliation and persistence evidence for review; heuristic bands are engineering choices, not MPLADS rules or final decisions."
W-000507,EXECUTION,64.17822366479787,64.2,66.3,-2.121776335202128,2.121776335202128,-2.0999999999999943,0.021776335202133623,-2.0999999999999943,20.299999999999997,6.9250000000000025,2,0,0,0,4,25.0,False,False,False,False,"Signed reconciliation and persistence evidence for review; heuristic bands are engineering choices, not MPLADS rules or final decisions."
W-000508,COMPLETION,104.09741012756088,104.1,100.0,4.097410127560877,4.097410127560877,4.099999999999994,0.0025898724391169026,4.099999999999994,49.599999999999994,14.124999999999996,6,3,0,3,8,25.0,False,True,False,False,"Signed reconciliation and persistence evidence for review; heuristic bands are engineering choices, not MPLADS rules or final decisions."
W-000509,EXECUTION,93.12,93.1,94.9,-1.7800000000000011,1.7800000000000011,-1.8000000000000114,-0.020000000000010232,-1.8000000000000114,42.099999999999994,12.828571428571424,5,1,0,1,7,25.0,False,False,False,False,"Signed reconciliation and persistence evidence for review; heuristic bands are engineering choices, not MPLADS rules or final decisions."
W-000510,COMPLETION,99.04831625183016,99.0,100.0,-0.9516837481698417,0.9516837481698417,-1.0,-0.04831625183015831,-1.0,71.9,34.333333333333336,2,2,0,2,3,25.0,False,True,False,False,"Signed reconciliation and persistence evidence for review; heuristic bands are engineering choices, not MPLADS rules or final decisions."
W-000512,COMPLETION,101.34128166915052,101.3,100.0,1.3412816691505185,1.3412816691505185,1.2999999999999972,-0.04128166915052134,1.2999999999999972,42.699999999999996,19.699999999999996,4,2,0,2,5,25.0,False,True,False,False,"Signed reconciliation and persistence evidence for review; heuristic bands are engineering choices, not MPLADS rules or final decisions."
W-000513,COMPLETION,102.96052631578948,103.0,100.0,2.9605263157894797,2.9605263157894797,3.0,0.03947368421052033,3.0,39.5,7.25,4,1,0,1,6,25.0,False,False,False,False,"Signed reconciliation and persistence evidence for review; heuristic bands are engineering choices, not MPLADS rules or final decisions."
W-000514,COMPLETION,104.4427123928293,104.4,100.0,4.442712392829307,4.442712392829307,4.400000000000006,-0.04271239282930139,4.400000000000006,64.4,38.440000000000005,5,3,0,3,5,25.0,False,True,False,False,"Signed reconciliation and persistence evidence for review; heuristic bands are engineering choices, not MPLADS rules or final decisions."
W-000515,EXECUTION,60.6981981981982,60.7,56.7,3.998198198198196,3.998198198198196,4.0,0.0018018018018040038,4.0,9.0,-1.78,2,0,0,0,5,25.0,False,False,False,False,"Signed reconciliation and persistence evidence for review; heuristic bands are engineering choices, not MPLADS rules or final decisions."
W-000516,COMPLETION,101.03211009174312,101.0,100.0,1.032110091743121,1.032110091743121,1.0,-0.03211009174312096,1.0,28.799999999999997,5.799999999999997,3,1,0,1,4,25.0,False,False,False,False,"Signed reconciliation and persistence evidence for review; heuristic bands are engineering choices, not MPLADS rules or final decisions."
W-000518,EXECUTION,87.89337282487968,87.9,88.3,-0.4066271751203203,0.4066271751203203,-0.3999999999999915,0.006627175120328843,-0.3999999999999915,54.900000000000006,22.525000000000006,6,4,0,4,8,25.0,False,True,False,False,"Signed reconciliation and persistence evidence for review; heuristic bands are engineering choices, not MPLADS rules or final decisions."
W-000519,COMPLETION,98.63661658319421,98.6,100.0,-1.3633834168057888,1.3633834168057888,-1.4000000000000057,-0.0366165831942169,-1.4000000000000057,64.39999999999999,28.91666666666666,5,3,0,3,6,25.0,False,True,False,False,"Signed reconciliation and persistence evidence for review; heuristic bands are engineering choices, not MPLADS rules or final decisions."
W-000521,COMPLETION,102.4,102.4,100.0,2.4000000000000057,2.4000000000000057,2.4000000000000057,0.0,2.4000000000000057,59.50000000000001,23.640000000000004,5,2,0,2,5,25.0,False,True,False,False,"Signed reconciliation and persistence evidence for review; heuristic bands are engineering choices, not MPLADS rules or final decisions."
W-000522,COMPLETION,103.26923076923077,103.3,100.0,3.2692307692307736,3.2692307692307736,3.299999999999997,0.030769230769223554,3.299999999999997,23.0,-3.7666666666666657,3,0,0,0,6,25.0,False,False,False,False,"Signed reconciliation and persistence evidence for review; heuristic bands are engineering choices, not MPLADS rules or final decisions."
W-000523,COMPLETION,102.63963274674828,102.6,100.0,2.6396327467482763,2.6396327467482763,2.5999999999999943,-0.03963274674828199,2.5999999999999943,35.099999999999994,-9.825000000000003,2,1,0,1,4,25.0,False,False,False,False,"Signed reconciliation and persistence evidence for review; heuristic bands are engineering choices, not MPLADS rules or final decisions."
W-000524,COMPLETION,99.8003992015968,99.8,100.0,-0.19960079840319622,0.19960079840319622,-0.20000000000000284,-0.0003992015968066198,-0.20000000000000284,7.600000000000001,-3.599999999999999,2,0,0,0,7,25.0,False,False,False,False,"Signed reconciliation and persistence evidence for review; heuristic bands are engineering choices, not MPLADS rules or final decisions."
W-000525,COMPLETION,105.04797663746349,105.0,100.0,5.047976637463492,5.047976637463492,5.0,-0.04797663746349201,5.0,5.0,-32.980000000000004,1,0,0,0,5,25.0,False,False,False,False,"Signed reconciliation and persistence evidence for review; heuristic bands are engineering choices, not MPLADS rules or final decisions."
W-000526,COMPLETION,103.2857870606215,103.3,100.0,3.2857870606215016,3.2857870606215016,3.299999999999997,0.014212939378495548,3.299999999999997,57.3,15.812499999999996,6,2,0,2,8,25.0,False,True,False,False,"Signed reconciliation and persistence evidence for review; heuristic bands are engineering choices, not MPLADS rules or final decisions."
W-000527,COMPLETION,93.23770491803279,93.2,100.0,-6.76229508196721,6.76229508196721,-6.799999999999997,-0.037704918032787305,-6.799999999999997,40.6,18.3,3,1,0,1,4,25.0,False,False,False,False,"Signed reconciliation and persistence evidence for review; heuristic bands are engineering choices, not MPLADS rules or final decisions."
W-000528,COMPLETION,100.42918454935622,100.4,100.0,0.4291845493562221,0.4291845493562221,0.4000000000000057,-0.029184549356216394,0.4000000000000057,0.4000000000000057,-30.433333333333334,1,0,0,0,3,25.0,False,False,False,False,"Signed reconciliation and persistence evidence for review; heuristic bands are engineering choices, not MPLADS rules or final decisions."
W-000529,COMPLETION,103.90334572490707,103.9,100.0,3.9033457249070693,3.9033457249070693,3.9000000000000057,-0.003345724907063641,3.9000000000000057,75.2,35.6,6,4,0,4,6,25.0,False,True,False,False,"Signed reconciliation and persistence evidence for review; heuristic bands are engineering choices, not MPLADS rules or final decisions."
W-000530,COMPLETION,105.0547598989048,105.1,100.0,5.0547598989048055,5.0547598989048055,5.099999999999994,0.045240101095188834,5.099999999999994,69.8,25.312499999999996,6,4,0,4,8,25.0,False,True,False,False,"Signed reconciliation and persistence evidence for review; heuristic bands are engineering choices, not MPLADS rules or final decisions."
W-000531,COMPLETION,92.76595744680851,92.8,100.0,-7.234042553191486,7.234042553191486,-7.200000000000003,0.034042553191483194,-7.200000000000003,46.9,17.424999999999997,3,1,0,1,4,25.0,False,False,False,False,"Signed reconciliation and persistence evidence for review; heuristic bands are engineering choices, not MPLADS rules or final decisions."
W-000532,COMPLETION,105.01592356687898,105.0,100.0,5.015923566878982,5.015923566878982,5.0,-0.015923566878981887,5.0,32.5,20.228571428571424,7,3,0,3,7,25.0,False,True,False,False,"Signed reconciliation and persistence evidence for review; heuristic bands are engineering choices, not MPLADS rules or final decisions."
W-000533,COMPLETION,100.70894052776684,100.7,100.0,0.7089405277668419,0.7089405277668419,0.7000000000000028,-0.008940527766839068,0.7000000000000028,48.5,22.78333333333333,6,2,0,2,6,25.0,False,True,False,False,"Signed reconciliation and persistence evidence for review; heuristic bands are engineering choices, not MPLADS rules or final decisions."
W-000534,COMPLETION,91.75176747839748,91.8,100.0,-8.248232521602517,8.248232521602517,-8.200000000000003,0.048232521602514566,-8.200000000000003,46.5,21.32,4,2,0,2,5,25.0,False,True,False,False,"Signed reconciliation and persistence evidence for review; heuristic bands are engineering choices, not MPLADS rules or final decisions."
W-000535,COMPLETION,96.72955974842768,96.7,100.0,-3.2704402515723245,3.2704402515723245,-3.299999999999997,-0.029559748427672616,-3.299999999999997,48.900000000000006,28.114285714285717,6,5,0,5,7,25.0,False,True,False,False,"Signed reconciliation and persistence evidence for review; heuristic bands are engineering choices, not MPLADS rules or final decisions."
W-000536,COMPLETION,127.02901211898642,127.0,100.0,27.029012118986415,27.029012118986415,27.0,-0.029012118986415203,27.0,27.0,-1.7999999999999983,2,1,1,1,7,25.0,True,False,False,False,"Signed reconciliation and persistence evidence for review; heuristic bands are engineering choices, not MPLADS rules or final decisions."
W-000537,EXECUTION,79.36,79.4,86.5,-7.140000000000001,7.140000000000001,-7.099999999999994,0.04000000000000625,-7.099999999999994,47.300000000000004,22.16666666666667,2,2,0,2,3,25.0,False,True,False,False,"Signed reconciliation and persistence evidence for review; heuristic bands are engineering choices, not MPLADS rules or final decisions."
W-000538,COMPLETION,103.76610505450941,103.8,100.0,3.76610505450941,3.76610505450941,3.799999999999997,0.03389494549058725,3.799999999999997,37.39999999999999,2.4666666666666637,2,1,0,1,3,25.0,False,False,False,False,"Signed reconciliation and persistence evidence for review; heuristic bands are engineering choices, not MPLADS rules or final decisions."
W-000539,EXECUTION,70.81911262798634,70.8,69.1,1.7191126279863482,1.7191126279863482,1.7000000000000028,-0.019112627986345387,1.7000000000000028,24.4,7.642857142857143,6,0,0,0,7,25.0,False,False,False,False,"Signed reconciliation and persistence evidence for review; heuristic bands are engineering choices, not MPLADS rules or final decisions."
W-000540,EXECUTION,97.19101123595506,97.2,93.9,3.291011235955054,3.291011235955054,3.299999999999997,0.00898876404494331,3.299999999999997,3.299999999999997,-32.7,1,0,0,0,7,25.0,False,False,False,False,"Signed reconciliation and persistence evidence for review; heuristic bands are engineering choices, not MPLADS rules or final decisions."
W-000541,COMPLETION,101.3922227556409,101.4,100.0,1.3922227556409013,1.3922227556409013,1.4000000000000057,0.007777244359104429,1.4000000000000057,65.2,41.95,6,4,0,4,6,25.0,False,True,False,False,"Signed reconciliation and persistence evidence for review; heuristic bands are engineering choices, not MPLADS rules or final decisions."
W-000542,COMPLETION,88.42471714534378,88.4,100.0,-11.575282854656223,11.575282854656223,-11.599999999999994,-0.024717145343771563,-11.599999999999994,8.199999999999996,1.2333333333333318,2,0,0,0,3,25.0,False,False,False,False,"Signed reconciliation and persistence evidence for review; heuristic bands are engineering choices, not MPLADS rules or final decisions."
W-000543,COMPLETION,94.70945359930616,94.7,100.0,-5.290546400693842,5.290546400693842,-5.299999999999997,-0.009453599306155525,-5.299999999999997,43.2,8.675,2,1,0,1,4,25.0,False,False,False,False,"Signed reconciliation and persistence evidence for review; heuristic bands are engineering choices, not MPLADS rules or final decisions."
W-000544,COMPLETION,92.25268176400476,92.3,100.0,-7.7473182359952375,7.7473182359952375,-7.700000000000003,0.04731823599523466,-7.700000000000003,3.1999999999999993,-13.725000000000001,1,0,0,0,4,25.0,False,False,False,False,"Signed reconciliation and persistence evidence for review; heuristic bands are engineering choices, not MPLADS rules or final decisions."
W-000545,COMPLETION,106.05913717886573,106.1,100.0,6.059137178865726,6.059137178865726,6.099999999999994,0.040862821134268756,6.099999999999994,41.69999999999999,3.733333333333327,2,1,0,1,3,25.0,False,False,False,False,"Signed reconciliation and persistence evidence for review; heuristic bands are engineering choices, not MPLADS rules or final decisions."
W-000546,COMPLETION,95.15810276679842,95.2,100.0,-4.841897233201578,4.841897233201578,-4.799999999999997,0.04189723320158123,-4.799999999999997,36.7,10.120000000000001,4,1,0,1,5,25.0,False,False,False,False,"Signed reconciliation and persistence evidence for review; heuristic bands are engineering choices, not MPLADS rules or final decisions."
W-000547,COMPLETION,105.0103305785124,105.0,100.0,5.010330578512395,5.010330578512395,5.0,-0.01033057851239505,5.0,31.700000000000003,-3.237499999999999,4,1,0,1,8,25.0,False,False,False,False,"Signed reconciliation and persistence evidence for review; heuristic bands are engineering choices, not MPLADS rules or final decisions."
W-000548,COMPLETION,105.90705487122061,105.9,100.0,5.907054871220609,5.907054871220609,5.900000000000006,-0.0070548712206033315,5.900000000000006,36.80000000000001,13.400000000000006,2,1,0,1,3,25.0,False,False,False,False,"Signed reconciliation and persistence evidence for review; heuristic bands are engineering choices, not MPLADS rules or final decisions."
W-000549,COMPLETION,95.32203389830508,95.3,100.0,-4.6779661016949206,4.6779661016949206,-4.700000000000003,-0.02203389830508229,-4.700000000000003,-4.700000000000003,-18.339999999999996,0,0,0,0,5,25.0,False,False,False,False,"Signed reconciliation and persistence evidence for review; heuristic bands are engineering choices, not MPLADS rules or final decisions."
W-000551,COMPLETION,98.9817232375979,99.0,100.0,-1.0182767624020954,1.0182767624020954,-1.0,0.018276762402095414,-1.0,69.9,25.366666666666664,4,3,0,3,6,25.0,False,True,False,False,"Signed reconciliation and persistence evidence for review; heuristic bands are engineering choices, not MPLADS rules or final decisions."
W-000552,COMPLETION,104.5095168374817,104.5,100.0,4.509516837481698,4.509516837481698,4.5,-0.009516837481697848,4.5,62.0,17.97142857142857,5,3,0,3,7,25.0,False,True,False,False,"Signed reconciliation and persistence evidence for review; heuristic bands are engineering choices, not MPLADS rules or final decisions."
W-000553,EXECUTION,77.01949860724234,77.0,83.5,-6.48050139275766,6.48050139275766,-6.5,-0.019498607242340427,-6.5,1.0,-17.7,1,0,0,0,7,25.0,False,False,False,False,"Signed reconciliation and persistence evidence for review; heuristic bands are engineering choices, not MPLADS rules or final decisions."
W-000554,COMPLETION,98.16576086956522,98.2,100.0,-1.8342391304347814,1.8342391304347814,-1.7999999999999972,0.034239130434784215,-1.7999999999999972,72.5,34.775000000000006,3,2,0,2,4,25.0,False,True,False,False,"Signed reconciliation and persistence evidence for review; heuristic bands are engineering choices, not MPLADS rules or final decisions."
W-000555,COMPLETION,99.89690721649484,99.9,100.0,-0.10309278350516138,0.10309278350516138,-0.09999999999999432,0.0030927835051670627,-0.09999999999999432,83.0,39.3375,7,6,0,6,8,25.0,False,True,False,False,"Signed reconciliation and persistence evidence for review; heuristic bands are engineering choices, not MPLADS rules or final decisions."
W-000556,COMPLETION,91.83480453972257,91.8,100.0,-8.165195460277431,8.165195460277431,-8.200000000000003,-0.0348045397225718,-8.200000000000003,46.300000000000004,24.259999999999998,4,3,0,3,5,25.0,False,True,False,False,"Signed reconciliation and persistence evidence for review; heuristic bands are engineering choices, not MPLADS rules or final decisions."
W-000557,COMPLETION,100.0,100.0,100.0,0.0,0.0,0.0,0.0,0.0,0.0,-17.300000000000004,0,0,0,0,4,25.0,False,False,False,False,"Signed reconciliation and persistence evidence for review; heuristic bands are engineering choices, not MPLADS rules or final decisions."
W-000558,COMPLETION,105.03235082674335,105.0,100.0,5.032350826743354,5.032350826743354,5.0,-0.03235082674335388,5.0,43.5,0.9428571428571421,4,2,0,2,7,25.0,False,True,False,False,"Signed reconciliation and persistence evidence for review; heuristic bands are engineering choices, not MPLADS rules or final decisions."
W-000559,COMPLETION,93.00361881785284,93.0,100.0,-6.996381182147161,6.996381182147161,-7.0,-0.003618817852839129,-7.0,70.3,29.75,3,2,0,2,4,25.0,False,True,False,False,"Signed reconciliation and persistence evidence for review; heuristic bands are engineering choices, not MPLADS rules or final decisions."
W-000560,COMPLETION,96.70908293111013,96.7,100.0,-3.2909170688898683,3.2909170688898683,-3.299999999999997,-0.009082931110128811,-3.299999999999997,33.1,16.125,7,2,0,1,8,25.0,False,False,False,False,"Signed reconciliation and persistence evidence for review; heuristic bands are engineering choices, not MPLADS rules or final decisions."
W-000561,EXECUTION,63.623046875,63.6,69.8,-6.176953124999997,6.176953124999997,-6.199999999999996,-0.02304687499999858,-6.199999999999996,4.800000000000004,-17.04,1,0,0,0,5,25.0,False,False,False,False,"Signed reconciliation and persistence evidence for review; heuristic bands are engineering choices, not MPLADS rules or final decisions."
W-000562,COMPLETION,100.16233766233766,100.2,100.0,0.1623376623376629,0.1623376623376629,0.20000000000000284,0.03766233766233995,0.20000000000000284,60.0,29.7,5,2,0,2,5,25.0,False,True,False,False,"Signed reconciliation and persistence evidence for review; heuristic bands are engineering choices, not MPLADS rules or final decisions."
W-000563,EXECUTION,80.92643051771117,80.9,85.4,-4.473569482288838,4.473569482288838,-4.5,-0.026430517711162338,-4.5,24.500000000000007,13.66666666666667,2,0,0,0,3,25.0,False,False,False,False,"Signed reconciliation and persistence evidence for review; heuristic bands are engineering choices, not MPLADS rules or final decisions."
W-000564,COMPLETION,105.69787985865725,105.7,100.0,5.697879858657245,5.697879858657245,5.700000000000003,0.00212014134275762,5.700000000000003,57.800000000000004,29.349999999999998,4,3,0,3,4,25.0,False,True,False,False,"Signed reconciliation and persistence evidence for review; heuristic bands are engineering choices, not MPLADS rules or final decisions."
W-000565,COMPLETION,105.02838605028386,105.0,100.0,5.028386050283856,5.028386050283856,5.0,-0.028386050283856434,5.0,36.0,17.300000000000004,4,2,0,1,4,25.0,False,False,False,False,"Signed reconciliation and persistence evidence for review; heuristic bands are engineering choices, not MPLADS rules or final decisions."
W-000566,COMPLETION,98.79776728209532,98.8,100.0,-1.2022327179046783,1.2022327179046783,-1.2000000000000028,0.0022327179046754964,-1.2000000000000028,13.0,-28.042857142857144,1,0,0,0,7,25.0,False,False,False,False,"Signed reconciliation and persistence evidence for review; heuristic bands are engineering choices, not MPLADS rules or final decisions."
W-000567,COMPLETION,105.28667163067759,105.3,100.0,5.2866716306775885,5.2866716306775885,5.299999999999997,0.013328369322408662,5.299999999999997,66.3,32.8375,8,5,0,5,8,25.0,False,True,False,False,"Signed reconciliation and persistence evidence for review; heuristic bands are engineering choices, not MPLADS rules or final decisions."
W-000568,EXECUTION,6.21565934065934,6.2,11.4,-5.18434065934066,5.18434065934066,-5.2,-0.01565934065934016,-5.2,0.0,-5.125,0,0,0,0,8,25.0,False,False,False,False,"Signed reconciliation and persistence evidence for review; heuristic bands are engineering choices, not MPLADS rules or final decisions."
W-000569,COMPLETION,103.86836027713626,103.9,100.0,3.8683602771362615,3.8683602771362615,3.9000000000000057,0.03163972286374417,3.9000000000000057,18.900000000000006,4.537500000000003,6,0,0,0,8,25.0,False,False,False,False,"Signed reconciliation and persistence evidence for review; heuristic bands are engineering choices, not MPLADS rules or final decisions."
W-000570,COMPLETION,96.98795180722891,97.0,100.0,-3.01204819277109,3.01204819277109,-3.0,0.012048192771089816,-3.0,-3.0,-36.175,0,0,0,0,4,25.0,False,False,False,False,"Signed reconciliation and persistence evidence for review; heuristic bands are engineering choices, not MPLADS rules or final decisions."
W-000571,EXECUTION,77.41194486983154,77.4,83.9,-6.488055130168462,6.488055130168462,-6.5,-0.011944869831538085,-6.5,15.200000000000003,-17.062499999999996,2,0,0,0,8,25.0,False,False,False,False,"Signed reconciliation and persistence evidence for review; heuristic bands are engineering choices, not MPLADS rules or final decisions."
W-000572,COMPLETION,94.45184198845983,94.5,100.0,-5.548158011540167,5.548158011540167,-5.5,0.04815801154016697,-5.5,30.9,2.5000000000000004,2,1,0,1,6,25.0,False,False,False,False,"Signed reconciliation and persistence evidence for review; heuristic bands are engineering choices, not MPLADS rules or final decisions."
W-000573,COMPLETION,105.00268961807423,105.0,100.0,5.002689618074228,5.002689618074228,5.0,-0.002689618074228406,5.0,52.9,32.1,4,3,0,3,4,25.0,False,True,False,False,"Signed reconciliation and persistence evidence for review; heuristic bands are engineering choices, not MPLADS rules or final decisions."
W-000574,COMPLETION,103.08898109727986,103.1,100.0,3.0889810972798557,3.0889810972798557,3.0999999999999943,0.011018902720138612,3.0999999999999943,11.900000000000006,5.533333333333334,3,0,0,0,3,25.0,False,False,False,False,"Signed reconciliation and persistence evidence for review; heuristic bands are engineering choices, not MPLADS rules or final decisions."
W-000575,COMPLETION,102.67857142857143,102.7,100.0,2.6785714285714306,2.6785714285714306,2.700000000000003,0.02142857142857224,2.700000000000003,30.5,-0.36249999999999893,4,1,0,1,8,25.0,False,False,False,False,"Signed reconciliation and persistence evidence for review; heuristic bands are engineering choices, not MPLADS rules or final decisions."
W-000577,COMPLETION,101.82412197114076,101.8,100.0,1.8241219711407552,1.8241219711407552,1.7999999999999972,-0.02412197114075809,1.7999999999999972,6.300000000000004,-11.187499999999996,2,0,0,0,8,25.0,False,False,False,False,"Signed reconciliation and persistence evidence for review; heuristic bands are engineering choices, not MPLADS rules or final decisions."
W-000578,COMPLETION,104.51527224435591,104.5,100.0,4.515272244355913,4.515272244355913,4.5,-0.01527224435591279,4.5,45.7,-0.29999999999999716,4,2,0,2,7,25.0,False,True,False,False,"Signed reconciliation and persistence evidence for review; heuristic bands are engineering choices, not MPLADS rules or final decisions."
W-000579,COMPLETION,99.71284996410624,99.7,100.0,-0.28715003589375954,0.28715003589375954,-0.29999999999999716,-0.012849964106237621,-0.29999999999999716,63.300000000000004,19.220000000000002,3,2,0,2,5,25.0,False,True,False,False,"Signed reconciliation and persistence evidence for review; heuristic bands are engineering choices, not MPLADS rules or final decisions."
W-000581,EXECUTION,46.08788853161843,46.1,46.9,-0.8121114683815662,0.8121114683815662,-0.7999999999999972,0.012111468381569068,-0.7999999999999972,12.899999999999999,-7.200000000000001,1,0,0,0,4,25.0,False,False,False,False,"Signed reconciliation and persistence evidence for review; heuristic bands are engineering choices, not MPLADS rules or final decisions."
W-000582,COMPLETION,107.4472026676547,107.4,100.0,7.447202667654693,7.447202667654693,7.400000000000006,-0.0472026676546875,7.400000000000006,64.7,42.175000000000004,8,6,0,6,8,25.0,False,True,False,False,"Signed reconciliation and persistence evidence for review; heuristic bands are engineering choices, not MPLADS rules or final decisions."
W-000583,COMPLETION,103.99293286219081,104.0,100.0,3.9929328621908127,3.9929328621908127,4.0,0.007067137809187329,4.0,56.4,32.325,4,3,0,3,4,25.0,False,True,False,False,"Signed reconciliation and persistence evidence for review; heuristic bands are engineering choices, not MPLADS rules or final decisions."
W-000584,COMPLETION,106.02589641434263,106.0,100.0,6.0258964143426255,6.0258964143426255,6.0,-0.025896414342625462,6.0,29.900000000000006,-6.016666666666666,2,1,0,1,6,25.0,False,False,False,False,"Signed reconciliation and persistence evidence for review; heuristic bands are engineering choices, not MPLADS rules or final decisions."
W-000585,EXECUTION,45.09929532351057,45.1,43.7,1.3992953235105645,1.3992953235105645,1.3999999999999986,0.000704676489434064,1.3999999999999986,29.900000000000002,1.9428571428571435,4,1,0,1,7,25.0,False,False,False,False,"Signed reconciliation and persistence evidence for review; heuristic bands are engineering choices, not MPLADS rules or final decisions."
W-000586,COMPLETION,107.336860670194,107.3,100.0,7.336860670194,7.336860670194,7.299999999999997,-0.03686067019400241,7.299999999999997,8.5,-15.450000000000001,2,0,0,0,6,25.0,False,False,False,False,"Signed reconciliation and persistence evidence for review; heuristic bands are engineering choices, not MPLADS rules or final decisions."
W-000587,COMPLETION,98.05796235434718,98.1,100.0,-1.9420376456528174,1.9420376456528174,-1.9000000000000057,0.04203764565281176,-1.9000000000000057,60.8,29.36666666666666,2,2,0,2,3,25.0,False,True,False,False,"Signed reconciliation and persistence evidence for review; heuristic bands are engineering choices, not MPLADS rules or final decisions."
W-000588,EXECUTION,84.91208167895633,84.9,90.9,-5.987918321043679,5.987918321043679,-6.0,-0.01208167895632073,-6.0,56.900000000000006,24.34285714285715,6,3,0,3,7,25.0,False,True,False,False,"Signed reconciliation and persistence evidence for review; heuristic bands are engineering choices, not MPLADS rules or final decisions."
W-000590,COMPLETION,102.73972602739725,102.7,100.0,2.7397260273972535,2.7397260273972535,2.700000000000003,-0.03972602739725062,2.700000000000003,43.6,10.140000000000004,3,1,0,1,5,25.0,False,False,False,False,"Signed reconciliation and persistence evidence for review; heuristic bands are engineering choices, not MPLADS rules or final decisions."
W-000591,COMPLETION,94.68520032706459,94.7,100.0,-5.314799672935408,5.314799672935408,-5.299999999999997,0.014799672935410513,-5.299999999999997,9.800000000000004,1.8000000000000043,2,0,0,0,3,25.0,False,False,False,False,"Signed reconciliation and persistence evidence for review; heuristic bands are engineering choices, not MPLADS rules or final decisions."
W-000592,COMPLETION,104.40677966101696,104.4,100.0,4.406779661016955,4.406779661016955,4.400000000000006,-0.00677966101694949,4.400000000000006,51.400000000000006,27.566666666666666,6,3,0,3,6,25.0,False,True,False,False,"Signed reconciliation and persistence evidence for review; heuristic bands are engineering choices, not MPLADS rules or final decisions."
W-000593,COMPLETION,105.02680965147454,105.0,100.0,5.026809651474537,5.026809651474537,5.0,-0.026809651474536622,5.0,63.0,26.52857142857143,6,4,0,4,7,25.0,False,True,False,False,"Signed reconciliation and persistence evidence for review; heuristic bands are engineering choices, not MPLADS rules or final decisions."
W-000594,EXECUTION,77.76914108045084,77.8,91.4,-13.63085891954917,13.63085891954917,-13.600000000000009,0.030858919549160646,-13.600000000000009,22.4,3.5166666666666644,3,0,0,0,6,25.0,False,False,False,False,"Signed reconciliation and persistence evidence for review; heuristic bands are engineering choices, not MPLADS rules or final decisions."
W-000595,COMPLETION,100.5426739023187,100.5,100.0,0.5426739023186968,0.5426739023186968,0.5,-0.04267390231869683,0.5,24.299999999999997,1.7749999999999995,3,0,0,0,4,25.0,False,False,False,False,"Signed reconciliation and persistence evidence for review; heuristic bands are engineering choices, not MPLADS rules or final decisions."
W-000596,EXECUTION,53.39080459770115,53.4,56.5,-3.1091954022988517,3.1091954022988517,-3.1000000000000014,0.009195402298850297,-3.1000000000000014,26.599999999999998,6.171428571428571,4,1,0,1,7,25.0,False,False,False,False,"Signed reconciliation and persistence evidence for review; heuristic bands are engineering choices, not MPLADS rules or final decisions."
W-000597,COMPLETION,103.19909672563041,103.2,100.0,3.1990967256304117,3.1990967256304117,3.200000000000003,0.0009032743695911449,3.200000000000003,49.5,15.883333333333335,4,2,0,2,6,25.0,False,True,False,False,"Signed reconciliation and persistence evidence for review; heuristic bands are engineering choices, not MPLADS rules or final decisions."
W-000599,COMPLETION,100.97884433217556,101.0,100.0,0.9788443321755551,0.9788443321755551,1.0,0.02115566782444489,1.0,71.4,37.36666666666667,3,2,0,2,3,25.0,False,True,False,False,"Signed reconciliation and persistence evidence for review; heuristic bands are engineering choices, not MPLADS rules or final decisions."
W-000600,COMPLETION,93.39991315675206,93.4,100.0,-6.6000868432479365,6.6000868432479365,-6.599999999999994,8.684324794216991e-05,-6.599999999999994,50.2,10.92857142857143,4,3,0,3,7,25.0,False,True,False,False,"Signed reconciliation and persistence evidence for review; heuristic bands are engineering choices, not MPLADS rules or final decisions."
W-000601,COMPLETION,94.46772841575859,94.5,100.0,-5.532271584241414,5.532271584241414,-5.5,0.032271584241414075,-5.5,60.2,34.885714285714286,6,4,0,4,7,25.0,False,True,False,False,"Signed reconciliation and persistence evidence for review; heuristic bands are engineering choices, not MPLADS rules or final decisions."
W-000602,COMPLETION,101.18243243243244,101.2,100.0,1.1824324324324351,1.1824324324324351,1.2000000000000028,0.01756756756756772,1.2000000000000028,55.89999999999999,30.149999999999995,6,3,0,3,6,25.0,False,True,False,False,"Signed reconciliation and persistence evidence for review; heuristic bands are engineering choices, not MPLADS rules or final decisions."
W-000603,COMPLETION,103.23741007194245,103.2,100.0,3.237410071942449,3.237410071942449,3.200000000000003,-0.037410071942446166,3.200000000000003,35.7,17.842857142857145,7,2,0,1,7,25.0,False,False,False,False,"Signed reconciliation and persistence evidence for review; heuristic bands are engineering choices, not MPLADS rules or final decisions."
W-000604,COMPLETION,101.02991662579696,101.0,100.0,1.0299166257969574,1.0299166257969574,1.0,-0.02991662579695742,1.0,33.6,18.875,4,1,0,1,4,25.0,False,False,False,False,"Signed reconciliation and persistence evidence for review; heuristic bands are engineering choices, not MPLADS rules or final decisions."
W-000605,EXECUTION,0.0,0.0,1.1,-1.1,1.1,-1.1,0.0,-1.1,-1.1,-1.1,0,0,0,0,1,25.0,False,False,False,True,"Signed reconciliation and persistence evidence for review; heuristic bands are engineering choices, not MPLADS rules or final decisions."
W-000606,EXECUTION,41.12149532710281,41.1,44.5,-3.3785046728971935,3.3785046728971935,-3.3999999999999986,-0.021495327102805106,-3.3999999999999986,10.100000000000001,3.1,3,0,0,0,4,25.0,False,False,False,False,"Signed reconciliation and persistence evidence for review; heuristic bands are engineering choices, not MPLADS rules or final decisions."
W-000607,COMPLETION,100.60024009603842,100.6,100.0,0.6002400960384193,0.6002400960384193,0.5999999999999943,-0.00024009603842500837,0.5999999999999943,49.99999999999999,11.974999999999998,3,2,0,2,4,25.0,False,True,False,False,"Signed reconciliation and persistence evidence for review; heuristic bands are engineering choices, not MPLADS rules or final decisions."
W-000608,EXECUTION,81.29175946547885,81.3,93.5,-12.208240534521153,12.208240534521153,-12.200000000000003,0.008240534521149812,-12.200000000000003,0.20000000000000284,-28.28333333333333,1,0,0,0,6,25.0,False,False,False,False,"Signed reconciliation and persistence evidence for review; heuristic bands are engineering choices, not MPLADS rules or final decisions."
W-000609,COMPLETION,94.76661951909476,94.8,100.0,-5.2333804809052396,5.2333804809052396,-5.200000000000003,0.03338048090523671,-5.200000000000003,4.0,-9.183333333333334,1,0,0,0,6,25.0,False,False,False,False,"Signed reconciliation and persistence evidence for review; heuristic bands are engineering choices, not MPLADS rules or final decisions."
W-000610,COMPLETION,104.90514905149051,104.9,100.0,4.905149051490511,4.905149051490511,4.900000000000006,-0.005149051490505485,4.900000000000006,44.60000000000001,30.33333333333334,3,2,0,2,3,25.0,False,True,False,False,"Signed reconciliation and persistence evidence for review; heuristic bands are engineering choices, not MPLADS rules or final decisions."
W-000612,COMPLETION,94.91844416562108,94.9,100.0,-5.081555834378918,5.081555834378918,-5.099999999999994,-0.018444165621076536,-5.099999999999994,16.10000000000001,-13.459999999999997,1,0,0,0,5,25.0,False,False,False,False,"Signed reconciliation and persistence evidence for review; heuristic bands are engineering choices, not MPLADS rules or final decisions."
W-000613,COMPLETION,94.4692239072257,94.5,100.0,-5.530776092774303,5.530776092774303,-5.5,0.030776092774303265,-5.5,-2.1999999999999993,-6.999999999999999,0,0,0,0,6,25.0,False,False,False,False,"Signed reconciliation and persistence evidence for review; heuristic bands are engineering choices, not MPLADS rules or final decisions."
W-000614,COMPLETION,91.87793427230046,91.9,100.0,-8.122065727699535,8.122065727699535,-8.099999999999994,0.02206572769954107,-8.099999999999994,8.5,-8.83333333333333,2,0,0,0,6,25.0,False,False,False,False,"Signed reconciliation and persistence evidence for review; heuristic bands are engineering choices, not MPLADS rules or final decisions."
W-000615,EXECUTION,92.41622574955909,92.4,89.0,3.4162257495590893,3.4162257495590893,3.4000000000000057,-0.016225749559083624,3.4000000000000057,56.900000000000006,35.800000000000004,7,5,0,5,7,25.0,False,True,False,False,"Signed reconciliation and persistence evidence for review; heuristic bands are engineering choices, not MPLADS rules or final decisions."
W-000618,EXECUTION,150.92156022288898,150.9,66.3,84.62156022288899,84.62156022288899,84.60000000000001,-0.021560222888979297,84.60000000000001,84.60000000000001,35.28333333333333,5,3,3,3,6,25.0,True,True,False,False,"Signed reconciliation and persistence evidence for review; heuristic bands are engineering choices, not MPLADS rules or final decisions."
W-000619,COMPLETION,97.25400457665904,97.3,100.0,-2.7459954233409576,2.7459954233409576,-2.700000000000003,0.045995423340954744,-2.700000000000003,60.5,19.562499999999996,5,3,0,3,8,25.0,False,True,False,False,"Signed reconciliation and persistence evidence for review; heuristic bands are engineering choices, not MPLADS rules or final decisions."
W-000620,COMPLETION,91.48170365926815,91.5,100.0,-8.518296340731851,8.518296340731851,-8.5,0.018296340731851046,-8.5,36.9,1.4166666666666679,3,1,0,1,6,25.0,False,False,False,False,"Signed reconciliation and persistence evidence for review; heuristic bands are engineering choices, not MPLADS rules or final decisions."
W-000621,EXECUTION,73.38199513381996,73.4,70.6,2.7819951338199616,2.7819951338199616,2.8000000000000114,0.018004866180049817,2.8000000000000114,17.300000000000004,-9.766666666666662,2,0,0,0,6,25.0,False,False,False,False,"Signed reconciliation and persistence evidence for review; heuristic bands are engineering choices, not MPLADS rules or final decisions."
W-000623,COMPLETION,108.03474484256243,108.0,100.0,8.034744842562432,8.034744842562432,8.0,-0.034744842562432154,8.0,54.599999999999994,29.824999999999996,4,3,0,3,4,25.0,False,True,False,False,"Signed reconciliation and persistence evidence for review; heuristic bands are engineering choices, not MPLADS rules or final decisions."
W-000624,COMPLETION,97.77777777777777,97.8,100.0,-2.2222222222222285,2.2222222222222285,-2.200000000000003,0.022222222222225696,-2.200000000000003,49.699999999999996,26.249999999999996,3,3,0,3,4,25.0,False,True,False,False,"Signed reconciliation and persistence evidence for review; heuristic bands are engineering choices, not MPLADS rules or final decisions."
W-000625,EXECUTION,53.28,53.3,60.1,-6.82,6.82,-6.800000000000004,0.01999999999999602,-6.800000000000004,46.5,17.03333333333333,5,2,0,2,6,25.0,False,True,False,False,"Signed reconciliation and persistence evidence for review; heuristic bands are engineering choices, not MPLADS rules or final decisions."
W-000626,EXECUTION,77.02702702702703,77.0,72.6,4.427027027027037,4.427027027027037,4.400000000000006,-0.027027027027031636,4.400000000000006,30.299999999999997,3.675,2,1,0,1,4,25.0,False,False,False,False,"Signed reconciliation and persistence evidence for review; heuristic bands are engineering choices, not MPLADS rules or final decisions."
W-000627,COMPLETION,100.35714285714286,100.4,100.0,0.3571428571428612,0.3571428571428612,0.4000000000000057,0.04285714285714448,0.4000000000000057,52.900000000000006,6.9666666666666694,4,2,0,2,6,25.0,False,True,False,False,"Signed reconciliation and persistence evidence for review; heuristic bands are engineering choices, not MPLADS rules or final decisions."
W-000628,COMPLETION,94.82576557550158,94.8,100.0,-5.174234424498422,5.174234424498422,-5.200000000000003,-0.02576557550158043,-5.200000000000003,59.199999999999996,18.762499999999996,6,3,0,3,8,25.0,False,True,False,False,"Signed reconciliation and persistence evidence for review; heuristic bands are engineering choices, not MPLADS rules or final decisions."
W-000629,COMPLETION,105.80046403712296,105.8,100.0,5.800464037122964,5.800464037122964,5.799999999999997,-0.00046403712296694266,5.799999999999997,64.8,26.52857142857143,6,4,0,4,7,25.0,False,True,False,False,"Signed reconciliation and persistence evidence for review; heuristic bands are engineering choices, not MPLADS rules or final decisions."
W-000630,EXECUTION,80.32200357781753,80.3,93.5,-13.177996422182474,13.177996422182474,-13.200000000000003,-0.022003577817528708,-13.200000000000003,60.099999999999994,21.66666666666666,2,1,0,1,3,25.0,False,False,False,False,"Signed reconciliation and persistence evidence for review; heuristic bands are engineering choices, not MPLADS rules or final decisions."
W-000631,COMPLETION,96.8520461699895,96.9,100.0,-3.1479538300104934,3.1479538300104934,-3.0999999999999943,0.04795383001049913,-3.0999999999999943,73.4,36.85,3,3,0,3,4,25.0,False,True,False,False,"Signed reconciliation and persistence evidence for review; heuristic bands are engineering choices, not MPLADS rules or final decisions."
W-000632,COMPLETION,102.23776223776224,102.2,100.0,2.23776223776224,2.23776223776224,2.200000000000003,-0.037762237762237305,2.200000000000003,15.799999999999997,-12.625,3,0,0,0,8,25.0,False,False,False,False,"Signed reconciliation and persistence evidence for review; heuristic bands are engineering choices, not MPLADS rules or final decisions."
W-000633,COMPLETION,99.71631205673759,99.7,100.0,-0.2836879432624073,0.2836879432624073,-0.29999999999999716,-0.016312056737589842,-0.29999999999999716,31.299999999999997,0.8000000000000002,3,1,0,1,7,25.0,False,False,False,False,"Signed reconciliation and persistence evidence for review; heuristic bands are engineering choices, not MPLADS rules or final decisions."
W-000634,COMPLETION,105.00758725341426,105.0,100.0,5.007587253414258,5.007587253414258,5.0,-0.007587253414257589,5.0,81.4,43.760000000000005,5,3,0,3,5,25.0,False,True,False,False,"Signed reconciliation and persistence evidence for review; heuristic bands are engineering choices, not MPLADS rules or final decisions."
W-000635,COMPLETION,98.09768637532133,98.1,100.0,-1.9023136246786692,1.9023136246786692,-1.9000000000000057,0.002313624678663473,-1.9000000000000057,60.199999999999996,24.139999999999993,3,3,0,3,5,25.0,False,True,False,False,"Signed reconciliation and persistence evidence for review; heuristic bands are engineering choices, not MPLADS rules or final decisions."
W-000636,EXECUTION,83.15033783783784,83.2,88.1,-4.949662162162156,4.949662162162156,-4.8999999999999915,0.049662162162164236,-4.8999999999999915,51.7,10.285714285714288,4,2,0,2,7,25.0,False,True,False,False,"Signed reconciliation and persistence evidence for review; heuristic bands are engineering choices, not MPLADS rules or final decisions."
W-000638,COMPLETION,102.8969957081545,102.9,100.0,2.896995708154506,2.896995708154506,2.9000000000000057,0.0030042918454995515,2.9000000000000057,45.00000000000001,21.671428571428574,7,3,0,3,7,25.0,False,True,False,False,"Signed reconciliation and persistence evidence for review; heuristic bands are engineering choices, not MPLADS rules or final decisions."
W-000640,COMPLETION,101.35640785781104,101.4,100.0,1.3564078578110355,1.3564078578110355,1.4000000000000057,0.04359214218897023,1.4000000000000057,1.4000000000000057,-31.266666666666662,1,0,0,0,3,25.0,False,False,False,False,"Signed reconciliation and persistence evidence for review; heuristic bands are engineering choices, not MPLADS rules or final decisions."
W-000641,COMPLETION,101.2471283229406,101.2,100.0,1.247128322940597,1.247128322940597,1.2000000000000028,-0.0471283229405941,1.2000000000000028,45.6,10.98,4,1,0,1,5,25.0,False,False,False,False,"Signed reconciliation and persistence evidence for review; heuristic bands are engineering choices, not MPLADS rules or final decisions."
W-000642,EXECUTION,58.62068965517241,58.6,66.4,-7.779310344827593,7.779310344827593,-7.800000000000004,-0.020689655172411392,-7.800000000000004,1.799999999999999,-4.614285714285715,2,0,0,0,7,25.0,False,False,False,False,"Signed reconciliation and persistence evidence for review; heuristic bands are engineering choices, not MPLADS rules or final decisions."
W-000643,COMPLETION,98.42625899280576,98.4,100.0,-1.5737410071942435,1.5737410071942435,-1.5999999999999943,-0.026258992805750836,-1.5999999999999943,57.7,30.433333333333337,2,2,0,2,3,25.0,False,True,False,False,"Signed reconciliation and persistence evidence for review; heuristic bands are engineering choices, not MPLADS rules or final decisions."
W-000644,COMPLETION,106.01480567550894,106.0,100.0,6.0148056755089385,6.0148056755089385,6.0,-0.01480567550893852,6.0,66.3,24.574999999999996,6,4,0,4,8,25.0,False,True,False,False,"Signed reconciliation and persistence evidence for review; heuristic bands are engineering choices, not MPLADS rules or final decisions."
W-000645,COMPLETION,104.99743721168632,105.0,100.0,4.997437211686318,4.997437211686318,5.0,0.002562788313682063,5.0,82.8,42.925,4,3,0,3,4,25.0,False,True,False,False,"Signed reconciliation and persistence evidence for review; heuristic bands are engineering choices, not MPLADS rules or final decisions."
W-000646,COMPLETION,95.04353650368385,95.0,100.0,-4.956463496316147,4.956463496316147,-5.0,-0.04353650368385331,-5.0,53.6,26.32,4,3,0,3,5,25.0,False,True,False,False,"Signed reconciliation and persistence evidence for review; heuristic bands are engineering choices, not MPLADS rules or final decisions."
W-000647,COMPLETION,104.9645390070922,105.0,100.0,4.964539007092199,4.964539007092199,5.0,0.035460992907800915,5.0,65.6,16.24285714285714,5,3,0,3,7,25.0,False,True,False,False,"Signed reconciliation and persistence evidence for review; heuristic bands are engineering choices, not MPLADS rules or final decisions."
W-000648,COMPLETION,97.59450171821305,97.6,100.0,-2.4054982817869472,2.4054982817869472,-2.4000000000000057,0.005498281786941561,-2.4000000000000057,53.4,28.662499999999994,7,5,0,5,8,25.0,False,True,False,False,"Signed reconciliation and persistence evidence for review; heuristic bands are engineering choices, not MPLADS rules or final decisions."
W-000649,COMPLETION,97.63651181744092,97.6,100.0,-2.363488182559081,2.363488182559081,-2.4000000000000057,-0.03651181744092469,-2.4000000000000057,16.099999999999994,-1.2500000000000036,2,0,0,0,6,25.0,False,False,False,False,"Signed reconciliation and persistence evidence for review; heuristic bands are engineering choices, not MPLADS rules or final decisions."
W-000650,COMPLETION,96.83638161146811,96.8,100.0,-3.163618388531887,3.163618388531887,-3.200000000000003,-0.03638161146811569,-3.200000000000003,67.3,26.7,5,3,0,3,6,25.0,False,True,False,False,"Signed reconciliation and persistence evidence for review; heuristic bands are engineering choices, not MPLADS rules or final decisions."
W-000651,COMPLETION,100.28901734104046,100.3,100.0,0.28901734104046284,0.28901734104046284,0.29999999999999716,0.01098265895953432,0.29999999999999716,57.0,27.128571428571426,7,3,0,3,7,25.0,False,True,False,False,"Signed reconciliation and persistence evidence for review; heuristic bands are engineering choices, not MPLADS rules or final decisions."
W-000652,EXECUTION,32.49258160237389,32.5,36.3,-3.8074183976261082,3.8074183976261082,-3.799999999999997,0.007418397626111073,-3.799999999999997,23.1,6.975000000000001,2,0,0,0,4,25.0,False,False,False,False,"Signed reconciliation and persistence evidence for review; heuristic bands are engineering choices, not MPLADS rules or final decisions."
W-000654,COMPLETION,105.80507179957226,105.8,100.0,5.805071799572261,5.805071799572261,5.799999999999997,-0.005071799572263558,5.799999999999997,54.4,31.95,4,3,0,3,4,25.0,False,True,False,False,"Signed reconciliation and persistence evidence for review; heuristic bands are engineering choices, not MPLADS rules or final decisions."
W-000655,COMPLETION,98.92086330935251,98.9,100.0,-1.0791366906474877,1.0791366906474877,-1.0999999999999943,-0.020863309352506576,-1.0999999999999943,44.300000000000004,2.6800000000000024,2,1,0,1,5,25.0,False,False,False,False,"Signed reconciliation and persistence evidence for review; heuristic bands are engineering choices, not MPLADS rules or final decisions."
W-000656,COMPLETION,98.74892148403796,98.7,100.0,-1.2510785159620355,1.2510785159620355,-1.2999999999999972,-0.048921484037961704,-1.2999999999999972,61.0,23.700000000000003,7,3,0,3,8,25.0,False,True,False,False,"Signed reconciliation and persistence evidence for review; heuristic bands are engineering choices, not MPLADS rules or final decisions."
W-000658,EXECUTION,48.65120681495504,48.7,45.3,3.3512068149550416,3.3512068149550416,3.4000000000000057,0.048793185044964105,3.4000000000000057,3.4000000000000057,-7.550000000000001,1,0,0,0,4,25.0,False,False,False,False,"Signed reconciliation and persistence evidence for review; heuristic bands are engineering choices, not MPLADS rules or final decisions."
W-000659,COMPLETION,104.35540069686411,104.4,100.0,4.355400696864109,4.355400696864109,4.400000000000006,0.04459930313589666,4.400000000000006,73.9,39.53333333333334,3,2,0,2,3,25.0,False,True,False,False,"Signed reconciliation and persistence evidence for review; heuristic bands are engineering choices, not MPLADS rules or final decisions."
W-000660,EXECUTION,91.72131147540983,91.7,85.0,6.721311475409834,6.721311475409834,6.700000000000003,-0.02131147540983136,6.700000000000003,30.800000000000004,-7.424999999999999,2,1,0,1,4,25.0,False,False,False,False,"Signed reconciliation and persistence evidence for review; heuristic bands are engineering choices, not MPLADS rules or final decisions."
W-000661,COMPLETION,101.25461254612546,101.3,100.0,1.2546125461254576,1.2546125461254576,1.2999999999999972,0.045387453874539574,1.2999999999999972,64.6,37.6,5,3,0,3,5,25.0,False,True,False,False,"Signed reconciliation and persistence evidence for review; heuristic bands are engineering choices, not MPLADS rules or final decisions."
W-000662,COMPLETION,89.25049309664695,89.3,100.0,-10.749506903353051,10.749506903353051,-10.700000000000003,0.049506903353048415,-10.700000000000003,50.199999999999996,26.583333333333332,5,3,0,3,6,25.0,False,True,False,False,"Signed reconciliation and persistence evidence for review; heuristic bands are engineering choices, not MPLADS rules or final decisions."
W-000663,EXECUTION,31.227436823104693,31.2,35.8,-4.572563176895304,4.572563176895304,-4.599999999999998,-0.02743682310469353,-4.599999999999998,5.599999999999998,-3.9,1,0,0,0,3,25.0,False,False,False,False,"Signed reconciliation and persistence evidence for review; heuristic bands are engineering choices, not MPLADS rules or final decisions."
W-000665,COMPLETION,107.63293310463122,107.6,100.0,7.6329331046312205,7.6329331046312205,7.599999999999994,-0.03293310463122623,7.599999999999994,69.0,36.28333333333333,6,4,0,4,6,25.0,False,True,False,False,"Signed reconciliation and persistence evidence for review; heuristic bands are engineering choices, not MPLADS rules or final decisions."
W-000666,EXECUTION,52.72082018927445,52.7,54.5,-1.7791798107255516,1.7791798107255516,-1.7999999999999972,-0.02082018927444551,-1.7999999999999972,17.1,6.300000000000002,2,0,0,0,4,25.0,False,False,False,False,"Signed reconciliation and persistence evidence for review; heuristic bands are engineering choices, not MPLADS rules or final decisions."
W-000667,COMPLETION,95.16129032258064,95.2,100.0,-4.838709677419359,4.838709677419359,-4.799999999999997,0.038709677419362265,-4.799999999999997,60.300000000000004,26.766666666666666,2,1,0,1,3,25.0,False,False,False,False,"Signed reconciliation and persistence evidence for review; heuristic bands are engineering choices, not MPLADS rules or final decisions."
W-000668,COMPLETION,98.6960065199674,98.7,100.0,-1.3039934800326023,1.3039934800326023,-1.2999999999999972,0.0039934800326051345,-1.2999999999999972,58.800000000000004,27.279999999999994,4,2,0,2,5,25.0,False,True,False,False,"Signed reconciliation and persistence evidence for review; heuristic bands are engineering choices, not MPLADS rules or final decisions."
W-000669,EXECUTION,72.3993288590604,72.4,80.5,-8.100671140939596,8.100671140939596,-8.099999999999994,0.0006711409396018553,-8.099999999999994,-8.099999999999994,-32.925,0,0,0,0,4,25.0,False,False,False,False,"Signed reconciliation and persistence evidence for review; heuristic bands are engineering choices, not MPLADS rules or final decisions."
W-000670,COMPLETION,104.99571795603768,105.0,100.0,4.99571795603768,4.99571795603768,5.0,0.004282043962319904,5.0,73.4,38.53333333333334,3,2,0,2,3,25.0,False,True,False,False,"Signed reconciliation and persistence evidence for review; heuristic bands are engineering choices, not MPLADS rules or final decisions."
W-000671,EXECUTION,41.274700807124965,41.3,45.9,-4.625299192875033,4.625299192875033,-4.600000000000001,0.025299192875031906,-4.600000000000001,21.099999999999998,9.428571428571429,5,0,0,0,7,25.0,False,False,False,False,"Signed reconciliation and persistence evidence for review; heuristic bands are engineering choices, not MPLADS rules or final decisions."
W-000672,COMPLETION,103.18830953171704,103.2,100.0,3.1883095317170387,3.1883095317170387,3.200000000000003,0.011690468282964162,3.200000000000003,66.30000000000001,36.966666666666676,3,2,0,2,3,25.0,False,True,False,False,"Signed reconciliation and persistence evidence for review; heuristic bands are engineering choices, not MPLADS rules or final decisions."
W-000673,COMPLETION,104.995499549955,105.0,100.0,4.9954995499549995,4.9954995499549995,5.0,0.004500450045000548,5.0,71.8,37.46666666666666,3,2,0,2,3,25.0,False,True,False,False,"Signed reconciliation and persistence evidence for review; heuristic bands are engineering choices, not MPLADS rules or final decisions."
W-000674,COMPLETION,105.03003003003003,105.0,100.0,5.030030030030034,5.030030030030034,5.0,-0.030030030030033572,5.0,41.1,12.175,3,1,0,1,4,25.0,False,False,False,False,"Signed reconciliation and persistence evidence for review; heuristic bands are engineering choices, not MPLADS rules or final decisions."
W-000675,COMPLETION,161.45753143443676,161.5,100.0,61.45753143443676,61.45753143443676,61.5,0.04246856556324019,61.5,141.9,98.1,4,4,4,4,4,25.0,True,True,False,False,"Signed reconciliation and persistence evidence for review; heuristic bands are engineering choices, not MPLADS rules or final decisions."
W-000676,EXECUTION,59.809853068280034,59.8,56.5,3.3098530682800344,3.3098530682800344,3.299999999999997,-0.009853068280037292,3.299999999999997,3.299999999999997,-18.17142857142857,1,0,0,0,7,25.0,False,False,False,False,"Signed reconciliation and persistence evidence for review; heuristic bands are engineering choices, not MPLADS rules or final decisions."
W-000677,COMPLETION,96.2599345488546,96.3,100.0,-3.740065451145398,3.740065451145398,-3.700000000000003,0.04006545114539506,-3.700000000000003,20.700000000000003,-5.3,1,0,0,0,3,25.0,False,False,False,False,"Signed reconciliation and persistence evidence for review; heuristic bands are engineering choices, not MPLADS rules or final decisions."
W-000678,COMPLETION,90.66944155393688,90.7,100.0,-9.330558446063122,9.330558446063122,-9.299999999999997,0.03055844606312519,-9.299999999999997,62.400000000000006,29.087500000000002,7,5,0,5,8,25.0,False,True,False,False,"Signed reconciliation and persistence evidence for review; heuristic bands are engineering choices, not MPLADS rules or final decisions."
W-000679,EXECUTION,69.05972045743329,69.1,76.5,-7.440279542566714,7.440279542566714,-7.400000000000006,0.04027954256670796,-7.400000000000006,-7.400000000000006,-21.075,0,0,0,0,4,25.0,False,False,False,False,"Signed reconciliation and persistence evidence for review; heuristic bands are engineering choices, not MPLADS rules or final decisions."
W-000680,EXECUTION,47.36842105263158,47.4,53.4,-6.031578947368416,6.031578947368416,-6.0,0.031578947368416266,-6.0,-0.6999999999999957,-10.983333333333329,0,0,0,0,6,25.0,False,False,False,False,"Signed reconciliation and persistence evidence for review; heuristic bands are engineering choices, not MPLADS rules or final decisions."
W-000681,COMPLETION,105.19761775852734,105.2,100.0,5.197617758527343,5.197617758527343,5.200000000000003,0.00238224147265953,5.200000000000003,44.400000000000006,16.34,4,1,0,1,5,25.0,False,False,False,False,"Signed reconciliation and persistence evidence for review; heuristic bands are engineering choices, not MPLADS rules or final decisions."
W-000682,EXECUTION,91.94092827004219,91.9,92.1,-0.15907172995780172,0.15907172995780172,-0.19999999999998863,-0.04092827004218691,-0.19999999999998863,21.800000000000004,1.9375000000000036,4,0,0,0,8,25.0,False,False,False,False,"Signed reconciliation and persistence evidence for review; heuristic bands are engineering choices, not MPLADS rules or final decisions."
W-000683,EXECUTION,89.03654485049834,89.0,89.1,-0.06345514950164954,0.06345514950164954,-0.09999999999999432,-0.03654485049834477,-0.09999999999999432,-0.09999999999999432,-30.874999999999996,0,0,0,0,4,25.0,False,False,False,False,"Signed reconciliation and persistence evidence for review; heuristic bands are engineering choices, not MPLADS rules or final decisions."
W-000685,COMPLETION,100.99384761003313,101.0,100.0,0.9938476100331286,0.9938476100331286,1.0,0.006152389966871397,1.0,70.4,37.25714285714286,7,5,0,5,7,25.0,False,True,False,False,"Signed reconciliation and persistence evidence for review; heuristic bands are engineering choices, not MPLADS rules or final decisions."
W-000686,COMPLETION,99.87871437234688,99.9,100.0,-0.12128562765312267,0.12128562765312267,-0.09999999999999432,0.02128562765312836,-0.09999999999999432,23.400000000000006,2.5750000000000037,1,0,0,0,4,25.0,False,False,False,False,"Signed reconciliation and persistence evidence for review; heuristic bands are engineering choices, not MPLADS rules or final decisions."
W-000687,COMPLETION,105.47409579667644,105.5,100.0,5.474095796676437,5.474095796676437,5.5,0.025904203323563024,5.5,63.8,37.2,5,3,0,3,5,25.0,False,True,False,False,"Signed reconciliation and persistence evidence for review; heuristic bands are engineering choices, not MPLADS rules or final decisions."
W-000688,COMPLETION,102.22551928783383,102.2,100.0,2.2255192878338335,2.2255192878338335,2.200000000000003,-0.025519287833830617,2.200000000000003,92.7,44.214285714285715,7,5,0,5,7,25.0,False,True,False,False,"Signed reconciliation and persistence evidence for review; heuristic bands are engineering choices, not MPLADS rules or final decisions."
W-000690,COMPLETION,105.25502318392581,105.3,100.0,5.255023183925815,5.255023183925815,5.299999999999997,0.04497681607418258,5.299999999999997,88.4,46.4,5,4,0,4,5,25.0,False,True,False,False,"Signed reconciliation and persistence evidence for review; heuristic bands are engineering choices, not MPLADS rules or final decisions."
W-000691,COMPLETION,105.2273693157671,105.2,100.0,5.227369315767106,5.227369315767106,5.200000000000003,-0.02736931576710333,5.200000000000003,54.699999999999996,29.214285714285705,7,4,0,2,7,25.0,False,True,False,False,"Signed reconciliation and persistence evidence for review; heuristic bands are engineering choices, not MPLADS rules or final decisions."
W-000693,EXECUTION,20.729588882455126,20.7,22.6,-1.8704111175448759,1.8704111175448759,-1.9000000000000021,-0.029588882455126253,-1.9000000000000021,3.3000000000000007,0.82,4,0,0,0,5,25.0,False,False,False,False,"Signed reconciliation and persistence evidence for review; heuristic bands are engineering choices, not MPLADS rules or final decisions."
W-000694,COMPLETION,105.00814332247558,105.0,100.0,5.008143322475576,5.008143322475576,5.0,-0.008143322475575587,5.0,60.9,39.4375,8,6,0,6,8,25.0,False,True,False,False,"Signed reconciliation and persistence evidence for review; heuristic bands are engineering choices, not MPLADS rules or final decisions."
W-000695,COMPLETION,103.09635868218975,103.1,100.0,3.096358682189745,3.096358682189745,3.0999999999999943,0.003641317810249234,3.0999999999999943,54.199999999999996,30.987499999999994,8,5,0,5,8,25.0,False,True,False,False,"Signed reconciliation and persistence evidence for review; heuristic bands are engineering choices, not MPLADS rules or final decisions."
W-000696,COMPLETION,91.80327868852459,91.8,100.0,-8.196721311475414,8.196721311475414,-8.200000000000003,-0.003278688524588347,-8.200000000000003,54.1,25.0,3,2,0,2,4,25.0,False,True,False,False,"Signed reconciliation and persistence evidence for review; heuristic bands are engineering choices, not MPLADS rules or final decisions."
W-000697,COMPLETION,104.336147352264,104.3,100.0,4.336147352264007,4.336147352264007,4.299999999999997,-0.03614735226400967,4.299999999999997,73.19999999999999,35.714285714285715,7,4,0,4,7,25.0,False,True,False,False,"Signed reconciliation and persistence evidence for review; heuristic bands are engineering choices, not MPLADS rules or final decisions."
W-000698,COMPLETION,102.38907849829351,102.4,100.0,2.3890784982935145,2.3890784982935145,2.4000000000000057,0.010921501706491199,2.4000000000000057,18.700000000000003,-7.759999999999998,2,0,0,0,5,25.0,False,False,False,False,"Signed reconciliation and persistence evidence for review; heuristic bands are engineering choices, not MPLADS rules or final decisions."
W-000699,COMPLETION,101.19423955040394,101.2,100.0,1.1942395504039354,1.1942395504039354,1.2000000000000028,0.005760449596067474,1.2000000000000028,52.900000000000006,17.487500000000004,7,3,0,3,8,25.0,False,True,False,False,"Signed reconciliation and persistence evidence for review; heuristic bands are engineering choices, not MPLADS rules or final decisions."
W-000700,COMPLETION,96.11186903137789,96.1,100.0,-3.8881309686221073,3.8881309686221073,-3.9000000000000057,-0.011869031377898409,-3.9000000000000057,54.89999999999999,22.337499999999995,7,3,0,3,8,25.0,False,True,False,False,"Signed reconciliation and persistence evidence for review; heuristic bands are engineering choices, not MPLADS rules or final decisions."
W-000701,COMPLETION,90.22907900888265,90.2,100.0,-9.77092099111735,9.77092099111735,-9.799999999999997,-0.029079008882646917,-9.799999999999997,53.300000000000004,18.46666666666667,5,2,0,2,6,25.0,False,True,False,False,"Signed reconciliation and persistence evidence for review; heuristic bands are engineering choices, not MPLADS rules or final decisions."
W-000702,COMPLETION,102.97504798464492,103.0,100.0,2.9750479846449167,2.9750479846449167,3.0,0.02495201535508329,3.0,60.4,22.16,4,3,0,3,5,25.0,False,True,False,False,"Signed reconciliation and persistence evidence for review; heuristic bands are engineering choices, not MPLADS rules or final decisions."
W-000703,COMPLETION,99.66227625802094,99.7,100.0,-0.33772374197906174,0.33772374197906174,-0.29999999999999716,0.037723741979064584,-0.29999999999999716,50.2,23.21666666666667,5,2,0,2,6,25.0,False,True,False,False,"Signed reconciliation and persistence evidence for review; heuristic bands are engineering choices, not MPLADS rules or final decisions."
W-000704,EXECUTION,59.65613754498201,59.7,67.8,-8.143862455017988,8.143862455017988,-8.099999999999994,0.043862455017993796,-8.099999999999994,-0.7000000000000002,-15.5,0,0,0,0,5,25.0,False,False,False,False,"Signed reconciliation and persistence evidence for review; heuristic bands are engineering choices, not MPLADS rules or final decisions."
W-000705,COMPLETION,106.78537054860443,106.8,100.0,6.785370548604433,6.785370548604433,6.799999999999997,0.01462945139556382,6.799999999999997,60.599999999999994,40.125,4,3,0,3,4,25.0,False,True,False,False,"Signed reconciliation and persistence evidence for review; heuristic bands are engineering choices, not MPLADS rules or final decisions."
W-000706,COMPLETION,104.16501388337961,104.2,100.0,4.165013883379615,4.165013883379615,4.200000000000003,0.034986116620387975,4.200000000000003,11.100000000000001,-4.6,3,0,0,0,7,25.0,False,False,False,False,"Signed reconciliation and persistence evidence for review; heuristic bands are engineering choices, not MPLADS rules or final decisions."
W-000707,COMPLETION,105.50185873605948,105.5,100.0,5.501858736059475,5.501858736059475,5.5,-0.0018587360594750635,5.5,49.6,22.65,4,2,0,2,4,25.0,False,True,False,False,"Signed reconciliation and persistence evidence for review; heuristic bands are engineering choices, not MPLADS rules or final decisions."
W-000708,EXECUTION,38.1389252948886,38.1,44.7,-6.561074705111402,6.561074705111402,-6.600000000000001,-0.03892529488859964,-6.600000000000001,-5.2,-14.62,0,0,0,0,5,25.0,False,False,False,False,"Signed reconciliation and persistence evidence for review; heuristic bands are engineering choices, not MPLADS rules or final decisions."
W-000710,COMPLETION,93.00986842105263,93.0,100.0,-6.99013157894737,6.99013157894737,-7.0,-0.009868421052630083,-7.0,52.5,24.96666666666667,2,2,0,2,3,25.0,False,True,False,False,"Signed reconciliation and persistence evidence for review; heuristic bands are engineering choices, not MPLADS rules or final decisions."
W-000711,EXECUTION,88.94691035683203,88.9,89.2,-0.2530896431679679,0.2530896431679679,-0.29999999999999716,-0.046910356832029265,-0.29999999999999716,-0.29999999999999716,-19.45,0,0,0,0,4,25.0,False,False,False,False,"Signed reconciliation and persistence evidence for review; heuristic bands are engineering choices, not MPLADS rules or final decisions."
W-000712,COMPLETION,100.9847806624888,101.0,100.0,0.9847806624888022,0.9847806624888022,1.0,0.01521933751119775,1.0,32.099999999999994,-4.7200000000000015,3,1,0,1,5,25.0,False,False,False,False,"Signed reconciliation and persistence evidence for review; heuristic bands are engineering choices, not MPLADS rules or final decisions."
W-000713,EXECUTION,71.61845191555904,71.6,83.8,-12.181548084440962,12.181548084440962,-12.200000000000003,-0.0184519155590408,-12.200000000000003,40.5,14.899999999999999,3,2,0,2,4,25.0,False,True,False,False,"Signed reconciliation and persistence evidence for review; heuristic bands are engineering choices, not MPLADS rules or final decisions."
W-000714,COMPLETION,90.9090909090909,90.9,100.0,-9.090909090909093,9.090909090909093,-9.099999999999994,-0.009090909090900823,-9.099999999999994,64.7,28.750000000000007,3,2,0,2,4,25.0,False,True,False,False,"Signed reconciliation and persistence evidence for review; heuristic bands are engineering choices, not MPLADS rules or final decisions."
W-000715,COMPLETION,99.25764192139738,99.3,100.0,-0.7423580786026207,0.7423580786026207,-0.7000000000000028,0.042358078602617866,-0.7000000000000028,61.699999999999996,30.874999999999996,3,2,0,2,4,25.0,False,True,False,False,"Signed reconciliation and persistence evidence for review; heuristic bands are engineering choices, not MPLADS rules or final decisions."
W-000716,COMPLETION,101.30958617077003,101.3,100.0,1.3095861707700323,1.3095861707700323,1.2999999999999972,-0.009586170770035096,1.2999999999999972,51.3,15.174999999999997,3,2,0,2,4,25.0,False,True,False,False,"Signed reconciliation and persistence evidence for review; heuristic bands are engineering choices, not MPLADS rules or final decisions."
W-000717,COMPLETION,103.173311635476,103.2,100.0,3.173311635475997,3.173311635475997,3.200000000000003,0.026688364524005692,3.200000000000003,69.4,37.31428571428571,7,5,0,5,7,25.0,False,True,False,False,"Signed reconciliation and persistence evidence for review; heuristic bands are engineering choices, not MPLADS rules or final decisions."
W-000718,COMPLETION,98.70210135970333,98.7,100.0,-1.2978986402966655,1.2978986402966655,-1.2999999999999972,-0.0021013597033316955,-1.2999999999999972,17.400000000000006,-17.514285714285716,1,0,0,0,7,25.0,False,False,False,False,"Signed reconciliation and persistence evidence for review; heuristic bands are engineering choices, not MPLADS rules or final decisions."
W-000719,COMPLETION,92.00934579439253,92.0,100.0,-7.99065420560747,7.99065420560747,-8.0,-0.009345794392530138,-8.0,53.4,18.900000000000002,4,3,0,3,6,25.0,False,True,False,False,"Signed reconciliation and persistence evidence for review; heuristic bands are engineering choices, not MPLADS rules or final decisions."
W-000720,EXECUTION,57.4336604870956,57.4,64.7,-7.266339512904402,7.266339512904402,-7.300000000000004,-0.03366048709560232,-7.300000000000004,13.100000000000001,1.4124999999999996,5,0,0,0,8,25.0,False,False,False,False,"Signed reconciliation and persistence evidence for review; heuristic bands are engineering choices, not MPLADS rules or final decisions."
W-000721,COMPLETION,94.70404984423676,94.7,100.0,-5.2959501557632365,5.2959501557632365,-5.299999999999997,-0.004049844236760691,-5.299999999999997,38.0,19.950000000000003,3,2,0,2,4,25.0,False,True,False,False,"Signed reconciliation and persistence evidence for review; heuristic bands are engineering choices, not MPLADS rules or final decisions."
W-000722,COMPLETION,94.60093896713614,94.6,100.0,-5.399061032863855,5.399061032863855,-5.400000000000006,-0.0009389671361503815,-5.400000000000006,19.69999999999999,1.149999999999996,2,0,0,0,4,25.0,False,False,False,False,"Signed reconciliation and persistence evidence for review; heuristic bands are engineering choices, not MPLADS rules or final decisions."
W-000723,EXECUTION,91.8661856346343,91.9,94.8,-2.9338143653656914,2.9338143653656914,-2.8999999999999915,0.03381436536569993,-2.8999999999999915,70.80000000000001,35.60000000000001,3,2,0,2,4,25.0,False,True,False,False,"Signed reconciliation and persistence evidence for review; heuristic bands are engineering choices, not MPLADS rules or final decisions."
W-000724,COMPLETION,97.55639097744361,97.6,100.0,-2.4436090225563873,2.4436090225563873,-2.4000000000000057,0.04360902255638166,-2.4000000000000057,8.9,-9.200000000000001,2,0,0,0,8,25.0,False,False,False,False,"Signed reconciliation and persistence evidence for review; heuristic bands are engineering choices, not MPLADS rules or final decisions."
W-000725,EXECUTION,80.80614203454894,80.8,91.0,-10.193857965451059,10.193857965451059,-10.200000000000003,-0.006142034548943798,-10.200000000000003,30.200000000000003,8.2,2,2,0,2,5,25.0,False,True,False,False,"Signed reconciliation and persistence evidence for review; heuristic bands are engineering choices, not MPLADS rules or final decisions."
W-000726,COMPLETION,104.97825036249395,105.0,100.0,4.978250362493952,4.978250362493952,5.0,0.021749637506047748,5.0,33.49999999999999,12.139999999999997,4,1,0,1,5,25.0,False,False,False,False,"Signed reconciliation and persistence evidence for review; heuristic bands are engineering choices, not MPLADS rules or final decisions."
W-000727,COMPLETION,93.17548746518106,93.2,100.0,-6.824512534818936,6.824512534818936,-6.799999999999997,0.024512534818939002,-6.799999999999997,56.400000000000006,22.78333333333333,5,2,0,2,6,25.0,False,True,False,False,"Signed reconciliation and persistence evidence for review; heuristic bands are engineering choices, not MPLADS rules or final decisions."
W-000728,EXECUTION,11.08108108108108,11.1,11.7,-0.6189189189189186,0.6189189189189186,-0.5999999999999996,0.018918918918918948,-0.5999999999999996,7.4,-1.2285714285714284,1,0,0,0,7,25.0,False,False,False,False,"Signed reconciliation and persistence evidence for review; heuristic bands are engineering choices, not MPLADS rules or final decisions."
W-000729,COMPLETION,93.22533136966126,93.2,100.0,-6.774668630338738,6.774668630338738,-6.799999999999997,-0.025331369661259373,-6.799999999999997,14.2,-0.6000000000000002,1,0,0,0,3,25.0,False,False,False,False,"Signed reconciliation and persistence evidence for review; heuristic bands are engineering choices, not MPLADS rules or final decisions."
W-000730,COMPLETION,90.73359073359073,90.7,100.0,-9.26640926640927,9.26640926640927,-9.299999999999997,-0.03359073359072795,-9.299999999999997,37.5,19.133333333333333,5,2,0,2,6,25.0,False,True,False,False,"Signed reconciliation and persistence evidence for review; heuristic bands are engineering choices, not MPLADS rules or final decisions."
W-000733,COMPLETION,104.91803278688525,104.9,100.0,4.918032786885249,4.918032786885249,4.900000000000006,-0.018032786885243013,4.900000000000006,42.900000000000006,20.020000000000003,5,2,0,2,5,25.0,False,True,False,False,"Signed reconciliation and persistence evidence for review; heuristic bands are engineering choices, not MPLADS rules or final decisions."
W-000735,COMPLETION,97.62633996937213,97.6,100.0,-2.3736600306278746,2.3736600306278746,-2.4000000000000057,-0.026339969372131122,-2.4000000000000057,75.1,33.224999999999994,3,2,0,2,4,25.0,False,True,False,False,"Signed reconciliation and persistence evidence for review; heuristic bands are engineering choices, not MPLADS rules or final decisions."
W-000736,COMPLETION,101.51351351351352,101.5,100.0,1.5135135135135158,1.5135135135135158,1.5,-0.013513513513515818,1.5,63.4,20.374999999999996,7,3,0,3,8,25.0,False,True,False,False,"Signed reconciliation and persistence evidence for review; heuristic bands are engineering choices, not MPLADS rules or final decisions."
W-000737,COMPLETION,100.96394144948233,101.0,100.0,0.9639414494823342,0.9639414494823342,1.0,0.03605855051766582,1.0,46.7,27.883333333333336,6,4,0,4,6,25.0,False,True,False,False,"Signed reconciliation and persistence evidence for review; heuristic bands are engineering choices, not MPLADS rules or final decisions."
W-000738,EXECUTION,35.138620245003224,35.1,32.8,2.338620245003227,2.338620245003227,2.3000000000000043,-0.03862024500322292,2.3000000000000043,11.3,9.120000000000001,5,0,0,0,5,25.0,False,False,False,False,"Signed reconciliation and persistence evidence for review; heuristic bands are engineering choices, not MPLADS rules or final decisions."
W-000739,COMPLETION,94.04651162790698,94.0,100.0,-5.95348837209302,5.95348837209302,-6.0,-0.04651162790698038,-6.0,63.7,28.033333333333335,2,2,0,2,3,25.0,False,True,False,False,"Signed reconciliation and persistence evidence for review; heuristic bands are engineering choices, not MPLADS rules or final decisions."
W-000740,EXECUTION,76.73634524612272,76.7,78.3,-1.5636547538772732,1.5636547538772732,-1.5999999999999943,-0.036345246122721164,-1.5999999999999943,32.4,9.800000000000002,4,1,0,1,6,25.0,False,False,False,False,"Signed reconciliation and persistence evidence for review; heuristic bands are engineering choices, not MPLADS rules or final decisions."
W-000741,COMPLETION,101.26782884310619,101.3,100.0,1.2678288431061873,1.2678288431061873,1.2999999999999972,0.032171156893809894,1.2999999999999972,55.8,12.975,3,1,0,1,4,25.0,False,False,False,False,"Signed reconciliation and persistence evidence for review; heuristic bands are engineering choices, not MPLADS rules or final decisions."
W-000742,EXECUTION,25.659050966608085,25.7,25.7,-0.04094903339191447,0.04094903339191447,0.0,0.04094903339191447,0.0,11.1,2.9166666666666665,4,0,0,0,6,25.0,False,False,False,False,"Signed reconciliation and persistence evidence for review; heuristic bands are engineering choices, not MPLADS rules or final decisions."
W-000743,COMPLETION,103.3072546230441,103.3,100.0,3.307254623044102,3.307254623044102,3.299999999999997,-0.0072546230441048465,3.299999999999997,53.9,33.775000000000006,4,3,0,3,4,25.0,False,True,False,False,"Signed reconciliation and persistence evidence for review; heuristic bands are engineering choices, not MPLADS rules or final decisions."
W-000744,COMPLETION,97.36024844720497,97.4,100.0,-2.6397515527950333,2.6397515527950333,-2.5999999999999943,0.03975155279503895,-2.5999999999999943,62.2,29.042857142857144,6,4,0,3,7,25.0,False,True,False,False,"Signed reconciliation and persistence evidence for review; heuristic bands are engineering choices, not MPLADS rules or final decisions."
W-000745,COMPLETION,98.48558866634099,98.5,100.0,-1.5144113336590124,1.5144113336590124,-1.5,0.01441133365901237,-1.5,65.5,27.74285714285714,5,4,0,4,7,25.0,False,True,False,False,"Signed reconciliation and persistence evidence for review; heuristic bands are engineering choices, not MPLADS rules or final decisions."
W-000746,COMPLETION,103.89863547758284,103.9,100.0,3.898635477582843,3.898635477582843,3.9000000000000057,0.0013645224171625614,3.9000000000000057,49.10000000000001,28.68,5,2,0,1,5,25.0,False,False,False,False,"Signed reconciliation and persistence evidence for review; heuristic bands are engineering choices, not MPLADS rules or final decisions."
W-000747,EXECUTION,90.96105752054305,91.0,88.9,2.061057520543045,2.061057520543045,2.0999999999999943,0.038942479456949286,2.0999999999999943,23.300000000000004,11.685714285714285,6,0,0,0,7,25.0,False,False,False,False,"Signed reconciliation and persistence evidence for review; heuristic bands are engineering choices, not MPLADS rules or final decisions."
W-000748,COMPLETION,102.96861747243426,103.0,100.0,2.9686174724342607,2.9686174724342607,3.0,0.03138252756573934,3.0,71.9,36.6,3,2,0,2,3,25.0,False,True,False,False,"Signed reconciliation and persistence evidence for review; heuristic bands are engineering choices, not MPLADS rules or final decisions."
W-000749,COMPLETION,107.86077434493546,107.9,100.0,7.860774344935464,7.860774344935464,7.900000000000006,0.03922565506454134,7.900000000000006,7.900000000000006,-24.166666666666668,1,0,0,0,6,25.0,False,False,False,False,"Signed reconciliation and persistence evidence for review; heuristic bands are engineering choices, not MPLADS rules or final decisions."
W-000750,COMPLETION,105.0126582278481,105.0,100.0,5.012658227848107,5.012658227848107,5.0,-0.012658227848106662,5.0,74.8,31.166666666666668,5,4,0,4,6,25.0,False,True,False,False,"Signed reconciliation and persistence evidence for review; heuristic bands are engineering choices, not MPLADS rules or final decisions."
W-000751,COMPLETION,106.31820792647903,106.3,100.0,6.318207926479033,6.318207926479033,6.299999999999997,-0.01820792647903602,6.299999999999997,31.0,20.057142857142853,7,2,0,1,7,25.0,False,False,False,False,"Signed reconciliation and persistence evidence for review; heuristic bands are engineering choices, not MPLADS rules or final decisions."
W-000752,COMPLETION,106.75067506750675,106.8,100.0,6.750675067506748,6.750675067506748,6.799999999999997,0.04932493249324921,6.799999999999997,70.5,40.64,5,4,0,4,5,25.0,False,True,False,False,"Signed reconciliation and persistence evidence for review; heuristic bands are engineering choices, not MPLADS rules or final decisions."
W-000753,COMPLETION,101.03793843951324,101.0,100.0,1.0379384395132405,1.0379384395132405,1.0,-0.037938439513240496,1.0,68.7,34.55714285714286,7,5,0,5,7,25.0,False,True,False,False,"Signed reconciliation and persistence evidence for review; heuristic bands are engineering choices, not MPLADS rules or final decisions."
W-000754,COMPLETION,104.99838761689777,105.0,100.0,4.998387616897773,4.998387616897773,5.0,0.0016123831022269997,5.0,50.6,26.3,4,2,0,2,4,25.0,False,True,False,False,"Signed reconciliation and persistence evidence for review; heuristic bands are engineering choices, not MPLADS rules or final decisions."
W-000755,EXECUTION,9.268292682926829,9.3,10.3,-1.031707317073172,1.031707317073172,-1.0,0.03170731707317209,-1.0,4.5,-1.316666666666667,1,0,0,0,6,25.0,False,False,False,False,"Signed reconciliation and persistence evidence for review; heuristic bands are engineering choices, not MPLADS rules or final decisions."
W-000756,COMPLETION,98.86759581881533,98.9,100.0,-1.1324041811846683,1.1324041811846683,-1.0999999999999943,0.03240418118467403,-1.0999999999999943,51.7,29.657142857142865,6,5,0,5,7,25.0,False,True,False,False,"Signed reconciliation and persistence evidence for review; heuristic bands are engineering choices, not MPLADS rules or final decisions."
W-000757,COMPLETION,104.42404006677796,104.4,100.0,4.4240400667779625,4.4240400667779625,4.400000000000006,-0.02404006677795678,4.400000000000006,51.7,29.775000000000006,4,3,0,3,4,25.0,False,True,False,False,"Signed reconciliation and persistence evidence for review; heuristic bands are engineering choices, not MPLADS rules or final decisions."
W-000758,EXECUTION,34.70891672807664,34.7,34.3,0.40891672807664037,0.40891672807664037,0.4000000000000057,-0.008916728076634683,0.4000000000000057,8.100000000000001,2.520000000000002,4,0,0,0,5,25.0,False,False,False,False,"Signed reconciliation and persistence evidence for review; heuristic bands are engineering choices, not MPLADS rules or final decisions."
W-000759,COMPLETION,101.41227593699077,101.4,100.0,1.412275936990767,1.412275936990767,1.4000000000000057,-0.012275936990761238,1.4000000000000057,53.89999999999999,34.45,6,4,0,4,6,25.0,False,True,False,False,"Signed reconciliation and persistence evidence for review; heuristic bands are engineering choices, not MPLADS rules or final decisions."
W-000761,COMPLETION,94.00544959128065,94.0,100.0,-5.994550408719348,5.994550408719348,-6.0,-0.005449591280651589,-6.0,64.8,35.3,7,5,0,5,8,25.0,False,True,False,False,"Signed reconciliation and persistence evidence for review; heuristic bands are engineering choices, not MPLADS rules or final decisions."
W-000762,EXECUTION,44.85927627800115,44.9,44.0,0.8592762780011469,0.8592762780011469,0.8999999999999986,0.04072372199885166,0.8999999999999986,14.8,5.1,6,0,0,0,8,25.0,False,False,False,False,"Signed reconciliation and persistence evidence for review; heuristic bands are engineering choices, not MPLADS rules or final decisions."
W-000763,EXECUTION,67.34972677595628,67.3,66.5,0.8497267759562845,0.8497267759562845,0.7999999999999972,-0.04972677595628738,0.7999999999999972,0.7999999999999972,-10.375000000000002,1,0,0,0,4,25.0,False,False,False,False,"Signed reconciliation and persistence evidence for review; heuristic bands are engineering choices, not MPLADS rules or final decisions."
W-000764,COMPLETION,101.60654743861777,101.6,100.0,1.606547438617767,1.606547438617767,1.5999999999999943,-0.006547438617772627,1.5999999999999943,43.5,25.566666666666663,3,2,0,2,3,25.0,False,True,False,False,"Signed reconciliation and persistence evidence for review; heuristic bands are engineering choices, not MPLADS rules or final decisions."
W-000765,COMPLETION,101.05648110524177,101.1,100.0,1.0564811052417724,1.0564811052417724,1.0999999999999943,0.043518894758221904,1.0999999999999943,28.099999999999994,-1.4571428571428586,4,1,0,1,7,25.0,False,False,False,False,"Signed reconciliation and persistence evidence for review; heuristic bands are engineering choices, not MPLADS rules or final decisions."
W-000766,EXECUTION,16.645299145299145,16.6,16.2,0.4452991452991455,0.4452991452991455,0.40000000000000213,-0.04529914529914336,0.40000000000000213,10.200000000000001,2.4500000000000006,4,0,0,0,6,25.0,False,False,False,False,"Signed reconciliation and persistence evidence for review; heuristic bands are engineering choices, not MPLADS rules or final decisions."
W-000767,COMPLETION,103.60721442885772,103.6,100.0,3.6072144288577164,3.6072144288577164,3.5999999999999943,-0.007214428857722055,3.5999999999999943,28.0,-9.675000000000004,2,1,0,1,4,25.0,False,False,False,False,"Signed reconciliation and persistence evidence for review; heuristic bands are engineering choices, not MPLADS rules or final decisions."
W-000769,COMPLETION,94.3910753021382,94.4,100.0,-5.608924697861795,5.608924697861795,-5.599999999999994,0.008924697861800723,-5.599999999999994,45.300000000000004,9.225000000000001,2,1,0,1,4,25.0,False,False,False,False,"Signed reconciliation and persistence evidence for review; heuristic bands are engineering choices, not MPLADS rules or final decisions."
W-000770,EXECUTION,32.94260307194826,32.9,36.2,-3.2573969280517403,3.2573969280517403,-3.3000000000000043,-0.04260307194826396,-3.3000000000000043,0.9000000000000004,-2.766666666666669,1,0,0,0,3,25.0,False,False,False,False,"Signed reconciliation and persistence evidence for review; heuristic bands are engineering choices, not MPLADS rules or final decisions."
W-000772,COMPLETION,105.65017572316843,105.7,100.0,5.650175723168431,5.650175723168431,5.700000000000003,0.04982427683157198,5.700000000000003,33.2,5.4,3,2,0,2,5,25.0,False,True,False,False,"Signed reconciliation and persistence evidence for review; heuristic bands are engineering choices, not MPLADS rules or final decisions."
W-000773,COMPLETION,105.00774393391843,105.0,100.0,5.007743933918434,5.007743933918434,5.0,-0.007743933918433754,5.0,39.5,2.3333333333333335,2,1,0,1,3,25.0,False,False,False,False,"Signed reconciliation and persistence evidence for review; heuristic bands are engineering choices, not MPLADS rules or final decisions."
W-000774,COMPLETION,106.91823899371069,106.9,100.0,6.918238993710688,6.918238993710688,6.900000000000006,-0.01823899371068194,6.900000000000006,67.4,31.0,7,4,0,4,8,25.0,False,True,False,False,"Signed reconciliation and persistence evidence for review; heuristic bands are engineering choices, not MPLADS rules or final decisions."
W-000775,EXECUTION,69.58705357142857,69.6,65.0,4.587053571428569,4.587053571428569,4.599999999999994,0.012946428571424917,4.599999999999994,23.599999999999994,0.4374999999999982,4,0,0,0,8,25.0,False,False,False,False,"Signed reconciliation and persistence evidence for review; heuristic bands are engineering choices, not MPLADS rules or final decisions."
W-000776,EXECUTION,67.29096989966555,67.3,69.3,-2.009030100334442,2.009030100334442,-2.0,0.009030100334442182,-2.0,-2.0,-5.166666666666664,0,0,0,0,3,25.0,False,False,False,False,"Signed reconciliation and persistence evidence for review; heuristic bands are engineering choices, not MPLADS rules or final decisions."
W-000777,COMPLETION,100.33653846153847,100.3,100.0,0.336538461538467,0.336538461538467,0.29999999999999716,-0.036538461538469846,0.29999999999999716,26.1,9.52,4,1,0,1,5,25.0,False,False,False,False,"Signed reconciliation and persistence evidence for review; heuristic bands are engineering choices, not MPLADS rules or final decisions."
W-000778,COMPLETION,103.20232896652111,103.2,100.0,3.202328966521108,3.202328966521108,3.200000000000003,-0.002328966521105258,3.200000000000003,19.699999999999996,8.049999999999997,4,0,0,0,4,25.0,False,False,False,False,"Signed reconciliation and persistence evidence for review; heuristic bands are engineering choices, not MPLADS rules or final decisions."
W-000779,COMPLETION,104.99194847020934,105.0,100.0,4.991948470209337,4.991948470209337,5.0,0.008051529790662926,5.0,36.099999999999994,2.3999999999999986,2,1,0,1,3,25.0,False,False,False,False,"Signed reconciliation and persistence evidence for review; heuristic bands are engineering choices, not MPLADS rules or final decisions."
W-000780,COMPLETION,101.78775199695701,101.8,100.0,1.787751996957013,1.787751996957013,1.7999999999999972,0.012248003042984124,1.7999999999999972,41.5,21.999999999999996,4,2,0,2,4,25.0,False,True,False,False,"Signed reconciliation and persistence evidence for review; heuristic bands are engineering choices, not MPLADS rules or final decisions."
W-000781,COMPLETION,107.60649087221095,107.6,100.0,7.606490872210955,7.606490872210955,7.599999999999994,-0.006490872210960674,7.599999999999994,39.400000000000006,23.474999999999998,4,2,0,2,4,25.0,False,True,False,False,"Signed reconciliation and persistence evidence for review; heuristic bands are engineering choices, not MPLADS rules or final decisions."
W-000782,COMPLETION,102.97510625379478,103.0,100.0,2.9751062537947774,2.9751062537947774,3.0,0.024893746205222556,3.0,67.1,35.483333333333334,6,4,0,4,6,25.0,False,True,False,False,"Signed reconciliation and persistence evidence for review; heuristic bands are engineering choices, not MPLADS rules or final decisions."
W-000785,COMPLETION,101.8348623853211,101.8,100.0,1.8348623853211024,1.8348623853211024,1.7999999999999972,-0.034862385321105194,1.7999999999999972,49.9,26.599999999999998,4,3,0,3,4,25.0,False,True,False,False,"Signed reconciliation and persistence evidence for review; heuristic bands are engineering choices, not MPLADS rules or final decisions."
W-000786,COMPLETION,103.55594102341718,103.6,100.0,3.5559410234171764,3.5559410234171764,3.5999999999999943,0.04405897658281788,3.5999999999999943,24.099999999999994,0.3799999999999969,3,0,0,0,5,25.0,False,False,False,False,"Signed reconciliation and persistence evidence for review; heuristic bands are engineering choices, not MPLADS rules or final decisions."
W-000787,COMPLETION,106.6857688634193,106.7,100.0,6.685768863419298,6.685768863419298,6.700000000000003,0.014231136580704629,6.700000000000003,65.1,25.300000000000004,4,3,0,3,5,25.0,False,True,False,False,"Signed reconciliation and persistence evidence for review; heuristic bands are engineering choices, not MPLADS rules or final decisions."
W-000788,COMPLETION,104.98614958448753,105.0,100.0,4.986149584487535,4.986149584487535,5.0,0.01385041551246502,5.0,5.0,-4.320000000000002,2,0,0,0,5,25.0,False,False,False,False,"Signed reconciliation and persistence evidence for review; heuristic bands are engineering choices, not MPLADS rules or final decisions."
W-000789,EXECUTION,0.0,0.0,1.5,-1.5,1.5,-1.5,0.0,-1.5,-1.5,-1.5,0,0,0,0,1,25.0,False,False,False,True,"Signed reconciliation and persistence evidence for review; heuristic bands are engineering choices, not MPLADS rules or final decisions."
W-000790,COMPLETION,107.60653126244524,107.6,100.0,7.606531262445245,7.606531262445245,7.599999999999994,-0.006531262445250263,7.599999999999994,21.599999999999994,-10.762500000000003,3,0,0,0,8,25.0,False,False,False,False,"Signed reconciliation and persistence evidence for review; heuristic bands are engineering choices, not MPLADS rules or final decisions."
W-000791,COMPLETION,105.00747384155456,105.0,100.0,5.007473841554557,5.007473841554557,5.0,-0.0074738415545567705,5.0,31.099999999999994,9.366666666666662,5,1,0,1,6,25.0,False,False,False,False,"Signed reconciliation and persistence evidence for review; heuristic bands are engineering choices, not MPLADS rules or final decisions."
W-000792,COMPLETION,105.00335795836132,105.0,100.0,5.00335795836132,5.00335795836132,5.0,-0.0033579583613203567,5.0,53.3,29.666666666666668,3,2,0,2,3,25.0,False,True,False,False,"Signed reconciliation and persistence evidence for review; heuristic bands are engineering choices, not MPLADS rules or final decisions."
W-000793,EXECUTION,48.84287454323995,48.8,55.5,-6.657125456760049,6.657125456760049,-6.700000000000003,-0.042874543239953766,-6.700000000000003,-2.8999999999999986,-10.75,0,0,0,0,6,25.0,False,False,False,False,"Signed reconciliation and persistence evidence for review; heuristic bands are engineering choices, not MPLADS rules or final decisions."
W-000794,COMPLETION,105.01694915254237,105.0,100.0,5.016949152542367,5.016949152542367,5.0,-0.01694915254236662,5.0,95.2,49.5625,8,6,0,6,8,25.0,False,True,False,False,"Signed reconciliation and persistence evidence for review; heuristic bands are engineering choices, not MPLADS rules or final decisions."
W-000795,COMPLETION,98.68073878627969,98.7,100.0,-1.31926121372031,1.31926121372031,-1.2999999999999972,0.019261213720312753,-1.2999999999999972,67.1,32.5,2,2,0,2,3,25.0,False,True,False,False,"Signed reconciliation and persistence evidence for review; heuristic bands are engineering choices, not MPLADS rules or final decisions."
W-000796,COMPLETION,105.85215605749487,105.9,100.0,5.852156057494867,5.852156057494867,5.900000000000006,0.047843942505139125,5.900000000000006,41.0,21.8,6,2,0,1,6,25.0,False,False,False,False,"Signed reconciliation and persistence evidence for review; heuristic bands are engineering choices, not MPLADS rules or final decisions."
W-000797,EXECUTION,76.73041894353369,76.7,84.7,-7.9695810564663105,7.9695810564663105,-8.0,-0.030418943533689458,-8.0,38.300000000000004,17.38571428571429,6,1,0,1,7,25.0,False,False,False,False,"Signed reconciliation and persistence evidence for review; heuristic bands are engineering choices, not MPLADS rules or final decisions."
W-000798,EXECUTION,44.816211121583414,44.8,43.7,1.1162111215834116,1.1162111215834116,1.0999999999999943,-0.01621112158341731,1.0999999999999943,16.0,9.116666666666665,6,0,0,0,6,25.0,False,False,False,False,"Signed reconciliation and persistence evidence for review; heuristic bands are engineering choices, not MPLADS rules or final decisions."
W-000799,COMPLETION,96.22725255215269,96.2,100.0,-3.7727474478473084,3.7727474478473084,-3.799999999999997,-0.027252552152688736,-3.799999999999997,49.5,27.975000000000005,3,2,0,2,4,25.0,False,True,False,False,"Signed reconciliation and persistence evidence for review; heuristic bands are engineering choices, not MPLADS rules or final decisions."
W-000800,EXECUTION,74.8433734939759,74.8,80.0,-5.156626506024097,5.156626506024097,-5.200000000000003,-0.043373493975906285,-5.200000000000003,-5.200000000000003,-24.214285714285715,0,0,0,0,7,25.0,False,False,False,False,"Signed reconciliation and persistence evidence for review; heuristic bands are engineering choices, not MPLADS rules or final decisions."
W-000801,COMPLETION,100.68863748155435,100.7,100.0,0.6886374815543519,0.6886374815543519,0.7000000000000028,0.011362518445650949,0.7000000000000028,52.7,30.9,4,3,0,3,4,25.0,False,True,False,False,"Signed reconciliation and persistence evidence for review; heuristic bands are engineering choices, not MPLADS rules or final decisions."
W-000802,COMPLETION,102.49252243270189,102.5,100.0,2.4925224327018896,2.4925224327018896,2.5,0.0074775672981104435,2.5,52.9,19.325,7,3,0,3,8,25.0,False,True,False,False,"Signed reconciliation and persistence evidence for review; heuristic bands are engineering choices, not MPLADS rules or final decisions."
W-000803,EXECUTION,80.07194244604317,80.1,75.4,4.671942446043161,4.671942446043161,4.699999999999989,0.02805755395682752,4.699999999999989,10.2,-10.783333333333337,2,0,0,0,6,25.0,False,False,False,False,"Signed reconciliation and persistence evidence for review; heuristic bands are engineering choices, not MPLADS rules or final decisions."
W-000804,COMPLETION,92.65330904675167,92.7,100.0,-7.346690953248327,7.346690953248327,-7.299999999999997,0.04669095324832995,-7.299999999999997,30.6,1.8200000000000003,2,1,0,1,5,25.0,False,False,False,False,"Signed reconciliation and persistence evidence for review; heuristic bands are engineering choices, not MPLADS rules or final decisions."
W-000805,COMPLETION,104.98105035192204,105.0,100.0,4.981050351922036,4.981050351922036,5.0,0.018949648077963843,5.0,96.3,50.25,8,6,0,6,8,25.0,False,True,False,False,"Signed reconciliation and persistence evidence for review; heuristic bands are engineering choices, not MPLADS rules or final decisions."
W-000807,COMPLETION,97.68726268553677,97.7,100.0,-2.3127373144632344,2.3127373144632344,-2.299999999999997,0.012737314463237226,-2.299999999999997,35.1,17.633333333333336,2,1,0,1,3,25.0,False,False,False,False,"Signed reconciliation and persistence evidence for review; heuristic bands are engineering choices, not MPLADS rules or final decisions."
W-000808,EXECUTION,85.36082474226804,85.4,94.7,-9.339175257731966,9.339175257731966,-9.299999999999997,0.03917525773196928,-9.299999999999997,37.300000000000004,0.7333333333333366,3,1,0,1,6,25.0,False,False,False,False,"Signed reconciliation and persistence evidence for review; heuristic bands are engineering choices, not MPLADS rules or final decisions."
W-000809,EXECUTION,87.61574074074075,87.6,85.6,2.0157407407407533,2.0157407407407533,2.0,-0.015740740740753267,2.0,53.8,18.737499999999997,6,3,0,3,8,25.0,False,True,False,False,"Signed reconciliation and persistence evidence for review; heuristic bands are engineering choices, not MPLADS rules or final decisions."
W-000810,COMPLETION,96.5546218487395,96.6,100.0,-3.445378151260499,3.445378151260499,-3.4000000000000057,0.04537815126049338,-3.4000000000000057,59.49999999999999,27.77142857142857,6,3,0,3,7,25.0,False,True,False,False,"Signed reconciliation and persistence evidence for review; heuristic bands are engineering choices, not MPLADS rules or final decisions."
W-000811,EXECUTION,48.72351982618142,48.7,52.5,-3.7764801738185767,3.7764801738185767,-3.799999999999997,-0.023519826181420456,-3.799999999999997,22.200000000000003,13.483333333333336,5,0,0,0,6,25.0,False,False,False,False,"Signed reconciliation and persistence evidence for review; heuristic bands are engineering choices, not MPLADS rules or final decisions."
W-000812,COMPLETION,100.16051364365971,100.2,100.0,0.1605136436597121,0.1605136436597121,0.20000000000000284,0.03948635634029074,0.20000000000000284,50.7,20.8,7,4,0,3,8,25.0,False,True,False,False,"Signed reconciliation and persistence evidence for review; heuristic bands are engineering choices, not MPLADS rules or final decisions."
W-000813,EXECUTION,96.81181959564542,96.8,92.5,4.311819595645417,4.311819595645417,4.299999999999997,-0.011819595645420122,4.299999999999997,38.3,10.628571428571428,5,1,0,1,7,25.0,False,False,False,False,"Signed reconciliation and persistence evidence for review; heuristic bands are engineering choices, not MPLADS rules or final decisions."
W-000814,COMPLETION,104.99857994887816,105.0,100.0,4.9985799488781595,4.9985799488781595,5.0,0.0014200511218405154,5.0,56.2,16.942857142857143,5,3,0,3,7,25.0,False,True,False,False,"Signed reconciliation and persistence evidence for review; heuristic bands are engineering choices, not MPLADS rules or final decisions."
W-000815,COMPLETION,90.1646639964397,90.2,100.0,-9.8353360035603,9.8353360035603,-9.799999999999997,0.0353360035603032,-9.799999999999997,72.7,28.379999999999995,4,2,0,2,5,25.0,False,True,False,False,"Signed reconciliation and persistence evidence for review; heuristic bands are engineering choices, not MPLADS rules or final decisions."
W-000816,COMPLETION,104.9645390070922,105.0,100.0,4.964539007092199,4.964539007092199,5.0,0.035460992907800915,5.0,57.4,35.900000000000006,4,3,0,3,4,25.0,False,True,False,False,"Signed reconciliation and persistence evidence for review; heuristic bands are engineering choices, not MPLADS rules or final decisions."
W-000818,COMPLETION,104.97737556561086,105.0,100.0,4.977375565610856,4.977375565610856,5.0,0.022624434389143744,5.0,36.900000000000006,15.225000000000001,7,2,0,2,8,25.0,False,True,False,False,"Signed reconciliation and persistence evidence for review; heuristic bands are engineering choices, not MPLADS rules or final decisions."
W-000819,COMPLETION,103.35120643431635,103.4,100.0,3.351206434316353,3.351206434316353,3.4000000000000057,0.04879356568365267,3.4000000000000057,85.7,43.90000000000001,6,4,0,4,6,25.0,False,True,False,False,"Signed reconciliation and persistence evidence for review; heuristic bands are engineering choices, not MPLADS rules or final decisions."
W-000820,EXECUTION,6.086956521739131,6.1,6.1,-0.013043478260868824,0.013043478260868824,0.0,0.013043478260868824,0.0,0.0,-2.1125,0,0,0,0,8,25.0,False,False,False,False,"Signed reconciliation and persistence evidence for review; heuristic bands are engineering choices, not MPLADS rules or final decisions."
W-000821,COMPLETION,94.3064182194617,94.3,100.0,-5.693581780538295,5.693581780538295,-5.700000000000003,-0.006418219461707508,-5.700000000000003,20.39999999999999,-5.1250000000000036,1,0,0,0,4,25.0,False,False,False,False,"Signed reconciliation and persistence evidence for review; heuristic bands are engineering choices, not MPLADS rules or final decisions."
W-000823,COMPLETION,103.07125307125307,103.1,100.0,3.071253071253068,3.071253071253068,3.0999999999999943,0.028746928746926415,3.0999999999999943,54.89999999999999,26.859999999999996,5,2,0,2,5,25.0,False,True,False,False,"Signed reconciliation and persistence evidence for review; heuristic bands are engineering choices, not MPLADS rules or final decisions."
W-000824,COMPLETION,97.20430107526882,97.2,100.0,-2.795698924731184,2.795698924731184,-2.799999999999997,-0.0043010752688132925,-2.799999999999997,78.30000000000001,37.6,4,3,0,3,5,25.0,False,True,False,False,"Signed reconciliation and persistence evidence for review; heuristic bands are engineering choices, not MPLADS rules or final decisions."
W-000825,COMPLETION,101.9730510105871,102.0,100.0,1.973051010587099,1.973051010587099,2.0,0.026948989412900914,2.0,90.2,45.62500000000001,8,6,0,6,8,25.0,False,True,False,False,"Signed reconciliation and persistence evidence for review; heuristic bands are engineering choices, not MPLADS rules or final decisions."
W-000826,EXECUTION,35.59015206372194,35.6,36.0,-0.40984793627806226,0.40984793627806226,-0.3999999999999986,0.009847936278063685,-0.3999999999999986,5.200000000000003,-5.128571428571426,2,0,0,0,7,25.0,False,False,False,False,"Signed reconciliation and persistence evidence for review; heuristic bands are engineering choices, not MPLADS rules or final decisions."
W-000827,EXECUTION,77.47318235995232,77.5,79.8,-2.326817640047679,2.326817640047679,-2.299999999999997,0.026817640047681834,-2.299999999999997,55.8,21.785714285714285,5,4,0,4,7,25.0,False,True,False,False,"Signed reconciliation and persistence evidence for review; heuristic bands are engineering choices, not MPLADS rules or final decisions."
W-000828,COMPLETION,104.375,104.4,100.0,4.375,4.375,4.400000000000006,0.025000000000005684,4.400000000000006,61.900000000000006,32.61428571428572,7,4,0,4,7,25.0,False,True,False,False,"Signed reconciliation and persistence evidence for review; heuristic bands are engineering choices, not MPLADS rules or final decisions."
W-000829,COMPLETION,96.96557971014492,97.0,100.0,-3.0344202898550776,3.0344202898550776,-3.0,0.03442028985507761,-3.0,34.5,16.5,2,1,0,1,3,25.0,False,False,False,False,"Signed reconciliation and persistence evidence for review; heuristic bands are engineering choices, not MPLADS rules or final decisions."
W-000831,COMPLETION,94.6590909090909,94.7,100.0,-5.3409090909090935,5.3409090909090935,-5.299999999999997,0.040909090909096335,-5.299999999999997,65.9,21.066666666666674,4,3,0,3,6,25.0,False,True,False,False,"Signed reconciliation and persistence evidence for review; heuristic bands are engineering choices, not MPLADS rules or final decisions."
W-000832,COMPLETION,102.58591357604628,102.6,100.0,2.5859135760462806,2.5859135760462806,2.5999999999999943,0.014086423953713734,2.5999999999999943,49.99999999999999,14.499999999999995,3,2,0,2,4,25.0,False,True,False,False,"Signed reconciliation and persistence evidence for review; heuristic bands are engineering choices, not MPLADS rules or final decisions."
W-000833,EXECUTION,26.170678336980306,26.2,30.5,-4.3293216630196945,4.3293216630196945,-4.300000000000001,0.029321663019693744,-4.300000000000001,14.799999999999999,-2.5833333333333344,2,0,0,0,6,25.0,False,False,False,False,"Signed reconciliation and persistence evidence for review; heuristic bands are engineering choices, not MPLADS rules or final decisions."
W-000834,COMPLETION,107.79625779625779,107.8,100.0,7.796257796257791,7.796257796257791,7.799999999999997,0.0037422037422061294,7.799999999999997,44.2,14.200000000000003,4,1,0,1,5,25.0,False,False,False,False,"Signed reconciliation and persistence evidence for review; heuristic bands are engineering choices, not MPLADS rules or final decisions."
W-000836,COMPLETION,105.00472143531634,105.0,100.0,5.004721435316341,5.004721435316341,5.0,-0.0047214353163411715,5.0,56.39999999999999,29.849999999999994,4,3,0,3,4,25.0,False,True,False,False,"Signed reconciliation and persistence evidence for review; heuristic bands are engineering choices, not MPLADS rules or final decisions."
W-000837,EXECUTION,89.23026098447308,89.2,82.8,6.43026098447308,6.43026098447308,6.400000000000006,-0.030260984473073904,6.400000000000006,57.0,31.000000000000004,6,3,0,3,6,25.0,False,True,False,False,"Signed reconciliation and persistence evidence for review; heuristic bands are engineering choices, not MPLADS rules or final decisions."
W-000838,COMPLETION,105.00446827524576,105.0,100.0,5.004468275245756,5.004468275245756,5.0,-0.004468275245756104,5.0,61.0,35.875,4,3,0,3,4,25.0,False,True,False,False,"Signed reconciliation and persistence evidence for review; heuristic bands are engineering choices, not MPLADS rules or final decisions."
W-000839,COMPLETION,105.06756756756756,105.1,100.0,5.067567567567565,5.067567567567565,5.099999999999994,0.03243243243242944,5.099999999999994,67.5,25.219999999999995,4,3,0,3,5,25.0,False,True,False,False,"Signed reconciliation and persistence evidence for review; heuristic bands are engineering choices, not MPLADS rules or final decisions."
W-000840,COMPLETION,97.41205014152851,97.4,100.0,-2.5879498584714895,2.5879498584714895,-2.5999999999999943,-0.01205014152850481,-2.5999999999999943,79.4,39.81666666666668,5,4,0,4,6,25.0,False,True,False,False,"Signed reconciliation and persistence evidence for review; heuristic bands are engineering choices, not MPLADS rules or final decisions."
W-000841,COMPLETION,105.02019619157531,105.0,100.0,5.020196191575309,5.020196191575309,5.0,-0.02019619157530883,5.0,47.2,17.733333333333334,5,3,0,3,6,25.0,False,True,False,False,"Signed reconciliation and persistence evidence for review; heuristic bands are engineering choices, not MPLADS rules or final decisions."
W-000842,COMPLETION,101.13250283125709,101.1,100.0,1.132502831257085,1.132502831257085,1.0999999999999943,-0.03250283125709075,1.0999999999999943,38.99999999999999,17.279999999999994,4,2,0,1,5,25.0,False,False,False,False,"Signed reconciliation and persistence evidence for review; heuristic bands are engineering choices, not MPLADS rules or final decisions."
W-000843,COMPLETION,97.89886039886039,97.9,100.0,-2.1011396011396073,2.1011396011396073,-2.0999999999999943,0.001139601139612978,-2.0999999999999943,65.80000000000001,31.514285714285716,6,4,0,4,7,25.0,False,True,False,False,"Signed reconciliation and persistence evidence for review; heuristic bands are engineering choices, not MPLADS rules or final decisions."
W-000844,EXECUTION,17.320703653585927,17.3,20.0,-2.6792963464140733,2.6792963464140733,-2.6999999999999993,-0.020703653585925963,-2.6999999999999993,12.6,5.5200000000000005,4,0,0,0,5,25.0,False,False,False,False,"Signed reconciliation and persistence evidence for review; heuristic bands are engineering choices, not MPLADS rules or final decisions."
W-000845,COMPLETION,89.07894736842105,89.1,100.0,-10.921052631578945,10.921052631578945,-10.900000000000006,0.02105263157893944,-10.900000000000006,34.39999999999999,9.259999999999996,3,1,0,1,5,25.0,False,False,False,False,"Signed reconciliation and persistence evidence for review; heuristic bands are engineering choices, not MPLADS rules or final decisions."
W-000846,COMPLETION,101.28263857077417,101.3,100.0,1.2826385707741679,1.2826385707741679,1.2999999999999972,0.017361429225829283,1.2999999999999972,39.599999999999994,24.599999999999994,3,2,0,2,3,25.0,False,True,False,False,"Signed reconciliation and persistence evidence for review; heuristic bands are engineering choices, not MPLADS rules or final decisions."
W-000847,COMPLETION,103.02816901408451,103.0,100.0,3.0281690140845114,3.0281690140845114,3.0,-0.028169014084511446,3.0,60.4,29.585714285714282,7,4,0,4,7,25.0,False,True,False,False,"Signed reconciliation and persistence evidence for review; heuristic bands are engineering choices, not MPLADS rules or final decisions."
W-000848,COMPLETION,94.97104541298384,95.0,100.0,-5.028954587016159,5.028954587016159,-5.0,0.02895458701615894,-5.0,51.8,27.519999999999992,4,3,0,3,5,25.0,False,True,False,False,"Signed reconciliation and persistence evidence for review; heuristic bands are engineering choices, not MPLADS rules or final decisions."
W-000849,COMPLETION,93.66589327146171,93.7,100.0,-6.334106728538288,6.334106728538288,-6.299999999999997,0.034106728538290554,-6.299999999999997,48.1,20.3,4,2,0,2,5,25.0,False,True,False,False,"Signed reconciliation and persistence evidence for review; heuristic bands are engineering choices, not MPLADS rules or final decisions."
W-000850,COMPLETION,101.17145899893504,101.2,100.0,1.1714589989350372,1.1714589989350372,1.2000000000000028,0.0285410010649656,1.2000000000000028,75.0,29.975,7,5,0,5,8,25.0,False,True,False,False,"Signed reconciliation and persistence evidence for review; heuristic bands are engineering choices, not MPLADS rules or final decisions."
W-000851,COMPLETION,104.97906002791996,105.0,100.0,4.979060027919957,4.979060027919957,5.0,0.02093997208004339,5.0,79.4,42.85,4,3,0,3,4,25.0,False,True,False,False,"Signed reconciliation and persistence evidence for review; heuristic bands are engineering choices, not MPLADS rules or final decisions."
W-000852,EXECUTION,75.45454545454545,75.5,84.4,-8.945454545454552,8.945454545454552,-8.900000000000006,0.045454545454546746,-8.900000000000006,15.8,-11.4,2,0,0,0,6,25.0,False,False,False,False,"Signed reconciliation and persistence evidence for review; heuristic bands are engineering choices, not MPLADS rules or final decisions."
W-000853,EXECUTION,5.4100472305710605,5.4,6.1,-0.6899527694289391,0.6899527694289391,-0.6999999999999993,-0.010047230571060162,-0.6999999999999993,0.0,-2.5,0,0,0,0,8,25.0,False,False,False,False,"Signed reconciliation and persistence evidence for review; heuristic bands are engineering choices, not MPLADS rules or final decisions."
W-000854,COMPLETION,104.80494766888677,104.8,100.0,4.8049476688867685,4.8049476688867685,4.799999999999997,-0.004947668886771339,4.799999999999997,72.6,35.775,7,5,0,5,8,25.0,False,True,False,False,"Signed reconciliation and persistence evidence for review; heuristic bands are engineering choices, not MPLADS rules or final decisions."
W-000856,COMPLETION,89.46135831381733,89.5,100.0,-10.538641686182672,10.538641686182672,-10.5,0.03864168618267172,-10.5,3.6999999999999957,-2.3125000000000013,3,0,0,0,8,25.0,False,False,False,False,"Signed reconciliation and persistence evidence for review; heuristic bands are engineering choices, not MPLADS rules or final decisions."
W-000857,COMPLETION,101.54545454545455,101.5,100.0,1.5454545454545467,1.5454545454545467,1.5,-0.045454545454546746,1.5,78.1,36.42857142857143,7,5,0,5,7,25.0,False,True,False,False,"Signed reconciliation and persistence evidence for review; heuristic bands are engineering choices, not MPLADS rules or final decisions."
W-000858,EXECUTION,95.23355576739752,95.2,31.4,63.83355576739752,63.83355576739752,63.800000000000004,-0.03355576739751598,63.800000000000004,82.4,60.725,8,7,7,7,8,25.0,True,True,False,False,"Signed reconciliation and persistence evidence for review; heuristic bands are engineering choices, not MPLADS rules or final decisions."
W-000859,COMPLETION,103.3618984838497,103.4,100.0,3.3618984838497,3.3618984838497,3.4000000000000057,0.03810151615030577,3.4000000000000057,39.900000000000006,26.925000000000004,8,6,0,4,8,25.0,False,True,False,False,"Signed reconciliation and persistence evidence for review; heuristic bands are engineering choices, not MPLADS rules or final decisions."
W-000860,COMPLETION,101.39702568724651,101.4,100.0,1.3970256872465114,1.3970256872465114,1.4000000000000057,0.002974312753494246,1.4000000000000057,1.4000000000000057,-37.875,1,0,0,0,4,25.0,False,False,False,False,"Signed reconciliation and persistence evidence for review; heuristic bands are engineering choices, not MPLADS rules or final decisions."
W-000861,COMPLETION,97.98850574712644,98.0,100.0,-2.011494252873561,2.011494252873561,-2.0,0.011494252873561095,-2.0,42.1,23.350000000000005,5,3,0,2,6,25.0,False,True,False,False,"Signed reconciliation and persistence evidence for review; heuristic bands are engineering choices, not MPLADS rules or final decisions."
W-000862,COMPLETION,100.88517334644702,100.9,100.0,0.8851733464470186,0.8851733464470186,0.9000000000000057,0.014826653552987068,0.9000000000000057,53.00000000000001,13.112500000000004,5,2,0,2,8,25.0,False,True,False,False,"Signed reconciliation and persistence evidence for review; heuristic bands are engineering choices, not MPLADS rules or final decisions."
W-000863,COMPLETION,104.99461013295006,105.0,100.0,4.994610132950058,4.994610132950058,5.0,0.005389867049942154,5.0,77.5,39.4625,8,5,0,5,8,25.0,False,True,False,False,"Signed reconciliation and persistence evidence for review; heuristic bands are engineering choices, not MPLADS rules or final decisions."
W-000864,COMPLETION,102.15770890545312,102.2,100.0,2.15770890545312,2.15770890545312,2.200000000000003,0.042291094546882846,2.200000000000003,45.8,28.650000000000002,4,2,0,2,4,25.0,False,True,False,False,"Signed reconciliation and persistence evidence for review; heuristic bands are engineering choices, not MPLADS rules or final decisions."
W-000865,EXECUTION,13.59026369168357,13.6,15.2,-1.60973630831643,1.60973630831643,-1.5999999999999996,0.009736308316430353,-1.5999999999999996,0.1999999999999993,-4.2,1,0,0,0,5,25.0,False,False,False,False,"Signed reconciliation and persistence evidence for review; heuristic bands are engineering choices, not MPLADS rules or final decisions."
W-000866,COMPLETION,96.71841919548342,96.7,100.0,-3.2815808045165795,3.2815808045165795,-3.299999999999997,-0.01841919548341764,-3.299999999999997,39.7,15.875000000000004,3,1,0,1,4,25.0,False,False,False,False,"Signed reconciliation and persistence evidence for review; heuristic bands are engineering choices, not MPLADS rules or final decisions."
W-000868,COMPLETION,102.10702341137124,102.1,100.0,2.1070234113712445,2.1070234113712445,2.0999999999999943,-0.007023411371250177,2.0999999999999943,5.299999999999997,-3.433333333333335,2,0,0,0,3,25.0,False,False,False,False,"Signed reconciliation and persistence evidence for review; heuristic bands are engineering choices, not MPLADS rules or final decisions."
W-000869,COMPLETION,105.52677029360967,105.5,100.0,5.5267702936096725,5.5267702936096725,5.5,-0.026770293609672535,5.5,35.5,16.619999999999997,5,1,0,1,5,25.0,False,False,False,False,"Signed reconciliation and persistence evidence for review; heuristic bands are engineering choices, not MPLADS rules or final decisions."
W-000870,COMPLETION,97.46031746031746,97.5,100.0,-2.539682539682545,2.539682539682545,-2.5,0.03968253968254487,-2.5,35.6,21.614285714285717,6,4,0,4,7,25.0,False,True,False,False,"Signed reconciliation and persistence evidence for review; heuristic bands are engineering choices, not MPLADS rules or final decisions."
W-000871,COMPLETION,104.98500749625187,105.0,100.0,4.985007496251868,4.985007496251868,5.0,0.014992503748132435,5.0,35.5,1.3285714285714292,4,1,0,1,7,25.0,False,False,False,False,"Signed reconciliation and persistence evidence for review; heuristic bands are engineering choices, not MPLADS rules or final decisions."
W-000872,COMPLETION,104.13140866102539,104.1,100.0,4.1314086610253895,4.1314086610253895,4.099999999999994,-0.03140866102539519,4.099999999999994,36.5,14.766666666666666,3,1,0,1,3,25.0,False,False,False,False,"Signed reconciliation and persistence evidence for review; heuristic bands are engineering choices, not MPLADS rules or final decisions."
W-000873,EXECUTION,55.89600742804085,55.9,57.8,-1.9039925719591437,1.9039925719591437,-1.8999999999999986,0.0039925719591451525,-1.8999999999999986,13.2,-2.8800000000000012,2,0,0,0,5,25.0,False,False,False,False,"Signed reconciliation and persistence evidence for review; heuristic bands are engineering choices, not MPLADS rules or final decisions."
W-000874,COMPLETION,93.29446064139941,93.3,100.0,-6.705539358600589,6.705539358600589,-6.700000000000003,0.005539358600586297,-6.700000000000003,70.5,30.049999999999997,3,2,0,2,4,25.0,False,True,False,False,"Signed reconciliation and persistence evidence for review; heuristic bands are engineering choices, not MPLADS rules or final decisions."
W-000875,COMPLETION,103.50492880613362,103.5,100.0,3.50492880613362,3.50492880613362,3.5,-0.004928806133619901,3.5,54.6,14.5,3,2,0,2,4,25.0,False,True,False,False,"Signed reconciliation and persistence evidence for review; heuristic bands are engineering choices, not MPLADS rules or final decisions."
W-000876,COMPLETION,102.11764705882354,102.1,100.0,2.117647058823536,2.117647058823536,2.0999999999999943,-0.017647058823541784,2.0999999999999943,46.99999999999999,26.924999999999997,8,5,0,5,8,25.0,False,True,False,False,"Signed reconciliation and persistence evidence for review; heuristic bands are engineering choices, not MPLADS rules or final decisions."
W-000877,COMPLETION,90.7252440725244,90.7,100.0,-9.274755927475596,9.274755927475596,-9.299999999999997,-0.025244072524401417,-9.299999999999997,74.7,31.6,4,3,0,3,5,25.0,False,True,False,False,"Signed reconciliation and persistence evidence for review; heuristic bands are engineering choices, not MPLADS rules or final decisions."
W-000878,COMPLETION,106.581452270873,106.6,100.0,6.581452270873001,6.581452270873001,6.599999999999994,0.018547729126993318,6.599999999999994,90.0,48.33749999999999,8,6,0,6,8,25.0,False,True,False,False,"Signed reconciliation and persistence evidence for review; heuristic bands are engineering choices, not MPLADS rules or final decisions."
W-000879,EXECUTION,60.8955223880597,60.9,59.0,1.8955223880597032,1.8955223880597032,1.8999999999999986,0.0044776119402953896,1.8999999999999986,1.8999999999999986,-2.8333333333333335,1,0,0,0,3,25.0,False,False,False,False,"Signed reconciliation and persistence evidence for review; heuristic bands are engineering choices, not MPLADS rules or final decisions."
W-000880,COMPLETION,103.04761904761905,103.0,100.0,3.047619047619051,3.047619047619051,3.0,-0.047619047619051,3.0,66.1,37.425,8,6,0,6,8,25.0,False,True,False,False,"Signed reconciliation and persistence evidence for review; heuristic bands are engineering choices, not MPLADS rules or final decisions."
W-000881,COMPLETION,100.89887640449439,100.9,100.0,0.8988764044943878,0.8988764044943878,0.9000000000000057,0.0011235955056179137,0.9000000000000057,50.00000000000001,21.350000000000005,4,1,0,1,4,25.0,False,False,False,False,"Signed reconciliation and persistence evidence for review; heuristic bands are engineering choices, not MPLADS rules or final decisions."
W-000882,COMPLETION,105.0,105.0,100.0,5.0,5.0,5.0,0.0,5.0,57.6,34.75714285714286,7,5,0,5,7,25.0,False,True,False,False,"Signed reconciliation and persistence evidence for review; heuristic bands are engineering choices, not MPLADS rules or final decisions."
W-000883,COMPLETION,96.84977870346265,96.8,100.0,-3.150221296537353,3.150221296537353,-3.200000000000003,-0.04977870346264979,-3.200000000000003,39.3,24.24,4,3,0,3,5,25.0,False,True,False,False,"Signed reconciliation and persistence evidence for review; heuristic bands are engineering choices, not MPLADS rules or final decisions."
W-000885,COMPLETION,106.81605975723623,106.8,100.0,6.816059757236232,6.816059757236232,6.799999999999997,-0.016059757236234873,6.799999999999997,78.8,42.0,6,5,0,5,6,25.0,False,True,False,False,"Signed reconciliation and persistence evidence for review; heuristic bands are engineering choices, not MPLADS rules or final decisions."
W-000886,COMPLETION,96.96616102683781,97.0,100.0,-3.03383897316219,3.03383897316219,-3.0,0.0338389731621902,-3.0,88.5,39.96666666666666,5,4,0,4,6,25.0,False,True,False,False,"Signed reconciliation and persistence evidence for review; heuristic bands are engineering choices, not MPLADS rules or final decisions."
W-000887,EXECUTION,92.34907352062164,92.3,93.6,-1.25092647937835,1.25092647937835,-1.2999999999999972,-0.04907352062164705,-1.2999999999999972,13.700000000000003,7.533333333333336,2,0,0,0,3,25.0,False,False,False,False,"Signed reconciliation and persistence evidence for review; heuristic bands are engineering choices, not MPLADS rules or final decisions."
W-000888,COMPLETION,105.01912045889101,105.0,100.0,5.01912045889101,5.01912045889101,5.0,-0.019120458891009662,5.0,69.5,27.649999999999995,5,3,0,3,6,25.0,False,True,False,False,"Signed reconciliation and persistence evidence for review; heuristic bands are engineering choices, not MPLADS rules or final decisions."
W-000889,COMPLETION,101.86421173762946,101.9,100.0,1.8642117376294607,1.8642117376294607,1.9000000000000057,0.035788262370545,1.9000000000000057,46.800000000000004,14.600000000000005,4,1,0,1,5,25.0,False,False,False,False,"Signed reconciliation and persistence evidence for review; heuristic bands are engineering choices, not MPLADS rules or final decisions."
W-000890,COMPLETION,107.00091715071844,107.0,100.0,7.000917150718436,7.000917150718436,7.0,-0.0009171507184362326,7.0,100.3,52.728571428571435,7,5,0,5,7,25.0,False,True,False,False,"Signed reconciliation and persistence evidence for review; heuristic bands are engineering choices, not MPLADS rules or final decisions."
W-000891,EXECUTION,75.48195748887791,75.5,87.6,-12.118042511122084,12.118042511122084,-12.099999999999994,0.018042511122089877,-12.099999999999994,2.299999999999997,-7.3,1,0,0,0,3,25.0,False,False,False,False,"Signed reconciliation and persistence evidence for review; heuristic bands are engineering choices, not MPLADS rules or final decisions."
W-000892,COMPLETION,105.03144654088051,105.0,100.0,5.031446540880509,5.031446540880509,5.0,-0.03144654088050913,5.0,53.3,30.224999999999998,4,3,0,3,4,25.0,False,True,False,False,"Signed reconciliation and persistence evidence for review; heuristic bands are engineering choices, not MPLADS rules or final decisions."
W-000893,COMPLETION,101.00719424460432,101.0,100.0,1.007194244604321,1.007194244604321,1.0,-0.007194244604320943,1.0,55.4,25.550000000000004,8,4,0,4,8,25.0,False,True,False,False,"Signed reconciliation and persistence evidence for review; heuristic bands are engineering choices, not MPLADS rules or final decisions."
W-000894,EXECUTION,93.25925925925925,93.3,88.1,5.159259259259258,5.159259259259258,5.200000000000003,0.04074074074074474,5.200000000000003,5.200000000000003,-9.633333333333335,1,0,0,0,6,25.0,False,False,False,False,"Signed reconciliation and persistence evidence for review; heuristic bands are engineering choices, not MPLADS rules or final decisions."
W-000896,COMPLETION,100.75131480090158,100.8,100.0,0.7513148009015822,0.7513148009015822,0.7999999999999972,0.048685199098414955,0.7999999999999972,28.39999999999999,4.599999999999999,5,1,0,1,7,25.0,False,False,False,False,"Signed reconciliation and persistence evidence for review; heuristic bands are engineering choices, not MPLADS rules or final decisions."
W-000897,COMPLETION,105.49132947976878,105.5,100.0,5.49132947976878,5.49132947976878,5.5,0.00867052023122028,5.5,58.1,31.41428571428571,7,4,0,3,7,25.0,False,True,False,False,"Signed reconciliation and persistence evidence for review; heuristic bands are engineering choices, not MPLADS rules or final decisions."
W-000898,EXECUTION,71.51734852408079,71.5,84.1,-12.582651475919207,12.582651475919207,-12.599999999999994,-0.017348524080787797,-12.599999999999994,14.600000000000001,1.7763568394002505e-15,2,0,0,0,4,25.0,False,False,False,False,"Signed reconciliation and persistence evidence for review; heuristic bands are engineering choices, not MPLADS rules or final decisions."
W-000899,COMPLETION,103.47682119205298,103.5,100.0,3.476821192052981,3.476821192052981,3.5,0.02317880794701921,3.5,70.5,36.583333333333336,6,4,0,4,6,25.0,False,True,False,False,"Signed reconciliation and persistence evidence for review; heuristic bands are engineering choices, not MPLADS rules or final decisions."
W-000900,COMPLETION,105.50209721194177,105.5,100.0,5.5020972119417735,5.5020972119417735,5.5,-0.0020972119417734802,5.5,41.8,15.0,2,1,0,1,3,25.0,False,False,False,False,"Signed reconciliation and persistence evidence for review; heuristic bands are engineering choices, not MPLADS rules or final decisions."
W-000901,EXECUTION,78.63894139886578,78.6,76.9,1.7389413988657765,1.7389413988657765,1.6999999999999886,-0.038941398865787846,1.6999999999999886,26.599999999999994,5.366666666666661,2,1,0,1,3,25.0,False,False,False,False,"Signed reconciliation and persistence evidence for review; heuristic bands are engineering choices, not MPLADS rules or final decisions."
W-000902,EXECUTION,47.32593340060545,47.3,46.8,0.525933400605453,0.525933400605453,0.5,-0.025933400605453016,0.5,32.199999999999996,18.799999999999994,7,2,0,2,7,25.0,False,True,False,False,"Signed reconciliation and persistence evidence for review; heuristic bands are engineering choices, not MPLADS rules or final decisions."
W-000903,EXECUTION,67.80715396578537,67.8,76.2,-8.392846034214628,8.392846034214628,-8.400000000000006,-0.007153965785377636,-8.400000000000006,7.899999999999999,-7.085714285714287,1,0,0,0,7,25.0,False,False,False,False,"Signed reconciliation and persistence evidence for review; heuristic bands are engineering choices, not MPLADS rules or final decisions."
W-000904,COMPLETION,102.62345679012346,102.6,100.0,2.6234567901234556,2.6234567901234556,2.5999999999999943,-0.023456790123461246,2.5999999999999943,2.5999999999999943,-21.933333333333337,1,0,0,0,3,25.0,False,False,False,False,"Signed reconciliation and persistence evidence for review; heuristic bands are engineering choices, not MPLADS rules or final decisions."
W-000905,COMPLETION,103.33919156414763,103.3,100.0,3.339191564147626,3.339191564147626,3.299999999999997,-0.03919156414762881,3.299999999999997,29.5,4.199999999999999,3,1,0,1,4,25.0,False,False,False,False,"Signed reconciliation and persistence evidence for review; heuristic bands are engineering choices, not MPLADS rules or final decisions."
W-000906,EXECUTION,90.33927544565843,90.3,90.0,0.33927544565842993,0.33927544565842993,0.29999999999999716,-0.03927544565843277,0.29999999999999716,63.4,32.06666666666667,3,2,0,2,3,25.0,False,True,False,False,"Signed reconciliation and persistence evidence for review; heuristic bands are engineering choices, not MPLADS rules or final decisions."
W-000907,COMPLETION,105.078125,105.1,100.0,5.078125,5.078125,5.099999999999994,0.021874999999994316,5.099999999999994,59.099999999999994,22.016666666666662,5,3,0,3,6,25.0,False,True,False,False,"Signed reconciliation and persistence evidence for review; heuristic bands are engineering choices, not MPLADS rules or final decisions."
W-000909,COMPLETION,89.17748917748918,89.2,100.0,-10.822510822510822,10.822510822510822,-10.799999999999997,0.02251082251082437,-10.799999999999997,16.5,-2.857142857142858,2,0,0,0,7,25.0,False,False,False,False,"Signed reconciliation and persistence evidence for review; heuristic bands are engineering choices, not MPLADS rules or final decisions."
W-000910,EXECUTION,86.65358194308145,86.7,21.1,65.55358194308144,65.55358194308144,65.6,0.046418056918554385,65.6,67.7,43.625,3,3,3,3,4,25.0,True,True,False,False,"Signed reconciliation and persistence evidence for review; heuristic bands are engineering choices, not MPLADS rules or final decisions."
W-000911,EXECUTION,61.879049676025915,61.9,71.8,-9.920950323974083,9.920950323974083,-9.899999999999999,0.02095032397408403,-9.899999999999999,6.9,-5.8,1,0,0,0,5,25.0,False,False,False,False,"Signed reconciliation and persistence evidence for review; heuristic bands are engineering choices, not MPLADS rules or final decisions."
W-000912,COMPLETION,92.03703703703704,92.0,100.0,-7.962962962962962,7.962962962962962,-8.0,-0.03703703703703809,-8.0,38.99999999999999,18.38571428571428,6,2,0,1,7,25.0,False,False,False,False,"Signed reconciliation and persistence evidence for review; heuristic bands are engineering choices, not MPLADS rules or final decisions."
W-000913,EXECUTION,91.01635827299545,91.0,85.1,5.916358272995453,5.916358272995453,5.900000000000006,-0.01635827299544701,5.900000000000006,63.6,36.43333333333334,3,2,0,2,3,25.0,False,True,False,False,"Signed reconciliation and persistence evidence for review; heuristic bands are engineering choices, not MPLADS rules or final decisions."
W-000914,COMPLETION,97.09131075110457,97.1,100.0,-2.9086892488954277,2.9086892488954277,-2.9000000000000057,0.008689248895421997,-2.9000000000000057,38.599999999999994,-1.414285714285717,3,1,0,1,7,25.0,False,False,False,False,"Signed reconciliation and persistence evidence for review; heuristic bands are engineering choices, not MPLADS rules or final decisions."
W-000915,EXECUTION,78.54697603651579,78.5,91.3,-12.75302396348421,12.75302396348421,-12.799999999999997,-0.046976036515786745,-12.799999999999997,25.700000000000003,2.0500000000000007,2,1,0,1,4,25.0,False,False,False,False,"Signed reconciliation and persistence evidence for review; heuristic bands are engineering choices, not MPLADS rules or final decisions."
W-000916,EXECUTION,23.509933774834437,23.5,22.8,0.7099337748344361,0.7099337748344361,0.6999999999999993,-0.009933774834436804,0.6999999999999993,2.3999999999999986,0.9333333333333327,2,0,0,0,3,25.0,False,False,False,False,"Signed reconciliation and persistence evidence for review; heuristic bands are engineering choices, not MPLADS rules or final decisions."
W-000917,COMPLETION,100.7469654528478,100.7,100.0,0.7469654528478031,0.7469654528478031,0.7000000000000028,-0.04696545284780029,0.7000000000000028,61.599999999999994,35.550000000000004,8,5,0,5,8,25.0,False,True,False,False,"Signed reconciliation and persistence evidence for review; heuristic bands are engineering choices, not MPLADS rules or final decisions."
W-000918,COMPLETION,98.72105081230556,98.7,100.0,-1.2789491876944368,1.2789491876944368,-1.2999999999999972,-0.021050812305560385,-1.2999999999999972,79.1,39.760000000000005,4,3,0,3,5,25.0,False,True,False,False,"Signed reconciliation and persistence evidence for review; heuristic bands are engineering choices, not MPLADS rules or final decisions."
W-000919,COMPLETION,102.37615787354007,102.4,100.0,2.376157873540066,2.376157873540066,2.4000000000000057,0.02384212645993955,2.4000000000000057,31.200000000000003,-1.0249999999999986,2,1,0,1,4,25.0,False,False,False,False,"Signed reconciliation and persistence evidence for review; heuristic bands are engineering choices, not MPLADS rules or final decisions."
W-000920,EXECUTION,85.34583821805393,85.3,94.2,-8.854161781946075,8.854161781946075,-8.900000000000006,-0.04583821805393029,-8.900000000000006,50.699999999999996,14.412499999999996,5,2,0,2,8,25.0,False,True,False,False,"Signed reconciliation and persistence evidence for review; heuristic bands are engineering choices, not MPLADS rules or final decisions."
W-000921,COMPLETION,98.55203619909503,98.6,100.0,-1.4479638009049722,1.4479638009049722,-1.4000000000000057,0.04796380090496655,-1.4000000000000057,15.5,8.225,3,0,0,0,4,25.0,False,False,False,False,"Signed reconciliation and persistence evidence for review; heuristic bands are engineering choices, not MPLADS rules or final decisions."
W-000922,EXECUTION,38.88504155124654,38.9,41.4,-2.514958448753461,2.514958448753461,-2.5,0.014958448753461084,-2.5,3.099999999999998,-0.7250000000000001,1,0,0,0,4,25.0,False,False,False,False,"Signed reconciliation and persistence evidence for review; heuristic bands are engineering choices, not MPLADS rules or final decisions."
W-000923,EXECUTION,59.33456561922366,59.3,59.8,-0.4654343807763368,0.4654343807763368,-0.5,-0.03456561922366319,-0.5,7.899999999999999,0.2666666666666669,1,0,0,0,3,25.0,False,False,False,False,"Signed reconciliation and persistence evidence for review; heuristic bands are engineering choices, not MPLADS rules or final decisions."
W-000925,EXECUTION,94.33106575963718,94.3,94.2,0.13106575963718115,0.13106575963718115,0.09999999999999432,-0.03106575963718683,0.09999999999999432,27.599999999999994,-10.775000000000002,2,1,0,1,4,25.0,False,False,False,False,"Signed reconciliation and persistence evidence for review; heuristic bands are engineering choices, not MPLADS rules or final decisions."
W-000926,COMPLETION,92.02898550724638,92.0,100.0,-7.971014492753625,7.971014492753625,-8.0,-0.028985507246375164,-8.0,67.1,33.037499999999994,6,5,0,5,8,25.0,False,True,False,False,"Signed reconciliation and persistence evidence for review; heuristic bands are engineering choices, not MPLADS rules or final decisions."
W-000927,COMPLETION,104.98511904761905,105.0,100.0,4.985119047619051,4.985119047619051,5.0,0.014880952380948997,5.0,76.0,34.7,6,3,0,3,6,25.0,False,True,False,False,"Signed reconciliation and persistence evidence for review; heuristic bands are engineering choices, not MPLADS rules or final decisions."
W-000928,EXECUTION,84.54332552693208,84.5,87.5,-2.9566744730679204,2.9566744730679204,-3.0,-0.04332552693207958,-3.0,20.6,5.016666666666667,4,0,0,0,6,25.0,False,False,False,False,"Signed reconciliation and persistence evidence for review; heuristic bands are engineering choices, not MPLADS rules or final decisions."
W-000929,COMPLETION,90.4494382022472,90.4,100.0,-9.550561797752806,9.550561797752806,-9.599999999999994,-0.0494382022471882,-9.599999999999994,9.300000000000011,-7.719999999999997,2,0,0,0,5,25.0,False,False,False,False,"Signed reconciliation and persistence evidence for review; heuristic bands are engineering choices, not MPLADS rules or final decisions."
W-000930,COMPLETION,88.10606060606061,88.1,100.0,-11.893939393939391,11.893939393939391,-11.900000000000006,-0.006060606060614759,-11.900000000000006,35.99999999999999,12.687499999999998,6,2,0,2,8,25.0,False,True,False,False,"Signed reconciliation and persistence evidence for review; heuristic bands are engineering choices, not MPLADS rules or final decisions."
W-000931,EXECUTION,81.48914167528439,81.5,89.8,-8.31085832471561,8.31085832471561,-8.299999999999997,0.010858324715613321,-8.299999999999997,12.299999999999997,-12.88,1,0,0,0,5,25.0,False,False,False,False,"Signed reconciliation and persistence evidence for review; heuristic bands are engineering choices, not MPLADS rules or final decisions."
W-000932,EXECUTION,93.41205717837165,93.4,94.6,-1.18794282162834,1.18794282162834,-1.1999999999999886,-0.012057178371648547,-1.1999999999999886,25.200000000000003,4.5000000000000036,2,1,0,1,4,25.0,False,False,False,False,"Signed reconciliation and persistence evidence for review; heuristic bands are engineering choices, not MPLADS rules or final decisions."
W-000933,COMPLETION,103.80787537862398,103.8,100.0,3.807875378623976,3.807875378623976,3.799999999999997,-0.00787537862397869,3.799999999999997,72.9,38.025,8,6,0,6,8,25.0,False,True,False,False,"Signed reconciliation and persistence evidence for review; heuristic bands are engineering choices, not MPLADS rules or final decisions."
W-000934,COMPLETION,128.09110629067246,128.1,100.0,28.091106290672457,28.091106290672457,28.099999999999994,0.008893709327537636,28.099999999999994,69.1,16.779999999999994,3,3,3,3,5,25.0,True,True,False,False,"Signed reconciliation and persistence evidence for review; heuristic bands are engineering choices, not MPLADS rules or final decisions."
W-000935,COMPLETION,100.79312623925975,100.8,100.0,0.7931262392597489,0.7931262392597489,0.7999999999999972,0.006873760740248258,0.7999999999999972,39.699999999999996,24.766666666666666,3,2,0,2,3,25.0,False,True,False,False,"Signed reconciliation and persistence evidence for review; heuristic bands are engineering choices, not MPLADS rules or final decisions."
W-000936,COMPLETION,105.00360837142169,105.0,100.0,5.0036083714216915,5.0036083714216915,5.0,-0.0036083714216914586,5.0,32.7,16.283333333333335,6,1,0,1,6,25.0,False,False,False,False,"Signed reconciliation and persistence evidence for review; heuristic bands are engineering choices, not MPLADS rules or final decisions."
W-000937,COMPLETION,101.9057519057519,101.9,100.0,1.9057519057518988,1.9057519057518988,1.9000000000000057,-0.005751905751893105,1.9000000000000057,51.50000000000001,8.816666666666672,4,2,0,2,6,25.0,False,True,False,False,"Signed reconciliation and persistence evidence for review; heuristic bands are engineering choices, not MPLADS rules or final decisions."
W-000938,EXECUTION,27.159880834160873,27.2,27.9,-0.7401191658391255,0.7401191658391255,-0.6999999999999993,0.040119165839126225,-0.6999999999999993,2.6999999999999993,-0.03333333333333351,1,0,0,0,3,25.0,False,False,False,False,"Signed reconciliation and persistence evidence for review; heuristic bands are engineering choices, not MPLADS rules or final decisions."
W-000939,COMPLETION,97.47508305647841,97.5,100.0,-2.524916943521589,2.524916943521589,-2.5,0.02491694352158902,-2.5,73.1,35.412499999999994,7,5,0,5,8,25.0,False,True,False,False,"Signed reconciliation and persistence evidence for review; heuristic bands are engineering choices, not MPLADS rules or final decisions."
W-000940,COMPLETION,106.06962213626896,106.1,100.0,6.069622136268961,6.069622136268961,6.099999999999994,0.030377863731033017,6.099999999999994,67.1,35.199999999999996,5,3,0,3,5,25.0,False,True,False,False,"Signed reconciliation and persistence evidence for review; heuristic bands are engineering choices, not MPLADS rules or final decisions."
W-000941,COMPLETION,100.71335927367056,100.7,100.0,0.7133592736705623,0.7133592736705623,0.7000000000000028,-0.013359273670559446,0.7000000000000028,71.30000000000001,36.31428571428571,7,5,0,5,7,25.0,False,True,False,False,"Signed reconciliation and persistence evidence for review; heuristic bands are engineering choices, not MPLADS rules or final decisions."
W-000942,EXECUTION,76.94770544290289,76.9,82.7,-5.752294557097116,5.752294557097116,-5.799999999999997,-0.047705442902881146,-5.799999999999997,14.200000000000003,-0.4000000000000001,2,0,0,0,7,25.0,False,False,False,False,"Signed reconciliation and persistence evidence for review; heuristic bands are engineering choices, not MPLADS rules or final decisions."
W-000944,COMPLETION,98.33274210713019,98.3,100.0,-1.667257892869813,1.667257892869813,-1.7000000000000028,-0.03274210713018988,-1.7000000000000028,51.199999999999996,18.1375,7,3,0,3,8,25.0,False,True,False,False,"Signed reconciliation and persistence evidence for review; heuristic bands are engineering choices, not MPLADS rules or final decisions."
W-000945,COMPLETION,104.71846492607739,104.7,100.0,4.718464926077388,4.718464926077388,4.700000000000003,-0.018464926077385257,4.700000000000003,47.800000000000004,21.512500000000003,8,4,0,3,8,25.0,False,True,False,False,"Signed reconciliation and persistence evidence for review; heuristic bands are engineering choices, not MPLADS rules or final decisions."
W-000946,COMPLETION,94.00826446280992,94.0,100.0,-5.991735537190081,5.991735537190081,-6.0,-0.008264462809918882,-6.0,15.400000000000006,-3.5199999999999987,1,0,0,0,5,25.0,False,False,False,False,"Signed reconciliation and persistence evidence for review; heuristic bands are engineering choices, not MPLADS rules or final decisions."
W-000947,COMPLETION,101.02678571428571,101.0,100.0,1.0267857142857082,1.0267857142857082,1.0,-0.026785714285708195,1.0,41.0,23.166666666666668,3,2,0,2,3,25.0,False,True,False,False,"Signed reconciliation and persistence evidence for review; heuristic bands are engineering choices, not MPLADS rules or final decisions."
W-000948,COMPLETION,101.80995475113122,101.8,100.0,1.8099547511312153,1.8099547511312153,1.7999999999999972,-0.009954751131218131,1.7999999999999972,52.3,18.499999999999996,3,1,0,1,4,25.0,False,False,False,False,"Signed reconciliation and persistence evidence for review; heuristic bands are engineering choices, not MPLADS rules or final decisions."
W-000950,COMPLETION,94.84808454425364,94.8,100.0,-5.151915455746362,5.151915455746362,-5.200000000000003,-0.048084544253640615,-5.200000000000003,30.799999999999997,10.824999999999998,6,1,0,1,8,25.0,False,False,False,False,"Signed reconciliation and persistence evidence for review; heuristic bands are engineering choices, not MPLADS rules or final decisions."
W-000951,EXECUTION,90.99509460406448,91.0,92.5,-1.5049053959355234,1.5049053959355234,-1.5,0.004905395935523416,-1.5,66.6,30.833333333333332,2,2,0,2,3,25.0,False,True,False,False,"Signed reconciliation and persistence evidence for review; heuristic bands are engineering choices, not MPLADS rules or final decisions."
W-000952,COMPLETION,107.52780153977758,107.5,100.0,7.527801539777585,7.527801539777585,7.5,-0.027801539777584594,7.5,66.8,23.78,4,3,0,3,5,25.0,False,True,False,False,"Signed reconciliation and persistence evidence for review; heuristic bands are engineering choices, not MPLADS rules or final decisions."
W-000953,COMPLETION,98.375,98.4,100.0,-1.625,1.625,-1.5999999999999943,0.025000000000005684,-1.5999999999999943,69.9,36.78750000000001,7,5,0,5,8,25.0,False,True,False,False,"Signed reconciliation and persistence evidence for review; heuristic bands are engineering choices, not MPLADS rules or final decisions."
W-000954,COMPLETION,103.17991631799163,103.2,100.0,3.1799163179916263,3.1799163179916263,3.200000000000003,0.020083682008376513,3.200000000000003,64.4,31.779999999999994,5,2,0,2,5,25.0,False,True,False,False,"Signed reconciliation and persistence evidence for review; heuristic bands are engineering choices, not MPLADS rules or final decisions."
W-000955,EXECUTION,67.52577319587628,67.5,69.2,-1.6742268041237196,1.6742268041237196,-1.7000000000000028,-0.02577319587628324,-1.7000000000000028,14.2,0.366666666666666,1,0,0,0,3,25.0,False,False,False,False,"Signed reconciliation and persistence evidence for review; heuristic bands are engineering choices, not MPLADS rules or final decisions."
W-000958,COMPLETION,93.56592659719075,93.6,100.0,-6.434073402809247,6.434073402809247,-6.400000000000006,0.034073402809241315,-6.400000000000006,40.89999999999999,10.633333333333331,4,1,0,1,6,25.0,False,False,False,False,"Signed reconciliation and persistence evidence for review; heuristic bands are engineering choices, not MPLADS rules or final decisions."
W-000959,COMPLETION,106.16949152542372,106.2,100.0,6.169491525423723,6.169491525423723,6.200000000000003,0.03050847457627981,6.200000000000003,6.200000000000003,-2.5,1,0,0,0,3,25.0,False,False,False,False,"Signed reconciliation and persistence evidence for review; heuristic bands are engineering choices, not MPLADS rules or final decisions."
W-000960,COMPLETION,104.29307384087006,104.3,100.0,4.293073840870065,4.293073840870065,4.299999999999997,0.00692615912993233,4.299999999999997,71.3,38.36666666666667,3,2,0,2,3,25.0,False,True,False,False,"Signed reconciliation and persistence evidence for review; heuristic bands are engineering choices, not MPLADS rules or final decisions."
W-000961,COMPLETION,105.0,105.0,100.0,5.0,5.0,5.0,0.0,5.0,66.2,21.375,6,4,0,4,8,25.0,False,True,False,False,"Signed reconciliation and persistence evidence for review; heuristic bands are engineering choices, not MPLADS rules or final decisions."
W-000962,EXECUTION,32.04047217537943,32.0,32.1,-0.05952782462057371,0.05952782462057371,-0.10000000000000142,-0.04047217537942771,-0.10000000000000142,-0.10000000000000142,-6.2250000000000005,0,0,0,0,4,25.0,False,False,False,False,"Signed reconciliation and persistence evidence for review; heuristic bands are engineering choices, not MPLADS rules or final decisions."
W-000964,COMPLETION,107.17154331612163,107.2,100.0,7.171543316121628,7.171543316121628,7.200000000000003,0.028456683878374633,7.200000000000003,44.1,13.675,7,2,0,2,8,25.0,False,True,False,False,"Signed reconciliation and persistence evidence for review; heuristic bands are engineering choices, not MPLADS rules or final decisions."
W-000965,COMPLETION,106.3030303030303,106.3,100.0,6.303030303030297,6.303030303030297,6.299999999999997,-0.0030303030303002743,6.299999999999997,43.699999999999996,17.314285714285713,6,3,0,3,7,25.0,False,True,False,False,"Signed reconciliation and persistence evidence for review; heuristic bands are engineering choices, not MPLADS rules or final decisions."
W-000966,COMPLETION,96.27659574468085,96.3,100.0,-3.723404255319153,3.723404255319153,-3.700000000000003,0.023404255319150025,-3.700000000000003,48.7,22.859999999999996,4,2,0,2,5,25.0,False,True,False,False,"Signed reconciliation and persistence evidence for review; heuristic bands are engineering choices, not MPLADS rules or final decisions."
W-000967,COMPLETION,92.87184765826042,92.9,100.0,-7.128152341739579,7.128152341739579,-7.099999999999994,0.028152341739584585,-7.099999999999994,36.7,11.933333333333337,2,1,0,1,3,25.0,False,False,False,False,"Signed reconciliation and persistence evidence for review; heuristic bands are engineering choices, not MPLADS rules or final decisions."
W-000968,COMPLETION,105.02008032128514,105.0,100.0,5.0200803212851355,5.0200803212851355,5.0,-0.020080321285135483,5.0,52.7,32.942857142857136,7,5,0,5,7,25.0,False,True,False,False,"Signed reconciliation and persistence evidence for review; heuristic bands are engineering choices, not MPLADS rules or final decisions."
W-000969,COMPLETION,90.53084648493544,90.5,100.0,-9.469153515064562,9.469153515064562,-9.5,-0.030846484935437957,-9.5,64.1,28.474999999999998,3,2,0,2,4,25.0,False,True,False,False,"Signed reconciliation and persistence evidence for review; heuristic bands are engineering choices, not MPLADS rules or final decisions."
W-000970,COMPLETION,103.04274329872011,103.0,100.0,3.0427432987201115,3.0427432987201115,3.0,-0.04274329872011151,3.0,68.1,38.666666666666664,6,4,0,4,6,25.0,False,True,False,False,"Signed reconciliation and persistence evidence for review; heuristic bands are engineering choices, not MPLADS rules or final decisions."
W-000972,COMPLETION,97.81761496492595,97.8,100.0,-2.1823850350740486,2.1823850350740486,-2.200000000000003,-0.01761496492595427,-2.200000000000003,-2.200000000000003,-41.457142857142856,0,0,0,0,7,25.0,False,False,False,False,"Signed reconciliation and persistence evidence for review; heuristic bands are engineering choices, not MPLADS rules or final decisions."
W-000973,EXECUTION,96.14921780986764,96.1,89.3,6.849217809867639,6.849217809867639,6.799999999999997,-0.049217809867641904,6.799999999999997,48.39999999999999,21.424999999999994,3,2,0,2,4,25.0,False,True,False,False,"Signed reconciliation and persistence evidence for review; heuristic bands are engineering choices, not MPLADS rules or final decisions."
W-000974,COMPLETION,101.12546894539392,101.1,100.0,1.1254689453939193,1.1254689453939193,1.0999999999999943,-0.02546894539392497,1.0999999999999943,58.89999999999999,19.859999999999992,4,2,0,2,5,25.0,False,True,False,False,"Signed reconciliation and persistence evidence for review; heuristic bands are engineering choices, not MPLADS rules or final decisions."
W-000975,COMPLETION,100.0,100.0,100.0,0.0,0.0,0.0,0.0,0.0,13.799999999999997,1.6999999999999993,1,0,0,0,3,25.0,False,False,False,False,"Signed reconciliation and persistence evidence for review; heuristic bands are engineering choices, not MPLADS rules or final decisions."
W-000976,COMPLETION,104.99139414802066,105.0,100.0,4.99139414802066,4.99139414802066,5.0,0.008605851979339718,5.0,92.6,48.76666666666667,6,4,0,4,6,25.0,False,True,False,False,"Signed reconciliation and persistence evidence for review; heuristic bands are engineering choices, not MPLADS rules or final decisions."
W-000977,COMPLETION,104.06976744186046,104.1,100.0,4.0697674418604635,4.0697674418604635,4.099999999999994,0.030232558139530852,4.099999999999994,69.69999999999999,20.949999999999996,6,4,0,4,8,25.0,False,True,False,False,"Signed reconciliation and persistence evidence for review; heuristic bands are engineering choices, not MPLADS rules or final decisions."
W-000978,COMPLETION,104.98194945848375,105.0,100.0,4.981949458483754,4.981949458483754,5.0,0.018050541516245744,5.0,57.199999999999996,20.43333333333333,5,2,0,2,6,25.0,False,True,False,False,"Signed reconciliation and persistence evidence for review; heuristic bands are engineering choices, not MPLADS rules or final decisions."
W-000979,EXECUTION,76.30023640661939,76.3,76.6,-0.29976359338060377,0.29976359338060377,-0.29999999999999716,-0.00023640661939339225,-0.29999999999999716,20.799999999999997,-8.1,3,0,0,0,8,25.0,False,False,False,False,"Signed reconciliation and persistence evidence for review; heuristic bands are engineering choices, not MPLADS rules or final decisions."
W-000980,COMPLETION,97.52066115702479,97.5,100.0,-2.47933884297521,2.47933884297521,-2.5,-0.0206611570247901,-2.5,71.9,32.25714285714286,6,3,0,3,7,25.0,False,True,False,False,"Signed reconciliation and persistence evidence for review; heuristic bands are engineering choices, not MPLADS rules or final decisions."
W-000981,COMPLETION,105.63325563325563,105.6,100.0,5.633255633255629,5.633255633255629,5.599999999999994,-0.033255633255635075,5.599999999999994,35.300000000000004,25.166666666666668,3,2,0,2,3,25.0,False,True,False,False,"Signed reconciliation and persistence evidence for review; heuristic bands are engineering choices, not MPLADS rules or final decisions."
W-000982,EXECUTION,25.387476751394917,25.4,26.7,-1.312523248605082,1.312523248605082,-1.3000000000000007,0.01252324860508125,-1.3000000000000007,-1.0,-2.3333333333333344,0,0,0,0,3,25.0,False,False,False,False,"Signed reconciliation and persistence evidence for review; heuristic bands are engineering choices, not MPLADS rules or final decisions."
W-000983,COMPLETION,101.15416323165705,101.2,100.0,1.1541632316570514,1.1541632316570514,1.2000000000000028,0.04583676834295147,1.2000000000000028,52.1,18.12,4,2,0,2,5,25.0,False,True,False,False,"Signed reconciliation and persistence evidence for review; heuristic bands are engineering choices, not MPLADS rules or final decisions."
W-000984,EXECUTION,83.18999218139172,83.2,87.0,-3.810007818608284,3.810007818608284,-3.799999999999997,0.010007818608286811,-3.799999999999997,-1.3000000000000007,-10.966666666666667,0,0,0,0,6,25.0,False,False,False,False,"Signed reconciliation and persistence evidence for review; heuristic bands are engineering choices, not MPLADS rules or final decisions."
W-000985,EXECUTION,79.41869599371563,79.4,86.3,-6.881304006284367,6.881304006284367,-6.8999999999999915,-0.01869599371562458,-6.8999999999999915,7.0,-4.124999999999998,2,0,0,0,4,25.0,False,False,False,False,"Signed reconciliation and persistence evidence for review; heuristic bands are engineering choices, not MPLADS rules or final decisions."
W-000986,COMPLETION,100.92281879194631,100.9,100.0,0.9228187919463124,0.9228187919463124,0.9000000000000057,-0.02281879194630676,0.9000000000000057,44.400000000000006,20.300000000000004,5,3,0,3,6,25.0,False,True,False,False,"Signed reconciliation and persistence evidence for review; heuristic bands are engineering choices, not MPLADS rules or final decisions."
W-000987,EXECUTION,53.49428208386277,53.5,50.4,3.0942820838627725,3.0942820838627725,3.1000000000000014,0.00571791613722894,3.1000000000000014,8.799999999999997,-10.18,2,0,0,0,5,25.0,False,False,False,False,"Signed reconciliation and persistence evidence for review; heuristic bands are engineering choices, not MPLADS rules or final decisions."
W-000988,COMPLETION,105.1931602279924,105.2,100.0,5.193160227992394,5.193160227992394,5.200000000000003,0.006839772007609213,5.200000000000003,71.30000000000001,29.983333333333338,5,3,0,3,6,25.0,False,True,False,False,"Signed reconciliation and persistence evidence for review; heuristic bands are engineering choices, not MPLADS rules or final decisions."
W-000989,COMPLETION,100.73159579332419,100.7,100.0,0.731595793324189,0.731595793324189,0.7000000000000028,-0.03159579332418616,0.7000000000000028,65.30000000000001,25.580000000000005,5,2,0,2,5,25.0,False,True,False,False,"Signed reconciliation and persistence evidence for review; heuristic bands are engineering choices, not MPLADS rules or final decisions."
W-000990,COMPLETION,105.62943262411348,105.6,100.0,5.629432624113477,5.629432624113477,5.599999999999994,-0.029432624113482575,5.599999999999994,25.400000000000002,-4.3666666666666645,3,1,0,1,6,25.0,False,False,False,False,"Signed reconciliation and persistence evidence for review; heuristic bands are engineering choices, not MPLADS rules or final decisions."
W-000991,COMPLETION,91.22340425531915,91.2,100.0,-8.776595744680847,8.776595744680847,-8.799999999999997,-0.023404255319150025,-8.799999999999997,25.799999999999997,8.2875,6,1,0,1,8,25.0,False,False,False,False,"Signed reconciliation and persistence evidence for review; heuristic bands are engineering choices, not MPLADS rules or final decisions."
W-000992,COMPLETION,102.51046025104603,102.5,100.0,2.5104602510460268,2.5104602510460268,2.5,-0.01046025104602677,2.5,68.0,33.233333333333334,6,4,0,4,6,25.0,False,True,False,False,"Signed reconciliation and persistence evidence for review; heuristic bands are engineering choices, not MPLADS rules or final decisions."
W-000993,COMPLETION,104.61922596754057,104.6,100.0,4.619225967540572,4.619225967540572,4.599999999999994,-0.019225967540577926,4.599999999999994,41.49999999999999,20.533333333333328,3,1,0,1,3,25.0,False,False,False,False,"Signed reconciliation and persistence evidence for review; heuristic bands are engineering choices, not MPLADS rules or final decisions."
W-000994,COMPLETION,91.76970633693972,91.8,100.0,-8.23029366306028,8.23029366306028,-8.200000000000003,0.030293663060277254,-8.200000000000003,34.199999999999996,19.275,3,2,0,2,4,25.0,False,True,False,False,"Signed reconciliation and persistence evidence for review; heuristic bands are engineering choices, not MPLADS rules or final decisions."
W-000995,COMPLETION,102.11510083620266,102.1,100.0,2.1151008362026573,2.1151008362026573,2.0999999999999943,-0.015100836202663004,2.0999999999999943,64.89999999999999,26.042857142857144,6,4,0,4,7,25.0,False,True,False,False,"Signed reconciliation and persistence evidence for review; heuristic bands are engineering choices, not MPLADS rules or final decisions."
W-000996,COMPLETION,103.10932798395186,103.1,100.0,3.1093279839518573,3.1093279839518573,3.0999999999999943,-0.009327983951862961,3.0999999999999943,3.0999999999999943,-16.714285714285715,1,0,0,0,7,25.0,False,False,False,False,"Signed reconciliation and persistence evidence for review; heuristic bands are engineering choices, not MPLADS rules or final decisions."
W-000997,COMPLETION,104.73977695167287,104.7,100.0,4.739776951672866,4.739776951672866,4.700000000000003,-0.03977695167286299,4.700000000000003,4.700000000000003,-9.066666666666666,1,0,0,0,3,25.0,False,False,False,False,"Signed reconciliation and persistence evidence for review; heuristic bands are engineering choices, not MPLADS rules or final decisions."
W-000998,COMPLETION,96.97970740915527,97.0,100.0,-3.0202925908447327,3.0202925908447327,-3.0,0.020292590844732672,-3.0,8.0,-7.783333333333335,1,0,0,0,6,25.0,False,False,False,False,"Signed reconciliation and persistence evidence for review; heuristic bands are engineering choices, not MPLADS rules or final decisions."
W-001000,COMPLETION,106.57941280509374,106.6,100.0,6.579412805093739,6.579412805093739,6.599999999999994,0.02058719490625549,6.599999999999994,53.89999999999999,32.02499999999999,4,3,0,3,4,25.0,False,True,False,False,"Signed reconciliation and persistence evidence for review; heuristic bands are engineering choices, not MPLADS rules or final decisions."
W-001001,COMPLETION,106.32133450395084,106.3,100.0,6.321334503950837,6.321334503950837,6.299999999999997,-0.02133450395083969,6.299999999999997,55.5,26.25,4,2,0,2,4,25.0,False,True,False,False,"Signed reconciliation and persistence evidence for review; heuristic bands are engineering choices, not MPLADS rules or final decisions."
W-001002,COMPLETION,92.8639391056137,92.9,100.0,-7.136060894386304,7.136060894386304,-7.099999999999994,0.03606089438630988,-7.099999999999994,62.7,28.000000000000007,7,4,0,4,8,25.0,False,True,False,False,"Signed reconciliation and persistence evidence for review; heuristic bands are engineering choices, not MPLADS rules or final decisions."
W-001003,COMPLETION,101.6470588235294,101.6,100.0,1.647058823529406,1.647058823529406,1.5999999999999943,-0.0470588235294116,1.5999999999999943,87.39999999999999,44.99999999999999,8,6,0,6,8,25.0,False,True,False,False,"Signed reconciliation and persistence evidence for review; heuristic bands are engineering choices, not MPLADS rules or final decisions."
W-001004,COMPLETION,102.14115781126091,102.1,100.0,2.1411578112609106,2.1411578112609106,2.0999999999999943,-0.04115781126091633,2.0999999999999943,43.199999999999996,12.949999999999996,6,3,0,3,8,25.0,False,True,False,False,"Signed reconciliation and persistence evidence for review; heuristic bands are engineering choices, not MPLADS rules or final decisions."
W-001005,EXECUTION,162.14511041009465,162.1,41.0,121.14511041009465,121.14511041009465,121.1,-0.04511041009465089,121.1,127.8,86.37142857142858,6,6,6,6,7,25.0,True,True,False,False,"Signed reconciliation and persistence evidence for review; heuristic bands are engineering choices, not MPLADS rules or final decisions."
W-001006,COMPLETION,94.85346676197284,94.9,100.0,-5.1465332380271605,5.1465332380271605,-5.099999999999994,0.046533238027166135,-5.099999999999994,30.10000000000001,16.900000000000002,2,2,0,2,3,25.0,False,True,False,False,"Signed reconciliation and persistence evidence for review; heuristic bands are engineering choices, not MPLADS rules or final decisions."
W-001007,COMPLETION,106.86383928571429,106.9,100.0,6.863839285714292,6.863839285714292,6.900000000000006,0.03616071428571388,6.900000000000006,66.4,32.314285714285724,7,4,0,4,7,25.0,False,True,False,False,"Signed reconciliation and persistence evidence for review; heuristic bands are engineering choices, not MPLADS rules or final decisions."
W-001008,EXECUTION,56.43623361144219,56.4,60.3,-3.8637663885578064,3.8637663885578064,-3.8999999999999986,-0.03623361144219217,-3.8999999999999986,-1.8000000000000007,-2.833333333333332,0,0,0,0,3,25.0,False,False,False,False,"Signed reconciliation and persistence evidence for review; heuristic bands are engineering choices, not MPLADS rules or final decisions."
W-001009,COMPLETION,98.40637450199203,98.4,100.0,-1.5936254980079667,1.5936254980079667,-1.5999999999999943,-0.006374501992027604,-1.5999999999999943,45.10000000000001,15.250000000000007,2,1,0,1,4,25.0,False,False,False,False,"Signed reconciliation and persistence evidence for review; heuristic bands are engineering choices, not MPLADS rules or final decisions."
W-001010,COMPLETION,93.33756345177665,93.3,100.0,-6.662436548223354,6.662436548223354,-6.700000000000003,-0.03756345177664855,-6.700000000000003,61.5,28.383333333333336,5,3,0,3,6,25.0,False,True,False,False,"Signed reconciliation and persistence evidence for review; heuristic bands are engineering choices, not MPLADS rules or final decisions."
W-001011,COMPLETION,97.36526946107784,97.4,100.0,-2.634730538922156,2.634730538922156,-2.5999999999999943,0.03473053892216171,-2.5999999999999943,62.7,29.36666666666667,5,3,0,3,6,25.0,False,True,False,False,"Signed reconciliation and persistence evidence for review; heuristic bands are engineering choices, not MPLADS rules or final decisions."
W-001012,COMPLETION,96.84579439252336,96.8,100.0,-3.1542056074766407,3.1542056074766407,-3.200000000000003,-0.04579439252336215,-3.200000000000003,61.5,28.679999999999996,4,3,0,3,5,25.0,False,True,False,False,"Signed reconciliation and persistence evidence for review; heuristic bands are engineering choices, not MPLADS rules or final decisions."
W-001013,EXECUTION,76.73956262425448,76.7,83.7,-6.960437375745528,6.960437375745528,-7.0,-0.03956262425447221,-7.0,47.300000000000004,22.200000000000003,3,2,0,2,4,25.0,False,True,False,False,"Signed reconciliation and persistence evidence for review; heuristic bands are engineering choices, not MPLADS rules or final decisions."
W-001014,COMPLETION,102.43810952738184,102.4,100.0,2.4381095273818403,2.4381095273818403,2.4000000000000057,-0.038109527381834596,2.4000000000000057,44.300000000000004,14.620000000000001,4,1,0,1,5,25.0,False,False,False,False,"Signed reconciliation and persistence evidence for review; heuristic bands are engineering choices, not MPLADS rules or final decisions."
W-001015,COMPLETION,106.35562086700955,106.4,100.0,6.355620867009549,6.355620867009549,6.400000000000006,0.04437913299045704,6.400000000000006,69.9,41.36000000000001,5,3,0,3,5,25.0,False,True,False,False,"Signed reconciliation and persistence evidence for review; heuristic bands are engineering choices, not MPLADS rules or final decisions."
W-001016,COMPLETION,157.6682316118936,157.7,100.0,57.66823161189359,57.66823161189359,57.69999999999999,0.031768388106399925,57.69999999999999,98.49999999999999,45.28571428571428,6,4,4,4,7,25.0,True,True,False,False,"Signed reconciliation and persistence evidence for review; heuristic bands are engineering choices, not MPLADS rules or final decisions."
W-001017,COMPLETION,106.31418790414607,106.3,100.0,6.314187904146067,6.314187904146067,6.299999999999997,-0.01418790414606974,6.299999999999997,44.400000000000006,28.849999999999998,4,3,0,3,4,25.0,False,True,False,False,"Signed reconciliation and persistence evidence for review; heuristic bands are engineering choices, not MPLADS rules or final decisions."
W-001018,COMPLETION,96.23493975903614,96.2,100.0,-3.7650602409638623,3.7650602409638623,-3.799999999999997,-0.03493975903613489,-3.799999999999997,20.299999999999997,-2.0250000000000012,1,0,0,0,4,25.0,False,False,False,False,"Signed reconciliation and persistence evidence for review; heuristic bands are engineering choices, not MPLADS rules or final decisions."
W-001019,EXECUTION,34.39185140802876,34.4,33.8,0.5918514080287594,0.5918514080287594,0.6000000000000014,0.00814859197124207,0.6000000000000014,5.0,-10.071428571428571,2,0,0,0,7,25.0,False,False,False,False,"Signed reconciliation and persistence evidence for review; heuristic bands are engineering choices, not MPLADS rules or final decisions."
W-001021,EXECUTION,55.4228855721393,55.4,52.1,3.322885572139299,3.322885572139299,3.299999999999997,-0.022885572139301757,3.299999999999997,3.299999999999997,-4.483333333333334,2,0,0,0,6,25.0,False,False,False,False,"Signed reconciliation and persistence evidence for review; heuristic bands are engineering choices, not MPLADS rules or final decisions."
W-001022,COMPLETION,102.27817745803357,102.3,100.0,2.278177458033568,2.278177458033568,2.299999999999997,0.0218225419664293,2.299999999999997,65.8,26.01666666666667,5,3,0,3,6,25.0,False,True,False,False,"Signed reconciliation and persistence evidence for review; heuristic bands are engineering choices, not MPLADS rules or final decisions."
W-001023,EXECUTION,34.851936218678816,34.9,39.8,-4.948063781321181,4.948063781321181,-4.899999999999999,0.04806378132118283,-4.899999999999999,-3.0,-6.199999999999999,0,0,0,0,3,25.0,False,False,False,False,"Signed reconciliation and persistence evidence for review; heuristic bands are engineering choices, not MPLADS rules or final decisions."
W-001024,EXECUTION,70.89514066496163,70.9,80.2,-9.304859335038373,9.304859335038373,-9.299999999999997,0.004859335038375434,-9.299999999999997,-4.0,-9.716666666666667,0,0,0,0,6,25.0,False,False,False,False,"Signed reconciliation and persistence evidence for review; heuristic bands are engineering choices, not MPLADS rules or final decisions."
W-001025,COMPLETION,100.2834868887314,100.3,100.0,0.28348688873140304,0.28348688873140304,0.29999999999999716,0.016513111268594116,0.29999999999999716,57.099999999999994,14.114285714285712,5,3,0,3,7,25.0,False,True,False,False,"Signed reconciliation and persistence evidence for review; heuristic bands are engineering choices, not MPLADS rules or final decisions."
W-001026,COMPLETION,95.87628865979381,95.9,100.0,-4.123711340206185,4.123711340206185,-4.099999999999994,0.023711340206190812,-4.099999999999994,67.30000000000001,27.76666666666667,5,3,0,3,6,25.0,False,True,False,False,"Signed reconciliation and persistence evidence for review; heuristic bands are engineering choices, not MPLADS rules or final decisions."
W-001027,COMPLETION,101.3659049120042,101.4,100.0,1.365904912004197,1.365904912004197,1.4000000000000057,0.034095087995808626,1.4000000000000057,61.400000000000006,19.675000000000004,6,4,0,4,8,25.0,False,True,False,False,"Signed reconciliation and persistence evidence for review; heuristic bands are engineering choices, not MPLADS rules or final decisions."
W-001028,COMPLETION,102.08012326656394,102.1,100.0,2.0801232665639446,2.0801232665639446,2.0999999999999943,0.019876733436049676,2.0999999999999943,47.39999999999999,24.124999999999996,4,1,0,1,4,25.0,False,False,False,False,"Signed reconciliation and persistence evidence for review; heuristic bands are engineering choices, not MPLADS rules or final decisions."
W-001029,EXECUTION,80.94373865698729,80.9,94.6,-13.656261343012702,13.656261343012702,-13.699999999999989,-0.04373865698728707,-13.699999999999989,4.200000000000001,-7.966666666666662,2,0,0,0,6,25.0,False,False,False,False,"Signed reconciliation and persistence evidence for review; heuristic bands are engineering choices, not MPLADS rules or final decisions."
W-001030,COMPLETION,102.54901960784314,102.5,100.0,2.5490196078431353,2.5490196078431353,2.5,-0.049019607843135304,2.5,86.9,43.550000000000004,6,4,0,4,6,25.0,False,True,False,False,"Signed reconciliation and persistence evidence for review; heuristic bands are engineering choices, not MPLADS rules or final decisions."
W-001031,EXECUTION,79.11567311488353,79.1,83.1,-3.9843268851164595,3.9843268851164595,-4.0,-0.015673114883540507,-4.0,45.89999999999999,18.912499999999998,6,3,0,3,8,25.0,False,True,False,False,"Signed reconciliation and persistence evidence for review; heuristic bands are engineering choices, not MPLADS rules or final decisions."
W-001032,EXECUTION,61.37071651090343,61.4,59.6,1.7707165109034264,1.7707165109034264,1.7999999999999972,0.029283489096570747,1.7999999999999972,53.4,27.074999999999996,8,4,0,4,8,25.0,False,True,False,False,"Signed reconciliation and persistence evidence for review; heuristic bands are engineering choices, not MPLADS rules or final decisions."
W-001033,COMPLETION,107.51423149905123,107.5,100.0,7.514231499051235,7.514231499051235,7.5,-0.014231499051234664,7.5,60.8,36.74285714285715,7,5,0,5,7,25.0,False,True,False,False,"Signed reconciliation and persistence evidence for review; heuristic bands are engineering choices, not MPLADS rules or final decisions."
W-001034,COMPLETION,96.57458563535911,96.6,100.0,-3.4254143646408863,3.4254143646408863,-3.4000000000000057,0.02541436464088065,-3.4000000000000057,69.0,34.2,7,5,0,5,8,25.0,False,True,False,False,"Signed reconciliation and persistence evidence for review; heuristic bands are engineering choices, not MPLADS rules or final decisions."
W-001035,COMPLETION,99.89462592202318,99.9,100.0,-0.10537407797681908,0.10537407797681908,-0.09999999999999432,0.005374077976824765,-0.09999999999999432,46.7,25.475,7,5,0,5,8,25.0,False,True,False,False,"Signed reconciliation and persistence evidence for review; heuristic bands are engineering choices, not MPLADS rules or final decisions."
W-001036,COMPLETION,103.64583333333333,103.6,100.0,3.6458333333333286,3.6458333333333286,3.5999999999999943,-0.04583333333333428,3.5999999999999943,45.599999999999994,18.739999999999995,5,1,0,1,5,25.0,False,False,False,False,"Signed reconciliation and persistence evidence for review; heuristic bands are engineering choices, not MPLADS rules or final decisions."
W-001037,EXECUTION,57.80035863717872,57.8,62.6,-4.7996413628212835,4.7996413628212835,-4.800000000000004,-0.0003586371787207554,-4.800000000000004,36.9,15.219999999999994,4,1,0,1,5,25.0,False,False,False,False,"Signed reconciliation and persistence evidence for review; heuristic bands are engineering choices, not MPLADS rules or final decisions."
W-001038,COMPLETION,96.18528610354224,96.2,100.0,-3.8147138964577607,3.8147138964577607,-3.799999999999997,0.014713896457763553,-3.799999999999997,30.200000000000003,-0.7666666666666645,1,1,0,1,3,25.0,False,False,False,False,"Signed reconciliation and persistence evidence for review; heuristic bands are engineering choices, not MPLADS rules or final decisions."
W-001039,COMPLETION,92.71882261812549,92.7,100.0,-7.281177381874514,7.281177381874514,-7.299999999999997,-0.01882261812548336,-7.299999999999997,22.5,-3.971428571428571,3,0,0,0,7,25.0,False,False,False,False,"Signed reconciliation and persistence evidence for review; heuristic bands are engineering choices, not MPLADS rules or final decisions."
W-001040,EXECUTION,0.0,0.0,0.0,0.0,0.0,0.0,0.0,0.0,0.0,0.0,0,0,0,0,1,25.0,False,False,False,False,"Signed reconciliation and persistence evidence for review; heuristic bands are engineering choices, not MPLADS rules or final decisions."
W-001041,COMPLETION,105.0,105.0,100.0,5.0,5.0,5.0,0.0,5.0,68.1,38.06666666666666,3,2,0,2,3,25.0,False,True,False,False,"Signed reconciliation and persistence evidence for review; heuristic bands are engineering choices, not MPLADS rules or final decisions."
W-001042,COMPLETION,98.48619768477293,98.5,100.0,-1.5138023152270677,1.5138023152270677,-1.5,0.013802315227067652,-1.5,53.0,15.719999999999999,3,2,0,2,5,25.0,False,True,False,False,"Signed reconciliation and persistence evidence for review; heuristic bands are engineering choices, not MPLADS rules or final decisions."
W-001043,COMPLETION,97.24480578139115,97.2,100.0,-2.7551942186088496,2.7551942186088496,-2.799999999999997,-0.04480578139114755,-2.799999999999997,-2.799999999999997,-18.325,0,0,0,0,4,25.0,False,False,False,False,"Signed reconciliation and persistence evidence for review; heuristic bands are engineering choices, not MPLADS rules or final decisions."
W-001044,COMPLETION,102.94511378848728,102.9,100.0,2.9451137884872765,2.9451137884872765,2.9000000000000057,-0.04511378848727077,2.9000000000000057,65.0,39.2,6,4,0,4,6,25.0,False,True,False,False,"Signed reconciliation and persistence evidence for review; heuristic bands are engineering choices, not MPLADS rules or final decisions."
W-001045,EXECUTION,52.67680105750165,52.7,59.6,-6.923198942498352,6.923198942498352,-6.899999999999999,0.02319894249835386,-6.899999999999999,8.100000000000001,-7.514285714285714,2,0,0,0,7,25.0,False,False,False,False,"Signed reconciliation and persistence evidence for review; heuristic bands are engineering choices, not MPLADS rules or final decisions."
W-001046,EXECUTION,39.90267639902677,39.9,38.6,1.3026763990267654,1.3026763990267654,1.2999999999999972,-0.0026763990267681947,1.2999999999999972,9.7,-4.9,3,0,0,0,6,25.0,False,False,False,False,"Signed reconciliation and persistence evidence for review; heuristic bands are engineering choices, not MPLADS rules or final decisions."
W-001047,COMPLETION,105.00431406384814,105.0,100.0,5.004314063848142,5.004314063848142,5.0,-0.004314063848141814,5.0,41.7,13.959999999999999,4,2,0,2,5,25.0,False,True,False,False,"Signed reconciliation and persistence evidence for review; heuristic bands are engineering choices, not MPLADS rules or final decisions."
W-001048,COMPLETION,102.3276240667545,102.3,100.0,2.3276240667544954,2.3276240667544954,2.299999999999997,-0.027624066754498244,2.299999999999997,58.9,26.5,6,4,0,4,7,25.0,False,True,False,False,"Signed reconciliation and persistence evidence for review; heuristic bands are engineering choices, not MPLADS rules or final decisions."
W-001049,COMPLETION,106.07446113651208,106.1,100.0,6.074461136512085,6.074461136512085,6.099999999999994,0.02553886348790968,6.099999999999994,21.5,7.399999999999999,2,0,0,0,3,25.0,False,False,False,False,"Signed reconciliation and persistence evidence for review; heuristic bands are engineering choices, not MPLADS rules or final decisions."
W-001050,COMPLETION,102.27418321588725,102.3,100.0,2.2741832158872484,2.2741832158872484,2.299999999999997,0.025816784112748792,2.299999999999997,43.199999999999996,13.285714285714281,6,2,0,2,7,25.0,False,True,False,False,"Signed reconciliation and persistence evidence for review; heuristic bands are engineering choices, not MPLADS rules or final decisions."
W-001051,COMPLETION,97.44709439032583,97.4,100.0,-2.55290560967417,2.55290560967417,-2.5999999999999943,-0.04709439032582452,-2.5999999999999943,-1.1000000000000014,-14.466666666666663,0,0,0,0,6,25.0,False,False,False,False,"Signed reconciliation and persistence evidence for review; heuristic bands are engineering choices, not MPLADS rules or final decisions."
W-001052,EXECUTION,82.0324777370351,82.0,79.6,2.4324777370351,2.4324777370351,2.4000000000000057,-0.03247773703509438,2.4000000000000057,2.4000000000000057,-13.12,1,0,0,0,5,25.0,False,False,False,False,"Signed reconciliation and persistence evidence for review; heuristic bands are engineering choices, not MPLADS rules or final decisions."
W-001053,EXECUTION,51.12359550561798,51.1,53.5,-2.3764044943820224,2.3764044943820224,-2.3999999999999986,-0.023595505617976187,-2.3999999999999986,3.6000000000000014,-2.3,1,0,0,0,4,25.0,False,False,False,False,"Signed reconciliation and persistence evidence for review; heuristic bands are engineering choices, not MPLADS rules or final decisions."
W-001054,COMPLETION,106.84580934101088,106.8,100.0,6.845809341010877,6.845809341010877,6.799999999999997,-0.04580934101088019,6.799999999999997,55.599999999999994,8.899999999999999,5,3,0,3,8,25.0,False,True,False,False,"Signed reconciliation and persistence evidence for review; heuristic bands are engineering choices, not MPLADS rules or final decisions."
W-001055,COMPLETION,103.12204351939451,103.1,100.0,3.1220435193945093,3.1220435193945093,3.0999999999999943,-0.022043519394514988,3.0999999999999943,32.5,21.625,4,2,0,2,4,25.0,False,True,False,False,"Signed reconciliation and persistence evidence for review; heuristic bands are engineering choices, not MPLADS rules or final decisions."
W-001057,COMPLETION,102.72331154684096,102.7,100.0,2.7233115468409608,2.7233115468409608,2.700000000000003,-0.02331154684095793,2.700000000000003,55.0,21.35,7,4,0,3,8,25.0,False,True,False,False,"Signed reconciliation and persistence evidence for review; heuristic bands are engineering choices, not MPLADS rules or final decisions."
W-001058,EXECUTION,47.12578258394991,47.1,52.5,-5.374217416050087,5.374217416050087,-5.399999999999999,-0.025782583949911952,-5.399999999999999,-5.399999999999999,-10.533333333333333,0,0,0,0,3,25.0,False,False,False,False,"Signed reconciliation and persistence evidence for review; heuristic bands are engineering choices, not MPLADS rules or final decisions."
W-001059,EXECUTION,44.15623136553369,44.2,46.6,-2.443768634466309,2.443768634466309,-2.3999999999999986,0.04376863446631063,-2.3999999999999986,23.000000000000004,6.250000000000001,4,0,0,0,6,25.0,False,False,False,False,"Signed reconciliation and persistence evidence for review; heuristic bands are engineering choices, not MPLADS rules or final decisions."
W-001060,COMPLETION,104.293921983671,104.3,100.0,4.293921983670998,4.293921983670998,4.299999999999997,0.00607801632899907,4.299999999999997,64.10000000000001,36.875,4,3,0,3,4,25.0,False,True,False,False,"Signed reconciliation and persistence evidence for review; heuristic bands are engineering choices, not MPLADS rules or final decisions."
W-001061,EXECUTION,26.60674157303371,26.6,25.2,1.4067415730337096,1.4067415730337096,1.4000000000000021,-0.006741573033707482,1.4000000000000021,1.4000000000000021,-8.257142857142856,1,0,0,0,7,25.0,False,False,False,False,"Signed reconciliation and persistence evidence for review; heuristic bands are engineering choices, not MPLADS rules or final decisions."
W-001063,COMPLETION,105.01567398119123,105.0,100.0,5.015673981191227,5.015673981191227,5.0,-0.015673981191227426,5.0,7.900000000000006,-12.475000000000001,4,0,0,0,8,25.0,False,False,False,False,"Signed reconciliation and persistence evidence for review; heuristic bands are engineering choices, not MPLADS rules or final decisions."
W-001064,COMPLETION,107.64305722288915,107.6,100.0,7.643057222889155,7.643057222889155,7.599999999999994,-0.043057222889160585,7.599999999999994,62.99999999999999,22.057142857142857,5,3,0,3,7,25.0,False,True,False,False,"Signed reconciliation and persistence evidence for review; heuristic bands are engineering choices, not MPLADS rules or final decisions."
W-001065,EXECUTION,68.55142703284868,68.6,74.8,-6.248572967151318,6.248572967151318,-6.200000000000003,0.04857296715131554,-6.200000000000003,-6.200000000000003,-26.900000000000002,0,0,0,0,3,25.0,False,False,False,False,"Signed reconciliation and persistence evidence for review; heuristic bands are engineering choices, not MPLADS rules or final decisions."
W-001067,EXECUTION,28.150406504065042,28.2,32.6,-4.449593495934959,4.449593495934959,-4.400000000000002,0.04959349593495688,-4.400000000000002,0.0,-5.375,0,0,0,0,8,25.0,False,False,False,False,"Signed reconciliation and persistence evidence for review; heuristic bands are engineering choices, not MPLADS rules or final decisions."
W-001068,COMPLETION,103.45821325648414,103.5,100.0,3.458213256484143,3.458213256484143,3.5,0.04178674351585698,3.5,58.8,37.34285714285714,7,5,0,5,7,25.0,False,True,False,False,"Signed reconciliation and persistence evidence for review; heuristic bands are engineering choices, not MPLADS rules or final decisions."
W-001069,COMPLETION,104.05053883314753,104.1,100.0,4.050538833147527,4.050538833147527,4.099999999999994,0.04946116685246693,4.099999999999994,29.89999999999999,14.457142857142857,6,2,0,1,7,25.0,False,False,False,False,"Signed reconciliation and persistence evidence for review; heuristic bands are engineering choices, not MPLADS rules or final decisions."
W-001070,COMPLETION,106.83544303797468,106.8,100.0,6.835443037974684,6.835443037974684,6.799999999999997,-0.035443037974687286,6.799999999999997,57.8,31.933333333333337,6,5,0,5,6,25.0,False,True,False,False,"Signed reconciliation and persistence evidence for review; heuristic bands are engineering choices, not MPLADS rules or final decisions."
W-001071,EXECUTION,47.57194244604317,47.6,49.2,-1.628057553956836,1.628057553956836,-1.6000000000000014,0.028057553956834624,-1.6000000000000014,8.600000000000001,4.014285714285715,6,0,0,0,7,25.0,False,False,False,False,"Signed reconciliation and persistence evidence for review; heuristic bands are engineering choices, not MPLADS rules or final decisions."
W-001072,COMPLETION,102.47787610619469,102.5,100.0,2.4778761061946852,2.4778761061946852,2.5,0.022123893805314765,2.5,18.4,-5.416666666666667,3,0,0,0,6,25.0,False,False,False,False,"Signed reconciliation and persistence evidence for review; heuristic bands are engineering choices, not MPLADS rules or final decisions."
W-001073,COMPLETION,98.15130830489193,98.2,100.0,-1.848691695108073,1.848691695108073,-1.7999999999999972,0.048691695108075805,-1.7999999999999972,57.7,31.942857142857147,6,5,0,5,7,25.0,False,True,False,False,"Signed reconciliation and persistence evidence for review; heuristic bands are engineering choices, not MPLADS rules or final decisions."
W-001074,COMPLETION,104.96894409937889,105.0,100.0,4.968944099378888,4.968944099378888,5.0,0.031055900621112187,5.0,64.2,34.08,5,4,0,4,5,25.0,False,True,False,False,"Signed reconciliation and persistence evidence for review; heuristic bands are engineering choices, not MPLADS rules or final decisions."
W-001076,COMPLETION,92.89704708699122,92.9,100.0,-7.102952913008778,7.102952913008778,-7.099999999999994,0.002952913008783753,-7.099999999999994,37.800000000000004,10.283333333333337,4,1,0,1,6,25.0,False,False,False,False,"Signed reconciliation and persistence evidence for review; heuristic bands are engineering choices, not MPLADS rules or final decisions."
W-001077,COMPLETION,104.97925311203319,105.0,100.0,4.9792531120331915,4.9792531120331915,5.0,0.020746887966808458,5.0,64.9,37.825,4,2,0,2,4,25.0,False,True,False,False,"Signed reconciliation and persistence evidence for review; heuristic bands are engineering choices, not MPLADS rules or final decisions."
W-001078,COMPLETION,96.50924024640658,96.5,100.0,-3.490759753593423,3.490759753593423,-3.5,-0.009240246406577057,-3.5,33.2,17.0,2,1,0,1,3,25.0,False,False,False,False,"Signed reconciliation and persistence evidence for review; heuristic bands are engineering choices, not MPLADS rules or final decisions."
W-001079,COMPLETION,102.75886778932282,102.8,100.0,2.758867789322821,2.758867789322821,2.799999999999997,0.04113221067717632,2.799999999999997,59.3,32.480000000000004,5,3,0,3,5,25.0,False,True,False,False,"Signed reconciliation and persistence evidence for review; heuristic bands are engineering choices, not MPLADS rules or final decisions."
W-001080,COMPLETION,89.50116009280742,89.5,100.0,-10.498839907192576,10.498839907192576,-10.5,-0.001160092807424462,-10.5,9.200000000000003,-23.02,1,0,0,0,5,25.0,False,False,False,False,"Signed reconciliation and persistence evidence for review; heuristic bands are engineering choices, not MPLADS rules or final decisions."
W-001081,EXECUTION,0.0,0.0,0.0,0.0,0.0,0.0,0.0,0.0,0.0,0.0,0,0,0,0,1,25.0,False,False,False,False,"Signed reconciliation and persistence evidence for review; heuristic bands are engineering choices, not MPLADS rules or final decisions."
W-001082,COMPLETION,100.72898799313894,100.7,100.0,0.7289879931389436,0.7289879931389436,0.7000000000000028,-0.028987993138940737,0.7000000000000028,79.6,37.25,4,2,0,2,4,25.0,False,True,False,False,"Signed reconciliation and persistence evidence for review; heuristic bands are engineering choices, not MPLADS rules or final decisions."
W-001083,COMPLETION,98.01670146137788,98.0,100.0,-1.9832985386221225,1.9832985386221225,-2.0,-0.016701461377877536,-2.0,38.99999999999999,19.299999999999994,6,2,0,2,7,25.0,False,True,False,False,"Signed reconciliation and persistence evidence for review; heuristic bands are engineering choices, not MPLADS rules or final decisions."
W-001084,EXECUTION,99.68722073279714,99.7,93.6,6.0872207327971495,6.0872207327971495,6.1000000000000085,0.012779267202859046,6.1000000000000085,27.099999999999998,19.540000000000003,5,1,0,1,5,25.0,False,False,False,False,"Signed reconciliation and persistence evidence for review; heuristic bands are engineering choices, not MPLADS rules or final decisions."
W-001085,EXECUTION,83.22813345356177,83.2,94.1,-10.871866546438227,10.871866546438227,-10.899999999999991,-0.028133453561764554,-10.899999999999991,7.799999999999997,-0.6857142857142848,4,0,0,0,7,25.0,False,False,False,False,"Signed reconciliation and persistence evidence for review; heuristic bands are engineering choices, not MPLADS rules or final decisions."
W-001086,COMPLETION,101.63265306122449,101.6,100.0,1.632653061224488,1.632653061224488,1.5999999999999943,-0.03265306122449374,1.5999999999999943,65.0,20.699999999999996,4,2,0,2,5,25.0,False,True,False,False,"Signed reconciliation and persistence evidence for review; heuristic bands are engineering choices, not MPLADS rules or final decisions."
W-001087,COMPLETION,94.03153153153153,94.0,100.0,-5.968468468468473,5.968468468468473,-6.0,-0.031531531531527435,-6.0,82.0,39.4375,7,5,0,5,8,25.0,False,True,False,False,"Signed reconciliation and persistence evidence for review; heuristic bands are engineering choices, not MPLADS rules or final decisions."
W-001089,COMPLETION,107.64044943820225,107.6,100.0,7.640449438202253,7.640449438202253,7.599999999999994,-0.0404494382022591,7.599999999999994,72.1,31.549999999999997,5,3,0,3,6,25.0,False,True,False,False,"Signed reconciliation and persistence evidence for review; heuristic bands are engineering choices, not MPLADS rules or final decisions."
W-001090,COMPLETION,103.86643233743409,103.9,100.0,3.866432337434091,3.866432337434091,3.9000000000000057,0.0335676625659147,3.9000000000000057,75.4,38.76666666666667,3,2,0,2,3,25.0,False,True,False,False,"Signed reconciliation and persistence evidence for review; heuristic bands are engineering choices, not MPLADS rules or final decisions."
W-001091,EXECUTION,82.13107024988213,82.1,90.7,-8.568929750117874,8.568929750117874,-8.600000000000009,-0.03107024988213425,-8.600000000000009,23.699999999999996,1.5285714285714238,4,0,0,0,7,25.0,False,False,False,False,"Signed reconciliation and persistence evidence for review; heuristic bands are engineering choices, not MPLADS rules or final decisions."
W-001092,COMPLETION,90.36697247706422,90.4,100.0,-9.633027522935777,9.633027522935777,-9.599999999999994,0.03302752293578237,-9.599999999999994,37.00000000000001,11.683333333333339,4,2,0,2,6,25.0,False,True,False,False,"Signed reconciliation and persistence evidence for review; heuristic bands are engineering choices, not MPLADS rules or final decisions."
W-001093,EXECUTION,32.95540438397581,33.0,35.7,-2.744595616024192,2.744595616024192,-2.700000000000003,0.044595616024189155,-2.700000000000003,-2.700000000000003,-15.666666666666666,0,0,0,0,6,25.0,False,False,False,False,"Signed reconciliation and persistence evidence for review; heuristic bands are engineering choices, not MPLADS rules or final decisions."
W-001094,COMPLETION,105.44603252833909,105.4,100.0,5.446032528339089,5.446032528339089,5.400000000000006,-0.046032528339083,5.400000000000006,37.10000000000001,3.55714285714286,4,1,0,1,7,25.0,False,False,False,False,"Signed reconciliation and persistence evidence for review; heuristic bands are engineering choices, not MPLADS rules or final decisions."
W-001095,COMPLETION,105.1978735971648,105.2,100.0,5.197873597164801,5.197873597164801,5.200000000000003,0.002126402835202157,5.200000000000003,49.900000000000006,14.700000000000003,3,2,0,2,4,25.0,False,True,False,False,"Signed reconciliation and persistence evidence for review; heuristic bands are engineering choices, not MPLADS rules or final decisions."
W-001096,COMPLETION,104.47127937336815,104.5,100.0,4.471279373368148,4.471279373368148,4.5,0.028720626631852042,4.5,59.7,38.475,4,3,0,3,4,25.0,False,True,False,False,"Signed reconciliation and persistence evidence for review; heuristic bands are engineering choices, not MPLADS rules or final decisions."
W-001097,COMPLETION,94.33443344334434,94.3,100.0,-5.665566556655662,5.665566556655662,-5.700000000000003,-0.03443344334434073,-5.700000000000003,23.099999999999994,-1.028571428571429,3,0,0,0,7,25.0,False,False,False,False,"Signed reconciliation and persistence evidence for review; heuristic bands are engineering choices, not MPLADS rules or final decisions."
W-001098,COMPLETION,106.03400987383434,106.0,100.0,6.034009873834336,6.034009873834336,6.0,-0.034009873834335735,6.0,57.9,31.525,4,3,0,3,4,25.0,False,True,False,False,"Signed reconciliation and persistence evidence for review; heuristic bands are engineering choices, not MPLADS rules or final decisions."
W-001100,COMPLETION,107.12909441233141,107.1,100.0,7.129094412331412,7.129094412331412,7.099999999999994,-0.02909441233141763,7.099999999999994,72.0,40.53333333333333,3,2,0,2,3,25.0,False,True,False,False,"Signed reconciliation and persistence evidence for review; heuristic bands are engineering choices, not MPLADS rules or final decisions."
W-001102,COMPLETION,107.41190765492102,107.4,100.0,7.411907654921023,7.411907654921023,7.400000000000006,-0.011907654921017752,7.400000000000006,58.7,24.000000000000004,6,3,0,3,7,25.0,False,True,False,False,"Signed reconciliation and persistence evidence for review; heuristic bands are engineering choices, not MPLADS rules or final decisions."
W-001103,EXECUTION,91.36807817589576,91.4,94.4,-3.031921824104245,3.031921824104245,-3.0,0.031921824104244934,-3.0,3.3999999999999986,-6.725000000000002,1,0,0,0,4,25.0,False,False,False,False,"Signed reconciliation and persistence evidence for review; heuristic bands are engineering choices, not MPLADS rules or final decisions."
W-001104,COMPLETION,106.5638450502152,106.6,100.0,6.563845050215207,6.563845050215207,6.599999999999994,0.036154949784787505,6.599999999999994,61.3,35.533333333333324,6,4,0,4,6,25.0,False,True,False,False,"Signed reconciliation and persistence evidence for review; heuristic bands are engineering choices, not MPLADS rules or final decisions."
W-001105,COMPLETION,96.08158883521202,96.1,100.0,-3.918411164787983,3.918411164787983,-3.9000000000000057,0.01841116478797744,-3.9000000000000057,58.199999999999996,18.487499999999997,5,4,0,4,8,25.0,False,True,False,False,"Signed reconciliation and persistence evidence for review; heuristic bands are engineering choices, not MPLADS rules or final decisions."
W-001106,COMPLETION,104.91493383742912,104.9,100.0,4.914933837429118,4.914933837429118,4.900000000000006,-0.014933837429111918,4.900000000000006,71.0,37.26666666666667,3,2,0,2,3,25.0,False,True,False,False,"Signed reconciliation and persistence evidence for review; heuristic bands are engineering choices, not MPLADS rules or final decisions."
W-001107,EXECUTION,7.119914346895075,7.1,7.7,-0.5800856531049252,0.5800856531049252,-0.6000000000000005,-0.01991434689507532,-0.6000000000000005,-0.3,-3.5714285714285716,0,0,0,0,7,25.0,False,False,False,False,"Signed reconciliation and persistence evidence for review; heuristic bands are engineering choices, not MPLADS rules or final decisions."
W-001108,COMPLETION,96.24843684868695,96.2,100.0,-3.75156315131305,3.75156315131305,-3.799999999999997,-0.04843684868694709,-3.799999999999997,63.400000000000006,29.0,6,4,0,4,7,25.0,False,True,False,False,"Signed reconciliation and persistence evidence for review; heuristic bands are engineering choices, not MPLADS rules or final decisions."
W-001109,COMPLETION,98.15256257449344,98.2,100.0,-1.8474374255065555,1.8474374255065555,-1.7999999999999972,0.047437425506558384,-1.7999999999999972,38.0,24.05,5,4,0,4,6,25.0,False,True,False,False,"Signed reconciliation and persistence evidence for review; heuristic bands are engineering choices, not MPLADS rules or final decisions."
W-001110,COMPLETION,100.26041666666667,100.3,100.0,0.2604166666666714,0.2604166666666714,0.29999999999999716,0.039583333333325754,0.29999999999999716,1.8000000000000114,-17.599999999999998,2,0,0,0,7,25.0,False,False,False,False,"Signed reconciliation and persistence evidence for review; heuristic bands are engineering choices, not MPLADS rules or final decisions."
W-001111,COMPLETION,98.3372921615202,98.3,100.0,-1.662707838479804,1.662707838479804,-1.7000000000000028,-0.037292161520198874,-1.7000000000000028,34.6,20.15,5,3,0,3,6,25.0,False,True,False,False,"Signed reconciliation and persistence evidence for review; heuristic bands are engineering choices, not MPLADS rules or final decisions."
W-001112,COMPLETION,96.31901840490798,96.3,100.0,-3.680981595092021,3.680981595092021,-3.700000000000003,-0.01901840490798179,-3.700000000000003,6.700000000000003,-33.32857142857142,1,0,0,0,7,25.0,False,False,False,False,"Signed reconciliation and persistence evidence for review; heuristic bands are engineering choices, not MPLADS rules or final decisions."
W-001113,EXECUTION,20.0,20.0,22.8,-2.8000000000000007,2.8000000000000007,-2.8000000000000007,0.0,-2.8000000000000007,-0.8,-4.033333333333334,0,0,0,0,3,25.0,False,False,False,False,"Signed reconciliation and persistence evidence for review; heuristic bands are engineering choices, not MPLADS rules or final decisions."
W-001114,EXECUTION,56.23283909939594,56.2,54.9,1.3328390993959403,1.3328390993959403,1.3000000000000043,-0.03283909939593599,1.3000000000000043,3.8999999999999986,-6.82,3,0,0,0,5,25.0,False,False,False,False,"Signed reconciliation and persistence evidence for review; heuristic bands are engineering choices, not MPLADS rules or final decisions."
W-001115,COMPLETION,101.07741420590582,101.1,100.0,1.077414205905825,1.077414205905825,1.0999999999999943,0.022585794094169387,1.0999999999999943,83.8,31.049999999999994,7,4,0,4,8,25.0,False,True,False,False,"Signed reconciliation and persistence evidence for review; heuristic bands are engineering choices, not MPLADS rules or final decisions."
W-001116,COMPLETION,106.8,106.8,100.0,6.799999999999997,6.799999999999997,6.799999999999997,0.0,6.799999999999997,81.4,39.714285714285715,7,5,0,5,7,25.0,False,True,False,False,"Signed reconciliation and persistence evidence for review; heuristic bands are engineering choices, not MPLADS rules or final decisions."
W-001118,EXECUTION,76.85729556386958,76.9,80.9,-4.042704436130421,4.042704436130421,-4.0,0.042704436130421186,-4.0,50.00000000000001,18.133333333333336,4,2,0,2,6,25.0,False,True,False,False,"Signed reconciliation and persistence evidence for review; heuristic bands are engineering choices, not MPLADS rules or final decisions."
W-001119,COMPLETION,105.10708401976936,105.1,100.0,5.10708401976936,5.10708401976936,5.099999999999994,-0.007084019769365568,5.099999999999994,63.7,35.8625,8,5,0,5,8,25.0,False,True,False,False,"Signed reconciliation and persistence evidence for review; heuristic bands are engineering choices, not MPLADS rules or final decisions."
W-001121,COMPLETION,98.5239852398524,98.5,100.0,-1.4760147601476064,1.4760147601476064,-1.5,-0.023985239852393647,-1.5,75.9,35.575,7,6,0,6,8,25.0,False,True,False,False,"Signed reconciliation and persistence evidence for review; heuristic bands are engineering choices, not MPLADS rules or final decisions."
W-001122,COMPLETION,91.6600790513834,91.7,100.0,-8.339920948616594,8.339920948616594,-8.299999999999997,0.03992094861659723,-8.299999999999997,38.0,19.16,4,2,0,2,5,25.0,False,True,False,False,"Signed reconciliation and persistence evidence for review; heuristic bands are engineering choices, not MPLADS rules or final decisions."
W-001123,COMPLETION,96.6242875931609,96.6,100.0,-3.3757124068390993,3.3757124068390993,-3.4000000000000057,-0.02428759316090634,-3.4000000000000057,70.5,31.749999999999993,3,2,0,2,4,25.0,False,True,False,False,"Signed reconciliation and persistence evidence for review; heuristic bands are engineering choices, not MPLADS rules or final decisions."
W-001124,COMPLETION,101.97183098591549,102.0,100.0,1.9718309859154886,1.9718309859154886,2.0,0.028169014084511446,2.0,36.400000000000006,24.8,3,2,0,2,3,25.0,False,True,False,False,"Signed reconciliation and persistence evidence for review; heuristic bands are engineering choices, not MPLADS rules or final decisions."
W-001126,COMPLETION,105.00695410292073,105.0,100.0,5.00695410292073,5.00695410292073,5.0,-0.006954102920730065,5.0,79.8,45.6,5,4,0,4,5,25.0,False,True,False,False,"Signed reconciliation and persistence evidence for review; heuristic bands are engineering choices, not MPLADS rules or final decisions."
W-001127,COMPLETION,98.72849663425579,98.7,100.0,-1.2715033657442092,1.2715033657442092,-1.2999999999999972,-0.028496634255787967,-1.2999999999999972,50.2,28.675000000000004,3,3,0,3,4,25.0,False,True,False,False,"Signed reconciliation and persistence evidence for review; heuristic bands are engineering choices, not MPLADS rules or final decisions."
W-001128,EXECUTION,75.89670014347202,75.9,85.3,-9.40329985652798,9.40329985652798,-9.399999999999991,0.003299856527988254,-9.399999999999991,34.3,17.71428571428572,6,3,0,3,7,25.0,False,True,False,False,"Signed reconciliation and persistence evidence for review; heuristic bands are engineering choices, not MPLADS rules or final decisions."
W-001130,COMPLETION,91.22077922077922,91.2,100.0,-8.779220779220779,8.779220779220779,-8.799999999999997,-0.02077922077921812,-8.799999999999997,42.900000000000006,15.225000000000001,3,1,0,1,4,25.0,False,False,False,False,"Signed reconciliation and persistence evidence for review; heuristic bands are engineering choices, not MPLADS rules or final decisions."
W-001131,COMPLETION,102.87539936102236,102.9,100.0,2.8753993610223603,2.8753993610223603,2.9000000000000057,0.024600638977645417,2.9000000000000057,35.30000000000001,16.325000000000006,4,1,0,1,4,25.0,False,False,False,False,"Signed reconciliation and persistence evidence for review; heuristic bands are engineering choices, not MPLADS rules or final decisions."
W-001132,COMPLETION,89.23814597762387,89.2,100.0,-10.761854022376127,10.761854022376127,-10.799999999999997,-0.03814597762386995,-10.799999999999997,22.0,0.7500000000000018,3,0,0,0,6,25.0,False,False,False,False,"Signed reconciliation and persistence evidence for review; heuristic bands are engineering choices, not MPLADS rules or final decisions."
W-001133,EXECUTION,56.761565836298935,56.8,53.8,2.961565836298938,2.961565836298938,3.0,0.03843416370106212,3.0,16.700000000000003,2.3285714285714296,4,0,0,0,7,25.0,False,False,False,False,"Signed reconciliation and persistence evidence for review; heuristic bands are engineering choices, not MPLADS rules or final decisions."
W-001134,COMPLETION,89.9002493765586,89.9,100.0,-10.099750623441395,10.099750623441395,-10.099999999999994,-0.00024937655859957886,-10.099999999999994,44.10000000000001,9.328571428571435,4,2,0,2,7,25.0,False,True,False,False,"Signed reconciliation and persistence evidence for review; heuristic bands are engineering choices, not MPLADS rules or final decisions."
W-001136,COMPLETION,94.05772495755518,94.1,100.0,-5.94227504244482,5.94227504244482,-5.900000000000006,0.04227504244481395,-5.900000000000006,40.3,11.185714285714283,4,1,0,1,7,25.0,False,False,False,False,"Signed reconciliation and persistence evidence for review; heuristic bands are engineering choices, not MPLADS rules or final decisions."
W-001137,EXECUTION,21.354166666666668,21.4,24.7,-3.3458333333333314,3.3458333333333314,-3.3000000000000007,0.04583333333333073,-3.3000000000000007,4.3,-1.4428571428571428,2,0,0,0,7,25.0,False,False,False,False,"Signed reconciliation and persistence evidence for review; heuristic bands are engineering choices, not MPLADS rules or final decisions."
W-001138,COMPLETION,103.84615384615384,103.8,100.0,3.8461538461538396,3.8461538461538396,3.799999999999997,-0.04615384615384244,3.799999999999997,75.8,42.224999999999994,4,3,0,3,4,25.0,False,True,False,False,"Signed reconciliation and persistence evidence for review; heuristic bands are engineering choices, not MPLADS rules or final decisions."
W-001139,COMPLETION,96.66762424590635,96.7,100.0,-3.332375754093647,3.332375754093647,-3.299999999999997,0.03237575409364979,-3.299999999999997,42.2,16.650000000000002,3,2,0,2,4,25.0,False,True,False,False,"Signed reconciliation and persistence evidence for review; heuristic bands are engineering choices, not MPLADS rules or final decisions."
W-001140,COMPLETION,105.04634397528321,105.0,100.0,5.046343975283207,5.046343975283207,5.0,-0.04634397528320733,5.0,31.900000000000006,-0.2500000000000018,5,1,0,1,8,25.0,False,False,False,False,"Signed reconciliation and persistence evidence for review; heuristic bands are engineering choices, not MPLADS rules or final decisions."
W-001141,COMPLETION,106.5359477124183,106.5,100.0,6.535947712418306,6.535947712418306,6.5,-0.035947712418305855,6.5,69.8,34.22857142857142,7,5,0,5,7,25.0,False,True,False,False,"Signed reconciliation and persistence evidence for review; heuristic bands are engineering choices, not MPLADS rules or final decisions."
W-001142,COMPLETION,94.0614136732329,94.1,100.0,-5.938586326767094,5.938586326767094,-5.900000000000006,0.03858632676708851,-5.900000000000006,-5.900000000000006,-23.25,0,0,0,0,4,25.0,False,False,False,False,"Signed reconciliation and persistence evidence for review; heuristic bands are engineering choices, not MPLADS rules or final decisions."
W-001144,COMPLETION,96.6016713091922,96.6,100.0,-3.3983286908078014,3.3983286908078014,-3.4000000000000057,-0.0016713091922042622,-3.4000000000000057,-0.8999999999999915,-8.671428571428569,0,0,0,0,7,25.0,False,False,False,False,"Signed reconciliation and persistence evidence for review; heuristic bands are engineering choices, not MPLADS rules or final decisions."
W-001145,COMPLETION,98.75478927203065,98.8,100.0,-1.2452107279693507,1.2452107279693507,-1.2000000000000028,0.045210727969347886,-1.2000000000000028,11.0,-5.816666666666667,2,0,0,0,6,25.0,False,False,False,False,"Signed reconciliation and persistence evidence for review; heuristic bands are engineering choices, not MPLADS rules or final decisions."
W-001146,COMPLETION,104.99387254901961,105.0,100.0,4.993872549019613,4.993872549019613,5.0,0.006127450980386584,5.0,54.900000000000006,33.6,3,2,0,2,3,25.0,False,True,False,False,"Signed reconciliation and persistence evidence for review; heuristic bands are engineering choices, not MPLADS rules or final decisions."
W-001147,EXECUTION,8.812615955473099,8.8,11.5,-2.687384044526901,2.687384044526901,-2.6999999999999993,-0.01261595547309824,-2.6999999999999993,2.9000000000000004,-2.825,1,0,0,0,8,25.0,False,False,False,False,"Signed reconciliation and persistence evidence for review; heuristic bands are engineering choices, not MPLADS rules or final decisions."
W-001148,COMPLETION,94.45628997867804,94.5,100.0,-5.543710021321957,5.543710021321957,-5.5,0.04371002132195656,-5.5,34.4,-4.900000000000001,2,1,0,1,5,25.0,False,False,False,False,"Signed reconciliation and persistence evidence for review; heuristic bands are engineering choices, not MPLADS rules or final decisions."
W-001149,EXECUTION,47.49918273945734,47.5,50.8,-3.300817260542658,3.300817260542658,-3.299999999999997,0.000817260542660847,-3.299999999999997,23.5,3.0250000000000012,4,0,0,0,8,25.0,False,False,False,False,"Signed reconciliation and persistence evidence for review; heuristic bands are engineering choices, not MPLADS rules or final decisions."
W-001150,COMPLETION,107.21830985915493,107.2,100.0,7.218309859154928,7.218309859154928,7.200000000000003,-0.018309859154925334,7.200000000000003,51.5,31.55714285714286,7,5,0,5,7,25.0,False,True,False,False,"Signed reconciliation and persistence evidence for review; heuristic bands are engineering choices, not MPLADS rules or final decisions."
W-001151,EXECUTION,79.46902654867256,79.5,86.6,-7.130973451327435,7.130973451327435,-7.099999999999994,0.03097345132744067,-7.099999999999994,-5.399999999999999,-12.899999999999997,0,0,0,0,4,25.0,False,False,False,False,"Signed reconciliation and persistence evidence for review; heuristic bands are engineering choices, not MPLADS rules or final decisions."
W-001152,COMPLETION,99.88950276243094,99.9,100.0,-0.1104972375690636,0.1104972375690636,-0.09999999999999432,0.010497237569069284,-0.09999999999999432,65.60000000000001,34.66666666666668,2,2,0,2,3,25.0,False,True,False,False,"Signed reconciliation and persistence evidence for review; heuristic bands are engineering choices, not MPLADS rules or final decisions."
W-001153,COMPLETION,102.44897959183673,102.4,100.0,2.448979591836732,2.448979591836732,2.4000000000000057,-0.0489795918367264,2.4000000000000057,69.7,35.66666666666667,3,2,0,2,3,25.0,False,True,False,False,"Signed reconciliation and persistence evidence for review; heuristic bands are engineering choices, not MPLADS rules or final decisions."
W-001154,COMPLETION,106.35451505016722,106.4,100.0,6.3545150501672225,6.3545150501672225,6.400000000000006,0.04548494983278317,6.400000000000006,22.80000000000001,-19.519999999999996,2,0,0,0,5,25.0,False,False,False,False,"Signed reconciliation and persistence evidence for review; heuristic bands are engineering choices, not MPLADS rules or final decisions."
W-001155,COMPLETION,92.20246238030096,92.2,100.0,-7.7975376196990425,7.7975376196990425,-7.799999999999997,-0.002462380300954692,-7.799999999999997,64.0,19.933333333333337,4,2,0,2,6,25.0,False,True,False,False,"Signed reconciliation and persistence evidence for review; heuristic bands are engineering choices, not MPLADS rules or final decisions."
W-001156,COMPLETION,103.38983050847457,103.4,100.0,3.3898305084745743,3.3898305084745743,3.4000000000000057,0.01016949152543134,3.4000000000000057,76.30000000000001,38.466666666666676,3,2,0,2,3,25.0,False,True,False,False,"Signed reconciliation and persistence evidence for review; heuristic bands are engineering choices, not MPLADS rules or final decisions."
W-001157,COMPLETION,94.4015444015444,94.4,100.0,-5.598455598455601,5.598455598455601,-5.599999999999994,-0.0015444015443932813,-5.599999999999994,1.1000000000000014,-8.266666666666666,1,0,0,0,3,25.0,False,False,False,False,"Signed reconciliation and persistence evidence for review; heuristic bands are engineering choices, not MPLADS rules or final decisions."
W-001158,EXECUTION,65.1978417266187,65.2,62.5,2.697841726618705,2.697841726618705,2.700000000000003,0.002158273381297704,2.700000000000003,2.700000000000003,-22.425,1,0,0,0,4,25.0,False,False,False,False,"Signed reconciliation and persistence evidence for review; heuristic bands are engineering choices, not MPLADS rules or final decisions."
W-001159,EXECUTION,33.163636363636364,33.2,37.9,-4.7363636363636346,4.7363636363636346,-4.699999999999996,0.03636363636363882,-4.699999999999996,1.9000000000000004,-7.114285714285714,1,0,0,0,7,25.0,False,False,False,False,"Signed reconciliation and persistence evidence for review; heuristic bands are engineering choices, not MPLADS rules or final decisions."
W-001160,EXECUTION,87.96033994334277,88.0,91.4,-3.4396600566572317,3.4396600566572317,-3.4000000000000057,0.03966005665722605,-3.4000000000000057,12.299999999999997,-10.42857142857143,2,0,0,0,7,25.0,False,False,False,False,"Signed reconciliation and persistence evidence for review; heuristic bands are engineering choices, not MPLADS rules or final decisions."
W-001161,EXECUTION,72.20500103327134,72.2,74.3,-2.094998966728653,2.094998966728653,-2.0999999999999943,-0.005001033271341271,-2.0999999999999943,3.900000000000002,-9.399999999999997,1,0,0,0,5,25.0,False,False,False,False,"Signed reconciliation and persistence evidence for review; heuristic bands are engineering choices, not MPLADS rules or final decisions."
W-001162,COMPLETION,101.99401794616152,102.0,100.0,1.9940179461615202,1.9940179461615202,2.0,0.005982053838479828,2.0,9.099999999999998,-0.6200000000000024,3,0,0,0,5,25.0,False,False,False,False,"Signed reconciliation and persistence evidence for review; heuristic bands are engineering choices, not MPLADS rules or final decisions."
W-001163,COMPLETION,102.32896652110625,102.3,100.0,2.3289665211062527,2.3289665211062527,2.299999999999997,-0.028966521106255527,2.299999999999997,72.9,35.46666666666667,6,4,0,4,6,25.0,False,True,False,False,"Signed reconciliation and persistence evidence for review; heuristic bands are engineering choices, not MPLADS rules or final decisions."
W-001164,EXECUTION,22.89156626506024,22.9,26.3,-3.4084337349397593,3.4084337349397593,-3.400000000000002,0.008433734939757187,-3.400000000000002,7.8,-1.9750000000000005,3,0,0,0,8,25.0,False,False,False,False,"Signed reconciliation and persistence evidence for review; heuristic bands are engineering choices, not MPLADS rules or final decisions."
W-001165,COMPLETION,104.82115085536547,104.8,100.0,4.821150855365474,4.821150855365474,4.799999999999997,-0.021150855365476673,4.799999999999997,35.599999999999994,-5.666666666666669,3,2,0,2,6,25.0,False,True,False,False,"Signed reconciliation and persistence evidence for review; heuristic bands are engineering choices, not MPLADS rules or final decisions."
W-001166,COMPLETION,105.28375733855187,105.3,100.0,5.283757338551865,5.283757338551865,5.299999999999997,0.016242661448131912,5.299999999999997,51.699999999999996,31.583333333333332,6,4,0,4,6,25.0,False,True,False,False,"Signed reconciliation and persistence evidence for review; heuristic bands are engineering choices, not MPLADS rules or final decisions."
W-001167,EXECUTION,64.31095406360424,64.3,63.1,1.210954063604241,1.210954063604241,1.1999999999999957,-0.010954063604245334,1.1999999999999957,14.599999999999994,-0.3500000000000023,5,0,0,0,8,25.0,False,False,False,False,"Signed reconciliation and persistence evidence for review; heuristic bands are engineering choices, not MPLADS rules or final decisions."
W-001168,COMPLETION,104.00471142520612,104.0,100.0,4.004711425206125,4.004711425206125,4.0,-0.004711425206124886,4.0,66.6,35.63333333333333,3,2,0,2,3,25.0,False,True,False,False,"Signed reconciliation and persistence evidence for review; heuristic bands are engineering choices, not MPLADS rules or final decisions."
W-001169,COMPLETION,92.82172373081464,92.8,100.0,-7.1782762691853605,7.1782762691853605,-7.200000000000003,-0.021723730814642295,-7.200000000000003,31.200000000000003,7.5,2,1,0,1,4,25.0,False,False,False,False,"Signed reconciliation and persistence evidence for review; heuristic bands are engineering choices, not MPLADS rules or final decisions."
W-001171,COMPLETION,107.30293663060279,107.3,100.0,7.302936630602787,7.302936630602787,7.299999999999997,-0.0029366306027895916,7.299999999999997,39.89999999999999,27.799999999999997,3,2,0,2,3,25.0,False,True,False,False,"Signed reconciliation and persistence evidence for review; heuristic bands are engineering choices, not MPLADS rules or final decisions."
W-001172,EXECUTION,59.86842105263158,59.9,63.2,-3.3315789473684205,3.3315789473684205,-3.3000000000000043,0.031578947368416266,-3.3000000000000043,-1.2000000000000028,-6.875000000000002,0,0,0,0,4,25.0,False,False,False,False,"Signed reconciliation and persistence evidence for review; heuristic bands are engineering choices, not MPLADS rules or final decisions."
W-001173,EXECUTION,19.815852682145717,19.8,18.7,1.115852682145718,1.115852682145718,1.1000000000000014,-0.015852682145716557,1.1000000000000014,16.7,10.266666666666667,3,0,0,0,3,25.0,False,False,False,False,"Signed reconciliation and persistence evidence for review; heuristic bands are engineering choices, not MPLADS rules or final decisions."
W-001174,COMPLETION,100.53333333333333,100.5,100.0,0.5333333333333314,0.5333333333333314,0.5,-0.03333333333333144,0.5,0.5,-29.575,1,0,0,0,8,25.0,False,False,False,False,"Signed reconciliation and persistence evidence for review; heuristic bands are engineering choices, not MPLADS rules or final decisions."
W-001175,EXECUTION,150.25575447570333,150.3,21.1,129.15575447570333,129.15575447570333,129.20000000000002,0.04424552429668438,129.20000000000002,129.20000000000002,67.92857142857143,6,6,6,6,7,25.0,True,True,False,False,"Signed reconciliation and persistence evidence for review; heuristic bands are engineering choices, not MPLADS rules or final decisions."
W-001176,EXECUTION,69.02895054282268,69.0,76.5,-7.471049457177315,7.471049457177315,-7.5,-0.02895054282268461,-7.5,66.3,26.875,6,4,0,4,8,25.0,False,True,False,False,"Signed reconciliation and persistence evidence for review; heuristic bands are engineering choices, not MPLADS rules or final decisions."
W-001177,EXECUTION,0.0,0.0,0.0,0.0,0.0,0.0,0.0,0.0,0.0,0.0,0,0,0,0,1,25.0,False,False,False,False,"Signed reconciliation and persistence evidence for review; heuristic bands are engineering choices, not MPLADS rules or final decisions."
W-001178,COMPLETION,101.31054131054131,101.3,100.0,1.3105413105413106,1.3105413105413106,1.2999999999999972,-0.010541310541313464,1.2999999999999972,71.1,32.666666666666664,6,3,0,3,6,25.0,False,True,False,False,"Signed reconciliation and persistence evidence for review; heuristic bands are engineering choices, not MPLADS rules or final decisions."
W-001179,EXECUTION,86.7595818815331,86.8,88.9,-2.1404181184669113,2.1404181184669113,-2.1000000000000085,0.0404181184669028,-2.1000000000000085,8.0,1.549999999999999,2,0,0,0,4,25.0,False,False,False,False,"Signed reconciliation and persistence evidence for review; heuristic bands are engineering choices, not MPLADS rules or final decisions."
W-001180,EXECUTION,45.320424158598435,45.3,43.6,1.7204241585984335,1.7204241585984335,1.6999999999999957,-0.020424158598437714,1.6999999999999957,10.0,0.9624999999999992,4,0,0,0,8,25.0,False,False,False,False,"Signed reconciliation and persistence evidence for review; heuristic bands are engineering choices, not MPLADS rules or final decisions."
W-001181,COMPLETION,91.9524709694842,92.0,100.0,-8.047529030515804,8.047529030515804,-8.0,0.04752903051580404,-8.0,52.6,27.68,4,3,0,3,5,25.0,False,True,False,False,"Signed reconciliation and persistence evidence for review; heuristic bands are engineering choices, not MPLADS rules or final decisions."
W-001182,COMPLETION,103.12805474095796,103.1,100.0,3.128054740957964,3.128054740957964,3.0999999999999943,-0.02805474095796967,3.0999999999999943,71.1,28.080000000000002,4,3,0,3,5,25.0,False,True,False,False,"Signed reconciliation and persistence evidence for review; heuristic bands are engineering choices, not MPLADS rules or final decisions."
W-001183,EXECUTION,13.452914798206278,13.5,15.8,-2.347085201793723,2.347085201793723,-2.3000000000000007,0.04708520179372222,-2.3000000000000007,9.9,0.2599999999999998,2,0,0,0,5,25.0,False,False,False,False,"Signed reconciliation and persistence evidence for review; heuristic bands are engineering choices, not MPLADS rules or final decisions."
W-001184,COMPLETION,105.38628944504897,105.4,100.0,5.386289445048973,5.386289445048973,5.400000000000006,0.01371055495103235,5.400000000000006,84.9,44.03333333333334,6,4,0,4,6,25.0,False,True,False,False,"Signed reconciliation and persistence evidence for review; heuristic bands are engineering choices, not MPLADS rules or final decisions."
W-001185,COMPLETION,101.94099378881988,101.9,100.0,1.9409937888198812,1.9409937888198812,1.9000000000000057,-0.040993788819875476,1.9000000000000057,35.3,9.642857142857142,5,2,0,2,7,25.0,False,True,False,False,"Signed reconciliation and persistence evidence for review; heuristic bands are engineering choices, not MPLADS rules or final decisions."
W-001186,EXECUTION,82.818043588444,82.8,92.7,-9.881956411556004,9.881956411556004,-9.900000000000006,-0.018043588444001557,-9.900000000000006,48.9,21.266666666666662,2,1,0,1,3,25.0,False,False,False,False,"Signed reconciliation and persistence evidence for review; heuristic bands are engineering choices, not MPLADS rules or final decisions."
W-001188,COMPLETION,95.21750878141043,95.2,100.0,-4.78249121858957,4.78249121858957,-4.799999999999997,-0.017508781410427332,-4.799999999999997,13.600000000000009,-13.02,1,0,0,0,5,25.0,False,False,False,False,"Signed reconciliation and persistence evidence for review; heuristic bands are engineering choices, not MPLADS rules or final decisions."
W-001189,COMPLETION,100.9090909090909,100.9,100.0,0.9090909090909065,0.9090909090909065,0.9000000000000057,-0.009090909090900823,0.9000000000000057,21.0,10.850000000000001,4,0,0,0,4,25.0,False,False,False,False,"Signed reconciliation and persistence evidence for review; heuristic bands are engineering choices, not MPLADS rules or final decisions."
W-001190,COMPLETION,97.37693136902622,97.4,100.0,-2.6230686309737763,2.6230686309737763,-2.5999999999999943,0.02306863097378198,-2.5999999999999943,43.2,18.540000000000003,4,1,0,1,5,25.0,False,False,False,False,"Signed reconciliation and persistence evidence for review; heuristic bands are engineering choices, not MPLADS rules or final decisions."
W-001191,COMPLETION,106.1433447098976,106.1,100.0,6.143344709897605,6.143344709897605,6.099999999999994,-0.0433447098976103,6.099999999999994,79.3,39.9375,8,5,0,5,8,25.0,False,True,False,False,"Signed reconciliation and persistence evidence for review; heuristic bands are engineering choices, not MPLADS rules or final decisions."
W-001192,COMPLETION,96.43410852713178,96.4,100.0,-3.5658914728682163,3.5658914728682163,-3.5999999999999943,-0.03410852713177803,-3.5999999999999943,49.50000000000001,12.883333333333338,4,2,0,2,6,25.0,False,True,False,False,"Signed reconciliation and persistence evidence for review; heuristic bands are engineering choices, not MPLADS rules or final decisions."
W-001193,COMPLETION,98.96238651102465,99.0,100.0,-1.037613488975353,1.037613488975353,-1.0,0.03761348897535299,-1.0,59.300000000000004,29.674999999999997,3,2,0,2,4,25.0,False,True,False,False,"Signed reconciliation and persistence evidence for review; heuristic bands are engineering choices, not MPLADS rules or final decisions."
W-001194,EXECUTION,95.03328213005632,95.0,94.6,0.43328213005632676,0.43328213005632676,0.4000000000000057,-0.03328213005632108,0.4000000000000057,74.9,29.6625,7,4,0,4,8,25.0,False,True,False,False,"Signed reconciliation and persistence evidence for review; heuristic bands are engineering choices, not MPLADS rules or final decisions."
W-001195,COMPLETION,91.83285849952517,91.8,100.0,-8.167141500474827,8.167141500474827,-8.200000000000003,-0.032858499525175944,-8.200000000000003,34.0,16.928571428571427,6,3,0,3,7,25.0,False,True,False,False,"Signed reconciliation and persistence evidence for review; heuristic bands are engineering choices, not MPLADS rules or final decisions."
W-001196,EXECUTION,43.660714285714285,43.7,43.9,-0.23928571428571388,0.23928571428571388,-0.19999999999999574,0.03928571428571814,-0.19999999999999574,32.5,17.825000000000003,7,3,0,3,8,25.0,False,True,False,False,"Signed reconciliation and persistence evidence for review; heuristic bands are engineering choices, not MPLADS rules or final decisions."
W-001197,COMPLETION,104.00866738894908,104.0,100.0,4.008667388949078,4.008667388949078,4.0,-0.008667388949078259,4.0,34.1,16.842857142857145,6,2,0,1,7,25.0,False,False,False,False,"Signed reconciliation and persistence evidence for review; heuristic bands are engineering choices, not MPLADS rules or final decisions."
W-001198,COMPLETION,106.11541774332473,106.1,100.0,6.115417743324727,6.115417743324727,6.099999999999994,-0.015417743324732669,6.099999999999994,13.700000000000003,4.833333333333331,2,0,0,0,3,25.0,False,False,False,False,"Signed reconciliation and persistence evidence for review; heuristic bands are engineering choices, not MPLADS rules or final decisions."
W-001199,COMPLETION,105.02476999292286,105.0,100.0,5.024769992922856,5.024769992922856,5.0,-0.024769992922855977,5.0,6.100000000000001,-16.342857142857145,2,0,0,0,7,25.0,False,False,False,False,"Signed reconciliation and persistence evidence for review; heuristic bands are engineering choices, not MPLADS rules or final decisions."
W-001200,COMPLETION,95.69506726457399,95.7,100.0,-4.304932735426007,4.304932735426007,-4.299999999999997,0.0049327354260100265,-4.299999999999997,64.7,30.16666666666667,2,2,0,2,3,25.0,False,True,False,False,"Signed reconciliation and persistence evidence for review; heuristic bands are engineering choices, not MPLADS rules or final decisions."
W-001201,COMPLETION,101.2987012987013,101.3,100.0,1.2987012987013031,1.2987012987013031,1.2999999999999972,0.0012987012986940272,1.2999999999999972,59.4,30.966666666666665,3,2,0,2,3,25.0,False,True,False,False,"Signed reconciliation and persistence evidence for review; heuristic bands are engineering choices, not MPLADS rules or final decisions."
W-001202,EXECUTION,0.6378132118451025,0.6,5.7,-5.062186788154897,5.062186788154897,-5.1000000000000005,-0.03781321184510256,-5.1000000000000005,0.0,-2.35,0,0,0,0,6,25.0,False,False,False,False,"Signed reconciliation and persistence evidence for review; heuristic bands are engineering choices, not MPLADS rules or final decisions."
W-001203,COMPLETION,95.55023923444976,95.6,100.0,-4.449760765550238,4.449760765550238,-4.400000000000006,0.04976076555023212,-4.400000000000006,57.099999999999994,20.974999999999994,6,3,0,3,8,25.0,False,True,False,False,"Signed reconciliation and persistence evidence for review; heuristic bands are engineering choices, not MPLADS rules or final decisions."
W-001204,COMPLETION,104.39276485788113,104.4,100.0,4.392764857881133,4.392764857881133,4.400000000000006,0.007235142118872773,4.400000000000006,10.5,-8.162499999999998,3,0,0,0,8,25.0,False,False,False,False,"Signed reconciliation and persistence evidence for review; heuristic bands are engineering choices, not MPLADS rules or final decisions."
W-001205,COMPLETION,99.72432804962095,99.7,100.0,-0.27567195037904924,0.27567195037904924,-0.29999999999999716,-0.024328049620947922,-0.29999999999999716,51.800000000000004,18.25714285714286,4,3,0,3,7,25.0,False,True,False,False,"Signed reconciliation and persistence evidence for review; heuristic bands are engineering choices, not MPLADS rules or final decisions."
W-001206,COMPLETION,98.21993670886076,98.2,100.0,-1.7800632911392427,1.7800632911392427,-1.7999999999999972,-0.019936708860754493,-1.7999999999999972,11.0,-15.874999999999998,1,0,0,0,8,25.0,False,False,False,False,"Signed reconciliation and persistence evidence for review; heuristic bands are engineering choices, not MPLADS rules or final decisions."
W-001207,EXECUTION,62.324929971988794,62.3,61.4,0.9249299719887958,0.9249299719887958,0.8999999999999986,-0.024929971988797206,0.8999999999999986,7.599999999999998,-3.375000000000001,2,0,0,0,4,25.0,False,False,False,False,"Signed reconciliation and persistence evidence for review; heuristic bands are engineering choices, not MPLADS rules or final decisions."
W-001208,COMPLETION,105.0982800982801,105.1,100.0,5.0982800982800995,5.0982800982800995,5.099999999999994,0.0017199017198947786,5.099999999999994,72.0,37.03333333333333,6,4,0,4,6,25.0,False,True,False,False,"Signed reconciliation and persistence evidence for review; heuristic bands are engineering choices, not MPLADS rules or final decisions."
W-001209,EXECUTION,88.46896551724137,88.5,94.0,-5.531034482758628,5.531034482758628,-5.5,0.031034482758627746,-5.5,57.1,14.075000000000001,5,3,0,3,8,25.0,False,True,False,False,"Signed reconciliation and persistence evidence for review; heuristic bands are engineering choices, not MPLADS rules or final decisions."
W-001210,COMPLETION,125.06613756613757,125.1,100.0,25.06613756613757,25.06613756613757,25.099999999999994,0.03386243386242427,25.099999999999994,51.599999999999994,30.466666666666658,3,2,1,1,3,25.0,True,False,False,False,"Signed reconciliation and persistence evidence for review; heuristic bands are engineering choices, not MPLADS rules or final decisions."
W-001211,EXECUTION,25.99078341013825,26.0,26.2,-0.20921658986175018,0.20921658986175018,-0.1999999999999993,0.00921658986175089,-0.1999999999999993,16.3,9.3,3,0,0,0,4,25.0,False,False,False,False,"Signed reconciliation and persistence evidence for review; heuristic bands are engineering choices, not MPLADS rules or final decisions."
W-001212,EXECUTION,72.31316725978648,72.3,77.2,-4.886832740213521,4.886832740213521,-4.900000000000006,-0.01316725978648492,-4.900000000000006,51.5,21.499999999999996,6,4,0,4,8,25.0,False,True,False,False,"Signed reconciliation and persistence evidence for review; heuristic bands are engineering choices, not MPLADS rules or final decisions."
W-001213,EXECUTION,1.1688311688311688,1.2,2.3,-1.131168831168831,1.131168831168831,-1.0999999999999999,0.03116883116883118,-1.0999999999999999,-1.0999999999999999,-1.0999999999999999,0,0,0,0,1,25.0,False,False,True,True,"Signed reconciliation and persistence evidence for review; heuristic bands are engineering choices, not MPLADS rules or final decisions."
W-001214,EXECUTION,41.67619047619048,41.7,45.7,-4.0238095238095255,4.0238095238095255,-4.0,0.0238095238095255,-4.0,0.4000000000000057,-15.1875,1,0,0,0,8,25.0,False,False,False,False,"Signed reconciliation and persistence evidence for review; heuristic bands are engineering choices, not MPLADS rules or final decisions."
W-001215,COMPLETION,98.74720357941834,98.7,100.0,-1.2527964205816602,1.2527964205816602,-1.2999999999999972,-0.04720357941833697,-1.2999999999999972,73.9,27.114285714285717,5,4,0,4,7,25.0,False,True,False,False,"Signed reconciliation and persistence evidence for review; heuristic bands are engineering choices, not MPLADS rules or final decisions."
W-001216,EXECUTION,68.97274633123689,69.0,80.4,-11.427253668763115,11.427253668763115,-11.400000000000006,0.027253668763108863,-11.400000000000006,25.0,7.987499999999999,5,1,0,1,8,25.0,False,False,False,False,"Signed reconciliation and persistence evidence for review; heuristic bands are engineering choices, not MPLADS rules or final decisions."
W-001217,COMPLETION,104.94610019023462,104.9,100.0,4.946100190234617,4.946100190234617,4.900000000000006,-0.046100190234611205,4.900000000000006,62.00000000000001,34.6,4,3,0,3,4,25.0,False,True,False,False,"Signed reconciliation and persistence evidence for review; heuristic bands are engineering choices, not MPLADS rules or final decisions."
W-001218,EXECUTION,33.30068560235064,33.3,37.1,-3.7993143976493613,3.7993143976493613,-3.8000000000000043,-0.0006856023506429665,-3.8000000000000043,-2.3,-12.475,0,0,0,0,8,25.0,False,False,False,False,"Signed reconciliation and persistence evidence for review; heuristic bands are engineering choices, not MPLADS rules or final decisions."
W-001219,COMPLETION,104.36432637571157,104.4,100.0,4.3643263757115704,4.3643263757115704,4.400000000000006,0.035673624288435235,4.400000000000006,75.5,39.92857142857143,7,5,0,5,7,25.0,False,True,False,False,"Signed reconciliation and persistence evidence for review; heuristic bands are engineering choices, not MPLADS rules or final decisions."
W-001221,COMPLETION,96.52904640116917,96.5,100.0,-3.4709535988308318,3.4709535988308318,-3.5,-0.029046401169168234,-3.5,27.400000000000006,7.825000000000001,2,2,0,2,4,25.0,False,True,False,False,"Signed reconciliation and persistence evidence for review; heuristic bands are engineering choices, not MPLADS rules or final decisions."
W-001222,COMPLETION,92.11641706696807,92.1,100.0,-7.883582933031931,7.883582933031931,-7.900000000000006,-0.016417066968074323,-7.900000000000006,62.39999999999999,29.599999999999994,2,2,0,2,3,25.0,False,True,False,False,"Signed reconciliation and persistence evidence for review; heuristic bands are engineering choices, not MPLADS rules or final decisions."
W-001223,COMPLETION,101.11561866125761,101.1,100.0,1.1156186612576136,1.1156186612576136,1.0999999999999943,-0.015618661257619237,1.0999999999999943,1.0999999999999943,-31.737500000000004,1,0,0,0,8,25.0,False,False,False,False,"Signed reconciliation and persistence evidence for review; heuristic bands are engineering choices, not MPLADS rules or final decisions."
W-001224,COMPLETION,97.09302325581395,97.1,100.0,-2.9069767441860535,2.9069767441860535,-2.9000000000000057,0.0069767441860477675,-2.9000000000000057,42.89999999999999,9.549999999999995,2,2,0,2,4,25.0,False,True,False,False,"Signed reconciliation and persistence evidence for review; heuristic bands are engineering choices, not MPLADS rules or final decisions."
W-001225,COMPLETION,103.48432055749129,103.5,100.0,3.484320557491287,3.484320557491287,3.5,0.015679442508712782,3.5,40.400000000000006,21.685714285714287,7,4,0,3,7,25.0,False,True,False,False,"Signed reconciliation and persistence evidence for review; heuristic bands are engineering choices, not MPLADS rules or final decisions."
W-001226,COMPLETION,105.02793296089385,105.0,100.0,5.02793296089385,5.02793296089385,5.0,-0.027932960893849668,5.0,41.3,4.0666666666666655,2,1,0,1,3,25.0,False,False,False,False,"Signed reconciliation and persistence evidence for review; heuristic bands are engineering choices, not MPLADS rules or final decisions."
W-001227,COMPLETION,100.55384615384615,100.6,100.0,0.5538461538461519,0.5538461538461519,0.5999999999999943,0.04615384615384244,0.5999999999999943,15.900000000000006,-9.442857142857141,3,0,0,0,7,25.0,False,False,False,False,"Signed reconciliation and persistence evidence for review; heuristic bands are engineering choices, not MPLADS rules or final decisions."
W-001228,COMPLETION,100.78350515463917,100.8,100.0,0.7835051546391725,0.7835051546391725,0.7999999999999972,0.016494845360824684,0.7999999999999972,18.799999999999997,6.499999999999996,2,0,0,0,3,25.0,False,False,False,False,"Signed reconciliation and persistence evidence for review; heuristic bands are engineering choices, not MPLADS rules or final decisions."
W-001229,EXECUTION,98.18897637795276,98.2,91.1,7.088976377952761,7.088976377952761,7.1000000000000085,0.011023622047247272,7.1000000000000085,7.1000000000000085,-27.33333333333333,1,0,0,0,3,25.0,False,False,False,False,"Signed reconciliation and persistence evidence for review; heuristic bands are engineering choices, not MPLADS rules or final decisions."
W-001230,EXECUTION,46.10472541507024,46.1,50.9,-4.795274584929757,4.795274584929757,-4.799999999999997,-0.004725415070240047,-4.799999999999997,26.799999999999997,8.72857142857143,6,1,0,1,7,25.0,False,False,False,False,"Signed reconciliation and persistence evidence for review; heuristic bands are engineering choices, not MPLADS rules or final decisions."
W-001231,EXECUTION,61.712846347607055,61.7,69.4,-7.687153652392951,7.687153652392951,-7.700000000000003,-0.012846347607052166,-7.700000000000003,9.0,1.4000000000000008,2,0,0,0,4,25.0,False,False,False,False,"Signed reconciliation and persistence evidence for review; heuristic bands are engineering choices, not MPLADS rules or final decisions."
W-001232,EXECUTION,40.17305315203956,40.2,41.0,-0.8269468479604427,0.8269468479604427,-0.7999999999999972,0.026946847960445552,-0.7999999999999972,8.300000000000004,-1.5249999999999995,2,0,0,0,8,25.0,False,False,False,False,"Signed reconciliation and persistence evidence for review; heuristic bands are engineering choices, not MPLADS rules or final decisions."
W-001233,COMPLETION,92.33554616777309,92.3,100.0,-7.664453832226911,7.664453832226911,-7.700000000000003,-0.0355461677730915,-7.700000000000003,66.6,29.299999999999997,2,2,0,2,3,25.0,False,True,False,False,"Signed reconciliation and persistence evidence for review; heuristic bands are engineering choices, not MPLADS rules or final decisions."
W-001234,COMPLETION,95.33678756476684,95.3,100.0,-4.663212435233163,4.663212435233163,-4.700000000000003,-0.036787564766839864,-4.700000000000003,-2.3999999999999986,-17.450000000000003,0,0,0,0,4,25.0,False,False,False,False,"Signed reconciliation and persistence evidence for review; heuristic bands are engineering choices, not MPLADS rules or final decisions."
W-001235,COMPLETION,106.57439446366782,106.6,100.0,6.574394463667815,6.574394463667815,6.599999999999994,0.025605536332179213,6.599999999999994,90.3,47.959999999999994,5,3,0,3,5,25.0,False,True,False,False,"Signed reconciliation and persistence evidence for review; heuristic bands are engineering choices, not MPLADS rules or final decisions."
W-001236,COMPLETION,104.9878015722418,105.0,100.0,4.987801572241807,4.987801572241807,5.0,0.01219842775819302,5.0,65.7,17.214285714285715,5,3,0,3,7,25.0,False,True,False,False,"Signed reconciliation and persistence evidence for review; heuristic bands are engineering choices, not MPLADS rules or final decisions."
W-001237,COMPLETION,100.85561497326204,100.9,100.0,0.8556149732620355,0.8556149732620355,0.9000000000000057,0.04438502673797018,0.9000000000000057,77.7,37.55,8,6,0,6,8,25.0,False,True,False,False,"Signed reconciliation and persistence evidence for review; heuristic bands are engineering choices, not MPLADS rules or final decisions."
W-001238,COMPLETION,106.43776824034335,106.4,100.0,6.437768240343345,6.437768240343345,6.400000000000006,-0.0377682403433397,6.400000000000006,42.900000000000006,16.26666666666667,5,2,0,2,6,25.0,False,True,False,False,"Signed reconciliation and persistence evidence for review; heuristic bands are engineering choices, not MPLADS rules or final decisions."
W-001239,COMPLETION,105.0,105.0,100.0,5.0,5.0,5.0,0.0,5.0,45.9,25.2,7,4,0,3,7,25.0,False,True,False,False,"Signed reconciliation and persistence evidence for review; heuristic bands are engineering choices, not MPLADS rules or final decisions."
W-001240,COMPLETION,105.02586844050259,105.0,100.0,5.025868440502592,5.025868440502592,5.0,-0.02586844050259174,5.0,51.5,14.785714285714286,5,3,0,3,7,25.0,False,True,False,False,"Signed reconciliation and persistence evidence for review; heuristic bands are engineering choices, not MPLADS rules or final decisions."
W-001241,COMPLETION,95.39070939863161,95.4,100.0,-4.609290601368386,4.609290601368386,-4.599999999999994,0.009290601368391549,-4.599999999999994,44.10000000000001,17.93333333333334,5,2,0,2,6,25.0,False,True,False,False,"Signed reconciliation and persistence evidence for review; heuristic bands are engineering choices, not MPLADS rules or final decisions."
W-001242,COMPLETION,105.00963391136801,105.0,100.0,5.009633911368013,5.009633911368013,5.0,-0.00963391136801306,5.0,61.7,24.762500000000003,7,3,0,3,8,25.0,False,True,False,False,"Signed reconciliation and persistence evidence for review; heuristic bands are engineering choices, not MPLADS rules or final decisions."
W-001243,COMPLETION,98.18181818181819,98.2,100.0,-1.818181818181813,1.818181818181813,-1.7999999999999972,0.018181818181815856,-1.7999999999999972,83.7,41.5625,7,5,0,5,8,25.0,False,True,False,False,"Signed reconciliation and persistence evidence for review; heuristic bands are engineering choices, not MPLADS rules or final decisions."
W-001244,COMPLETION,105.08405084050841,105.1,100.0,5.084050840508411,5.084050840508411,5.099999999999994,0.015949159491583487,5.099999999999994,70.1,37.699999999999996,4,2,0,2,4,25.0,False,True,False,False,"Signed reconciliation and persistence evidence for review; heuristic bands are engineering choices, not MPLADS rules or final decisions."
W-001245,COMPLETION,96.53748411689962,96.5,100.0,-3.46251588310038,3.46251588310038,-3.5,-0.037484116899619835,-3.5,66.9,32.166666666666664,2,2,0,2,3,25.0,False,True,False,False,"Signed reconciliation and persistence evidence for review; heuristic bands are engineering choices, not MPLADS rules or final decisions."
W-001246,COMPLETION,106.318347509113,106.3,100.0,6.318347509112996,6.318347509112996,6.299999999999997,-0.018347509112999205,6.299999999999997,57.599999999999994,24.016666666666662,6,2,0,2,6,25.0,False,True,False,False,"Signed reconciliation and persistence evidence for review; heuristic bands are engineering choices, not MPLADS rules or final decisions."
W-001247,COMPLETION,98.73096446700508,98.7,100.0,-1.26903553299492,1.26903553299492,-1.2999999999999972,-0.030964467005077267,-1.2999999999999972,47.400000000000006,25.6,7,4,0,4,8,25.0,False,True,False,False,"Signed reconciliation and persistence evidence for review; heuristic bands are engineering choices, not MPLADS rules or final decisions."
W-001248,COMPLETION,102.39867659222497,102.4,100.0,2.398676592224973,2.398676592224973,2.4000000000000057,0.0013234077750325923,2.4000000000000057,16.699999999999996,2.1000000000000014,3,0,0,0,5,25.0,False,False,False,False,"Signed reconciliation and persistence evidence for review; heuristic bands are engineering choices, not MPLADS rules or final decisions."
W-001249,EXECUTION,46.52230971128609,46.5,51.8,-5.277690288713906,5.277690288713906,-5.299999999999997,-0.02230971128609127,-5.299999999999997,5.0,-3.599999999999999,1,0,0,0,3,25.0,False,False,False,False,"Signed reconciliation and persistence evidence for review; heuristic bands are engineering choices, not MPLADS rules or final decisions."
W-001250,COMPLETION,96.96261682242991,97.0,100.0,-3.037383177570092,3.037383177570092,-3.0,0.03738317757009213,-3.0,48.5,17.816666666666666,4,3,0,3,6,25.0,False,True,False,False,"Signed reconciliation and persistence evidence for review; heuristic bands are engineering choices, not MPLADS rules or final decisions."
W-001252,EXECUTION,56.51998385143319,56.5,61.2,-4.680016148566814,4.680016148566814,-4.700000000000003,-0.019983851433188704,-4.700000000000003,14.299999999999997,-8.625000000000002,2,0,0,0,8,25.0,False,False,False,False,"Signed reconciliation and persistence evidence for review; heuristic bands are engineering choices, not MPLADS rules or final decisions."
W-001253,COMPLETION,94.50389105058366,94.5,100.0,-5.496108949416339,5.496108949416339,-5.5,-0.0038910505836611264,-5.5,3.9999999999999964,-5.083333333333335,2,0,0,0,6,25.0,False,False,False,False,"Signed reconciliation and persistence evidence for review; heuristic bands are engineering choices, not MPLADS rules or final decisions."
W-001254,COMPLETION,95.43949981610886,95.4,100.0,-4.560500183891136,4.560500183891136,-4.599999999999994,-0.039499816108858,-4.599999999999994,56.2,25.47142857142858,6,3,0,3,7,25.0,False,True,False,False,"Signed reconciliation and persistence evidence for review; heuristic bands are engineering choices, not MPLADS rules or final decisions."
W-001256,COMPLETION,104.96982605608804,105.0,100.0,4.9698260560880385,4.9698260560880385,5.0,0.030173943911961487,5.0,26.400000000000006,3.1250000000000027,2,1,0,1,4,25.0,False,False,False,False,"Signed reconciliation and persistence evidence for review; heuristic bands are engineering choices, not MPLADS rules or final decisions."
W-001257,COMPLETION,99.16405433646813,99.2,100.0,-0.8359456635318736,0.8359456635318736,-0.7999999999999972,0.03594566353187645,-0.7999999999999972,27.0,8.633333333333335,4,1,0,1,6,25.0,False,False,False,False,"Signed reconciliation and persistence evidence for review; heuristic bands are engineering choices, not MPLADS rules or final decisions."
W-001258,COMPLETION,105.0,105.0,100.0,5.0,5.0,5.0,0.0,5.0,80.7,37.1375,7,5,0,5,8,25.0,False,True,False,False,"Signed reconciliation and persistence evidence for review; heuristic bands are engineering choices, not MPLADS rules or final decisions."
W-001259,EXECUTION,54.71775854964977,54.7,55.6,-0.8822414503502287,0.8822414503502287,-0.8999999999999986,-0.01775854964976986,-0.8999999999999986,2.700000000000003,-9.185714285714285,2,0,0,0,7,25.0,False,False,False,False,"Signed reconciliation and persistence evidence for review; heuristic bands are engineering choices, not MPLADS rules or final decisions."
W-001260,EXECUTION,78.87154861944778,78.9,82.2,-3.328451380552224,3.328451380552224,-3.299999999999997,0.028451380552226624,-3.299999999999997,27.000000000000007,1.3666666666666696,2,1,0,1,6,25.0,False,False,False,False,"Signed reconciliation and persistence evidence for review; heuristic bands are engineering choices, not MPLADS rules or final decisions."
W-001261,EXECUTION,0.0,0.0,7.3,-7.3,7.3,-7.3,0.0,-7.3,0.0,-4.475,0,0,0,0,4,25.0,False,False,False,False,"Signed reconciliation and persistence evidence for review; heuristic bands are engineering choices, not MPLADS rules or final decisions."
W-001262,EXECUTION,33.39427178549665,33.4,35.4,-2.0057282145033497,2.0057282145033497,-2.0,0.0057282145033497045,-2.0,0.7999999999999972,-0.47500000000000053,2,0,0,0,4,25.0,False,False,False,False,"Signed reconciliation and persistence evidence for review; heuristic bands are engineering choices, not MPLADS rules or final decisions."
W-001263,COMPLETION,88.65546218487395,88.7,100.0,-11.344537815126046,11.344537815126046,-11.299999999999997,0.044537815126048486,-11.299999999999997,30.1,3.000000000000001,3,1,0,1,5,25.0,False,False,False,False,"Signed reconciliation and persistence evidence for review; heuristic bands are engineering choices, not MPLADS rules or final decisions."
W-001265,EXECUTION,37.1824480369515,37.2,41.1,-3.9175519630485027,3.9175519630485027,-3.8999999999999986,0.01755196304850415,-3.8999999999999986,18.1,6.016666666666667,5,0,0,0,6,25.0,False,False,False,False,"Signed reconciliation and persistence evidence for review; heuristic bands are engineering choices, not MPLADS rules or final decisions."
W-001266,EXECUTION,16.57271702367531,16.6,17.6,-1.0272829763246918,1.0272829763246918,-1.0,0.027282976324691788,-1.0,5.499999999999999,-2.6571428571428575,1,0,0,0,7,25.0,False,False,False,False,"Signed reconciliation and persistence evidence for review; heuristic bands are engineering choices, not MPLADS rules or final decisions."
W-001267,COMPLETION,106.90121786197564,106.9,100.0,6.901217861975638,6.901217861975638,6.900000000000006,-0.0012178619756326725,6.900000000000006,37.2,18.275000000000002,4,2,0,2,4,25.0,False,True,False,False,"Signed reconciliation and persistence evidence for review; heuristic bands are engineering choices, not MPLADS rules or final decisions."
W-001268,COMPLETION,89.07865168539325,89.1,100.0,-10.921348314606746,10.921348314606746,-10.900000000000006,0.02134831460674036,-10.900000000000006,5.599999999999994,-14.800000000000002,2,0,0,0,6,25.0,False,False,False,False,"Signed reconciliation and persistence evidence for review; heuristic bands are engineering choices, not MPLADS rules or final decisions."
W-001269,COMPLETION,99.38319198149576,99.4,100.0,-0.6168080185042442,0.6168080185042442,-0.5999999999999943,0.016808018504249844,-0.5999999999999943,52.800000000000004,27.128571428571433,6,4,0,4,7,25.0,False,True,False,False,"Signed reconciliation and persistence evidence for review; heuristic bands are engineering choices, not MPLADS rules or final decisions."
W-001270,EXECUTION,63.251563251563255,63.3,62.2,1.0515632515632518,1.0515632515632518,1.0999999999999943,0.048436748436742505,1.0999999999999943,10.900000000000002,2.5666666666666664,2,0,0,0,3,25.0,False,False,False,False,"Signed reconciliation and persistence evidence for review; heuristic bands are engineering choices, not MPLADS rules or final decisions."
W-001271,COMPLETION,104.09518539014942,104.1,100.0,4.095185390149425,4.095185390149425,4.099999999999994,0.0048146098505696955,4.099999999999994,78.69999999999999,40.93333333333333,6,4,0,4,6,25.0,False,True,False,False,"Signed reconciliation and persistence evidence for review; heuristic bands are engineering choices, not MPLADS rules or final decisions."
W-001272,COMPLETION,96.14637305699482,96.1,100.0,-3.8536269430051817,3.8536269430051817,-3.9000000000000057,-0.04637305699482397,-3.9000000000000057,67.3,28.249999999999993,7,4,0,4,8,25.0,False,True,False,False,"Signed reconciliation and persistence evidence for review; heuristic bands are engineering choices, not MPLADS rules or final decisions."
W-001273,COMPLETION,99.78828510938602,99.8,100.0,-0.21171489061397608,0.21171489061397608,-0.20000000000000284,0.011714890613973239,-0.20000000000000284,35.9,5.249999999999998,4,1,0,1,8,25.0,False,False,False,False,"Signed reconciliation and persistence evidence for review; heuristic bands are engineering choices, not MPLADS rules or final decisions."
W-001274,COMPLETION,100.76499388004896,100.8,100.0,0.7649938800489622,0.7649938800489622,0.7999999999999972,0.035006119951034975,0.7999999999999972,41.099999999999994,1.7999999999999992,4,2,0,2,7,25.0,False,True,False,False,"Signed reconciliation and persistence evidence for review; heuristic bands are engineering choices, not MPLADS rules or final decisions."
W-001275,EXECUTION,83.36996336996337,83.4,93.7,-10.33003663003663,10.33003663003663,-10.299999999999997,0.030036630036633483,-10.299999999999997,36.300000000000004,0.7833333333333362,3,1,0,1,6,25.0,False,False,False,False,"Signed reconciliation and persistence evidence for review; heuristic bands are engineering choices, not MPLADS rules or final decisions."
W-001276,EXECUTION,62.89198606271777,62.9,62.3,0.5919860627177727,0.5919860627177727,0.6000000000000014,0.008013937282228767,0.6000000000000014,14.2,6.733333333333333,3,0,0,0,3,25.0,False,False,False,False,"Signed reconciliation and persistence evidence for review; heuristic bands are engineering choices, not MPLADS rules or final decisions."
W-001277,COMPLETION,104.64480874316939,104.6,100.0,4.644808743169392,4.644808743169392,4.599999999999994,-0.04480874316939776,4.599999999999994,63.8,31.924999999999997,4,2,0,2,4,25.0,False,True,False,False,"Signed reconciliation and persistence evidence for review; heuristic bands are engineering choices, not MPLADS rules or final decisions."
W-001278,COMPLETION,97.39401011279658,97.4,100.0,-2.605989887203421,2.605989887203421,-2.5999999999999943,0.005989887203426747,-2.5999999999999943,34.60000000000001,10.014285714285718,5,1,0,1,7,25.0,False,False,False,False,"Signed reconciliation and persistence evidence for review; heuristic bands are engineering choices, not MPLADS rules or final decisions."
W-001279,COMPLETION,104.97175141242938,105.0,100.0,4.971751412429384,4.971751412429384,5.0,0.02824858757061577,5.0,51.3,25.525,4,2,0,2,4,25.0,False,True,False,False,"Signed reconciliation and persistence evidence for review; heuristic bands are engineering choices, not MPLADS rules or final decisions."
W-001280,COMPLETION,98.7146529562982,98.7,100.0,-1.2853470437018046,1.2853470437018046,-1.2999999999999972,-0.014652956298192521,-1.2999999999999972,71.30000000000001,33.150000000000006,3,2,0,2,4,25.0,False,True,False,False,"Signed reconciliation and persistence evidence for review; heuristic bands are engineering choices, not MPLADS rules or final decisions."
W-001281,COMPLETION,104.15620641562064,104.2,100.0,4.156206415620645,4.156206415620645,4.200000000000003,0.04379358437935821,4.200000000000003,83.80000000000001,32.471428571428575,6,4,0,4,7,25.0,False,True,False,False,"Signed reconciliation and persistence evidence for review; heuristic bands are engineering choices, not MPLADS rules or final decisions."
W-001282,COMPLETION,97.56795422031473,97.6,100.0,-2.432045779685268,2.432045779685268,-2.4000000000000057,0.03204577968526223,-2.4000000000000057,65.1,31.533333333333328,2,2,0,2,3,25.0,False,True,False,False,"Signed reconciliation and persistence evidence for review; heuristic bands are engineering choices, not MPLADS rules or final decisions."
W-001283,EXECUTION,45.22952295229523,45.2,51.9,-6.670477047704772,6.670477047704772,-6.699999999999996,-0.02952295229522406,-6.699999999999996,19.6,2.0000000000000018,2,0,0,0,4,25.0,False,False,False,False,"Signed reconciliation and persistence evidence for review; heuristic bands are engineering choices, not MPLADS rules or final decisions."
W-001284,COMPLETION,96.96323921150773,97.0,100.0,-3.0367607884922734,3.0367607884922734,-3.0,0.03676078849227338,-3.0,60.6,29.100000000000005,2,2,0,2,3,25.0,False,True,False,False,"Signed reconciliation and persistence evidence for review; heuristic bands are engineering choices, not MPLADS rules or final decisions."
W-001285,COMPLETION,92.35155987923515,92.4,100.0,-7.648440120764846,7.648440120764846,-7.599999999999994,0.04844012076485171,-7.599999999999994,55.900000000000006,19.260000000000005,4,2,0,2,5,25.0,False,True,False,False,"Signed reconciliation and persistence evidence for review; heuristic bands are engineering choices, not MPLADS rules or final decisions."
W-001286,COMPLETION,104.98084291187739,105.0,100.0,4.980842911877389,4.980842911877389,5.0,0.0191570881226113,5.0,51.3,24.28571428571428,7,4,0,4,7,25.0,False,True,False,False,"Signed reconciliation and persistence evidence for review; heuristic bands are engineering choices, not MPLADS rules or final decisions."
W-001287,EXECUTION,41.64609053497942,41.6,42.8,-1.1539094650205755,1.1539094650205755,-1.1999999999999957,-0.04609053497942028,-1.1999999999999957,24.700000000000003,7.625000000000002,4,0,0,0,8,25.0,False,False,False,False,"Signed reconciliation and persistence evidence for review; heuristic bands are engineering choices, not MPLADS rules or final decisions."
W-001288,COMPLETION,102.6032315978456,102.6,100.0,2.603231597845607,2.603231597845607,2.5999999999999943,-0.003231597845612555,2.5999999999999943,70.39999999999999,36.33333333333333,6,4,0,4,6,25.0,False,True,False,False,"Signed reconciliation and persistence evidence for review; heuristic bands are engineering choices, not MPLADS rules or final decisions."
W-001289,COMPLETION,100.31397174254317,100.3,100.0,0.31397174254317406,0.31397174254317406,0.29999999999999716,-0.013971742543176902,0.29999999999999716,4.5,-4.200000000000001,2,0,0,0,5,25.0,False,False,False,False,"Signed reconciliation and persistence evidence for review; heuristic bands are engineering choices, not MPLADS rules or final decisions."
W-001290,EXECUTION,57.358623112047766,57.4,62.8,-5.441376887952231,5.441376887952231,-5.399999999999999,0.041376887952232266,-5.399999999999999,-5.399999999999999,-11.033333333333331,0,0,0,0,3,25.0,False,False,False,False,"Signed reconciliation and persistence evidence for review; heuristic bands are engineering choices, not MPLADS rules or final decisions."
W-001291,COMPLETION,99.56548727498448,99.6,100.0,-0.43451272501552296,0.43451272501552296,-0.4000000000000057,0.034512725015517276,-0.4000000000000057,13.099999999999998,-9.700000000000003,1,0,0,0,5,25.0,False,False,False,False,"Signed reconciliation and persistence evidence for review; heuristic bands are engineering choices, not MPLADS rules or final decisions."
W-001292,COMPLETION,103.28159645232816,103.3,100.0,3.2815964523281593,3.2815964523281593,3.299999999999997,0.018403547671837828,3.299999999999997,86.3,45.333333333333336,6,4,0,4,6,25.0,False,True,False,False,"Signed reconciliation and persistence evidence for review; heuristic bands are engineering choices, not MPLADS rules or final decisions."
W-001293,COMPLETION,93.52678571428571,93.5,100.0,-6.473214285714292,6.473214285714292,-6.5,-0.026785714285708195,-6.5,66.9,30.474999999999994,7,5,0,5,8,25.0,False,True,False,False,"Signed reconciliation and persistence evidence for review; heuristic bands are engineering choices, not MPLADS rules or final decisions."
W-001294,COMPLETION,105.01274426508071,105.0,100.0,5.012744265080713,5.012744265080713,5.0,-0.01274426508071258,5.0,50.1,21.1125,7,4,0,4,8,25.0,False,True,False,False,"Signed reconciliation and persistence evidence for review; heuristic bands are engineering choices, not MPLADS rules or final decisions."
W-001295,COMPLETION,104.5925925925926,104.6,100.0,4.592592592592595,4.592592592592595,4.599999999999994,0.007407407407399091,4.599999999999994,37.60000000000001,14.100000000000003,4,1,0,1,5,25.0,False,False,False,False,"Signed reconciliation and persistence evidence for review; heuristic bands are engineering choices, not MPLADS rules or final decisions."
W-001296,COMPLETION,104.9738219895288,105.0,100.0,4.973821989528801,4.973821989528801,5.0,0.02617801047119883,5.0,85.7,47.54285714285715,7,5,0,5,7,25.0,False,True,False,False,"Signed reconciliation and persistence evidence for review; heuristic bands are engineering choices, not MPLADS rules or final decisions."
W-001297,COMPLETION,101.37457044673539,101.4,100.0,1.3745704467353903,1.3745704467353903,1.4000000000000057,0.02542955326461538,1.4000000000000057,49.00000000000001,17.1,6,3,0,3,7,25.0,False,True,False,False,"Signed reconciliation and persistence evidence for review; heuristic bands are engineering choices, not MPLADS rules or final decisions."
W-001298,COMPLETION,104.98583569405099,105.0,100.0,4.985835694050991,4.985835694050991,5.0,0.014164305949009304,5.0,50.0,19.314285714285713,6,3,0,3,7,25.0,False,True,False,False,"Signed reconciliation and persistence evidence for review; heuristic bands are engineering choices, not MPLADS rules or final decisions."
W-001299,EXECUTION,102.02578268876611,102.0,94.5,7.525782688766114,7.525782688766114,7.5,-0.025782688766113893,7.5,7.5,-37.0875,1,0,0,0,8,25.0,False,False,False,False,"Signed reconciliation and persistence evidence for review; heuristic bands are engineering choices, not MPLADS rules or final decisions."
W-001300,COMPLETION,102.44988864142539,102.4,100.0,2.449888641425389,2.449888641425389,2.4000000000000057,-0.049888641425383184,2.4000000000000057,69.9,35.00000000000001,3,2,0,2,3,25.0,False,True,False,False,"Signed reconciliation and persistence evidence for review; heuristic bands are engineering choices, not MPLADS rules or final decisions."
W-001301,COMPLETION,104.1687594173782,104.2,100.0,4.168759417378197,4.168759417378197,4.200000000000003,0.0312405826218054,4.200000000000003,63.1,28.82857142857143,6,4,0,4,7,25.0,False,True,False,False,"Signed reconciliation and persistence evidence for review; heuristic bands are engineering choices, not MPLADS rules or final decisions."
W-001303,EXECUTION,88.02855573860516,88.0,86.8,1.2285557386051664,1.2285557386051664,1.2000000000000028,-0.028555738605163583,1.2000000000000028,7.0,0.13333333333333522,2,0,0,0,3,25.0,False,False,False,False,"Signed reconciliation and persistence evidence for review; heuristic bands are engineering choices, not MPLADS rules or final decisions."
W-001304,COMPLETION,104.98105035192204,105.0,100.0,4.981050351922036,4.981050351922036,5.0,0.018949648077963843,5.0,51.5,24.325,4,2,0,2,4,25.0,False,True,False,False,"Signed reconciliation and persistence evidence for review; heuristic bands are engineering choices, not MPLADS rules or final decisions."
W-001307,COMPLETION,101.82186234817814,101.8,100.0,1.8218623481781435,1.8218623481781435,1.7999999999999972,-0.021862348178146362,1.7999999999999972,88.7,46.114285714285714,7,5,0,5,7,25.0,False,True,False,False,"Signed reconciliation and persistence evidence for review; heuristic bands are engineering choices, not MPLADS rules or final decisions."
W-001308,COMPLETION,102.1175814990248,102.1,100.0,2.1175814990247943,2.1175814990247943,2.0999999999999943,-0.017581499024799996,2.0999999999999943,52.2,31.59999999999999,6,4,0,4,6,25.0,False,True,False,False,"Signed reconciliation and persistence evidence for review; heuristic bands are engineering choices, not MPLADS rules or final decisions."
W-001309,COMPLETION,104.15828303152247,104.2,100.0,4.158283031522473,4.158283031522473,4.200000000000003,0.04171696847753026,4.200000000000003,55.1,21.125,7,4,0,4,8,25.0,False,True,False,False,"Signed reconciliation and persistence evidence for review; heuristic bands are engineering choices, not MPLADS rules or final decisions."
W-001310,COMPLETION,92.39083441418072,92.4,100.0,-7.609165585819284,7.609165585819284,-7.599999999999994,0.00916558581928939,-7.599999999999994,8.700000000000003,-5.3,1,0,0,0,4,25.0,False,False,False,False,"Signed reconciliation and persistence evidence for review; heuristic bands are engineering choices, not MPLADS rules or final decisions."
W-001311,COMPLETION,92.29065130704475,92.3,100.0,-7.7093486929552455,7.7093486929552455,-7.700000000000003,0.009348692955242655,-7.700000000000003,3.8000000000000043,-2.599999999999999,3,0,0,0,6,25.0,False,False,False,False,"Signed reconciliation and persistence evidence for review; heuristic bands are engineering choices, not MPLADS rules or final decisions."
W-001312,COMPLETION,104.98316498316498,105.0,100.0,4.983164983164983,4.983164983164983,5.0,0.016835016835017313,5.0,11.799999999999997,7.15,4,0,0,0,4,25.0,False,False,False,False,"Signed reconciliation and persistence evidence for review; heuristic bands are engineering choices, not MPLADS rules or final decisions."
W-001313,COMPLETION,153.2608695652174,153.3,100.0,53.260869565217405,53.260869565217405,53.30000000000001,0.03913043478260647,53.30000000000001,121.9,84.22500000000001,8,8,8,8,8,25.0,True,True,False,False,"Signed reconciliation and persistence evidence for review; heuristic bands are engineering choices, not MPLADS rules or final decisions."
W-001315,COMPLETION,103.21507760532151,103.2,100.0,3.215077605321511,3.215077605321511,3.200000000000003,-0.015077605321508258,3.200000000000003,34.5,-12.600000000000003,3,1,0,1,7,25.0,False,False,False,False,"Signed reconciliation and persistence evidence for review; heuristic bands are engineering choices, not MPLADS rules or final decisions."
W-001316,COMPLETION,107.0995670995671,107.1,100.0,7.099567099567096,7.099567099567096,7.099999999999994,0.00043290043289800906,7.099999999999994,23.299999999999997,4.250000000000001,5,0,0,0,6,25.0,False,False,False,False,"Signed reconciliation and persistence evidence for review; heuristic bands are engineering choices, not MPLADS rules or final decisions."
W-001317,EXECUTION,77.8996344300432,77.9,84.5,-6.600365569956793,6.600365569956793,-6.599999999999994,0.00036556995679859483,-6.599999999999994,-6.599999999999994,-25.087500000000002,0,0,0,0,8,25.0,False,False,False,False,"Signed reconciliation and persistence evidence for review; heuristic bands are engineering choices, not MPLADS rules or final decisions."
W-001318,EXECUTION,84.13793103448276,84.1,83.6,0.5379310344827672,0.5379310344827672,0.5,-0.037931034482767245,0.5,12.099999999999994,4.833333333333333,5,0,0,0,6,25.0,False,False,False,False,"Signed reconciliation and persistence evidence for review; heuristic bands are engineering choices, not MPLADS rules or final decisions."
W-001319,EXECUTION,97.94222398100514,97.9,94.6,3.342223981005148,3.342223981005148,3.3000000000000114,-0.04222398100513658,3.3000000000000114,3.3000000000000114,-27.700000000000006,2,0,0,0,7,25.0,False,False,False,False,"Signed reconciliation and persistence evidence for review; heuristic bands are engineering choices, not MPLADS rules or final decisions."
W-001320,EXECUTION,65.05931879066208,65.1,76.0,-10.940681209337924,10.940681209337924,-10.900000000000006,0.040681209337918744,-10.900000000000006,11.500000000000004,0.012500000000000178,4,0,0,0,8,25.0,False,False,False,False,"Signed reconciliation and persistence evidence for review; heuristic bands are engineering choices, not MPLADS rules or final decisions."
W-001321,COMPLETION,101.08499095840868,101.1,100.0,1.0849909584086816,1.0849909584086816,1.0999999999999943,0.015009041591312666,1.0999999999999943,66.89999999999999,33.65714285714286,7,4,0,4,7,25.0,False,True,False,False,"Signed reconciliation and persistence evidence for review; heuristic bands are engineering choices, not MPLADS rules or final decisions."
W-001322,EXECUTION,141.815167840862,141.8,64.5,77.31516784086199,77.31516784086199,77.30000000000001,-0.01516784086197731,77.30000000000001,122.10000000000001,75.5125,7,7,7,7,8,25.0,True,True,False,False,"Signed reconciliation and persistence evidence for review; heuristic bands are engineering choices, not MPLADS rules or final decisions."
W-001323,EXECUTION,89.46135831381733,89.5,94.7,-5.238641686182675,5.238641686182675,-5.200000000000003,0.03864168618267172,-5.200000000000003,59.7,22.385714285714283,6,2,0,2,7,25.0,False,True,False,False,"Signed reconciliation and persistence evidence for review; heuristic bands are engineering choices, not MPLADS rules or final decisions."
W-001324,COMPLETION,93.82920110192838,93.8,100.0,-6.170798898071624,6.170798898071624,-6.200000000000003,-0.029201101928379103,-6.200000000000003,48.3,10.249999999999998,4,2,0,2,6,25.0,False,True,False,False,"Signed reconciliation and persistence evidence for review; heuristic bands are engineering choices, not MPLADS rules or final decisions."
W-001325,COMPLETION,96.02356406480118,96.0,100.0,-3.976435935198822,3.976435935198822,-4.0,-0.02356406480117812,-4.0,66.1,26.049999999999997,5,2,0,2,6,25.0,False,True,False,False,"Signed reconciliation and persistence evidence for review; heuristic bands are engineering choices, not MPLADS rules or final decisions."
W-001326,COMPLETION,96.43312101910828,96.4,100.0,-3.5668789808917154,3.5668789808917154,-3.5999999999999943,-0.033121019108278915,-3.5999999999999943,21.7,11.042857142857143,6,0,0,0,7,25.0,False,False,False,False,"Signed reconciliation and persistence evidence for review; heuristic bands are engineering choices, not MPLADS rules or final decisions."
W-001327,COMPLETION,89.43475964078183,89.4,100.0,-10.565240359218166,10.565240359218166,-10.599999999999994,-0.03475964078182869,-10.599999999999994,48.300000000000004,12.120000000000005,3,2,0,2,5,25.0,False,True,False,False,"Signed reconciliation and persistence evidence for review; heuristic bands are engineering choices, not MPLADS rules or final decisions."
W-001328,COMPLETION,103.527950310559,103.5,100.0,3.5279503105590067,3.5279503105590067,3.5,-0.027950310559006653,3.5,56.10000000000001,27.180000000000007,5,2,0,2,5,25.0,False,True,False,False,"Signed reconciliation and persistence evidence for review; heuristic bands are engineering choices, not MPLADS rules or final decisions."
W-001329,COMPLETION,98.84547069271758,98.8,100.0,-1.1545293072824165,1.1545293072824165,-1.2000000000000028,-0.0454706927175863,-1.2000000000000028,51.699999999999996,27.312499999999996,7,4,0,3,8,25.0,False,True,False,False,"Signed reconciliation and persistence evidence for review; heuristic bands are engineering choices, not MPLADS rules or final decisions."
W-001330,COMPLETION,94.80676328502416,94.8,100.0,-5.193236714975839,5.193236714975839,-5.200000000000003,-0.006763285024163679,-5.200000000000003,45.7,22.35,3,2,0,2,4,25.0,False,True,False,False,"Signed reconciliation and persistence evidence for review; heuristic bands are engineering choices, not MPLADS rules or final decisions."
W-001331,EXECUTION,83.84637936089123,83.8,84.9,-1.0536206391087717,1.0536206391087717,-1.1000000000000085,-0.04637936089123684,-1.1000000000000085,-1.1000000000000085,-28.139999999999997,0,0,0,0,5,25.0,False,False,False,False,"Signed reconciliation and persistence evidence for review; heuristic bands are engineering choices, not MPLADS rules or final decisions."
W-001332,COMPLETION,107.94780545670226,107.9,100.0,7.947805456702255,7.947805456702255,7.900000000000006,-0.04780545670224967,7.900000000000006,64.60000000000001,19.650000000000006,7,3,0,3,8,25.0,False,True,False,False,"Signed reconciliation and persistence evidence for review; heuristic bands are engineering choices, not MPLADS rules or final decisions."
W-001333,COMPLETION,104.64659685863874,104.6,100.0,4.646596858638745,4.646596858638745,4.599999999999994,-0.046596858638750405,4.599999999999994,83.1,41.699999999999996,7,5,0,5,7,25.0,False,True,False,False,"Signed reconciliation and persistence evidence for review; heuristic bands are engineering choices, not MPLADS rules or final decisions."
W-001334,COMPLETION,92.54941713127218,92.5,100.0,-7.450582868727821,7.450582868727821,-7.5,-0.04941713127217895,-7.5,41.1,24.020000000000003,4,3,0,3,5,25.0,False,True,False,False,"Signed reconciliation and persistence evidence for review; heuristic bands are engineering choices, not MPLADS rules or final decisions."
W-001335,COMPLETION,104.99429874572407,105.0,100.0,4.994298745724066,4.994298745724066,5.0,0.00570125427593382,5.0,85.5,40.2125,8,5,0,5,8,25.0,False,True,False,False,"Signed reconciliation and persistence evidence for review; heuristic bands are engineering choices, not MPLADS rules or final decisions."
W-001337,COMPLETION,160.54660126138754,160.5,100.0,60.546601261387536,60.546601261387536,60.5,-0.0466012613875364,60.5,104.8,69.4,4,4,4,4,4,25.0,True,True,False,False,"Signed reconciliation and persistence evidence for review; heuristic bands are engineering choices, not MPLADS rules or final decisions."
W-001338,COMPLETION,100.27008777852802,100.3,100.0,0.2700877785280227,0.2700877785280227,0.29999999999999716,0.029912221471974476,0.29999999999999716,0.29999999999999716,-15.733333333333334,1,0,0,0,3,25.0,False,False,False,False,"Signed reconciliation and persistence evidence for review; heuristic bands are engineering choices, not MPLADS rules or final decisions."
W-001339,EXECUTION,28.976325441813938,29.0,29.4,-0.42367455818606103,0.42367455818606103,-0.3999999999999986,0.023674558186062455,-0.3999999999999986,8.2,0.41999999999999993,1,0,0,0,5,25.0,False,False,False,False,"Signed reconciliation and persistence evidence for review; heuristic bands are engineering choices, not MPLADS rules or final decisions."
W-001340,COMPLETION,105.01053617419808,105.0,100.0,5.01053617419808,5.01053617419808,5.0,-0.010536174198080062,5.0,91.7,49.61666666666667,6,5,0,5,6,25.0,False,True,False,False,"Signed reconciliation and persistence evidence for review; heuristic bands are engineering choices, not MPLADS rules or final decisions."
W-001341,COMPLETION,102.77942046126552,102.8,100.0,2.7794204612655165,2.7794204612655165,2.799999999999997,0.020579538734480707,2.799999999999997,84.69999999999999,47.03333333333333,6,4,0,4,6,25.0,False,True,False,False,"Signed reconciliation and persistence evidence for review; heuristic bands are engineering choices, not MPLADS rules or final decisions."
W-001342,COMPLETION,103.68942731277534,103.7,100.0,3.6894273127753365,3.6894273127753365,3.700000000000003,0.01057268722466631,3.700000000000003,44.49999999999999,29.842857142857138,7,5,0,5,7,25.0,False,True,False,False,"Signed reconciliation and persistence evidence for review; heuristic bands are engineering choices, not MPLADS rules or final decisions."
W-001343,COMPLETION,107.13671539122957,107.1,100.0,7.136715391229572,7.136715391229572,7.099999999999994,-0.036715391229577676,7.099999999999994,47.5,28.699999999999996,8,4,0,4,8,25.0,False,True,False,False,"Signed reconciliation and persistence evidence for review; heuristic bands are engineering choices, not MPLADS rules or final decisions."
W-001344,COMPLETION,97.16279069767442,97.2,100.0,-2.8372093023255758,2.8372093023255758,-2.799999999999997,0.03720930232557862,-2.799999999999997,8.500000000000007,-1.3999999999999997,2,0,0,0,7,25.0,False,False,False,False,"Signed reconciliation and persistence evidence for review; heuristic bands are engineering choices, not MPLADS rules or final decisions."
W-001348,COMPLETION,104.91624180626366,104.9,100.0,4.916241806263656,4.916241806263656,4.900000000000006,-0.01624180626365046,4.900000000000006,23.700000000000003,-7.037499999999998,3,0,0,0,8,25.0,False,False,False,False,"Signed reconciliation and persistence evidence for review; heuristic bands are engineering choices, not MPLADS rules or final decisions."
W-001349,COMPLETION,103.39089481946625,103.4,100.0,3.3908948194662543,3.3908948194662543,3.4000000000000057,0.009105180533751422,3.4000000000000057,3.4000000000000057,-15.133333333333333,1,0,0,0,3,25.0,False,False,False,False,"Signed reconciliation and persistence evidence for review; heuristic bands are engineering choices, not MPLADS rules or final decisions."
W-001350,COMPLETION,105.00245218244237,105.0,100.0,5.002452182442369,5.002452182442369,5.0,-0.0024521824423686667,5.0,50.9,28.183333333333337,6,4,0,4,6,25.0,False,True,False,False,"Signed reconciliation and persistence evidence for review; heuristic bands are engineering choices, not MPLADS rules or final decisions."
W-001351,EXECUTION,16.96085955487337,17.0,19.3,-2.339140445126631,2.339140445126631,-2.3000000000000007,0.0391404451266304,-2.3000000000000007,4.199999999999999,-3.3400000000000007,1,0,0,0,5,25.0,False,False,False,False,"Signed reconciliation and persistence evidence for review; heuristic bands are engineering choices, not MPLADS rules or final decisions."
W-001352,COMPLETION,100.23219814241486,100.2,100.0,0.23219814241485892,0.23219814241485892,0.20000000000000284,-0.03219814241485608,0.20000000000000284,56.900000000000006,27.114285714285717,7,3,0,2,7,25.0,False,True,False,False,"Signed reconciliation and persistence evidence for review; heuristic bands are engineering choices, not MPLADS rules or final decisions."
W-001353,COMPLETION,105.12422360248448,105.1,100.0,5.124223602484477,5.124223602484477,5.099999999999994,-0.024223602484482853,5.099999999999994,73.39999999999999,32.14285714285714,6,5,0,5,7,25.0,False,True,False,False,"Signed reconciliation and persistence evidence for review; heuristic bands are engineering choices, not MPLADS rules or final decisions."
W-001354,COMPLETION,102.05794746818304,102.1,100.0,2.0579474681830447,2.0579474681830447,2.0999999999999943,0.04205253181694957,2.0999999999999943,68.0,29.659999999999997,5,2,0,2,5,25.0,False,True,False,False,"Signed reconciliation and persistence evidence for review; heuristic bands are engineering choices, not MPLADS rules or final decisions."
W-001355,COMPLETION,89.89547038327527,89.9,100.0,-10.104529616724733,10.104529616724733,-10.099999999999994,0.0045296167247386165,-10.099999999999994,41.99999999999999,17.619999999999997,4,2,0,2,5,25.0,False,True,False,False,"Signed reconciliation and persistence evidence for review; heuristic bands are engineering choices, not MPLADS rules or final decisions."
W-001356,EXECUTION,77.07222491517209,77.1,87.4,-10.32777508482792,10.32777508482792,-10.300000000000011,0.02777508482790836,-10.300000000000011,8.399999999999991,-16.450000000000003,1,0,0,0,4,25.0,False,False,False,False,"Signed reconciliation and persistence evidence for review; heuristic bands are engineering choices, not MPLADS rules or final decisions."
W-001357,COMPLETION,95.46576187538557,95.5,100.0,-4.534238124614433,4.534238124614433,-4.5,0.03423812461443276,-4.5,40.7,24.0,7,5,0,3,8,25.0,False,True,False,False,"Signed reconciliation and persistence evidence for review; heuristic bands are engineering choices, not MPLADS rules or final decisions."
W-001358,COMPLETION,102.79013344116457,102.8,100.0,2.7901334411645706,2.7901334411645706,2.799999999999997,0.009866558835426531,2.799999999999997,47.699999999999996,22.059999999999995,4,2,0,2,5,25.0,False,True,False,False,"Signed reconciliation and persistence evidence for review; heuristic bands are engineering choices, not MPLADS rules or final decisions."
W-001359,COMPLETION,107.59002770083103,107.6,100.0,7.59002770083103,7.59002770083103,7.599999999999994,0.009972299168964582,7.599999999999994,62.199999999999996,27.585714285714282,6,4,0,4,7,25.0,False,True,False,False,"Signed reconciliation and persistence evidence for review; heuristic bands are engineering choices, not MPLADS rules or final decisions."
W-001360,COMPLETION,105.0,105.0,100.0,5.0,5.0,5.0,0.0,5.0,50.2,31.399999999999995,6,4,0,4,6,25.0,False,True,False,False,"Signed reconciliation and persistence evidence for review; heuristic bands are engineering choices, not MPLADS rules or final decisions."
W-001361,EXECUTION,86.33671742808798,86.3,36.0,50.33671742808798,50.33671742808798,50.3,-0.036717428087982285,50.3,50.3,8.033333333333331,4,1,1,1,6,25.0,True,False,False,False,"Signed reconciliation and persistence evidence for review; heuristic bands are engineering choices, not MPLADS rules or final decisions."
W-001362,COMPLETION,105.0122249388753,105.0,100.0,5.012224938875306,5.012224938875306,5.0,-0.01222493887530618,5.0,71.3,30.357142857142858,7,3,0,3,7,25.0,False,True,False,False,"Signed reconciliation and persistence evidence for review; heuristic bands are engineering choices, not MPLADS rules or final decisions."
W-001363,COMPLETION,96.34997316156736,96.3,100.0,-3.6500268384326375,3.6500268384326375,-3.700000000000003,-0.04997316156736531,-3.700000000000003,81.89999999999999,40.4,5,4,0,4,6,25.0,False,True,False,False,"Signed reconciliation and persistence evidence for review; heuristic bands are engineering choices, not MPLADS rules or final decisions."
W-001364,COMPLETION,97.09677419354838,97.1,100.0,-2.9032258064516157,2.9032258064516157,-2.9000000000000057,0.0032258064516099694,-2.9000000000000057,68.19999999999999,34.74999999999999,3,3,0,3,4,25.0,False,True,False,False,"Signed reconciliation and persistence evidence for review; heuristic bands are engineering choices, not MPLADS rules or final decisions."
W-001365,EXECUTION,29.07394113424264,29.1,30.6,-1.52605886575736,1.52605886575736,-1.5,0.02605886575735994,-1.5,10.100000000000001,1.1000000000000014,1,0,0,0,3,25.0,False,False,False,False,"Signed reconciliation and persistence evidence for review; heuristic bands are engineering choices, not MPLADS rules or final decisions."
W-001367,COMPLETION,96.359918200409,96.4,100.0,-3.6400817995910018,3.6400817995910018,-3.5999999999999943,0.04008179959100744,-3.5999999999999943,40.2,11.700000000000001,3,2,0,2,5,25.0,False,True,False,False,"Signed reconciliation and persistence evidence for review; heuristic bands are engineering choices, not MPLADS rules or final decisions."
W-001368,COMPLETION,90.87374199451052,90.9,100.0,-9.126258005489476,9.126258005489476,-9.099999999999994,0.026258005489481206,-9.099999999999994,-1.3999999999999986,-15.974999999999996,0,0,0,0,4,25.0,False,False,False,False,"Signed reconciliation and persistence evidence for review; heuristic bands are engineering choices, not MPLADS rules or final decisions."
W-001370,COMPLETION,101.07943537226681,101.1,100.0,1.0794353722668149,1.0794353722668149,1.0999999999999943,0.020564627733179464,1.0999999999999943,75.89999999999999,38.65,8,6,0,6,8,25.0,False,True,False,False,"Signed reconciliation and persistence evidence for review; heuristic bands are engineering choices, not MPLADS rules or final decisions."
W-001371,EXECUTION,81.70391061452514,81.7,90.1,-8.396089385474852,8.396089385474852,-8.399999999999991,-0.003910614525139522,-8.399999999999991,7.399999999999999,-10.971428571428572,2,0,0,0,7,25.0,False,False,False,False,"Signed reconciliation and persistence evidence for review; heuristic bands are engineering choices, not MPLADS rules or final decisions."
W-001372,COMPLETION,97.24532224532224,97.2,100.0,-2.7546777546777577,2.7546777546777577,-2.799999999999997,-0.045322245322239496,-2.799999999999997,7.200000000000003,-8.975,1,0,0,0,4,25.0,False,False,False,False,"Signed reconciliation and persistence evidence for review; heuristic bands are engineering choices, not MPLADS rules or final decisions."
W-001374,EXECUTION,53.63036303630363,53.6,50.6,3.0303630363036262,3.0303630363036262,3.0,-0.030363036303626245,3.0,36.7,21.225,4,2,0,2,4,25.0,False,True,False,False,"Signed reconciliation and persistence evidence for review; heuristic bands are engineering choices, not MPLADS rules or final decisions."
W-001375,EXECUTION,77.10843373493977,77.1,85.4,-8.29156626506024,8.29156626506024,-8.300000000000011,-0.008433734939771398,-8.300000000000011,28.4,14.76666666666666,2,1,0,1,3,25.0,False,False,False,False,"Signed reconciliation and persistence evidence for review; heuristic bands are engineering choices, not MPLADS rules or final decisions."
W-001377,COMPLETION,99.43775100401606,99.4,100.0,-0.5622489959839356,0.5622489959839356,-0.5999999999999943,-0.03775100401605869,-0.5999999999999943,30.300000000000004,19.200000000000006,2,2,0,2,3,25.0,False,True,False,False,"Signed reconciliation and persistence evidence for review; heuristic bands are engineering choices, not MPLADS rules or final decisions."
W-001378,EXECUTION,57.84248841826605,57.8,55.3,2.5424884182660534,2.5424884182660534,2.5,-0.04248841826605343,2.5,2.5,-8.599999999999998,1,0,0,0,4,25.0,False,False,False,False,"Signed reconciliation and persistence evidence for review; heuristic bands are engineering choices, not MPLADS rules or final decisions."
W-001379,COMPLETION,102.44274809160305,102.4,100.0,2.4427480916030504,2.4427480916030504,2.4000000000000057,-0.04274809160304471,2.4000000000000057,15.0,-5.249999999999997,3,0,0,0,6,25.0,False,False,False,False,"Signed reconciliation and persistence evidence for review; heuristic bands are engineering choices, not MPLADS rules or final decisions."
W-001380,COMPLETION,104.9743964886613,105.0,100.0,4.974396488661299,4.974396488661299,5.0,0.025603511338701423,5.0,79.3,41.542857142857144,7,5,0,5,7,25.0,False,True,False,False,"Signed reconciliation and persistence evidence for review; heuristic bands are engineering choices, not MPLADS rules or final decisions."
W-001381,COMPLETION,91.19318181818181,91.2,100.0,-8.806818181818187,8.806818181818187,-8.799999999999997,0.006818181818189828,-8.799999999999997,24.799999999999997,1.4285714285714282,4,0,0,0,7,25.0,False,False,False,False,"Signed reconciliation and persistence evidence for review; heuristic bands are engineering choices, not MPLADS rules or final decisions."
W-001382,EXECUTION,50.55391432791728,50.6,51.7,-1.1460856720827195,1.1460856720827195,-1.1000000000000014,0.04608567208271808,-1.1000000000000014,-1.1000000000000014,-9.216666666666667,0,0,0,0,6,25.0,False,False,False,False,"Signed reconciliation and persistence evidence for review; heuristic bands are engineering choices, not MPLADS rules or final decisions."
W-001383,COMPLETION,101.47928994082841,101.5,100.0,1.4792899408284086,1.4792899408284086,1.5,0.02071005917159141,1.5,62.1,24.950000000000003,7,3,0,3,8,25.0,False,True,False,False,"Signed reconciliation and persistence evidence for review; heuristic bands are engineering choices, not MPLADS rules or final decisions."
W-001384,COMPLETION,95.29411764705883,95.3,100.0,-4.705882352941174,4.705882352941174,-4.700000000000003,0.005882352941171121,-4.700000000000003,35.4,11.6375,6,2,0,2,8,25.0,False,True,False,False,"Signed reconciliation and persistence evidence for review; heuristic bands are engineering choices, not MPLADS rules or final decisions."
W-001386,COMPLETION,88.90214797136038,88.9,100.0,-11.097852028639622,11.097852028639622,-11.099999999999994,-0.0021479713603724804,-11.099999999999994,44.400000000000006,8.520000000000005,3,2,0,2,5,25.0,False,True,False,False,"Signed reconciliation and persistence evidence for review; heuristic bands are engineering choices, not MPLADS rules or final decisions."
W-001387,COMPLETION,102.86441756842775,102.9,100.0,2.864417568427754,2.864417568427754,2.9000000000000057,0.035582431572251494,2.9000000000000057,46.60000000000001,22.387500000000003,7,4,0,4,8,25.0,False,True,False,False,"Signed reconciliation and persistence evidence for review; heuristic bands are engineering choices, not MPLADS rules or final decisions."
W-001388,EXECUTION,35.99393786309674,36.0,38.7,-2.706062136903263,2.706062136903263,-2.700000000000003,0.006062136903260296,-2.700000000000003,10.0,-0.5833333333333345,2,0,0,0,6,25.0,False,False,False,False,"Signed reconciliation and persistence evidence for review; heuristic bands are engineering choices, not MPLADS rules or final decisions."
W-001389,COMPLETION,105.4072553045859,105.4,100.0,5.407255304585902,5.407255304585902,5.400000000000006,-0.007255304585896738,5.400000000000006,44.800000000000004,24.550000000000004,8,4,0,2,8,25.0,False,True,False,False,"Signed reconciliation and persistence evidence for review; heuristic bands are engineering choices, not MPLADS rules or final decisions."
W-001390,COMPLETION,104.45,104.5,100.0,4.450000000000003,4.450000000000003,4.5,0.04999999999999716,4.5,4.5,-24.55,1,0,0,0,8,25.0,False,False,False,False,"Signed reconciliation and persistence evidence for review; heuristic bands are engineering choices, not MPLADS rules or final decisions."
W-001391,EXECUTION,12.201963534361852,12.2,13.8,-1.598036465638149,1.598036465638149,-1.6000000000000014,-0.0019635343618524814,-1.6000000000000014,12.2,2.999999999999999,3,0,0,0,7,25.0,False,False,False,False,"Signed reconciliation and persistence evidence for review; heuristic bands are engineering choices, not MPLADS rules or final decisions."
W-001392,COMPLETION,143.68600682593856,143.7,100.0,43.68600682593856,43.68600682593856,43.69999999999999,0.013993174061425862,43.69999999999999,63.29999999999998,33.49999999999999,5,3,3,3,5,25.0,True,True,False,False,"Signed reconciliation and persistence evidence for review; heuristic bands are engineering choices, not MPLADS rules or final decisions."
W-001393,COMPLETION,92.84582893347412,92.8,100.0,-7.154171066525876,7.154171066525876,-7.200000000000003,-0.04582893347412664,-7.200000000000003,46.49999999999999,17.55,6,3,0,2,8,25.0,False,True,False,False,"Signed reconciliation and persistence evidence for review; heuristic bands are engineering choices, not MPLADS rules or final decisions."
W-001394,COMPLETION,106.81726502622026,106.8,100.0,6.817265026220255,6.817265026220255,6.799999999999997,-0.01726502622025805,6.799999999999997,67.1,37.68000000000001,5,4,0,4,5,25.0,False,True,False,False,"Signed reconciliation and persistence evidence for review; heuristic bands are engineering choices, not MPLADS rules or final decisions."
W-001396,EXECUTION,91.66101694915254,91.7,90.9,0.761016949152534,0.761016949152534,0.7999999999999972,0.03898305084746312,0.7999999999999972,25.700000000000003,3.9571428571428577,5,1,0,1,7,25.0,False,False,False,False,"Signed reconciliation and persistence evidence for review; heuristic bands are engineering choices, not MPLADS rules or final decisions."
W-001397,COMPLETION,103.73197625106022,103.7,100.0,3.7319762510602175,3.7319762510602175,3.700000000000003,-0.03197625106021462,3.700000000000003,3.700000000000003,-1.8666666666666671,2,0,0,0,3,25.0,False,False,False,False,"Signed reconciliation and persistence evidence for review; heuristic bands are engineering choices, not MPLADS rules or final decisions."
W-001398,COMPLETION,106.16487455197132,106.2,100.0,6.164874551971323,6.164874551971323,6.200000000000003,0.035125448028679784,6.200000000000003,55.0,32.375,8,6,0,6,8,25.0,False,True,False,False,"Signed reconciliation and persistence evidence for review; heuristic bands are engineering choices, not MPLADS rules or final decisions."
W-001399,EXECUTION,84.63837417812313,84.6,83.0,1.6383741781231294,1.6383741781231294,1.5999999999999943,-0.03837417812313504,1.5999999999999943,61.699999999999996,28.012499999999996,7,5,0,5,8,25.0,False,True,False,False,"Signed reconciliation and persistence evidence for review; heuristic bands are engineering choices, not MPLADS rules or final decisions."
W-001400,EXECUTION,84.34013081954598,84.3,89.9,-5.5598691804540294,5.5598691804540294,-5.6000000000000085,-0.04013081954597908,-5.6000000000000085,24.099999999999994,1.8499999999999943,2,0,0,0,4,25.0,False,False,False,False,"Signed reconciliation and persistence evidence for review; heuristic bands are engineering choices, not MPLADS rules or final decisions."
W-001401,COMPLETION,99.72375690607734,99.7,100.0,-0.276243093922659,0.276243093922659,-0.29999999999999716,-0.023756906077338158,-0.29999999999999716,57.5,30.5625,7,4,0,4,8,25.0,False,True,False,False,"Signed reconciliation and persistence evidence for review; heuristic bands are engineering choices, not MPLADS rules or final decisions."
W-001402,COMPLETION,105.00417014178483,105.0,100.0,5.004170141784826,5.004170141784826,5.0,-0.004170141784825887,5.0,23.0,2.7749999999999995,3,0,0,0,4,25.0,False,False,False,False,"Signed reconciliation and persistence evidence for review; heuristic bands are engineering choices, not MPLADS rules or final decisions."
W-001403,EXECUTION,75.34843205574913,75.3,81.1,-5.751567944250866,5.751567944250866,-5.799999999999997,-0.048432055749131564,-5.799999999999997,43.6,22.425,3,2,0,2,4,25.0,False,True,False,False,"Signed reconciliation and persistence evidence for review; heuristic bands are engineering choices, not MPLADS rules or final decisions."
W-001405,EXECUTION,82.75862068965517,82.8,93.0,-10.241379310344826,10.241379310344826,-10.200000000000003,0.041379310344822784,-10.200000000000003,46.099999999999994,15.512499999999996,6,3,0,3,8,25.0,False,True,False,False,"Signed reconciliation and persistence evidence for review; heuristic bands are engineering choices, not MPLADS rules or final decisions."
W-001406,COMPLETION,107.01373825018077,107.0,100.0,7.013738250180765,7.013738250180765,7.0,-0.013738250180765021,7.0,75.8,46.51666666666667,6,5,0,5,6,25.0,False,True,False,False,"Signed reconciliation and persistence evidence for review; heuristic bands are engineering choices, not MPLADS rules or final decisions."
W-001407,COMPLETION,107.25806451612904,107.3,100.0,7.258064516129039,7.258064516129039,7.299999999999997,0.041935483870958024,7.299999999999997,57.199999999999996,32.099999999999994,4,3,0,3,4,25.0,False,True,False,False,"Signed reconciliation and persistence evidence for review; heuristic bands are engineering choices, not MPLADS rules or final decisions."
W-001408,COMPLETION,105.68329718004338,105.7,100.0,5.6832971800433825,5.6832971800433825,5.700000000000003,0.016702819956620374,5.700000000000003,63.0,34.7,8,6,0,6,8,25.0,False,True,False,False,"Signed reconciliation and persistence evidence for review; heuristic bands are engineering choices, not MPLADS rules or final decisions."
W-001409,COMPLETION,104.99804763764155,105.0,100.0,4.998047637641548,4.998047637641548,5.0,0.0019523623584518646,5.0,89.3,47.414285714285725,7,5,0,5,7,25.0,False,True,False,False,"Signed reconciliation and persistence evidence for review; heuristic bands are engineering choices, not MPLADS rules or final decisions."
W-001410,EXECUTION,12.313432835820896,12.3,13.7,-1.3865671641791035,1.3865671641791035,-1.3999999999999986,-0.01343283582089505,-1.3999999999999986,0.0,-3.5999999999999996,0,0,0,0,4,25.0,False,False,False,False,"Signed reconciliation and persistence evidence for review; heuristic bands are engineering choices, not MPLADS rules or final decisions."
W-001411,EXECUTION,84.1596130592503,84.2,88.4,-4.240386940749701,4.240386940749701,-4.200000000000003,0.0403869407496984,-4.200000000000003,57.0,23.687500000000004,6,4,0,4,8,25.0,False,True,False,False,"Signed reconciliation and persistence evidence for review; heuristic bands are engineering choices, not MPLADS rules or final decisions."
W-001412,COMPLETION,104.97777777777777,105.0,100.0,4.977777777777774,4.977777777777774,5.0,0.022222222222225696,5.0,42.0,20.7,3,1,0,1,3,25.0,False,False,False,False,"Signed reconciliation and persistence evidence for review; heuristic bands are engineering choices, not MPLADS rules or final decisions."
W-001413,COMPLETION,95.86028460543338,95.9,100.0,-4.139715394566622,4.139715394566622,-4.099999999999994,0.03971539456662754,-4.099999999999994,42.4,21.5,2,2,0,2,3,25.0,False,True,False,False,"Signed reconciliation and persistence evidence for review; heuristic bands are engineering choices, not MPLADS rules or final decisions."
W-001414,COMPLETION,96.16935483870968,96.2,100.0,-3.8306451612903203,3.8306451612903203,-3.799999999999997,0.03064516129032313,-3.799999999999997,65.1,29.733333333333334,2,2,0,2,3,25.0,False,True,False,False,"Signed reconciliation and persistence evidence for review; heuristic bands are engineering choices, not MPLADS rules or final decisions."
W-001415,COMPLETION,99.25762991476492,99.3,100.0,-0.7423700852350805,0.7423700852350805,-0.7000000000000028,0.04237008523507768,-0.7000000000000028,66.5,20.519999999999996,3,2,0,2,5,25.0,False,True,False,False,"Signed reconciliation and persistence evidence for review; heuristic bands are engineering choices, not MPLADS rules or final decisions."
W-001416,EXECUTION,91.55405405405405,91.6,91.4,0.15405405405404338,0.15405405405404338,0.19999999999998863,0.045945945945945255,0.19999999999998863,58.3,33.75714285714285,7,5,0,5,7,25.0,False,True,False,False,"Signed reconciliation and persistence evidence for review; heuristic bands are engineering choices, not MPLADS rules or final decisions."
W-001417,COMPLETION,105.56390977443608,105.6,100.0,5.563909774436084,5.563909774436084,5.599999999999994,0.036090225563910394,5.599999999999994,37.8,19.833333333333332,3,1,0,1,3,25.0,False,False,False,False,"Signed reconciliation and persistence evidence for review; heuristic bands are engineering choices, not MPLADS rules or final decisions."
W-001418,COMPLETION,96.59474039109912,96.6,100.0,-3.4052596089008773,3.4052596089008773,-3.4000000000000057,0.005259608900871626,-3.4000000000000057,63.099999999999994,30.33333333333333,2,2,0,2,3,25.0,False,True,False,False,"Signed reconciliation and persistence evidence for review; heuristic bands are engineering choices, not MPLADS rules or final decisions."
W-001419,COMPLETION,100.50083472454091,100.5,100.0,0.5008347245409084,0.5008347245409084,0.5,-0.0008347245409083826,0.5,24.0,-2.4666666666666663,2,0,0,0,3,25.0,False,False,False,False,"Signed reconciliation and persistence evidence for review; heuristic bands are engineering choices, not MPLADS rules or final decisions."
W-001420,EXECUTION,75.39118065433856,75.4,79.4,-4.0088193456614505,4.0088193456614505,-4.0,0.008819345661450484,-4.0,55.7,26.420000000000005,4,3,0,3,5,25.0,False,True,False,False,"Signed reconciliation and persistence evidence for review; heuristic bands are engineering choices, not MPLADS rules or final decisions."
W-001421,COMPLETION,105.00863557858376,105.0,100.0,5.008635578583764,5.008635578583764,5.0,-0.008635578583763959,5.0,60.3,17.4,3,2,0,2,4,25.0,False,True,False,False,"Signed reconciliation and persistence evidence for review; heuristic bands are engineering choices, not MPLADS rules or final decisions."
W-001422,COMPLETION,100.18993352326686,100.2,100.0,0.18993352326685908,0.18993352326685908,0.20000000000000284,0.010066476733143759,0.20000000000000284,29.400000000000006,0.6714285714285718,4,1,0,1,7,25.0,False,False,False,False,"Signed reconciliation and persistence evidence for review; heuristic bands are engineering choices, not MPLADS rules or final decisions."
W-001423,EXECUTION,32.631160572337045,32.6,34.5,-1.8688394276629552,1.8688394276629552,-1.8999999999999986,-0.03116057233704339,-1.8999999999999986,3.0,-3.079999999999999,2,0,0,0,5,25.0,False,False,False,False,"Signed reconciliation and persistence evidence for review; heuristic bands are engineering choices, not MPLADS rules or final decisions."
W-001424,COMPLETION,106.55737704918033,106.6,100.0,6.557377049180332,6.557377049180332,6.599999999999994,0.04262295081966272,6.599999999999994,67.0,26.257142857142856,6,3,0,3,7,25.0,False,True,False,False,"Signed reconciliation and persistence evidence for review; heuristic bands are engineering choices, not MPLADS rules or final decisions."
W-001425,COMPLETION,101.3719512195122,101.4,100.0,1.371951219512198,1.371951219512198,1.4000000000000057,0.02804878048780779,1.4000000000000057,35.30000000000001,20.050000000000004,4,1,0,1,4,25.0,False,False,False,False,"Signed reconciliation and persistence evidence for review; heuristic bands are engineering choices, not MPLADS rules or final decisions."
W-001426,EXECUTION,46.00496277915633,46.0,50.6,-4.595037220843672,4.595037220843672,-4.600000000000001,-0.004962779156329589,-4.600000000000001,16.900000000000002,5.300000000000001,4,0,0,0,6,25.0,False,False,False,False,"Signed reconciliation and persistence evidence for review; heuristic bands are engineering choices, not MPLADS rules or final decisions."
W-001427,COMPLETION,101.13979215554811,101.1,100.0,1.1397921555481076,1.1397921555481076,1.0999999999999943,-0.03979215554811333,1.0999999999999943,33.099999999999994,-2.933333333333337,2,1,0,1,3,25.0,False,False,False,False,"Signed reconciliation and persistence evidence for review; heuristic bands are engineering choices, not MPLADS rules or final decisions."
W-001428,EXECUTION,37.112217541171965,37.1,42.2,-5.087782458828038,5.087782458828038,-5.100000000000001,-0.01221754117196383,-5.100000000000001,3.1999999999999993,-3.5874999999999995,1,0,0,0,8,25.0,False,False,False,False,"Signed reconciliation and persistence evidence for review; heuristic bands are engineering choices, not MPLADS rules or final decisions."
W-001429,COMPLETION,102.66512166859792,102.7,100.0,2.6651216685979193,2.6651216685979193,2.700000000000003,0.03487833140208352,2.700000000000003,2.700000000000003,-18.95,1,0,0,0,8,25.0,False,False,False,False,"Signed reconciliation and persistence evidence for review; heuristic bands are engineering choices, not MPLADS rules or final decisions."
W-001430,EXECUTION,37.51319957761352,37.5,40.5,-2.98680042238648,2.98680042238648,-3.0,-0.013199577613519864,-3.0,14.2,5.283333333333334,4,0,0,0,6,25.0,False,False,False,False,"Signed reconciliation and persistence evidence for review; heuristic bands are engineering choices, not MPLADS rules or final decisions."
W-001431,EXECUTION,73.17620650953984,73.2,79.9,-6.723793490460167,6.723793490460167,-6.700000000000003,0.023793490460164435,-6.700000000000003,36.8,18.54,4,2,0,2,5,25.0,False,True,False,False,"Signed reconciliation and persistence evidence for review; heuristic bands are engineering choices, not MPLADS rules or final decisions."
W-001432,COMPLETION,104.42286947141316,104.4,100.0,4.422869471413165,4.422869471413165,4.400000000000006,-0.022869471413159204,4.400000000000006,22.6,3.8500000000000014,3,0,0,0,4,25.0,False,False,False,False,"Signed reconciliation and persistence evidence for review; heuristic bands are engineering choices, not MPLADS rules or final decisions."
W-001433,EXECUTION,22.18515429524604,22.2,24.2,-2.0148457047539594,2.0148457047539594,-2.0,0.01484570475395941,-2.0,9.5,0.12857142857142875,3,0,0,0,7,25.0,False,False,False,False,"Signed reconciliation and persistence evidence for review; heuristic bands are engineering choices, not MPLADS rules or final decisions."
W-001434,COMPLETION,96.15143929912391,96.2,100.0,-3.8485607008760923,3.8485607008760923,-3.799999999999997,0.0485607008760951,-3.799999999999997,43.300000000000004,22.475,3,2,0,2,4,25.0,False,True,False,False,"Signed reconciliation and persistence evidence for review; heuristic bands are engineering choices, not MPLADS rules or final decisions."
W-001435,COMPLETION,106.54439349729054,106.5,100.0,6.544393497290542,6.544393497290542,6.5,-0.04439349729054243,6.5,44.4,21.049999999999997,6,2,0,2,6,25.0,False,True,False,False,"Signed reconciliation and persistence evidence for review; heuristic bands are engineering choices, not MPLADS rules or final decisions."
W-001436,COMPLETION,99.66832504145937,99.7,100.0,-0.33167495854063134,0.33167495854063134,-0.29999999999999716,0.03167495854063418,-0.29999999999999716,81.7,41.1,4,4,0,4,5,25.0,False,True,False,False,"Signed reconciliation and persistence evidence for review; heuristic bands are engineering choices, not MPLADS rules or final decisions."
W-001437,EXECUTION,100.08291873963516,100.1,93.2,6.8829187396351585,6.8829187396351585,6.8999999999999915,0.01708126036483293,6.8999999999999915,54.99999999999999,8.999999999999996,5,3,0,3,8,25.0,False,True,False,False,"Signed reconciliation and persistence evidence for review; heuristic bands are engineering choices, not MPLADS rules or final decisions."
W-001438,EXECUTION,34.760051880674446,34.8,37.3,-2.539948119325551,2.539948119325551,-2.5,0.03994811932555109,-2.5,-2.5,-7.199999999999999,0,0,0,0,3,25.0,False,False,False,False,"Signed reconciliation and persistence evidence for review; heuristic bands are engineering choices, not MPLADS rules or final decisions."
W-001439,EXECUTION,48.42022116903634,48.4,56.3,-7.879778830963659,7.879778830963659,-7.899999999999999,-0.02022116903633986,-7.899999999999999,21.900000000000002,0.14000000000000162,2,0,0,0,5,25.0,False,False,False,False,"Signed reconciliation and persistence evidence for review; heuristic bands are engineering choices, not MPLADS rules or final decisions."
W-001440,EXECUTION,17.46031746031746,17.5,19.3,-1.839682539682542,1.839682539682542,-1.8000000000000007,0.03968253968254132,-1.8000000000000007,3.0999999999999996,-3.0857142857142854,2,0,0,0,7,25.0,False,False,False,False,"Signed reconciliation and persistence evidence for review; heuristic bands are engineering choices, not MPLADS rules or final decisions."
W-001441,EXECUTION,80.37974683544304,80.4,76.6,3.7797468354430492,3.7797468354430492,3.8000000000000114,0.020253164556962133,3.8000000000000114,30.9,5.400000000000002,5,1,0,1,8,25.0,False,False,False,False,"Signed reconciliation and persistence evidence for review; heuristic bands are engineering choices, not MPLADS rules or final decisions."
W-001443,COMPLETION,100.53116147308782,100.5,100.0,0.5311614730878205,0.5311614730878205,0.5,-0.031161473087820468,0.5,24.5,3.114285714285714,4,0,0,0,7,25.0,False,False,False,False,"Signed reconciliation and persistence evidence for review; heuristic bands are engineering choices, not MPLADS rules or final decisions."
W-001444,COMPLETION,105.0,105.0,100.0,5.0,5.0,5.0,0.0,5.0,20.199999999999996,3.3333333333333304,4,0,0,0,6,25.0,False,False,False,False,"Signed reconciliation and persistence evidence for review; heuristic bands are engineering choices, not MPLADS rules or final decisions."
W-001445,COMPLETION,91.50827713059472,91.5,100.0,-8.49172286940528,8.49172286940528,-8.5,-0.008277130594720461,-8.5,54.0,28.52,4,3,0,3,5,25.0,False,True,False,False,"Signed reconciliation and persistence evidence for review; heuristic bands are engineering choices, not MPLADS rules or final decisions."
W-001446,COMPLETION,96.7653131452168,96.8,100.0,-3.234686854783206,3.234686854783206,-3.200000000000003,0.0346868547832031,-3.200000000000003,76.1,37.89999999999999,3,3,0,3,4,25.0,False,True,False,False,"Signed reconciliation and persistence evidence for review; heuristic bands are engineering choices, not MPLADS rules or final decisions."
W-001447,COMPLETION,97.66688269604666,97.7,100.0,-2.333117303953344,2.333117303953344,-2.299999999999997,0.03311730395334678,-2.299999999999997,25.200000000000003,-13.799999999999997,2,1,0,1,8,25.0,False,False,False,False,"Signed reconciliation and persistence evidence for review; heuristic bands are engineering choices, not MPLADS rules or final decisions."
W-001448,COMPLETION,106.22270742358079,106.2,100.0,6.222707423580786,6.222707423580786,6.200000000000003,-0.02270742358078337,6.200000000000003,73.6,37.300000000000004,3,2,0,2,3,25.0,False,True,False,False,"Signed reconciliation and persistence evidence for review; heuristic bands are engineering choices, not MPLADS rules or final decisions."
W-001449,COMPLETION,104.71811275489804,104.7,100.0,4.718112754898044,4.718112754898044,4.700000000000003,-0.018112754898041317,4.700000000000003,40.9,23.6,8,5,0,5,8,25.0,False,True,False,False,"Signed reconciliation and persistence evidence for review; heuristic bands are engineering choices, not MPLADS rules or final decisions."
W-001450,COMPLETION,98.87218045112782,98.9,100.0,-1.127819548872182,1.127819548872182,-1.0999999999999943,0.027819548872187738,-1.0999999999999943,80.7,37.95,3,2,0,2,4,25.0,False,True,False,False,"Signed reconciliation and persistence evidence for review; heuristic bands are engineering choices, not MPLADS rules or final decisions."
W-001451,COMPLETION,105.46592031610142,105.5,100.0,5.465920316101418,5.465920316101418,5.5,0.0340796838985824,5.5,80.0,41.400000000000006,4,3,0,3,4,25.0,False,True,False,False,"Signed reconciliation and persistence evidence for review; heuristic bands are engineering choices, not MPLADS rules or final decisions."
W-001452,COMPLETION,99.7411003236246,99.7,100.0,-0.2588996763754068,0.2588996763754068,-0.29999999999999716,-0.041100323624590374,-0.29999999999999716,44.5,23.075000000000003,3,2,0,2,4,25.0,False,True,False,False,"Signed reconciliation and persistence evidence for review; heuristic bands are engineering choices, not MPLADS rules or final decisions."
W-001453,EXECUTION,84.7037484885127,84.7,81.6,3.103748488512707,3.103748488512707,3.1000000000000085,-0.0037484885126986,3.1000000000000085,41.900000000000006,26.84000000000001,5,3,0,3,5,25.0,False,True,False,False,"Signed reconciliation and persistence evidence for review; heuristic bands are engineering choices, not MPLADS rules or final decisions."
W-001454,COMPLETION,105.02152080344332,105.0,100.0,5.021520803443323,5.021520803443323,5.0,-0.02152080344332319,5.0,46.4,19.666666666666668,5,2,0,2,6,25.0,False,True,False,False,"Signed reconciliation and persistence evidence for review; heuristic bands are engineering choices, not MPLADS rules or final decisions."
W-001455,COMPLETION,105.42604501607717,105.4,100.0,5.426045016077168,5.426045016077168,5.400000000000006,-0.026045016077162586,5.400000000000006,70.30000000000001,38.31250000000001,8,4,0,4,8,25.0,False,True,False,False,"Signed reconciliation and persistence evidence for review; heuristic bands are engineering choices, not MPLADS rules or final decisions."
W-001456,COMPLETION,104.39918533604887,104.4,100.0,4.399185336048873,4.399185336048873,4.400000000000006,0.0008146639511323883,4.400000000000006,9.299999999999997,-12.059999999999999,2,0,0,0,5,25.0,False,False,False,False,"Signed reconciliation and persistence evidence for review; heuristic bands are engineering choices, not MPLADS rules or final decisions."
W-001457,EXECUTION,16.717557251908396,16.7,16.4,0.3175572519083971,0.3175572519083971,0.3000000000000007,-0.01755725190839641,0.3000000000000007,6.4,2.7,4,0,0,0,4,25.0,False,False,False,False,"Signed reconciliation and persistence evidence for review; heuristic bands are engineering choices, not MPLADS rules or final decisions."
W-001458,EXECUTION,41.56560088202867,41.6,42.2,-0.6343991179713342,0.6343991179713342,-0.6000000000000014,0.03439911797133277,-0.6000000000000014,1.5000000000000009,-2.5749999999999993,1,0,0,0,4,25.0,False,False,False,False,"Signed reconciliation and persistence evidence for review; heuristic bands are engineering choices, not MPLADS rules or final decisions."
W-001459,EXECUTION,56.05313092979127,56.1,55.6,0.45313092979127134,0.45313092979127134,0.5,0.04686907020872866,0.5,31.700000000000003,1.6200000000000017,3,1,0,1,5,25.0,False,False,False,False,"Signed reconciliation and persistence evidence for review; heuristic bands are engineering choices, not MPLADS rules or final decisions."
W-001460,COMPLETION,93.61239467246534,93.6,100.0,-6.387605327534658,6.387605327534658,-6.400000000000006,-0.012394672465347867,-6.400000000000006,41.199999999999996,17.424999999999997,3,1,0,1,4,25.0,False,False,False,False,"Signed reconciliation and persistence evidence for review; heuristic bands are engineering choices, not MPLADS rules or final decisions."
W-001462,COMPLETION,102.08562019758507,102.1,100.0,2.0856201975850723,2.0856201975850723,2.0999999999999943,0.014379802414921983,2.0999999999999943,69.30000000000001,40.32857142857142,7,5,0,5,7,25.0,False,True,False,False,"Signed reconciliation and persistence evidence for review; heuristic bands are engineering choices, not MPLADS rules or final decisions."
W-001463,COMPLETION,106.35170603674541,106.4,100.0,6.351706036745412,6.351706036745412,6.400000000000006,0.048293963254593564,6.400000000000006,55.60000000000001,35.87500000000001,4,3,0,3,4,25.0,False,True,False,False,"Signed reconciliation and persistence evidence for review; heuristic bands are engineering choices, not MPLADS rules or final decisions."
W-001464,COMPLETION,103.29358319136854,103.3,100.0,3.2935831913685405,3.2935831913685405,3.299999999999997,0.006416808631456661,3.299999999999997,79.6,42.474999999999994,4,3,0,3,4,25.0,False,True,False,False,"Signed reconciliation and persistence evidence for review; heuristic bands are engineering choices, not MPLADS rules or final decisions."
W-001465,EXECUTION,16.875,16.9,18.1,-1.2250000000000014,1.2250000000000014,-1.2000000000000028,0.02499999999999858,-1.2000000000000028,6.199999999999999,-1.400000000000001,1,0,0,0,3,25.0,False,False,False,False,"Signed reconciliation and persistence evidence for review; heuristic bands are engineering choices, not MPLADS rules or final decisions."
W-001467,COMPLETION,104.070796460177,104.1,100.0,4.070796460176993,4.070796460176993,4.099999999999994,0.02920353982300128,4.099999999999994,5.600000000000001,-3.6285714285714272,3,0,0,0,7,25.0,False,False,False,False,"Signed reconciliation and persistence evidence for review; heuristic bands are engineering choices, not MPLADS rules or final decisions."
W-001468,COMPLETION,91.36069114470843,91.4,100.0,-8.639308855291574,8.639308855291574,-8.599999999999994,0.0393088552915799,-8.599999999999994,66.0,28.700000000000003,3,2,0,2,4,25.0,False,True,False,False,"Signed reconciliation and persistence evidence for review; heuristic bands are engineering choices, not MPLADS rules or final decisions."
W-001469,COMPLETION,99.69439728353142,99.7,100.0,-0.3056027164685844,0.3056027164685844,-0.29999999999999716,0.005602716468587232,-0.29999999999999716,35.3,20.525000000000002,3,1,0,1,4,25.0,False,False,False,False,"Signed reconciliation and persistence evidence for review; heuristic bands are engineering choices, not MPLADS rules or final decisions."
W-001470,COMPLETION,105.37745604963806,105.4,100.0,5.377456049638056,5.377456049638056,5.400000000000006,0.022543950361949783,5.400000000000006,6.599999999999998,-2.299999999999998,2,0,0,0,4,25.0,False,False,False,False,"Signed reconciliation and persistence evidence for review; heuristic bands are engineering choices, not MPLADS rules or final decisions."
W-001472,COMPLETION,105.14767932489451,105.1,100.0,5.147679324894511,5.147679324894511,5.099999999999994,-0.047679324894517094,5.099999999999994,85.89999999999999,45.324999999999996,4,3,0,3,4,25.0,False,True,False,False,"Signed reconciliation and persistence evidence for review; heuristic bands are engineering choices, not MPLADS rules or final decisions."
W-001473,COMPLETION,99.39271255060729,99.4,100.0,-0.6072874493927145,0.6072874493927145,-0.5999999999999943,0.007287449392720191,-0.5999999999999943,62.300000000000004,24.280000000000005,4,2,0,2,5,25.0,False,True,False,False,"Signed reconciliation and persistence evidence for review; heuristic bands are engineering choices, not MPLADS rules or final decisions."
W-001477,EXECUTION,69.03661571276217,69.0,78.8,-9.763384287237827,9.763384287237827,-9.799999999999997,-0.03661571276217046,-9.799999999999997,-5.800000000000004,-20.214285714285715,0,0,0,0,7,25.0,False,False,False,False,"Signed reconciliation and persistence evidence for review; heuristic bands are engineering choices, not MPLADS rules or final decisions."
W-001478,COMPLETION,95.90818363273453,95.9,100.0,-4.091816367265466,4.091816367265466,-4.099999999999994,-0.0081836327345286,-4.099999999999994,12.700000000000003,0.42000000000000026,3,0,0,0,5,25.0,False,False,False,False,"Signed reconciliation and persistence evidence for review; heuristic bands are engineering choices, not MPLADS rules or final decisions."
W-001480,COMPLETION,104.99098015634395,105.0,100.0,4.9909801563439515,4.9909801563439515,5.0,0.009019843656048465,5.0,24.900000000000006,-1.1333333333333329,3,0,0,0,6,25.0,False,False,False,False,"Signed reconciliation and persistence evidence for review; heuristic bands are engineering choices, not MPLADS rules or final decisions."
W-001482,COMPLETION,95.54956169925826,95.5,100.0,-4.450438300741737,4.450438300741737,-4.5,-0.04956169925826259,-4.5,51.2,19.625,3,1,0,1,4,25.0,False,False,False,False,"Signed reconciliation and persistence evidence for review; heuristic bands are engineering choices, not MPLADS rules or final decisions."
W-001483,COMPLETION,106.02069614299154,106.0,100.0,6.0206961429915395,6.0206961429915395,6.0,-0.020696142991539546,6.0,38.099999999999994,22.2,3,1,0,1,3,25.0,False,False,False,False,"Signed reconciliation and persistence evidence for review; heuristic bands are engineering choices, not MPLADS rules or final decisions."
W-001484,COMPLETION,98.45070422535211,98.5,100.0,-1.549295774647888,1.549295774647888,-1.5,0.049295774647887924,-1.5,64.0,16.3,5,3,0,3,8,25.0,False,True,False,False,"Signed reconciliation and persistence evidence for review; heuristic bands are engineering choices, not MPLADS rules or final decisions."
W-001485,COMPLETION,92.07436399217221,92.1,100.0,-7.925636007827791,7.925636007827791,-7.900000000000006,0.02563600782778508,-7.900000000000006,60.39999999999999,27.833333333333325,2,2,0,2,3,25.0,False,True,False,False,"Signed reconciliation and persistence evidence for review; heuristic bands are engineering choices, not MPLADS rules or final decisions."
W-001486,COMPLETION,101.32636655948554,101.3,100.0,1.3263665594855354,1.3263665594855354,1.2999999999999972,-0.026366559485538232,1.2999999999999972,21.200000000000003,7.240000000000002,4,0,0,0,5,25.0,False,False,False,False,"Signed reconciliation and persistence evidence for review; heuristic bands are engineering choices, not MPLADS rules or final decisions."
W-001487,COMPLETION,103.419452887538,103.4,100.0,3.419452887538,3.419452887538,3.4000000000000057,-0.019452887537994457,3.4000000000000057,71.7,38.13333333333334,3,2,0,2,3,25.0,False,True,False,False,"Signed reconciliation and persistence evidence for review; heuristic bands are engineering choices, not MPLADS rules or final decisions."
W-001488,EXECUTION,72.1415607985481,72.1,78.8,-6.658439201451898,6.658439201451898,-6.700000000000003,-0.04156079854810457,-6.700000000000003,36.3,15.657142857142855,6,3,0,2,7,25.0,False,True,False,False,"Signed reconciliation and persistence evidence for review; heuristic bands are engineering choices, not MPLADS rules or final decisions."
W-001490,COMPLETION,129.2287467134093,129.2,100.0,29.228746713409294,29.228746713409294,29.19999999999999,-0.028746713409304903,29.19999999999999,81.19999999999999,45.64285714285713,6,6,6,6,7,25.0,True,True,False,False,"Signed reconciliation and persistence evidence for review; heuristic bands are engineering choices, not MPLADS rules or final decisions."
W-001491,COMPLETION,97.72542648253453,97.7,100.0,-2.2745735174654698,2.2745735174654698,-2.299999999999997,-0.025426482534527395,-2.299999999999997,71.30000000000001,24.166666666666668,4,3,0,3,6,25.0,False,True,False,False,"Signed reconciliation and persistence evidence for review; heuristic bands are engineering choices, not MPLADS rules or final decisions."
W-001492,COMPLETION,94.08212560386474,94.1,100.0,-5.917874396135261,5.917874396135261,-5.900000000000006,0.01787439613525521,-5.900000000000006,63.599999999999994,27.299999999999994,2,1,0,1,3,25.0,False,False,False,False,"Signed reconciliation and persistence evidence for review; heuristic bands are engineering choices, not MPLADS rules or final decisions."
W-001494,COMPLETION,105.01821125050587,105.0,100.0,5.018211250505871,5.018211250505871,5.0,-0.018211250505871135,5.0,59.2,38.96,5,4,0,4,5,25.0,False,True,False,False,"Signed reconciliation and persistence evidence for review; heuristic bands are engineering choices, not MPLADS rules or final decisions."
W-001495,COMPLETION,105.12820512820512,105.1,100.0,5.128205128205124,5.128205128205124,5.099999999999994,-0.02820512820512988,5.099999999999994,27.5,11.24,5,1,0,1,5,25.0,False,False,False,False,"Signed reconciliation and persistence evidence for review; heuristic bands are engineering choices, not MPLADS rules or final decisions."
W-001496,EXECUTION,28.51063829787234,28.5,27.1,1.4106382978723389,1.4106382978723389,1.3999999999999986,-0.010638297872340274,1.3999999999999986,9.4,4.6000000000000005,5,0,0,0,6,25.0,False,False,False,False,"Signed reconciliation and persistence evidence for review; heuristic bands are engineering choices, not MPLADS rules or final decisions."
W-001497,COMPLETION,105.25694034258713,105.3,100.0,5.256940342587129,5.256940342587129,5.299999999999997,0.043059657412868546,5.299999999999997,58.6,34.224999999999994,4,2,0,2,4,25.0,False,True,False,False,"Signed reconciliation and persistence evidence for review; heuristic bands are engineering choices, not MPLADS rules or final decisions."
W-001498,COMPLETION,100.7936507936508,100.8,100.0,0.7936507936507979,0.7936507936507979,0.7999999999999972,0.006349206349199221,0.7999999999999972,31.599999999999994,12.7,6,3,0,3,7,25.0,False,True,False,False,"Signed reconciliation and persistence evidence for review; heuristic bands are engineering choices, not MPLADS rules or final decisions."
W-001499,COMPLETION,105.01432664756447,105.0,100.0,5.014326647564474,5.014326647564474,5.0,-0.01432664756447366,5.0,42.2,15.700000000000001,6,1,0,1,6,25.0,False,False,False,False,"Signed reconciliation and persistence evidence for review; heuristic bands are engineering choices, not MPLADS rules or final decisions."
W-001500,COMPLETION,104.23892100192678,104.2,100.0,4.238921001926784,4.238921001926784,4.200000000000003,-0.03892100192678072,4.200000000000003,93.0,48.8,7,5,0,5,7,25.0,False,True,False,False,"Signed reconciliation and persistence evidence for review; heuristic bands are engineering choices, not MPLADS rules or final decisions."
W-001501,COMPLETION,98.97408207343412,99.0,100.0,-1.0259179265658815,1.0259179265658815,-1.0,0.025917926565881544,-1.0,58.7,21.099999999999998,5,2,0,2,7,25.0,False,True,False,False,"Signed reconciliation and persistence evidence for review; heuristic bands are engineering choices, not MPLADS rules or final decisions."
W-001503,COMPLETION,104.98275201226524,105.0,100.0,4.982752012265237,4.982752012265237,5.0,0.01724798773476266,5.0,79.7,40.575,4,2,0,2,4,25.0,False,True,False,False,"Signed reconciliation and persistence evidence for review; heuristic bands are engineering choices, not MPLADS rules or final decisions."
W-001505,EXECUTION,55.15727871250915,55.2,57.5,-2.3427212874908534,2.3427212874908534,-2.299999999999997,0.04272128749085624,-2.299999999999997,-2.299999999999997,-21.925,0,0,0,0,4,25.0,False,False,False,False,"Signed reconciliation and persistence evidence for review; heuristic bands are engineering choices, not MPLADS rules or final decisions."
W-001507,EXECUTION,22.11382113821138,22.1,23.0,-0.8861788617886184,0.8861788617886184,-0.8999999999999986,-0.013821138211380202,-0.8999999999999986,-0.39999999999999947,-1.8666666666666656,0,0,0,0,3,25.0,False,False,False,False,"Signed reconciliation and persistence evidence for review; heuristic bands are engineering choices, not MPLADS rules or final decisions."
W-001508,COMPLETION,94.49152542372882,94.5,100.0,-5.508474576271183,5.508474576271183,-5.5,0.00847457627118331,-5.5,8.299999999999997,-5.720000000000001,2,0,0,0,5,25.0,False,False,False,False,"Signed reconciliation and persistence evidence for review; heuristic bands are engineering choices, not MPLADS rules or final decisions."
W-001509,EXECUTION,43.211009174311926,43.2,48.8,-5.588990825688072,5.588990825688072,-5.599999999999994,-0.01100917431192272,-5.599999999999994,2.700000000000003,-7.0857142857142845,1,0,0,0,7,25.0,False,False,False,False,"Signed reconciliation and persistence evidence for review; heuristic bands are engineering choices, not MPLADS rules or final decisions."
W-001510,EXECUTION,93.38085539714868,93.4,31.1,62.28085539714868,62.28085539714868,62.300000000000004,0.01914460285132691,62.300000000000004,72.80000000000001,54.46666666666667,3,3,3,3,3,25.0,True,True,False,False,"Signed reconciliation and persistence evidence for review; heuristic bands are engineering choices, not MPLADS rules or final decisions."
W-001511,COMPLETION,102.15362526920316,102.2,100.0,2.153625269203161,2.153625269203161,2.200000000000003,0.046374730796841845,2.200000000000003,72.9,33.48333333333333,6,5,0,5,6,25.0,False,True,False,False,"Signed reconciliation and persistence evidence for review; heuristic bands are engineering choices, not MPLADS rules or final decisions."
W-001512,EXECUTION,81.53498871331828,81.5,76.2,5.334988713318282,5.334988713318282,5.299999999999997,-0.03498871331828468,5.299999999999997,45.5,16.666666666666668,5,2,0,2,6,25.0,False,True,False,False,"Signed reconciliation and persistence evidence for review; heuristic bands are engineering choices, not MPLADS rules or final decisions."
W-001513,EXECUTION,13.101160862354892,13.1,14.2,-1.0988391376451077,1.0988391376451077,-1.0999999999999996,-0.0011608623548919894,-1.0999999999999996,3.2,-1.4166666666666663,2,0,0,0,6,25.0,False,False,False,False,"Signed reconciliation and persistence evidence for review; heuristic bands are engineering choices, not MPLADS rules or final decisions."
W-001514,COMPLETION,102.39442751414889,102.4,100.0,2.3944275141488873,2.3944275141488873,2.4000000000000057,0.005572485851118358,2.4000000000000057,26.80000000000001,2.3750000000000044,3,1,0,1,4,25.0,False,False,False,False,"Signed reconciliation and persistence evidence for review; heuristic bands are engineering choices, not MPLADS rules or final decisions."
W-001515,COMPLETION,100.97481722177092,101.0,100.0,0.9748172217709197,0.9748172217709197,1.0,0.025182778229080327,1.0,36.2,20.05,4,2,0,1,4,25.0,False,False,False,False,"Signed reconciliation and persistence evidence for review; heuristic bands are engineering choices, not MPLADS rules or final decisions."
W-001516,COMPLETION,106.32911392405063,106.3,100.0,6.329113924050631,6.329113924050631,6.299999999999997,-0.029113924050633955,6.299999999999997,62.4,38.98,5,4,0,4,5,25.0,False,True,False,False,"Signed reconciliation and persistence evidence for review; heuristic bands are engineering choices, not MPLADS rules or final decisions."
W-001517,COMPLETION,105.00338066260987,105.0,100.0,5.003380662609871,5.003380662609871,5.0,-0.0033806626098709103,5.0,5.0,-16.88,1,0,0,0,5,25.0,False,False,False,False,"Signed reconciliation and persistence evidence for review; heuristic bands are engineering choices, not MPLADS rules or final decisions."
W-001519,COMPLETION,93.58366751731681,93.6,100.0,-6.416332482683188,6.416332482683188,-6.400000000000006,0.016332482683182548,-6.400000000000006,41.099999999999994,4.099999999999997,3,2,0,2,6,25.0,False,True,False,False,"Signed reconciliation and persistence evidence for review; heuristic bands are engineering choices, not MPLADS rules or final decisions."
W-001520,COMPLETION,99.82014388489209,99.8,100.0,-0.1798561151079099,0.1798561151079099,-0.20000000000000284,-0.020143884892092956,-0.20000000000000284,36.699999999999996,0.9666666666666638,1,1,0,1,3,25.0,False,False,False,False,"Signed reconciliation and persistence evidence for review; heuristic bands are engineering choices, not MPLADS rules or final decisions."
W-001522,COMPLETION,103.45025876940771,103.5,100.0,3.4502587694077107,3.4502587694077107,3.5,0.0497412305922893,3.5,70.3,36.833333333333336,3,2,0,2,3,25.0,False,True,False,False,"Signed reconciliation and persistence evidence for review; heuristic bands are engineering choices, not MPLADS rules or final decisions."
W-001523,EXECUTION,50.487574709027996,50.5,47.8,2.6875747090279987,2.6875747090279987,2.700000000000003,0.012425290972004177,2.700000000000003,16.4,6.485714285714286,6,0,0,0,7,25.0,False,False,False,False,"Signed reconciliation and persistence evidence for review; heuristic bands are engineering choices, not MPLADS rules or final decisions."
W-001524,COMPLETION,102.07100591715977,102.1,100.0,2.0710059171597663,2.0710059171597663,2.0999999999999943,0.028994082840227975,2.0999999999999943,62.60000000000001,29.14285714285714,7,4,0,4,7,25.0,False,True,False,False,"Signed reconciliation and persistence evidence for review; heuristic bands are engineering choices, not MPLADS rules or final decisions."
W-001525,COMPLETION,104.9626307922272,105.0,100.0,4.962630792227202,4.962630792227202,5.0,0.03736920777279806,5.0,46.9,19.714285714285715,6,3,0,3,7,25.0,False,True,False,False,"Signed reconciliation and persistence evidence for review; heuristic bands are engineering choices, not MPLADS rules or final decisions."
W-001526,EXECUTION,66.66666666666667,66.7,63.1,3.56666666666667,3.56666666666667,3.6000000000000014,0.03333333333333144,3.6000000000000014,23.5,7.287500000000001,6,0,0,0,8,25.0,False,False,False,False,"Signed reconciliation and persistence evidence for review; heuristic bands are engineering choices, not MPLADS rules or final decisions."
W-001527,EXECUTION,14.652317880794701,14.7,15.7,-1.047682119205298,1.047682119205298,-1.0,0.04768211920529808,-1.0,9.5,3.4666666666666663,2,0,0,0,3,25.0,False,False,False,False,"Signed reconciliation and persistence evidence for review; heuristic bands are engineering choices, not MPLADS rules or final decisions."
W-001528,EXECUTION,23.15680166147456,23.2,24.2,-1.043198338525439,1.043198338525439,-1.0,0.043198338525439084,-1.0,10.1,1.8125,4,0,0,0,8,25.0,False,False,False,False,"Signed reconciliation and persistence evidence for review; heuristic bands are engineering choices, not MPLADS rules or final decisions."
W-001529,COMPLETION,99.38482570061518,99.4,100.0,-0.6151742993848188,0.6151742993848188,-0.5999999999999943,0.015174299384824508,-0.5999999999999943,48.800000000000004,28.400000000000002,3,3,0,3,4,25.0,False,True,False,False,"Signed reconciliation and persistence evidence for review; heuristic bands are engineering choices, not MPLADS rules or final decisions."
W-001530,COMPLETION,92.85714285714286,92.9,100.0,-7.142857142857139,7.142857142857139,-7.099999999999994,0.04285714285714448,-7.099999999999994,44.8,24.13333333333334,5,3,0,3,6,25.0,False,True,False,False,"Signed reconciliation and persistence evidence for review; heuristic bands are engineering choices, not MPLADS rules or final decisions."
W-001531,COMPLETION,100.8080808080808,100.8,100.0,0.8080808080808026,0.8080808080808026,0.7999999999999972,-0.008080808080805468,0.7999999999999972,43.4,28.47142857142857,7,5,0,5,7,25.0,False,True,False,False,"Signed reconciliation and persistence evidence for review; heuristic bands are engineering choices, not MPLADS rules or final decisions."
W-001532,COMPLETION,97.02020202020202,97.0,100.0,-2.9797979797979792,2.9797979797979792,-3.0,-0.020202020202020776,-3.0,49.9,24.38,4,3,0,3,5,25.0,False,True,False,False,"Signed reconciliation and persistence evidence for review; heuristic bands are engineering choices, not MPLADS rules or final decisions."
W-001533,COMPLETION,95.23331660812845,95.2,100.0,-4.7666833918715525,4.7666833918715525,-4.799999999999997,-0.033316608128444614,-4.799999999999997,-4.799999999999997,-44.7625,0,0,0,0,8,25.0,False,False,False,False,"Signed reconciliation and persistence evidence for review; heuristic bands are engineering choices, not MPLADS rules or final decisions."
W-001534,COMPLETION,93.02325581395348,93.0,100.0,-6.976744186046517,6.976744186046517,-7.0,-0.023255813953483084,-7.0,73.4,32.95,7,5,0,5,8,25.0,False,True,False,False,"Signed reconciliation and persistence evidence for review; heuristic bands are engineering choices, not MPLADS rules or final decisions."
W-001535,COMPLETION,105.61584373304395,105.6,100.0,5.6158437330439455,5.6158437330439455,5.599999999999994,-0.015843733043951147,5.599999999999994,69.0,36.199999999999996,3,2,0,2,3,25.0,False,True,False,False,"Signed reconciliation and persistence evidence for review; heuristic bands are engineering choices, not MPLADS rules or final decisions."
W-001536,COMPLETION,106.73665791776028,106.7,100.0,6.736657917760283,6.736657917760283,6.700000000000003,-0.036657917760280156,6.700000000000003,68.7,23.487500000000004,6,4,0,4,8,25.0,False,True,False,False,"Signed reconciliation and persistence evidence for review; heuristic bands are engineering choices, not MPLADS rules or final decisions."
W-001537,COMPLETION,104.9890590809628,105.0,100.0,4.989059080962804,4.989059080962804,5.0,0.010940919037196295,5.0,14.799999999999997,-9.62857142857143,3,0,0,0,7,25.0,False,False,False,False,"Signed reconciliation and persistence evidence for review; heuristic bands are engineering choices, not MPLADS rules or final decisions."
W-001538,COMPLETION,105.00770416024653,105.0,100.0,5.007704160246533,5.007704160246533,5.0,-0.007704160246532865,5.0,9.699999999999996,3.7999999999999994,2,0,0,0,3,25.0,False,False,False,False,"Signed reconciliation and persistence evidence for review; heuristic bands are engineering choices, not MPLADS rules or final decisions."
W-001539,COMPLETION,97.56653992395437,97.6,100.0,-2.433460076045634,2.433460076045634,-2.4000000000000057,0.033460076045628284,-2.4000000000000057,63.89999999999999,32.61428571428571,6,5,0,5,7,25.0,False,True,False,False,"Signed reconciliation and persistence evidence for review; heuristic bands are engineering choices, not MPLADS rules or final decisions."
W-001540,COMPLETION,104.99139414802066,105.0,100.0,4.99139414802066,4.99139414802066,5.0,0.008605851979339718,5.0,48.2,24.975,4,2,0,2,4,25.0,False,True,False,False,"Signed reconciliation and persistence evidence for review; heuristic bands are engineering choices, not MPLADS rules or final decisions."
W-001541,COMPLETION,99.66641957005189,99.7,100.0,-0.333580429948114,0.333580429948114,-0.29999999999999716,0.03358042994811683,-0.29999999999999716,17.700000000000003,-28.087500000000002,1,0,0,0,8,25.0,False,False,False,False,"Signed reconciliation and persistence evidence for review; heuristic bands are engineering choices, not MPLADS rules or final decisions."
W-001542,COMPLETION,105.60527555346208,105.6,100.0,5.605275553462079,5.605275553462079,5.599999999999994,-0.005275553462084304,5.599999999999994,42.8,12.259999999999998,4,2,0,2,5,25.0,False,True,False,False,"Signed reconciliation and persistence evidence for review; heuristic bands are engineering choices, not MPLADS rules or final decisions."
W-001543,COMPLETION,102.48447204968944,102.5,100.0,2.484472049689444,2.484472049689444,2.5,0.015527950310556093,2.5,65.3,32.260000000000005,5,3,0,3,5,25.0,False,True,False,False,"Signed reconciliation and persistence evidence for review; heuristic bands are engineering choices, not MPLADS rules or final decisions."
W-001544,EXECUTION,72.08053691275168,72.1,71.9,0.18053691275167694,0.18053691275167694,0.19999999999998863,0.019463087248311695,0.19999999999998863,21.700000000000003,4.85,3,0,0,0,4,25.0,False,False,False,False,"Signed reconciliation and persistence evidence for review; heuristic bands are engineering choices, not MPLADS rules or final decisions."
W-001545,COMPLETION,106.17583603020496,106.2,100.0,6.175836030204962,6.175836030204962,6.200000000000003,0.02416396979504043,6.200000000000003,26.900000000000006,-2.6374999999999993,3,1,0,1,8,25.0,False,False,False,False,"Signed reconciliation and persistence evidence for review; heuristic bands are engineering choices, not MPLADS rules or final decisions."
W-001546,EXECUTION,12.402428447528187,12.4,11.9,0.502428447528187,0.502428447528187,0.5,-0.00242844752818705,0.5,2.3999999999999995,-0.0571428571428572,4,0,0,0,7,25.0,False,False,False,False,"Signed reconciliation and persistence evidence for review; heuristic bands are engineering choices, not MPLADS rules or final decisions."
W-001547,EXECUTION,28.46441947565543,28.5,27.6,0.8644194756554278,0.8644194756554278,0.8999999999999986,0.03558052434457082,0.8999999999999986,8.899999999999999,-1.2250000000000005,2,0,0,0,4,25.0,False,False,False,False,"Signed reconciliation and persistence evidence for review; heuristic bands are engineering choices, not MPLADS rules or final decisions."
W-001548,COMPLETION,96.9332298136646,96.9,100.0,-3.066770186335404,3.066770186335404,-3.0999999999999943,-0.033229813664590324,-3.0999999999999943,25.700000000000003,3.16666666666667,1,1,0,1,3,25.0,False,False,False,False,"Signed reconciliation and persistence evidence for review; heuristic bands are engineering choices, not MPLADS rules or final decisions."
W-001549,EXECUTION,46.970830216903515,47.0,43.9,3.0708302169035164,3.0708302169035164,3.1000000000000014,0.02916978309648499,3.1000000000000014,12.799999999999997,-5.875,3,0,0,0,8,25.0,False,False,False,False,"Signed reconciliation and persistence evidence for review; heuristic bands are engineering choices, not MPLADS rules or final decisions."
W-001550,EXECUTION,94.20289855072464,94.2,92.0,2.2028985507246404,2.2028985507246404,2.200000000000003,-0.0028985507246375164,2.200000000000003,2.200000000000003,-21.685714285714287,1,0,0,0,7,25.0,False,False,False,False,"Signed reconciliation and persistence evidence for review; heuristic bands are engineering choices, not MPLADS rules or final decisions."
W-001551,COMPLETION,99.22048997772829,99.2,100.0,-0.7795100222717082,0.7795100222717082,-0.7999999999999972,-0.020489977728288977,-0.7999999999999972,48.400000000000006,24.26666666666667,5,3,0,3,6,25.0,False,True,False,False,"Signed reconciliation and persistence evidence for review; heuristic bands are engineering choices, not MPLADS rules or final decisions."
W-001552,COMPLETION,102.86512928022361,102.9,100.0,2.865129280223613,2.865129280223613,2.9000000000000057,0.03487071977639289,2.9000000000000057,50.099999999999994,30.46666666666667,3,2,0,2,3,25.0,False,True,False,False,"Signed reconciliation and persistence evidence for review; heuristic bands are engineering choices, not MPLADS rules or final decisions."
W-001553,EXECUTION,91.26788357178096,91.3,85.9,5.3678835717809505,5.3678835717809505,5.3999999999999915,0.03211642821904093,5.3999999999999915,39.00000000000001,18.583333333333332,5,3,0,3,6,25.0,False,True,False,False,"Signed reconciliation and persistence evidence for review; heuristic bands are engineering choices, not MPLADS rules or final decisions."
W-001555,COMPLETION,88.69565217391305,88.7,100.0,-11.304347826086953,11.304347826086953,-11.299999999999997,0.004347826086956275,-11.299999999999997,48.3,23.41428571428571,6,4,0,4,7,25.0,False,True,False,False,"Signed reconciliation and persistence evidence for review; heuristic bands are engineering choices, not MPLADS rules or final decisions."
W-001556,COMPLETION,88.1216457960644,88.1,100.0,-11.8783542039356,11.8783542039356,-11.900000000000006,-0.021645796064404976,-11.900000000000006,26.099999999999994,-8.080000000000004,2,1,0,1,5,25.0,False,False,False,False,"Signed reconciliation and persistence evidence for review; heuristic bands are engineering choices, not MPLADS rules or final decisions."
W-001557,COMPLETION,100.65176908752328,100.7,100.0,0.6517690875232773,0.6517690875232773,0.7000000000000028,0.04823091247672551,0.7000000000000028,34.8,16.2,3,1,0,1,3,25.0,False,False,False,False,"Signed reconciliation and persistence evidence for review; heuristic bands are engineering choices, not MPLADS rules or final decisions."
W-001558,EXECUTION,48.4488107549121,48.4,46.0,2.4488107549121025,2.4488107549121025,2.3999999999999986,-0.04881075491210396,2.3999999999999986,18.200000000000003,6.383333333333333,5,0,0,0,6,25.0,False,False,False,False,"Signed reconciliation and persistence evidence for review; heuristic bands are engineering choices, not MPLADS rules or final decisions."
W-001559,COMPLETION,105.03802281368822,105.0,100.0,5.038022813688215,5.038022813688215,5.0,-0.03802281368821525,5.0,75.69999999999999,45.3375,8,6,0,6,8,25.0,False,True,False,False,"Signed reconciliation and persistence evidence for review; heuristic bands are engineering choices, not MPLADS rules or final decisions."
W-001560,COMPLETION,103.43102215868477,103.4,100.0,3.431022158684769,3.431022158684769,3.4000000000000057,-0.031022158684763212,3.4000000000000057,54.300000000000004,32.87500000000001,4,3,0,3,4,25.0,False,True,False,False,"Signed reconciliation and persistence evidence for review; heuristic bands are engineering choices, not MPLADS rules or final decisions."
W-001561,EXECUTION,78.71070433744528,78.7,88.2,-9.489295662554724,9.489295662554724,-9.5,-0.010704337445275769,-9.5,-7.899999999999999,-18.65,0,0,0,0,8,25.0,False,False,False,False,"Signed reconciliation and persistence evidence for review; heuristic bands are engineering choices, not MPLADS rules or final decisions."
W-001562,EXECUTION,1.5051173991571343,1.1,4.0,-2.4948826008428657,2.4948826008428657,-2.9,-0.4051173991571342,-2.9,-2.9,-2.9,0,0,0,0,1,25.0,False,False,True,True,"Signed reconciliation and persistence evidence for review; heuristic bands are engineering choices, not MPLADS rules or final decisions."
W-001564,COMPLETION,94.42953020134229,94.4,100.0,-5.570469798657712,5.570469798657712,-5.599999999999994,-0.02953020134228268,-5.599999999999994,60.300000000000004,26.00000000000001,2,1,0,1,3,25.0,False,False,False,False,"Signed reconciliation and persistence evidence for review; heuristic bands are engineering choices, not MPLADS rules or final decisions."
W-001565,EXECUTION,87.61443187937533,87.6,83.1,4.514431879375337,4.514431879375337,4.5,-0.014431879375337076,4.5,55.599999999999994,20.779999999999994,4,3,0,3,5,25.0,False,True,False,False,"Signed reconciliation and persistence evidence for review; heuristic bands are engineering choices, not MPLADS rules or final decisions."
W-001566,COMPLETION,93.64870784056066,93.6,100.0,-6.351292159439339,6.351292159439339,-6.400000000000006,-0.04870784056066668,-6.400000000000006,18.099999999999998,-1.0,2,0,0,0,5,25.0,False,False,False,False,"Signed reconciliation and persistence evidence for review; heuristic bands are engineering choices, not MPLADS rules or final decisions."
W-001567,COMPLETION,89.6,89.6,100.0,-10.400000000000006,10.400000000000006,-10.400000000000006,0.0,-10.400000000000006,58.49999999999999,26.924999999999994,3,2,0,2,4,25.0,False,True,False,False,"Signed reconciliation and persistence evidence for review; heuristic bands are engineering choices, not MPLADS rules or final decisions."
W-001568,COMPLETION,107.35016961929891,107.4,100.0,7.35016961929891,7.35016961929891,7.400000000000006,0.04983038070109558,7.400000000000006,51.900000000000006,23.033333333333335,6,3,0,3,6,25.0,False,True,False,False,"Signed reconciliation and persistence evidence for review; heuristic bands are engineering choices, not MPLADS rules or final decisions."
W-001569,COMPLETION,99.64589235127478,99.6,100.0,-0.3541076487252184,0.3541076487252184,-0.4000000000000057,-0.0458923512747873,-0.4000000000000057,78.6,41.03999999999999,4,3,0,3,5,25.0,False,True,False,False,"Signed reconciliation and persistence evidence for review; heuristic bands are engineering choices, not MPLADS rules or final decisions."
W-001570,COMPLETION,104.30342815463166,104.3,100.0,4.303428154631661,4.303428154631661,4.299999999999997,-0.0034281546316634603,4.299999999999997,27.5,8.2,3,1,0,1,4,25.0,False,False,False,False,"Signed reconciliation and persistence evidence for review; heuristic bands are engineering choices, not MPLADS rules or final decisions."
W-001571,EXECUTION,74.25217720560394,74.3,84.4,-10.147822794396063,10.147822794396063,-10.100000000000009,0.047822794396054746,-10.100000000000009,56.199999999999996,17.887499999999996,6,3,0,3,8,25.0,False,True,False,False,"Signed reconciliation and persistence evidence for review; heuristic bands are engineering choices, not MPLADS rules or final decisions."
W-001572,COMPLETION,107.66961651917404,107.7,100.0,7.669616519174042,7.669616519174042,7.700000000000003,0.030383480825960874,7.700000000000003,77.2,22.071428571428573,5,3,0,3,7,25.0,False,True,False,False,"Signed reconciliation and persistence evidence for review; heuristic bands are engineering choices, not MPLADS rules or final decisions."
W-001573,COMPLETION,104.01069518716578,104.0,100.0,4.01069518716578,4.01069518716578,4.0,-0.010695187165779885,4.0,60.5,28.55,4,2,0,2,4,25.0,False,True,False,False,"Signed reconciliation and persistence evidence for review; heuristic bands are engineering choices, not MPLADS rules or final decisions."
W-001574,EXECUTION,82.25806451612904,82.3,90.5,-8.24193548387096,8.24193548387096,-8.200000000000003,0.041935483870958024,-8.200000000000003,30.4,6.233333333333332,1,1,0,1,3,25.0,False,False,False,False,"Signed reconciliation and persistence evidence for review; heuristic bands are engineering choices, not MPLADS rules or final decisions."
W-001575,COMPLETION,100.52888527257933,100.5,100.0,0.5288852725793305,0.5288852725793305,0.5,-0.02888527257933049,0.5,52.1,15.383333333333335,4,2,0,2,6,25.0,False,True,False,False,"Signed reconciliation and persistence evidence for review; heuristic bands are engineering choices, not MPLADS rules or final decisions."
W-001576,EXECUTION,38.90020366598778,38.9,36.9,2.000203665987783,2.000203665987783,2.0,-0.00020366598778309708,2.0,2.0,-6.7,2,0,0,0,4,25.0,False,False,False,False,"Signed reconciliation and persistence evidence for review; heuristic bands are engineering choices, not MPLADS rules or final decisions."
W-001577,COMPLETION,92.55813953488372,92.6,100.0,-7.441860465116278,7.441860465116278,-7.400000000000006,0.041860465116272394,-7.400000000000006,26.500000000000007,6.149999999999996,3,1,0,1,6,25.0,False,False,False,False,"Signed reconciliation and persistence evidence for review; heuristic bands are engineering choices, not MPLADS rules or final decisions."
W-001578,EXECUTION,58.79396984924623,58.8,57.5,1.2939698492462313,1.2939698492462313,1.2999999999999972,0.006030150753765895,1.2999999999999972,1.2999999999999972,-12.642857142857144,2,0,0,0,7,25.0,False,False,False,False,"Signed reconciliation and persistence evidence for review; heuristic bands are engineering choices, not MPLADS rules or final decisions."
W-001579,COMPLETION,106.27400768245839,106.3,100.0,6.2740076824583895,6.2740076824583895,6.299999999999997,0.02599231754160769,6.299999999999997,26.599999999999994,-10.366666666666667,2,1,0,1,6,25.0,False,False,False,False,"Signed reconciliation and persistence evidence for review; heuristic bands are engineering choices, not MPLADS rules or final decisions."
W-001580,COMPLETION,105.67966679288149,105.7,100.0,5.679666792881491,5.679666792881491,5.700000000000003,0.02033320711851161,5.700000000000003,40.2,17.114285714285717,6,3,0,1,7,25.0,False,False,False,False,"Signed reconciliation and persistence evidence for review; heuristic bands are engineering choices, not MPLADS rules or final decisions."
W-001581,COMPLETION,98.94200626959248,98.9,100.0,-1.0579937304075173,1.0579937304075173,-1.0999999999999943,-0.042006269592477,-1.0999999999999943,23.5,6.075000000000003,6,0,0,0,8,25.0,False,False,False,False,"Signed reconciliation and persistence evidence for review; heuristic bands are engineering choices, not MPLADS rules or final decisions."
W-001582,COMPLETION,94.71686175260993,94.7,100.0,-5.28313824739007,5.28313824739007,-5.299999999999997,-0.01686175260992684,-5.299999999999997,65.80000000000001,31.633333333333344,5,3,0,3,6,25.0,False,True,False,False,"Signed reconciliation and persistence evidence for review; heuristic bands are engineering choices, not MPLADS rules or final decisions."
W-001584,EXECUTION,93.97321428571429,94.0,91.2,2.773214285714289,2.773214285714289,2.799999999999997,0.026785714285708195,2.799999999999997,62.0,32.56,5,3,0,3,5,25.0,False,True,False,False,"Signed reconciliation and persistence evidence for review; heuristic bands are engineering choices, not MPLADS rules or final decisions."
W-001585,COMPLETION,103.05647840531562,103.1,100.0,3.056478405315616,3.056478405315616,3.0999999999999943,0.04352159468437833,3.0999999999999943,43.39999999999999,23.266666666666662,3,1,0,1,3,25.0,False,False,False,False,"Signed reconciliation and persistence evidence for review; heuristic bands are engineering choices, not MPLADS rules or final decisions."
W-001586,COMPLETION,106.33083730428864,106.3,100.0,6.330837304288636,6.330837304288636,6.299999999999997,-0.030837304288638734,6.299999999999997,66.6,26.037499999999994,6,5,0,5,8,25.0,False,True,False,False,"Signed reconciliation and persistence evidence for review; heuristic bands are engineering choices, not MPLADS rules or final decisions."
W-001587,EXECUTION,87.01421800947867,87.0,87.8,-0.785781990521329,0.785781990521329,-0.7999999999999972,-0.014218009478668137,-0.7999999999999972,28.0,12.540000000000001,4,1,0,1,5,25.0,False,False,False,False,"Signed reconciliation and persistence evidence for review; heuristic bands are engineering choices, not MPLADS rules or final decisions."
W-001588,COMPLETION,100.8,100.8,100.0,0.7999999999999972,0.7999999999999972,0.7999999999999972,0.0,0.7999999999999972,49.599999999999994,24.499999999999996,4,2,0,2,4,25.0,False,True,False,False,"Signed reconciliation and persistence evidence for review; heuristic bands are engineering choices, not MPLADS rules or final decisions."
W-001589,COMPLETION,105.13219284603421,105.1,100.0,5.132192846034215,5.132192846034215,5.099999999999994,-0.03219284603422068,5.099999999999994,23.599999999999994,15.449999999999998,4,0,0,0,4,25.0,False,False,False,False,"Signed reconciliation and persistence evidence for review; heuristic bands are engineering choices, not MPLADS rules or final decisions."
W-001590,COMPLETION,96.51995905834187,96.5,100.0,-3.4800409416581317,3.4800409416581317,-3.5,-0.019959058341868285,-3.5,55.3,25.3,7,4,0,3,8,25.0,False,True,False,False,"Signed reconciliation and persistence evidence for review; heuristic bands are engineering choices, not MPLADS rules or final decisions."
W-001591,EXECUTION,75.02467917077986,75.0,78.5,-3.475320829220138,3.475320829220138,-3.5,-0.024679170779862147,-3.5,13.5,3.8142857142857154,4,0,0,0,7,25.0,False,False,False,False,"Signed reconciliation and persistence evidence for review; heuristic bands are engineering choices, not MPLADS rules or final decisions."
W-001592,COMPLETION,94.13015737983837,94.1,100.0,-5.869842620161634,5.869842620161634,-5.900000000000006,-0.030157379838371412,-5.900000000000006,63.699999999999996,25.374999999999996,6,4,0,4,8,25.0,False,True,False,False,"Signed reconciliation and persistence evidence for review; heuristic bands are engineering choices, not MPLADS rules or final decisions."
W-001593,EXECUTION,37.7541142303969,37.8,38.3,-0.5458857696030961,0.5458857696030961,-0.5,0.045885769603096094,-0.5,-0.20000000000000284,-5.1000000000000005,0,0,0,0,4,25.0,False,False,False,False,"Signed reconciliation and persistence evidence for review; heuristic bands are engineering choices, not MPLADS rules or final decisions."
W-001594,COMPLETION,99.72345132743362,99.7,100.0,-0.2765486725663777,0.2765486725663777,-0.29999999999999716,-0.02345132743361944,-0.29999999999999716,68.1,36.06666666666667,2,2,0,2,3,25.0,False,True,False,False,"Signed reconciliation and persistence evidence for review; heuristic bands are engineering choices, not MPLADS rules or final decisions."
W-001595,EXECUTION,82.98562818729717,83.0,39.3,43.68562818729717,43.68562818729717,43.7,0.014371812702833608,43.7,43.7,1.4375,3,2,2,2,8,25.0,True,True,False,False,"Signed reconciliation and persistence evidence for review; heuristic bands are engineering choices, not MPLADS rules or final decisions."
W-001596,COMPLETION,104.98046875,105.0,100.0,4.98046875,4.98046875,5.0,0.01953125,5.0,20.4,3.285714285714285,4,0,0,0,7,25.0,False,False,False,False,"Signed reconciliation and persistence evidence for review; heuristic bands are engineering choices, not MPLADS rules or final decisions."
W-001598,COMPLETION,103.8199181446112,103.8,100.0,3.8199181446111936,3.8199181446111936,3.799999999999997,-0.019918144611196453,3.799999999999997,85.6,44.45,8,6,0,6,8,25.0,False,True,False,False,"Signed reconciliation and persistence evidence for review; heuristic bands are engineering choices, not MPLADS rules or final decisions."
W-001600,COMPLETION,99.78339350180505,99.8,100.0,-0.21660649819494893,0.21660649819494893,-0.20000000000000284,0.016606498194946084,-0.20000000000000284,54.9,26.220000000000006,4,2,0,2,5,25.0,False,True,False,False,"Signed reconciliation and persistence evidence for review; heuristic bands are engineering choices, not MPLADS rules or final decisions."
W-001602,EXECUTION,43.7,43.7,41.8,1.9000000000000057,1.9000000000000057,1.9000000000000057,0.0,1.9000000000000057,21.900000000000002,9.475000000000001,7,0,0,0,8,25.0,False,False,False,False,"Signed reconciliation and persistence evidence for review; heuristic bands are engineering choices, not MPLADS rules or final decisions."
W-001604,COMPLETION,104.97237569060773,105.0,100.0,4.972375690607734,4.972375690607734,5.0,0.0276243093922659,5.0,77.6,39.699999999999996,3,2,0,2,3,25.0,False,True,False,False,"Signed reconciliation and persistence evidence for review; heuristic bands are engineering choices, not MPLADS rules or final decisions."
W-001605,COMPLETION,97.1160295103957,97.1,100.0,-2.8839704896042946,2.8839704896042946,-2.9000000000000057,-0.0160295103957111,-2.9000000000000057,66.8,32.166666666666664,2,2,0,2,3,25.0,False,True,False,False,"Signed reconciliation and persistence evidence for review; heuristic bands are engineering choices, not MPLADS rules or final decisions."
W-001606,EXECUTION,56.62855752858185,56.6,63.0,-6.371442471418149,6.371442471418149,-6.399999999999999,-0.028557528581849567,-6.399999999999999,13.399999999999999,7.359999999999999,4,0,0,0,5,25.0,False,False,False,False,"Signed reconciliation and persistence evidence for review; heuristic bands are engineering choices, not MPLADS rules or final decisions."
W-001607,COMPLETION,91.8359375,91.8,100.0,-8.1640625,8.1640625,-8.200000000000003,-0.03593750000000284,-8.200000000000003,15.100000000000001,-3.214285714285714,1,0,0,0,7,25.0,False,False,False,False,"Signed reconciliation and persistence evidence for review; heuristic bands are engineering choices, not MPLADS rules or final decisions."
W-001608,COMPLETION,97.82718544719555,97.8,100.0,-2.1728145528044536,2.1728145528044536,-2.200000000000003,-0.027185447195549273,-2.200000000000003,72.19999999999999,34.175,3,2,0,2,4,25.0,False,True,False,False,"Signed reconciliation and persistence evidence for review; heuristic bands are engineering choices, not MPLADS rules or final decisions."
W-001609,EXECUTION,148.3256351039261,148.3,94.4,53.92563510392608,53.92563510392608,53.900000000000006,-0.025635103926077818,53.900000000000006,119.80000000000001,77.525,8,7,7,7,8,25.0,True,True,False,False,"Signed reconciliation and persistence evidence for review; heuristic bands are engineering choices, not MPLADS rules or final decisions."
W-001610,EXECUTION,95.94759293113955,95.9,94.5,1.4475929311395532,1.4475929311395532,1.4000000000000057,-0.047592931139547545,1.4000000000000057,57.10000000000001,32.657142857142865,7,5,0,5,7,25.0,False,True,False,False,"Signed reconciliation and persistence evidence for review; heuristic bands are engineering choices, not MPLADS rules or final decisions."
W-001611,COMPLETION,105.0,105.0,100.0,5.0,5.0,5.0,0.0,5.0,57.5,31.3,4,3,0,3,4,25.0,False,True,False,False,"Signed reconciliation and persistence evidence for review; heuristic bands are engineering choices, not MPLADS rules or final decisions."
W-001612,COMPLETION,104.98588899341486,105.0,100.0,4.985888993414861,4.985888993414861,5.0,0.014111006585139307,5.0,33.900000000000006,6.533333333333334,4,1,0,1,6,25.0,False,False,False,False,"Signed reconciliation and persistence evidence for review; heuristic bands are engineering choices, not MPLADS rules or final decisions."
W-001613,EXECUTION,91.71210468920393,91.7,90.0,1.712104689203926,1.712104689203926,1.7000000000000028,-0.012104689203923158,1.7000000000000028,42.7,14.52857142857143,5,2,0,2,7,25.0,False,True,False,False,"Signed reconciliation and persistence evidence for review; heuristic bands are engineering choices, not MPLADS rules or final decisions."
W-001614,COMPLETION,102.19653179190752,102.2,100.0,2.1965317919075176,2.1965317919075176,2.200000000000003,0.00346820809248527,2.200000000000003,62.800000000000004,27.512500000000003,7,5,0,5,8,25.0,False,True,False,False,"Signed reconciliation and persistence evidence for review; heuristic bands are engineering choices, not MPLADS rules or final decisions."
W-001615,EXECUTION,79.55307262569832,79.6,38.7,40.85307262569832,40.85307262569832,40.89999999999999,0.04692737430167426,40.89999999999999,40.89999999999999,20.4125,6,4,2,2,8,25.0,True,True,False,False,"Signed reconciliation and persistence evidence for review; heuristic bands are engineering choices, not MPLADS rules or final decisions."
W-001616,COMPLETION,101.3530135301353,101.4,100.0,1.3530135301353,1.3530135301353,1.4000000000000057,0.04698646986470578,1.4000000000000057,63.7,31.225,4,2,0,2,4,25.0,False,True,False,False,"Signed reconciliation and persistence evidence for review; heuristic bands are engineering choices, not MPLADS rules or final decisions."
W-001617,COMPLETION,97.02072538860104,97.0,100.0,-2.9792746113989637,2.9792746113989637,-3.0,-0.020725388601036343,-3.0,44.0,14.125,5,4,0,4,8,25.0,False,True,False,False,"Signed reconciliation and persistence evidence for review; heuristic bands are engineering choices, not MPLADS rules or final decisions."
W-001619,COMPLETION,99.55555555555556,99.6,100.0,-0.44444444444444287,0.44444444444444287,-0.4000000000000057,0.04444444444443718,-0.4000000000000057,25.799999999999997,-1.4666666666666697,1,1,0,1,3,25.0,False,False,False,False,"Signed reconciliation and persistence evidence for review; heuristic bands are engineering choices, not MPLADS rules or final decisions."
W-001620,COMPLETION,99.75450081833061,99.8,100.0,-0.24549918166938767,0.24549918166938767,-0.20000000000000284,0.045499181669384825,-0.20000000000000284,37.199999999999996,20.94285714285714,6,2,0,2,7,25.0,False,True,False,False,"Signed reconciliation and persistence evidence for review; heuristic bands are engineering choices, not MPLADS rules or final decisions."
W-001621,COMPLETION,102.61993875467846,102.6,100.0,2.619938754678458,2.619938754678458,2.5999999999999943,-0.01993875467846351,2.5999999999999943,90.39999999999999,44.87142857142856,7,5,0,5,7,25.0,False,True,False,False,"Signed reconciliation and persistence evidence for review; heuristic bands are engineering choices, not MPLADS rules or final decisions."
W-001622,COMPLETION,105.00667556742323,105.0,100.0,5.00667556742323,5.00667556742323,5.0,-0.006675567423229722,5.0,44.0,21.325,4,2,0,1,4,25.0,False,False,False,False,"Signed reconciliation and persistence evidence for review; heuristic bands are engineering choices, not MPLADS rules or final decisions."
W-001623,EXECUTION,83.15217391304348,83.2,78.7,4.452173913043481,4.452173913043481,4.5,0.04782608695651902,4.5,13.799999999999997,9.533333333333331,3,0,0,0,3,25.0,False,False,False,False,"Signed reconciliation and persistence evidence for review; heuristic bands are engineering choices, not MPLADS rules or final decisions."
W-001624,COMPLETION,104.76673427991886,104.8,100.0,4.766734279918865,4.766734279918865,4.799999999999997,0.0332657200811326,4.799999999999997,78.3,37.5875,7,5,0,5,8,25.0,False,True,False,False,"Signed reconciliation and persistence evidence for review; heuristic bands are engineering choices, not MPLADS rules or final decisions."
W-001625,COMPLETION,104.64463840399003,104.6,100.0,4.6446384039900295,4.6446384039900295,4.599999999999994,-0.04463840399003516,4.599999999999994,90.1,46.58571428571429,7,5,0,5,7,25.0,False,True,False,False,"Signed reconciliation and persistence evidence for review; heuristic bands are engineering choices, not MPLADS rules or final decisions."
W-001626,EXECUTION,0.0,0.0,0.0,0.0,0.0,0.0,0.0,0.0,0.0,0.0,0,0,0,0,1,25.0,False,False,False,False,"Signed reconciliation and persistence evidence for review; heuristic bands are engineering choices, not MPLADS rules or final decisions."
W-001627,COMPLETION,104.10557184750733,104.1,100.0,4.105571847507335,4.105571847507335,4.099999999999994,-0.005571847507340522,4.099999999999994,92.19999999999999,44.783333333333324,6,4,0,4,6,25.0,False,True,False,False,"Signed reconciliation and persistence evidence for review; heuristic bands are engineering choices, not MPLADS rules or final decisions."
W-001628,COMPLETION,96.63608562691131,96.6,100.0,-3.36391437308869,3.36391437308869,-3.4000000000000057,-0.03608562691131567,-3.4000000000000057,54.8,23.12857142857143,6,3,0,2,7,25.0,False,True,False,False,"Signed reconciliation and persistence evidence for review; heuristic bands are engineering choices, not MPLADS rules or final decisions."
W-001629,COMPLETION,96.04012671594509,96.0,100.0,-3.9598732840549076,3.9598732840549076,-4.0,-0.04012671594509243,-4.0,52.3,17.674999999999997,2,2,0,2,4,25.0,False,True,False,False,"Signed reconciliation and persistence evidence for review; heuristic bands are engineering choices, not MPLADS rules or final decisions."
W-001630,COMPLETION,104.985696771557,105.0,100.0,4.985696771557002,4.985696771557002,5.0,0.014303228442997806,5.0,84.2,44.25,4,3,0,3,4,25.0,False,True,False,False,"Signed reconciliation and persistence evidence for review; heuristic bands are engineering choices, not MPLADS rules or final decisions."
W-001631,EXECUTION,91.46825396825396,91.5,92.4,-0.9317460317460444,0.9317460317460444,-0.9000000000000057,0.03174603174603874,-0.9000000000000057,46.4,23.216666666666665,5,3,0,3,6,25.0,False,True,False,False,"Signed reconciliation and persistence evidence for review; heuristic bands are engineering choices, not MPLADS rules or final decisions."
W-001633,COMPLETION,94.2090395480226,94.2,100.0,-5.790960451977398,5.790960451977398,-5.799999999999997,-0.00903954802259932,-5.799999999999997,9.100000000000001,-1.1000000000000014,2,0,0,0,4,25.0,False,False,False,False,"Signed reconciliation and persistence evidence for review; heuristic bands are engineering choices, not MPLADS rules or final decisions."
W-001634,COMPLETION,94.83076923076923,94.8,100.0,-5.169230769230765,5.169230769230765,-5.200000000000003,-0.030769230769237765,-5.200000000000003,64.19999999999999,32.099999999999994,3,2,0,2,4,25.0,False,True,False,False,"Signed reconciliation and persistence evidence for review; heuristic bands are engineering choices, not MPLADS rules or final decisions."
W-001635,EXECUTION,49.0674318507891,49.1,53.2,-4.132568149210904,4.132568149210904,-4.100000000000001,0.032568149210902675,-4.100000000000001,30.1,14.366666666666669,5,2,0,2,6,25.0,False,True,False,False,"Signed reconciliation and persistence evidence for review; heuristic bands are engineering choices, not MPLADS rules or final decisions."
W-001636,COMPLETION,104.79921645445641,104.8,100.0,4.799216454456413,4.799216454456413,4.799999999999997,0.0007835455435838412,4.799999999999997,59.8,39.41428571428572,7,6,0,6,7,25.0,False,True,False,False,"Signed reconciliation and persistence evidence for review; heuristic bands are engineering choices, not MPLADS rules or final decisions."
W-001638,EXECUTION,57.43589743589744,57.4,66.7,-9.264102564102565,9.264102564102565,-9.300000000000004,-0.03589743589743932,-9.300000000000004,0.19999999999999574,-12.900000000000002,1,0,0,0,8,25.0,False,False,False,False,"Signed reconciliation and persistence evidence for review; heuristic bands are engineering choices, not MPLADS rules or final decisions."
W-001639,COMPLETION,105.25164113785559,105.3,100.0,5.251641137855586,5.251641137855586,5.299999999999997,0.04835886214441132,5.299999999999997,88.1,48.66666666666668,6,5,0,5,6,25.0,False,True,False,False,"Signed reconciliation and persistence evidence for review; heuristic bands are engineering choices, not MPLADS rules or final decisions."
W-001640,COMPLETION,93.93382352941177,93.9,100.0,-6.066176470588232,6.066176470588232,-6.099999999999994,-0.033823529411762365,-6.099999999999994,46.300000000000004,20.120000000000005,4,2,0,2,5,25.0,False,True,False,False,"Signed reconciliation and persistence evidence for review; heuristic bands are engineering choices, not MPLADS rules or final decisions."
W-001641,EXECUTION,24.219910846953937,24.2,26.8,-2.580089153046064,2.580089153046064,-2.6000000000000014,-0.019910846953937522,-2.6000000000000014,0.0,-4.7,0,0,0,0,4,25.0,False,False,False,False,"Signed reconciliation and persistence evidence for review; heuristic bands are engineering choices, not MPLADS rules or final decisions."
W-001642,COMPLETION,105.79227696404794,105.8,100.0,5.792276964047943,5.792276964047943,5.799999999999997,0.007723035952054147,5.799999999999997,26.799999999999997,5.971428571428573,5,1,0,1,7,25.0,False,False,False,False,"Signed reconciliation and persistence evidence for review; heuristic bands are engineering choices, not MPLADS rules or final decisions."
W-001643,COMPLETION,101.00208768267224,101.0,100.0,1.00208768267224,1.00208768267224,1.0,-0.002087682672240021,1.0,3.799999999999997,-8.0375,3,0,0,0,8,25.0,False,False,False,False,"Signed reconciliation and persistence evidence for review; heuristic bands are engineering choices, not MPLADS rules or final decisions."
W-001644,COMPLETION,97.87539477461958,97.9,100.0,-2.124605225380421,2.124605225380421,-2.0999999999999943,0.024605225380426532,-2.0999999999999943,60.00000000000001,25.587500000000006,7,3,0,3,8,25.0,False,True,False,False,"Signed reconciliation and persistence evidence for review; heuristic bands are engineering choices, not MPLADS rules or final decisions."
W-001645,COMPLETION,98.78822850548183,98.8,100.0,-1.2117714945181746,1.2117714945181746,-1.2000000000000028,0.011771494518171721,-1.2000000000000028,51.3,6.666666666666663,3,2,0,2,6,25.0,False,True,False,False,"Signed reconciliation and persistence evidence for review; heuristic bands are engineering choices, not MPLADS rules or final decisions."
W-001646,COMPLETION,94.9171270718232,94.9,100.0,-5.082872928176798,5.082872928176798,-5.099999999999994,-0.017127071823196616,-5.099999999999994,23.30000000000001,12.800000000000006,2,0,0,0,3,25.0,False,False,False,False,"Signed reconciliation and persistence evidence for review; heuristic bands are engineering choices, not MPLADS rules or final decisions."
W-001647,COMPLETION,107.3200241984271,107.3,100.0,7.320024198427106,7.320024198427106,7.299999999999997,-0.020024198427108786,7.299999999999997,86.6,49.84285714285714,7,5,0,5,7,25.0,False,True,False,False,"Signed reconciliation and persistence evidence for review; heuristic bands are engineering choices, not MPLADS rules or final decisions."
W-001648,COMPLETION,103.44287949921753,103.4,100.0,3.4428794992175256,3.4428794992175256,3.4000000000000057,-0.04287949921751988,3.4000000000000057,52.2,24.966666666666672,6,3,0,3,6,25.0,False,True,False,False,"Signed reconciliation and persistence evidence for review; heuristic bands are engineering choices, not MPLADS rules or final decisions."
W-001649,COMPLETION,93.87387387387388,93.9,100.0,-6.126126126126124,6.126126126126124,-6.099999999999994,0.026126126126129634,-6.099999999999994,26.700000000000003,5.980000000000004,3,1,0,1,5,25.0,False,False,False,False,"Signed reconciliation and persistence evidence for review; heuristic bands are engineering choices, not MPLADS rules or final decisions."
W-001650,EXECUTION,23.44296710986704,23.4,25.0,-1.5570328901329589,1.5570328901329589,-1.6000000000000014,-0.04296710986704255,-1.6000000000000014,11.799999999999999,3.3124999999999987,5,0,0,0,8,25.0,False,False,False,False,"Signed reconciliation and persistence evidence for review; heuristic bands are engineering choices, not MPLADS rules or final decisions."
W-001651,COMPLETION,101.82029434546862,101.8,100.0,1.820294345468625,1.820294345468625,1.7999999999999972,-0.02029434546862774,1.7999999999999972,43.199999999999996,24.299999999999994,5,2,0,2,5,25.0,False,True,False,False,"Signed reconciliation and persistence evidence for review; heuristic bands are engineering choices, not MPLADS rules or final decisions."
W-001652,COMPLETION,103.44925883694413,103.4,100.0,3.449258836944125,3.449258836944125,3.4000000000000057,-0.049258836944119366,3.4000000000000057,9.400000000000006,1.8000000000000025,3,0,0,0,4,25.0,False,False,False,False,"Signed reconciliation and persistence evidence for review; heuristic bands are engineering choices, not MPLADS rules or final decisions."
W-001653,COMPLETION,95.17696044413601,95.2,100.0,-4.823039555863986,4.823039555863986,-4.799999999999997,0.023039555863988426,-4.799999999999997,43.2,10.233333333333334,3,2,0,2,6,25.0,False,True,False,False,"Signed reconciliation and persistence evidence for review; heuristic bands are engineering choices, not MPLADS rules or final decisions."
W-001654,COMPLETION,105.0251256281407,105.0,100.0,5.0251256281406995,5.0251256281406995,5.0,-0.02512562814069952,5.0,62.9,15.757142857142858,5,3,0,3,7,25.0,False,True,False,False,"Signed reconciliation and persistence evidence for review; heuristic bands are engineering choices, not MPLADS rules or final decisions."
W-001655,COMPLETION,94.75308641975309,94.8,100.0,-5.246913580246911,5.246913580246911,-5.200000000000003,0.04691358024690828,-5.200000000000003,22.0,-3.8285714285714283,3,0,0,0,7,25.0,False,False,False,False,"Signed reconciliation and persistence evidence for review; heuristic bands are engineering choices, not MPLADS rules or final decisions."
W-001656,COMPLETION,102.5518341307815,102.6,100.0,2.5518341307815007,2.5518341307815007,2.5999999999999943,0.04816586921849364,2.5999999999999943,35.19999999999999,18.749999999999996,6,2,0,1,6,25.0,False,False,False,False,"Signed reconciliation and persistence evidence for review; heuristic bands are engineering choices, not MPLADS rules or final decisions."
W-001657,COMPLETION,93.00699300699301,93.0,100.0,-6.993006993006986,6.993006993006986,-7.0,-0.006993006993013751,-7.0,33.1,-2.425,3,1,0,1,8,25.0,False,False,False,False,"Signed reconciliation and persistence evidence for review; heuristic bands are engineering choices, not MPLADS rules or final decisions."
W-001659,EXECUTION,81.68028004667444,81.7,83.7,-2.0197199533255628,2.0197199533255628,-2.0,0.019719953325562756,-2.0,19.1,0.7250000000000005,2,0,0,0,4,25.0,False,False,False,False,"Signed reconciliation and persistence evidence for review; heuristic bands are engineering choices, not MPLADS rules or final decisions."
W-001660,COMPLETION,105.49132947976878,105.5,100.0,5.49132947976878,5.49132947976878,5.5,0.00867052023122028,5.5,66.4,37.800000000000004,3,2,0,2,3,25.0,False,True,False,False,"Signed reconciliation and persistence evidence for review; heuristic bands are engineering choices, not MPLADS rules or final decisions."
W-001661,COMPLETION,104.56595264937994,104.6,100.0,4.565952649379938,4.565952649379938,4.599999999999994,0.034047350620056704,4.599999999999994,64.89999999999999,35.33333333333333,3,2,0,2,3,25.0,False,True,False,False,"Signed reconciliation and persistence evidence for review; heuristic bands are engineering choices, not MPLADS rules or final decisions."
W-001663,EXECUTION,23.03585049580473,23.0,25.9,-2.864149504195268,2.864149504195268,-2.8999999999999986,-0.03585049580473054,-2.8999999999999986,6.799999999999999,1.8000000000000007,3,0,0,0,4,25.0,False,False,False,False,"Signed reconciliation and persistence evidence for review; heuristic bands are engineering choices, not MPLADS rules or final decisions."
W-001664,COMPLETION,94.33399602385686,94.3,100.0,-5.666003976143145,5.666003976143145,-5.700000000000003,-0.03399602385685796,-5.700000000000003,27.200000000000003,9.437499999999996,5,1,0,1,8,25.0,False,False,False,False,"Signed reconciliation and persistence evidence for review; heuristic bands are engineering choices, not MPLADS rules or final decisions."
W-001665,EXECUTION,76.21097954790096,76.2,88.3,-12.089020452099035,12.089020452099035,-12.099999999999994,-0.010979547900959119,-12.099999999999994,39.900000000000006,2.100000000000005,2,1,0,1,4,25.0,False,False,False,False,"Signed reconciliation and persistence evidence for review; heuristic bands are engineering choices, not MPLADS rules or final decisions."
W-001666,EXECUTION,62.16006216006216,62.2,63.3,-1.1399378399378364,1.1399378399378364,-1.0999999999999943,0.03993783993784206,-1.0999999999999943,5.700000000000003,-0.437499999999998,3,0,0,0,8,25.0,False,False,False,False,"Signed reconciliation and persistence evidence for review; heuristic bands are engineering choices, not MPLADS rules or final decisions."
W-001667,EXECUTION,54.422032583397986,54.4,61.3,-6.8779674166020115,6.8779674166020115,-6.899999999999999,-0.022032583397987082,-6.899999999999999,-6.899999999999999,-16.066666666666666,0,0,0,0,3,25.0,False,False,False,False,"Signed reconciliation and persistence evidence for review; heuristic bands are engineering choices, not MPLADS rules or final decisions."
W-001668,COMPLETION,98.26086956521739,98.3,100.0,-1.7391304347826093,1.7391304347826093,-1.7000000000000028,0.03913043478260647,-1.7000000000000028,58.3,30.762499999999996,7,4,0,4,8,25.0,False,True,False,False,"Signed reconciliation and persistence evidence for review; heuristic bands are engineering choices, not MPLADS rules or final decisions."
W-001669,EXECUTION,132.06239168110918,132.1,18.5,113.56239168110918,113.56239168110918,113.6,0.03760831889081828,113.6,113.6,11.266666666666666,1,1,1,1,6,25.0,True,False,False,False,"Signed reconciliation and persistence evidence for review; heuristic bands are engineering choices, not MPLADS rules or final decisions."
W-001670,EXECUTION,63.677950594693506,63.7,63.1,0.5779505946935046,0.5779505946935046,0.6000000000000014,0.022049405306496794,0.6000000000000014,4.0,-3.766666666666667,2,0,0,0,3,25.0,False,False,False,False,"Signed reconciliation and persistence evidence for review; heuristic bands are engineering choices, not MPLADS rules or final decisions."
W-001671,COMPLETION,101.40056022408963,101.4,100.0,1.4005602240896309,1.4005602240896309,1.4000000000000057,-0.0005602240896251942,1.4000000000000057,33.60000000000001,8.075000000000003,3,2,0,2,4,25.0,False,True,False,False,"Signed reconciliation and persistence evidence for review; heuristic bands are engineering choices, not MPLADS rules or final decisions."
W-001672,COMPLETION,103.4009873834339,103.4,100.0,3.4009873834339004,3.4009873834339004,3.4000000000000057,-0.0009873834338947063,3.4000000000000057,55.2,22.1,3,2,0,2,4,25.0,False,True,False,False,"Signed reconciliation and persistence evidence for review; heuristic bands are engineering choices, not MPLADS rules or final decisions."
W-001673,COMPLETION,98.90610756608933,98.9,100.0,-1.0938924339106677,1.0938924339106677,-1.0999999999999943,-0.00610756608932661,-1.0999999999999943,60.7,20.900000000000006,3,2,0,2,5,25.0,False,True,False,False,"Signed reconciliation and persistence evidence for review; heuristic bands are engineering choices, not MPLADS rules or final decisions."
W-001674,COMPLETION,93.69085173501577,93.7,100.0,-6.3091482649842305,6.3091482649842305,-6.299999999999997,0.009148264984233379,-6.299999999999997,28.800000000000004,-0.16249999999999787,3,1,0,1,8,25.0,False,False,False,False,"Signed reconciliation and persistence evidence for review; heuristic bands are engineering choices, not MPLADS rules or final decisions."
W-001675,COMPLETION,98.90233605403884,98.9,100.0,-1.097663945961159,1.097663945961159,-1.0999999999999943,-0.0023360540388353,-1.0999999999999943,52.300000000000004,12.325000000000003,2,2,0,2,4,25.0,False,True,False,False,"Signed reconciliation and persistence evidence for review; heuristic bands are engineering choices, not MPLADS rules or final decisions."
W-001676,COMPLETION,104.74489795918367,104.7,100.0,4.744897959183675,4.744897959183675,4.700000000000003,-0.04489795918367179,4.700000000000003,81.2,46.01428571428572,7,6,0,6,7,25.0,False,True,False,False,"Signed reconciliation and persistence evidence for review; heuristic bands are engineering choices, not MPLADS rules or final decisions."
W-001677,COMPLETION,99.44636678200692,99.4,100.0,-0.553633217993081,0.553633217993081,-0.5999999999999943,-0.046366782006913354,-0.5999999999999943,36.0,23.875000000000004,3,3,0,3,4,25.0,False,True,False,False,"Signed reconciliation and persistence evidence for review; heuristic bands are engineering choices, not MPLADS rules or final decisions."
W-001678,EXECUTION,94.71018570624648,94.7,94.9,-0.18981429375352832,0.18981429375352832,-0.20000000000000284,-0.010185706246474524,-0.20000000000000284,55.2,31.120000000000005,4,3,0,3,5,25.0,False,True,False,False,"Signed reconciliation and persistence evidence for review; heuristic bands are engineering choices, not MPLADS rules or final decisions."
W-001679,EXECUTION,19.183285849952515,19.2,23.3,-4.1167141500474855,4.1167141500474855,-4.100000000000001,0.01671415004748411,-4.100000000000001,-4.100000000000001,-5.6000000000000005,0,0,0,0,4,25.0,False,False,False,False,"Signed reconciliation and persistence evidence for review; heuristic bands are engineering choices, not MPLADS rules or final decisions."
W-001680,COMPLETION,96.23188405797102,96.2,100.0,-3.7681159420289845,3.7681159420289845,-3.799999999999997,-0.03188405797101268,-3.799999999999997,50.400000000000006,13.200000000000005,2,2,0,2,4,25.0,False,True,False,False,"Signed reconciliation and persistence evidence for review; heuristic bands are engineering choices, not MPLADS rules or final decisions."
W-001681,COMPLETION,94.07548972766364,94.1,100.0,-5.924510272336363,5.924510272336363,-5.900000000000006,0.024510272336357275,-5.900000000000006,25.69999999999999,6.666666666666661,2,1,0,1,3,25.0,False,False,False,False,"Signed reconciliation and persistence evidence for review; heuristic bands are engineering choices, not MPLADS rules or final decisions."
W-001682,COMPLETION,96.45415472779369,96.5,100.0,-3.545845272206307,3.545845272206307,-3.5,0.045845272206307186,-3.5,48.6,18.966666666666665,5,2,0,2,6,25.0,False,True,False,False,"Signed reconciliation and persistence evidence for review; heuristic bands are engineering choices, not MPLADS rules or final decisions."
W-001683,COMPLETION,101.02827763496144,101.0,100.0,1.0282776349614409,1.0282776349614409,1.0,-0.028277634961440867,1.0,1.0,-6.26666666666667,1,0,0,0,3,25.0,False,False,False,False,"Signed reconciliation and persistence evidence for review; heuristic bands are engineering choices, not MPLADS rules or final decisions."
W-001684,COMPLETION,96.02598395108903,96.0,100.0,-3.9740160489109684,3.9740160489109684,-4.0,-0.02598395108903162,-4.0,41.1,7.25,4,3,0,3,8,25.0,False,True,False,False,"Signed reconciliation and persistence evidence for review; heuristic bands are engineering choices, not MPLADS rules or final decisions."
W-001685,EXECUTION,74.00162999185004,74.0,69.9,4.101629991850032,4.101629991850032,4.099999999999994,-0.0016299918500379817,4.099999999999994,7.799999999999997,-6.000000000000001,2,0,0,0,7,25.0,False,False,False,False,"Signed reconciliation and persistence evidence for review; heuristic bands are engineering choices, not MPLADS rules or final decisions."
W-001686,COMPLETION,95.89704383282366,95.9,100.0,-4.102956167176345,4.102956167176345,-4.099999999999994,0.0029561671763502773,-4.099999999999994,60.00000000000001,24.700000000000006,2,1,0,1,3,25.0,False,False,False,False,"Signed reconciliation and persistence evidence for review; heuristic bands are engineering choices, not MPLADS rules or final decisions."
W-001687,EXECUTION,60.7,60.7,63.7,-3.0,3.0,-3.0,0.0,-3.0,10.800000000000004,-15.157142857142857,1,0,0,0,7,25.0,False,False,False,False,"Signed reconciliation and persistence evidence for review; heuristic bands are engineering choices, not MPLADS rules or final decisions."
W-001688,COMPLETION,105.00161342368506,105.0,100.0,5.001613423685058,5.001613423685058,5.0,-0.001613423685057569,5.0,68.6,28.360000000000003,4,3,0,3,5,25.0,False,True,False,False,"Signed reconciliation and persistence evidence for review; heuristic bands are engineering choices, not MPLADS rules or final decisions."
W-001689,COMPLETION,105.04939626783754,105.0,100.0,5.049396267837537,5.049396267837537,5.0,-0.04939626783753681,5.0,45.800000000000004,28.52,5,3,0,3,5,25.0,False,True,False,False,"Signed reconciliation and persistence evidence for review; heuristic bands are engineering choices, not MPLADS rules or final decisions."
W-001690,COMPLETION,101.48242270224482,101.5,100.0,1.4824227022448184,1.4824227022448184,1.5,0.017577297755181576,1.5,66.5,33.083333333333336,6,4,0,4,6,25.0,False,True,False,False,"Signed reconciliation and persistence evidence for review; heuristic bands are engineering choices, not MPLADS rules or final decisions."
W-001691,EXECUTION,92.0059582919563,92.0,86.9,5.1059582919562985,5.1059582919562985,5.099999999999994,-0.005958291956304151,5.099999999999994,57.6,23.11428571428571,6,3,0,3,7,25.0,False,True,False,False,"Signed reconciliation and persistence evidence for review; heuristic bands are engineering choices, not MPLADS rules or final decisions."
W-001692,COMPLETION,91.07011070110701,91.1,100.0,-8.929889298892988,8.929889298892988,-8.900000000000006,0.029889298892982197,-8.900000000000006,26.1,7.8166666666666655,4,1,0,1,6,25.0,False,False,False,False,"Signed reconciliation and persistence evidence for review; heuristic bands are engineering choices, not MPLADS rules or final decisions."
W-001693,COMPLETION,104.07569141193595,104.1,100.0,4.075691411935949,4.075691411935949,4.099999999999994,0.02430858806404501,4.099999999999994,35.9,23.424999999999997,4,3,0,3,4,25.0,False,True,False,False,"Signed reconciliation and persistence evidence for review; heuristic bands are engineering choices, not MPLADS rules or final decisions."
W-001695,COMPLETION,100.37783375314862,100.4,100.0,0.37783375314862155,0.37783375314862155,0.4000000000000057,0.02216624685138413,0.4000000000000057,51.60000000000001,12.325000000000005,3,1,0,1,4,25.0,False,False,False,False,"Signed reconciliation and persistence evidence for review; heuristic bands are engineering choices, not MPLADS rules or final decisions."
W-001696,EXECUTION,79.82625482625483,79.8,92.4,-12.57374517374518,12.57374517374518,-12.600000000000009,-0.02625482625482789,-12.600000000000009,-12.600000000000009,-37.42857142857143,0,0,0,0,7,25.0,False,False,False,False,"Signed reconciliation and persistence evidence for review; heuristic bands are engineering choices, not MPLADS rules or final decisions."
W-001697,COMPLETION,104.1452442159383,104.1,100.0,4.145244215938305,4.145244215938305,4.099999999999994,-0.04524421593831107,4.099999999999994,70.89999999999999,34.93333333333333,6,3,0,3,6,25.0,False,True,False,False,"Signed reconciliation and persistence evidence for review; heuristic bands are engineering choices, not MPLADS rules or final decisions."
W-001698,COMPLETION,101.44,101.4,100.0,1.4399999999999977,1.4399999999999977,1.4000000000000057,-0.03999999999999204,1.4000000000000057,78.4,35.72500000000001,8,5,0,5,8,25.0,False,True,False,False,"Signed reconciliation and persistence evidence for review; heuristic bands are engineering choices, not MPLADS rules or final decisions."
W-001699,EXECUTION,38.14405179390343,38.1,42.9,-4.755948206096569,4.755948206096569,-4.799999999999997,-0.04405179390342795,-4.799999999999997,-4.799999999999997,-13.799999999999997,0,0,0,0,3,25.0,False,False,False,False,"Signed reconciliation and persistence evidence for review; heuristic bands are engineering choices, not MPLADS rules or final decisions."
W-001700,COMPLETION,94.13773477518498,94.1,100.0,-5.862265224815019,5.862265224815019,-5.900000000000006,-0.0377347751849868,-5.900000000000006,1.5,-13.614285714285712,1,0,0,0,7,25.0,False,False,False,False,"Signed reconciliation and persistence evidence for review; heuristic bands are engineering choices, not MPLADS rules or final decisions."
W-001701,COMPLETION,133.85579937304075,133.9,100.0,33.85579937304075,33.85579937304075,33.900000000000006,0.04420062695925253,33.900000000000006,85.5,64.2125,8,8,8,8,8,25.0,True,True,False,False,"Signed reconciliation and persistence evidence for review; heuristic bands are engineering choices, not MPLADS rules or final decisions."
W-001702,COMPLETION,97.71220159151194,97.7,100.0,-2.287798408488058,2.287798408488058,-2.299999999999997,-0.012201591511939114,-2.299999999999997,43.1,16.416666666666668,5,2,0,2,6,25.0,False,True,False,False,"Signed reconciliation and persistence evidence for review; heuristic bands are engineering choices, not MPLADS rules or final decisions."
W-001703,COMPLETION,101.61016949152543,101.6,100.0,1.6101694915254257,1.6101694915254257,1.5999999999999943,-0.01016949152543134,1.5999999999999943,20.099999999999994,-0.5833333333333363,3,0,0,0,6,25.0,False,False,False,False,"Signed reconciliation and persistence evidence for review; heuristic bands are engineering choices, not MPLADS rules or final decisions."
W-001704,COMPLETION,105.01930501930502,105.0,100.0,5.019305019305023,5.019305019305023,5.0,-0.019305019305022597,5.0,74.1,42.15,6,4,0,4,6,25.0,False,True,False,False,"Signed reconciliation and persistence evidence for review; heuristic bands are engineering choices, not MPLADS rules or final decisions."
W-001705,COMPLETION,105.99781897491822,106.0,100.0,5.997818974918218,5.997818974918218,6.0,0.0021810250817821952,6.0,55.7,35.23333333333334,6,4,0,4,6,25.0,False,True,False,False,"Signed reconciliation and persistence evidence for review; heuristic bands are engineering choices, not MPLADS rules or final decisions."
W-001706,COMPLETION,107.46320953048354,107.5,100.0,7.463209530483539,7.463209530483539,7.5,0.036790469516461144,7.5,52.1,30.675,4,3,0,3,4,25.0,False,True,False,False,"Signed reconciliation and persistence evidence for review; heuristic bands are engineering choices, not MPLADS rules or final decisions."
W-001707,EXECUTION,54.667461974351326,54.7,55.4,-0.7325380256486724,0.7325380256486724,-0.6999999999999957,0.032538025648676694,-0.6999999999999957,11.600000000000001,3.6200000000000023,3,0,0,0,5,25.0,False,False,False,False,"Signed reconciliation and persistence evidence for review; heuristic bands are engineering choices, not MPLADS rules or final decisions."
W-001708,COMPLETION,105.69251456745855,105.7,100.0,5.692514567458545,5.692514567458545,5.700000000000003,0.007485432541457726,5.700000000000003,69.6,34.11666666666667,6,3,0,3,6,25.0,False,True,False,False,"Signed reconciliation and persistence evidence for review; heuristic bands are engineering choices, not MPLADS rules or final decisions."
W-001709,EXECUTION,43.87229660144181,43.9,44.1,-0.22770339855819088,0.22770339855819088,-0.20000000000000284,0.02770339855818804,-0.20000000000000284,15.0,-0.06000000000000085,2,0,0,0,5,25.0,False,False,False,False,"Signed reconciliation and persistence evidence for review; heuristic bands are engineering choices, not MPLADS rules or final decisions."
W-001710,COMPLETION,97.91363415817564,97.9,100.0,-2.0863658418243602,2.0863658418243602,-2.0999999999999943,-0.01363415817563407,-2.0999999999999943,13.100000000000009,-12.914285714285713,1,0,0,0,7,25.0,False,False,False,False,"Signed reconciliation and persistence evidence for review; heuristic bands are engineering choices, not MPLADS rules or final decisions."
W-001711,COMPLETION,107.25614591593973,107.3,100.0,7.256145915939726,7.256145915939726,7.299999999999997,0.04385408406027125,7.299999999999997,62.599999999999994,29.03333333333333,5,3,0,3,6,25.0,False,True,False,False,"Signed reconciliation and persistence evidence for review; heuristic bands are engineering choices, not MPLADS rules or final decisions."
W-001713,COMPLETION,105.01955671447197,105.0,100.0,5.019556714471975,5.019556714471975,5.0,-0.0195567144719746,5.0,66.2,34.040000000000006,5,3,0,3,5,25.0,False,True,False,False,"Signed reconciliation and persistence evidence for review; heuristic bands are engineering choices, not MPLADS rules or final decisions."
W-001714,EXECUTION,72.53846153846153,72.5,69.7,2.83846153846153,2.83846153846153,2.799999999999997,-0.038461538461532996,2.799999999999997,21.200000000000003,13.866666666666665,3,0,0,0,3,25.0,False,False,False,False,"Signed reconciliation and persistence evidence for review; heuristic bands are engineering choices, not MPLADS rules or final decisions."
W-001715,COMPLETION,107.02479338842976,107.0,100.0,7.024793388429757,7.024793388429757,7.0,-0.024793388429756646,7.0,70.7,31.975,7,5,0,5,8,25.0,False,True,False,False,"Signed reconciliation and persistence evidence for review; heuristic bands are engineering choices, not MPLADS rules or final decisions."
W-001717,EXECUTION,45.827900912646676,45.8,42.8,3.027900912646679,3.027900912646679,3.0,-0.027900912646678933,3.0,14.6,-2.1,2,0,0,0,4,25.0,False,False,False,False,"Signed reconciliation and persistence evidence for review; heuristic bands are engineering choices, not MPLADS rules or final decisions."
W-001718,COMPLETION,98.61838970938543,98.6,100.0,-1.3816102906145744,1.3816102906145744,-1.4000000000000057,-0.018389709385431274,-1.4000000000000057,35.8,9.999999999999996,1,1,0,1,3,25.0,False,False,False,False,"Signed reconciliation and persistence evidence for review; heuristic bands are engineering choices, not MPLADS rules or final decisions."
W-001719,COMPLETION,100.88917116544935,100.9,100.0,0.8891711654493548,0.8891711654493548,0.9000000000000057,0.010828834550650868,0.9000000000000057,60.400000000000006,34.400000000000006,4,3,0,3,4,25.0,False,True,False,False,"Signed reconciliation and persistence evidence for review; heuristic bands are engineering choices, not MPLADS rules or final decisions."
W-001721,COMPLETION,96.77215189873418,96.8,100.0,-3.2278481012658204,3.2278481012658204,-3.200000000000003,0.027848101265817604,-3.200000000000003,79.3,36.833333333333336,5,4,0,4,6,25.0,False,True,False,False,"Signed reconciliation and persistence evidence for review; heuristic bands are engineering choices, not MPLADS rules or final decisions."
W-001722,COMPLETION,104.93343774471417,104.9,100.0,4.933437744714169,4.933437744714169,4.900000000000006,-0.03343774471416339,4.900000000000006,73.7,37.800000000000004,5,4,0,4,5,25.0,False,True,False,False,"Signed reconciliation and persistence evidence for review; heuristic bands are engineering choices, not MPLADS rules or final decisions."
W-001723,COMPLETION,104.97109826589596,105.0,100.0,4.971098265895961,4.971098265895961,5.0,0.02890173410403918,5.0,84.0,45.2,5,4,0,4,5,25.0,False,True,False,False,"Signed reconciliation and persistence evidence for review; heuristic bands are engineering choices, not MPLADS rules or final decisions."
W-001724,EXECUTION,42.58692628650904,42.6,41.4,1.186926286509042,1.186926286509042,1.2000000000000028,0.01307371349096087,1.2000000000000028,10.300000000000004,-4.374999999999998,2,0,0,0,4,25.0,False,False,False,False,"Signed reconciliation and persistence evidence for review; heuristic bands are engineering choices, not MPLADS rules or final decisions."
W-001725,COMPLETION,95.59055118110236,95.6,100.0,-4.409448818897644,4.409448818897644,-4.400000000000006,0.009448818897638489,-4.400000000000006,55.89999999999999,23.259999999999994,4,2,0,2,5,25.0,False,True,False,False,"Signed reconciliation and persistence evidence for review; heuristic bands are engineering choices, not MPLADS rules or final decisions."
W-001726,COMPLETION,104.12272291466923,104.1,100.0,4.122722914669225,4.122722914669225,4.099999999999994,-0.02272291466923093,4.099999999999994,71.1,44.54285714285714,7,5,0,5,7,25.0,False,True,False,False,"Signed reconciliation and persistence evidence for review; heuristic bands are engineering choices, not MPLADS rules or final decisions."
W-001727,COMPLETION,98.79347054648687,98.8,100.0,-1.2065294535131272,1.2065294535131272,-1.2000000000000028,0.006529453513124395,-1.2000000000000028,40.9,23.628571428571433,6,4,0,4,7,25.0,False,True,False,False,"Signed reconciliation and persistence evidence for review; heuristic bands are engineering choices, not MPLADS rules or final decisions."
W-001728,COMPLETION,98.83474576271186,98.8,100.0,-1.1652542372881385,1.1652542372881385,-1.2000000000000028,-0.03474576271186436,-1.2000000000000028,30.599999999999994,14.266666666666666,2,1,0,1,3,25.0,False,False,False,False,"Signed reconciliation and persistence evidence for review; heuristic bands are engineering choices, not MPLADS rules or final decisions."
W-001729,COMPLETION,96.25529143601433,96.3,100.0,-3.744708563985668,3.744708563985668,-3.700000000000003,0.04470856398566525,-3.700000000000003,32.699999999999996,2.5200000000000005,2,1,0,1,5,25.0,False,False,False,False,"Signed reconciliation and persistence evidence for review; heuristic bands are engineering choices, not MPLADS rules or final decisions."
W-001730,EXECUTION,71.21642969984202,71.2,80.6,-9.38357030015797,9.38357030015797,-9.399999999999991,-0.01642969984202125,-9.399999999999991,4.899999999999999,-7.274999999999998,1,0,0,0,4,25.0,False,False,False,False,"Signed reconciliation and persistence evidence for review; heuristic bands are engineering choices, not MPLADS rules or final decisions."
W-001731,COMPLETION,103.77708978328174,103.8,100.0,3.7770897832817383,3.7770897832817383,3.799999999999997,0.02291021671825888,3.799999999999997,55.599999999999994,22.042857142857144,6,4,0,4,7,25.0,False,True,False,False,"Signed reconciliation and persistence evidence for review; heuristic bands are engineering choices, not MPLADS rules or final decisions."
W-001732,EXECUTION,64.07624633431085,64.1,69.1,-5.023753665689142,5.023753665689142,-5.0,0.023753665689142167,-5.0,38.99999999999999,18.816666666666663,5,3,0,3,6,25.0,False,True,False,False,"Signed reconciliation and persistence evidence for review; heuristic bands are engineering choices, not MPLADS rules or final decisions."
W-001733,COMPLETION,130.38359285985567,130.4,100.0,30.383592859855668,30.383592859855668,30.400000000000006,0.016407140144337973,30.400000000000006,79.2,56.53333333333334,6,6,6,6,6,25.0,True,True,False,False,"Signed reconciliation and persistence evidence for review; heuristic bands are engineering choices, not MPLADS rules or final decisions."
W-001735,EXECUTION,52.20272904483431,52.2,52.4,-0.19727095516569193,0.19727095516569193,-0.19999999999999574,-0.0027290448343038065,-0.19999999999999574,-0.19999999999999574,-7.524999999999999,0,0,0,0,4,25.0,False,False,False,False,"Signed reconciliation and persistence evidence for review; heuristic bands are engineering choices, not MPLADS rules or final decisions."
W-001736,EXECUTION,79.27861612072138,79.3,83.4,-4.121383879278625,4.121383879278625,-4.1000000000000085,0.02138387927861629,-4.1000000000000085,-4.1000000000000085,-33.900000000000006,0,0,0,0,6,25.0,False,False,False,False,"Signed reconciliation and persistence evidence for review; heuristic bands are engineering choices, not MPLADS rules or final decisions."
W-001737,COMPLETION,93.10485516115871,93.1,100.0,-6.89514483884129,6.89514483884129,-6.900000000000006,-0.0048551611587157595,-6.900000000000006,66.39999999999999,28.928571428571423,6,4,0,4,7,25.0,False,True,False,False,"Signed reconciliation and persistence evidence for review; heuristic bands are engineering choices, not MPLADS rules or final decisions."
W-001738,EXECUTION,82.38380809595202,82.4,90.1,-7.7161919040479745,7.7161919040479745,-7.699999999999989,0.016191904047985872,-7.699999999999989,54.300000000000004,23.300000000000008,2,1,0,1,3,25.0,False,False,False,False,"Signed reconciliation and persistence evidence for review; heuristic bands are engineering choices, not MPLADS rules or final decisions."
W-001739,COMPLETION,103.220696937698,103.2,100.0,3.220696937697994,3.220696937697994,3.200000000000003,-0.020696937697991302,3.200000000000003,74.30000000000001,37.462500000000006,8,5,0,5,8,25.0,False,True,False,False,"Signed reconciliation and persistence evidence for review; heuristic bands are engineering choices, not MPLADS rules or final decisions."
W-001740,EXECUTION,80.34571062740076,80.3,90.7,-10.35428937259924,10.35428937259924,-10.400000000000006,-0.0457106274007657,-10.400000000000006,47.099999999999994,10.928571428571427,5,2,0,2,7,25.0,False,True,False,False,"Signed reconciliation and persistence evidence for review; heuristic bands are engineering choices, not MPLADS rules or final decisions."
W-001741,COMPLETION,102.19106047326906,102.2,100.0,2.1910604732690615,2.1910604732690615,2.200000000000003,0.008939526730941338,2.200000000000003,62.89999999999999,38.0,7,5,0,5,7,25.0,False,True,False,False,"Signed reconciliation and persistence evidence for review; heuristic bands are engineering choices, not MPLADS rules or final decisions."
W-001742,EXECUTION,52.9940119760479,53.0,61.9,-8.905988023952098,8.905988023952098,-8.899999999999999,0.005988023952099297,-8.899999999999999,-6.799999999999997,-8.474999999999998,0,0,0,0,4,25.0,False,False,False,False,"Signed reconciliation and persistence evidence for review; heuristic bands are engineering choices, not MPLADS rules or final decisions."
W-001745,COMPLETION,93.40329835082458,93.4,100.0,-6.596701649175415,6.596701649175415,-6.599999999999994,-0.003298350824579188,-6.599999999999994,45.800000000000004,18.900000000000002,3,1,0,1,4,25.0,False,False,False,False,"Signed reconciliation and persistence evidence for review; heuristic bands are engineering choices, not MPLADS rules or final decisions."
W-001746,COMPLETION,103.18994683421943,103.2,100.0,3.189946834219427,3.189946834219427,3.200000000000003,0.010053165780576023,3.200000000000003,54.1,27.237499999999997,8,4,0,4,8,25.0,False,True,False,False,"Signed reconciliation and persistence evidence for review; heuristic bands are engineering choices, not MPLADS rules or final decisions."
W-001747,EXECUTION,42.93333333333333,42.9,40.4,2.5333333333333314,2.5333333333333314,2.5,-0.03333333333333144,2.5,22.5,5.449999999999999,3,0,0,0,4,25.0,False,False,False,False,"Signed reconciliation and persistence evidence for review; heuristic bands are engineering choices, not MPLADS rules or final decisions."
W-001748,EXECUTION,25.05720823798627,25.1,24.9,0.15720823798627137,0.15720823798627137,0.20000000000000284,0.04279176201373147,0.20000000000000284,0.20000000000000284,-3.9499999999999993,1,0,0,0,6,25.0,False,False,False,False,"Signed reconciliation and persistence evidence for review; heuristic bands are engineering choices, not MPLADS rules or final decisions."
W-001749,EXECUTION,60.783469651312956,60.8,70.6,-9.816530348687039,9.816530348687039,-9.799999999999997,0.016530348687041396,-9.799999999999997,-5.699999999999999,-18.7375,0,0,0,0,8,25.0,False,False,False,False,"Signed reconciliation and persistence evidence for review; heuristic bands are engineering choices, not MPLADS rules or final decisions."
W-001751,COMPLETION,96.18573797678275,96.2,100.0,-3.8142620232172533,3.8142620232172533,-3.799999999999997,0.014262023217256115,-3.799999999999997,26.10000000000001,7.85714285714286,4,2,0,2,7,25.0,False,True,False,False,"Signed reconciliation and persistence evidence for review; heuristic bands are engineering choices, not MPLADS rules or final decisions."
W-001752,COMPLETION,98.29376854599407,98.3,100.0,-1.7062314540059305,1.7062314540059305,-1.7000000000000028,0.006231454005927617,-1.7000000000000028,65.69999999999999,24.875,7,4,0,4,8,25.0,False,True,False,False,"Signed reconciliation and persistence evidence for review; heuristic bands are engineering choices, not MPLADS rules or final decisions."
W-001753,COMPLETION,102.20930232558139,102.2,100.0,2.2093023255813904,2.2093023255813904,2.200000000000003,-0.00930232558138755,2.200000000000003,69.9,27.683333333333337,5,3,0,3,6,25.0,False,True,False,False,"Signed reconciliation and persistence evidence for review; heuristic bands are engineering choices, not MPLADS rules or final decisions."
W-001754,COMPLETION,99.68944099378882,99.7,100.0,-0.3105590062111787,0.3105590062111787,-0.29999999999999716,0.010559006211181554,-0.29999999999999716,24.3,10.966666666666667,5,0,0,0,6,25.0,False,False,False,False,"Signed reconciliation and persistence evidence for review; heuristic bands are engineering choices, not MPLADS rules or final decisions."
W-001755,EXECUTION,43.73942470389171,43.7,41.5,2.2394247038917072,2.2394247038917072,2.200000000000003,-0.03942470389170438,2.200000000000003,32.1,10.360000000000003,4,1,0,1,5,25.0,False,False,False,False,"Signed reconciliation and persistence evidence for review; heuristic bands are engineering choices, not MPLADS rules or final decisions."
W-001756,COMPLETION,105.50763105507632,105.5,100.0,5.507631055076317,5.507631055076317,5.5,-0.007631055076316784,5.5,34.400000000000006,19.314285714285713,7,2,0,1,7,25.0,False,False,False,False,"Signed reconciliation and persistence evidence for review; heuristic bands are engineering choices, not MPLADS rules or final decisions."
W-001757,COMPLETION,101.159114857745,101.2,100.0,1.1591148577449957,1.1591148577449957,1.2000000000000028,0.04088514225500717,1.2000000000000028,40.99999999999999,20.374999999999996,4,1,0,1,4,25.0,False,False,False,False,"Signed reconciliation and persistence evidence for review; heuristic bands are engineering choices, not MPLADS rules or final decisions."
W-001758,EXECUTION,26.42516147149677,26.4,29.7,-3.2748385285032278,3.2748385285032278,-3.3000000000000007,-0.025161471496772947,-3.3000000000000007,-3.3000000000000007,-10.6,0,0,0,0,3,25.0,False,False,False,False,"Signed reconciliation and persistence evidence for review; heuristic bands are engineering choices, not MPLADS rules or final decisions."
W-001759,COMPLETION,137.990343995172,138.0,100.0,37.990343995172,37.990343995172,38.0,0.009656004828002551,38.0,107.0,71.5,3,3,3,3,3,25.0,True,True,False,False,"Signed reconciliation and persistence evidence for review; heuristic bands are engineering choices, not MPLADS rules or final decisions."
W-001760,COMPLETION,152.08193418401612,152.1,100.0,52.08193418401612,52.08193418401612,52.099999999999994,0.018065815983874245,52.099999999999994,102.6,71.28571428571429,7,6,6,6,7,25.0,True,True,False,False,"Signed reconciliation and persistence evidence for review; heuristic bands are engineering choices, not MPLADS rules or final decisions."
W-001761,COMPLETION,102.44239631336406,102.4,100.0,2.442396313364057,2.442396313364057,2.4000000000000057,-0.04239631336405125,2.4000000000000057,67.10000000000001,35.73333333333334,3,2,0,2,3,25.0,False,True,False,False,"Signed reconciliation and persistence evidence for review; heuristic bands are engineering choices, not MPLADS rules or final decisions."
W-001762,COMPLETION,104.55284552845528,104.6,100.0,4.552845528455279,4.552845528455279,4.599999999999994,0.04715447154471519,4.599999999999994,66.8,28.88333333333333,5,4,0,4,6,25.0,False,True,False,False,"Signed reconciliation and persistence evidence for review; heuristic bands are engineering choices, not MPLADS rules or final decisions."
W-001763,EXECUTION,86.97454114860865,87.0,85.0,1.974541148608651,1.974541148608651,2.0,0.025458851391348958,2.0,12.5,0.39999999999999886,5,0,0,0,7,25.0,False,False,False,False,"Signed reconciliation and persistence evidence for review; heuristic bands are engineering choices, not MPLADS rules or final decisions."
W-001764,EXECUTION,14.330413016270338,14.3,15.8,-1.4695869837296627,1.4695869837296627,-1.5,-0.030413016270337323,-1.5,10.600000000000001,1.8500000000000005,3,0,0,0,8,25.0,False,False,False,False,"Signed reconciliation and persistence evidence for review; heuristic bands are engineering choices, not MPLADS rules or final decisions."
W-001765,COMPLETION,101.8640350877193,101.9,100.0,1.8640350877193015,1.8640350877193015,1.9000000000000057,0.0359649122807042,1.9000000000000057,54.00000000000001,23.41428571428572,6,3,0,3,7,25.0,False,True,False,False,"Signed reconciliation and persistence evidence for review; heuristic bands are engineering choices, not MPLADS rules or final decisions."
W-001766,EXECUTION,6.7051509769094135,6.7,6.4,0.3051509769094132,0.3051509769094132,0.2999999999999998,-0.005150976909413352,0.2999999999999998,5.3,-0.8375000000000002,4,0,0,0,8,25.0,False,False,False,False,"Signed reconciliation and persistence evidence for review; heuristic bands are engineering choices, not MPLADS rules or final decisions."
W-001767,COMPLETION,101.39607032057911,101.4,100.0,1.3960703205791134,1.3960703205791134,1.4000000000000057,0.003929679420892285,1.4000000000000057,14.8,-1.2666666666666622,2,0,0,0,3,25.0,False,False,False,False,"Signed reconciliation and persistence evidence for review; heuristic bands are engineering choices, not MPLADS rules or final decisions."
W-001768,COMPLETION,93.25714285714285,93.3,100.0,-6.742857142857147,6.742857142857147,-6.700000000000003,0.04285714285714448,-6.700000000000003,68.9,31.639999999999997,4,3,0,3,5,25.0,False,True,False,False,"Signed reconciliation and persistence evidence for review; heuristic bands are engineering choices, not MPLADS rules or final decisions."
W-001769,COMPLETION,100.45368620037807,100.5,100.0,0.4536862003780726,0.4536862003780726,0.5,0.04631379962192739,0.5,65.2,20.4125,6,3,0,3,8,25.0,False,True,False,False,"Signed reconciliation and persistence evidence for review; heuristic bands are engineering choices, not MPLADS rules or final decisions."
W-001770,COMPLETION,105.09276100400146,105.1,100.0,5.09276100400146,5.09276100400146,5.099999999999994,0.007238995998534392,5.099999999999994,37.8,8.842857142857142,5,2,0,2,7,25.0,False,True,False,False,"Signed reconciliation and persistence evidence for review; heuristic bands are engineering choices, not MPLADS rules or final decisions."
W-001771,COMPLETION,101.24740124740124,101.2,100.0,1.2474012474012426,1.2474012474012426,1.2000000000000028,-0.04740124740123974,1.2000000000000028,48.7,17.1,7,2,0,2,8,25.0,False,True,False,False,"Signed reconciliation and persistence evidence for review; heuristic bands are engineering choices, not MPLADS rules or final decisions."
W-001772,COMPLETION,97.57664233576642,97.6,100.0,-2.4233576642335777,2.4233576642335777,-2.4000000000000057,0.023357664233571995,-2.4000000000000057,66.5,28.08571428571428,5,4,0,4,7,25.0,False,True,False,False,"Signed reconciliation and persistence evidence for review; heuristic bands are engineering choices, not MPLADS rules or final decisions."
W-001773,COMPLETION,105.73318632855568,105.7,100.0,5.733186328555675,5.733186328555675,5.700000000000003,-0.03318632855567216,5.700000000000003,55.2,34.775000000000006,4,3,0,3,4,25.0,False,True,False,False,"Signed reconciliation and persistence evidence for review; heuristic bands are engineering choices, not MPLADS rules or final decisions."
W-001774,COMPLETION,105.50023707918444,105.5,100.0,5.500237079184444,5.500237079184444,5.5,-0.00023707918444415554,5.5,10.599999999999994,1.1749999999999987,4,0,0,0,8,25.0,False,False,False,False,"Signed reconciliation and persistence evidence for review; heuristic bands are engineering choices, not MPLADS rules or final decisions."
W-001775,COMPLETION,106.65896843725943,106.7,100.0,6.658968437259432,6.658968437259432,6.700000000000003,0.04103156274057085,6.700000000000003,64.0,34.7875,8,4,0,4,8,25.0,False,True,False,False,"Signed reconciliation and persistence evidence for review; heuristic bands are engineering choices, not MPLADS rules or final decisions."
W-001776,COMPLETION,104.2023346303502,104.2,100.0,4.202334630350194,4.202334630350194,4.200000000000003,-0.0023346303501909915,4.200000000000003,28.400000000000006,14.850000000000003,7,2,0,2,8,25.0,False,True,False,False,"Signed reconciliation and persistence evidence for review; heuristic bands are engineering choices, not MPLADS rules or final decisions."
W-001777,COMPLETION,162.70514997170346,162.7,100.0,62.70514997170346,62.70514997170346,62.69999999999999,-0.005149971703474421,62.69999999999999,99.6,42.75,5,3,3,3,6,25.0,True,True,False,False,"Signed reconciliation and persistence evidence for review; heuristic bands are engineering choices, not MPLADS rules or final decisions."
W-001778,COMPLETION,97.63313609467455,97.6,100.0,-2.366863905325445,2.366863905325445,-2.4000000000000057,-0.03313609467456047,-2.4000000000000057,64.5,32.26666666666666,2,2,0,2,3,25.0,False,True,False,False,"Signed reconciliation and persistence evidence for review; heuristic bands are engineering choices, not MPLADS rules or final decisions."
W-001779,COMPLETION,103.73731980779498,103.7,100.0,3.737319807794975,3.737319807794975,3.700000000000003,-0.03731980779497235,3.700000000000003,15.600000000000009,-6.724999999999998,3,0,0,0,8,25.0,False,False,False,False,"Signed reconciliation and persistence evidence for review; heuristic bands are engineering choices, not MPLADS rules or final decisions."
W-001780,COMPLETION,98.84575026232949,98.8,100.0,-1.1542497376705114,1.1542497376705114,-1.2000000000000028,-0.04575026232949142,-1.2000000000000028,41.699999999999996,19.849999999999998,3,1,0,1,4,25.0,False,False,False,False,"Signed reconciliation and persistence evidence for review; heuristic bands are engineering choices, not MPLADS rules or final decisions."
W-001781,COMPLETION,95.4778156996587,95.5,100.0,-4.522184300341294,4.522184300341294,-4.5,0.02218430034129426,-4.5,56.5,29.814285714285713,6,5,0,5,7,25.0,False,True,False,False,"Signed reconciliation and persistence evidence for review; heuristic bands are engineering choices, not MPLADS rules or final decisions."
W-001783,COMPLETION,105.11756569847856,105.1,100.0,5.117565698478558,5.117565698478558,5.099999999999994,-0.017565698478563263,5.099999999999994,71.0,39.21666666666666,6,4,0,4,6,25.0,False,True,False,False,"Signed reconciliation and persistence evidence for review; heuristic bands are engineering choices, not MPLADS rules or final decisions."
W-001784,COMPLETION,104.99637943519188,105.0,100.0,4.9963794351918835,4.9963794351918835,5.0,0.0036205648081164554,5.0,82.2,42.4,5,3,0,3,5,25.0,False,True,False,False,"Signed reconciliation and persistence evidence for review; heuristic bands are engineering choices, not MPLADS rules or final decisions."
W-001785,COMPLETION,105.01392757660167,105.0,100.0,5.013927576601674,5.013927576601674,5.0,-0.013927576601673763,5.0,55.8,24.849999999999998,4,2,0,2,4,25.0,False,True,False,False,"Signed reconciliation and persistence evidence for review; heuristic bands are engineering choices, not MPLADS rules or final decisions."
W-001786,EXECUTION,85.94664931685101,85.9,80.3,5.646649316851011,5.646649316851011,5.6000000000000085,-0.04664931685100271,5.6000000000000085,46.300000000000004,15.225000000000005,3,2,0,2,4,25.0,False,True,False,False,"Signed reconciliation and persistence evidence for review; heuristic bands are engineering choices, not MPLADS rules or final decisions."
W-001787,EXECUTION,96.66666666666667,96.7,89.9,6.766666666666666,6.766666666666666,6.799999999999997,0.03333333333333144,6.799999999999997,24.699999999999996,8.639999999999999,3,0,0,0,5,25.0,False,False,False,False,"Signed reconciliation and persistence evidence for review; heuristic bands are engineering choices, not MPLADS rules or final decisions."
W-001788,COMPLETION,101.27388535031847,101.3,100.0,1.2738853503184657,1.2738853503184657,1.2999999999999972,0.026114649681531432,1.2999999999999972,76.19999999999999,37.8,7,5,0,5,7,25.0,False,True,False,False,"Signed reconciliation and persistence evidence for review; heuristic bands are engineering choices, not MPLADS rules or final decisions."
W-001789,COMPLETION,97.632058287796,97.6,100.0,-2.3679417122040007,2.3679417122040007,-2.4000000000000057,-0.03205828779600495,-2.4000000000000057,26.799999999999997,2.071428571428567,4,1,0,1,7,25.0,False,False,False,False,"Signed reconciliation and persistence evidence for review; heuristic bands are engineering choices, not MPLADS rules or final decisions."
W-001790,COMPLETION,95.86631486367634,95.9,100.0,-4.133685136323663,4.133685136323663,-4.099999999999994,0.033685136323668985,-4.099999999999994,49.60000000000001,25.325000000000006,7,4,0,4,8,25.0,False,True,False,False,"Signed reconciliation and persistence evidence for review; heuristic bands are engineering choices, not MPLADS rules or final decisions."
W-001791,EXECUTION,33.43065693430657,33.4,33.9,-0.46934306569342965,0.46934306569342965,-0.5,-0.03065693430657035,-0.5,0.0,-7.3875,0,0,0,0,8,25.0,False,False,False,False,"Signed reconciliation and persistence evidence for review; heuristic bands are engineering choices, not MPLADS rules or final decisions."
W-001792,EXECUTION,63.44125136413241,63.4,61.1,2.341251364132411,2.341251364132411,2.299999999999997,-0.041251364132413926,2.299999999999997,50.0,20.5,7,3,0,3,8,25.0,False,True,False,False,"Signed reconciliation and persistence evidence for review; heuristic bands are engineering choices, not MPLADS rules or final decisions."
W-001794,COMPLETION,106.14734866259973,106.1,100.0,6.147348662599725,6.147348662599725,6.099999999999994,-0.04734866259973103,6.099999999999994,82.3,43.224999999999994,4,3,0,3,4,25.0,False,True,False,False,"Signed reconciliation and persistence evidence for review; heuristic bands are engineering choices, not MPLADS rules or final decisions."
W-001795,EXECUTION,22.36731255265375,22.4,23.7,-1.3326874473462489,1.3326874473462489,-1.3000000000000007,0.03268744734624818,-1.3000000000000007,-1.3000000000000007,-7.05,0,0,0,0,6,25.0,False,False,False,False,"Signed reconciliation and persistence evidence for review; heuristic bands are engineering choices, not MPLADS rules or final decisions."
W-001796,COMPLETION,104.08878504672897,104.1,100.0,4.088785046728972,4.088785046728972,4.099999999999994,0.011214953271021955,4.099999999999994,89.1,45.583333333333336,6,4,0,4,6,25.0,False,True,False,False,"Signed reconciliation and persistence evidence for review; heuristic bands are engineering choices, not MPLADS rules or final decisions."
W-001797,COMPLETION,91.75334323922733,91.8,100.0,-8.246656760772666,8.246656760772666,-8.200000000000003,0.04665676077266312,-8.200000000000003,76.2,31.779999999999994,4,3,0,3,5,25.0,False,True,False,False,"Signed reconciliation and persistence evidence for review; heuristic bands are engineering choices, not MPLADS rules or final decisions."
W-001798,EXECUTION,88.46153846153847,88.5,94.9,-6.438461538461539,6.438461538461539,-6.400000000000006,0.038461538461532996,-6.400000000000006,23.200000000000003,13.1,2,0,0,0,3,25.0,False,False,False,False,"Signed reconciliation and persistence evidence for review; heuristic bands are engineering choices, not MPLADS rules or final decisions."
W-001799,COMPLETION,98.7535953978907,98.8,100.0,-1.246404602109294,1.246404602109294,-1.2000000000000028,0.046404602109291204,-1.2000000000000028,-1.2000000000000028,-11.925,0,0,0,0,4,25.0,False,False,False,False,"Signed reconciliation and persistence evidence for review; heuristic bands are engineering choices, not MPLADS rules or final decisions."
W-001800,COMPLETION,101.12219451371571,101.1,100.0,1.122194513715712,1.122194513715712,1.0999999999999943,-0.02219451371571779,1.0999999999999943,55.49999999999999,28.64999999999999,4,2,0,2,4,25.0,False,True,False,False,"Signed reconciliation and persistence evidence for review; heuristic bands are engineering choices, not MPLADS rules or final decisions."
W-001801,COMPLETION,95.70119802677942,95.7,100.0,-4.298801973220577,4.298801973220577,-4.299999999999997,-0.0011980267794200472,-4.299999999999997,67.2,27.55,6,4,0,4,8,25.0,False,True,False,False,"Signed reconciliation and persistence evidence for review; heuristic bands are engineering choices, not MPLADS rules or final decisions."
W-001803,COMPLETION,104.65434633812457,104.7,100.0,4.654346338124569,4.654346338124569,4.700000000000003,0.04565366187543418,4.700000000000003,23.700000000000003,-10.016666666666664,2,0,0,0,6,25.0,False,False,False,False,"Signed reconciliation and persistence evidence for review; heuristic bands are engineering choices, not MPLADS rules or final decisions."
W-001804,COMPLETION,105.04347826086956,105.0,100.0,5.043478260869563,5.043478260869563,5.0,-0.043478260869562746,5.0,40.7,13.799999999999999,2,1,0,1,3,25.0,False,False,False,False,"Signed reconciliation and persistence evidence for review; heuristic bands are engineering choices, not MPLADS rules or final decisions."
W-001806,EXECUTION,48.94179894179894,48.9,50.4,-1.4582010582010554,1.4582010582010554,-1.5,-0.04179894179894461,-1.5,20.4,0.7999999999999995,1,0,0,0,3,25.0,False,False,False,False,"Signed reconciliation and persistence evidence for review; heuristic bands are engineering choices, not MPLADS rules or final decisions."
W-001808,COMPLETION,100.0,100.0,100.0,0.0,0.0,0.0,0.0,0.0,39.2,11.66,3,1,0,1,5,25.0,False,False,False,False,"Signed reconciliation and persistence evidence for review; heuristic bands are engineering choices, not MPLADS rules or final decisions."
W-001809,COMPLETION,105.96718050721034,106.0,100.0,5.967180507210344,5.967180507210344,6.0,0.032819492789656124,6.0,64.5,38.36,5,3,0,3,5,25.0,False,True,False,False,"Signed reconciliation and persistence evidence for review; heuristic bands are engineering choices, not MPLADS rules or final decisions."
W-001810,EXECUTION,63.648960739030024,63.6,59.8,3.8489607390300264,3.8489607390300264,3.8000000000000043,-0.04896073903002218,3.8000000000000043,3.8000000000000043,-23.939999999999998,1,0,0,0,5,25.0,False,False,False,False,"Signed reconciliation and persistence evidence for review; heuristic bands are engineering choices, not MPLADS rules or final decisions."
W-001811,EXECUTION,86.48648648648648,86.5,90.0,-3.513513513513516,3.513513513513516,-3.5,0.013513513513515818,-3.5,46.3,24.04,4,3,0,3,5,25.0,False,True,False,False,"Signed reconciliation and persistence evidence for review; heuristic bands are engineering choices, not MPLADS rules or final decisions."
W-001812,COMPLETION,101.0064043915828,101.0,100.0,1.0064043915828051,1.0064043915828051,1.0,-0.006404391582805147,1.0,49.3,25.875,4,2,0,2,4,25.0,False,True,False,False,"Signed reconciliation and persistence evidence for review; heuristic bands are engineering choices, not MPLADS rules or final decisions."
W-001813,COMPLETION,93.32591768631814,93.3,100.0,-6.674082313681865,6.674082313681865,-6.700000000000003,-0.025917686318138067,-6.700000000000003,51.0,11.124999999999998,2,1,0,1,4,25.0,False,False,False,False,"Signed reconciliation and persistence evidence for review; heuristic bands are engineering choices, not MPLADS rules or final decisions."
W-001814,COMPLETION,105.73865839472664,105.7,100.0,5.738658394726642,5.738658394726642,5.700000000000003,-0.03865839472663879,5.700000000000003,78.2,43.833333333333336,6,4,0,4,6,25.0,False,True,False,False,"Signed reconciliation and persistence evidence for review; heuristic bands are engineering choices, not MPLADS rules or final decisions."
W-001815,COMPLETION,104.32276657060518,104.3,100.0,4.322766570605182,4.322766570605182,4.299999999999997,-0.022766570605185166,4.299999999999997,80.0,42.8,5,3,0,3,5,25.0,False,True,False,False,"Signed reconciliation and persistence evidence for review; heuristic bands are engineering choices, not MPLADS rules or final decisions."
W-001816,COMPLETION,103.87434554973822,103.9,100.0,3.874345549738223,3.874345549738223,3.9000000000000057,0.025654450261782813,3.9000000000000057,40.10000000000001,19.433333333333337,3,1,0,1,3,25.0,False,False,False,False,"Signed reconciliation and persistence evidence for review; heuristic bands are engineering choices, not MPLADS rules or final decisions."
W-001817,COMPLETION,104.34527304756313,104.3,100.0,4.345273047563126,4.345273047563126,4.299999999999997,-0.045273047563128443,4.299999999999997,78.8,43.075,4,3,0,3,4,25.0,False,True,False,False,"Signed reconciliation and persistence evidence for review; heuristic bands are engineering choices, not MPLADS rules or final decisions."
W-001818,COMPLETION,100.41152263374485,100.4,100.0,0.4115226337448519,0.4115226337448519,0.4000000000000057,-0.011522633744846189,0.4000000000000057,24.900000000000006,1.8500000000000014,2,0,0,0,4,25.0,False,False,False,False,"Signed reconciliation and persistence evidence for review; heuristic bands are engineering choices, not MPLADS rules or final decisions."
W-001819,COMPLETION,104.58175704077344,104.6,100.0,4.581757040773439,4.581757040773439,4.599999999999994,0.018242959226554945,4.599999999999994,49.599999999999994,29.574999999999996,4,3,0,3,4,25.0,False,True,False,False,"Signed reconciliation and persistence evidence for review; heuristic bands are engineering choices, not MPLADS rules or final decisions."
W-001820,COMPLETION,91.93989071038251,91.9,100.0,-8.060109289617486,8.060109289617486,-8.099999999999994,-0.03989071038250813,-8.099999999999994,26.80000000000001,3.6833333333333367,3,1,0,1,6,25.0,False,False,False,False,"Signed reconciliation and persistence evidence for review; heuristic bands are engineering choices, not MPLADS rules or final decisions."
W-001821,EXECUTION,62.30841413825461,62.3,68.0,-5.691585861745388,5.691585861745388,-5.700000000000003,-0.008414138254615011,-5.700000000000003,39.1,17.974999999999998,7,3,0,2,8,25.0,False,True,False,False,"Signed reconciliation and persistence evidence for review; heuristic bands are engineering choices, not MPLADS rules or final decisions."
W-001822,COMPLETION,92.28381374722838,92.3,100.0,-7.716186252771621,7.716186252771621,-7.700000000000003,0.016186252771618115,-7.700000000000003,62.4,27.95,3,2,0,2,4,25.0,False,True,False,False,"Signed reconciliation and persistence evidence for review; heuristic bands are engineering choices, not MPLADS rules or final decisions."
W-001823,EXECUTION,32.79220779220779,32.8,32.7,0.09220779220778752,0.09220779220778752,0.09999999999999432,0.007792207792206796,0.09999999999999432,18.9,10.599999999999996,4,0,0,0,4,25.0,False,False,False,False,"Signed reconciliation and persistence evidence for review; heuristic bands are engineering choices, not MPLADS rules or final decisions."
W-001824,COMPLETION,100.88329764453961,100.9,100.0,0.8832976445396099,0.8832976445396099,0.9000000000000057,0.01670235546039578,0.9000000000000057,40.900000000000006,16.450000000000003,4,1,0,1,4,25.0,False,False,False,False,"Signed reconciliation and persistence evidence for review; heuristic bands are engineering choices, not MPLADS rules or final decisions."
W-001825,COMPLETION,105.01012145748987,105.0,100.0,5.010121457489873,5.010121457489873,5.0,-0.010121457489873364,5.0,62.5,26.816666666666666,5,3,0,3,6,25.0,False,True,False,False,"Signed reconciliation and persistence evidence for review; heuristic bands are engineering choices, not MPLADS rules or final decisions."
W-001826,COMPLETION,99.37823834196891,99.4,100.0,-0.6217616580310903,0.6217616580310903,-0.5999999999999943,0.021761658031095976,-0.5999999999999943,76.7,31.900000000000006,6,4,0,4,8,25.0,False,True,False,False,"Signed reconciliation and persistence evidence for review; heuristic bands are engineering choices, not MPLADS rules or final decisions."
W-001828,COMPLETION,96.10876699484294,96.1,100.0,-3.891233005157062,3.891233005157062,-3.9000000000000057,-0.008766994842943632,-3.9000000000000057,41.99999999999999,20.549999999999994,3,2,0,2,4,25.0,False,True,False,False,"Signed reconciliation and persistence evidence for review; heuristic bands are engineering choices, not MPLADS rules or final decisions."
W-001831,COMPLETION,107.71084337349397,107.7,100.0,7.710843373493972,7.710843373493972,7.700000000000003,-0.010843373493969466,7.700000000000003,37.8,26.200000000000003,4,2,0,2,4,25.0,False,True,False,False,"Signed reconciliation and persistence evidence for review; heuristic bands are engineering choices, not MPLADS rules or final decisions."
W-001832,EXECUTION,76.53880463871543,76.5,71.3,5.238804638715436,5.238804638715436,5.200000000000003,-0.03880463871543327,5.200000000000003,5.200000000000003,-19.716666666666665,1,0,0,0,6,25.0,False,False,False,False,"Signed reconciliation and persistence evidence for review; heuristic bands are engineering choices, not MPLADS rules or final decisions."
W-001833,COMPLETION,101.0850942318675,101.1,100.0,1.085094231867501,1.085094231867501,1.0999999999999943,0.014905768132493336,1.0999999999999943,38.39999999999999,25.787499999999998,8,5,0,3,8,25.0,False,True,False,False,"Signed reconciliation and persistence evidence for review; heuristic bands are engineering choices, not MPLADS rules or final decisions."
W-001834,COMPLETION,95.38807649043869,95.4,100.0,-4.611923509561308,4.611923509561308,-4.599999999999994,0.011923509561313494,-4.599999999999994,60.50000000000001,27.7625,7,4,0,4,8,25.0,False,True,False,False,"Signed reconciliation and persistence evidence for review; heuristic bands are engineering choices, not MPLADS rules or final decisions."
W-001835,COMPLETION,95.77647823261859,95.8,100.0,-4.223521767381413,4.223521767381413,-4.200000000000003,0.02352176738141054,-4.200000000000003,60.5,24.0125,6,4,0,4,8,25.0,False,True,False,False,"Signed reconciliation and persistence evidence for review; heuristic bands are engineering choices, not MPLADS rules or final decisions."
W-001836,COMPLETION,99.92805755395683,99.9,100.0,-0.0719424460431668,0.0719424460431668,-0.09999999999999432,-0.02805755395682752,-0.09999999999999432,47.10000000000001,26.175000000000008,3,2,0,2,4,25.0,False,True,False,False,"Signed reconciliation and persistence evidence for review; heuristic bands are engineering choices, not MPLADS rules or final decisions."
W-001837,COMPLETION,98.13664596273291,98.1,100.0,-1.8633540372670865,1.8633540372670865,-1.9000000000000057,-0.0366459627329192,-1.9000000000000057,74.39999999999999,30.099999999999994,6,4,0,4,8,25.0,False,True,False,False,"Signed reconciliation and persistence evidence for review; heuristic bands are engineering choices, not MPLADS rules or final decisions."
W-001838,COMPLETION,107.5069142631371,107.5,100.0,7.506914263137105,7.506914263137105,7.5,-0.006914263137105081,7.5,78.2,40.2,3,2,0,2,3,25.0,False,True,False,False,"Signed reconciliation and persistence evidence for review; heuristic bands are engineering choices, not MPLADS rules or final decisions."
W-001839,EXECUTION,92.15469613259668,92.2,91.0,1.1546961325966834,1.1546961325966834,1.2000000000000028,0.04530386740331949,1.2000000000000028,57.2,32.279999999999994,5,3,0,3,5,25.0,False,True,False,False,"Signed reconciliation and persistence evidence for review; heuristic bands are engineering choices, not MPLADS rules or final decisions."
W-001840,COMPLETION,89.9581589958159,90.0,100.0,-10.041841004184107,10.041841004184107,-10.0,0.04184100418410708,-10.0,41.900000000000006,23.32,4,3,0,3,5,25.0,False,True,False,False,"Signed reconciliation and persistence evidence for review; heuristic bands are engineering choices, not MPLADS rules or final decisions."
W-001841,EXECUTION,79.38526762056173,79.4,82.9,-3.5147323794382714,3.5147323794382714,-3.5,0.014732379438271437,-3.5,4.199999999999999,-9.1,1,0,0,0,3,25.0,False,False,False,False,"Signed reconciliation and persistence evidence for review; heuristic bands are engineering choices, not MPLADS rules or final decisions."
W-001842,COMPLETION,103.06854738926009,103.1,100.0,3.0685473892600896,3.0685473892600896,3.0999999999999943,0.031452610739904685,3.0999999999999943,79.0,41.14999999999999,4,3,0,3,4,25.0,False,True,False,False,"Signed reconciliation and persistence evidence for review; heuristic bands are engineering choices, not MPLADS rules or final decisions."
W-001843,EXECUTION,68.31447290053603,68.3,66.7,1.614472900536029,1.614472900536029,1.5999999999999943,-0.014472900536034672,1.5999999999999943,1.5999999999999943,-23.225,1,0,0,0,4,25.0,False,False,False,False,"Signed reconciliation and persistence evidence for review; heuristic bands are engineering choices, not MPLADS rules or final decisions."
W-001845,COMPLETION,96.53437674678591,96.5,100.0,-3.4656232532140905,3.4656232532140905,-3.5,-0.03437674678590952,-3.5,61.9,21.25,4,3,0,3,6,25.0,False,True,False,False,"Signed reconciliation and persistence evidence for review; heuristic bands are engineering choices, not MPLADS rules or final decisions."
W-001846,COMPLETION,91.23055162659124,91.2,100.0,-8.769448373408764,8.769448373408764,-8.799999999999997,-0.030551626591233116,-8.799999999999997,50.599999999999994,20.333333333333336,5,3,0,3,6,25.0,False,True,False,False,"Signed reconciliation and persistence evidence for review; heuristic bands are engineering choices, not MPLADS rules or final decisions."
W-001847,COMPLETION,103.91644908616188,103.9,100.0,3.916449086161876,3.916449086161876,3.9000000000000057,-0.01644908616187024,3.9000000000000057,46.300000000000004,33.300000000000004,4,3,0,3,4,25.0,False,True,False,False,"Signed reconciliation and persistence evidence for review; heuristic bands are engineering choices, not MPLADS rules or final decisions."
W-001850,EXECUTION,91.34891348913489,91.3,88.7,2.648913489134884,2.648913489134884,2.5999999999999943,-0.04891348913488969,2.5999999999999943,68.6,34.3625,8,5,0,5,8,25.0,False,True,False,False,"Signed reconciliation and persistence evidence for review; heuristic bands are engineering choices, not MPLADS rules or final decisions."
W-001851,COMPLETION,88.90134529147981,88.9,100.0,-11.098654708520186,11.098654708520186,-11.099999999999994,-0.0013452914798079973,-11.099999999999994,44.10000000000001,17.91666666666667,5,2,0,2,6,25.0,False,True,False,False,"Signed reconciliation and persistence evidence for review; heuristic bands are engineering choices, not MPLADS rules or final decisions."
W-001852,COMPLETION,97.49023982152816,97.5,100.0,-2.5097601784718364,2.5097601784718364,-2.5,0.009760178471836412,-2.5,46.6,11.625,2,2,0,2,4,25.0,False,True,False,False,"Signed reconciliation and persistence evidence for review; heuristic bands are engineering choices, not MPLADS rules or final decisions."
W-001853,COMPLETION,103.35088559119195,103.4,100.0,3.350885591191954,3.350885591191954,3.4000000000000057,0.049114408808051735,3.4000000000000057,73.80000000000001,39.47142857142858,7,5,0,5,7,25.0,False,True,False,False,"Signed reconciliation and persistence evidence for review; heuristic bands are engineering choices, not MPLADS rules or final decisions."
W-001854,COMPLETION,104.97592295345105,105.0,100.0,4.975922953451047,4.975922953451047,5.0,0.024077046548953263,5.0,72.2,39.5,3,2,0,2,3,25.0,False,True,False,False,"Signed reconciliation and persistence evidence for review; heuristic bands are engineering choices, not MPLADS rules or final decisions."
W-001855,COMPLETION,102.32828870779977,102.3,100.0,2.3282887077997714,2.3282887077997714,2.299999999999997,-0.028288707799774215,2.299999999999997,48.099999999999994,23.685714285714287,6,4,0,4,7,25.0,False,True,False,False,"Signed reconciliation and persistence evidence for review; heuristic bands are engineering choices, not MPLADS rules or final decisions."
W-001856,EXECUTION,97.43178170144462,97.4,91.5,5.931781701444621,5.931781701444621,5.900000000000006,-0.031781701444614896,5.900000000000006,41.400000000000006,21.780000000000005,5,2,0,2,5,25.0,False,True,False,False,"Signed reconciliation and persistence evidence for review; heuristic bands are engineering choices, not MPLADS rules or final decisions."
W-001857,COMPLETION,100.1417434443657,100.1,100.0,0.14174344436570152,0.14174344436570152,0.09999999999999432,-0.041743444365707205,0.09999999999999432,74.8,40.42499999999999,4,3,0,3,4,25.0,False,True,False,False,"Signed reconciliation and persistence evidence for review; heuristic bands are engineering choices, not MPLADS rules or final decisions."
W-001858,EXECUTION,55.37190082644628,55.4,59.1,-3.728099173553723,3.728099173553723,-3.700000000000003,0.028099173553719936,-3.700000000000003,-3.700000000000003,-14.866666666666667,0,0,0,0,6,25.0,False,False,False,False,"Signed reconciliation and persistence evidence for review; heuristic bands are engineering choices, not MPLADS rules or final decisions."
W-001860,COMPLETION,91.41557703240477,91.4,100.0,-8.58442296759523,8.58442296759523,-8.599999999999994,-0.015577032404763713,-8.599999999999994,39.10000000000001,20.000000000000007,3,2,0,2,4,25.0,False,True,False,False,"Signed reconciliation and persistence evidence for review; heuristic bands are engineering choices, not MPLADS rules or final decisions."
W-001861,COMPLETION,105.02183406113537,105.0,100.0,5.021834061135365,5.021834061135365,5.0,-0.021834061135365346,5.0,94.9,47.88333333333333,6,4,0,4,6,25.0,False,True,False,False,"Signed reconciliation and persistence evidence for review; heuristic bands are engineering choices, not MPLADS rules or final decisions."
W-001862,COMPLETION,95.5965909090909,95.6,100.0,-4.4034090909090935,4.4034090909090935,-4.400000000000006,0.0034090909090878085,-4.400000000000006,46.39999999999999,6.466666666666662,3,2,0,2,6,25.0,False,True,False,False,"Signed reconciliation and persistence evidence for review; heuristic bands are engineering choices, not MPLADS rules or final decisions."
W-001863,COMPLETION,89.13922588099365,89.1,100.0,-10.86077411900635,10.86077411900635,-10.900000000000006,-0.03922588099365498,-10.900000000000006,38.39999999999999,11.962499999999997,5,3,0,3,8,25.0,False,True,False,False,"Signed reconciliation and persistence evidence for review; heuristic bands are engineering choices, not MPLADS rules or final decisions."
W-001864,COMPLETION,100.0,100.0,100.0,0.0,0.0,0.0,0.0,0.0,11.099999999999994,-8.9,2,0,0,0,8,25.0,False,False,False,False,"Signed reconciliation and persistence evidence for review; heuristic bands are engineering choices, not MPLADS rules or final decisions."
W-001865,COMPLETION,97.15971966064183,97.2,100.0,-2.8402803393581735,2.8402803393581735,-2.799999999999997,0.04028033935817632,-2.799999999999997,23.10000000000001,3.460000000000003,2,0,0,0,5,25.0,False,False,False,False,"Signed reconciliation and persistence evidence for review; heuristic bands are engineering choices, not MPLADS rules or final decisions."
W-001866,COMPLETION,107.4108818011257,107.4,100.0,7.410881801125697,7.410881801125697,7.400000000000006,-0.010881801125691482,7.400000000000006,78.5,44.45,4,3,0,3,4,25.0,False,True,False,False,"Signed reconciliation and persistence evidence for review; heuristic bands are engineering choices, not MPLADS rules or final decisions."
W-001867,EXECUTION,66.49076517150395,66.5,64.8,1.6907651715039549,1.6907651715039549,1.7000000000000028,0.009234828496047953,1.7000000000000028,1.7000000000000028,-10.16,1,0,0,0,5,25.0,False,False,False,False,"Signed reconciliation and persistence evidence for review; heuristic bands are engineering choices, not MPLADS rules or final decisions."
W-001868,COMPLETION,96.42236887808266,96.4,100.0,-3.577631121917335,3.577631121917335,-3.5999999999999943,-0.022368878082659194,-3.5999999999999943,9.300000000000011,-26.13333333333333,1,0,0,0,6,25.0,False,False,False,False,"Signed reconciliation and persistence evidence for review; heuristic bands are engineering choices, not MPLADS rules or final decisions."
W-001869,COMPLETION,101.24244459368704,101.2,100.0,1.2424445936870399,1.2424445936870399,1.2000000000000028,-0.04244459368703701,1.2000000000000028,72.30000000000001,37.98333333333334,6,4,0,4,6,25.0,False,True,False,False,"Signed reconciliation and persistence evidence for review; heuristic bands are engineering choices, not MPLADS rules or final decisions."
W-001870,COMPLETION,98.00664451827242,98.0,100.0,-1.9933554817275763,1.9933554817275763,-2.0,-0.006644518272423738,-2.0,59.2,18.0625,5,4,0,4,8,25.0,False,True,False,False,"Signed reconciliation and persistence evidence for review; heuristic bands are engineering choices, not MPLADS rules or final decisions."
W-001871,EXECUTION,0.0,0.0,0.0,0.0,0.0,0.0,0.0,0.0,0.0,0.0,0,0,0,0,1,25.0,False,False,False,False,"Signed reconciliation and persistence evidence for review; heuristic bands are engineering choices, not MPLADS rules or final decisions."
W-001872,EXECUTION,145.4115421002838,145.4,25.8,119.61154210028381,119.61154210028381,119.60000000000001,-0.011542100283804757,119.60000000000001,119.60000000000001,66.17500000000001,3,3,3,3,4,25.0,True,True,False,False,"Signed reconciliation and persistence evidence for review; heuristic bands are engineering choices, not MPLADS rules or final decisions."
W-001873,COMPLETION,102.94802172226532,102.9,100.0,2.9480217222653238,2.9480217222653238,2.9000000000000057,-0.04802172226531809,2.9000000000000057,41.599999999999994,27.160000000000004,5,3,0,3,5,25.0,False,True,False,False,"Signed reconciliation and persistence evidence for review; heuristic bands are engineering choices, not MPLADS rules or final decisions."
W-001874,COMPLETION,104.96719775070291,105.0,100.0,4.967197750702908,4.967197750702908,5.0,0.032802249297091635,5.0,80.0,41.375,8,6,0,6,8,25.0,False,True,False,False,"Signed reconciliation and persistence evidence for review; heuristic bands are engineering choices, not MPLADS rules or final decisions."
W-001875,COMPLETION,94.64651639344262,94.6,100.0,-5.353483606557376,5.353483606557376,-5.400000000000006,-0.04651639344263003,-5.400000000000006,26.4,8.08,3,1,0,1,5,25.0,False,False,False,False,"Signed reconciliation and persistence evidence for review; heuristic bands are engineering choices, not MPLADS rules or final decisions."
W-001876,COMPLETION,105.71640682999258,105.7,100.0,5.716406829992579,5.716406829992579,5.700000000000003,-0.016406829992575922,5.700000000000003,32.7,16.775,4,1,0,1,4,25.0,False,False,False,False,"Signed reconciliation and persistence evidence for review; heuristic bands are engineering choices, not MPLADS rules or final decisions."
W-001877,EXECUTION,92.13320463320463,92.1,94.7,-2.5667953667953753,2.5667953667953753,-2.6000000000000085,-0.03320463320463318,-2.6000000000000085,-2.6000000000000085,-18.800000000000004,0,0,0,0,7,25.0,False,False,False,False,"Signed reconciliation and persistence evidence for review; heuristic bands are engineering choices, not MPLADS rules or final decisions."
W-001878,COMPLETION,98.29835507657403,98.3,100.0,-1.7016449234259738,1.7016449234259738,-1.7000000000000028,0.001644923425971001,-1.7000000000000028,23.799999999999997,11.366666666666665,2,0,0,0,3,25.0,False,False,False,False,"Signed reconciliation and persistence evidence for review; heuristic bands are engineering choices, not MPLADS rules or final decisions."
W-001880,EXECUTION,96.17283950617283,96.2,90.6,5.572839506172841,5.572839506172841,5.6000000000000085,0.027160493827167898,5.6000000000000085,76.30000000000001,39.375,4,3,0,3,4,25.0,False,True,False,False,"Signed reconciliation and persistence evidence for review; heuristic bands are engineering choices, not MPLADS rules or final decisions."
W-001881,EXECUTION,15.899581589958158,15.9,17.4,-1.5004184100418403,1.5004184100418403,-1.4999999999999982,0.00041841004184206554,-1.4999999999999982,7.9,3.133333333333334,2,0,0,0,3,25.0,False,False,False,False,"Signed reconciliation and persistence evidence for review; heuristic bands are engineering choices, not MPLADS rules or final decisions."
W-001883,COMPLETION,104.49640287769785,104.5,100.0,4.496402877697847,4.496402877697847,4.5,0.003597122302153366,4.5,82.7,44.1,5,4,0,4,5,25.0,False,True,False,False,"Signed reconciliation and persistence evidence for review; heuristic bands are engineering choices, not MPLADS rules or final decisions."
W-001884,COMPLETION,96.16858237547893,96.2,100.0,-3.831417624521066,3.831417624521066,-3.799999999999997,0.03141762452106889,-3.799999999999997,46.400000000000006,22.125000000000004,3,2,0,2,4,25.0,False,True,False,False,"Signed reconciliation and persistence evidence for review; heuristic bands are engineering choices, not MPLADS rules or final decisions."
W-001885,COMPLETION,96.83257918552036,96.8,100.0,-3.167420814479641,3.167420814479641,-3.200000000000003,-0.032579185520361875,-3.200000000000003,74.8,36.275,7,5,0,5,8,25.0,False,True,False,False,"Signed reconciliation and persistence evidence for review; heuristic bands are engineering choices, not MPLADS rules or final decisions."
W-001886,COMPLETION,95.64220183486239,95.6,100.0,-4.357798165137609,4.357798165137609,-4.400000000000006,-0.04220183486239648,-4.400000000000006,70.5,31.728571428571424,6,4,0,4,7,25.0,False,True,False,False,"Signed reconciliation and persistence evidence for review; heuristic bands are engineering choices, not MPLADS rules or final decisions."
W-001887,COMPLETION,97.54581151832461,97.5,100.0,-2.454188481675388,2.454188481675388,-2.5,-0.045811518324612166,-2.5,71.3,35.383333333333326,5,4,0,4,6,25.0,False,True,False,False,"Signed reconciliation and persistence evidence for review; heuristic bands are engineering choices, not MPLADS rules or final decisions."
W-001888,COMPLETION,94.08009286128845,94.1,100.0,-5.919907138711551,5.919907138711551,-5.900000000000006,0.019907138711545258,-5.900000000000006,81.39999999999999,37.199999999999996,5,4,0,4,6,25.0,False,True,False,False,"Signed reconciliation and persistence evidence for review; heuristic bands are engineering choices, not MPLADS rules or final decisions."
W-001889,COMPLETION,99.8502994011976,99.9,100.0,-0.14970059880239717,0.14970059880239717,-0.09999999999999432,0.04970059880240285,-0.09999999999999432,39.900000000000006,13.957142857142859,4,3,0,3,7,25.0,False,True,False,False,"Signed reconciliation and persistence evidence for review; heuristic bands are engineering choices, not MPLADS rules or final decisions."
W-001890,COMPLETION,95.0920245398773,95.1,100.0,-4.9079754601226995,4.9079754601226995,-4.900000000000006,0.00797546012269379,-4.900000000000006,52.89999999999999,19.949999999999996,6,3,0,3,8,25.0,False,True,False,False,"Signed reconciliation and persistence evidence for review; heuristic bands are engineering choices, not MPLADS rules or final decisions."
W-001891,EXECUTION,54.695035460992905,54.7,60.4,-5.7049645390070935,5.7049645390070935,-5.699999999999996,0.004964539007097812,-5.699999999999996,-4.699999999999999,-6.466666666666665,0,0,0,0,3,25.0,False,False,False,False,"Signed reconciliation and persistence evidence for review; heuristic bands are engineering choices, not MPLADS rules or final decisions."
W-001892,EXECUTION,74.8952380952381,74.9,70.0,4.895238095238099,4.895238095238099,4.900000000000006,0.004761904761906521,4.900000000000006,16.9,9.116666666666667,6,0,0,0,6,25.0,False,False,False,False,"Signed reconciliation and persistence evidence for review; heuristic bands are engineering choices, not MPLADS rules or final decisions."
W-001893,EXECUTION,3.9398280802292263,3.9,6.6,-2.6601719197707734,2.6601719197707734,-2.6999999999999997,-0.03982808022922635,-2.6999999999999997,0.9,-2.6599999999999997,1,0,0,0,5,25.0,False,False,False,False,"Signed reconciliation and persistence evidence for review; heuristic bands are engineering choices, not MPLADS rules or final decisions."
W-001894,COMPLETION,89.73143759873618,89.7,100.0,-10.268562401263821,10.268562401263821,-10.299999999999997,-0.03143759873617569,-10.299999999999997,50.300000000000004,10.512500000000003,5,3,0,3,8,25.0,False,True,False,False,"Signed reconciliation and persistence evidence for review; heuristic bands are engineering choices, not MPLADS rules or final decisions."
W-001895,EXECUTION,45.14331210191083,45.1,42.3,2.8433121019108327,2.8433121019108327,2.8000000000000043,-0.04331210191082846,2.8000000000000043,2.8000000000000043,-15.979999999999995,1,0,0,0,5,25.0,False,False,False,False,"Signed reconciliation and persistence evidence for review; heuristic bands are engineering choices, not MPLADS rules or final decisions."
W-001896,COMPLETION,104.58937198067633,104.6,100.0,4.589371980676333,4.589371980676333,4.599999999999994,0.01062801932366142,4.599999999999994,43.99999999999999,27.242857142857144,7,4,0,4,7,25.0,False,True,False,False,"Signed reconciliation and persistence evidence for review; heuristic bands are engineering choices, not MPLADS rules or final decisions."
W-001897,EXECUTION,76.34282359847373,76.3,82.3,-5.957176401526269,5.957176401526269,-6.0,-0.042823598473731295,-6.0,17.699999999999996,8.559999999999997,4,0,0,0,5,25.0,False,False,False,False,"Signed reconciliation and persistence evidence for review; heuristic bands are engineering choices, not MPLADS rules or final decisions."
W-001898,COMPLETION,96.771714066103,96.8,100.0,-3.2282859338969985,3.2282859338969985,-3.200000000000003,0.02828593389699563,-3.200000000000003,54.9,29.849999999999998,3,3,0,3,4,25.0,False,True,False,False,"Signed reconciliation and persistence evidence for review; heuristic bands are engineering choices, not MPLADS rules or final decisions."
W-001899,COMPLETION,104.62745098039215,104.6,100.0,4.627450980392155,4.627450980392155,4.599999999999994,-0.027450980392160318,4.599999999999994,73.6,35.12499999999999,8,5,0,5,8,25.0,False,True,False,False,"Signed reconciliation and persistence evidence for review; heuristic bands are engineering choices, not MPLADS rules or final decisions."
W-001900,COMPLETION,104.54387790496011,104.5,100.0,4.543877904960112,4.543877904960112,4.5,-0.043877904960112346,4.5,59.8,28.67142857142857,6,4,0,4,7,25.0,False,True,False,False,"Signed reconciliation and persistence evidence for review; heuristic bands are engineering choices, not MPLADS rules or final decisions."
W-001901,EXECUTION,88.01223241590215,88.0,91.2,-3.1877675840978554,3.1877675840978554,-3.200000000000003,-0.012232415902147409,-3.200000000000003,-3.200000000000003,-35.325,0,0,0,0,4,25.0,False,False,False,False,"Signed reconciliation and persistence evidence for review; heuristic bands are engineering choices, not MPLADS rules or final decisions."
W-001902,COMPLETION,90.28571428571429,90.3,100.0,-9.714285714285708,9.714285714285708,-9.700000000000003,0.014285714285705353,-9.700000000000003,50.3,9.812499999999996,4,2,0,2,8,25.0,False,True,False,False,"Signed reconciliation and persistence evidence for review; heuristic bands are engineering choices, not MPLADS rules or final decisions."
W-001903,COMPLETION,104.99479708636837,105.0,100.0,4.994797086368365,4.994797086368365,5.0,0.005202913631634942,5.0,35.2,10.033333333333333,2,1,0,1,3,25.0,False,False,False,False,"Signed reconciliation and persistence evidence for review; heuristic bands are engineering choices, not MPLADS rules or final decisions."
W-001904,EXECUTION,45.26214526214526,45.3,45.3,-0.0378547378547367,0.0378547378547367,0.0,0.0378547378547367,0.0,4.100000000000001,-0.3000000000000002,3,0,0,0,7,25.0,False,False,False,False,"Signed reconciliation and persistence evidence for review; heuristic bands are engineering choices, not MPLADS rules or final decisions."
W-001905,COMPLETION,104.93197278911565,104.9,100.0,4.9319727891156475,4.9319727891156475,4.900000000000006,-0.03197278911564183,4.900000000000006,61.10000000000001,15.425000000000006,3,2,0,2,4,25.0,False,True,False,False,"Signed reconciliation and persistence evidence for review; heuristic bands are engineering choices, not MPLADS rules or final decisions."
W-001906,EXECUTION,74.91891891891892,74.9,81.8,-6.881081081081078,6.881081081081078,-6.8999999999999915,-0.01891891891891362,-6.8999999999999915,-6.8999999999999915,-35.333333333333336,0,0,0,0,6,25.0,False,False,False,False,"Signed reconciliation and persistence evidence for review; heuristic bands are engineering choices, not MPLADS rules or final decisions."
W-001907,COMPLETION,105.77881102623714,105.8,100.0,5.778811026237136,5.778811026237136,5.799999999999997,0.021188973762860996,5.799999999999997,46.199999999999996,20.499999999999996,3,1,0,1,3,25.0,False,False,False,False,"Signed reconciliation and persistence evidence for review; heuristic bands are engineering choices, not MPLADS rules or final decisions."
W-001908,COMPLETION,88.1704628949302,88.2,100.0,-11.829537105069804,11.829537105069804,-11.799999999999997,0.029537105069806557,-11.799999999999997,28.400000000000006,13.500000000000002,2,1,0,1,3,25.0,False,False,False,False,"Signed reconciliation and persistence evidence for review; heuristic bands are engineering choices, not MPLADS rules or final decisions."
W-001909,COMPLETION,105.03101309441764,105.0,100.0,5.031013094417645,5.031013094417645,5.0,-0.031013094417644993,5.0,69.2,25.820000000000004,4,3,0,3,5,25.0,False,True,False,False,"Signed reconciliation and persistence evidence for review; heuristic bands are engineering choices, not MPLADS rules or final decisions."
W-001910,EXECUTION,34.94277539341917,34.9,38.8,-3.8572246065808287,3.8572246065808287,-3.8999999999999986,-0.042775393419169916,-3.8999999999999986,17.0,5.319999999999999,3,0,0,0,5,25.0,False,False,False,False,"Signed reconciliation and persistence evidence for review; heuristic bands are engineering choices, not MPLADS rules or final decisions."
W-001911,COMPLETION,105.01474926253687,105.0,100.0,5.014749262536867,5.014749262536867,5.0,-0.014749262536867036,5.0,67.4,35.587500000000006,8,5,0,5,8,25.0,False,True,False,False,"Signed reconciliation and persistence evidence for review; heuristic bands are engineering choices, not MPLADS rules or final decisions."
W-001912,COMPLETION,88.77928483353884,88.8,100.0,-11.220715166461162,11.220715166461162,-11.200000000000003,0.020715166461158674,-11.200000000000003,65.3,29.920000000000005,4,3,0,3,5,25.0,False,True,False,False,"Signed reconciliation and persistence evidence for review; heuristic bands are engineering choices, not MPLADS rules or final decisions."
W-001913,COMPLETION,104.99108734402851,105.0,100.0,4.991087344028514,4.991087344028514,5.0,0.008912655971485606,5.0,30.5,15.716666666666669,6,1,0,1,6,25.0,False,False,False,False,"Signed reconciliation and persistence evidence for review; heuristic bands are engineering choices, not MPLADS rules or final decisions."
W-001914,COMPLETION,98.60482654600301,98.6,100.0,-1.395173453996989,1.395173453996989,-1.4000000000000057,-0.004826546003016574,-1.4000000000000057,7.0,-12.375,1,0,0,0,8,25.0,False,False,False,False,"Signed reconciliation and persistence evidence for review; heuristic bands are engineering choices, not MPLADS rules or final decisions."
W-001915,COMPLETION,90.84321475625823,90.8,100.0,-9.156785243741766,9.156785243741766,-9.200000000000003,-0.04321475625823723,-9.200000000000003,58.5,27.65,3,2,0,2,4,25.0,False,True,False,False,"Signed reconciliation and persistence evidence for review; heuristic bands are engineering choices, not MPLADS rules or final decisions."
W-001916,EXECUTION,64.07442748091603,64.1,65.9,-1.8255725190839769,1.8255725190839769,-1.8000000000000114,0.025572519083965517,-1.8000000000000114,9.799999999999997,5.366666666666661,2,0,0,0,3,25.0,False,False,False,False,"Signed reconciliation and persistence evidence for review; heuristic bands are engineering choices, not MPLADS rules or final decisions."
W-001917,COMPLETION,91.93333333333334,91.9,100.0,-8.066666666666663,8.066666666666663,-8.099999999999994,-0.03333333333333144,-8.099999999999994,25.900000000000006,4.800000000000004,2,1,0,1,4,25.0,False,False,False,False,"Signed reconciliation and persistence evidence for review; heuristic bands are engineering choices, not MPLADS rules or final decisions."
W-001918,COMPLETION,91.43109540636043,91.4,100.0,-8.568904593639573,8.568904593639573,-8.599999999999994,-0.031095406360421407,-8.599999999999994,42.5,20.200000000000003,2,2,0,2,3,25.0,False,True,False,False,"Signed reconciliation and persistence evidence for review; heuristic bands are engineering choices, not MPLADS rules or final decisions."
W-001919,COMPLETION,101.7916077322018,101.8,100.0,1.791607732201797,1.791607732201797,1.7999999999999972,0.008392267798200237,1.7999999999999972,59.699999999999996,25.119999999999997,5,2,0,2,5,25.0,False,True,False,False,"Signed reconciliation and persistence evidence for review; heuristic bands are engineering choices, not MPLADS rules or final decisions."
W-001920,COMPLETION,105.55555555555556,105.6,100.0,5.555555555555557,5.555555555555557,5.599999999999994,0.04444444444443718,5.599999999999994,21.2,7.671428571428571,5,0,0,0,7,25.0,False,False,False,False,"Signed reconciliation and persistence evidence for review; heuristic bands are engineering choices, not MPLADS rules or final decisions."
W-001921,COMPLETION,105.50161812297735,105.5,100.0,5.501618122977348,5.501618122977348,5.5,-0.00161812297734798,5.5,7.699999999999996,5.5666666666666655,3,0,0,0,3,25.0,False,False,False,False,"Signed reconciliation and persistence evidence for review; heuristic bands are engineering choices, not MPLADS rules or final decisions."
W-001924,COMPLETION,100.7125890736342,100.7,100.0,0.7125890736342058,0.7125890736342058,0.7000000000000028,-0.012589073634202919,0.7000000000000028,63.900000000000006,25.96666666666667,5,3,0,3,6,25.0,False,True,False,False,"Signed reconciliation and persistence evidence for review; heuristic bands are engineering choices, not MPLADS rules or final decisions."
W-001926,COMPLETION,107.77777777777777,107.8,100.0,7.7777777777777715,7.7777777777777715,7.799999999999997,0.022222222222225696,7.799999999999997,95.7,49.71249999999999,8,6,0,6,8,25.0,False,True,False,False,"Signed reconciliation and persistence evidence for review; heuristic bands are engineering choices, not MPLADS rules or final decisions."
W-001927,COMPLETION,104.98220640569394,105.0,100.0,4.982206405693944,4.982206405693944,5.0,0.017793594306056093,5.0,30.5,-2.5,2,1,0,1,4,25.0,False,False,False,False,"Signed reconciliation and persistence evidence for review; heuristic bands are engineering choices, not MPLADS rules or final decisions."
W-001928,EXECUTION,8.150744960560912,8.2,8.0,0.15074496056091213,0.15074496056091213,0.1999999999999993,0.049255039439087156,0.1999999999999993,5.6,1.7666666666666664,4,0,0,0,6,25.0,False,False,False,False,"Signed reconciliation and persistence evidence for review; heuristic bands are engineering choices, not MPLADS rules or final decisions."
W-001929,COMPLETION,95.0,95.0,100.0,-5.0,5.0,-5.0,0.0,-5.0,53.4,26.85,3,2,0,2,4,25.0,False,True,False,False,"Signed reconciliation and persistence evidence for review; heuristic bands are engineering choices, not MPLADS rules or final decisions."
W-001930,EXECUTION,51.3413506012951,51.3,58.7,-7.358649398704905,7.358649398704905,-7.400000000000006,-0.041350601295100375,-7.400000000000006,20.599999999999998,1.499999999999999,4,0,0,0,7,25.0,False,False,False,False,"Signed reconciliation and persistence evidence for review; heuristic bands are engineering choices, not MPLADS rules or final decisions."
W-001931,EXECUTION,27.862903225806452,27.9,27.3,0.5629032258064512,0.5629032258064512,0.5999999999999979,0.03709677419354662,0.5999999999999979,22.2,7.859999999999999,4,0,0,0,5,25.0,False,False,False,False,"Signed reconciliation and persistence evidence for review; heuristic bands are engineering choices, not MPLADS rules or final decisions."
W-001932,COMPLETION,100.57887120115774,100.6,100.0,0.5788712011577388,0.5788712011577388,0.5999999999999943,0.021128798842255492,0.5999999999999943,68.69999999999999,31.933333333333326,3,2,0,2,3,25.0,False,True,False,False,"Signed reconciliation and persistence evidence for review; heuristic bands are engineering choices, not MPLADS rules or final decisions."
W-001933,COMPLETION,91.73098125689084,91.7,100.0,-8.269018743109157,8.269018743109157,-8.299999999999997,-0.03098125689083986,-8.299999999999997,6.200000000000003,-19.316666666666663,1,0,0,0,6,25.0,False,False,False,False,"Signed reconciliation and persistence evidence for review; heuristic bands are engineering choices, not MPLADS rules or final decisions."
W-001934,COMPLETION,101.31233595800525,101.3,100.0,1.3123359580052494,1.3123359580052494,1.2999999999999972,-0.012335958005252223,1.2999999999999972,64.6,28.385714285714283,7,4,0,4,7,25.0,False,True,False,False,"Signed reconciliation and persistence evidence for review; heuristic bands are engineering choices, not MPLADS rules or final decisions."
W-001935,COMPLETION,102.11970074812967,102.1,100.0,2.1197007481296737,2.1197007481296737,2.0999999999999943,-0.01970074812967937,2.0999999999999943,49.099999999999994,7.516666666666663,4,2,0,2,6,25.0,False,True,False,False,"Signed reconciliation and persistence evidence for review; heuristic bands are engineering choices, not MPLADS rules or final decisions."
W-001936,COMPLETION,106.25273283777875,106.3,100.0,6.252732837778751,6.252732837778751,6.299999999999997,0.04726716222124594,6.299999999999997,62.699999999999996,26.939999999999998,4,3,0,3,5,25.0,False,True,False,False,"Signed reconciliation and persistence evidence for review; heuristic bands are engineering choices, not MPLADS rules or final decisions."
W-001937,COMPLETION,145.21193092621664,145.2,100.0,45.21193092621664,45.21193092621664,45.19999999999999,-0.011930926216649596,45.19999999999999,126.99999999999999,70.08749999999999,7,7,7,7,8,25.0,True,True,False,False,"Signed reconciliation and persistence evidence for review; heuristic bands are engineering choices, not MPLADS rules or final decisions."
W-001938,COMPLETION,88.30464513086537,88.3,100.0,-11.695354869134633,11.695354869134633,-11.700000000000003,-0.004645130865370106,-11.700000000000003,25.60000000000001,9.524999999999999,3,1,0,1,4,25.0,False,False,False,False,"Signed reconciliation and persistence evidence for review; heuristic bands are engineering choices, not MPLADS rules or final decisions."
W-001940,EXECUTION,81.23813140903911,81.2,94.7,-13.46186859096089,13.46186859096089,-13.5,-0.038131409039110054,-13.5,22.6,6.940000000000002,4,0,0,0,5,25.0,False,False,False,False,"Signed reconciliation and persistence evidence for review; heuristic bands are engineering choices, not MPLADS rules or final decisions."
W-001941,EXECUTION,43.79872430900071,43.8,49.5,-5.701275690999289,5.701275690999289,-5.700000000000003,0.0012756909992859278,-5.700000000000003,4.699999999999999,-0.6666666666666679,1,0,0,0,3,25.0,False,False,False,False,"Signed reconciliation and persistence evidence for review; heuristic bands are engineering choices, not MPLADS rules or final decisions."
W-001942,COMPLETION,89.40281030444964,89.4,100.0,-10.597189695550355,10.597189695550355,-10.599999999999994,-0.002810304449639034,-10.599999999999994,23.10000000000001,9.100000000000005,4,0,0,0,5,25.0,False,False,False,False,"Signed reconciliation and persistence evidence for review; heuristic bands are engineering choices, not MPLADS rules or final decisions."
W-001943,EXECUTION,84.62929475587704,84.6,93.9,-9.270705244122965,9.270705244122965,-9.300000000000011,-0.02929475587704644,-9.300000000000011,50.199999999999996,25.52857142857142,5,4,0,4,7,25.0,False,True,False,False,"Signed reconciliation and persistence evidence for review; heuristic bands are engineering choices, not MPLADS rules or final decisions."
W-001944,COMPLETION,105.0365556458164,105.0,100.0,5.0365556458164065,5.0365556458164065,5.0,-0.03655564581640647,5.0,5.0,-8.885714285714284,3,0,0,0,7,25.0,False,False,False,False,"Signed reconciliation and persistence evidence for review; heuristic bands are engineering choices, not MPLADS rules or final decisions."
W-001945,COMPLETION,90.25374855824683,90.3,100.0,-9.746251441753174,9.746251441753174,-9.700000000000003,0.04625144175317075,-9.700000000000003,53.4,21.533333333333328,2,1,0,1,3,25.0,False,False,False,False,"Signed reconciliation and persistence evidence for review; heuristic bands are engineering choices, not MPLADS rules or final decisions."
W-001946,EXECUTION,28.96981627296588,29.0,31.8,-2.8301837270341217,2.8301837270341217,-2.8000000000000007,0.030183727034120977,-2.8000000000000007,19.7,6.900000000000001,4,0,0,0,6,25.0,False,False,False,False,"Signed reconciliation and persistence evidence for review; heuristic bands are engineering choices, not MPLADS rules or final decisions."
W-001947,EXECUTION,92.84188034188034,92.8,90.1,2.7418803418803464,2.7418803418803464,2.700000000000003,-0.04188034188034351,2.700000000000003,7.700000000000003,0.18000000000000363,3,0,0,0,5,25.0,False,False,False,False,"Signed reconciliation and persistence evidence for review; heuristic bands are engineering choices, not MPLADS rules or final decisions."
W-001948,COMPLETION,91.02503542749173,91.0,100.0,-8.97496457250827,8.97496457250827,-9.0,-0.025035427491729934,-9.0,58.6,26.857142857142858,6,4,0,4,7,25.0,False,True,False,False,"Signed reconciliation and persistence evidence for review; heuristic bands are engineering choices, not MPLADS rules or final decisions."
W-001949,EXECUTION,54.8604427333975,54.9,58.8,-3.939557266602499,3.939557266602499,-3.8999999999999986,0.03955726660250036,-3.8999999999999986,8.700000000000001,-3.1249999999999987,1,0,0,0,4,25.0,False,False,False,False,"Signed reconciliation and persistence evidence for review; heuristic bands are engineering choices, not MPLADS rules or final decisions."
W-001950,EXECUTION,0.0,0.0,0.0,0.0,0.0,0.0,0.0,0.0,0.0,0.0,0,0,0,0,1,25.0,False,False,False,False,"Signed reconciliation and persistence evidence for review; heuristic bands are engineering choices, not MPLADS rules or final decisions."
W-001951,COMPLETION,103.72294372294373,103.7,100.0,3.722943722943725,3.722943722943725,3.700000000000003,-0.022943722943722378,3.700000000000003,63.2,37.9,5,3,0,3,5,25.0,False,True,False,False,"Signed reconciliation and persistence evidence for review; heuristic bands are engineering choices, not MPLADS rules or final decisions."
W-001952,COMPLETION,95.92402057776019,95.9,100.0,-4.075979422239811,4.075979422239811,-4.099999999999994,-0.02402057776018296,-4.099999999999994,56.800000000000004,26.3,2,2,0,2,3,25.0,False,True,False,False,"Signed reconciliation and persistence evidence for review; heuristic bands are engineering choices, not MPLADS rules or final decisions."
W-001953,COMPLETION,102.7294438758103,102.7,100.0,2.729443875810304,2.729443875810304,2.700000000000003,-0.02944387581030128,2.700000000000003,62.800000000000004,35.58571428571429,7,5,0,5,7,25.0,False,True,False,False,"Signed reconciliation and persistence evidence for review; heuristic bands are engineering choices, not MPLADS rules or final decisions."
W-001954,COMPLETION,99.16877484640405,99.2,100.0,-0.8312251535959518,0.8312251535959518,-0.7999999999999972,0.03122515359595468,-0.7999999999999972,65.0,30.279999999999994,4,3,0,3,5,25.0,False,True,False,False,"Signed reconciliation and persistence evidence for review; heuristic bands are engineering choices, not MPLADS rules or final decisions."
W-001955,COMPLETION,105.015479876161,105.0,100.0,5.015479876160995,5.015479876160995,5.0,-0.015479876160995332,5.0,70.4,28.433333333333337,5,3,0,3,6,25.0,False,True,False,False,"Signed reconciliation and persistence evidence for review; heuristic bands are engineering choices, not MPLADS rules or final decisions."
W-001956,COMPLETION,93.63525091799265,93.6,100.0,-6.36474908200735,6.36474908200735,-6.400000000000006,-0.03525091799265567,-6.400000000000006,-6.400000000000006,-27.333333333333332,0,0,0,0,3,25.0,False,False,False,False,"Signed reconciliation and persistence evidence for review; heuristic bands are engineering choices, not MPLADS rules or final decisions."
W-001957,COMPLETION,108.01832760595647,108.0,100.0,8.018327605956472,8.018327605956472,8.0,-0.01832760595647187,8.0,74.8,41.5,3,2,0,2,3,25.0,False,True,False,False,"Signed reconciliation and persistence evidence for review; heuristic bands are engineering choices, not MPLADS rules or final decisions."
W-001958,EXECUTION,57.54716981132076,57.5,60.6,-3.052830188679245,3.052830188679245,-3.1000000000000014,-0.047169811320756594,-3.1000000000000014,11.5,-5.233333333333334,1,0,0,0,3,25.0,False,False,False,False,"Signed reconciliation and persistence evidence for review; heuristic bands are engineering choices, not MPLADS rules or final decisions."
W-001959,COMPLETION,104.32389937106919,104.3,100.0,4.323899371069189,4.323899371069189,4.299999999999997,-0.02389937106919149,4.299999999999997,56.3,24.833333333333332,5,3,0,3,6,25.0,False,True,False,False,"Signed reconciliation and persistence evidence for review; heuristic bands are engineering choices, not MPLADS rules or final decisions."
W-001960,EXECUTION,63.2398753894081,63.2,67.7,-4.460124610591905,4.460124610591905,-4.5,-0.03987538940809543,-4.5,0.29999999999999716,-6.5,1,0,0,0,3,25.0,False,False,False,False,"Signed reconciliation and persistence evidence for review; heuristic bands are engineering choices, not MPLADS rules or final decisions."
W-001961,COMPLETION,104.3416572077185,104.3,100.0,4.341657207718498,4.341657207718498,4.299999999999997,-0.0416572077185009,4.299999999999997,52.0,20.9,3,2,0,2,4,25.0,False,True,False,False,"Signed reconciliation and persistence evidence for review; heuristic bands are engineering choices, not MPLADS rules or final decisions."
W-001963,COMPLETION,105.55555555555556,105.6,100.0,5.555555555555557,5.555555555555557,5.599999999999994,0.04444444444443718,5.599999999999994,21.69999999999999,4.8333333333333295,4,0,0,0,6,25.0,False,False,False,False,"Signed reconciliation and persistence evidence for review; heuristic bands are engineering choices, not MPLADS rules or final decisions."
W-001964,COMPLETION,96.48300117233295,96.5,100.0,-3.5169988276670523,3.5169988276670523,-3.5,0.016998827667052296,-3.5,54.1,9.749999999999998,3,2,0,2,6,25.0,False,True,False,False,"Signed reconciliation and persistence evidence for review; heuristic bands are engineering choices, not MPLADS rules or final decisions."
W-001965,COMPLETION,89.83812949640287,89.8,100.0,-10.161870503597129,10.161870503597129,-10.200000000000003,-0.038129496402874,-10.200000000000003,43.199999999999996,0.9749999999999974,4,2,0,2,8,25.0,False,True,False,False,"Signed reconciliation and persistence evidence for review; heuristic bands are engineering choices, not MPLADS rules or final decisions."
W-001966,COMPLETION,104.9306625577812,104.9,100.0,4.930662557781204,4.930662557781204,4.900000000000006,-0.03066255778119853,4.900000000000006,93.10000000000001,50.66250000000001,8,6,0,6,8,25.0,False,True,False,False,"Signed reconciliation and persistence evidence for review; heuristic bands are engineering choices, not MPLADS rules or final decisions."
W-001967,COMPLETION,93.47133757961784,93.5,100.0,-6.528662420382162,6.528662420382162,-6.5,0.028662420382161713,-6.5,32.6,8.049999999999999,4,1,0,1,6,25.0,False,False,False,False,"Signed reconciliation and persistence evidence for review; heuristic bands are engineering choices, not MPLADS rules or final decisions."
W-001969,EXECUTION,87.45684695051784,87.5,87.8,-0.3431530494821544,0.3431530494821544,-0.29999999999999716,0.04315304948215726,-0.29999999999999716,25.700000000000003,2.8333333333333357,1,1,0,1,3,25.0,False,False,False,False,"Signed reconciliation and persistence evidence for review; heuristic bands are engineering choices, not MPLADS rules or final decisions."
W-001970,COMPLETION,97.37470167064438,97.4,100.0,-2.6252983293556156,2.6252983293556156,-2.5999999999999943,0.025298329355621263,-2.5999999999999943,61.60000000000001,18.240000000000002,3,2,0,2,5,25.0,False,True,False,False,"Signed reconciliation and persistence evidence for review; heuristic bands are engineering choices, not MPLADS rules or final decisions."
W-001971,COMPLETION,102.62828535669587,102.6,100.0,2.6282853566958693,2.6282853566958693,2.5999999999999943,-0.028285356695874952,2.5999999999999943,49.39999999999999,23.799999999999994,4,1,0,1,4,25.0,False,False,False,False,"Signed reconciliation and persistence evidence for review; heuristic bands are engineering choices, not MPLADS rules or final decisions."
W-001972,COMPLETION,98.18893783651492,98.2,100.0,-1.8110621634850759,1.8110621634850759,-1.7999999999999972,0.011062163485078713,-1.7999999999999972,46.7,26.600000000000005,3,2,0,2,4,25.0,False,True,False,False,"Signed reconciliation and persistence evidence for review; heuristic bands are engineering choices, not MPLADS rules or final decisions."
W-001973,EXECUTION,2.4242424242424243,2.4,2.8,-0.3757575757575755,0.3757575757575755,-0.3999999999999999,-0.0242424242424244,-0.3999999999999999,-0.3999999999999999,-0.3999999999999999,0,0,0,0,1,25.0,False,False,True,True,"Signed reconciliation and persistence evidence for review; heuristic bands are engineering choices, not MPLADS rules or final decisions."
W-001974,COMPLETION,99.52087611225188,99.5,100.0,-0.4791238877481163,0.4791238877481163,-0.5,-0.020876112251883683,-0.5,44.4,23.28,4,2,0,1,5,25.0,False,False,False,False,"Signed reconciliation and persistence evidence for review; heuristic bands are engineering choices, not MPLADS rules or final decisions."
W-001975,COMPLETION,100.54815974941269,100.5,100.0,0.5481597494126902,0.5481597494126902,0.5,-0.04815974941269019,0.5,63.3,30.04,5,3,0,3,5,25.0,False,True,False,False,"Signed reconciliation and persistence evidence for review; heuristic bands are engineering choices, not MPLADS rules or final decisions."
W-001976,EXECUTION,85.57993730407523,85.6,44.1,41.47993730407523,41.47993730407523,41.49999999999999,0.020062695924764284,41.49999999999999,41.49999999999999,19.78,5,1,1,1,5,25.0,True,False,False,False,"Signed reconciliation and persistence evidence for review; heuristic bands are engineering choices, not MPLADS rules or final decisions."
W-001977,COMPLETION,105.01334915455355,105.0,100.0,5.013349154553552,5.013349154553552,5.0,-0.013349154553552012,5.0,33.8,9.383333333333335,4,1,0,1,6,25.0,False,False,False,False,"Signed reconciliation and persistence evidence for review; heuristic bands are engineering choices, not MPLADS rules or final decisions."
W-001978,COMPLETION,102.9038112522686,102.9,100.0,2.9038112522685964,2.9038112522685964,2.9000000000000057,-0.0038112522685906924,2.9000000000000057,60.400000000000006,23.240000000000002,4,2,0,2,5,25.0,False,True,False,False,"Signed reconciliation and persistence evidence for review; heuristic bands are engineering choices, not MPLADS rules or final decisions."
W-001979,COMPLETION,105.13036164844407,105.1,100.0,5.130361648444065,5.130361648444065,5.099999999999994,-0.030361648444070966,5.099999999999994,5.099999999999994,-17.700000000000006,1,0,0,0,5,25.0,False,False,False,False,"Signed reconciliation and persistence evidence for review; heuristic bands are engineering choices, not MPLADS rules or final decisions."
W-001980,EXECUTION,49.769726742400984,49.8,58.2,-8.43027325759902,8.43027325759902,-8.400000000000006,0.030273257599013448,-8.400000000000006,-7.099999999999998,-10.720000000000002,0,0,0,0,5,25.0,False,False,False,False,"Signed reconciliation and persistence evidence for review; heuristic bands are engineering choices, not MPLADS rules or final decisions."
W-001981,COMPLETION,96.41768292682927,96.4,100.0,-3.582317073170728,3.582317073170728,-3.5999999999999943,-0.01768292682926642,-3.5999999999999943,33.7,-1.18333333333333,2,1,0,1,6,25.0,False,False,False,False,"Signed reconciliation and persistence evidence for review; heuristic bands are engineering choices, not MPLADS rules or final decisions."
W-001982,EXECUTION,78.2133676092545,78.2,88.8,-10.586632390745493,10.586632390745493,-10.599999999999994,-0.013367609254501645,-10.599999999999994,36.800000000000004,12.925000000000002,3,1,0,1,4,25.0,False,False,False,False,"Signed reconciliation and persistence evidence for review; heuristic bands are engineering choices, not MPLADS rules or final decisions."
W-001983,COMPLETION,96.29758994062172,96.3,100.0,-3.7024100593782805,3.7024100593782805,-3.700000000000003,0.0024100593782776514,-3.700000000000003,42.699999999999996,19.387499999999996,7,3,0,3,8,25.0,False,True,False,False,"Signed reconciliation and persistence evidence for review; heuristic bands are engineering choices, not MPLADS rules or final decisions."
W-001984,COMPLETION,106.63639538945162,106.6,100.0,6.636395389451621,6.636395389451621,6.599999999999994,-0.036395389451627125,6.599999999999994,50.099999999999994,25.54285714285714,7,3,0,2,7,25.0,False,True,False,False,"Signed reconciliation and persistence evidence for review; heuristic bands are engineering choices, not MPLADS rules or final decisions."
W-001985,COMPLETION,94.39868204283361,94.4,100.0,-5.601317957166387,5.601317957166387,-5.599999999999994,0.0013179571663926026,-5.599999999999994,27.60000000000001,10.800000000000004,2,1,0,1,3,25.0,False,False,False,False,"Signed reconciliation and persistence evidence for review; heuristic bands are engineering choices, not MPLADS rules or final decisions."
W-001986,EXECUTION,17.097919837645865,17.1,18.5,-1.4020801623541352,1.4020801623541352,-1.3999999999999986,0.002080162354136661,-1.3999999999999986,17.1,3.9285714285714297,5,0,0,0,7,25.0,False,False,False,False,"Signed reconciliation and persistence evidence for review; heuristic bands are engineering choices, not MPLADS rules or final decisions."
W-001987,COMPLETION,100.47169811320755,100.5,100.0,0.47169811320755173,0.47169811320755173,0.5,0.028301886792448272,0.5,45.0,-0.9285714285714286,4,2,0,2,7,25.0,False,True,False,False,"Signed reconciliation and persistence evidence for review; heuristic bands are engineering choices, not MPLADS rules or final decisions."
W-001988,COMPLETION,101.49642160052049,101.5,100.0,1.4964216005204918,1.4964216005204918,1.5,0.003578399479508221,1.5,47.1,25.825,4,2,0,2,4,25.0,False,True,False,False,"Signed reconciliation and persistence evidence for review; heuristic bands are engineering choices, not MPLADS rules or final decisions."
W-001990,COMPLETION,101.61153519932147,101.6,100.0,1.611535199321466,1.611535199321466,1.5999999999999943,-0.011535199321471623,1.5999999999999943,68.39999999999999,33.8,8,6,0,6,8,25.0,False,True,False,False,"Signed reconciliation and persistence evidence for review; heuristic bands are engineering choices, not MPLADS rules or final decisions."
W-001991,COMPLETION,107.23742277140336,107.2,100.0,7.237422771403359,7.237422771403359,7.200000000000003,-0.03742277140335659,7.200000000000003,54.900000000000006,30.633333333333336,6,3,0,3,6,25.0,False,True,False,False,"Signed reconciliation and persistence evidence for review; heuristic bands are engineering choices, not MPLADS rules or final decisions."
W-001992,COMPLETION,105.16941789748046,105.2,100.0,5.169417897480457,5.169417897480457,5.200000000000003,0.03058210251954563,5.200000000000003,26.700000000000003,-15.562499999999998,3,1,0,1,8,25.0,False,False,False,False,"Signed reconciliation and persistence evidence for review; heuristic bands are engineering choices, not MPLADS rules or final decisions."
W-001993,COMPLETION,105.00410172272355,105.0,100.0,5.004101722723547,5.004101722723547,5.0,-0.004101722723547141,5.0,5.0,-4.166666666666669,1,0,0,0,3,25.0,False,False,False,False,"Signed reconciliation and persistence evidence for review; heuristic bands are engineering choices, not MPLADS rules or final decisions."
W-001994,EXECUTION,60.132501948558065,60.1,58.1,2.032501948558064,2.032501948558064,2.0,-0.03250194855806399,2.0,25.5,10.9,4,1,0,1,5,25.0,False,False,False,False,"Signed reconciliation and persistence evidence for review; heuristic bands are engineering choices, not MPLADS rules or final decisions."
W-001995,COMPLETION,104.98402555910543,105.0,100.0,4.984025559105433,4.984025559105433,5.0,0.01597444089456701,5.0,83.6,44.879999999999995,5,4,0,4,5,25.0,False,True,False,False,"Signed reconciliation and persistence evidence for review; heuristic bands are engineering choices, not MPLADS rules or final decisions."
W-001996,COMPLETION,94.76117103235747,94.8,100.0,-5.238828967642533,5.238828967642533,-5.200000000000003,0.03882896764253019,-5.200000000000003,81.2,36.471428571428575,6,4,0,4,7,25.0,False,True,False,False,"Signed reconciliation and persistence evidence for review; heuristic bands are engineering choices, not MPLADS rules or final decisions."
W-001997,COMPLETION,105.01567398119123,105.0,100.0,5.015673981191227,5.015673981191227,5.0,-0.015673981191227426,5.0,78.5,39.86666666666667,3,2,0,2,3,25.0,False,True,False,False,"Signed reconciliation and persistence evidence for review; heuristic bands are engineering choices, not MPLADS rules or final decisions."
W-001998,COMPLETION,105.01592356687898,105.0,100.0,5.015923566878982,5.015923566878982,5.0,-0.015923566878981887,5.0,53.4,11.671428571428569,5,2,0,2,7,25.0,False,True,False,False,"Signed reconciliation and persistence evidence for review; heuristic bands are engineering choices, not MPLADS rules or final decisions."
W-001999,EXECUTION,16.890380313199106,16.9,16.4,0.4903803131991076,0.4903803131991076,0.5,0.009619686800892424,0.5,3.799999999999999,0.19999999999999954,4,0,0,0,7,25.0,False,False,False,False,"Signed reconciliation and persistence evidence for review; heuristic bands are engineering choices, not MPLADS rules or final decisions."
W-002000,COMPLETION,99.91438356164383,99.9,100.0,-0.08561643835616906,0.08561643835616906,-0.09999999999999432,-0.01438356164382526,-0.09999999999999432,53.800000000000004,24.750000000000004,3,1,0,1,4,25.0,False,False,False,False,"Signed reconciliation and persistence evidence for review; heuristic bands are engineering choices, not MPLADS rules or final decisions."
W-002002,COMPLETION,107.38156445097319,107.4,100.0,7.381564450973187,7.381564450973187,7.400000000000006,0.018435549026818876,7.400000000000006,54.7,25.01666666666667,5,3,0,3,6,25.0,False,True,False,False,"Signed reconciliation and persistence evidence for review; heuristic bands are engineering choices, not MPLADS rules or final decisions."
W-002003,EXECUTION,88.14317673378076,88.1,91.6,-3.4568232662192315,3.4568232662192315,-3.5,-0.04317673378076847,-3.5,39.99999999999999,18.057142857142853,6,3,0,3,7,25.0,False,True,False,False,"Signed reconciliation and persistence evidence for review; heuristic bands are engineering choices, not MPLADS rules or final decisions."
W-002004,EXECUTION,7.036346691519105,7.0,7.4,-0.3636533084808953,0.3636533084808953,-0.40000000000000036,-0.03634669151910508,-0.40000000000000036,2.7,-2.220446049250313e-16,1,0,0,0,4,25.0,False,False,False,False,"Signed reconciliation and persistence evidence for review; heuristic bands are engineering choices, not MPLADS rules or final decisions."
W-002005,COMPLETION,105.05287896592245,105.1,100.0,5.052878965922446,5.052878965922446,5.099999999999994,0.04712103407754853,5.099999999999994,31.6,15.279999999999998,4,1,0,1,5,25.0,False,False,False,False,"Signed reconciliation and persistence evidence for review; heuristic bands are engineering choices, not MPLADS rules or final decisions."
W-002006,COMPLETION,101.52574698029244,101.5,100.0,1.525746980292439,1.525746980292439,1.5,-0.025746980292439048,1.5,31.599999999999994,16.466666666666665,3,1,0,1,3,25.0,False,False,False,False,"Signed reconciliation and persistence evidence for review; heuristic bands are engineering choices, not MPLADS rules or final decisions."
W-002007,COMPLETION,97.47739171822941,97.5,100.0,-2.5226082817705873,2.5226082817705873,-2.5,0.02260828177058727,-2.5,58.7,25.571428571428573,6,3,0,3,7,25.0,False,True,False,False,"Signed reconciliation and persistence evidence for review; heuristic bands are engineering choices, not MPLADS rules or final decisions."
W-002008,EXECUTION,78.64077669902913,78.6,83.2,-4.559223300970871,4.559223300970871,-4.6000000000000085,-0.04077669902913783,-4.6000000000000085,46.099999999999994,12.279999999999992,3,1,0,1,5,25.0,False,False,False,False,"Signed reconciliation and persistence evidence for review; heuristic bands are engineering choices, not MPLADS rules or final decisions."
W-002009,COMPLETION,97.81149693609571,97.8,100.0,-2.1885030639042924,2.1885030639042924,-2.200000000000003,-0.011496936095710453,-2.200000000000003,18.700000000000003,-15.375,1,0,0,0,4,25.0,False,False,False,False,"Signed reconciliation and persistence evidence for review; heuristic bands are engineering choices, not MPLADS rules or final decisions."
W-002010,EXECUTION,25.033557046979865,25.0,26.6,-1.566442953020136,1.566442953020136,-1.6000000000000014,-0.03355704697986539,-1.6000000000000014,7.5,3.8333333333333326,2,0,0,0,3,25.0,False,False,False,False,"Signed reconciliation and persistence evidence for review; heuristic bands are engineering choices, not MPLADS rules or final decisions."
W-002011,COMPLETION,106.68510834485939,106.7,100.0,6.685108344859387,6.685108344859387,6.700000000000003,0.014891655140615967,6.700000000000003,55.10000000000001,35.625,4,3,0,3,4,25.0,False,True,False,False,"Signed reconciliation and persistence evidence for review; heuristic bands are engineering choices, not MPLADS rules or final decisions."
W-002012,EXECUTION,83.02055406613047,83.0,86.9,-3.8794459338695333,3.8794459338695333,-3.9000000000000057,-0.020554066130472393,-3.9000000000000057,34.3,-2.7142857142857144,3,1,0,1,7,25.0,False,False,False,False,"Signed reconciliation and persistence evidence for review; heuristic bands are engineering choices, not MPLADS rules or final decisions."
W-002013,EXECUTION,0.0,0.0,0.0,0.0,0.0,0.0,0.0,0.0,0.0,0.0,0,0,0,0,1,25.0,False,False,False,False,"Signed reconciliation and persistence evidence for review; heuristic bands are engineering choices, not MPLADS rules or final decisions."
W-002014,COMPLETION,106.70731707317073,106.7,100.0,6.707317073170728,6.707317073170728,6.700000000000003,-0.0073170731707250525,6.700000000000003,44.4,13.65,3,2,0,2,4,25.0,False,True,False,False,"Signed reconciliation and persistence evidence for review; heuristic bands are engineering choices, not MPLADS rules or final decisions."
W-002015,COMPLETION,104.36213991769547,104.4,100.0,4.3621399176954725,4.3621399176954725,4.400000000000006,0.037860082304533194,4.400000000000006,40.800000000000004,24.120000000000005,5,3,0,3,5,25.0,False,True,False,False,"Signed reconciliation and persistence evidence for review; heuristic bands are engineering choices, not MPLADS rules or final decisions."
W-002016,EXECUTION,94.95586380832283,95.0,89.7,5.255863808322829,5.255863808322829,5.299999999999997,0.04413619167716831,5.299999999999997,5.299999999999997,-15.366666666666667,1,0,0,0,3,25.0,False,False,False,False,"Signed reconciliation and persistence evidence for review; heuristic bands are engineering choices, not MPLADS rules or final decisions."
W-002017,EXECUTION,81.64179104477611,81.6,94.8,-13.158208955223884,13.158208955223884,-13.200000000000003,-0.041791044776118724,-13.200000000000003,17.999999999999996,7.266666666666666,2,0,0,0,3,25.0,False,False,False,False,"Signed reconciliation and persistence evidence for review; heuristic bands are engineering choices, not MPLADS rules or final decisions."
W-002018,COMPLETION,98.5202492211838,98.5,100.0,-1.4797507788161965,1.4797507788161965,-1.5,-0.020249221183803456,-1.5,69.8,34.4,3,2,0,2,4,25.0,False,True,False,False,"Signed reconciliation and persistence evidence for review; heuristic bands are engineering choices, not MPLADS rules or final decisions."
W-002019,EXECUTION,65.53002223869532,65.5,67.5,-1.9699777613046763,1.9699777613046763,-2.0,-0.030022238695323722,-2.0,38.900000000000006,12.625000000000002,3,1,0,1,4,25.0,False,False,False,False,"Signed reconciliation and persistence evidence for review; heuristic bands are engineering choices, not MPLADS rules or final decisions."
W-002020,EXECUTION,84.57680250783699,84.6,79.1,5.476802507836993,5.476802507836993,5.5,0.023197492163006928,5.5,15.899999999999999,-4.879999999999998,2,0,0,0,5,25.0,False,False,False,False,"Signed reconciliation and persistence evidence for review; heuristic bands are engineering choices, not MPLADS rules or final decisions."
W-002021,EXECUTION,21.281645569620252,21.3,23.8,-2.5183544303797483,2.5183544303797483,-2.5,0.018354430379748266,-2.5,-1.1,-5.400000000000001,0,0,0,0,6,25.0,False,False,False,False,"Signed reconciliation and persistence evidence for review; heuristic bands are engineering choices, not MPLADS rules or final decisions."
W-002023,COMPLETION,103.6082474226804,103.6,100.0,3.6082474226804067,3.6082474226804067,3.5999999999999943,-0.008247422680412342,3.5999999999999943,37.099999999999994,13.133333333333331,2,1,0,1,3,25.0,False,False,False,False,"Signed reconciliation and persistence evidence for review; heuristic bands are engineering choices, not MPLADS rules or final decisions."
W-002024,EXECUTION,91.32743362831859,91.3,91.4,-0.07256637168141822,0.07256637168141822,-0.10000000000000853,-0.02743362831859031,-0.10000000000000853,90.5,41.512499999999996,7,6,0,6,8,25.0,False,True,False,False,"Signed reconciliation and persistence evidence for review; heuristic bands are engineering choices, not MPLADS rules or final decisions."
W-002025,COMPLETION,98.63925883034163,98.6,100.0,-1.3607411696583682,1.3607411696583682,-1.4000000000000057,-0.03925883034163746,-1.4000000000000057,70.3,33.86666666666666,2,2,0,2,3,25.0,False,True,False,False,"Signed reconciliation and persistence evidence for review; heuristic bands are engineering choices, not MPLADS rules or final decisions."
W-002026,COMPLETION,107.87518573551263,107.9,100.0,7.8751857355126305,7.8751857355126305,7.900000000000006,0.024814264487375226,7.900000000000006,35.400000000000006,0.02500000000000213,3,1,0,1,8,25.0,False,False,False,False,"Signed reconciliation and persistence evidence for review; heuristic bands are engineering choices, not MPLADS rules or final decisions."
W-002027,COMPLETION,106.87719298245614,106.9,100.0,6.877192982456137,6.877192982456137,6.900000000000006,0.022807017543868824,6.900000000000006,65.80000000000001,32.20000000000001,7,4,0,4,7,25.0,False,True,False,False,"Signed reconciliation and persistence evidence for review; heuristic bands are engineering choices, not MPLADS rules or final decisions."
W-002028,COMPLETION,98.74450721908349,98.7,100.0,-1.2554927809165122,1.2554927809165122,-1.2999999999999972,-0.04450721908348498,-1.2999999999999972,30.0,15.200000000000001,2,1,0,1,3,25.0,False,False,False,False,"Signed reconciliation and persistence evidence for review; heuristic bands are engineering choices, not MPLADS rules or final decisions."
W-002029,COMPLETION,98.58115777525539,98.6,100.0,-1.4188422247446084,1.4188422247446084,-1.4000000000000057,0.01884222474460273,-1.4000000000000057,73.8,30.449999999999996,6,5,0,5,8,25.0,False,True,False,False,"Signed reconciliation and persistence evidence for review; heuristic bands are engineering choices, not MPLADS rules or final decisions."
W-002030,COMPLETION,106.22887493964268,106.2,100.0,6.2288749396426795,6.2288749396426795,6.200000000000003,-0.028874939642676622,6.200000000000003,69.2,36.53333333333334,3,2,0,2,3,25.0,False,True,False,False,"Signed reconciliation and persistence evidence for review; heuristic bands are engineering choices, not MPLADS rules or final decisions."
W-002031,COMPLETION,93.62631714212284,93.6,100.0,-6.3736828578771565,6.3736828578771565,-6.400000000000006,-0.02631714212284919,-6.400000000000006,63.8,25.33333333333333,5,3,0,3,6,25.0,False,True,False,False,"Signed reconciliation and persistence evidence for review; heuristic bands are engineering choices, not MPLADS rules or final decisions."
W-002032,COMPLETION,104.3956043956044,104.4,100.0,4.395604395604394,4.395604395604394,4.400000000000006,0.004395604395611485,4.400000000000006,39.30000000000001,10.366666666666669,4,1,0,1,6,25.0,False,False,False,False,"Signed reconciliation and persistence evidence for review; heuristic bands are engineering choices, not MPLADS rules or final decisions."
W-002033,EXECUTION,92.79642058165548,92.8,90.7,2.0964205816554795,2.0964205816554795,2.0999999999999943,0.0035794183445148064,2.0999999999999943,46.4,19.12857142857143,7,2,0,2,7,25.0,False,True,False,False,"Signed reconciliation and persistence evidence for review; heuristic bands are engineering choices, not MPLADS rules or final decisions."
W-002035,EXECUTION,102.30179028132993,102.3,95.0,7.301790281329929,7.301790281329929,7.299999999999997,-0.0017902813299315312,7.299999999999997,77.6,45.36,5,4,0,4,5,25.0,False,True,False,False,"Signed reconciliation and persistence evidence for review; heuristic bands are engineering choices, not MPLADS rules or final decisions."
W-002037,COMPLETION,102.91325695581014,102.9,100.0,2.913256955810141,2.913256955810141,2.9000000000000057,-0.013256955810135196,2.9000000000000057,46.400000000000006,30.950000000000006,4,3,0,3,4,25.0,False,True,False,False,"Signed reconciliation and persistence evidence for review; heuristic bands are engineering choices, not MPLADS rules or final decisions."
W-002038,EXECUTION,21.48014440433213,21.5,24.4,-2.919855595667869,2.919855595667869,-2.8999999999999986,0.01985559566787032,-2.8999999999999986,-0.8000000000000007,-4.05,0,0,0,0,4,25.0,False,False,False,False,"Signed reconciliation and persistence evidence for review; heuristic bands are engineering choices, not MPLADS rules or final decisions."
W-002039,EXECUTION,19.702176403207332,19.7,22.6,-2.8978235967926693,2.8978235967926693,-2.900000000000002,-0.002176403207332811,-2.900000000000002,17.2,3.499999999999999,3,0,0,0,7,25.0,False,False,False,False,"Signed reconciliation and persistence evidence for review; heuristic bands are engineering choices, not MPLADS rules or final decisions."
W-002041,COMPLETION,105.03703703703704,105.0,100.0,5.037037037037038,5.037037037037038,5.0,-0.03703703703703809,5.0,61.8,35.58,5,4,0,4,5,25.0,False,True,False,False,"Signed reconciliation and persistence evidence for review; heuristic bands are engineering choices, not MPLADS rules or final decisions."
W-002042,EXECUTION,70.21952628538418,70.2,67.2,3.019526285384174,3.019526285384174,3.0,-0.019526285384174003,3.0,3.0,-10.233333333333334,1,0,0,0,3,25.0,False,False,False,False,"Signed reconciliation and persistence evidence for review; heuristic bands are engineering choices, not MPLADS rules or final decisions."
W-002043,COMPLETION,99.89479221462388,99.9,100.0,-0.1052077853761233,0.1052077853761233,-0.09999999999999432,0.005207785376128982,-0.09999999999999432,80.30000000000001,36.900000000000006,3,2,0,2,4,25.0,False,True,False,False,"Signed reconciliation and persistence evidence for review; heuristic bands are engineering choices, not MPLADS rules or final decisions."
W-002044,EXECUTION,96.63341645885286,96.6,93.1,3.5334164588528694,3.5334164588528694,3.5,-0.03341645885286937,3.5,36.099999999999994,15.6,3,1,0,1,3,25.0,False,False,False,False,"Signed reconciliation and persistence evidence for review; heuristic bands are engineering choices, not MPLADS rules or final decisions."
W-002046,EXECUTION,55.86635586635587,55.9,63.4,-7.533644133644131,7.533644133644131,-7.5,0.0336441336441311,-7.5,3.099999999999998,-5.257142857142857,1,0,0,0,7,25.0,False,False,False,False,"Signed reconciliation and persistence evidence for review; heuristic bands are engineering choices, not MPLADS rules or final decisions."
W-002047,COMPLETION,98.80297638304756,98.8,100.0,-1.1970236169524355,1.1970236169524355,-1.2000000000000028,-0.0029763830475673103,-1.2000000000000028,45.8,23.875,3,2,0,2,4,25.0,False,True,False,False,"Signed reconciliation and persistence evidence for review; heuristic bands are engineering choices, not MPLADS rules or final decisions."
W-002048,EXECUTION,2.1612635078969245,2.2,2.2,-0.038736492103075726,0.038736492103075726,0.0,0.038736492103075726,0.0,0.0,0.0,0,0,0,0,1,25.0,False,False,True,True,"Signed reconciliation and persistence evidence for review; heuristic bands are engineering choices, not MPLADS rules or final decisions."
W-002049,COMPLETION,94.29945054945055,94.3,100.0,-5.700549450549445,5.700549450549445,-5.700000000000003,0.0005494505494425539,-5.700000000000003,41.599999999999994,4.73333333333333,3,2,0,2,6,25.0,False,True,False,False,"Signed reconciliation and persistence evidence for review; heuristic bands are engineering choices, not MPLADS rules or final decisions."
W-002050,COMPLETION,97.73478055686644,97.7,100.0,-2.26521944313356,2.26521944313356,-2.299999999999997,-0.034780556866436996,-2.299999999999997,53.800000000000004,21.8125,6,4,0,4,8,25.0,False,True,False,False,"Signed reconciliation and persistence evidence for review; heuristic bands are engineering choices, not MPLADS rules or final decisions."
W-002051,COMPLETION,92.80510018214936,92.8,100.0,-7.19489981785064,7.19489981785064,-7.200000000000003,-0.0051001821493628086,-7.200000000000003,48.0,20.08,4,2,0,2,5,25.0,False,True,False,False,"Signed reconciliation and persistence evidence for review; heuristic bands are engineering choices, not MPLADS rules or final decisions."
W-002052,COMPLETION,98.97435897435898,99.0,100.0,-1.025641025641022,1.025641025641022,-1.0,0.025641025641021997,-1.0,61.6,35.300000000000004,4,4,0,4,5,25.0,False,True,False,False,"Signed reconciliation and persistence evidence for review; heuristic bands are engineering choices, not MPLADS rules or final decisions."
W-002053,EXECUTION,49.027552674230144,49.0,51.3,-2.2724473257698534,2.2724473257698534,-2.299999999999997,-0.027552674230143737,-2.299999999999997,-1.5,-5.175,0,0,0,0,4,25.0,False,False,False,False,"Signed reconciliation and persistence evidence for review; heuristic bands are engineering choices, not MPLADS rules or final decisions."
W-002054,EXECUTION,86.54066437571592,86.5,93.2,-6.659335624284083,6.659335624284083,-6.700000000000003,-0.04066437571592019,-6.700000000000003,23.099999999999994,7.379999999999998,3,0,0,0,5,25.0,False,False,False,False,"Signed reconciliation and persistence evidence for review; heuristic bands are engineering choices, not MPLADS rules or final decisions."
W-002055,COMPLETION,93.72141372141373,93.7,100.0,-6.278586278586275,6.278586278586275,-6.299999999999997,-0.021413721413722442,-6.299999999999997,59.6,26.733333333333334,2,2,0,2,3,25.0,False,True,False,False,"Signed reconciliation and persistence evidence for review; heuristic bands are engineering choices, not MPLADS rules or final decisions."
W-002056,EXECUTION,71.27753303964758,71.3,75.6,-4.322466960352415,4.322466960352415,-4.299999999999997,0.022466960352417686,-4.299999999999997,50.0,19.2,2,1,0,1,3,25.0,False,False,False,False,"Signed reconciliation and persistence evidence for review; heuristic bands are engineering choices, not MPLADS rules or final decisions."
W-002057,EXECUTION,48.77949552481692,48.8,46.0,2.779495524816923,2.779495524816923,2.799999999999997,0.020504475183074078,2.799999999999997,5.899999999999999,-0.3666666666666674,3,0,0,0,6,25.0,False,False,False,False,"Signed reconciliation and persistence evidence for review; heuristic bands are engineering choices, not MPLADS rules or final decisions."
W-002058,COMPLETION,105.27777777777777,105.3,100.0,5.2777777777777715,5.2777777777777715,5.299999999999997,0.022222222222225696,5.299999999999997,53.3,28.05,6,3,0,2,6,25.0,False,True,False,False,"Signed reconciliation and persistence evidence for review; heuristic bands are engineering choices, not MPLADS rules or final decisions."
W-002059,COMPLETION,104.99640546369518,105.0,100.0,4.996405463695183,4.996405463695183,5.0,0.0035945363048170975,5.0,41.2,28.5,3,2,0,2,3,25.0,False,True,False,False,"Signed reconciliation and persistence evidence for review; heuristic bands are engineering choices, not MPLADS rules or final decisions."
W-002060,COMPLETION,93.19349315068493,93.2,100.0,-6.80650684931507,6.80650684931507,-6.799999999999997,0.006506849315073282,-6.799999999999997,25.700000000000003,10.500000000000004,4,1,0,1,5,25.0,False,False,False,False,"Signed reconciliation and persistence evidence for review; heuristic bands are engineering choices, not MPLADS rules or final decisions."
W-002061,COMPLETION,107.72442588726514,107.7,100.0,7.7244258872651415,7.7244258872651415,7.700000000000003,-0.024425887265138613,7.700000000000003,70.30000000000001,25.75714285714286,6,4,0,4,7,25.0,False,True,False,False,"Signed reconciliation and persistence evidence for review; heuristic bands are engineering choices, not MPLADS rules or final decisions."
W-002062,COMPLETION,102.0,102.0,100.0,2.0,2.0,2.0,0.0,2.0,54.5,31.366666666666664,3,2,0,2,3,25.0,False,True,False,False,"Signed reconciliation and persistence evidence for review; heuristic bands are engineering choices, not MPLADS rules or final decisions."
W-002063,EXECUTION,14.497920380273321,14.5,14.3,0.19792038027332026,0.19792038027332026,0.1999999999999993,0.0020796197266790273,0.1999999999999993,8.3,3.45,6,0,0,0,8,25.0,False,False,False,False,"Signed reconciliation and persistence evidence for review; heuristic bands are engineering choices, not MPLADS rules or final decisions."
W-002064,COMPLETION,104.21705426356588,104.2,100.0,4.217054263565885,4.217054263565885,4.200000000000003,-0.01705426356588191,4.200000000000003,40.800000000000004,19.74285714285714,6,4,0,4,7,25.0,False,True,False,False,"Signed reconciliation and persistence evidence for review; heuristic bands are engineering choices, not MPLADS rules or final decisions."
W-002065,EXECUTION,51.84896847022188,51.8,60.0,-8.151031529778123,8.151031529778123,-8.200000000000003,-0.048968470221879556,-8.200000000000003,1.0,-2.4666666666666672,1,0,0,0,3,25.0,False,False,False,False,"Signed reconciliation and persistence evidence for review; heuristic bands are engineering choices, not MPLADS rules or final decisions."
W-002066,EXECUTION,76.37795275590551,76.4,86.5,-10.122047244094489,10.122047244094489,-10.099999999999994,0.022047244094494545,-10.099999999999994,-10.099999999999994,-14.1,0,0,0,0,3,25.0,False,False,False,False,"Signed reconciliation and persistence evidence for review; heuristic bands are engineering choices, not MPLADS rules or final decisions."
W-002067,EXECUTION,73.78414390406395,73.8,84.4,-10.615856095936053,10.615856095936053,-10.600000000000009,0.015856095936044312,-10.600000000000009,26.900000000000002,10.466666666666663,2,1,0,1,3,25.0,False,False,False,False,"Signed reconciliation and persistence evidence for review; heuristic bands are engineering choices, not MPLADS rules or final decisions."
W-002068,COMPLETION,104.98978698570178,105.0,100.0,4.989786985701784,4.989786985701784,5.0,0.010213014298216194,5.0,45.199999999999996,30.2,3,2,0,2,3,25.0,False,True,False,False,"Signed reconciliation and persistence evidence for review; heuristic bands are engineering choices, not MPLADS rules or final decisions."
W-002069,COMPLETION,137.37537052007545,137.4,100.0,37.37537052007545,37.37537052007545,37.400000000000006,0.024629479924556108,37.400000000000006,117.9,77.5,5,5,5,5,5,25.0,True,True,False,False,"Signed reconciliation and persistence evidence for review; heuristic bands are engineering choices, not MPLADS rules or final decisions."
W-002070,COMPLETION,92.68784669692386,92.7,100.0,-7.312153303076144,7.312153303076144,-7.299999999999997,0.012153303076146926,-7.299999999999997,32.8,1.5833333333333333,3,1,0,1,6,25.0,False,False,False,False,"Signed reconciliation and persistence evidence for review; heuristic bands are engineering choices, not MPLADS rules or final decisions."
W-002071,COMPLETION,106.81688533941814,106.8,100.0,6.8168853394181355,6.8168853394181355,6.799999999999997,-0.0168853394181383,6.799999999999997,24.099999999999994,-21.900000000000006,2,0,0,0,6,25.0,False,False,False,False,"Signed reconciliation and persistence evidence for review; heuristic bands are engineering choices, not MPLADS rules or final decisions."
W-002072,COMPLETION,106.47024841132294,106.5,100.0,6.470248411322942,6.470248411322942,6.5,0.029751588677058294,6.5,15.400000000000006,-7.785714285714284,2,0,0,0,7,25.0,False,False,False,False,"Signed reconciliation and persistence evidence for review; heuristic bands are engineering choices, not MPLADS rules or final decisions."
W-002073,COMPLETION,102.48484848484848,102.5,100.0,2.4848484848484844,2.4848484848484844,2.5,0.015151515151515582,2.5,56.6,36.142857142857146,7,5,0,5,7,25.0,False,True,False,False,"Signed reconciliation and persistence evidence for review; heuristic bands are engineering choices, not MPLADS rules or final decisions."
W-002074,COMPLETION,98.36939479460646,98.4,100.0,-1.630605205393536,1.630605205393536,-1.5999999999999943,0.030605205393541723,-1.5999999999999943,46.800000000000004,21.283333333333335,5,2,0,2,6,25.0,False,True,False,False,"Signed reconciliation and persistence evidence for review; heuristic bands are engineering choices, not MPLADS rules or final decisions."
W-002075,EXECUTION,85.53643354082753,85.5,82.5,3.036433540827531,3.036433540827531,3.0,-0.03643354082753092,3.0,75.2,39.61666666666667,6,5,0,5,6,25.0,False,True,False,False,"Signed reconciliation and persistence evidence for review; heuristic bands are engineering choices, not MPLADS rules or final decisions."
W-002076,EXECUTION,82.18923933209648,82.2,88.7,-6.510760667903526,6.510760667903526,-6.5,0.0107606679035257,-6.5,21.1,-12.783333333333333,2,0,0,0,6,25.0,False,False,False,False,"Signed reconciliation and persistence evidence for review; heuristic bands are engineering choices, not MPLADS rules or final decisions."
W-002079,COMPLETION,96.60657476139978,96.6,100.0,-3.3934252386002157,3.3934252386002157,-3.4000000000000057,-0.0065747613997899634,-3.4000000000000057,42.800000000000004,21.2,2,1,0,1,3,25.0,False,False,False,False,"Signed reconciliation and persistence evidence for review; heuristic bands are engineering choices, not MPLADS rules or final decisions."
W-002080,EXECUTION,88.14159292035399,88.1,83.4,4.74159292035398,4.74159292035398,4.699999999999989,-0.04159292035399176,4.699999999999989,4.699999999999989,-19.220000000000002,1,0,0,0,5,25.0,False,False,False,False,"Signed reconciliation and persistence evidence for review; heuristic bands are engineering choices, not MPLADS rules or final decisions."
W-002081,COMPLETION,104.87507617306521,104.9,100.0,4.87507617306521,4.87507617306521,4.900000000000006,0.024923826934795557,4.900000000000006,55.9,36.2,4,3,0,3,4,25.0,False,True,False,False,"Signed reconciliation and persistence evidence for review; heuristic bands are engineering choices, not MPLADS rules or final decisions."
W-002082,COMPLETION,102.86722540802823,102.9,100.0,2.867225408028233,2.867225408028233,2.9000000000000057,0.03277459197177279,2.9000000000000057,17.80000000000001,-20.079999999999995,2,0,0,0,5,25.0,False,False,False,False,"Signed reconciliation and persistence evidence for review; heuristic bands are engineering choices, not MPLADS rules or final decisions."
W-002083,EXECUTION,29.30118512464242,29.3,33.7,-4.3988148753575835,4.3988148753575835,-4.400000000000002,-0.0011851246424186002,-4.400000000000002,-4.400000000000002,-11.366666666666669,0,0,0,0,6,25.0,False,False,False,False,"Signed reconciliation and persistence evidence for review; heuristic bands are engineering choices, not MPLADS rules or final decisions."
W-002084,COMPLETION,100.05257623554154,100.1,100.0,0.052576235541536676,0.052576235541536676,0.09999999999999432,0.04742376445845764,0.09999999999999432,29.799999999999997,10.049999999999999,4,1,0,1,4,25.0,False,False,False,False,"Signed reconciliation and persistence evidence for review; heuristic bands are engineering choices, not MPLADS rules or final decisions."
W-002085,COMPLETION,107.8870900788709,107.9,100.0,7.887090078870898,7.887090078870898,7.900000000000006,0.012909921129107715,7.900000000000006,80.4,47.62500000000001,4,3,0,3,4,25.0,False,True,False,False,"Signed reconciliation and persistence evidence for review; heuristic bands are engineering choices, not MPLADS rules or final decisions."
W-002086,COMPLETION,104.3351193375548,104.3,100.0,4.335119337554801,4.335119337554801,4.299999999999997,-0.035119337554803565,4.299999999999997,4.299999999999997,-8.966666666666663,2,0,0,0,3,25.0,False,False,False,False,"Signed reconciliation and persistence evidence for review; heuristic bands are engineering choices, not MPLADS rules or final decisions."
W-002088,COMPLETION,92.08972845336481,92.1,100.0,-7.910271546635187,7.910271546635187,-7.900000000000006,0.01027154663518104,-7.900000000000006,56.5,28.799999999999994,7,4,0,4,8,25.0,False,True,False,False,"Signed reconciliation and persistence evidence for review; heuristic bands are engineering choices, not MPLADS rules or final decisions."
W-002089,COMPLETION,104.99685732243871,105.0,100.0,4.996857322438714,4.996857322438714,5.0,0.0031426775612857227,5.0,40.5,14.180000000000001,4,2,0,2,5,25.0,False,True,False,False,"Signed reconciliation and persistence evidence for review; heuristic bands are engineering choices, not MPLADS rules or final decisions."
W-002090,COMPLETION,106.93261037955074,106.9,100.0,6.932610379550738,6.932610379550738,6.900000000000006,-0.032610379550732205,6.900000000000006,62.2,23.300000000000004,7,4,0,4,8,25.0,False,True,False,False,"Signed reconciliation and persistence evidence for review; heuristic bands are engineering choices, not MPLADS rules or final decisions."
W-002091,EXECUTION,76.2472885032538,76.2,70.9,5.347288503253793,5.347288503253793,5.299999999999997,-0.047288503253795966,5.299999999999997,5.299999999999997,-9.000000000000002,1,0,0,0,3,25.0,False,False,False,False,"Signed reconciliation and persistence evidence for review; heuristic bands are engineering choices, not MPLADS rules or final decisions."
W-002092,EXECUTION,97.32047159699893,97.3,94.3,3.020471596998931,3.020471596998931,3.0,-0.020471596998930863,3.0,44.5,28.516666666666666,6,4,0,4,6,25.0,False,True,False,False,"Signed reconciliation and persistence evidence for review; heuristic bands are engineering choices, not MPLADS rules or final decisions."
W-002093,COMPLETION,103.32541567695962,103.3,100.0,3.325415676959622,3.325415676959622,3.299999999999997,-0.02541567695962499,3.299999999999997,3.299999999999997,-8.016666666666666,2,0,0,0,6,25.0,False,False,False,False,"Signed reconciliation and persistence evidence for review; heuristic bands are engineering choices, not MPLADS rules or final decisions."
W-002094,COMPLETION,103.87878787878788,103.9,100.0,3.8787878787878753,3.8787878787878753,3.9000000000000057,0.02121212121213034,3.9000000000000057,34.7,15.433333333333335,5,3,0,2,6,25.0,False,True,False,False,"Signed reconciliation and persistence evidence for review; heuristic bands are engineering choices, not MPLADS rules or final decisions."
W-002095,EXECUTION,84.35374149659864,84.4,84.1,0.25374149659865,0.25374149659865,0.30000000000001137,0.046258503401361395,0.30000000000001137,11.800000000000011,-17.266666666666662,2,0,0,0,6,25.0,False,False,False,False,"Signed reconciliation and persistence evidence for review; heuristic bands are engineering choices, not MPLADS rules or final decisions."
W-002096,COMPLETION,105.00379075056861,105.0,100.0,5.003790750568612,5.003790750568612,5.0,-0.0037907505686121112,5.0,67.9,35.62,5,4,0,4,5,25.0,False,True,False,False,"Signed reconciliation and persistence evidence for review; heuristic bands are engineering choices, not MPLADS rules or final decisions."
W-002097,EXECUTION,84.2433697347894,84.2,84.0,0.24336973478939683,0.24336973478939683,0.20000000000000284,-0.04336973478939399,0.20000000000000284,23.200000000000003,5.425000000000002,3,0,0,0,4,25.0,False,False,False,False,"Signed reconciliation and persistence evidence for review; heuristic bands are engineering choices, not MPLADS rules or final decisions."
W-002098,COMPLETION,92.0,92.0,100.0,-8.0,8.0,-8.0,0.0,-8.0,24.900000000000006,7.200000000000003,2,0,0,0,3,25.0,False,False,False,False,"Signed reconciliation and persistence evidence for review; heuristic bands are engineering choices, not MPLADS rules or final decisions."
W-002099,COMPLETION,99.93577392421324,99.9,100.0,-0.0642260757867632,0.0642260757867632,-0.09999999999999432,-0.03577392421323111,-0.09999999999999432,72.10000000000001,36.20000000000001,3,2,0,2,4,25.0,False,True,False,False,"Signed reconciliation and persistence evidence for review; heuristic bands are engineering choices, not MPLADS rules or final decisions."
W-002100,COMPLETION,91.67244968771686,91.7,100.0,-8.327550312283137,8.327550312283137,-8.299999999999997,0.027550312283139533,-8.299999999999997,57.300000000000004,28.925,3,3,0,3,4,25.0,False,True,False,False,"Signed reconciliation and persistence evidence for review; heuristic bands are engineering choices, not MPLADS rules or final decisions."
W-002101,COMPLETION,97.94871794871794,97.9,100.0,-2.051282051282058,2.051282051282058,-2.0999999999999943,-0.04871794871793611,-2.0999999999999943,48.2,25.350000000000005,3,2,0,2,4,25.0,False,True,False,False,"Signed reconciliation and persistence evidence for review; heuristic bands are engineering choices, not MPLADS rules or final decisions."
W-002102,COMPLETION,105.93194820837097,105.9,100.0,5.931948208370969,5.931948208370969,5.900000000000006,-0.031948208370963016,5.900000000000006,28.900000000000006,-7.371428571428571,3,1,0,1,7,25.0,False,False,False,False,"Signed reconciliation and persistence evidence for review; heuristic bands are engineering choices, not MPLADS rules or final decisions."
W-002103,EXECUTION,62.619502868068835,62.6,58.9,3.7195028680688367,3.7195028680688367,3.700000000000003,-0.019502868068833834,3.700000000000003,16.9,8.233333333333334,3,0,0,0,3,25.0,False,False,False,False,"Signed reconciliation and persistence evidence for review; heuristic bands are engineering choices, not MPLADS rules or final decisions."
W-002105,COMPLETION,95.5223880597015,95.5,100.0,-4.477611940298502,4.477611940298502,-4.5,-0.022388059701498264,-4.5,60.7,30.100000000000005,2,2,0,2,3,25.0,False,True,False,False,"Signed reconciliation and persistence evidence for review; heuristic bands are engineering choices, not MPLADS rules or final decisions."
W-002106,COMPLETION,103.5895986433013,103.6,100.0,3.5895986433013007,3.5895986433013007,3.5999999999999943,0.010401356698693576,3.5999999999999943,63.3,33.18,5,3,0,3,5,25.0,False,True,False,False,"Signed reconciliation and persistence evidence for review; heuristic bands are engineering choices, not MPLADS rules or final decisions."
W-002107,COMPLETION,102.29127432517264,102.3,100.0,2.291274325172637,2.291274325172637,2.299999999999997,0.008725674827360308,2.299999999999997,76.4,27.133333333333336,5,3,0,3,6,25.0,False,True,False,False,"Signed reconciliation and persistence evidence for review; heuristic bands are engineering choices, not MPLADS rules or final decisions."
W-002108,COMPLETION,97.29286300246103,97.3,100.0,-2.707136997538967,2.707136997538967,-2.700000000000003,0.007136997538964351,-2.700000000000003,42.4,17.124999999999996,3,1,0,1,4,25.0,False,False,False,False,"Signed reconciliation and persistence evidence for review; heuristic bands are engineering choices, not MPLADS rules or final decisions."
W-002109,EXECUTION,38.39820359281437,38.4,42.9,-4.50179640718563,4.50179640718563,-4.5,0.0017964071856297892,-4.5,1.6000000000000014,-10.8,1,0,0,0,8,25.0,False,False,False,False,"Signed reconciliation and persistence evidence for review; heuristic bands are engineering choices, not MPLADS rules or final decisions."
W-002110,COMPLETION,103.54924578527063,103.5,100.0,3.549245785270628,3.549245785270628,3.5,-0.04924578527062806,3.5,45.2,23.3,3,1,0,1,3,25.0,False,False,False,False,"Signed reconciliation and persistence evidence for review; heuristic bands are engineering choices, not MPLADS rules or final decisions."
W-002111,COMPLETION,104.98679964799061,105.0,100.0,4.986799647990608,4.986799647990608,5.0,0.013200352009391736,5.0,43.099999999999994,19.799999999999997,4,3,0,3,5,25.0,False,True,False,False,"Signed reconciliation and persistence evidence for review; heuristic bands are engineering choices, not MPLADS rules or final decisions."
W-002112,COMPLETION,98.65092748735245,98.7,100.0,-1.3490725126475525,1.3490725126475525,-1.2999999999999972,0.0490725126475553,-1.2999999999999972,-1.2999999999999972,-12.416666666666664,0,0,0,0,6,25.0,False,False,False,False,"Signed reconciliation and persistence evidence for review; heuristic bands are engineering choices, not MPLADS rules or final decisions."
W-002113,COMPLETION,104.97560975609755,105.0,100.0,4.975609756097555,4.975609756097555,5.0,0.024390243902445263,5.0,67.2,39.166666666666664,3,2,0,2,3,25.0,False,True,False,False,"Signed reconciliation and persistence evidence for review; heuristic bands are engineering choices, not MPLADS rules or final decisions."
W-002114,EXECUTION,29.7628156082632,29.8,32.3,-2.5371843917367976,2.5371843917367976,-2.4999999999999964,0.0371843917368011,-2.4999999999999964,-2.2,-6.285714285714286,0,0,0,0,7,25.0,False,False,False,False,"Signed reconciliation and persistence evidence for review; heuristic bands are engineering choices, not MPLADS rules or final decisions."
W-002115,EXECUTION,85.426731078905,85.4,82.9,2.5267310789049873,2.5267310789049873,2.5,-0.02673107890498727,2.5,65.30000000000001,37.300000000000004,7,5,0,5,7,25.0,False,True,False,False,"Signed reconciliation and persistence evidence for review; heuristic bands are engineering choices, not MPLADS rules or final decisions."
W-002116,COMPLETION,93.41890315052508,93.4,100.0,-6.581096849474918,6.581096849474918,-6.599999999999994,-0.01890315052507674,-6.599999999999994,-4.699999999999999,-11.819999999999999,0,0,0,0,5,25.0,False,False,False,False,"Signed reconciliation and persistence evidence for review; heuristic bands are engineering choices, not MPLADS rules or final decisions."
W-002117,COMPLETION,95.57321225879681,95.6,100.0,-4.426787741203185,4.426787741203185,-4.400000000000006,0.026787741203179394,-4.400000000000006,36.599999999999994,4.899999999999995,5,1,0,1,8,25.0,False,False,False,False,"Signed reconciliation and persistence evidence for review; heuristic bands are engineering choices, not MPLADS rules or final decisions."
W-002118,COMPLETION,105.02599653379549,105.0,100.0,5.025996533795492,5.025996533795492,5.0,-0.025996533795492383,5.0,41.1,17.349999999999998,5,2,0,1,6,25.0,False,False,False,False,"Signed reconciliation and persistence evidence for review; heuristic bands are engineering choices, not MPLADS rules or final decisions."
W-002119,COMPLETION,104.81389578163771,104.8,100.0,4.8138957816377115,4.8138957816377115,4.799999999999997,-0.013895781637714322,4.799999999999997,36.89999999999999,0.7166666666666638,3,1,0,1,6,25.0,False,False,False,False,"Signed reconciliation and persistence evidence for review; heuristic bands are engineering choices, not MPLADS rules or final decisions."
W-002120,COMPLETION,101.21212121212122,101.2,100.0,1.2121212121212182,1.2121212121212182,1.2000000000000028,-0.012121212121215308,1.2000000000000028,48.6,31.35,4,3,0,3,4,25.0,False,True,False,False,"Signed reconciliation and persistence evidence for review; heuristic bands are engineering choices, not MPLADS rules or final decisions."
W-002122,COMPLETION,107.64063811922755,107.6,100.0,7.640638119227546,7.640638119227546,7.599999999999994,-0.04063811922755178,7.599999999999994,27.5,7.9499999999999975,3,1,0,1,4,25.0,False,False,False,False,"Signed reconciliation and persistence evidence for review; heuristic bands are engineering choices, not MPLADS rules or final decisions."
W-002123,COMPLETION,99.26253687315634,99.3,100.0,-0.7374631268436644,0.7374631268436644,-0.7000000000000028,0.0374631268436616,-0.7000000000000028,60.3,32.06,4,3,0,3,5,25.0,False,True,False,False,"Signed reconciliation and persistence evidence for review; heuristic bands are engineering choices, not MPLADS rules or final decisions."
W-002124,EXECUTION,62.73115220483641,62.7,58.1,4.631152204836411,4.631152204836411,4.600000000000001,-0.03115220483640968,4.600000000000001,12.899999999999999,8.4,3,0,0,0,3,25.0,False,False,False,False,"Signed reconciliation and persistence evidence for review; heuristic bands are engineering choices, not MPLADS rules or final decisions."
W-002125,EXECUTION,90.94972067039106,90.9,93.4,-2.4502793296089465,2.4502793296089465,-2.5,-0.049720670391053545,-2.5,-2.5,-23.899999999999995,0,0,0,0,3,25.0,False,False,False,False,"Signed reconciliation and persistence evidence for review; heuristic bands are engineering choices, not MPLADS rules or final decisions."
W-002126,COMPLETION,93.91056137012369,93.9,100.0,-6.089438629876312,6.089438629876312,-6.099999999999994,-0.010561370123681968,-6.099999999999994,53.0,29.950000000000003,3,2,0,2,4,25.0,False,True,False,False,"Signed reconciliation and persistence evidence for review; heuristic bands are engineering choices, not MPLADS rules or final decisions."
W-002127,EXECUTION,32.2467731349814,32.2,36.8,-4.553226865018594,4.553226865018594,-4.599999999999994,-0.04677313498140023,-4.599999999999994,5.799999999999999,0.10000000000000075,5,0,0,0,8,25.0,False,False,False,False,"Signed reconciliation and persistence evidence for review; heuristic bands are engineering choices, not MPLADS rules or final decisions."
W-002128,COMPLETION,107.12951432129515,107.1,100.0,7.129514321295147,7.129514321295147,7.099999999999994,-0.029514321295152968,7.099999999999994,35.300000000000004,3.8714285714285728,4,1,0,1,7,25.0,False,False,False,False,"Signed reconciliation and persistence evidence for review; heuristic bands are engineering choices, not MPLADS rules or final decisions."
W-002129,COMPLETION,105.17711171662125,105.2,100.0,5.177111716621255,5.177111716621255,5.200000000000003,0.022888283378748042,5.200000000000003,17.799999999999997,6.700000000000001,3,0,0,0,4,25.0,False,False,False,False,"Signed reconciliation and persistence evidence for review; heuristic bands are engineering choices, not MPLADS rules or final decisions."
W-002131,COMPLETION,94.95884773662551,95.0,100.0,-5.041152263374485,5.041152263374485,-5.0,0.04115226337448519,-5.0,69.2,36.083333333333336,5,4,0,4,6,25.0,False,True,False,False,"Signed reconciliation and persistence evidence for review; heuristic bands are engineering choices, not MPLADS rules or final decisions."
W-002132,EXECUTION,17.159763313609467,17.2,16.0,1.1597633136094672,1.1597633136094672,1.1999999999999993,0.04023668639053213,1.1999999999999993,12.399999999999999,-1.8142857142857143,2,0,0,0,7,25.0,False,False,False,False,"Signed reconciliation and persistence evidence for review; heuristic bands are engineering choices, not MPLADS rules or final decisions."
W-002133,COMPLETION,102.01058201058201,102.0,100.0,2.010582010582013,2.010582010582013,2.0,-0.010582010582012913,2.0,43.0,18.5,6,3,0,2,7,25.0,False,True,False,False,"Signed reconciliation and persistence evidence for review; heuristic bands are engineering choices, not MPLADS rules or final decisions."
W-002134,COMPLETION,104.99648135116115,105.0,100.0,4.996481351161151,4.996481351161151,5.0,0.0035186488388490034,5.0,61.4,33.48,5,3,0,3,5,25.0,False,True,False,False,"Signed reconciliation and persistence evidence for review; heuristic bands are engineering choices, not MPLADS rules or final decisions."
W-002135,COMPLETION,141.96567862714508,142.0,100.0,41.96567862714508,41.96567862714508,42.0,0.034321372854918764,42.0,62.400000000000006,31.580000000000002,5,3,3,3,5,25.0,True,True,False,False,"Signed reconciliation and persistence evidence for review; heuristic bands are engineering choices, not MPLADS rules or final decisions."
W-002136,COMPLETION,106.49132624510352,106.5,100.0,6.491326245103522,6.491326245103522,6.5,0.008673754896477703,6.5,47.4,26.58571428571429,7,4,0,3,7,25.0,False,True,False,False,"Signed reconciliation and persistence evidence for review; heuristic bands are engineering choices, not MPLADS rules or final decisions."
W-002137,EXECUTION,31.742243436754176,31.7,35.2,-3.4577565632458267,3.4577565632458267,-3.5000000000000036,-0.042243436754176855,-3.5000000000000036,-0.7000000000000011,-3.340000000000001,0,0,0,0,5,25.0,False,False,False,False,"Signed reconciliation and persistence evidence for review; heuristic bands are engineering choices, not MPLADS rules or final decisions."
W-002138,COMPLETION,104.08348457350272,104.1,100.0,4.083484573502716,4.083484573502716,4.099999999999994,0.01651542649727844,4.099999999999994,33.89999999999999,23.399999999999995,3,2,0,2,3,25.0,False,True,False,False,"Signed reconciliation and persistence evidence for review; heuristic bands are engineering choices, not MPLADS rules or final decisions."
W-002140,COMPLETION,97.50798722044729,97.5,100.0,-2.4920127795527094,2.4920127795527094,-2.5,-0.00798722044729061,-2.5,66.2,30.566666666666666,2,2,0,2,3,25.0,False,True,False,False,"Signed reconciliation and persistence evidence for review; heuristic bands are engineering choices, not MPLADS rules or final decisions."
W-002141,COMPLETION,104.3613707165109,104.4,100.0,4.361370716510905,4.361370716510905,4.400000000000006,0.038629283489100885,4.400000000000006,72.80000000000001,37.73333333333334,3,2,0,2,3,25.0,False,True,False,False,"Signed reconciliation and persistence evidence for review; heuristic bands are engineering choices, not MPLADS rules or final decisions."
W-002143,COMPLETION,102.34208658623137,102.3,100.0,2.3420865862313747,2.3420865862313747,2.299999999999997,-0.04208658623137751,2.299999999999997,68.0,36.56666666666667,3,2,0,2,3,25.0,False,True,False,False,"Signed reconciliation and persistence evidence for review; heuristic bands are engineering choices, not MPLADS rules or final decisions."
W-002144,COMPLETION,107.94701986754967,107.9,100.0,7.94701986754967,7.94701986754967,7.900000000000006,-0.047019867549664696,7.900000000000006,70.4,37.760000000000005,5,4,0,4,5,25.0,False,True,False,False,"Signed reconciliation and persistence evidence for review; heuristic bands are engineering choices, not MPLADS rules or final decisions."
W-002145,EXECUTION,85.22280471821756,85.2,93.1,-7.877195281782434,7.877195281782434,-7.8999999999999915,-0.02280471821755725,-7.8999999999999915,-7.8999999999999915,-36.125,0,0,0,0,4,25.0,False,False,False,False,"Signed reconciliation and persistence evidence for review; heuristic bands are engineering choices, not MPLADS rules or final decisions."
W-002146,EXECUTION,63.99580125962211,64.0,66.4,-2.4041987403778933,2.4041987403778933,-2.4000000000000057,0.004198740377887589,-2.4000000000000057,6.699999999999999,-3.7714285714285727,2,0,0,0,7,25.0,False,False,False,False,"Signed reconciliation and persistence evidence for review; heuristic bands are engineering choices, not MPLADS rules or final decisions."
W-002147,COMPLETION,104.45912469033857,104.5,100.0,4.4591246903385695,4.4591246903385695,4.5,0.04087530966143049,4.5,68.9,37.9,3,2,0,2,3,25.0,False,True,False,False,"Signed reconciliation and persistence evidence for review; heuristic bands are engineering choices, not MPLADS rules or final decisions."
W-002150,EXECUTION,79.5631825273011,79.6,76.4,3.163182527301089,3.163182527301089,3.1999999999999886,0.03681747269889968,3.1999999999999886,3.1999999999999886,-25.1,1,0,0,0,5,25.0,False,False,False,False,"Signed reconciliation and persistence evidence for review; heuristic bands are engineering choices, not MPLADS rules or final decisions."
W-002151,EXECUTION,30.13270882123341,30.1,34.6,-4.46729117876659,4.46729117876659,-4.5,-0.03270882123340968,-4.5,8.100000000000001,-0.5333333333333329,1,0,0,0,3,25.0,False,False,False,False,"Signed reconciliation and persistence evidence for review; heuristic bands are engineering choices, not MPLADS rules or final decisions."
W-002152,EXECUTION,56.020066889632105,56.0,64.2,-8.179933110367898,8.179933110367898,-8.200000000000003,-0.02006688963210479,-8.200000000000003,14.600000000000001,-0.9000000000000009,1,0,0,0,3,25.0,False,False,False,False,"Signed reconciliation and persistence evidence for review; heuristic bands are engineering choices, not MPLADS rules or final decisions."
W-002153,COMPLETION,103.02166476624858,103.0,100.0,3.021664766248577,3.021664766248577,3.0,-0.02166476624857694,3.0,59.7,17.385714285714286,5,3,0,3,7,25.0,False,True,False,False,"Signed reconciliation and persistence evidence for review; heuristic bands are engineering choices, not MPLADS rules or final decisions."
W-002154,COMPLETION,100.0,100.0,100.0,0.0,0.0,0.0,0.0,0.0,54.0,27.724999999999998,3,2,0,2,4,25.0,False,True,False,False,"Signed reconciliation and persistence evidence for review; heuristic bands are engineering choices, not MPLADS rules or final decisions."
W-002155,EXECUTION,23.75886524822695,23.8,22.2,1.558865248226951,1.558865248226951,1.6000000000000014,0.04113475177305048,1.6000000000000014,1.6000000000000014,-2.5125,3,0,0,0,8,25.0,False,False,False,False,"Signed reconciliation and persistence evidence for review; heuristic bands are engineering choices, not MPLADS rules or final decisions."
W-002156,COMPLETION,102.79291553133515,102.8,100.0,2.7929155313351544,2.7929155313351544,2.799999999999997,0.007084468664842802,2.799999999999997,68.3,30.737499999999997,7,4,0,4,8,25.0,False,True,False,False,"Signed reconciliation and persistence evidence for review; heuristic bands are engineering choices, not MPLADS rules or final decisions."
W-002157,COMPLETION,96.78048780487805,96.8,100.0,-3.2195121951219505,3.2195121951219505,-3.200000000000003,0.019512195121947684,-3.200000000000003,20.900000000000002,-1.9624999999999995,3,0,0,0,8,25.0,False,False,False,False,"Signed reconciliation and persistence evidence for review; heuristic bands are engineering choices, not MPLADS rules or final decisions."
W-002158,EXECUTION,94.53758788534343,94.5,93.0,1.5375878853434273,1.5375878853434273,1.5,-0.037587885343427274,1.5,69.7,33.425,4,2,0,2,4,25.0,False,True,False,False,"Signed reconciliation and persistence evidence for review; heuristic bands are engineering choices, not MPLADS rules or final decisions."
W-002159,COMPLETION,106.06060606060606,106.1,100.0,6.060606060606062,6.060606060606062,6.099999999999994,0.03939393939393199,6.099999999999994,64.1,35.4,4,3,0,3,4,25.0,False,True,False,False,"Signed reconciliation and persistence evidence for review; heuristic bands are engineering choices, not MPLADS rules or final decisions."
W-002160,COMPLETION,103.12035661218425,103.1,100.0,3.1203566121842528,3.1203566121842528,3.0999999999999943,-0.020356612184258438,3.0999999999999943,83.8,42.379999999999995,5,3,0,3,5,25.0,False,True,False,False,"Signed reconciliation and persistence evidence for review; heuristic bands are engineering choices, not MPLADS rules or final decisions."
W-002161,COMPLETION,100.63694267515923,100.6,100.0,0.6369426751592329,0.6369426751592329,0.5999999999999943,-0.03694267515923855,0.5999999999999943,45.099999999999994,15.424999999999995,3,2,0,2,4,25.0,False,True,False,False,"Signed reconciliation and persistence evidence for review; heuristic bands are engineering choices, not MPLADS rules or final decisions."
W-002162,COMPLETION,99.48735475051265,99.5,100.0,-0.512645249487349,0.512645249487349,-0.5,0.01264524948734902,-0.5,48.10000000000001,25.8,2,2,0,2,3,25.0,False,True,False,False,"Signed reconciliation and persistence evidence for review; heuristic bands are engineering choices, not MPLADS rules or final decisions."
W-002163,COMPLETION,104.95049504950495,105.0,100.0,4.950495049504951,4.950495049504951,5.0,0.04950495049504866,5.0,23.400000000000002,4.887500000000002,5,0,0,0,8,25.0,False,False,False,False,"Signed reconciliation and persistence evidence for review; heuristic bands are engineering choices, not MPLADS rules or final decisions."
W-002164,EXECUTION,84.4559585492228,84.5,92.0,-7.5440414507772005,7.5440414507772005,-7.5,0.04404145077720045,-7.5,31.4,12.471428571428572,5,2,0,1,7,25.0,False,False,False,False,"Signed reconciliation and persistence evidence for review; heuristic bands are engineering choices, not MPLADS rules or final decisions."
W-002165,EXECUTION,71.30275229357798,71.3,76.8,-5.497247706422016,5.497247706422016,-5.5,-0.002752293577984233,-5.5,-5.5,-23.15,0,0,0,0,4,25.0,False,False,False,False,"Signed reconciliation and persistence evidence for review; heuristic bands are engineering choices, not MPLADS rules or final decisions."
W-002166,EXECUTION,14.922480620155039,14.9,15.1,-0.17751937984496102,0.17751937984496102,-0.1999999999999993,-0.022480620155038267,-0.1999999999999993,11.0,2.8625000000000007,4,0,0,0,8,25.0,False,False,False,False,"Signed reconciliation and persistence evidence for review; heuristic bands are engineering choices, not MPLADS rules or final decisions."
W-002167,COMPLETION,105.04451038575668,105.0,100.0,5.044510385756681,5.044510385756681,5.0,-0.04451038575668065,5.0,76.0,39.166666666666664,3,2,0,2,3,25.0,False,True,False,False,"Signed reconciliation and persistence evidence for review; heuristic bands are engineering choices, not MPLADS rules or final decisions."
W-002168,EXECUTION,49.490538573508005,49.5,50.9,-1.409461426491994,1.409461426491994,-1.3999999999999986,0.00946142649199544,-1.3999999999999986,5.699999999999999,-0.014285714285713982,3,0,0,0,7,25.0,False,False,False,False,"Signed reconciliation and persistence evidence for review; heuristic bands are engineering choices, not MPLADS rules or final decisions."
W-002169,COMPLETION,102.1324354657688,102.1,100.0,2.1324354657687934,2.1324354657687934,2.0999999999999943,-0.03243546576879908,2.0999999999999943,56.99999999999999,28.299999999999997,4,2,0,2,4,25.0,False,True,False,False,"Signed reconciliation and persistence evidence for review; heuristic bands are engineering choices, not MPLADS rules or final decisions."
W-002170,COMPLETION,101.19931467732724,101.2,100.0,1.1993146773272372,1.1993146773272372,1.2000000000000028,0.0006853226727656647,1.2000000000000028,75.80000000000001,29.625000000000004,7,4,0,4,8,25.0,False,True,False,False,"Signed reconciliation and persistence evidence for review; heuristic bands are engineering choices, not MPLADS rules or final decisions."
W-002171,COMPLETION,102.65291083271923,102.7,100.0,2.652910832719229,2.652910832719229,2.700000000000003,0.047089167280773836,2.700000000000003,51.9,23.428571428571427,7,3,0,3,7,25.0,False,True,False,False,"Signed reconciliation and persistence evidence for review; heuristic bands are engineering choices, not MPLADS rules or final decisions."
W-002173,EXECUTION,48.1421647819063,48.1,51.3,-3.1578352180936946,3.1578352180936946,-3.1999999999999957,-0.04216478190630113,-3.1999999999999957,4.1,0.2666666666666675,1,0,0,0,3,25.0,False,False,False,False,"Signed reconciliation and persistence evidence for review; heuristic bands are engineering choices, not MPLADS rules or final decisions."
W-002175,EXECUTION,98.56557377049181,98.6,94.4,4.165573770491804,4.165573770491804,4.199999999999989,0.03442622950818475,4.199999999999989,37.8,17.025,7,4,0,3,8,25.0,False,True,False,False,"Signed reconciliation and persistence evidence for review; heuristic bands are engineering choices, not MPLADS rules or final decisions."
W-002176,EXECUTION,80.9145129224652,80.9,81.6,-0.6854870775347877,0.6854870775347877,-0.6999999999999886,-0.014512922465200973,-0.6999999999999886,-0.6999999999999886,-12.179999999999998,0,0,0,0,5,25.0,False,False,False,False,"Signed reconciliation and persistence evidence for review; heuristic bands are engineering choices, not MPLADS rules or final decisions."
W-002177,COMPLETION,106.2043795620438,106.2,100.0,6.204379562043798,6.204379562043798,6.200000000000003,-0.004379562043794749,6.200000000000003,75.4,44.785714285714285,7,5,0,5,7,25.0,False,True,False,False,"Signed reconciliation and persistence evidence for review; heuristic bands are engineering choices, not MPLADS rules or final decisions."
W-002178,COMPLETION,103.93586005830903,103.9,100.0,3.935860058309032,3.935860058309032,3.9000000000000057,-0.0358600583090265,3.9000000000000057,79.5,40.2,5,3,0,3,5,25.0,False,True,False,False,"Signed reconciliation and persistence evidence for review; heuristic bands are engineering choices, not MPLADS rules or final decisions."
W-002180,EXECUTION,51.414713015359744,51.4,56.6,-5.185286984640257,5.185286984640257,-5.200000000000003,-0.014713015359745896,-5.200000000000003,-4.5,-9.733333333333336,0,0,0,0,3,25.0,False,False,False,False,"Signed reconciliation and persistence evidence for review; heuristic bands are engineering choices, not MPLADS rules or final decisions."
W-002181,COMPLETION,100.26717557251908,100.3,100.0,0.2671755725190792,0.2671755725190792,0.29999999999999716,0.03282442748091796,0.29999999999999716,51.199999999999996,6.762499999999999,5,2,0,2,8,25.0,False,True,False,False,"Signed reconciliation and persistence evidence for review; heuristic bands are engineering choices, not MPLADS rules or final decisions."
W-002182,COMPLETION,104.9912739965096,105.0,100.0,4.991273996509605,4.991273996509605,5.0,0.008726003490394874,5.0,79.6,33.385714285714286,6,4,0,4,7,25.0,False,True,False,False,"Signed reconciliation and persistence evidence for review; heuristic bands are engineering choices, not MPLADS rules or final decisions."
W-002184,COMPLETION,99.53531598513011,99.5,100.0,-0.46468401486988853,0.46468401486988853,-0.5,-0.03531598513011147,-0.5,54.2,30.849999999999998,3,2,0,2,4,25.0,False,True,False,False,"Signed reconciliation and persistence evidence for review; heuristic bands are engineering choices, not MPLADS rules or final decisions."
W-002185,EXECUTION,62.30088495575221,62.3,65.8,-3.4991150442477874,3.4991150442477874,-3.5,-0.0008849557522125906,-3.5,1.3999999999999986,-12.75,1,0,0,0,6,25.0,False,False,False,False,"Signed reconciliation and persistence evidence for review; heuristic bands are engineering choices, not MPLADS rules or final decisions."
W-002186,COMPLETION,103.24232081911263,103.2,100.0,3.242320819112635,3.242320819112635,3.200000000000003,-0.04232081911263208,3.200000000000003,42.3,15.724999999999998,3,1,0,1,4,25.0,False,False,False,False,"Signed reconciliation and persistence evidence for review; heuristic bands are engineering choices, not MPLADS rules or final decisions."
W-002187,EXECUTION,41.907051282051285,41.9,45.1,-3.192948717948717,3.192948717948717,-3.200000000000003,-0.007051282051286023,-3.200000000000003,0.8000000000000007,-4.7,1,0,0,0,3,25.0,False,False,False,False,"Signed reconciliation and persistence evidence for review; heuristic bands are engineering choices, not MPLADS rules or final decisions."
W-002188,COMPLETION,88.57644991212653,88.6,100.0,-11.423550087873465,11.423550087873465,-11.400000000000006,0.023550087873459802,-11.400000000000006,0.6000000000000014,-17.7,1,0,0,0,6,25.0,False,False,False,False,"Signed reconciliation and persistence evidence for review; heuristic bands are engineering choices, not MPLADS rules or final decisions."
W-002189,COMPLETION,88.45654993514916,88.5,100.0,-11.543450064850845,11.543450064850845,-11.5,0.04345006485084468,-11.5,75.7,27.8,4,3,0,3,6,25.0,False,True,False,False,"Signed reconciliation and persistence evidence for review; heuristic bands are engineering choices, not MPLADS rules or final decisions."
W-002190,COMPLETION,104.99653018736988,105.0,100.0,4.996530187369885,4.996530187369885,5.0,0.0034698126301151433,5.0,24.300000000000004,5.2,4,0,0,0,6,25.0,False,False,False,False,"Signed reconciliation and persistence evidence for review; heuristic bands are engineering choices, not MPLADS rules or final decisions."
W-002191,COMPLETION,92.82511210762331,92.8,100.0,-7.174887892376688,7.174887892376688,-7.200000000000003,-0.025112107623314728,-7.200000000000003,-1.2999999999999972,-9.05,0,0,0,0,4,25.0,False,False,False,False,"Signed reconciliation and persistence evidence for review; heuristic bands are engineering choices, not MPLADS rules or final decisions."
W-002192,EXECUTION,89.60244648318043,89.6,89.4,0.2024464831804238,0.2024464831804238,0.19999999999998863,-0.002446483180435166,0.19999999999998863,47.099999999999994,25.324999999999996,4,2,0,2,4,25.0,False,True,False,False,"Signed reconciliation and persistence evidence for review; heuristic bands are engineering choices, not MPLADS rules or final decisions."
W-002193,COMPLETION,96.12983770287141,96.1,100.0,-3.870162297128587,3.870162297128587,-3.9000000000000057,-0.029837702871418514,-3.9000000000000057,44.49999999999999,20.099999999999998,3,1,0,1,4,25.0,False,False,False,False,"Signed reconciliation and persistence evidence for review; heuristic bands are engineering choices, not MPLADS rules or final decisions."
W-002194,COMPLETION,97.60302775441548,97.6,100.0,-2.3969722455845215,2.3969722455845215,-2.4000000000000057,-0.003027754415484196,-2.4000000000000057,51.599999999999994,21.89999999999999,3,1,0,1,4,25.0,False,False,False,False,"Signed reconciliation and persistence evidence for review; heuristic bands are engineering choices, not MPLADS rules or final decisions."
W-002195,EXECUTION,57.57575757575758,57.6,53.6,3.9757575757575765,3.9757575757575765,4.0,0.02424242424242351,4.0,21.599999999999998,1.0666666666666658,4,0,0,0,6,25.0,False,False,False,False,"Signed reconciliation and persistence evidence for review; heuristic bands are engineering choices, not MPLADS rules or final decisions."
W-002196,COMPLETION,105.01644736842105,105.0,100.0,5.016447368421055,5.016447368421055,5.0,-0.016447368421054875,5.0,58.7,16.2,5,3,0,3,7,25.0,False,True,False,False,"Signed reconciliation and persistence evidence for review; heuristic bands are engineering choices, not MPLADS rules or final decisions."
W-002197,COMPLETION,98.36901121304791,98.4,100.0,-1.6309887869520878,1.6309887869520878,-1.5999999999999943,0.030988786952093506,-1.5999999999999943,37.10000000000001,17.080000000000005,4,1,0,1,5,25.0,False,False,False,False,"Signed reconciliation and persistence evidence for review; heuristic bands are engineering choices, not MPLADS rules or final decisions."
W-002198,EXECUTION,98.55570839064649,98.6,91.8,6.75570839064649,6.75570839064649,6.799999999999997,0.04429160935350751,6.799999999999997,35.89999999999999,13.499999999999998,5,1,0,1,6,25.0,False,False,False,False,"Signed reconciliation and persistence evidence for review; heuristic bands are engineering choices, not MPLADS rules or final decisions."
W-002199,COMPLETION,93.49930843706777,93.5,100.0,-6.500691562932232,6.500691562932232,-6.5,0.0006915629322321593,-6.5,77.6,35.38333333333333,5,4,0,4,6,25.0,False,True,False,False,"Signed reconciliation and persistence evidence for review; heuristic bands are engineering choices, not MPLADS rules or final decisions."
W-002200,EXECUTION,17.50871080139373,17.5,19.5,-1.991289198606271,1.991289198606271,-2.0,-0.008710801393728929,-2.0,7.200000000000001,1.1250000000000004,2,0,0,0,4,25.0,False,False,False,False,"Signed reconciliation and persistence evidence for review; heuristic bands are engineering choices, not MPLADS rules or final decisions."
W-002201,EXECUTION,28.4077892325315,28.4,27.5,0.9077892325314991,0.9077892325314991,0.8999999999999986,-0.007789232531500545,0.8999999999999986,3.6999999999999993,0.2799999999999997,3,0,0,0,5,25.0,False,False,False,False,"Signed reconciliation and persistence evidence for review; heuristic bands are engineering choices, not MPLADS rules or final decisions."
W-002202,COMPLETION,95.35045107564191,95.4,100.0,-4.649548924358086,4.649548924358086,-4.599999999999994,0.049548924358091995,-4.599999999999994,45.800000000000004,17.625000000000004,3,1,0,1,4,25.0,False,False,False,False,"Signed reconciliation and persistence evidence for review; heuristic bands are engineering choices, not MPLADS rules or final decisions."
W-002203,COMPLETION,102.08494208494209,102.1,100.0,2.084942084942085,2.084942084942085,2.0999999999999943,0.0150579150579091,2.0999999999999943,65.69999999999999,37.666666666666664,6,5,0,5,6,25.0,False,True,False,False,"Signed reconciliation and persistence evidence for review; heuristic bands are engineering choices, not MPLADS rules or final decisions."
W-002204,COMPLETION,98.6857825567503,98.7,100.0,-1.314217443249703,1.314217443249703,-1.2999999999999972,0.014217443249705752,-1.2999999999999972,39.1,-2.1285714285714286,3,2,0,2,7,25.0,False,True,False,False,"Signed reconciliation and persistence evidence for review; heuristic bands are engineering choices, not MPLADS rules or final decisions."
W-002205,COMPLETION,104.77843032568073,104.8,100.0,4.778430325680731,4.778430325680731,4.799999999999997,0.021569674319266596,4.799999999999997,36.0,13.359999999999996,4,2,0,1,5,25.0,False,False,False,False,"Signed reconciliation and persistence evidence for review; heuristic bands are engineering choices, not MPLADS rules or final decisions."
W-002206,EXECUTION,46.7260989855518,46.7,45.8,0.9260989855518034,0.9260989855518034,0.9000000000000057,-0.026098985551797682,0.9000000000000057,0.9000000000000057,-9.614285714285714,1,0,0,0,7,25.0,False,False,False,False,"Signed reconciliation and persistence evidence for review; heuristic bands are engineering choices, not MPLADS rules or final decisions."
W-002207,COMPLETION,104.56187895212285,104.6,100.0,4.5618789521228535,4.5618789521228535,4.599999999999994,0.03812104787714077,4.599999999999994,41.8,17.716666666666665,6,1,0,1,6,25.0,False,False,False,False,"Signed reconciliation and persistence evidence for review; heuristic bands are engineering choices, not MPLADS rules or final decisions."
W-002208,COMPLETION,94.98407643312102,95.0,100.0,-5.015923566878982,5.015923566878982,-5.0,0.015923566878981887,-5.0,51.5,24.550000000000004,7,4,0,3,8,25.0,False,True,False,False,"Signed reconciliation and persistence evidence for review; heuristic bands are engineering choices, not MPLADS rules or final decisions."
W-002209,COMPLETION,105.04201680672269,105.0,100.0,5.042016806722685,5.042016806722685,5.0,-0.042016806722685374,5.0,69.4,31.2125,7,5,0,5,8,25.0,False,True,False,False,"Signed reconciliation and persistence evidence for review; heuristic bands are engineering choices, not MPLADS rules or final decisions."
W-002210,EXECUTION,75.66539923954373,75.7,70.1,5.565399239543737,5.565399239543737,5.6000000000000085,0.03460076045627147,5.6000000000000085,53.7,27.6,5,3,0,3,5,25.0,False,True,False,False,"Signed reconciliation and persistence evidence for review; heuristic bands are engineering choices, not MPLADS rules or final decisions."
W-002211,EXECUTION,92.77035236938032,92.8,93.0,-0.22964763061968085,0.22964763061968085,-0.20000000000000284,0.02964763061967801,-0.20000000000000284,77.1,37.11999999999999,4,3,0,3,5,25.0,False,True,False,False,"Signed reconciliation and persistence evidence for review; heuristic bands are engineering choices, not MPLADS rules or final decisions."
W-002213,COMPLETION,104.19122462344467,104.2,100.0,4.191224623444668,4.191224623444668,4.200000000000003,0.008775376555334446,4.200000000000003,69.8,42.83333333333334,6,4,0,4,6,25.0,False,True,False,False,"Signed reconciliation and persistence evidence for review; heuristic bands are engineering choices, not MPLADS rules or final decisions."
W-002214,EXECUTION,78.4375,78.4,87.6,-9.162499999999994,9.162499999999994,-9.199999999999989,-0.037499999999994316,-9.199999999999989,36.50000000000001,10.275000000000007,3,1,0,1,4,25.0,False,False,False,False,"Signed reconciliation and persistence evidence for review; heuristic bands are engineering choices, not MPLADS rules or final decisions."
W-002215,COMPLETION,98.89083479276124,98.9,100.0,-1.1091652072387603,1.1091652072387603,-1.0999999999999943,0.009165207238766016,-1.0999999999999943,55.300000000000004,29.360000000000007,4,3,0,3,5,25.0,False,True,False,False,"Signed reconciliation and persistence evidence for review; heuristic bands are engineering choices, not MPLADS rules or final decisions."
W-002216,COMPLETION,96.90402476780186,96.9,100.0,-3.0959752321981426,3.0959752321981426,-3.0999999999999943,-0.004024767801851681,-3.0999999999999943,53.50000000000001,16.980000000000004,3,2,0,2,5,25.0,False,True,False,False,"Signed reconciliation and persistence evidence for review; heuristic bands are engineering choices, not MPLADS rules or final decisions."
W-002217,EXECUTION,98.586017282011,98.6,92.9,5.686017282010994,5.686017282010994,5.699999999999989,0.013982717988994864,5.699999999999989,61.3,22.879999999999995,4,2,0,2,5,25.0,False,True,False,False,"Signed reconciliation and persistence evidence for review; heuristic bands are engineering choices, not MPLADS rules or final decisions."
W-002218,COMPLETION,99.68960165545784,99.7,100.0,-0.31039834454216475,0.31039834454216475,-0.29999999999999716,0.010398344542167592,-0.29999999999999716,35.7,13.9,6,3,0,3,8,25.0,False,True,False,False,"Signed reconciliation and persistence evidence for review; heuristic bands are engineering choices, not MPLADS rules or final decisions."
W-002220,COMPLETION,96.39443961772372,96.4,100.0,-3.6055603822762805,3.6055603822762805,-3.5999999999999943,0.005560382276286191,-3.5999999999999943,49.0,28.88333333333333,5,4,0,4,6,25.0,False,True,False,False,"Signed reconciliation and persistence evidence for review; heuristic bands are engineering choices, not MPLADS rules or final decisions."
W-002221,COMPLETION,98.5054347826087,98.5,100.0,-1.4945652173912976,1.4945652173912976,-1.5,-0.005434782608702449,-1.5,54.4,26.699999999999996,6,4,0,4,7,25.0,False,True,False,False,"Signed reconciliation and persistence evidence for review; heuristic bands are engineering choices, not MPLADS rules or final decisions."
W-002222,COMPLETION,99.8766954377312,99.9,100.0,-0.1233045622687996,0.1233045622687996,-0.09999999999999432,0.023304562268805284,-0.09999999999999432,32.3,19.775000000000002,3,1,0,1,4,25.0,False,False,False,False,"Signed reconciliation and persistence evidence for review; heuristic bands are engineering choices, not MPLADS rules or final decisions."
W-002223,COMPLETION,101.0485651214128,101.0,100.0,1.0485651214128069,1.0485651214128069,1.0,-0.04856512141280689,1.0,47.6,-1.4857142857142855,4,2,0,2,7,25.0,False,True,False,False,"Signed reconciliation and persistence evidence for review; heuristic bands are engineering choices, not MPLADS rules or final decisions."
W-002224,EXECUTION,24.9489349285089,24.9,28.7,-3.751065071491098,3.751065071491098,-3.8000000000000007,-0.048934928508902686,-3.8000000000000007,2.1999999999999993,-4.499999999999999,1,0,0,0,6,25.0,False,False,False,False,"Signed reconciliation and persistence evidence for review; heuristic bands are engineering choices, not MPLADS rules or final decisions."
W-002225,COMPLETION,99.43204868154159,99.4,100.0,-0.5679513184584124,0.5679513184584124,-0.5999999999999943,-0.032048681541581914,-0.5999999999999943,45.7,22.875000000000004,3,1,0,1,4,25.0,False,False,False,False,"Signed reconciliation and persistence evidence for review; heuristic bands are engineering choices, not MPLADS rules or final decisions."
W-002226,COMPLETION,104.68661773009599,104.7,100.0,4.686617730095989,4.686617730095989,4.700000000000003,0.01338226990401381,4.700000000000003,43.1,9.6125,6,2,0,2,8,25.0,False,True,False,False,"Signed reconciliation and persistence evidence for review; heuristic bands are engineering choices, not MPLADS rules or final decisions."
W-002227,EXECUTION,55.44464609800363,55.4,57.4,-1.955353901996368,1.955353901996368,-2.0,-0.04464609800363206,-2.0,5.300000000000001,-5.5,1,0,0,0,3,25.0,False,False,False,False,"Signed reconciliation and persistence evidence for review; heuristic bands are engineering choices, not MPLADS rules or final decisions."
W-002228,COMPLETION,97.88831534490849,97.9,100.0,-2.1116846550915085,2.1116846550915085,-2.0999999999999943,0.011684655091514173,-2.0999999999999943,-2.0999999999999943,-39.949999999999996,0,0,0,0,4,25.0,False,False,False,False,"Signed reconciliation and persistence evidence for review; heuristic bands are engineering choices, not MPLADS rules or final decisions."
W-002229,EXECUTION,93.55300859598854,93.6,93.7,-0.14699140401145883,0.14699140401145883,-0.10000000000000853,0.0469914040114503,-0.10000000000000853,71.0,36.82499999999999,3,3,0,3,4,25.0,False,True,False,False,"Signed reconciliation and persistence evidence for review; heuristic bands are engineering choices, not MPLADS rules or final decisions."
W-002230,EXECUTION,60.62717770034843,60.6,66.8,-6.172822299651564,6.172822299651564,-6.199999999999996,-0.0271777003484317,-6.199999999999996,11.400000000000002,-0.09999999999999847,3,0,0,0,6,25.0,False,False,False,False,"Signed reconciliation and persistence evidence for review; heuristic bands are engineering choices, not MPLADS rules or final decisions."
W-002231,EXECUTION,76.98224852071006,77.0,76.5,0.4822485207100584,0.4822485207100584,0.5,0.017751479289941585,0.5,17.3,-8.1375,2,0,0,0,8,25.0,False,False,False,False,"Signed reconciliation and persistence evidence for review; heuristic bands are engineering choices, not MPLADS rules or final decisions."
W-002232,COMPLETION,104.91510277033065,104.9,100.0,4.915102770330648,4.915102770330648,4.900000000000006,-0.015102770330642556,4.900000000000006,39.3,11.725,6,2,0,1,8,25.0,False,False,False,False,"Signed reconciliation and persistence evidence for review; heuristic bands are engineering choices, not MPLADS rules or final decisions."
W-002233,COMPLETION,107.14017286734311,107.1,100.0,7.140172867343111,7.140172867343111,7.099999999999994,-0.040172867343116536,7.099999999999994,56.599999999999994,29.128571428571426,7,4,0,4,7,25.0,False,True,False,False,"Signed reconciliation and persistence evidence for review; heuristic bands are engineering choices, not MPLADS rules or final decisions."
W-002234,COMPLETION,96.69920966992096,96.7,100.0,-3.300790330079039,3.300790330079039,-3.299999999999997,0.0007903300790417234,-3.299999999999997,50.2,26.0,7,5,0,3,8,25.0,False,True,False,False,"Signed reconciliation and persistence evidence for review; heuristic bands are engineering choices, not MPLADS rules or final decisions."
W-002235,COMPLETION,103.74567201762669,103.7,100.0,3.7456720176266884,3.7456720176266884,3.700000000000003,-0.0456720176266856,3.700000000000003,50.5,25.28333333333333,6,3,0,3,6,25.0,False,True,False,False,"Signed reconciliation and persistence evidence for review; heuristic bands are engineering choices, not MPLADS rules or final decisions."
W-002236,COMPLETION,105.00338066260987,105.0,100.0,5.003380662609871,5.003380662609871,5.0,-0.0033806626098709103,5.0,42.7,28.24285714285714,7,4,0,3,7,25.0,False,True,False,False,"Signed reconciliation and persistence evidence for review; heuristic bands are engineering choices, not MPLADS rules or final decisions."
W-002237,EXECUTION,33.54898336414048,33.5,33.8,-0.2510166358595143,0.2510166358595143,-0.29999999999999716,-0.04898336414048288,-0.29999999999999716,-0.29999999999999716,-16.925,0,0,0,0,8,25.0,False,False,False,False,"Signed reconciliation and persistence evidence for review; heuristic bands are engineering choices, not MPLADS rules or final decisions."
W-002238,COMPLETION,132.4737762237762,132.5,100.0,32.47377622377621,32.47377622377621,32.5,0.026223776223787354,32.5,51.900000000000006,33.1375,8,6,2,4,8,25.0,True,True,False,False,"Signed reconciliation and persistence evidence for review; heuristic bands are engineering choices, not MPLADS rules or final decisions."
W-002239,EXECUTION,1.4610389610389611,1.5,1.4,0.061038961038961226,0.061038961038961226,0.10000000000000009,0.03896103896103886,0.10000000000000009,0.10000000000000009,0.10000000000000009,1,0,0,0,1,25.0,False,False,True,True,"Signed reconciliation and persistence evidence for review; heuristic bands are engineering choices, not MPLADS rules or final decisions."
W-002240,EXECUTION,101.18885869565217,101.2,94.3,6.888858695652175,6.888858695652175,6.900000000000006,0.011141304347830783,6.900000000000006,68.80000000000001,38.6875,8,6,0,6,8,25.0,False,True,False,False,"Signed reconciliation and persistence evidence for review; heuristic bands are engineering choices, not MPLADS rules or final decisions."
W-002241,COMPLETION,92.89711579853638,92.9,100.0,-7.102884201463624,7.102884201463624,-7.099999999999994,0.0028842014636296653,-7.099999999999994,66.2,28.750000000000004,3,2,0,2,4,25.0,False,True,False,False,"Signed reconciliation and persistence evidence for review; heuristic bands are engineering choices, not MPLADS rules or final decisions."
W-002242,EXECUTION,43.4589800443459,43.5,44.4,-0.9410199556540988,0.9410199556540988,-0.8999999999999986,0.041019955654100215,-0.8999999999999986,10.8,3.400000000000001,4,0,0,0,6,25.0,False,False,False,False,"Signed reconciliation and persistence evidence for review; heuristic bands are engineering choices, not MPLADS rules or final decisions."
W-002243,COMPLETION,101.61681487469684,101.6,100.0,1.6168148746968427,1.6168148746968427,1.5999999999999943,-0.016814874696848392,1.5999999999999943,54.39999999999999,31.987499999999997,8,6,0,6,8,25.0,False,True,False,False,"Signed reconciliation and persistence evidence for review; heuristic bands are engineering choices, not MPLADS rules or final decisions."
W-002244,COMPLETION,106.92567567567568,106.9,100.0,6.925675675675677,6.925675675675677,6.900000000000006,-0.025675675675671528,6.900000000000006,61.3,35.28333333333333,6,5,0,5,6,25.0,False,True,False,False,"Signed reconciliation and persistence evidence for review; heuristic bands are engineering choices, not MPLADS rules or final decisions."
W-002245,COMPLETION,98.00947867298578,98.0,100.0,-1.9905213270142212,1.9905213270142212,-2.0,-0.009478672985778758,-2.0,6.5,-11.333333333333334,2,0,0,0,6,25.0,False,False,False,False,"Signed reconciliation and persistence evidence for review; heuristic bands are engineering choices, not MPLADS rules or final decisions."
W-002246,COMPLETION,101.19663648124191,101.2,100.0,1.1966364812419101,1.1966364812419101,1.2000000000000028,0.0033635187580927095,1.2000000000000028,72.0,36.7,3,2,0,2,3,25.0,False,True,False,False,"Signed reconciliation and persistence evidence for review; heuristic bands are engineering choices, not MPLADS rules or final decisions."
W-002247,EXECUTION,51.209103840682786,51.2,55.6,-4.390896159317215,4.390896159317215,-4.399999999999999,-0.00910384068278347,-4.399999999999999,18.400000000000002,5.125000000000002,3,0,0,0,4,25.0,False,False,False,False,"Signed reconciliation and persistence evidence for review; heuristic bands are engineering choices, not MPLADS rules or final decisions."
W-002248,COMPLETION,102.70270270270271,102.7,100.0,2.702702702702709,2.702702702702709,2.700000000000003,-0.0027027027027060058,2.700000000000003,58.900000000000006,34.73333333333333,6,4,0,4,6,25.0,False,True,False,False,"Signed reconciliation and persistence evidence for review; heuristic bands are engineering choices, not MPLADS rules or final decisions."
W-002249,EXECUTION,58.92255892255892,58.9,56.2,2.7225589225589175,2.7225589225589175,2.6999999999999957,-0.02255892255892178,2.6999999999999957,35.599999999999994,18.466666666666665,6,2,0,2,6,25.0,False,True,False,False,"Signed reconciliation and persistence evidence for review; heuristic bands are engineering choices, not MPLADS rules or final decisions."
W-002250,EXECUTION,93.5,93.5,91.6,1.9000000000000057,1.9000000000000057,1.9000000000000057,0.0,1.9000000000000057,54.2,22.22857142857143,6,3,0,3,7,25.0,False,True,False,False,"Signed reconciliation and persistence evidence for review; heuristic bands are engineering choices, not MPLADS rules or final decisions."
W-002251,EXECUTION,98.16154309825195,98.2,94.9,3.2615430982519484,3.2615430982519484,3.299999999999997,0.03845690174804872,3.299999999999997,61.1,32.739999999999995,5,4,0,4,5,25.0,False,True,False,False,"Signed reconciliation and persistence evidence for review; heuristic bands are engineering choices, not MPLADS rules or final decisions."
W-002253,COMPLETION,107.53846153846153,107.5,100.0,7.538461538461533,7.538461538461533,7.5,-0.038461538461532996,7.5,24.200000000000003,1.3000000000000014,4,0,0,0,6,25.0,False,False,False,False,"Signed reconciliation and persistence evidence for review; heuristic bands are engineering choices, not MPLADS rules or final decisions."
W-002254,EXECUTION,65.93673965936739,65.9,61.9,4.036739659367392,4.036739659367392,4.000000000000007,-0.03673965936738455,4.000000000000007,48.10000000000001,26.866666666666674,3,2,0,2,3,25.0,False,True,False,False,"Signed reconciliation and persistence evidence for review; heuristic bands are engineering choices, not MPLADS rules or final decisions."
W-002255,COMPLETION,103.20888614625116,103.2,100.0,3.20888614625116,3.20888614625116,3.200000000000003,-0.008886146251157356,3.200000000000003,12.299999999999997,-19.1,2,0,0,0,8,25.0,False,False,False,False,"Signed reconciliation and persistence evidence for review; heuristic bands are engineering choices, not MPLADS rules or final decisions."
W-002256,EXECUTION,88.37485172004745,88.4,94.0,-5.625148279952555,5.625148279952555,-5.599999999999994,0.025148279952560415,-5.599999999999994,-5.599999999999994,-22.45714285714286,0,0,0,0,7,25.0,False,False,False,False,"Signed reconciliation and persistence evidence for review; heuristic bands are engineering choices, not MPLADS rules or final decisions."
W-002257,COMPLETION,106.51204281891168,106.5,100.0,6.512042818911681,6.512042818911681,6.5,-0.012042818911680797,6.5,34.2,2.200000000000002,4,1,0,1,8,25.0,False,False,False,False,"Signed reconciliation and persistence evidence for review; heuristic bands are engineering choices, not MPLADS rules or final decisions."
W-002258,COMPLETION,99.03614457831326,99.0,100.0,-0.9638554216867448,0.9638554216867448,-1.0,-0.03614457831325524,-1.0,66.7,31.266666666666666,2,2,0,2,3,25.0,False,True,False,False,"Signed reconciliation and persistence evidence for review; heuristic bands are engineering choices, not MPLADS rules or final decisions."
W-002259,COMPLETION,145.87004405286345,145.9,100.0,45.87004405286345,45.87004405286345,45.900000000000006,0.029955947136556915,45.900000000000006,45.900000000000006,-6.820000000000002,1,1,1,1,5,25.0,True,False,False,False,"Signed reconciliation and persistence evidence for review; heuristic bands are engineering choices, not MPLADS rules or final decisions."
W-002260,EXECUTION,43.24693042291951,43.2,44.6,-1.3530695770804897,1.3530695770804897,-1.3999999999999986,-0.046930422919508885,-1.3999999999999986,20.800000000000004,9.275000000000002,3,0,0,0,4,25.0,False,False,False,False,"Signed reconciliation and persistence evidence for review; heuristic bands are engineering choices, not MPLADS rules or final decisions."
W-002261,EXECUTION,85.7849196538937,85.8,81.9,3.8849196538936894,3.8849196538936894,3.8999999999999915,0.015080346106302045,3.8999999999999915,72.0,39.05999999999999,5,4,0,4,5,25.0,False,True,False,False,"Signed reconciliation and persistence evidence for review; heuristic bands are engineering choices, not MPLADS rules or final decisions."
W-002262,EXECUTION,71.07692307692308,71.1,68.9,2.1769230769230745,2.1769230769230745,2.1999999999999886,0.023076923076914113,2.1999999999999886,2.1999999999999886,-25.86666666666667,1,0,0,0,6,25.0,False,False,False,False,"Signed reconciliation and persistence evidence for review; heuristic bands are engineering choices, not MPLADS rules or final decisions."
W-002263,COMPLETION,101.98370527807297,102.0,100.0,1.983705278072975,1.983705278072975,2.0,0.01629472192702508,2.0,47.7,18.825,7,3,0,3,8,25.0,False,True,False,False,"Signed reconciliation and persistence evidence for review; heuristic bands are engineering choices, not MPLADS rules or final decisions."
W-002264,EXECUTION,65.74105051856809,65.7,62.6,3.141050518568086,3.141050518568086,3.1000000000000014,-0.041050518568084726,3.1000000000000014,3.1000000000000014,-4.325,2,0,0,0,4,25.0,False,False,False,False,"Signed reconciliation and persistence evidence for review; heuristic bands are engineering choices, not MPLADS rules or final decisions."
W-002265,COMPLETION,105.94339622641509,105.9,100.0,5.943396226415089,5.943396226415089,5.900000000000006,-0.04339622641508356,5.900000000000006,72.2,37.2,5,3,0,3,5,25.0,False,True,False,False,"Signed reconciliation and persistence evidence for review; heuristic bands are engineering choices, not MPLADS rules or final decisions."
W-002266,COMPLETION,105.01246192190528,105.0,100.0,5.012461921905285,5.012461921905285,5.0,-0.012461921905284612,5.0,43.5,25.416666666666668,6,3,0,2,6,25.0,False,True,False,False,"Signed reconciliation and persistence evidence for review; heuristic bands are engineering choices, not MPLADS rules or final decisions."
W-002267,EXECUTION,0.0,0.0,0.0,0.0,0.0,0.0,0.0,0.0,0.0,0.0,0,0,0,0,1,25.0,False,False,True,False,"Signed reconciliation and persistence evidence for review; heuristic bands are engineering choices, not MPLADS rules or final decisions."
W-002268,COMPLETION,104.9949715051961,105.0,100.0,4.994971505196105,4.994971505196105,5.0,0.005028494803895001,5.0,56.1,32.900000000000006,4,3,0,3,4,25.0,False,True,False,False,"Signed reconciliation and persistence evidence for review; heuristic bands are engineering choices, not MPLADS rules or final decisions."
W-002269,COMPLETION,105.02183406113537,105.0,100.0,5.021834061135365,5.021834061135365,5.0,-0.021834061135365346,5.0,66.6,31.3125,8,5,0,5,8,25.0,False,True,False,False,"Signed reconciliation and persistence evidence for review; heuristic bands are engineering choices, not MPLADS rules or final decisions."
W-002271,EXECUTION,6.211562115621156,6.2,7.2,-0.9884378843788442,0.9884378843788442,-1.0,-0.011562115621155833,-1.0,3.8000000000000003,-0.825,2,0,0,0,8,25.0,False,False,False,False,"Signed reconciliation and persistence evidence for review; heuristic bands are engineering choices, not MPLADS rules or final decisions."
W-002272,EXECUTION,43.02040816326531,43.0,46.3,-3.2795918367346886,3.2795918367346886,-3.299999999999997,-0.020408163265308588,-3.299999999999997,31.5,13.933333333333335,2,1,0,1,3,25.0,False,False,False,False,"Signed reconciliation and persistence evidence for review; heuristic bands are engineering choices, not MPLADS rules or final decisions."
W-002273,COMPLETION,105.02330398757121,105.0,100.0,5.023303987571211,5.023303987571211,5.0,-0.023303987571210882,5.0,12.799999999999997,4.199999999999999,3,0,0,0,4,25.0,False,False,False,False,"Signed reconciliation and persistence evidence for review; heuristic bands are engineering choices, not MPLADS rules or final decisions."
W-002274,COMPLETION,102.17306946061312,102.2,100.0,2.173069460613121,2.173069460613121,2.200000000000003,0.026930539386881946,2.200000000000003,32.2,9.333333333333336,4,2,0,2,6,25.0,False,True,False,False,"Signed reconciliation and persistence evidence for review; heuristic bands are engineering choices, not MPLADS rules or final decisions."
W-002275,COMPLETION,102.96760141573645,103.0,100.0,2.9676014157364534,2.9676014157364534,3.0,0.03239858426354658,3.0,75.6,35.8,3,2,0,2,3,25.0,False,True,False,False,"Signed reconciliation and persistence evidence for review; heuristic bands are engineering choices, not MPLADS rules or final decisions."
W-002276,COMPLETION,147.98657718120805,148.0,100.0,47.98657718120805,47.98657718120805,48.0,0.01342281879195184,48.0,71.6,11.039999999999997,3,2,2,2,5,25.0,True,True,False,False,"Signed reconciliation and persistence evidence for review; heuristic bands are engineering choices, not MPLADS rules or final decisions."
W-002277,EXECUTION,80.62337662337663,80.6,82.2,-1.576623376623374,1.576623376623374,-1.6000000000000085,-0.023376623376634598,-1.6000000000000085,5.399999999999999,-0.1000000000000038,1,0,0,0,3,25.0,False,False,False,False,"Signed reconciliation and persistence evidence for review; heuristic bands are engineering choices, not MPLADS rules or final decisions."
W-002278,COMPLETION,100.0326797385621,100.0,100.0,0.03267973856209494,0.03267973856209494,0.0,-0.03267973856209494,0.0,33.3,10.499999999999998,1,1,0,1,3,25.0,False,False,False,False,"Signed reconciliation and persistence evidence for review; heuristic bands are engineering choices, not MPLADS rules or final decisions."
W-002279,COMPLETION,105.00359971202303,105.0,100.0,5.003599712023032,5.003599712023032,5.0,-0.003599712023031998,5.0,65.7,39.08,5,4,0,4,5,25.0,False,True,False,False,"Signed reconciliation and persistence evidence for review; heuristic bands are engineering choices, not MPLADS rules or final decisions."
W-002280,EXECUTION,75.18427518427518,75.2,82.7,-7.515724815724823,7.515724815724823,-7.5,0.015724815724823316,-7.5,4.099999999999994,-9.540000000000003,2,0,0,0,5,25.0,False,False,False,False,"Signed reconciliation and persistence evidence for review; heuristic bands are engineering choices, not MPLADS rules or final decisions."
W-002281,EXECUTION,75.29378847229994,75.3,85.5,-10.206211527700063,10.206211527700063,-10.200000000000003,0.00621152770006006,-10.200000000000003,-1.9000000000000004,-8.600000000000001,0,0,0,0,5,25.0,False,False,False,False,"Signed reconciliation and persistence evidence for review; heuristic bands are engineering choices, not MPLADS rules or final decisions."
W-002282,COMPLETION,105.0058207217695,105.0,100.0,5.005820721769496,5.005820721769496,5.0,-0.0058207217694956626,5.0,39.39999999999999,27.83333333333333,3,2,0,2,3,25.0,False,True,False,False,"Signed reconciliation and persistence evidence for review; heuristic bands are engineering choices, not MPLADS rules or final decisions."
W-002284,COMPLETION,101.37075718015666,101.4,100.0,1.3707571801566587,1.3707571801566587,1.4000000000000057,0.02924281984334698,1.4000000000000057,32.900000000000006,0.20000000000000284,2,1,0,1,3,25.0,False,False,False,False,"Signed reconciliation and persistence evidence for review; heuristic bands are engineering choices, not MPLADS rules or final decisions."
W-002285,COMPLETION,102.46781115879828,102.5,100.0,2.467811158798284,2.467811158798284,2.5,0.032188841201715945,2.5,20.900000000000006,-12.987499999999997,2,0,0,0,8,25.0,False,False,False,False,"Signed reconciliation and persistence evidence for review; heuristic bands are engineering choices, not MPLADS rules or final decisions."
W-002286,EXECUTION,40.258342303552205,40.3,44.2,-3.9416576964477983,3.9416576964477983,-3.9000000000000057,0.0416576964477926,-3.9000000000000057,4.199999999999999,-1.400000000000002,1,0,0,0,3,25.0,False,False,False,False,"Signed reconciliation and persistence evidence for review; heuristic bands are engineering choices, not MPLADS rules or final decisions."
W-002287,COMPLETION,95.17197854212685,95.2,100.0,-4.828021457873149,4.828021457873149,-4.799999999999997,0.02802145787315169,-4.799999999999997,28.60000000000001,-3.249999999999998,2,1,0,1,6,25.0,False,False,False,False,"Signed reconciliation and persistence evidence for review; heuristic bands are engineering choices, not MPLADS rules or final decisions."
W-002288,COMPLETION,90.3010033444816,90.3,100.0,-9.6989966555184,9.6989966555184,-9.700000000000003,-0.0010033444816031079,-9.700000000000003,24.700000000000003,11.666666666666666,2,0,0,0,3,25.0,False,False,False,False,"Signed reconciliation and persistence evidence for review; heuristic bands are engineering choices, not MPLADS rules or final decisions."
W-002289,COMPLETION,100.41194644696189,100.4,100.0,0.41194644696189187,0.41194644696189187,0.4000000000000057,-0.011946446961886181,0.4000000000000057,17.799999999999997,-3.2874999999999974,4,0,0,0,8,25.0,False,False,False,False,"Signed reconciliation and persistence evidence for review; heuristic bands are engineering choices, not MPLADS rules or final decisions."
W-002290,COMPLETION,98.0743394536498,98.1,100.0,-1.9256605463502012,1.9256605463502012,-1.9000000000000057,0.025660546350195546,-1.9000000000000057,30.89999999999999,8.399999999999997,1,1,0,1,3,25.0,False,False,False,False,"Signed reconciliation and persistence evidence for review; heuristic bands are engineering choices, not MPLADS rules or final decisions."
W-002291,EXECUTION,54.679802955665025,54.7,57.8,-3.1201970443349722,3.1201970443349722,-3.0999999999999943,0.02019704433497793,-3.0999999999999943,22.599999999999998,14.12,4,0,0,0,5,25.0,False,False,False,False,"Signed reconciliation and persistence evidence for review; heuristic bands are engineering choices, not MPLADS rules or final decisions."
W-002292,EXECUTION,47.34106357457017,47.3,51.7,-4.358936425429832,4.358936425429832,-4.400000000000006,-0.041063574570173955,-4.400000000000006,20.4,1.7499999999999973,2,0,0,0,4,25.0,False,False,False,False,"Signed reconciliation and persistence evidence for review; heuristic bands are engineering choices, not MPLADS rules or final decisions."
W-002293,EXECUTION,58.81057268722467,58.8,55.5,3.3105726872246706,3.3105726872246706,3.299999999999997,-0.010572687224673416,3.299999999999997,3.299999999999997,-23.616666666666664,1,0,0,0,6,25.0,False,False,False,False,"Signed reconciliation and persistence evidence for review; heuristic bands are engineering choices, not MPLADS rules or final decisions."
W-002294,EXECUTION,46.89160467587673,46.9,50.1,-3.2083953241232734,3.2083953241232734,-3.200000000000003,0.008395324123270598,-3.200000000000003,-3.200000000000003,-22.299999999999994,0,0,0,0,7,25.0,False,False,False,False,"Signed reconciliation and persistence evidence for review; heuristic bands are engineering choices, not MPLADS rules or final decisions."
W-002295,COMPLETION,105.06893755068937,105.1,100.0,5.06893755068937,5.06893755068937,5.099999999999994,0.03106244931062463,5.099999999999994,22.5,2.862499999999998,5,0,0,0,8,25.0,False,False,False,False,"Signed reconciliation and persistence evidence for review; heuristic bands are engineering choices, not MPLADS rules or final decisions."
W-002296,COMPLETION,101.65710643722116,101.7,100.0,1.6571064372211595,1.6571064372211595,1.7000000000000028,0.042893562778843375,1.7000000000000028,1.7000000000000028,-8.639999999999999,1,0,0,0,5,25.0,False,False,False,False,"Signed reconciliation and persistence evidence for review; heuristic bands are engineering choices, not MPLADS rules or final decisions."
W-002297,COMPLETION,101.48849797023004,101.5,100.0,1.4884979702300427,1.4884979702300427,1.5,0.01150202976995729,1.5,82.0,42.266666666666666,6,4,0,4,6,25.0,False,True,False,False,"Signed reconciliation and persistence evidence for review; heuristic bands are engineering choices, not MPLADS rules or final decisions."
W-002298,COMPLETION,96.64142245637142,96.6,100.0,-3.3585775436285843,3.3585775436285843,-3.4000000000000057,-0.04142245637142139,-3.4000000000000057,-3.4000000000000057,-24.8,0,0,0,0,3,25.0,False,False,False,False,"Signed reconciliation and persistence evidence for review; heuristic bands are engineering choices, not MPLADS rules or final decisions."
W-002299,COMPLETION,103.16139767054908,103.2,100.0,3.1613976705490785,3.1613976705490785,3.200000000000003,0.038602329450924344,3.200000000000003,28.200000000000003,0.6250000000000009,4,1,0,1,8,25.0,False,False,False,False,"Signed reconciliation and persistence evidence for review; heuristic bands are engineering choices, not MPLADS rules or final decisions."
W-002300,EXECUTION,42.34737747205503,42.3,45.5,-3.1526225279449704,3.1526225279449704,-3.200000000000003,-0.0473774720550324,-3.200000000000003,12.599999999999998,3.528571428571427,5,0,0,0,7,25.0,False,False,False,False,"Signed reconciliation and persistence evidence for review; heuristic bands are engineering choices, not MPLADS rules or final decisions."
W-002301,COMPLETION,92.92158223455934,92.9,100.0,-7.078417765440662,7.078417765440662,-7.099999999999994,-0.02158223455933239,-7.099999999999994,39.900000000000006,1.9500000000000053,3,1,0,1,6,25.0,False,False,False,False,"Signed reconciliation and persistence evidence for review; heuristic bands are engineering choices, not MPLADS rules or final decisions."
W-002302,COMPLETION,104.48,104.5,100.0,4.480000000000004,4.480000000000004,4.5,0.01999999999999602,4.5,51.5,10.1,4,2,0,2,6,25.0,False,True,False,False,"Signed reconciliation and persistence evidence for review; heuristic bands are engineering choices, not MPLADS rules or final decisions."
W-002303,COMPLETION,149.74789915966386,149.7,100.0,49.74789915966386,49.74789915966386,49.69999999999999,-0.047899159663870705,49.69999999999999,99.89999999999999,75.3,4,4,4,4,4,25.0,True,True,False,False,"Signed reconciliation and persistence evidence for review; heuristic bands are engineering choices, not MPLADS rules or final decisions."
W-002304,COMPLETION,104.99162479061977,105.0,100.0,4.991624790619767,4.991624790619767,5.0,0.008375209380233173,5.0,65.7,35.13333333333333,3,2,0,2,3,25.0,False,True,False,False,"Signed reconciliation and persistence evidence for review; heuristic bands are engineering choices, not MPLADS rules or final decisions."
W-002306,COMPLETION,103.60419397116645,103.6,100.0,3.6041939711664526,3.6041939711664526,3.5999999999999943,-0.004193971166458255,3.5999999999999943,13.5,-13.9,3,0,0,0,8,25.0,False,False,False,False,"Signed reconciliation and persistence evidence for review; heuristic bands are engineering choices, not MPLADS rules or final decisions."
W-002307,COMPLETION,96.65809768637533,96.7,100.0,-3.341902313624672,3.341902313624672,-3.299999999999997,0.041902313624675,-3.299999999999997,21.10000000000001,0.775000000000003,2,0,0,0,4,25.0,False,False,False,False,"Signed reconciliation and persistence evidence for review; heuristic bands are engineering choices, not MPLADS rules or final decisions."
W-002308,COMPLETION,96.0730593607306,96.1,100.0,-3.9269406392694037,3.9269406392694037,-3.9000000000000057,0.026940639269398048,-3.9000000000000057,6.200000000000003,-3.0000000000000013,1,0,0,0,3,25.0,False,False,False,False,"Signed reconciliation and persistence evidence for review; heuristic bands are engineering choices, not MPLADS rules or final decisions."
W-002309,COMPLETION,103.24929971988796,103.2,100.0,3.249299719887958,3.249299719887958,3.200000000000003,-0.04929971988795501,3.200000000000003,72.2,28.350000000000005,5,3,0,3,6,25.0,False,True,False,False,"Signed reconciliation and persistence evidence for review; heuristic bands are engineering choices, not MPLADS rules or final decisions."
W-002310,COMPLETION,107.38137082601054,107.4,100.0,7.381370826010539,7.381370826010539,7.400000000000006,0.018629173989467063,7.400000000000006,12.200000000000001,-8.399999999999997,2,0,0,0,6,25.0,False,False,False,False,"Signed reconciliation and persistence evidence for review; heuristic bands are engineering choices, not MPLADS rules or final decisions."
W-002311,COMPLETION,105.0103305785124,105.0,100.0,5.010330578512395,5.010330578512395,5.0,-0.01033057851239505,5.0,51.7,31.025,4,3,0,3,4,25.0,False,True,False,False,"Signed reconciliation and persistence evidence for review; heuristic bands are engineering choices, not MPLADS rules or final decisions."
W-002312,EXECUTION,72.89156626506023,72.9,69.0,3.8915662650602343,3.8915662650602343,3.9000000000000057,0.008433734939771398,3.9000000000000057,3.9000000000000057,0.8666666666666671,1,0,0,0,3,25.0,False,False,False,False,"Signed reconciliation and persistence evidence for review; heuristic bands are engineering choices, not MPLADS rules or final decisions."
W-002313,EXECUTION,0.0,0.0,0.0,0.0,0.0,0.0,0.0,0.0,0.0,0.0,0,0,0,0,1,25.0,False,False,False,False,"Signed reconciliation and persistence evidence for review; heuristic bands are engineering choices, not MPLADS rules or final decisions."
W-002314,COMPLETION,105.01730103806229,105.0,100.0,5.017301038062286,5.017301038062286,5.0,-0.017301038062285556,5.0,80.7,46.23333333333333,6,4,0,4,6,25.0,False,True,False,False,"Signed reconciliation and persistence evidence for review; heuristic bands are engineering choices, not MPLADS rules or final decisions."
W-002315,COMPLETION,103.4959349593496,103.5,100.0,3.495934959349597,3.495934959349597,3.5,0.004065040650402807,3.5,63.3,28.08571428571429,7,3,0,3,7,25.0,False,True,False,False,"Signed reconciliation and persistence evidence for review; heuristic bands are engineering choices, not MPLADS rules or final decisions."
W-002316,COMPLETION,106.05885747259089,106.1,100.0,6.058857472590887,6.058857472590887,6.099999999999994,0.04114252740910729,6.099999999999994,57.599999999999994,11.183333333333332,4,2,0,2,6,25.0,False,True,False,False,"Signed reconciliation and persistence evidence for review; heuristic bands are engineering choices, not MPLADS rules or final decisions."
W-002317,COMPLETION,105.01930501930502,105.0,100.0,5.019305019305023,5.019305019305023,5.0,-0.019305019305022597,5.0,46.9,25.5,7,4,0,2,7,25.0,False,True,False,False,"Signed reconciliation and persistence evidence for review; heuristic bands are engineering choices, not MPLADS rules or final decisions."
W-002318,COMPLETION,101.16029222174474,101.2,100.0,1.16029222174474,1.16029222174474,1.2000000000000028,0.03970777825526284,1.2000000000000028,12.2,3.500000000000001,5,0,0,0,7,25.0,False,False,False,False,"Signed reconciliation and persistence evidence for review; heuristic bands are engineering choices, not MPLADS rules or final decisions."
W-002319,COMPLETION,93.34582942830366,93.3,100.0,-6.654170571696341,6.654170571696341,-6.700000000000003,-0.04582942830366221,-6.700000000000003,71.69999999999999,32.575,3,2,0,2,4,25.0,False,True,False,False,"Signed reconciliation and persistence evidence for review; heuristic bands are engineering choices, not MPLADS rules or final decisions."
W-002320,EXECUTION,69.7577276524645,69.8,67.5,2.257727652464496,2.257727652464496,2.299999999999997,0.04227234753550135,2.299999999999997,2.299999999999997,-18.12,1,0,0,0,5,25.0,False,False,False,False,"Signed reconciliation and persistence evidence for review; heuristic bands are engineering choices, not MPLADS rules or final decisions."
W-002321,COMPLETION,97.70544290288154,97.7,100.0,-2.2945570971184566,2.2945570971184566,-2.299999999999997,-0.00544290288154059,-2.299999999999997,77.30000000000001,37.866666666666674,5,4,0,4,6,25.0,False,True,False,False,"Signed reconciliation and persistence evidence for review; heuristic bands are engineering choices, not MPLADS rules or final decisions."
W-002322,COMPLETION,105.00333555703803,105.0,100.0,5.003335557038028,5.003335557038028,5.0,-0.003335557038028014,5.0,35.3,17.466666666666665,3,1,0,1,3,25.0,False,False,False,False,"Signed reconciliation and persistence evidence for review; heuristic bands are engineering choices, not MPLADS rules or final decisions."
W-002323,COMPLETION,104.99346405228758,105.0,100.0,4.993464052287578,4.993464052287578,5.0,0.00653594771242183,5.0,25.700000000000003,-16.9625,3,1,0,1,8,25.0,False,False,False,False,"Signed reconciliation and persistence evidence for review; heuristic bands are engineering choices, not MPLADS rules or final decisions."
W-002324,COMPLETION,90.98976109215018,91.0,100.0,-9.010238907849825,9.010238907849825,-9.0,0.010238907849824841,-9.0,27.799999999999997,-0.9166666666666655,3,1,0,1,6,25.0,False,False,False,False,"Signed reconciliation and persistence evidence for review; heuristic bands are engineering choices, not MPLADS rules or final decisions."
W-002325,COMPLETION,104.99588251441119,105.0,100.0,4.995882514411193,4.995882514411193,5.0,0.0041174855888073125,5.0,12.899999999999999,1.6571428571428564,5,0,0,0,7,25.0,False,False,False,False,"Signed reconciliation and persistence evidence for review; heuristic bands are engineering choices, not MPLADS rules or final decisions."
W-002326,COMPLETION,106.69154228855722,106.7,100.0,6.691542288557216,6.691542288557216,6.700000000000003,0.008457711442787286,6.700000000000003,63.2,16.8,5,3,0,3,7,25.0,False,True,False,False,"Signed reconciliation and persistence evidence for review; heuristic bands are engineering choices, not MPLADS rules or final decisions."
W-002327,EXECUTION,81.72289551261055,81.7,92.0,-10.277104487389451,10.277104487389451,-10.299999999999997,-0.02289551261054612,-10.299999999999997,25.199999999999996,10.933333333333335,2,1,0,1,3,25.0,False,False,False,False,"Signed reconciliation and persistence evidence for review; heuristic bands are engineering choices, not MPLADS rules or final decisions."
W-002330,COMPLETION,95.84882280049567,95.8,100.0,-4.151177199504332,4.151177199504332,-4.200000000000003,-0.048822800495671004,-4.200000000000003,61.9,30.933333333333326,5,4,0,4,6,25.0,False,True,False,False,"Signed reconciliation and persistence evidence for review; heuristic bands are engineering choices, not MPLADS rules or final decisions."
W-002331,COMPLETION,94.92314857941314,94.9,100.0,-5.076851420586863,5.076851420586863,-5.099999999999994,-0.023148579413131642,-5.099999999999994,62.7,29.816666666666666,5,4,0,4,6,25.0,False,True,False,False,"Signed reconciliation and persistence evidence for review; heuristic bands are engineering choices, not MPLADS rules or final decisions."
W-002332,COMPLETION,107.21804511278195,107.2,100.0,7.218045112781951,7.218045112781951,7.200000000000003,-0.01804511278194809,7.200000000000003,7.200000000000003,-29.5,1,0,0,0,3,25.0,False,False,False,False,"Signed reconciliation and persistence evidence for review; heuristic bands are engineering choices, not MPLADS rules or final decisions."
W-002333,COMPLETION,106.10997963340122,106.1,100.0,6.109979633401224,6.109979633401224,6.099999999999994,-0.009979633401229648,6.099999999999994,60.3,32.483333333333334,6,4,0,4,6,25.0,False,True,False,False,"Signed reconciliation and persistence evidence for review; heuristic bands are engineering choices, not MPLADS rules or final decisions."
W-002334,COMPLETION,100.82352941176471,100.8,100.0,0.8235294117647101,0.8235294117647101,0.7999999999999972,-0.023529411764712904,0.7999999999999972,66.69999999999999,33.73333333333333,3,2,0,2,3,25.0,False,True,False,False,"Signed reconciliation and persistence evidence for review; heuristic bands are engineering choices, not MPLADS rules or final decisions."
W-002335,COMPLETION,107.68789443488238,107.7,100.0,7.687894434882381,7.687894434882381,7.700000000000003,0.012105565117622064,7.700000000000003,24.000000000000004,6.533333333333338,2,0,0,0,3,25.0,False,False,False,False,"Signed reconciliation and persistence evidence for review; heuristic bands are engineering choices, not MPLADS rules or final decisions."
W-002336,COMPLETION,105.61797752808988,105.6,100.0,5.617977528089881,5.617977528089881,5.599999999999994,-0.01797752808988662,5.599999999999994,77.1,41.533333333333324,3,2,0,2,3,25.0,False,True,False,False,"Signed reconciliation and persistence evidence for review; heuristic bands are engineering choices, not MPLADS rules or final decisions."
W-002337,COMPLETION,97.8275627970129,97.8,100.0,-2.1724372029870977,2.1724372029870977,-2.200000000000003,-0.027562797012905094,-2.200000000000003,82.8,40.26666666666666,5,4,0,4,6,25.0,False,True,False,False,"Signed reconciliation and persistence evidence for review; heuristic bands are engineering choices, not MPLADS rules or final decisions."
W-002340,COMPLETION,99.70751681778297,99.7,100.0,-0.2924831822170262,0.2924831822170262,-0.29999999999999716,-0.007516817782970975,-0.29999999999999716,36.8,19.95,5,2,0,1,6,25.0,False,False,False,False,"Signed reconciliation and persistence evidence for review; heuristic bands are engineering choices, not MPLADS rules or final decisions."
W-002341,COMPLETION,100.51282051282051,100.5,100.0,0.512820512820511,0.512820512820511,0.5,-0.012820512820510999,0.5,67.5,32.199999999999996,3,2,0,2,3,25.0,False,True,False,False,"Signed reconciliation and persistence evidence for review; heuristic bands are engineering choices, not MPLADS rules or final decisions."
W-002342,COMPLETION,99.3322203672788,99.3,100.0,-0.6677796327212064,0.6677796327212064,-0.7000000000000028,-0.0322203672787964,-0.7000000000000028,64.1,27.079999999999995,4,2,0,2,5,25.0,False,True,False,False,"Signed reconciliation and persistence evidence for review; heuristic bands are engineering choices, not MPLADS rules or final decisions."
W-002343,COMPLETION,101.49812734082397,101.5,100.0,1.4981273408239701,1.4981273408239701,1.5,0.001872659176029856,1.5,54.5,30.724999999999998,4,2,0,2,4,25.0,False,True,False,False,"Signed reconciliation and persistence evidence for review; heuristic bands are engineering choices, not MPLADS rules or final decisions."
W-002344,COMPLETION,100.34752389226759,100.3,100.0,0.3475238922675885,0.3475238922675885,0.29999999999999716,-0.04752389226759135,0.29999999999999716,86.1,41.41428571428571,7,4,0,4,7,25.0,False,True,False,False,"Signed reconciliation and persistence evidence for review; heuristic bands are engineering choices, not MPLADS rules or final decisions."
W-002345,COMPLETION,107.28339661719019,107.3,100.0,7.283396617190192,7.283396617190192,7.299999999999997,0.01660338280980511,7.299999999999997,71.3,34.68333333333334,6,3,0,3,6,25.0,False,True,False,False,"Signed reconciliation and persistence evidence for review; heuristic bands are engineering choices, not MPLADS rules or final decisions."
W-002346,EXECUTION,52.37449118046133,52.4,49.5,2.8744911804613267,2.8744911804613267,2.8999999999999986,0.0255088195386719,2.8999999999999986,23.7,10.216666666666665,5,0,0,0,6,25.0,False,False,False,False,"Signed reconciliation and persistence evidence for review; heuristic bands are engineering choices, not MPLADS rules or final decisions."
W-002347,COMPLETION,93.479549496147,93.5,100.0,-6.520450503852999,6.520450503852999,-6.5,0.020450503852998736,-6.5,70.9,30.900000000000006,3,2,0,2,4,25.0,False,True,False,False,"Signed reconciliation and persistence evidence for review; heuristic bands are engineering choices, not MPLADS rules or final decisions."
W-002348,EXECUTION,99.51690821256038,99.5,94.3,5.216908212560384,5.216908212560384,5.200000000000003,-0.016908212560380775,5.200000000000003,60.2,33.58571428571429,7,4,0,4,7,25.0,False,True,False,False,"Signed reconciliation and persistence evidence for review; heuristic bands are engineering choices, not MPLADS rules or final decisions."
W-002349,COMPLETION,101.17474302496329,101.2,100.0,1.1747430249632913,1.1747430249632913,1.2000000000000028,0.025256975036711538,1.2000000000000028,1.2000000000000028,-9.879999999999999,1,0,0,0,5,25.0,False,False,False,False,"Signed reconciliation and persistence evidence for review; heuristic bands are engineering choices, not MPLADS rules or final decisions."
W-002350,COMPLETION,140.20180562931492,140.2,100.0,40.20180562931492,40.20180562931492,40.19999999999999,-0.0018056293149300018,40.19999999999999,93.99999999999999,60.27499999999999,8,8,8,8,8,25.0,True,True,False,False,"Signed reconciliation and persistence evidence for review; heuristic bands are engineering choices, not MPLADS rules or final decisions."
W-002351,EXECUTION,18.211648892534864,18.2,19.6,-1.3883511074651373,1.3883511074651373,-1.4000000000000021,-0.011648892534864785,-1.4000000000000021,4.699999999999999,0.571428571428571,3,0,0,0,7,25.0,False,False,False,False,"Signed reconciliation and persistence evidence for review; heuristic bands are engineering choices, not MPLADS rules or final decisions."
W-002352,COMPLETION,104.5187102847729,104.5,100.0,4.518710284772894,4.518710284772894,4.5,-0.018710284772893715,4.5,4.5,-11.871428571428572,1,0,0,0,7,25.0,False,False,False,False,"Signed reconciliation and persistence evidence for review; heuristic bands are engineering choices, not MPLADS rules or final decisions."
W-002354,COMPLETION,99.66677774075308,99.7,100.0,-0.3332222592469236,0.3332222592469236,-0.29999999999999716,0.033222259246926455,-0.29999999999999716,39.6,23.68,4,3,0,3,5,25.0,False,True,False,False,"Signed reconciliation and persistence evidence for review; heuristic bands are engineering choices, not MPLADS rules or final decisions."
W-002355,COMPLETION,100.33755274261604,100.3,100.0,0.3375527426160403,0.3375527426160403,0.29999999999999716,-0.03755274261604313,0.29999999999999716,61.9,36.44,5,3,0,3,5,25.0,False,True,False,False,"Signed reconciliation and persistence evidence for review; heuristic bands are engineering choices, not MPLADS rules or final decisions."
W-002356,COMPLETION,96.69642857142857,96.7,100.0,-3.3035714285714306,3.3035714285714306,-3.299999999999997,0.0035714285714334437,-3.299999999999997,41.5,12.620000000000001,3,1,0,1,5,25.0,False,False,False,False,"Signed reconciliation and persistence evidence for review; heuristic bands are engineering choices, not MPLADS rules or final decisions."
W-002357,EXECUTION,61.880630630630634,61.9,67.8,-5.919369369369363,5.919369369369363,-5.899999999999999,0.01936936936936462,-5.899999999999999,13.899999999999999,5.3,2,0,0,0,3,25.0,False,False,False,False,"Signed reconciliation and persistence evidence for review; heuristic bands are engineering choices, not MPLADS rules or final decisions."
W-002358,COMPLETION,105.17129928894634,105.2,100.0,5.171299288946344,5.171299288946344,5.200000000000003,0.028700711053659234,5.200000000000003,78.1,32.457142857142856,6,5,0,5,7,25.0,False,True,False,False,"Signed reconciliation and persistence evidence for review; heuristic bands are engineering choices, not MPLADS rules or final decisions."
W-002359,COMPLETION,100.21312872975277,100.2,100.0,0.21312872975276775,0.21312872975276775,0.20000000000000284,-0.013128729752764912,0.20000000000000284,37.099999999999994,24.666666666666668,3,2,0,2,3,25.0,False,True,False,False,"Signed reconciliation and persistence evidence for review; heuristic bands are engineering choices, not MPLADS rules or final decisions."
W-002360,COMPLETION,94.62114125350796,94.6,100.0,-5.3788587464920425,5.3788587464920425,-5.400000000000006,-0.021141253507963143,-5.400000000000006,56.3,25.099999999999994,2,1,0,1,3,25.0,False,False,False,False,"Signed reconciliation and persistence evidence for review; heuristic bands are engineering choices, not MPLADS rules or final decisions."
W-002361,EXECUTION,61.78790534618756,61.8,57.8,3.98790534618756,3.98790534618756,4.0,0.012094653812440015,4.0,12.600000000000001,-0.19999999999999987,2,0,0,0,6,25.0,False,False,False,False,"Signed reconciliation and persistence evidence for review; heuristic bands are engineering choices, not MPLADS rules or final decisions."
W-002362,EXECUTION,82.1256038647343,82.1,88.1,-5.9743961352656925,5.9743961352656925,-6.0,-0.025603864734307535,-6.0,48.99999999999999,21.95,5,2,0,2,6,25.0,False,True,False,False,"Signed reconciliation and persistence evidence for review; heuristic bands are engineering choices, not MPLADS rules or final decisions."
W-002364,EXECUTION,86.3022113022113,86.3,84.3,2.0022113022113075,2.0022113022113075,2.0,-0.0022113022113074976,2.0,45.699999999999996,9.799999999999999,4,2,0,2,6,25.0,False,True,False,False,"Signed reconciliation and persistence evidence for review; heuristic bands are engineering choices, not MPLADS rules or final decisions."
W-002365,COMPLETION,101.74232003668043,101.7,100.0,1.7423200366804252,1.7423200366804252,1.7000000000000028,-0.04232003668042239,1.7000000000000028,48.6,16.714285714285715,6,3,0,3,7,25.0,False,True,False,False,"Signed reconciliation and persistence evidence for review; heuristic bands are engineering choices, not MPLADS rules or final decisions."
W-002366,COMPLETION,105.02242152466367,105.0,100.0,5.02242152466367,5.02242152466367,5.0,-0.02242152466367031,5.0,42.5,23.75,8,4,0,3,8,25.0,False,True,False,False,"Signed reconciliation and persistence evidence for review; heuristic bands are engineering choices, not MPLADS rules or final decisions."
W-002367,COMPLETION,107.01881331403763,107.0,100.0,7.018813314037629,7.018813314037629,7.0,-0.018813314037629425,7.0,60.1,34.925,4,3,0,3,4,25.0,False,True,False,False,"Signed reconciliation and persistence evidence for review; heuristic bands are engineering choices, not MPLADS rules or final decisions."
W-002368,COMPLETION,100.81504702194357,100.8,100.0,0.8150470219435704,0.8150470219435704,0.7999999999999972,-0.015047021943573213,0.7999999999999972,51.3,23.7,4,2,0,2,4,25.0,False,True,False,False,"Signed reconciliation and persistence evidence for review; heuristic bands are engineering choices, not MPLADS rules or final decisions."
W-002369,COMPLETION,107.46363061353574,107.5,100.0,7.4636306135357415,7.4636306135357415,7.5,0.03636938646425847,7.5,75.7,46.48571428571428,7,5,0,5,7,25.0,False,True,False,False,"Signed reconciliation and persistence evidence for review; heuristic bands are engineering choices, not MPLADS rules or final decisions."
W-002370,EXECUTION,0.0,0.0,0.0,0.0,0.0,0.0,0.0,0.0,0.0,0.0,0,0,0,0,1,25.0,False,False,False,False,"Signed reconciliation and persistence evidence for review; heuristic bands are engineering choices, not MPLADS rules or final decisions."
W-002371,COMPLETION,102.29508196721312,102.3,100.0,2.2950819672131217,2.2950819672131217,2.299999999999997,0.004918032786875415,2.299999999999997,27.700000000000003,9.0625,6,2,0,2,8,25.0,False,True,False,False,"Signed reconciliation and persistence evidence for review; heuristic bands are engineering choices, not MPLADS rules or final decisions."
W-002372,COMPLETION,96.6984126984127,96.7,100.0,-3.301587301587304,3.301587301587304,-3.299999999999997,0.0015873015873069107,-3.299999999999997,13.700000000000003,5.5428571428571445,5,0,0,0,7,25.0,False,False,False,False,"Signed reconciliation and persistence evidence for review; heuristic bands are engineering choices, not MPLADS rules or final decisions."
W-002373,EXECUTION,79.13413768630234,79.1,84.5,-5.3658623136976615,5.3658623136976615,-5.400000000000006,-0.03413768630234415,-5.400000000000006,23.499999999999993,6.466666666666662,2,0,0,0,3,25.0,False,False,False,False,"Signed reconciliation and persistence evidence for review; heuristic bands are engineering choices, not MPLADS rules or final decisions."
W-002375,COMPLETION,103.62882322446863,103.6,100.0,3.6288232244686327,3.6288232244686327,3.5999999999999943,-0.028823224468638386,3.5999999999999943,28.799999999999997,8.033333333333331,4,2,0,2,6,25.0,False,True,False,False,"Signed reconciliation and persistence evidence for review; heuristic bands are engineering choices, not MPLADS rules or final decisions."
W-002376,EXECUTION,82.28183962264151,82.3,39.5,42.78183962264151,42.78183962264151,42.8,0.01816037735848397,42.8,64.0,45.625,4,4,4,4,4,25.0,True,True,False,False,"Signed reconciliation and persistence evidence for review; heuristic bands are engineering choices, not MPLADS rules or final decisions."
W-002377,COMPLETION,105.01964207769532,105.0,100.0,5.019642077695323,5.019642077695323,5.0,-0.019642077695323223,5.0,69.1,38.333333333333336,3,2,0,2,3,25.0,False,True,False,False,"Signed reconciliation and persistence evidence for review; heuristic bands are engineering choices, not MPLADS rules or final decisions."
W-002378,COMPLETION,97.47557003257329,97.5,100.0,-2.5244299674267126,2.5244299674267126,-2.5,0.02442996742671255,-2.5,28.900000000000006,9.000000000000004,3,1,0,1,5,25.0,False,False,False,False,"Signed reconciliation and persistence evidence for review; heuristic bands are engineering choices, not MPLADS rules or final decisions."
W-002380,COMPLETION,95.2755905511811,95.3,100.0,-4.7244094488189035,4.7244094488189035,-4.700000000000003,0.024409448818900614,-4.700000000000003,41.599999999999994,20.399999999999995,3,2,0,2,4,25.0,False,True,False,False,"Signed reconciliation and persistence evidence for review; heuristic bands are engineering choices, not MPLADS rules or final decisions."
W-002381,COMPLETION,97.05882352941177,97.1,100.0,-2.941176470588232,2.941176470588232,-2.9000000000000057,0.041176470588226266,-2.9000000000000057,49.49999999999999,25.275,3,2,0,2,4,25.0,False,True,False,False,"Signed reconciliation and persistence evidence for review; heuristic bands are engineering choices, not MPLADS rules or final decisions."
W-002382,EXECUTION,37.83597518952447,37.8,43.4,-5.56402481047553,5.56402481047553,-5.600000000000001,-0.03597518952447132,-5.600000000000001,-3.1000000000000014,-8.516666666666667,0,0,0,0,6,25.0,False,False,False,False,"Signed reconciliation and persistence evidence for review; heuristic bands are engineering choices, not MPLADS rules or final decisions."
W-002383,COMPLETION,103.15315315315316,103.2,100.0,3.1531531531531556,3.1531531531531556,3.200000000000003,0.046846846846847257,3.200000000000003,16.799999999999997,-0.7857142857142857,3,0,0,0,7,25.0,False,False,False,False,"Signed reconciliation and persistence evidence for review; heuristic bands are engineering choices, not MPLADS rules or final decisions."
W-002384,EXECUTION,90.05891016200295,90.1,83.4,6.65891016200294,6.65891016200294,6.699999999999989,0.04108983799704902,6.699999999999989,65.1,37.425,8,6,0,6,8,25.0,False,True,False,False,"Signed reconciliation and persistence evidence for review; heuristic bands are engineering choices, not MPLADS rules or final decisions."
W-002385,EXECUTION,60.0,60.0,62.8,-2.799999999999997,2.799999999999997,-2.799999999999997,0.0,-2.799999999999997,2.8999999999999986,-8.4,1,0,0,0,6,25.0,False,False,False,False,"Signed reconciliation and persistence evidence for review; heuristic bands are engineering choices, not MPLADS rules or final decisions."
W-002386,COMPLETION,102.16242191254204,102.2,100.0,2.162421912542044,2.162421912542044,2.200000000000003,0.037578087457958986,2.200000000000003,34.6,18.73333333333333,3,1,0,1,3,25.0,False,False,False,False,"Signed reconciliation and persistence evidence for review; heuristic bands are engineering choices, not MPLADS rules or final decisions."
W-002387,COMPLETION,103.79132544737641,103.8,100.0,3.7913254473764084,3.7913254473764084,3.799999999999997,0.008674552623588738,3.799999999999997,71.69999999999999,39.957142857142856,7,5,0,5,7,25.0,False,True,False,False,"Signed reconciliation and persistence evidence for review; heuristic bands are engineering choices, not MPLADS rules or final decisions."
W-002388,COMPLETION,105.45270952541232,105.5,100.0,5.452709525412317,5.452709525412317,5.5,0.04729047458768321,5.5,92.7,47.38333333333333,6,5,0,5,6,25.0,False,True,False,False,"Signed reconciliation and persistence evidence for review; heuristic bands are engineering choices, not MPLADS rules or final decisions."
W-002389,COMPLETION,107.82250686184813,107.8,100.0,7.822506861848126,7.822506861848126,7.799999999999997,-0.02250686184812878,7.799999999999997,35.5,1.5333333333333314,2,1,0,1,3,25.0,False,False,False,False,"Signed reconciliation and persistence evidence for review; heuristic bands are engineering choices, not MPLADS rules or final decisions."
W-002390,COMPLETION,98.90428617466968,98.9,100.0,-1.0957138253303214,1.0957138253303214,-1.0999999999999943,-0.00428617466967296,-1.0999999999999943,47.10000000000001,14.185714285714289,4,3,0,3,7,25.0,False,True,False,False,"Signed reconciliation and persistence evidence for review; heuristic bands are engineering choices, not MPLADS rules or final decisions."
W-002391,COMPLETION,102.54431103487707,102.5,100.0,2.5443110348770688,2.5443110348770688,2.5,-0.04431103487706878,2.5,74.3,33.07142857142857,7,4,0,4,7,25.0,False,True,False,False,"Signed reconciliation and persistence evidence for review; heuristic bands are engineering choices, not MPLADS rules or final decisions."
W-002392,COMPLETION,104.43037974683544,104.4,100.0,4.430379746835442,4.430379746835442,4.400000000000006,-0.030379746835436094,4.400000000000006,35.599999999999994,24.075000000000003,4,3,0,3,4,25.0,False,True,False,False,"Signed reconciliation and persistence evidence for review; heuristic bands are engineering choices, not MPLADS rules or final decisions."
W-002393,COMPLETION,103.37389380530973,103.4,100.0,3.3738938053097343,3.3738938053097343,3.4000000000000057,0.026106194690271423,3.4000000000000057,35.30000000000001,22.033333333333342,3,2,0,2,3,25.0,False,True,False,False,"Signed reconciliation and persistence evidence for review; heuristic bands are engineering choices, not MPLADS rules or final decisions."
W-002394,EXECUTION,0.0,0.0,0.0,0.0,0.0,0.0,0.0,0.0,0.0,0.0,0,0,0,0,1,25.0,False,False,False,False,"Signed reconciliation and persistence evidence for review; heuristic bands are engineering choices, not MPLADS rules or final decisions."
W-002395,COMPLETION,128.3005617977528,128.3,100.0,28.300561797752806,28.300561797752806,28.30000000000001,-0.000561797752794746,28.30000000000001,78.6,61.31428571428573,7,7,7,7,7,25.0,True,True,False,False,"Signed reconciliation and persistence evidence for review; heuristic bands are engineering choices, not MPLADS rules or final decisions."
W-002396,COMPLETION,102.98719772403983,103.0,100.0,2.987197724039831,2.987197724039831,3.0,0.01280227596016914,3.0,49.4,13.475,3,1,0,1,4,25.0,False,False,False,False,"Signed reconciliation and persistence evidence for review; heuristic bands are engineering choices, not MPLADS rules or final decisions."
W-002397,COMPLETION,104.4825677919203,104.5,100.0,4.482567791920303,4.482567791920303,4.5,0.01743220807969692,4.5,76.7,43.34285714285714,7,5,0,5,7,25.0,False,True,False,False,"Signed reconciliation and persistence evidence for review; heuristic bands are engineering choices, not MPLADS rules or final decisions."
W-002398,EXECUTION,96.77819083023545,96.8,90.9,5.8781908302354395,5.8781908302354395,5.8999999999999915,0.02180916976455194,5.8999999999999915,52.3,25.224999999999998,4,2,0,2,4,25.0,False,True,False,False,"Signed reconciliation and persistence evidence for review; heuristic bands are engineering choices, not MPLADS rules or final decisions."
W-002399,COMPLETION,97.83212896053362,97.8,100.0,-2.1678710394663767,2.1678710394663767,-2.200000000000003,-0.03212896053362613,-2.200000000000003,16.099999999999994,-5.812500000000001,2,0,0,0,8,25.0,False,False,False,False,"Signed reconciliation and persistence evidence for review; heuristic bands are engineering choices, not MPLADS rules or final decisions."
W-002400,COMPLETION,103.38983050847457,103.4,100.0,3.3898305084745743,3.3898305084745743,3.4000000000000057,0.01016949152543134,3.4000000000000057,50.50000000000001,25.35,4,2,0,2,4,25.0,False,True,False,False,"Signed reconciliation and persistence evidence for review; heuristic bands are engineering choices, not MPLADS rules or final decisions."
W-002401,COMPLETION,103.96357793251205,104.0,100.0,3.9635779325120524,3.9635779325120524,4.0,0.03642206748794763,4.0,32.2,20.166666666666668,3,1,0,1,3,25.0,False,False,False,False,"Signed reconciliation and persistence evidence for review; heuristic bands are engineering choices, not MPLADS rules or final decisions."
W-002402,COMPLETION,101.02970297029702,101.0,100.0,1.0297029702970235,1.0297029702970235,1.0,-0.029702970297023512,1.0,33.4,20.8,4,1,0,1,4,25.0,False,False,False,False,"Signed reconciliation and persistence evidence for review; heuristic bands are engineering choices, not MPLADS rules or final decisions."
W-002403,COMPLETION,103.2223124830761,103.2,100.0,3.222312483076095,3.222312483076095,3.200000000000003,-0.02231248307609235,3.200000000000003,53.0,28.100000000000005,6,3,0,3,6,25.0,False,True,False,False,"Signed reconciliation and persistence evidence for review; heuristic bands are engineering choices, not MPLADS rules or final decisions."
W-002404,COMPLETION,100.41666666666667,100.4,100.0,0.4166666666666714,0.4166666666666714,0.4000000000000057,-0.01666666666666572,0.4000000000000057,61.300000000000004,24.300000000000008,7,3,0,3,7,25.0,False,True,False,False,"Signed reconciliation and persistence evidence for review; heuristic bands are engineering choices, not MPLADS rules or final decisions."
W-002405,EXECUTION,46.91224268689057,46.9,51.2,-4.287757313109431,4.287757313109431,-4.300000000000004,-0.012242686890573395,-4.300000000000004,11.0,-11.937500000000002,2,0,0,0,8,25.0,False,False,False,False,"Signed reconciliation and persistence evidence for review; heuristic bands are engineering choices, not MPLADS rules or final decisions."
W-002406,COMPLETION,105.06050605060506,105.1,100.0,5.060506050605056,5.060506050605056,5.099999999999994,0.039493949394938,5.099999999999994,69.1,30.283333333333328,5,4,0,4,6,25.0,False,True,False,False,"Signed reconciliation and persistence evidence for review; heuristic bands are engineering choices, not MPLADS rules or final decisions."
W-002407,EXECUTION,88.44094488188976,88.4,88.7,-0.25905511811023985,0.25905511811023985,-0.29999999999999716,-0.04094488188975731,-0.29999999999999716,21.299999999999997,6.233333333333332,1,0,0,0,3,25.0,False,False,False,False,"Signed reconciliation and persistence evidence for review; heuristic bands are engineering choices, not MPLADS rules or final decisions."
W-002408,EXECUTION,67.40994854202401,67.4,78.1,-10.690051457975983,10.690051457975983,-10.699999999999989,-0.009948542024005746,-10.699999999999989,14.799999999999997,-3.314285714285714,1,0,0,0,7,25.0,False,False,False,False,"Signed reconciliation and persistence evidence for review; heuristic bands are engineering choices, not MPLADS rules or final decisions."
W-002409,COMPLETION,101.10029623360136,101.1,100.0,1.1002962336013553,1.1002962336013553,1.0999999999999943,-0.00029623360136099564,1.0999999999999943,34.599999999999994,-7.8833333333333355,3,1,0,1,6,25.0,False,False,False,False,"Signed reconciliation and persistence evidence for review; heuristic bands are engineering choices, not MPLADS rules or final decisions."
W-002410,COMPLETION,103.74832663989291,103.7,100.0,3.748326639892909,3.748326639892909,3.700000000000003,-0.04832663989290609,3.700000000000003,17.5,-2.02857142857143,3,0,0,0,7,25.0,False,False,False,False,"Signed reconciliation and persistence evidence for review; heuristic bands are engineering choices, not MPLADS rules or final decisions."
W-002411,EXECUTION,12.15034965034965,12.2,11.4,0.7503496503496496,0.7503496503496496,0.7999999999999989,0.04965034965034931,0.7999999999999989,5.0,-1.1500000000000004,3,0,0,0,6,25.0,False,False,False,False,"Signed reconciliation and persistence evidence for review; heuristic bands are engineering choices, not MPLADS rules or final decisions."
W-002412,COMPLETION,106.16844602609727,106.2,100.0,6.168446026097271,6.168446026097271,6.200000000000003,0.031553973902731514,6.200000000000003,51.800000000000004,15.775000000000002,3,2,0,2,4,25.0,False,True,False,False,"Signed reconciliation and persistence evidence for review; heuristic bands are engineering choices, not MPLADS rules or final decisions."
W-002413,EXECUTION,91.23563218390805,91.2,85.9,5.3356321839080465,5.3356321839080465,5.299999999999997,-0.03563218390804934,5.299999999999997,54.5,24.52857142857143,7,3,0,3,7,25.0,False,True,False,False,"Signed reconciliation and persistence evidence for review; heuristic bands are engineering choices, not MPLADS rules or final decisions."
W-002414,COMPLETION,95.95551061678464,96.0,100.0,-4.044489383215364,4.044489383215364,-4.0,0.04448938321536389,-4.0,20.599999999999994,-5.937500000000002,3,0,0,0,8,25.0,False,False,False,False,"Signed reconciliation and persistence evidence for review; heuristic bands are engineering choices, not MPLADS rules or final decisions."
W-002415,COMPLETION,104.88075429839157,104.9,100.0,4.880754298391565,4.880754298391565,4.900000000000006,0.019245701608440413,4.900000000000006,4.900000000000006,-10.899999999999997,1,0,0,0,6,25.0,False,False,False,False,"Signed reconciliation and persistence evidence for review; heuristic bands are engineering choices, not MPLADS rules or final decisions."
W-002416,COMPLETION,100.12684989429175,100.1,100.0,0.12684989429175175,0.12684989429175175,0.09999999999999432,-0.026849894291757437,0.09999999999999432,17.19999999999999,-6.1200000000000045,3,0,0,0,5,25.0,False,False,False,False,"Signed reconciliation and persistence evidence for review; heuristic bands are engineering choices, not MPLADS rules or final decisions."
W-002417,EXECUTION,40.508628519527704,40.5,47.5,-6.991371480472296,6.991371480472296,-7.0,-0.00862851952770427,-7.0,1.0999999999999996,-5.733333333333334,1,0,0,0,6,25.0,False,False,False,False,"Signed reconciliation and persistence evidence for review; heuristic bands are engineering choices, not MPLADS rules or final decisions."
W-002418,COMPLETION,101.75150519978106,101.8,100.0,1.7515051997810644,1.7515051997810644,1.7999999999999972,0.04849480021893271,1.7999999999999972,22.099999999999994,-4.140000000000003,3,0,0,0,5,25.0,False,False,False,False,"Signed reconciliation and persistence evidence for review; heuristic bands are engineering choices, not MPLADS rules or final decisions."
W-002419,EXECUTION,87.30803974706414,87.3,31.0,56.30803974706414,56.30803974706414,56.3,-0.008039747064145786,56.3,56.3,37.833333333333336,3,2,2,2,3,25.0,True,True,False,False,"Signed reconciliation and persistence evidence for review; heuristic bands are engineering choices, not MPLADS rules or final decisions."
W-002420,EXECUTION,48.37251356238698,48.4,50.2,-1.8274864376130253,1.8274864376130253,-1.8000000000000043,0.027486437613021053,-1.8000000000000043,1.1999999999999957,-6.137500000000001,1,0,0,0,8,25.0,False,False,False,False,"Signed reconciliation and persistence evidence for review; heuristic bands are engineering choices, not MPLADS rules or final decisions."
W-002421,COMPLETION,128.51631006664329,128.5,100.0,28.516310066643285,28.516310066643285,28.5,-0.01631006664328538,28.5,95.4,63.0,3,3,3,3,3,25.0,True,True,False,False,"Signed reconciliation and persistence evidence for review; heuristic bands are engineering choices, not MPLADS rules or final decisions."
W-002422,EXECUTION,86.68152688771245,86.7,89.7,-3.018473112287552,3.018473112287552,-3.0,0.018473112287551885,-3.0,39.400000000000006,24.05,3,2,0,2,4,25.0,False,True,False,False,"Signed reconciliation and persistence evidence for review; heuristic bands are engineering choices, not MPLADS rules or final decisions."
W-002423,COMPLETION,98.2102908277405,98.2,100.0,-1.7897091722595064,1.7897091722595064,-1.7999999999999972,-0.010290827740490727,-1.7999999999999972,24.5,4.625000000000002,4,0,0,0,8,25.0,False,False,False,False,"Signed reconciliation and persistence evidence for review; heuristic bands are engineering choices, not MPLADS rules or final decisions."
W-002424,COMPLETION,98.83645765998708,98.8,100.0,-1.1635423400129241,1.1635423400129241,-1.2000000000000028,-0.03645765998707873,-1.2000000000000028,30.200000000000003,16.733333333333334,2,1,0,1,3,25.0,False,False,False,False,"Signed reconciliation and persistence evidence for review; heuristic bands are engineering choices, not MPLADS rules or final decisions."
W-002425,EXECUTION,73.50230414746544,73.5,68.8,4.702304147465441,4.702304147465441,4.700000000000003,-0.0023041474654377225,4.700000000000003,35.1,2.7857142857142856,4,1,0,1,7,25.0,False,False,False,False,"Signed reconciliation and persistence evidence for review; heuristic bands are engineering choices, not MPLADS rules or final decisions."
W-002426,COMPLETION,103.35497835497836,103.4,100.0,3.354978354978357,3.354978354978357,3.4000000000000057,0.04502164502164874,3.4000000000000057,3.4000000000000057,-27.933333333333334,1,0,0,0,6,25.0,False,False,False,False,"Signed reconciliation and persistence evidence for review; heuristic bands are engineering choices, not MPLADS rules or final decisions."
W-002427,COMPLETION,103.1994554118448,103.2,100.0,3.199455411844795,3.199455411844795,3.200000000000003,0.0005445881552077481,3.200000000000003,59.099999999999994,26.2125,8,3,0,3,8,25.0,False,True,False,False,"Signed reconciliation and persistence evidence for review; heuristic bands are engineering choices, not MPLADS rules or final decisions."
W-002428,COMPLETION,103.45717234262126,103.5,100.0,3.457172342621263,3.457172342621263,3.5,0.04282765737873717,3.5,87.3,46.73333333333333,6,4,0,4,6,25.0,False,True,False,False,"Signed reconciliation and persistence evidence for review; heuristic bands are engineering choices, not MPLADS rules or final decisions."
W-002429,COMPLETION,104.54545454545455,104.5,100.0,4.545454545454547,4.545454545454547,4.5,-0.045454545454546746,4.5,4.5,-29.96,1,0,0,0,5,25.0,False,False,False,False,"Signed reconciliation and persistence evidence for review; heuristic bands are engineering choices, not MPLADS rules or final decisions."
W-002430,COMPLETION,101.89125295508275,101.9,100.0,1.8912529550827486,1.8912529550827486,1.9000000000000057,0.008747044917257085,1.9000000000000057,39.7,25.466666666666672,3,2,0,2,3,25.0,False,True,False,False,"Signed reconciliation and persistence evidence for review; heuristic bands are engineering choices, not MPLADS rules or final decisions."
W-002431,COMPLETION,97.06691109074244,97.1,100.0,-2.933088909257563,2.933088909257563,-2.9000000000000057,0.033088909257557475,-2.9000000000000057,46.8,15.757142857142854,5,2,0,1,7,25.0,False,False,False,False,"Signed reconciliation and persistence evidence for review; heuristic bands are engineering choices, not MPLADS rules or final decisions."
W-002432,EXECUTION,90.73765945646146,90.7,90.7,0.037659456461454965,0.037659456461454965,0.0,-0.037659456461454965,0.0,65.1,21.51666666666667,4,3,0,3,6,25.0,False,True,False,False,"Signed reconciliation and persistence evidence for review; heuristic bands are engineering choices, not MPLADS rules or final decisions."
W-002433,COMPLETION,102.15384615384616,102.2,100.0,2.1538461538461604,2.1538461538461604,2.200000000000003,0.04615384615384244,2.200000000000003,68.80000000000001,32.300000000000004,6,5,0,5,7,25.0,False,True,False,False,"Signed reconciliation and persistence evidence for review; heuristic bands are engineering choices, not MPLADS rules or final decisions."
W-002434,COMPLETION,97.73913043478261,97.7,100.0,-2.2608695652173907,2.2608695652173907,-2.299999999999997,-0.03913043478260647,-2.299999999999997,23.10000000000001,5.333333333333336,3,0,0,0,6,25.0,False,False,False,False,"Signed reconciliation and persistence evidence for review; heuristic bands are engineering choices, not MPLADS rules or final decisions."
W-002435,COMPLETION,105.92020592020592,105.9,100.0,5.920205920205916,5.920205920205916,5.900000000000006,-0.020205920205910388,5.900000000000006,59.0,34.07142857142857,7,4,0,4,7,25.0,False,True,False,False,"Signed reconciliation and persistence evidence for review; heuristic bands are engineering choices, not MPLADS rules or final decisions."
W-002436,COMPLETION,103.56359649122807,103.6,100.0,3.5635964912280684,3.5635964912280684,3.5999999999999943,0.036403508771925885,3.5999999999999943,50.699999999999996,23.712499999999995,7,5,0,5,8,25.0,False,True,False,False,"Signed reconciliation and persistence evidence for review; heuristic bands are engineering choices, not MPLADS rules or final decisions."
W-002438,COMPLETION,103.8369304556355,103.8,100.0,3.836930455635496,3.836930455635496,3.799999999999997,-0.036930455635499015,3.799999999999997,56.4,17.125,3,2,0,2,4,25.0,False,True,False,False,"Signed reconciliation and persistence evidence for review; heuristic bands are engineering choices, not MPLADS rules or final decisions."
W-002439,COMPLETION,102.47933884297521,102.5,100.0,2.47933884297521,2.47933884297521,2.5,0.0206611570247901,2.5,12.700000000000003,4.266666666666668,2,0,0,0,3,25.0,False,False,False,False,"Signed reconciliation and persistence evidence for review; heuristic bands are engineering choices, not MPLADS rules or final decisions."
W-002440,COMPLETION,101.06320141760189,101.1,100.0,1.0632014176018885,1.0632014176018885,1.0999999999999943,0.03679858239810585,1.0999999999999943,48.699999999999996,26.966666666666665,6,4,0,4,6,25.0,False,True,False,False,"Signed reconciliation and persistence evidence for review; heuristic bands are engineering choices, not MPLADS rules or final decisions."
W-002441,EXECUTION,73.7864077669903,73.8,84.4,-10.613592233009712,10.613592233009712,-10.600000000000009,0.013592233009703136,-10.600000000000009,9.800000000000004,-0.3714285714285704,3,0,0,0,7,25.0,False,False,False,False,"Signed reconciliation and persistence evidence for review; heuristic bands are engineering choices, not MPLADS rules or final decisions."
W-002442,COMPLETION,106.74071237073917,106.7,100.0,6.740712370739175,6.740712370739175,6.700000000000003,-0.04071237073917189,6.700000000000003,51.1,26.1,5,2,0,2,5,25.0,False,True,False,False,"Signed reconciliation and persistence evidence for review; heuristic bands are engineering choices, not MPLADS rules or final decisions."
W-002444,COMPLETION,94.90491567994259,94.9,100.0,-5.09508432005741,5.09508432005741,-5.099999999999994,-0.004915679942584461,-5.099999999999994,29.900000000000006,16.06666666666667,2,1,0,1,3,25.0,False,False,False,False,"Signed reconciliation and persistence evidence for review; heuristic bands are engineering choices, not MPLADS rules or final decisions."
W-002445,EXECUTION,94.28804569563444,94.3,37.9,56.38804569563444,56.38804569563444,56.4,0.011954304365559665,56.4,92.39999999999999,71.6,5,5,5,5,5,25.0,True,True,False,False,"Signed reconciliation and persistence evidence for review; heuristic bands are engineering choices, not MPLADS rules or final decisions."
W-002446,EXECUTION,23.3362143474503,23.3,23.9,-0.5637856525496971,0.5637856525496971,-0.5999999999999979,-0.03621434745030072,-0.5999999999999979,7.0,2.766666666666667,4,0,0,0,6,25.0,False,False,False,False,"Signed reconciliation and persistence evidence for review; heuristic bands are engineering choices, not MPLADS rules or final decisions."
W-002447,EXECUTION,87.41721854304636,87.4,88.5,-1.08278145695364,1.08278145695364,-1.0999999999999943,-0.017218543046354284,-1.0999999999999943,59.2,28.66666666666667,2,2,0,2,3,25.0,False,True,False,False,"Signed reconciliation and persistence evidence for review; heuristic bands are engineering choices, not MPLADS rules or final decisions."
W-002448,COMPLETION,106.95687550854353,107.0,100.0,6.956875508543533,6.956875508543533,7.0,0.04312449145646724,7.0,54.1,19.8125,6,4,0,4,8,25.0,False,True,False,False,"Signed reconciliation and persistence evidence for review; heuristic bands are engineering choices, not MPLADS rules or final decisions."
W-002449,COMPLETION,105.99478714161599,106.0,100.0,5.994787141615987,5.994787141615987,6.0,0.005212858384012975,6.0,78.6,42.53333333333333,3,2,0,2,3,25.0,False,True,False,False,"Signed reconciliation and persistence evidence for review; heuristic bands are engineering choices, not MPLADS rules or final decisions."
W-002451,EXECUTION,85.67630442007311,85.7,93.5,-7.823695579926891,7.823695579926891,-7.799999999999997,0.023695579926894084,-7.799999999999997,21.900000000000006,-3.083333333333331,2,0,0,0,6,25.0,False,False,False,False,"Signed reconciliation and persistence evidence for review; heuristic bands are engineering choices, not MPLADS rules or final decisions."
W-002452,COMPLETION,95.46044098573282,95.5,100.0,-4.539559014267184,4.539559014267184,-4.5,0.039559014267183557,-4.5,49.3,22.4,4,2,0,2,5,25.0,False,True,False,False,"Signed reconciliation and persistence evidence for review; heuristic bands are engineering choices, not MPLADS rules or final decisions."
W-002454,COMPLETION,103.21395775941231,103.2,100.0,3.2139577594123097,3.2139577594123097,3.200000000000003,-0.013957759412306814,3.200000000000003,60.2,31.400000000000002,4,3,0,3,4,25.0,False,True,False,False,"Signed reconciliation and persistence evidence for review; heuristic bands are engineering choices, not MPLADS rules or final decisions."
W-002455,EXECUTION,42.71356783919598,42.7,45.0,-2.2864321608040186,2.2864321608040186,-2.299999999999997,-0.013567839195978593,-2.299999999999997,-2.299999999999997,-21.275,0,0,0,0,4,25.0,False,False,False,False,"Signed reconciliation and persistence evidence for review; heuristic bands are engineering choices, not MPLADS rules or final decisions."
W-002456,COMPLETION,98.25657894736842,98.3,100.0,-1.7434210526315752,1.7434210526315752,-1.7000000000000028,0.043421052631572365,-1.7000000000000028,63.199999999999996,35.75714285714286,6,5,0,5,7,25.0,False,True,False,False,"Signed reconciliation and persistence evidence for review; heuristic bands are engineering choices, not MPLADS rules or final decisions."
W-002457,COMPLETION,96.87603855101362,96.9,100.0,-3.1239614489863783,3.1239614489863783,-3.0999999999999943,0.02396144898638397,-3.0999999999999943,32.400000000000006,-11.266666666666664,2,1,0,1,6,25.0,False,False,False,False,"Signed reconciliation and persistence evidence for review; heuristic bands are engineering choices, not MPLADS rules or final decisions."
W-002458,COMPLETION,107.72986167615947,107.7,100.0,7.729861676159473,7.729861676159473,7.700000000000003,-0.029861676159470107,7.700000000000003,49.400000000000006,16.080000000000002,4,2,0,2,5,25.0,False,True,False,False,"Signed reconciliation and persistence evidence for review; heuristic bands are engineering choices, not MPLADS rules or final decisions."
W-002459,COMPLETION,94.96062992125984,95.0,100.0,-5.039370078740163,5.039370078740163,-5.0,0.03937007874016274,-5.0,31.1,3.066666666666666,3,1,0,1,6,25.0,False,False,False,False,"Signed reconciliation and persistence evidence for review; heuristic bands are engineering choices, not MPLADS rules or final decisions."
W-002460,EXECUTION,74.86452688620258,74.9,77.2,-2.33547311379742,2.33547311379742,-2.299999999999997,0.035473113797422684,-2.299999999999997,-2.299999999999997,-19.180000000000003,0,0,0,0,5,25.0,False,False,False,False,"Signed reconciliation and persistence evidence for review; heuristic bands are engineering choices, not MPLADS rules or final decisions."
W-002461,EXECUTION,36.48401826484018,36.5,38.4,-1.9159817351598178,1.9159817351598178,-1.8999999999999986,0.015981735159819266,-1.8999999999999986,4.299999999999997,-10.0125,1,0,0,0,8,25.0,False,False,False,False,"Signed reconciliation and persistence evidence for review; heuristic bands are engineering choices, not MPLADS rules or final decisions."
W-002462,COMPLETION,101.55513666352498,101.6,100.0,1.5551366635249764,1.5551366635249764,1.5999999999999943,0.044863336475017945,1.5999999999999943,85.0,41.283333333333324,6,4,0,4,6,25.0,False,True,False,False,"Signed reconciliation and persistence evidence for review; heuristic bands are engineering choices, not MPLADS rules or final decisions."
W-002463,COMPLETION,97.74288518155053,97.7,100.0,-2.257114818449466,2.257114818449466,-2.299999999999997,-0.042885181550531115,-2.299999999999997,31.299999999999997,12.766666666666667,2,1,0,1,3,25.0,False,False,False,False,"Signed reconciliation and persistence evidence for review; heuristic bands are engineering choices, not MPLADS rules or final decisions."
W-002464,COMPLETION,97.38095238095238,97.4,100.0,-2.6190476190476204,2.6190476190476204,-2.5999999999999943,0.019047619047626085,-2.5999999999999943,-2.5999999999999943,-16.633333333333333,0,0,0,0,3,25.0,False,False,False,False,"Signed reconciliation and persistence evidence for review; heuristic bands are engineering choices, not MPLADS rules or final decisions."
W-002465,COMPLETION,92.56900212314225,92.6,100.0,-7.430997876857745,7.430997876857745,-7.400000000000006,0.03099787685773947,-7.400000000000006,41.39999999999999,16.31428571428571,6,2,0,1,7,25.0,False,False,False,False,"Signed reconciliation and persistence evidence for review; heuristic bands are engineering choices, not MPLADS rules or final decisions."
W-002466,COMPLETION,100.63775510204081,100.6,100.0,0.6377551020408134,0.6377551020408134,0.5999999999999943,-0.03775510204081911,0.5999999999999943,77.69999999999999,40.314285714285724,7,5,0,5,7,25.0,False,True,False,False,"Signed reconciliation and persistence evidence for review; heuristic bands are engineering choices, not MPLADS rules or final decisions."
W-002467,COMPLETION,101.52696556205328,101.5,100.0,1.5269655620532774,1.5269655620532774,1.5,-0.02696556205327738,1.5,48.4,20.925,4,2,0,2,4,25.0,False,True,False,False,"Signed reconciliation and persistence evidence for review; heuristic bands are engineering choices, not MPLADS rules or final decisions."
W-002468,COMPLETION,105.0081654872074,105.0,100.0,5.008165487207407,5.008165487207407,5.0,-0.00816548720740684,5.0,84.4,44.425,4,3,0,3,4,25.0,False,True,False,False,"Signed reconciliation and persistence evidence for review; heuristic bands are engineering choices, not MPLADS rules or final decisions."
W-002469,EXECUTION,38.80248833592535,38.8,42.8,-3.9975116640746506,3.9975116640746506,-4.0,-0.002488335925349361,-4.0,-4.0,-14.579999999999998,0,0,0,0,5,25.0,False,False,False,False,"Signed reconciliation and persistence evidence for review; heuristic bands are engineering choices, not MPLADS rules or final decisions."
W-002470,COMPLETION,103.91517128874388,103.9,100.0,3.9151712887438777,3.9151712887438777,3.9000000000000057,-0.015171288743871969,3.9000000000000057,3.9000000000000057,-34.15,1,0,0,0,4,25.0,False,False,False,False,"Signed reconciliation and persistence evidence for review; heuristic bands are engineering choices, not MPLADS rules or final decisions."
W-002471,EXECUTION,69.42833471416736,69.4,70.9,-1.4716652858326427,1.4716652858326427,-1.5,-0.028334714167357333,-1.5,0.29999999999999716,-4.100000000000001,1,0,0,0,5,25.0,False,False,False,False,"Signed reconciliation and persistence evidence for review; heuristic bands are engineering choices, not MPLADS rules or final decisions."
W-002473,COMPLETION,103.88176638176638,103.9,100.0,3.881766381766383,3.881766381766383,3.9000000000000057,0.018233618233622906,3.9000000000000057,69.7,40.800000000000004,5,4,0,4,5,25.0,False,True,False,False,"Signed reconciliation and persistence evidence for review; heuristic bands are engineering choices, not MPLADS rules or final decisions."
W-002474,COMPLETION,89.93247391037447,89.9,100.0,-10.067526089625531,10.067526089625531,-10.099999999999994,-0.032473910374463344,-10.099999999999994,44.9,22.275000000000002,7,5,0,5,8,25.0,False,True,False,False,"Signed reconciliation and persistence evidence for review; heuristic bands are engineering choices, not MPLADS rules or final decisions."
W-002475,COMPLETION,100.37735849056604,100.4,100.0,0.37735849056603854,0.37735849056603854,0.4000000000000057,0.022641509433967144,0.4000000000000057,76.10000000000001,33.48571428571429,7,4,0,4,7,25.0,False,True,False,False,"Signed reconciliation and persistence evidence for review; heuristic bands are engineering choices, not MPLADS rules or final decisions."
W-002476,EXECUTION,70.64786249449097,70.6,75.2,-4.552137505509037,4.552137505509037,-4.6000000000000085,-0.04786249449097113,-4.6000000000000085,53.89999999999999,22.999999999999993,3,2,0,2,4,25.0,False,True,False,False,"Signed reconciliation and persistence evidence for review; heuristic bands are engineering choices, not MPLADS rules or final decisions."
W-002477,EXECUTION,75.0,75.0,86.7,-11.700000000000003,11.700000000000003,-11.700000000000003,0.0,-11.700000000000003,35.7,17.185714285714287,6,3,0,3,7,25.0,False,True,False,False,"Signed reconciliation and persistence evidence for review; heuristic bands are engineering choices, not MPLADS rules or final decisions."
W-002478,COMPLETION,103.96634615384616,104.0,100.0,3.9663461538461604,3.9663461538461604,4.0,0.033653846153839595,4.0,55.8,8.5625,5,3,0,3,8,25.0,False,True,False,False,"Signed reconciliation and persistence evidence for review; heuristic bands are engineering choices, not MPLADS rules or final decisions."
W-002479,COMPLETION,104.986642920748,105.0,100.0,4.986642920747997,4.986642920747997,5.0,0.013357079252003246,5.0,77.2,36.35,6,3,0,3,6,25.0,False,True,False,False,"Signed reconciliation and persistence evidence for review; heuristic bands are engineering choices, not MPLADS rules or final decisions."
W-002480,EXECUTION,40.17957351290685,40.2,37.7,2.479573512906846,2.479573512906846,2.5,0.020426487093153867,2.5,4.200000000000001,-0.3999999999999996,3,0,0,0,8,25.0,False,False,False,False,"Signed reconciliation and persistence evidence for review; heuristic bands are engineering choices, not MPLADS rules or final decisions."
W-002481,EXECUTION,79.58715596330275,79.6,80.8,-1.2128440366972484,1.2128440366972484,-1.2000000000000028,0.012844036697245542,-1.2000000000000028,44.199999999999996,17.999999999999996,3,2,0,2,5,25.0,False,True,False,False,"Signed reconciliation and persistence evidence for review; heuristic bands are engineering choices, not MPLADS rules or final decisions."
W-002482,COMPLETION,104.99319110304131,105.0,100.0,4.993191103041312,4.993191103041312,5.0,0.006808896958688138,5.0,77.0,42.916666666666664,6,5,0,5,6,25.0,False,True,False,False,"Signed reconciliation and persistence evidence for review; heuristic bands are engineering choices, not MPLADS rules or final decisions."
W-002483,COMPLETION,153.85388739946382,153.9,100.0,53.853887399463815,53.853887399463815,53.900000000000006,0.046112600536190484,53.900000000000006,122.5,69.63333333333334,5,5,5,5,6,25.0,True,True,False,False,"Signed reconciliation and persistence evidence for review; heuristic bands are engineering choices, not MPLADS rules or final decisions."
W-002484,EXECUTION,65.31040268456375,65.3,69.8,-4.489597315436242,4.489597315436242,-4.5,-0.010402684563757703,-4.5,9.0,-1.5750000000000002,1,0,0,0,4,25.0,False,False,False,False,"Signed reconciliation and persistence evidence for review; heuristic bands are engineering choices, not MPLADS rules or final decisions."
W-002485,COMPLETION,100.08510638297872,100.1,100.0,0.0851063829787222,0.0851063829787222,0.09999999999999432,0.01489361702127212,0.09999999999999432,46.099999999999994,20.3,6,2,0,2,6,25.0,False,True,False,False,"Signed reconciliation and persistence evidence for review; heuristic bands are engineering choices, not MPLADS rules or final decisions."
W-002486,EXECUTION,79.00912646675359,79.0,83.5,-4.490873533246415,4.490873533246415,-4.5,-0.009126466753585305,-4.5,55.7,27.775000000000002,3,2,0,2,4,25.0,False,True,False,False,"Signed reconciliation and persistence evidence for review; heuristic bands are engineering choices, not MPLADS rules or final decisions."
W-002487,COMPLETION,105.01432664756447,105.0,100.0,5.014326647564474,5.014326647564474,5.0,-0.01432664756447366,5.0,36.0,20.8,4,2,0,1,4,25.0,False,False,False,False,"Signed reconciliation and persistence evidence for review; heuristic bands are engineering choices, not MPLADS rules or final decisions."
W-002488,COMPLETION,95.04299443601417,95.0,100.0,-4.957005563985831,4.957005563985831,-5.0,-0.04299443601416897,-5.0,54.9,15.420000000000002,3,2,0,2,5,25.0,False,True,False,False,"Signed reconciliation and persistence evidence for review; heuristic bands are engineering choices, not MPLADS rules or final decisions."
W-002489,COMPLETION,103.79965457685665,103.8,100.0,3.7996545768566534,3.7996545768566534,3.799999999999997,0.00034542314334373714,3.799999999999997,23.5,7.775,3,0,0,0,4,25.0,False,False,False,False,"Signed reconciliation and persistence evidence for review; heuristic bands are engineering choices, not MPLADS rules or final decisions."
W-002490,EXECUTION,28.186813186813186,28.2,32.0,-3.813186813186814,3.813186813186814,-3.8000000000000007,0.01318681318681314,-3.8000000000000007,-2.4,-10.4,0,0,0,0,6,25.0,False,False,False,False,"Signed reconciliation and persistence evidence for review; heuristic bands are engineering choices, not MPLADS rules or final decisions."
W-002491,COMPLETION,106.4624808575804,106.5,100.0,6.4624808575804025,6.4624808575804025,6.5,0.03751914241959753,6.5,6.5,-40.38571428571429,1,0,0,0,7,25.0,False,False,False,False,"Signed reconciliation and persistence evidence for review; heuristic bands are engineering choices, not MPLADS rules or final decisions."
W-002493,COMPLETION,96.11817244933013,96.1,100.0,-3.8818275506698683,3.8818275506698683,-3.9000000000000057,-0.018172449330137397,-3.9000000000000057,29.69999999999999,7.499999999999993,1,1,0,1,3,25.0,False,False,False,False,"Signed reconciliation and persistence evidence for review; heuristic bands are engineering choices, not MPLADS rules or final decisions."
W-002494,EXECUTION,92.46475449684006,92.5,85.8,6.664754496840061,6.664754496840061,6.700000000000003,0.035245503159941904,6.700000000000003,18.700000000000003,4.4,2,0,0,0,4,25.0,False,False,False,False,"Signed reconciliation and persistence evidence for review; heuristic bands are engineering choices, not MPLADS rules or final decisions."
W-002496,COMPLETION,96.55,96.5,100.0,-3.450000000000003,3.450000000000003,-3.5,-0.04999999999999716,-3.5,61.8,29.866666666666664,2,2,0,2,3,25.0,False,True,False,False,"Signed reconciliation and persistence evidence for review; heuristic bands are engineering choices, not MPLADS rules or final decisions."
W-002497,EXECUTION,29.93548387096774,29.9,34.1,-4.164516129032261,4.164516129032261,-4.200000000000003,-0.03548387096774164,-4.200000000000003,15.7,2.2499999999999987,2,0,0,0,4,25.0,False,False,False,False,"Signed reconciliation and persistence evidence for review; heuristic bands are engineering choices, not MPLADS rules or final decisions."
W-002498,COMPLETION,104.35588507877665,104.4,100.0,4.355885078776652,4.355885078776652,4.400000000000006,0.04411492122335403,4.400000000000006,52.60000000000001,15.475000000000005,3,2,0,2,4,25.0,False,True,False,False,"Signed reconciliation and persistence evidence for review; heuristic bands are engineering choices, not MPLADS rules or final decisions."
W-002499,COMPLETION,99.20424403183024,99.2,100.0,-0.7957559681697575,0.7957559681697575,-0.7999999999999972,-0.004244031830239692,-0.7999999999999972,62.900000000000006,29.625000000000004,7,4,0,4,8,25.0,False,True,False,False,"Signed reconciliation and persistence evidence for review; heuristic bands are engineering choices, not MPLADS rules or final decisions."
W-002500,COMPLETION,96.88622754491018,96.9,100.0,-3.1137724550898156,3.1137724550898156,-3.0999999999999943,0.013772455089821278,-3.0999999999999943,72.9,29.612500000000004,6,4,0,4,8,25.0,False,True,False,False,"Signed reconciliation and persistence evidence for review; heuristic bands are engineering choices, not MPLADS rules or final decisions."
W-002501,COMPLETION,102.2794428028704,102.3,100.0,2.279442802870406,2.279442802870406,2.299999999999997,0.02055719712959103,2.299999999999997,31.200000000000003,-7.1000000000000005,3,1,0,1,7,25.0,False,False,False,False,"Signed reconciliation and persistence evidence for review; heuristic bands are engineering choices, not MPLADS rules or final decisions."
W-002502,EXECUTION,75.72815533980582,75.7,86.9,-11.171844660194182,11.171844660194182,-11.200000000000003,-0.028155339805820745,-11.200000000000003,12.800000000000004,-10.199999999999998,1,0,0,0,4,25.0,False,False,False,False,"Signed reconciliation and persistence evidence for review; heuristic bands are engineering choices, not MPLADS rules or final decisions."
W-002503,EXECUTION,0.0,0.0,4.3,-4.3,4.3,-4.3,0.0,-4.3,-4.3,-4.3,0,0,0,0,1,25.0,False,False,False,True,"Signed reconciliation and persistence evidence for review; heuristic bands are engineering choices, not MPLADS rules or final decisions."
W-002504,EXECUTION,71.0411198600175,71.0,78.4,-7.358880139982503,7.358880139982503,-7.400000000000006,-0.041119860017502674,-7.400000000000006,-4.700000000000003,-9.800000000000002,0,0,0,0,4,25.0,False,False,False,False,"Signed reconciliation and persistence evidence for review; heuristic bands are engineering choices, not MPLADS rules or final decisions."
W-002505,COMPLETION,95.86250795671546,95.9,100.0,-4.137492043284539,4.137492043284539,-4.099999999999994,0.03749204328454425,-4.099999999999994,76.10000000000001,37.65000000000001,5,4,0,4,6,25.0,False,True,False,False,"Signed reconciliation and persistence evidence for review; heuristic bands are engineering choices, not MPLADS rules or final decisions."
W-002506,COMPLETION,101.9382192610539,101.9,100.0,1.9382192610539022,1.9382192610539022,1.9000000000000057,-0.0382192610538965,1.9000000000000057,27.900000000000006,-5.239999999999997,2,1,0,1,5,25.0,False,False,False,False,"Signed reconciliation and persistence evidence for review; heuristic bands are engineering choices, not MPLADS rules or final decisions."
W-002507,EXECUTION,92.48,92.5,92.0,0.480000000000004,0.480000000000004,0.5,0.01999999999999602,0.5,33.1,12.299999999999999,3,1,0,1,3,25.0,False,False,False,False,"Signed reconciliation and persistence evidence for review; heuristic bands are engineering choices, not MPLADS rules or final decisions."
W-002508,EXECUTION,80.2455953016551,80.2,22.5,57.7455953016551,57.7455953016551,57.7,-0.04559530165509784,57.7,62.6,33.714285714285715,5,5,5,5,7,25.0,True,True,False,False,"Signed reconciliation and persistence evidence for review; heuristic bands are engineering choices, not MPLADS rules or final decisions."
W-002509,COMPLETION,93.27521793275218,93.3,100.0,-6.724782067247816,6.724782067247816,-6.700000000000003,0.024782067247812734,-6.700000000000003,59.699999999999996,26.999999999999996,2,2,0,2,3,25.0,False,True,False,False,"Signed reconciliation and persistence evidence for review; heuristic bands are engineering choices, not MPLADS rules or final decisions."
W-002510,COMPLETION,104.98188405797102,105.0,100.0,4.9818840579710155,4.9818840579710155,5.0,0.018115942028984477,5.0,68.5,42.24,5,4,0,4,5,25.0,False,True,False,False,"Signed reconciliation and persistence evidence for review; heuristic bands are engineering choices, not MPLADS rules or final decisions."
W-002512,COMPLETION,103.90469887491727,103.9,100.0,3.9046988749172726,3.9046988749172726,3.9000000000000057,-0.004698874917266949,3.9000000000000057,71.10000000000001,34.087500000000006,8,4,0,4,8,25.0,False,True,False,False,"Signed reconciliation and persistence evidence for review; heuristic bands are engineering choices, not MPLADS rules or final decisions."
W-002513,COMPLETION,104.98834498834499,105.0,100.0,4.988344988344991,4.988344988344991,5.0,0.011655011655008707,5.0,26.700000000000003,12.080000000000002,4,1,0,1,5,25.0,False,False,False,False,"Signed reconciliation and persistence evidence for review; heuristic bands are engineering choices, not MPLADS rules or final decisions."
W-002514,EXECUTION,89.91282689912826,89.9,91.7,-1.7871731008717404,1.7871731008717404,-1.7999999999999972,-0.012826899128256741,-1.7999999999999972,58.7,27.16666666666667,2,1,0,1,3,25.0,False,False,False,False,"Signed reconciliation and persistence evidence for review; heuristic bands are engineering choices, not MPLADS rules or final decisions."
W-002515,COMPLETION,94.36507936507937,94.4,100.0,-5.634920634920633,5.634920634920633,-5.599999999999994,0.03492063492063835,-5.599999999999994,45.2,15.342857142857145,6,2,0,2,7,25.0,False,True,False,False,"Signed reconciliation and persistence evidence for review; heuristic bands are engineering choices, not MPLADS rules or final decisions."
W-002516,EXECUTION,46.66073018699911,46.7,50.3,-3.6392698130008867,3.6392698130008867,-3.5999999999999943,0.039269813000892384,-3.5999999999999943,22.700000000000003,9.014285714285716,6,0,0,0,7,25.0,False,False,False,False,"Signed reconciliation and persistence evidence for review; heuristic bands are engineering choices, not MPLADS rules or final decisions."
W-002517,COMPLETION,97.5229357798165,97.5,100.0,-2.477064220183493,2.477064220183493,-2.5,-0.02293577981650685,-2.5,40.3,-3.9625000000000004,3,1,0,1,8,25.0,False,False,False,False,"Signed reconciliation and persistence evidence for review; heuristic bands are engineering choices, not MPLADS rules or final decisions."
W-002518,EXECUTION,77.87481804949054,77.9,84.3,-6.4251819505094545,6.4251819505094545,-6.3999999999999915,0.025181950509463036,-6.3999999999999915,7.500000000000002,-12.928571428571427,1,0,0,0,7,25.0,False,False,False,False,"Signed reconciliation and persistence evidence for review; heuristic bands are engineering choices, not MPLADS rules or final decisions."
W-002519,COMPLETION,106.84481950304735,106.8,100.0,6.844819503047347,6.844819503047347,6.799999999999997,-0.04481950304734994,6.799999999999997,62.3,35.128571428571426,7,5,0,5,7,25.0,False,True,False,False,"Signed reconciliation and persistence evidence for review; heuristic bands are engineering choices, not MPLADS rules or final decisions."
W-002520,COMPLETION,99.67672413793103,99.7,100.0,-0.32327586206896797,0.32327586206896797,-0.29999999999999716,0.02327586206897081,-0.29999999999999716,65.5,32.26666666666666,5,3,0,3,6,25.0,False,True,False,False,"Signed reconciliation and persistence evidence for review; heuristic bands are engineering choices, not MPLADS rules or final decisions."
W-002521,EXECUTION,79.4340151302886,79.4,90.8,-11.365984869711397,11.365984869711397,-11.399999999999991,-0.034015130288594264,-11.399999999999991,46.800000000000004,19.13333333333334,2,1,0,1,3,25.0,False,False,False,False,"Signed reconciliation and persistence evidence for review; heuristic bands are engineering choices, not MPLADS rules or final decisions."
W-002522,EXECUTION,148.82408278457197,148.8,57.4,91.42408278457197,91.42408278457197,91.4,-0.024082784571959337,91.4,99.80000000000001,77.42500000000001,4,4,4,4,4,25.0,True,True,False,False,"Signed reconciliation and persistence evidence for review; heuristic bands are engineering choices, not MPLADS rules or final decisions."
W-002523,COMPLETION,93.02521008403362,93.0,100.0,-6.974789915966383,6.974789915966383,-7.0,-0.02521008403361691,-7.0,-7.0,-27.333333333333332,0,0,0,0,3,25.0,False,False,False,False,"Signed reconciliation and persistence evidence for review; heuristic bands are engineering choices, not MPLADS rules or final decisions."
W-002524,EXECUTION,18.30065359477124,18.3,17.2,1.1006535947712415,1.1006535947712415,1.1000000000000014,-0.0006535947712400514,1.1000000000000014,14.3,1.925000000000001,2,0,0,0,4,25.0,False,False,False,False,"Signed reconciliation and persistence evidence for review; heuristic bands are engineering choices, not MPLADS rules or final decisions."
W-002525,COMPLETION,103.03729334871204,103.0,100.0,3.0372933487120406,3.0372933487120406,3.0,-0.0372933487120406,3.0,49.699999999999996,27.3,5,2,0,2,5,25.0,False,True,False,False,"Signed reconciliation and persistence evidence for review; heuristic bands are engineering choices, not MPLADS rules or final decisions."
W-002526,COMPLETION,98.15950920245399,98.2,100.0,-1.8404907975460105,1.8404907975460105,-1.7999999999999972,0.04049079754601337,-1.7999999999999972,67.1,29.0,2,1,0,1,3,25.0,False,False,False,False,"Signed reconciliation and persistence evidence for review; heuristic bands are engineering choices, not MPLADS rules or final decisions."
W-002527,COMPLETION,98.68204283360791,98.7,100.0,-1.317957166392091,1.317957166392091,-1.2999999999999972,0.017957166392093882,-1.2999999999999972,78.2,37.379999999999995,4,3,0,3,5,25.0,False,True,False,False,"Signed reconciliation and persistence evidence for review; heuristic bands are engineering choices, not MPLADS rules or final decisions."
W-002528,COMPLETION,104.25876010781671,104.3,100.0,4.2587601078167125,4.2587601078167125,4.299999999999997,0.04123989218328461,4.299999999999997,53.400000000000006,34.137499999999996,8,5,0,5,8,25.0,False,True,False,False,"Signed reconciliation and persistence evidence for review; heuristic bands are engineering choices, not MPLADS rules or final decisions."
W-002529,EXECUTION,86.45204560697519,86.5,94.4,-7.9479543930248155,7.9479543930248155,-7.900000000000006,0.04795439302480986,-7.900000000000006,46.1,24.859999999999996,4,3,0,3,5,25.0,False,True,False,False,"Signed reconciliation and persistence evidence for review; heuristic bands are engineering choices, not MPLADS rules or final decisions."
W-002530,COMPLETION,130.12853470437017,130.1,100.0,30.128534704370168,30.128534704370168,30.099999999999994,-0.028534704370173358,30.099999999999994,88.3,67.29999999999998,8,8,8,8,8,25.0,True,True,False,False,"Signed reconciliation and persistence evidence for review; heuristic bands are engineering choices, not MPLADS rules or final decisions."
W-002531,COMPLETION,101.9774011299435,102.0,100.0,1.9774011299435017,1.9774011299435017,2.0,0.0225988700564983,2.0,89.9,45.03333333333333,6,4,0,4,6,25.0,False,True,False,False,"Signed reconciliation and persistence evidence for review; heuristic bands are engineering choices, not MPLADS rules or final decisions."
W-002532,EXECUTION,59.130434782608695,59.1,59.6,-0.4695652173913061,0.4695652173913061,-0.5,-0.030434782608693922,-0.5,-0.5,-22.16,0,0,0,0,5,25.0,False,False,False,False,"Signed reconciliation and persistence evidence for review; heuristic bands are engineering choices, not MPLADS rules or final decisions."
W-002534,COMPLETION,88.62921348314607,88.6,100.0,-11.370786516853926,11.370786516853926,-11.400000000000006,-0.029213483146079966,-11.400000000000006,57.89999999999999,19.18571428571428,5,3,0,3,7,25.0,False,True,False,False,"Signed reconciliation and persistence evidence for review; heuristic bands are engineering choices, not MPLADS rules or final decisions."
W-002535,COMPLETION,99.58275382475661,99.6,100.0,-0.4172461752433918,0.4172461752433918,-0.4000000000000057,0.01724617524338612,-0.4000000000000057,39.3,22.066666666666663,2,2,0,2,3,25.0,False,True,False,False,"Signed reconciliation and persistence evidence for review; heuristic bands are engineering choices, not MPLADS rules or final decisions."
W-002536,COMPLETION,94.83173076923077,94.8,100.0,-5.168269230769226,5.168269230769226,-5.200000000000003,-0.031730769230776446,-5.200000000000003,55.4,16.719999999999995,3,2,0,2,5,25.0,False,True,False,False,"Signed reconciliation and persistence evidence for review; heuristic bands are engineering choices, not MPLADS rules or final decisions."
W-002537,COMPLETION,104.5880149812734,104.6,100.0,4.588014981273403,4.588014981273403,4.599999999999994,0.011985018726591079,4.599999999999994,18.19999999999999,7.733333333333331,6,0,0,0,6,25.0,False,False,False,False,"Signed reconciliation and persistence evidence for review; heuristic bands are engineering choices, not MPLADS rules or final decisions."
W-002538,COMPLETION,96.37488947833775,96.4,100.0,-3.6251105216622506,3.6251105216622506,-3.5999999999999943,0.025110521662256247,-3.5999999999999943,72.0,34.60000000000001,7,5,0,5,8,25.0,False,True,False,False,"Signed reconciliation and persistence evidence for review; heuristic bands are engineering choices, not MPLADS rules or final decisions."
W-002539,COMPLETION,100.0,100.0,100.0,0.0,0.0,0.0,0.0,0.0,50.1,19.080000000000002,3,2,0,2,5,25.0,False,True,False,False,"Signed reconciliation and persistence evidence for review; heuristic bands are engineering choices, not MPLADS rules or final decisions."
W-002541,EXECUTION,39.279636982416335,39.3,38.8,0.4796369824163378,0.4796369824163378,0.5,0.020363017583662213,0.5,11.099999999999998,-0.18571428571428733,4,0,0,0,7,25.0,False,False,False,False,"Signed reconciliation and persistence evidence for review; heuristic bands are engineering choices, not MPLADS rules or final decisions."
W-002543,EXECUTION,37.33940042826553,37.3,40.0,-2.6605995717344726,2.6605995717344726,-2.700000000000003,-0.03940042826553025,-2.700000000000003,-2.6000000000000014,-3.5750000000000006,0,0,0,0,4,25.0,False,False,False,False,"Signed reconciliation and persistence evidence for review; heuristic bands are engineering choices, not MPLADS rules or final decisions."
W-002544,COMPLETION,98.14225053078556,98.1,100.0,-1.8577494692144398,1.8577494692144398,-1.9000000000000057,-0.04225053078556584,-1.9000000000000057,65.0,21.759999999999998,3,2,0,2,5,25.0,False,True,False,False,"Signed reconciliation and persistence evidence for review; heuristic bands are engineering choices, not MPLADS rules or final decisions."
W-002545,EXECUTION,133.7246963562753,133.7,67.7,66.0246963562753,66.0246963562753,65.99999999999999,-0.024696356275313747,65.99999999999999,70.30000000000001,56.925,8,8,8,8,8,25.0,True,True,False,False,"Signed reconciliation and persistence evidence for review; heuristic bands are engineering choices, not MPLADS rules or final decisions."
W-002546,EXECUTION,86.6180981595092,86.6,93.9,-7.281901840490804,7.281901840490804,-7.300000000000011,-0.01809815950920779,-7.300000000000011,26.699999999999996,3.979999999999997,3,1,0,1,5,25.0,False,False,False,False,"Signed reconciliation and persistence evidence for review; heuristic bands are engineering choices, not MPLADS rules or final decisions."
W-002547,COMPLETION,104.79452054794521,104.8,100.0,4.794520547945211,4.794520547945211,4.799999999999997,0.005479452054785838,4.799999999999997,53.0,35.199999999999996,6,4,0,4,6,25.0,False,True,False,False,"Signed reconciliation and persistence evidence for review; heuristic bands are engineering choices, not MPLADS rules or final decisions."
W-002548,COMPLETION,104.11522633744856,104.1,100.0,4.115226337448561,4.115226337448561,4.099999999999994,-0.015226337448567051,4.099999999999994,72.8,31.359999999999996,5,2,0,2,5,25.0,False,True,False,False,"Signed reconciliation and persistence evidence for review; heuristic bands are engineering choices, not MPLADS rules or final decisions."
W-002549,EXECUTION,73.96864686468646,74.0,85.2,-11.23135313531354,11.23135313531354,-11.200000000000003,0.03135313531353745,-11.200000000000003,-9.5,-22.685714285714287,0,0,0,0,7,25.0,False,False,False,False,"Signed reconciliation and persistence evidence for review; heuristic bands are engineering choices, not MPLADS rules or final decisions."
W-002550,COMPLETION,101.66579906298803,101.7,100.0,1.6657990629880288,1.6657990629880288,1.7000000000000028,0.03420093701197402,1.7000000000000028,50.99999999999999,27.86666666666667,3,2,0,2,3,25.0,False,True,False,False,"Signed reconciliation and persistence evidence for review; heuristic bands are engineering choices, not MPLADS rules or final decisions."
W-002554,COMPLETION,100.43103448275862,100.4,100.0,0.4310344827586192,0.4310344827586192,0.4000000000000057,-0.031034482758613535,0.4000000000000057,59.2,23.160000000000004,4,3,0,3,5,25.0,False,True,False,False,"Signed reconciliation and persistence evidence for review; heuristic bands are engineering choices, not MPLADS rules or final decisions."
W-002555,COMPLETION,101.99724517906336,102.0,100.0,1.9972451790633556,1.9972451790633556,2.0,0.0027548209366443643,2.0,46.8,29.075,4,3,0,3,4,25.0,False,True,False,False,"Signed reconciliation and persistence evidence for review; heuristic bands are engineering choices, not MPLADS rules or final decisions."
W-002556,COMPLETION,106.36899365367181,106.4,100.0,6.368993653671808,6.368993653671808,6.400000000000006,0.031006346328197765,6.400000000000006,61.7,33.95,4,3,0,3,4,25.0,False,True,False,False,"Signed reconciliation and persistence evidence for review; heuristic bands are engineering choices, not MPLADS rules or final decisions."
W-002557,COMPLETION,105.39603960396039,105.4,100.0,5.396039603960389,5.396039603960389,5.400000000000006,0.003960396039616398,5.400000000000006,61.50000000000001,34.25000000000001,4,3,0,3,4,25.0,False,True,False,False,"Signed reconciliation and persistence evidence for review; heuristic bands are engineering choices, not MPLADS rules or final decisions."
W-002558,COMPLETION,106.4446366782007,106.4,100.0,6.444636678200695,6.444636678200695,6.400000000000006,-0.04463667820068906,6.400000000000006,70.5,30.900000000000006,7,5,0,5,8,25.0,False,True,False,False,"Signed reconciliation and persistence evidence for review; heuristic bands are engineering choices, not MPLADS rules or final decisions."
W-002559,COMPLETION,103.31366318656377,103.3,100.0,3.3136631865637725,3.3136631865637725,3.299999999999997,-0.013663186563775298,3.299999999999997,42.00000000000001,28.966666666666665,3,2,0,2,3,25.0,False,True,False,False,"Signed reconciliation and persistence evidence for review; heuristic bands are engineering choices, not MPLADS rules or final decisions."
W-002561,COMPLETION,101.73250173250173,101.7,100.0,1.7325017325017313,1.7325017325017313,1.7000000000000028,-0.0325017325017285,1.7000000000000028,51.400000000000006,30.675000000000004,8,5,0,5,8,25.0,False,True,False,False,"Signed reconciliation and persistence evidence for review; heuristic bands are engineering choices, not MPLADS rules or final decisions."
W-002563,COMPLETION,89.55223880597015,89.6,100.0,-10.447761194029852,10.447761194029852,-10.400000000000006,0.04776119402984591,-10.400000000000006,42.39999999999999,16.275,3,2,0,2,4,25.0,False,True,False,False,"Signed reconciliation and persistence evidence for review; heuristic bands are engineering choices, not MPLADS rules or final decisions."
W-002565,COMPLETION,104.69834490122798,104.7,100.0,4.698344901227983,4.698344901227983,4.700000000000003,0.0016550987720194144,4.700000000000003,66.30000000000001,35.16666666666667,3,2,0,2,3,25.0,False,True,False,False,"Signed reconciliation and persistence evidence for review; heuristic bands are engineering choices, not MPLADS rules or final decisions."
W-002566,COMPLETION,93.46289752650176,93.5,100.0,-6.537102473498237,6.537102473498237,-6.5,0.03710247349823703,-6.5,34.8,17.075000000000003,3,1,0,1,4,25.0,False,False,False,False,"Signed reconciliation and persistence evidence for review; heuristic bands are engineering choices, not MPLADS rules or final decisions."
W-002567,EXECUTION,6.887467068121942,5.9,10.3,-3.412532931878059,3.412532931878059,-4.4,-0.9874670681219415,-4.4,-0.6,-4.92,0,0,0,0,5,25.0,False,False,False,False,"Signed reconciliation and persistence evidence for review; heuristic bands are engineering choices, not MPLADS rules or final decisions."
W-002568,COMPLETION,96.19157530294288,96.2,100.0,-3.80842469705712,3.80842469705712,-3.799999999999997,0.008424697057122899,-3.799999999999997,70.30000000000001,25.65714285714285,5,4,0,4,7,25.0,False,True,False,False,"Signed reconciliation and persistence evidence for review; heuristic bands are engineering choices, not MPLADS rules or final decisions."
W-002570,COMPLETION,105.01730103806229,105.0,100.0,5.017301038062286,5.017301038062286,5.0,-0.017301038062285556,5.0,36.599999999999994,21.866666666666664,3,1,0,1,3,25.0,False,False,False,False,"Signed reconciliation and persistence evidence for review; heuristic bands are engineering choices, not MPLADS rules or final decisions."
W-002572,COMPLETION,93.4322986954566,93.4,100.0,-6.567701304543405,6.567701304543405,-6.599999999999994,-0.032298695456589144,-6.599999999999994,47.3,24.842857142857145,5,5,0,5,7,25.0,False,True,False,False,"Signed reconciliation and persistence evidence for review; heuristic bands are engineering choices, not MPLADS rules or final decisions."
W-002573,EXECUTION,55.846007604562736,55.8,61.8,-5.953992395437261,5.953992395437261,-6.0,-0.04600760456273889,-6.0,-6.0,-14.212499999999999,0,0,0,0,8,25.0,False,False,False,False,"Signed reconciliation and persistence evidence for review; heuristic bands are engineering choices, not MPLADS rules or final decisions."
W-002574,COMPLETION,97.87234042553192,97.9,100.0,-2.1276595744680833,2.1276595744680833,-2.0999999999999943,0.027659574468088977,-2.0999999999999943,38.60000000000001,18.975,3,1,0,1,4,25.0,False,False,False,False,"Signed reconciliation and persistence evidence for review; heuristic bands are engineering choices, not MPLADS rules or final decisions."
W-002575,COMPLETION,99.812734082397,99.8,100.0,-0.18726591760299982,0.18726591760299982,-0.20000000000000284,-0.012734082397003021,-0.20000000000000284,33.3,8.899999999999997,3,1,0,1,5,25.0,False,False,False,False,"Signed reconciliation and persistence evidence for review; heuristic bands are engineering choices, not MPLADS rules or final decisions."
W-002576,COMPLETION,105.09877202349172,105.1,100.0,5.098772023491719,5.098772023491719,5.099999999999994,0.0012279765082752192,5.099999999999994,47.3,15.219999999999999,4,1,0,1,5,25.0,False,False,False,False,"Signed reconciliation and persistence evidence for review; heuristic bands are engineering choices, not MPLADS rules or final decisions."
W-002577,COMPLETION,101.5016424213984,101.5,100.0,1.501642421398401,1.501642421398401,1.5,-0.0016424213984009839,1.5,36.099999999999994,15.499999999999998,3,1,0,1,3,25.0,False,False,False,False,"Signed reconciliation and persistence evidence for review; heuristic bands are engineering choices, not MPLADS rules or final decisions."
W-002578,COMPLETION,100.98039215686275,101.0,100.0,0.9803921568627487,0.9803921568627487,1.0,0.01960784313725128,1.0,32.5,0.23333333333333428,2,1,0,1,3,25.0,False,False,False,False,"Signed reconciliation and persistence evidence for review; heuristic bands are engineering choices, not MPLADS rules or final decisions."
W-002579,COMPLETION,101.09159943046986,101.1,100.0,1.0915994304698557,1.0915994304698557,1.0999999999999943,0.008400569530138569,1.0999999999999943,54.6,21.84,5,2,0,2,5,25.0,False,True,False,False,"Signed reconciliation and persistence evidence for review; heuristic bands are engineering choices, not MPLADS rules or final decisions."
W-002580,COMPLETION,98.85844748858447,98.9,100.0,-1.1415525114155258,1.1415525114155258,-1.0999999999999943,0.04155251141553151,-1.0999999999999943,79.30000000000001,30.812500000000007,7,4,0,4,8,25.0,False,True,False,False,"Signed reconciliation and persistence evidence for review; heuristic bands are engineering choices, not MPLADS rules or final decisions."
W-002581,EXECUTION,88.08664259927798,88.1,93.6,-5.513357400722015,5.513357400722015,-5.5,0.013357400722014745,-5.5,28.89999999999999,3.685714285714283,3,1,0,1,7,25.0,False,False,False,False,"Signed reconciliation and persistence evidence for review; heuristic bands are engineering choices, not MPLADS rules or final decisions."
W-002582,COMPLETION,90.95761381475667,91.0,100.0,-9.04238618524333,9.04238618524333,-9.0,0.04238618524333049,-9.0,25.400000000000006,-1.0999999999999996,3,1,0,1,8,25.0,False,False,False,False,"Signed reconciliation and persistence evidence for review; heuristic bands are engineering choices, not MPLADS rules or final decisions."
W-002583,COMPLETION,104.99438832772167,105.0,100.0,4.994388327721666,4.994388327721666,5.0,0.0056116722783343675,5.0,48.4,-3.5833333333333344,3,1,0,1,6,25.0,False,False,False,False,"Signed reconciliation and persistence evidence for review; heuristic bands are engineering choices, not MPLADS rules or final decisions."
W-002584,EXECUTION,80.42780748663101,80.4,94.1,-13.672192513368984,13.672192513368984,-13.699999999999989,-0.027807486631004963,-13.699999999999989,8.099999999999994,-3.7499999999999973,1,0,0,0,4,25.0,False,False,False,False,"Signed reconciliation and persistence evidence for review; heuristic bands are engineering choices, not MPLADS rules or final decisions."
W-002586,EXECUTION,73.88167388167388,73.9,85.6,-11.718326118326118,11.718326118326118,-11.699999999999989,0.018326118326129404,-11.699999999999989,50.60000000000001,20.785714285714295,6,4,0,4,7,25.0,False,True,False,False,"Signed reconciliation and persistence evidence for review; heuristic bands are engineering choices, not MPLADS rules or final decisions."
W-002587,COMPLETION,103.99761336515513,104.0,100.0,3.997613365155132,3.997613365155132,4.0,0.0023866348448677854,4.0,37.2,7.585714285714286,4,1,0,1,7,25.0,False,False,False,False,"Signed reconciliation and persistence evidence for review; heuristic bands are engineering choices, not MPLADS rules or final decisions."
W-002588,EXECUTION,83.59025360517155,83.6,91.4,-7.809746394828451,7.809746394828451,-7.800000000000011,0.009746394828439975,-7.800000000000011,50.39999999999999,22.099999999999994,2,1,0,1,3,25.0,False,False,False,False,"Signed reconciliation and persistence evidence for review; heuristic bands are engineering choices, not MPLADS rules or final decisions."
W-002589,EXECUTION,7.774269928966062,7.8,8.8,-1.025730071033939,1.025730071033939,-1.0000000000000009,0.025730071033938096,-1.0000000000000009,-0.1,-3.7,0,0,0,0,5,25.0,False,False,False,False,"Signed reconciliation and persistence evidence for review; heuristic bands are engineering choices, not MPLADS rules or final decisions."
W-002590,COMPLETION,102.70366417644966,102.7,100.0,2.7036641764496636,2.7036641764496636,2.700000000000003,-0.003664176449660772,2.700000000000003,38.5,4.683333333333333,4,1,0,1,6,25.0,False,False,False,False,"Signed reconciliation and persistence evidence for review; heuristic bands are engineering choices, not MPLADS rules or final decisions."
W-002591,COMPLETION,107.29978738483345,107.3,100.0,7.299787384833451,7.299787384833451,7.299999999999997,0.0002126151665464704,7.299999999999997,80.69999999999999,42.35,6,5,0,5,6,25.0,False,True,False,False,"Signed reconciliation and persistence evidence for review; heuristic bands are engineering choices, not MPLADS rules or final decisions."
W-002592,COMPLETION,100.68306010928961,100.7,100.0,0.6830601092896131,0.6830601092896131,0.7000000000000028,0.016939890710389705,0.7000000000000028,9.7,-10.125,2,0,0,0,4,25.0,False,False,False,False,"Signed reconciliation and persistence evidence for review; heuristic bands are engineering choices, not MPLADS rules or final decisions."
W-002593,COMPLETION,98.92224788298691,98.9,100.0,-1.077752117013091,1.077752117013091,-1.0999999999999943,-0.022247882986903278,-1.0999999999999943,49.400000000000006,25.150000000000002,3,2,0,2,4,25.0,False,True,False,False,"Signed reconciliation and persistence evidence for review; heuristic bands are engineering choices, not MPLADS rules or final decisions."
W-002594,COMPLETION,100.19665683382497,100.2,100.0,0.19665683382497434,0.19665683382497434,0.20000000000000284,0.0033431661750285002,0.20000000000000284,0.20000000000000284,-27.8,1,0,0,0,4,25.0,False,False,False,False,"Signed reconciliation and persistence evidence for review; heuristic bands are engineering choices, not MPLADS rules or final decisions."
W-002595,COMPLETION,95.91108671789243,95.9,100.0,-4.088913282107569,4.088913282107569,-4.099999999999994,-0.011086717892425213,-4.099999999999994,52.400000000000006,33.400000000000006,6,5,0,5,7,25.0,False,True,False,False,"Signed reconciliation and persistence evidence for review; heuristic bands are engineering choices, not MPLADS rules or final decisions."
W-002596,COMPLETION,102.32738557020946,102.3,100.0,2.327385570209458,2.327385570209458,2.299999999999997,-0.027385570209460752,2.299999999999997,37.3,16.866666666666664,3,1,0,1,3,25.0,False,False,False,False,"Signed reconciliation and persistence evidence for review; heuristic bands are engineering choices, not MPLADS rules or final decisions."
W-002597,EXECUTION,79.66706302021403,79.7,86.5,-6.83293697978597,6.83293697978597,-6.799999999999997,0.03293697978597265,-6.799999999999997,21.200000000000003,5.257142857142859,4,0,0,0,7,25.0,False,False,False,False,"Signed reconciliation and persistence evidence for review; heuristic bands are engineering choices, not MPLADS rules or final decisions."
W-002598,EXECUTION,91.19373776908023,91.2,86.2,4.9937377690802265,4.9937377690802265,5.0,0.006262230919773515,5.0,57.1,30.96666666666667,6,3,0,3,6,25.0,False,True,False,False,"Signed reconciliation and persistence evidence for review; heuristic bands are engineering choices, not MPLADS rules or final decisions."
W-002599,COMPLETION,101.39720558882236,101.4,100.0,1.3972055888223593,1.3972055888223593,1.4000000000000057,0.0027944111776463387,1.4000000000000057,67.30000000000001,34.70000000000001,3,2,0,2,3,25.0,False,True,False,False,"Signed reconciliation and persistence evidence for review; heuristic bands are engineering choices, not MPLADS rules or final decisions."
W-002601,COMPLETION,107.76190476190476,107.8,100.0,7.761904761904759,7.761904761904759,7.799999999999997,0.03809523809523796,7.799999999999997,75.69999999999999,36.04,5,3,0,3,5,25.0,False,True,False,False,"Signed reconciliation and persistence evidence for review; heuristic bands are engineering choices, not MPLADS rules or final decisions."
W-002602,COMPLETION,104.6629620681324,104.7,100.0,4.662962068132401,4.662962068132401,4.700000000000003,0.037037931867601515,4.700000000000003,36.5,11.65,6,2,0,1,8,25.0,False,False,False,False,"Signed reconciliation and persistence evidence for review; heuristic bands are engineering choices, not MPLADS rules or final decisions."
W-002603,EXECUTION,0.0,0.0,16.0,-16.0,16.0,-16.0,0.0,-16.0,-2.8,-8.4375,0,0,0,0,8,25.0,False,False,False,False,"Signed reconciliation and persistence evidence for review; heuristic bands are engineering choices, not MPLADS rules or final decisions."
W-002604,EXECUTION,81.36617100371747,81.4,79.7,1.6661710037174657,1.6661710037174657,1.7000000000000028,0.033828996282537105,1.7000000000000028,1.7000000000000028,-17.075,1,0,0,0,4,25.0,False,False,False,False,"Signed reconciliation and persistence evidence for review; heuristic bands are engineering choices, not MPLADS rules or final decisions."
W-002605,EXECUTION,0.0,0.0,0.0,0.0,0.0,0.0,0.0,0.0,0.0,0.0,0,0,0,0,1,25.0,False,False,False,False,"Signed reconciliation and persistence evidence for review; heuristic bands are engineering choices, not MPLADS rules or final decisions."
W-002606,EXECUTION,66.35345139139862,66.4,67.3,-0.9465486086013755,0.9465486086013755,-0.8999999999999915,0.04654860860138399,-0.8999999999999915,31.5,15.750000000000002,5,1,0,1,6,25.0,False,False,False,False,"Signed reconciliation and persistence evidence for review; heuristic bands are engineering choices, not MPLADS rules or final decisions."
W-002607,EXECUTION,23.917995444191344,23.9,23.3,0.6179954441913438,0.6179954441913438,0.5999999999999979,-0.01799544419134591,0.5999999999999979,0.5999999999999979,-4.233333333333333,1,0,0,0,6,25.0,False,False,False,False,"Signed reconciliation and persistence evidence for review; heuristic bands are engineering choices, not MPLADS rules or final decisions."
W-002608,COMPLETION,97.92256846081209,97.9,100.0,-2.077431539187913,2.077431539187913,-2.0999999999999943,-0.022568460812081526,-2.0999999999999943,40.900000000000006,16.96666666666667,4,3,0,3,6,25.0,False,True,False,False,"Signed reconciliation and persistence evidence for review; heuristic bands are engineering choices, not MPLADS rules or final decisions."
W-002609,COMPLETION,105.60781476121564,105.6,100.0,5.607814761215636,5.607814761215636,5.599999999999994,-0.007814761215641397,5.599999999999994,28.39999999999999,9.299999999999997,3,1,0,1,4,25.0,False,False,False,False,"Signed reconciliation and persistence evidence for review; heuristic bands are engineering choices, not MPLADS rules or final decisions."
W-002610,COMPLETION,93.33333333333333,93.3,100.0,-6.666666666666671,6.666666666666671,-6.700000000000003,-0.03333333333333144,-6.700000000000003,37.699999999999996,4.279999999999999,3,1,0,1,5,25.0,False,False,False,False,"Signed reconciliation and persistence evidence for review; heuristic bands are engineering choices, not MPLADS rules or final decisions."
W-002612,COMPLETION,98.63013698630137,98.6,100.0,-1.3698630136986338,1.3698630136986338,-1.4000000000000057,-0.03013698630137185,-1.4000000000000057,55.3,25.971428571428568,5,4,0,4,7,25.0,False,True,False,False,"Signed reconciliation and persistence evidence for review; heuristic bands are engineering choices, not MPLADS rules or final decisions."
W-002614,COMPLETION,104.97109826589596,105.0,100.0,4.971098265895961,4.971098265895961,5.0,0.02890173410403918,5.0,52.2,26.275000000000002,4,2,0,2,4,25.0,False,True,False,False,"Signed reconciliation and persistence evidence for review; heuristic bands are engineering choices, not MPLADS rules or final decisions."
W-002615,COMPLETION,103.89746272560816,103.9,100.0,3.8974627256081646,3.8974627256081646,3.9000000000000057,0.002537274391841038,3.9000000000000057,49.300000000000004,9.53333333333334,4,2,0,2,6,25.0,False,True,False,False,"Signed reconciliation and persistence evidence for review; heuristic bands are engineering choices, not MPLADS rules or final decisions."
W-002616,COMPLETION,98.34905660377359,98.3,100.0,-1.6509433962264097,1.6509433962264097,-1.7000000000000028,-0.04905660377359311,-1.7000000000000028,60.199999999999996,18.38,3,2,0,2,5,25.0,False,True,False,False,"Signed reconciliation and persistence evidence for review; heuristic bands are engineering choices, not MPLADS rules or final decisions."
W-002617,EXECUTION,37.35212685627989,37.4,41.1,-3.7478731437201134,3.7478731437201134,-3.700000000000003,0.047873143720110534,-3.700000000000003,24.2,8.657142857142855,5,0,0,0,7,25.0,False,False,False,False,"Signed reconciliation and persistence evidence for review; heuristic bands are engineering choices, not MPLADS rules or final decisions."
W-002618,EXECUTION,76.50429799426934,76.5,78.8,-2.2957020057306607,2.2957020057306607,-2.299999999999997,-0.004297994269336414,-2.299999999999997,17.4,-3.8499999999999988,3,0,0,0,8,25.0,False,False,False,False,"Signed reconciliation and persistence evidence for review; heuristic bands are engineering choices, not MPLADS rules or final decisions."
W-002619,COMPLETION,105.87761674718196,105.9,100.0,5.8776167471819605,5.8776167471819605,5.900000000000006,0.022383252818045207,5.900000000000006,34.400000000000006,15.660000000000002,4,2,0,1,5,25.0,False,False,False,False,"Signed reconciliation and persistence evidence for review; heuristic bands are engineering choices, not MPLADS rules or final decisions."
W-002620,EXECUTION,37.47980613893377,37.5,36.2,1.2798061389337647,1.2798061389337647,1.2999999999999972,0.020193861066232444,1.2999999999999972,14.2,3.0999999999999996,3,0,0,0,4,25.0,False,False,False,False,"Signed reconciliation and persistence evidence for review; heuristic bands are engineering choices, not MPLADS rules or final decisions."
W-002621,COMPLETION,101.20830049908064,101.2,100.0,1.2083004990806359,1.2083004990806359,1.2000000000000028,-0.008300499080633017,1.2000000000000028,75.30000000000001,37.5,4,2,0,2,4,25.0,False,True,False,False,"Signed reconciliation and persistence evidence for review; heuristic bands are engineering choices, not MPLADS rules or final decisions."
W-002622,EXECUTION,61.386138613861384,61.4,58.1,3.2861386138613824,3.2861386138613824,3.299999999999997,0.013861386138614762,3.299999999999997,18.4,-4.6833333333333345,2,0,0,0,6,25.0,False,False,False,False,"Signed reconciliation and persistence evidence for review; heuristic bands are engineering choices, not MPLADS rules or final decisions."
W-002623,EXECUTION,88.64084044648719,88.6,94.6,-5.959159553512805,5.959159553512805,-6.0,-0.04084044648719498,-6.0,68.1,28.466666666666665,2,1,0,1,3,25.0,False,False,False,False,"Signed reconciliation and persistence evidence for review; heuristic bands are engineering choices, not MPLADS rules or final decisions."
W-002624,COMPLETION,88.61527480371163,88.6,100.0,-11.384725196288372,11.384725196288372,-11.400000000000006,-0.015274803711633922,-11.400000000000006,12.299999999999997,-6.580000000000003,2,0,0,0,5,25.0,False,False,False,False,"Signed reconciliation and persistence evidence for review; heuristic bands are engineering choices, not MPLADS rules or final decisions."
W-002626,EXECUTION,93.86252045826514,93.9,91.7,2.162520458265135,2.162520458265135,2.200000000000003,0.037479541734867894,2.200000000000003,47.60000000000001,27.350000000000005,4,2,0,2,4,25.0,False,True,False,False,"Signed reconciliation and persistence evidence for review; heuristic bands are engineering choices, not MPLADS rules or final decisions."
W-002627,COMPLETION,103.04955527318933,103.0,100.0,3.049555273189327,3.049555273189327,3.0,-0.049555273189326954,3.0,51.6,24.475,4,2,0,2,4,25.0,False,True,False,False,"Signed reconciliation and persistence evidence for review; heuristic bands are engineering choices, not MPLADS rules or final decisions."
W-002628,COMPLETION,101.68471720818292,101.7,100.0,1.6847172081829171,1.6847172081829171,1.7000000000000028,0.015282791817085695,1.7000000000000028,58.5,32.58571428571429,7,5,0,5,7,25.0,False,True,False,False,"Signed reconciliation and persistence evidence for review; heuristic bands are engineering choices, not MPLADS rules or final decisions."
W-002629,COMPLETION,101.15433946130825,101.2,100.0,1.154339461308254,1.154339461308254,1.2000000000000028,0.0456605386917488,1.2000000000000028,23.900000000000006,11.400000000000002,4,0,0,0,4,25.0,False,False,False,False,"Signed reconciliation and persistence evidence for review; heuristic bands are engineering choices, not MPLADS rules or final decisions."
W-002630,EXECUTION,41.27045985970382,41.3,45.3,-4.029540140296177,4.029540140296177,-4.0,0.029540140296177242,-4.0,16.099999999999998,-3.020000000000001,2,0,0,0,5,25.0,False,False,False,False,"Signed reconciliation and persistence evidence for review; heuristic bands are engineering choices, not MPLADS rules or final decisions."
W-002631,COMPLETION,99.23599320882852,99.2,100.0,-0.7640067911714823,0.7640067911714823,-0.7999999999999972,-0.03599320882851487,-0.7999999999999972,55.300000000000004,22.850000000000005,3,1,0,1,4,25.0,False,False,False,False,"Signed reconciliation and persistence evidence for review; heuristic bands are engineering choices, not MPLADS rules or final decisions."
W-002632,EXECUTION,87.14697406340058,87.1,91.5,-4.353025936599423,4.353025936599423,-4.400000000000006,-0.04697406340058308,-4.400000000000006,52.699999999999996,27.34999999999999,5,4,0,4,6,25.0,False,True,False,False,"Signed reconciliation and persistence evidence for review; heuristic bands are engineering choices, not MPLADS rules or final decisions."
W-002633,COMPLETION,94.33414043583535,94.3,100.0,-5.6658595641646485,5.6658595641646485,-5.700000000000003,-0.03414043583535431,-5.700000000000003,44.4,21.033333333333328,5,2,0,2,6,25.0,False,True,False,False,"Signed reconciliation and persistence evidence for review; heuristic bands are engineering choices, not MPLADS rules or final decisions."
W-002634,COMPLETION,105.00446827524576,105.0,100.0,5.004468275245756,5.004468275245756,5.0,-0.004468275245756104,5.0,5.0,-29.82,1,0,0,0,5,25.0,False,False,False,False,"Signed reconciliation and persistence evidence for review; heuristic bands are engineering choices, not MPLADS rules or final decisions."
W-002635,COMPLETION,96.77537559545621,96.8,100.0,-3.224624404543789,3.224624404543789,-3.200000000000003,0.024624404543786227,-3.200000000000003,15.599999999999994,4.3199999999999985,3,0,0,0,5,25.0,False,False,False,False,"Signed reconciliation and persistence evidence for review; heuristic bands are engineering choices, not MPLADS rules or final decisions."
W-002637,EXECUTION,45.55601488218272,45.6,43.2,2.35601488218272,2.35601488218272,2.3999999999999986,0.04398511781727876,2.3999999999999986,2.3999999999999986,-1.9666666666666668,1,0,0,0,3,25.0,False,False,False,False,"Signed reconciliation and persistence evidence for review; heuristic bands are engineering choices, not MPLADS rules or final decisions."
W-002638,COMPLETION,99.22779922779922,99.2,100.0,-0.772200772200776,0.772200772200776,-0.7999999999999972,-0.02779922779922117,-0.7999999999999972,52.900000000000006,28.833333333333332,5,4,0,4,6,25.0,False,True,False,False,"Signed reconciliation and persistence evidence for review; heuristic bands are engineering choices, not MPLADS rules or final decisions."
W-002639,EXECUTION,39.75276512687053,39.8,46.7,-6.947234873129474,6.947234873129474,-6.900000000000006,0.047234873129468724,-6.900000000000006,1.7999999999999972,-3.514285714285716,2,0,0,0,7,25.0,False,False,False,False,"Signed reconciliation and persistence evidence for review; heuristic bands are engineering choices, not MPLADS rules or final decisions."
W-002641,COMPLETION,102.60328239954725,102.6,100.0,2.603282399547254,2.603282399547254,2.5999999999999943,-0.003282399547259729,2.5999999999999943,65.5,35.39999999999999,5,3,0,3,5,25.0,False,True,False,False,"Signed reconciliation and persistence evidence for review; heuristic bands are engineering choices, not MPLADS rules or final decisions."
W-002642,COMPLETION,105.0,105.0,100.0,5.0,5.0,5.0,0.0,5.0,74.0,42.13333333333333,6,4,0,4,6,25.0,False,True,False,False,"Signed reconciliation and persistence evidence for review; heuristic bands are engineering choices, not MPLADS rules or final decisions."
W-002643,COMPLETION,93.47258485639686,93.5,100.0,-6.527415143603136,6.527415143603136,-6.5,0.027415143603136016,-6.5,60.3,26.099999999999998,2,1,0,1,3,25.0,False,False,False,False,"Signed reconciliation and persistence evidence for review; heuristic bands are engineering choices, not MPLADS rules or final decisions."
W-002644,EXECUTION,98.17415730337079,98.2,91.9,6.274157303370785,6.274157303370785,6.299999999999997,0.025842696629212014,6.299999999999997,6.299999999999997,-14.920000000000002,2,0,0,0,5,25.0,False,False,False,False,"Signed reconciliation and persistence evidence for review; heuristic bands are engineering choices, not MPLADS rules or final decisions."
W-002645,COMPLETION,90.94468918257465,90.9,100.0,-9.055310817425351,9.055310817425351,-9.099999999999994,-0.04468918257464338,-9.099999999999994,10.600000000000009,-5.099999999999996,2,0,0,0,5,25.0,False,False,False,False,"Signed reconciliation and persistence evidence for review; heuristic bands are engineering choices, not MPLADS rules or final decisions."
W-002646,COMPLETION,100.50228310502283,100.5,100.0,0.5022831050228262,0.5022831050228262,0.5,-0.0022831050228262484,0.5,69.7,34.96666666666667,3,2,0,2,3,25.0,False,True,False,False,"Signed reconciliation and persistence evidence for review; heuristic bands are engineering choices, not MPLADS rules or final decisions."
W-002648,EXECUTION,30.82287308228731,30.8,29.7,1.1228730822873096,1.1228730822873096,1.1000000000000014,-0.022873082287308222,1.1000000000000014,1.1000000000000014,-2.675,1,0,0,0,4,25.0,False,False,False,False,"Signed reconciliation and persistence evidence for review; heuristic bands are engineering choices, not MPLADS rules or final decisions."
W-002649,EXECUTION,99.830220713073,99.8,94.9,4.930220713072998,4.930220713072998,4.8999999999999915,-0.030220713073006777,4.8999999999999915,27.5,4.7571428571428545,5,1,0,1,7,25.0,False,False,False,False,"Signed reconciliation and persistence evidence for review; heuristic bands are engineering choices, not MPLADS rules or final decisions."
W-002650,COMPLETION,104.99505440158259,105.0,100.0,4.995054401582593,4.995054401582593,5.0,0.004945598417407382,5.0,75.8,39.983333333333334,6,4,0,4,6,25.0,False,True,False,False,"Signed reconciliation and persistence evidence for review; heuristic bands are engineering choices, not MPLADS rules or final decisions."
W-002651,COMPLETION,103.53623188405797,103.5,100.0,3.536231884057969,3.536231884057969,3.5,-0.036231884057968955,3.5,55.6,28.05,6,3,0,3,6,25.0,False,True,False,False,"Signed reconciliation and persistence evidence for review; heuristic bands are engineering choices, not MPLADS rules or final decisions."
W-002652,EXECUTION,57.8783151326053,57.9,59.3,-1.4216848673946956,1.4216848673946956,-1.3999999999999986,0.021684867394696994,-1.3999999999999986,20.299999999999997,-3.500000000000001,3,0,0,0,8,25.0,False,False,False,False,"Signed reconciliation and persistence evidence for review; heuristic bands are engineering choices, not MPLADS rules or final decisions."
W-002653,COMPLETION,94.98121309715512,95.0,100.0,-5.01878690284488,5.01878690284488,-5.0,0.01878690284488016,-5.0,40.8,21.066666666666666,2,2,0,2,3,25.0,False,True,False,False,"Signed reconciliation and persistence evidence for review; heuristic bands are engineering choices, not MPLADS rules or final decisions."
W-002654,COMPLETION,102.75862068965517,102.8,100.0,2.7586206896551744,2.7586206896551744,2.799999999999997,0.041379310344822784,2.799999999999997,31.900000000000006,11.080000000000002,4,1,0,1,5,25.0,False,False,False,False,"Signed reconciliation and persistence evidence for review; heuristic bands are engineering choices, not MPLADS rules or final decisions."
W-002655,EXECUTION,83.05457746478874,83.1,93.0,-9.945422535211264,9.945422535211264,-9.900000000000006,0.04542253521125872,-9.900000000000006,34.49999999999999,18.233333333333327,5,2,0,2,6,25.0,False,True,False,False,"Signed reconciliation and persistence evidence for review; heuristic bands are engineering choices, not MPLADS rules or final decisions."
W-002656,EXECUTION,80.36386449184441,80.4,75.0,5.36386449184441,5.36386449184441,5.400000000000006,0.03613550815559563,5.400000000000006,5.400000000000006,-30.6875,1,0,0,0,8,25.0,False,False,False,False,"Signed reconciliation and persistence evidence for review; heuristic bands are engineering choices, not MPLADS rules or final decisions."
W-002657,COMPLETION,88.71473354231975,88.7,100.0,-11.285266457680251,11.285266457680251,-11.299999999999997,-0.014733542319746107,-11.299999999999997,30.400000000000006,17.18,4,3,0,3,5,25.0,False,True,False,False,"Signed reconciliation and persistence evidence for review; heuristic bands are engineering choices, not MPLADS rules or final decisions."
W-002658,COMPLETION,99.52305246422894,99.5,100.0,-0.4769475357710604,0.4769475357710604,-0.5,-0.023052464228939584,-0.5,63.0,33.625,7,5,0,5,8,25.0,False,True,False,False,"Signed reconciliation and persistence evidence for review; heuristic bands are engineering choices, not MPLADS rules or final decisions."
W-002659,EXECUTION,88.08071328015016,88.1,86.1,1.9807132801501695,1.9807132801501695,2.0,0.019286719849830547,2.0,13.5,1.1249999999999982,3,0,0,0,4,25.0,False,False,False,False,"Signed reconciliation and persistence evidence for review; heuristic bands are engineering choices, not MPLADS rules or final decisions."
W-002660,COMPLETION,106.17059891107078,106.2,100.0,6.170598911070783,6.170598911070783,6.200000000000003,0.029401088929219554,6.200000000000003,48.0,23.766666666666666,3,1,0,1,3,25.0,False,False,False,False,"Signed reconciliation and persistence evidence for review; heuristic bands are engineering choices, not MPLADS rules or final decisions."
W-002661,COMPLETION,97.91840133222314,97.9,100.0,-2.081598667776859,2.081598667776859,-2.0999999999999943,-0.018401332223135114,-2.0999999999999943,31.0,13.500000000000004,2,2,0,1,4,25.0,False,False,False,False,"Signed reconciliation and persistence evidence for review; heuristic bands are engineering choices, not MPLADS rules or final decisions."
W-002662,COMPLETION,104.99461013295006,105.0,100.0,4.994610132950058,4.994610132950058,5.0,0.005389867049942154,5.0,5.0,-16.885714285714286,1,0,0,0,7,25.0,False,False,False,False,"Signed reconciliation and persistence evidence for review; heuristic bands are engineering choices, not MPLADS rules or final decisions."
W-002663,COMPLETION,107.32142857142857,107.3,100.0,7.321428571428569,7.321428571428569,7.299999999999997,-0.02142857142857224,7.299999999999997,66.69999999999999,37.324999999999996,7,5,0,5,8,25.0,False,True,False,False,"Signed reconciliation and persistence evidence for review; heuristic bands are engineering choices, not MPLADS rules or final decisions."
W-002665,COMPLETION,97.2834067547724,97.3,100.0,-2.7165932452275996,2.7165932452275996,-2.700000000000003,0.016593245227596753,-2.700000000000003,45.4,24.866666666666664,5,4,0,4,6,25.0,False,True,False,False,"Signed reconciliation and persistence evidence for review; heuristic bands are engineering choices, not MPLADS rules or final decisions."
W-002666,EXECUTION,85.67860116569526,85.7,93.0,-7.321398834304745,7.321398834304745,-7.299999999999997,0.021398834304747538,-7.299999999999997,67.4,30.55,3,2,0,2,4,25.0,False,True,False,False,"Signed reconciliation and persistence evidence for review; heuristic bands are engineering choices, not MPLADS rules or final decisions."
W-002667,COMPLETION,106.39978213507625,106.4,100.0,6.399782135076251,6.399782135076251,6.400000000000006,0.00021786492375497346,6.400000000000006,50.60000000000001,27.520000000000003,5,2,0,2,5,25.0,False,True,False,False,"Signed reconciliation and persistence evidence for review; heuristic bands are engineering choices, not MPLADS rules or final decisions."
W-002668,EXECUTION,23.126614987080103,23.1,22.0,1.126614987080103,1.126614987080103,1.1000000000000014,-0.02661498708010157,1.1000000000000014,6.600000000000001,-3.424999999999999,2,0,0,0,4,25.0,False,False,False,False,"Signed reconciliation and persistence evidence for review; heuristic bands are engineering choices, not MPLADS rules or final decisions."
W-002669,COMPLETION,104.45304937076476,104.5,100.0,4.453049370764759,4.453049370764759,4.5,0.046950629235240626,4.5,66.9,23.740000000000002,4,2,0,2,5,25.0,False,True,False,False,"Signed reconciliation and persistence evidence for review; heuristic bands are engineering choices, not MPLADS rules or final decisions."
W-002670,COMPLETION,107.83242258652095,107.8,100.0,7.8324225865209485,7.8324225865209485,7.799999999999997,-0.03242258652095131,7.799999999999997,20.900000000000002,7.716666666666666,5,0,0,0,6,25.0,False,False,False,False,"Signed reconciliation and persistence evidence for review; heuristic bands are engineering choices, not MPLADS rules or final decisions."
W-002671,COMPLETION,96.61266568483063,96.6,100.0,-3.387334315169369,3.387334315169369,-3.4000000000000057,-0.012665684830636792,-3.4000000000000057,34.49999999999999,7.149999999999996,3,1,0,1,6,25.0,False,False,False,False,"Signed reconciliation and persistence evidence for review; heuristic bands are engineering choices, not MPLADS rules or final decisions."
W-002672,EXECUTION,74.70198675496688,74.7,74.6,0.10198675496688736,0.10198675496688736,0.10000000000000853,-0.0019867549668788342,0.10000000000000853,25.5,6.083333333333335,4,1,0,1,6,25.0,False,False,False,False,"Signed reconciliation and persistence evidence for review; heuristic bands are engineering choices, not MPLADS rules or final decisions."
W-002673,EXECUTION,78.05793991416309,78.1,73.1,4.9579399141630915,4.9579399141630915,5.0,0.042060085836908456,5.0,36.2,16.512499999999996,7,3,0,3,8,25.0,False,True,False,False,"Signed reconciliation and persistence evidence for review; heuristic bands are engineering choices, not MPLADS rules or final decisions."
W-002674,COMPLETION,106.36561479869424,106.4,100.0,6.365614798694239,6.365614798694239,6.400000000000006,0.034385201305767055,6.400000000000006,46.800000000000004,24.066666666666666,5,3,0,3,6,25.0,False,True,False,False,"Signed reconciliation and persistence evidence for review; heuristic bands are engineering choices, not MPLADS rules or final decisions."
W-002675,COMPLETION,100.18198362147406,100.2,100.0,0.18198362147406044,0.18198362147406044,0.20000000000000284,0.0180163785259424,0.20000000000000284,23.700000000000003,-6.787499999999997,4,0,0,0,8,25.0,False,False,False,False,"Signed reconciliation and persistence evidence for review; heuristic bands are engineering choices, not MPLADS rules or final decisions."
W-002676,COMPLETION,105.01567398119123,105.0,100.0,5.015673981191227,5.015673981191227,5.0,-0.015673981191227426,5.0,39.8,18.74,5,1,0,1,5,25.0,False,False,False,False,"Signed reconciliation and persistence evidence for review; heuristic bands are engineering choices, not MPLADS rules or final decisions."
W-002677,COMPLETION,101.7220172201722,101.7,100.0,1.722017220172205,1.722017220172205,1.7000000000000028,-0.0220172201722022,1.7000000000000028,66.0,40.4,6,4,0,4,6,25.0,False,True,False,False,"Signed reconciliation and persistence evidence for review; heuristic bands are engineering choices, not MPLADS rules or final decisions."
W-002678,COMPLETION,91.25,91.2,100.0,-8.75,8.75,-8.799999999999997,-0.04999999999999716,-8.799999999999997,44.900000000000006,16.833333333333336,4,3,0,3,6,25.0,False,True,False,False,"Signed reconciliation and persistence evidence for review; heuristic bands are engineering choices, not MPLADS rules or final decisions."
W-002679,EXECUTION,72.42798353909465,72.4,67.5,4.9279835390946545,4.9279835390946545,4.900000000000006,-0.02798353909464879,4.900000000000006,58.00000000000001,23.650000000000006,7,4,0,4,8,25.0,False,True,False,False,"Signed reconciliation and persistence evidence for review; heuristic bands are engineering choices, not MPLADS rules or final decisions."
W-002680,EXECUTION,75.68192325473879,75.7,70.6,5.081923254738797,5.081923254738797,5.1000000000000085,0.018076745261211613,5.1000000000000085,14.799999999999997,6.175000000000001,3,0,0,0,4,25.0,False,False,False,False,"Signed reconciliation and persistence evidence for review; heuristic bands are engineering choices, not MPLADS rules or final decisions."
W-002681,EXECUTION,85.48003173763554,85.5,22.0,63.48003173763554,63.48003173763554,63.5,0.0199682623644577,63.5,74.4,44.02857142857143,7,4,4,4,7,25.0,True,True,False,False,"Signed reconciliation and persistence evidence for review; heuristic bands are engineering choices, not MPLADS rules or final decisions."
W-002682,COMPLETION,99.83539094650206,99.8,100.0,-0.16460905349794075,0.16460905349794075,-0.20000000000000284,-0.03539094650206209,-0.20000000000000284,61.099999999999994,18.187499999999996,5,4,0,4,8,25.0,False,True,False,False,"Signed reconciliation and persistence evidence for review; heuristic bands are engineering choices, not MPLADS rules or final decisions."
W-002683,EXECUTION,59.59925442684063,59.6,59.7,-0.10074557315937227,0.10074557315937227,-0.10000000000000142,0.0007455731593708492,-0.10000000000000142,10.5,3.9999999999999982,3,0,0,0,4,25.0,False,False,False,False,"Signed reconciliation and persistence evidence for review; heuristic bands are engineering choices, not MPLADS rules or final decisions."
W-002684,EXECUTION,36.649713922441194,36.6,37.8,-1.1502860775588033,1.1502860775588033,-1.1999999999999957,-0.04971392244119244,-1.1999999999999957,-1.1999999999999957,-9.033333333333333,0,0,0,0,6,25.0,False,False,False,False,"Signed reconciliation and persistence evidence for review; heuristic bands are engineering choices, not MPLADS rules or final decisions."
W-002685,EXECUTION,33.83838383838384,33.8,38.1,-4.2616161616161605,4.2616161616161605,-4.300000000000004,-0.03838383838384374,-4.300000000000004,18.9,3.1857142857142837,3,0,0,0,7,25.0,False,False,False,False,"Signed reconciliation and persistence evidence for review; heuristic bands are engineering choices, not MPLADS rules or final decisions."
W-002686,EXECUTION,21.816562778272484,21.8,21.0,0.816562778272484,0.816562778272484,0.8000000000000007,-0.016562778272483314,0.8000000000000007,0.8000000000000007,-3.433333333333333,1,0,0,0,3,25.0,False,False,False,False,"Signed reconciliation and persistence evidence for review; heuristic bands are engineering choices, not MPLADS rules or final decisions."
W-002687,COMPLETION,101.27431254191818,101.3,100.0,1.274312541918178,1.274312541918178,1.2999999999999972,0.02568745808181916,1.2999999999999972,58.9,24.7125,7,4,0,4,8,25.0,False,True,False,False,"Signed reconciliation and persistence evidence for review; heuristic bands are engineering choices, not MPLADS rules or final decisions."
W-002688,COMPLETION,95.35036018336608,95.4,100.0,-4.649639816633922,4.649639816633922,-4.599999999999994,0.04963981663392758,-4.599999999999994,19.5,10.800000000000002,2,0,0,0,3,25.0,False,False,False,False,"Signed reconciliation and persistence evidence for review; heuristic bands are engineering choices, not MPLADS rules or final decisions."
W-002689,COMPLETION,101.70212765957447,101.7,100.0,1.7021276595744723,1.7021276595744723,1.7000000000000028,-0.002127659574469476,1.7000000000000028,52.900000000000006,26.050000000000004,4,2,0,2,4,25.0,False,True,False,False,"Signed reconciliation and persistence evidence for review; heuristic bands are engineering choices, not MPLADS rules or final decisions."
W-002690,COMPLETION,100.62578222778473,100.6,100.0,0.6257822277847254,0.6257822277847254,0.5999999999999943,-0.02578222778473105,0.5999999999999943,58.599999999999994,27.171428571428567,6,4,0,4,7,25.0,False,True,False,False,"Signed reconciliation and persistence evidence for review; heuristic bands are engineering choices, not MPLADS rules or final decisions."
W-002691,COMPLETION,101.43737166324435,101.4,100.0,1.437371663244349,1.437371663244349,1.4000000000000057,-0.03737166324434327,1.4000000000000057,32.9,15.000000000000002,8,2,0,1,8,25.0,False,False,False,False,"Signed reconciliation and persistence evidence for review; heuristic bands are engineering choices, not MPLADS rules or final decisions."
W-002692,COMPLETION,104.95412844036697,105.0,100.0,4.954128440366972,4.954128440366972,5.0,0.045871559633027914,5.0,39.5,24.76666666666667,3,2,0,2,3,25.0,False,True,False,False,"Signed reconciliation and persistence evidence for review; heuristic bands are engineering choices, not MPLADS rules or final decisions."
W-002693,COMPLETION,100.48543689320388,100.5,100.0,0.4854368932038824,0.4854368932038824,0.5,0.014563106796117609,0.5,33.900000000000006,14.466666666666669,3,1,0,1,3,25.0,False,False,False,False,"Signed reconciliation and persistence evidence for review; heuristic bands are engineering choices, not MPLADS rules or final decisions."
W-002694,EXECUTION,88.28828828828829,88.3,90.3,-2.011711711711712,2.011711711711712,-2.0,0.011711711711711814,-2.0,1.8000000000000043,-10.814285714285713,1,0,0,0,7,25.0,False,False,False,False,"Signed reconciliation and persistence evidence for review; heuristic bands are engineering choices, not MPLADS rules or final decisions."
W-002695,COMPLETION,101.93470374848852,101.9,100.0,1.9347037484885163,1.9347037484885163,1.9000000000000057,-0.034703748488510655,1.9000000000000057,74.30000000000001,37.68750000000001,8,5,0,5,8,25.0,False,True,False,False,"Signed reconciliation and persistence evidence for review; heuristic bands are engineering choices, not MPLADS rules or final decisions."
W-002697,COMPLETION,101.80288461538461,101.8,100.0,1.8028846153846132,1.8028846153846132,1.7999999999999972,-0.0028846153846160405,1.7999999999999972,6.300000000000001,-2.212499999999999,4,0,0,0,8,25.0,False,False,False,False,"Signed reconciliation and persistence evidence for review; heuristic bands are engineering choices, not MPLADS rules or final decisions."
W-002698,COMPLETION,99.66532797858099,99.7,100.0,-0.33467202141901,0.33467202141901,-0.29999999999999716,0.03467202141901282,-0.29999999999999716,17.200000000000003,-5.985714285714285,2,0,0,0,7,25.0,False,False,False,False,"Signed reconciliation and persistence evidence for review; heuristic bands are engineering choices, not MPLADS rules or final decisions."
W-002700,COMPLETION,101.23185217773867,101.2,100.0,1.2318521777386735,1.2318521777386735,1.2000000000000028,-0.03185217773867066,1.2000000000000028,1.2000000000000028,-16.675,1,0,0,0,4,25.0,False,False,False,False,"Signed reconciliation and persistence evidence for review; heuristic bands are engineering choices, not MPLADS rules or final decisions."
W-002701,COMPLETION,103.97401604891097,104.0,100.0,3.9740160489109684,3.9740160489109684,4.0,0.02598395108903162,4.0,93.9,47.525,8,6,0,6,8,25.0,False,True,False,False,"Signed reconciliation and persistence evidence for review; heuristic bands are engineering choices, not MPLADS rules or final decisions."
W-002702,EXECUTION,79.33814170555792,79.3,92.3,-12.96185829444208,12.96185829444208,-13.0,-0.03814170555791918,-13.0,-13.0,-24.7,0,0,0,0,3,25.0,False,False,False,False,"Signed reconciliation and persistence evidence for review; heuristic bands are engineering choices, not MPLADS rules or final decisions."
W-002703,COMPLETION,96.76752004137575,96.8,100.0,-3.2324799586242534,3.2324799586242534,-3.200000000000003,0.03247995862425057,-3.200000000000003,44.199999999999996,5.928571428571428,3,2,0,2,7,25.0,False,True,False,False,"Signed reconciliation and persistence evidence for review; heuristic bands are engineering choices, not MPLADS rules or final decisions."
W-002704,COMPLETION,94.66216216216216,94.7,100.0,-5.337837837837839,5.337837837837839,-5.299999999999997,0.03783783783784145,-5.299999999999997,32.1,14.300000000000002,5,3,0,2,7,25.0,False,True,False,False,"Signed reconciliation and persistence evidence for review; heuristic bands are engineering choices, not MPLADS rules or final decisions."
W-002705,COMPLETION,105.94982078853046,105.9,100.0,5.9498207885304595,5.9498207885304595,5.900000000000006,-0.0498207885304538,5.900000000000006,56.8,27.887500000000003,8,5,0,5,8,25.0,False,True,False,False,"Signed reconciliation and persistence evidence for review; heuristic bands are engineering choices, not MPLADS rules or final decisions."
W-002706,COMPLETION,102.59391771019678,102.6,100.0,2.593917710196777,2.593917710196777,2.5999999999999943,0.006082289803217122,2.5999999999999943,20.39999999999999,6.099999999999997,5,0,0,0,6,25.0,False,False,False,False,"Signed reconciliation and persistence evidence for review; heuristic bands are engineering choices, not MPLADS rules or final decisions."
W-002707,EXECUTION,63.023622047244096,63.0,73.9,-10.87637795275591,10.87637795275591,-10.900000000000006,-0.023622047244096223,-10.900000000000006,-2.5,-11.360000000000001,0,0,0,0,5,25.0,False,False,False,False,"Signed reconciliation and persistence evidence for review; heuristic bands are engineering choices, not MPLADS rules or final decisions."
W-002708,COMPLETION,105.02994011976048,105.0,100.0,5.029940119760482,5.029940119760482,5.0,-0.029940119760482276,5.0,44.6,8.433333333333335,2,1,0,1,3,25.0,False,False,False,False,"Signed reconciliation and persistence evidence for review; heuristic bands are engineering choices, not MPLADS rules or final decisions."
W-002709,EXECUTION,58.58930602957907,58.6,54.8,3.7893060295790733,3.7893060295790733,3.8000000000000043,0.01069397042093101,3.8000000000000043,10.199999999999996,0.2799999999999997,3,0,0,0,5,25.0,False,False,False,False,"Signed reconciliation and persistence evidence for review; heuristic bands are engineering choices, not MPLADS rules or final decisions."
W-002710,COMPLETION,102.2737608003638,102.3,100.0,2.273760800363803,2.273760800363803,2.299999999999997,0.026239199636194144,2.299999999999997,43.199999999999996,4.899999999999998,2,1,0,1,3,25.0,False,False,False,False,"Signed reconciliation and persistence evidence for review; heuristic bands are engineering choices, not MPLADS rules or final decisions."
W-002711,EXECUTION,36.99858423784804,37.0,40.3,-3.3014157621519544,3.3014157621519544,-3.299999999999997,0.0014157621519572672,-3.299999999999997,7.799999999999997,-3.900000000000001,2,0,0,0,5,25.0,False,False,False,False,"Signed reconciliation and persistence evidence for review; heuristic bands are engineering choices, not MPLADS rules or final decisions."
W-002712,COMPLETION,94.04441453566622,94.0,100.0,-5.9555854643337796,5.9555854643337796,-6.0,-0.044414535666220445,-6.0,47.0,17.72,4,2,0,2,5,25.0,False,True,False,False,"Signed reconciliation and persistence evidence for review; heuristic bands are engineering choices, not MPLADS rules or final decisions."
W-002713,EXECUTION,98.47417840375587,98.5,92.2,6.274178403755869,6.274178403755869,6.299999999999997,0.025821596244128386,6.299999999999997,93.1,47.6625,8,6,0,6,8,25.0,False,True,False,False,"Signed reconciliation and persistence evidence for review; heuristic bands are engineering choices, not MPLADS rules or final decisions."
W-002715,COMPLETION,106.08108108108108,106.1,100.0,6.081081081081081,6.081081081081081,6.099999999999994,0.01891891891891362,6.099999999999994,44.49999999999999,20.78333333333333,6,2,0,1,6,25.0,False,False,False,False,"Signed reconciliation and persistence evidence for review; heuristic bands are engineering choices, not MPLADS rules or final decisions."
W-002716,COMPLETION,105.07745266781411,105.1,100.0,5.077452667814114,5.077452667814114,5.099999999999994,0.02254733218588001,5.099999999999994,89.6,45.599999999999994,5,3,0,3,5,25.0,False,True,False,False,"Signed reconciliation and persistence evidence for review; heuristic bands are engineering choices, not MPLADS rules or final decisions."
W-002717,COMPLETION,99.87373737373737,99.9,100.0,-0.12626262626262985,0.12626262626262985,-0.09999999999999432,0.026262626262635536,-0.09999999999999432,32.10000000000001,10.983333333333336,5,1,0,1,6,25.0,False,False,False,False,"Signed reconciliation and persistence evidence for review; heuristic bands are engineering choices, not MPLADS rules or final decisions."
W-002718,EXECUTION,31.027027027027028,31.0,36.4,-5.3729729729729705,5.3729729729729705,-5.399999999999999,-0.027027027027028083,-5.399999999999999,1.0,-3.574999999999999,1,0,0,0,4,25.0,False,False,False,False,"Signed reconciliation and persistence evidence for review; heuristic bands are engineering choices, not MPLADS rules or final decisions."
W-002719,COMPLETION,143.5739096873794,143.6,100.0,43.5739096873794,43.5739096873794,43.599999999999994,0.026090312620596023,43.599999999999994,96.5,57.49999999999999,4,3,3,3,4,25.0,True,True,False,False,"Signed reconciliation and persistence evidence for review; heuristic bands are engineering choices, not MPLADS rules or final decisions."
W-002721,COMPLETION,94.58445040214477,94.6,100.0,-5.415549597855232,5.415549597855232,-5.400000000000006,0.015549597855226693,-5.400000000000006,37.39999999999999,2.7399999999999958,2,1,0,1,5,25.0,False,False,False,False,"Signed reconciliation and persistence evidence for review; heuristic bands are engineering choices, not MPLADS rules or final decisions."
W-002722,EXECUTION,51.585144927536234,51.6,60.7,-9.114855072463769,9.114855072463769,-9.100000000000001,0.014855072463767272,-9.100000000000001,14.899999999999999,-0.3125000000000009,3,0,0,0,8,25.0,False,False,False,False,"Signed reconciliation and persistence evidence for review; heuristic bands are engineering choices, not MPLADS rules or final decisions."
W-002723,COMPLETION,105.0105857445307,105.0,100.0,5.010585744530701,5.010585744530701,5.0,-0.010585744530700936,5.0,35.7,15.1,3,1,0,1,3,25.0,False,False,False,False,"Signed reconciliation and persistence evidence for review; heuristic bands are engineering choices, not MPLADS rules or final decisions."
W-002724,COMPLETION,104.88656195462478,104.9,100.0,4.886561954624781,4.886561954624781,4.900000000000006,0.013438045375224306,4.900000000000006,26.0,-20.18,2,1,0,1,5,25.0,False,False,False,False,"Signed reconciliation and persistence evidence for review; heuristic bands are engineering choices, not MPLADS rules or final decisions."
W-002725,COMPLETION,105.02306509482317,105.0,100.0,5.023065094823167,5.023065094823167,5.0,-0.023065094823166987,5.0,61.0,38.885714285714286,7,5,0,5,7,25.0,False,True,False,False,"Signed reconciliation and persistence evidence for review; heuristic bands are engineering choices, not MPLADS rules or final decisions."
W-002726,EXECUTION,23.773987206823026,23.8,23.4,0.37398720682302766,0.37398720682302766,0.40000000000000213,0.02601279317697447,0.40000000000000213,5.6000000000000005,1.1500000000000004,6,0,0,0,8,25.0,False,False,False,False,"Signed reconciliation and persistence evidence for review; heuristic bands are engineering choices, not MPLADS rules or final decisions."
W-002727,EXECUTION,34.83844241922121,34.8,35.4,-0.5615575807787891,0.5615575807787891,-0.6000000000000014,-0.038442419221212276,-0.6000000000000014,26.7,7.639999999999999,3,1,0,1,5,25.0,False,False,False,False,"Signed reconciliation and persistence evidence for review; heuristic bands are engineering choices, not MPLADS rules or final decisions."
W-002728,EXECUTION,100.16366612111293,100.2,93.2,6.963666121112922,6.963666121112922,7.0,0.03633387888707773,7.0,7.0,-11.375,1,0,0,0,4,25.0,False,False,False,False,"Signed reconciliation and persistence evidence for review; heuristic bands are engineering choices, not MPLADS rules or final decisions."
W-002729,COMPLETION,105.0036791758646,105.0,100.0,5.003679175864605,5.003679175864605,5.0,-0.0036791758646046446,5.0,76.2,35.8375,7,5,0,5,8,25.0,False,True,False,False,"Signed reconciliation and persistence evidence for review; heuristic bands are engineering choices, not MPLADS rules or final decisions."
W-002731,COMPLETION,92.74021352313167,92.7,100.0,-7.259786476868328,7.259786476868328,-7.299999999999997,-0.04021352313166915,-7.299999999999997,19.60000000000001,-7.73333333333333,1,0,0,0,3,25.0,False,False,False,False,"Signed reconciliation and persistence evidence for review; heuristic bands are engineering choices, not MPLADS rules or final decisions."
W-002732,COMPLETION,107.93172690763052,107.9,100.0,7.9317269076305195,7.9317269076305195,7.900000000000006,-0.03172690763051378,7.900000000000006,75.30000000000001,36.51428571428572,6,5,0,5,7,25.0,False,True,False,False,"Signed reconciliation and persistence evidence for review; heuristic bands are engineering choices, not MPLADS rules or final decisions."
W-002733,EXECUTION,76.89981096408317,76.9,86.2,-9.30018903591683,9.30018903591683,-9.299999999999997,0.00018903591683283594,-9.299999999999997,39.400000000000006,19.862500000000004,6,3,0,3,8,25.0,False,True,False,False,"Signed reconciliation and persistence evidence for review; heuristic bands are engineering choices, not MPLADS rules or final decisions."
W-002734,EXECUTION,13.427230046948356,13.4,13.4,0.027230046948355735,0.027230046948355735,0.0,-0.027230046948355735,0.0,3.8,-0.0749999999999999,3,0,0,0,8,25.0,False,False,False,False,"Signed reconciliation and persistence evidence for review; heuristic bands are engineering choices, not MPLADS rules or final decisions."
W-002735,EXECUTION,41.680672268907564,41.7,46.4,-4.719327731092434,4.719327731092434,-4.699999999999996,0.019327731092438682,-4.699999999999996,-1.1999999999999957,-5.219999999999998,0,0,0,0,5,25.0,False,False,False,False,"Signed reconciliation and persistence evidence for review; heuristic bands are engineering choices, not MPLADS rules or final decisions."
W-002736,EXECUTION,46.7008797653959,46.7,53.0,-6.2991202346041035,6.2991202346041035,-6.299999999999997,-0.000879765395893628,-6.299999999999997,5.600000000000001,-3.2749999999999986,2,0,0,0,4,25.0,False,False,False,False,"Signed reconciliation and persistence evidence for review; heuristic bands are engineering choices, not MPLADS rules or final decisions."
W-002738,COMPLETION,102.00729927007299,102.0,100.0,2.0072992700729912,2.0072992700729912,2.0,-0.0072992700729912485,2.0,34.400000000000006,14.466666666666669,3,1,0,1,3,25.0,False,False,False,False,"Signed reconciliation and persistence evidence for review; heuristic bands are engineering choices, not MPLADS rules or final decisions."
W-002739,COMPLETION,93.72337404146549,93.7,100.0,-6.27662595853451,6.27662595853451,-6.299999999999997,-0.023374041465487494,-6.299999999999997,64.0,24.616666666666664,5,3,0,3,6,25.0,False,True,False,False,"Signed reconciliation and persistence evidence for review; heuristic bands are engineering choices, not MPLADS rules or final decisions."
W-002741,COMPLETION,101.97498354180382,102.0,100.0,1.974983541803823,1.974983541803823,2.0,0.025016458196176927,2.0,69.0,30.866666666666664,6,3,0,3,6,25.0,False,True,False,False,"Signed reconciliation and persistence evidence for review; heuristic bands are engineering choices, not MPLADS rules or final decisions."
W-002742,COMPLETION,92.69276393831554,92.7,100.0,-7.307236061684463,7.307236061684463,-7.299999999999997,0.007236061684466222,-7.299999999999997,10.299999999999997,-16.15,1,0,0,0,4,25.0,False,False,False,False,"Signed reconciliation and persistence evidence for review; heuristic bands are engineering choices, not MPLADS rules or final decisions."
W-002743,COMPLETION,104.05624661979448,104.1,100.0,4.056246619794479,4.056246619794479,4.099999999999994,0.04375338020551567,4.099999999999994,33.199999999999996,-0.9250000000000043,4,1,0,1,8,25.0,False,False,False,False,"Signed reconciliation and persistence evidence for review; heuristic bands are engineering choices, not MPLADS rules or final decisions."
W-002744,COMPLETION,107.03653585926928,107.0,100.0,7.036535859269279,7.036535859269279,7.0,-0.0365358592692786,7.0,61.6,39.06,5,4,0,4,5,25.0,False,True,False,False,"Signed reconciliation and persistence evidence for review; heuristic bands are engineering choices, not MPLADS rules or final decisions."
W-002745,COMPLETION,90.4201680672269,90.4,100.0,-9.579831932773104,9.579831932773104,-9.599999999999994,-0.020168067226890685,-9.599999999999994,56.900000000000006,15.700000000000003,4,2,0,2,6,25.0,False,True,False,False,"Signed reconciliation and persistence evidence for review; heuristic bands are engineering choices, not MPLADS rules or final decisions."
W-002746,COMPLETION,105.00221336874723,105.0,100.0,5.002213368747235,5.002213368747235,5.0,-0.0022133687472347674,5.0,47.0,15.26,4,2,0,2,5,25.0,False,True,False,False,"Signed reconciliation and persistence evidence for review; heuristic bands are engineering choices, not MPLADS rules or final decisions."
W-002747,EXECUTION,37.940074906367045,37.9,36.9,1.040074906367046,1.040074906367046,1.0,-0.040074906367046026,1.0,12.7,-4.02,2,0,0,0,5,25.0,False,False,False,False,"Signed reconciliation and persistence evidence for review; heuristic bands are engineering choices, not MPLADS rules or final decisions."
W-002748,COMPLETION,98.62005519779208,98.6,100.0,-1.3799448022079162,1.3799448022079162,-1.4000000000000057,-0.02005519779208953,-1.4000000000000057,33.8,-6.275000000000002,3,1,0,1,8,25.0,False,False,False,False,"Signed reconciliation and persistence evidence for review; heuristic bands are engineering choices, not MPLADS rules or final decisions."
W-002749,COMPLETION,98.28473413379074,98.3,100.0,-1.7152658662092648,1.7152658662092648,-1.7000000000000028,0.015265866209261958,-1.7000000000000028,54.400000000000006,32.98333333333334,5,4,0,4,6,25.0,False,True,False,False,"Signed reconciliation and persistence evidence for review; heuristic bands are engineering choices, not MPLADS rules or final decisions."
W-002750,COMPLETION,105.94594594594595,105.9,100.0,5.945945945945951,5.945945945945951,5.900000000000006,-0.045945945945945255,5.900000000000006,65.5,38.125,8,6,0,6,8,25.0,False,True,False,False,"Signed reconciliation and persistence evidence for review; heuristic bands are engineering choices, not MPLADS rules or final decisions."
W-002751,COMPLETION,103.57266736038848,103.6,100.0,3.572667360388479,3.572667360388479,3.5999999999999943,0.02733263961151522,3.5999999999999943,43.8,19.539999999999996,5,1,0,1,5,25.0,False,False,False,False,"Signed reconciliation and persistence evidence for review; heuristic bands are engineering choices, not MPLADS rules or final decisions."
W-002753,COMPLETION,101.37983901878114,101.4,100.0,1.3798390187811407,1.3798390187811407,1.4000000000000057,0.020160981218865004,1.4000000000000057,76.30000000000001,40.85,4,3,0,3,4,25.0,False,True,False,False,"Signed reconciliation and persistence evidence for review; heuristic bands are engineering choices, not MPLADS rules or final decisions."
W-002754,EXECUTION,87.23404255319149,87.2,87.3,-0.06595744680851112,0.06595744680851112,-0.09999999999999432,-0.034042553191483194,-0.09999999999999432,18.3,0.40000000000000213,2,0,0,0,5,25.0,False,False,False,False,"Signed reconciliation and persistence evidence for review; heuristic bands are engineering choices, not MPLADS rules or final decisions."
W-002755,COMPLETION,99.33416562630046,99.3,100.0,-0.6658343736995391,0.6658343736995391,-0.7000000000000028,-0.034165626300463714,-0.7000000000000028,50.699999999999996,20.799999999999997,7,2,0,2,8,25.0,False,True,False,False,"Signed reconciliation and persistence evidence for review; heuristic bands are engineering choices, not MPLADS rules or final decisions."
W-002756,EXECUTION,33.26904532304725,33.3,38.0,-4.730954676952749,4.730954676952749,-4.700000000000003,0.030954676952745785,-4.700000000000003,12.799999999999997,-7.700000000000001,2,0,0,0,8,25.0,False,False,False,False,"Signed reconciliation and persistence evidence for review; heuristic bands are engineering choices, not MPLADS rules or final decisions."
W-002757,EXECUTION,26.97768762677485,27.0,30.3,-3.3223123732251523,3.3223123732251523,-3.3000000000000007,0.02231237322515156,-3.3000000000000007,1.8999999999999986,-6.94,1,0,0,0,5,25.0,False,False,False,False,"Signed reconciliation and persistence evidence for review; heuristic bands are engineering choices, not MPLADS rules or final decisions."
W-002758,COMPLETION,100.87121212121212,100.9,100.0,0.8712121212121247,0.8712121212121247,0.9000000000000057,0.028787878787881027,0.9000000000000057,0.9000000000000057,-19.04,1,0,0,0,5,25.0,False,False,False,False,"Signed reconciliation and persistence evidence for review; heuristic bands are engineering choices, not MPLADS rules or final decisions."
W-002759,COMPLETION,99.28977272727273,99.3,100.0,-0.7102272727272663,0.7102272727272663,-0.7000000000000028,0.010227272727263426,-0.7000000000000028,35.599999999999994,12.166666666666664,2,1,0,1,3,25.0,False,False,False,False,"Signed reconciliation and persistence evidence for review; heuristic bands are engineering choices, not MPLADS rules or final decisions."
W-002760,EXECUTION,158.31622176591375,158.3,28.9,129.41622176591375,129.41622176591375,129.4,-0.016221765913741137,129.4,129.4,68.95,4,4,4,4,6,25.0,True,True,False,False,"Signed reconciliation and persistence evidence for review; heuristic bands are engineering choices, not MPLADS rules or final decisions."
W-002761,COMPLETION,100.43914680050189,100.4,100.0,0.4391468005018879,0.4391468005018879,0.4000000000000057,-0.03914680050188224,0.4000000000000057,22.400000000000006,-7.659999999999998,2,0,0,0,5,25.0,False,False,False,False,"Signed reconciliation and persistence evidence for review; heuristic bands are engineering choices, not MPLADS rules or final decisions."
W-002762,COMPLETION,107.95130795130795,108.0,100.0,7.951307951307953,7.951307951307953,8.0,0.0486920486920468,8.0,87.9,47.56666666666667,6,5,0,5,6,25.0,False,True,False,False,"Signed reconciliation and persistence evidence for review; heuristic bands are engineering choices, not MPLADS rules or final decisions."
W-002763,EXECUTION,78.4965034965035,78.5,75.5,2.996503496503493,2.996503496503493,3.0,0.0034965034965068753,3.0,34.9,13.7625,6,3,0,3,8,25.0,False,True,False,False,"Signed reconciliation and persistence evidence for review; heuristic bands are engineering choices, not MPLADS rules or final decisions."
W-002764,EXECUTION,50.964630225080384,51.0,58.7,-7.735369774919619,7.735369774919619,-7.700000000000003,0.03536977491961579,-7.700000000000003,1.9000000000000004,-10.125000000000002,1,0,0,0,4,25.0,False,False,False,False,"Signed reconciliation and persistence evidence for review; heuristic bands are engineering choices, not MPLADS rules or final decisions."
W-002765,COMPLETION,106.25563909774436,106.3,100.0,6.255639097744364,6.255639097744364,6.299999999999997,0.04436090225563305,6.299999999999997,29.599999999999994,-0.3800000000000011,3,1,0,1,5,25.0,False,False,False,False,"Signed reconciliation and persistence evidence for review; heuristic bands are engineering choices, not MPLADS rules or final decisions."
W-002766,COMPLETION,107.35103626943005,107.4,100.0,7.351036269430054,7.351036269430054,7.400000000000006,0.048963730569951736,7.400000000000006,91.60000000000001,50.43333333333334,6,4,0,4,6,25.0,False,True,False,False,"Signed reconciliation and persistence evidence for review; heuristic bands are engineering choices, not MPLADS rules or final decisions."
W-002767,COMPLETION,97.34111543450065,97.3,100.0,-2.658884565499349,2.658884565499349,-2.700000000000003,-0.04111543450065369,-2.700000000000003,73.4,34.18571428571429,6,5,0,5,7,25.0,False,True,False,False,"Signed reconciliation and persistence evidence for review; heuristic bands are engineering choices, not MPLADS rules or final decisions."
W-002768,EXECUTION,90.33942558746736,90.3,94.4,-4.060574412532645,4.060574412532645,-4.1000000000000085,-0.03942558746736324,-4.1000000000000085,33.5,11.299999999999997,6,2,0,1,8,25.0,False,False,False,False,"Signed reconciliation and persistence evidence for review; heuristic bands are engineering choices, not MPLADS rules or final decisions."
W-002769,COMPLETION,104.99089253187614,105.0,100.0,4.990892531876142,4.990892531876142,5.0,0.009107468123858098,5.0,57.7,29.333333333333332,6,3,0,3,6,25.0,False,True,False,False,"Signed reconciliation and persistence evidence for review; heuristic bands are engineering choices, not MPLADS rules or final decisions."
W-002770,COMPLETION,96.42401021711366,96.4,100.0,-3.5759897828863387,3.5759897828863387,-3.5999999999999943,-0.024010217113655585,-3.5999999999999943,48.3,23.633333333333336,2,2,0,2,3,25.0,False,True,False,False,"Signed reconciliation and persistence evidence for review; heuristic bands are engineering choices, not MPLADS rules or final decisions."
W-002772,COMPLETION,105.00782472613459,105.0,100.0,5.0078247261345865,5.0078247261345865,5.0,-0.007824726134586513,5.0,42.0,24.362500000000004,8,4,0,3,8,25.0,False,True,False,False,"Signed reconciliation and persistence evidence for review; heuristic bands are engineering choices, not MPLADS rules or final decisions."
W-002773,EXECUTION,48.13529921942758,48.1,49.2,-1.064700780572423,1.064700780572423,-1.1000000000000014,-0.03529921942757852,-1.1000000000000014,14.600000000000001,-7.06,1,0,0,0,5,25.0,False,False,False,False,"Signed reconciliation and persistence evidence for review; heuristic bands are engineering choices, not MPLADS rules or final decisions."
W-002774,COMPLETION,97.93613707165109,97.9,100.0,-2.063862928348911,2.063862928348911,-2.0999999999999943,-0.036137071651083374,-2.0999999999999943,15.600000000000009,-7.05,2,0,0,0,8,25.0,False,False,False,False,"Signed reconciliation and persistence evidence for review; heuristic bands are engineering choices, not MPLADS rules or final decisions."
W-002775,COMPLETION,104.06726632772781,104.1,100.0,4.067266327727808,4.067266327727808,4.099999999999994,0.03273367227218671,4.099999999999994,87.3,46.275,8,6,0,6,8,25.0,False,True,False,False,"Signed reconciliation and persistence evidence for review; heuristic bands are engineering choices, not MPLADS rules or final decisions."
W-002776,EXECUTION,39.38840712003651,39.4,41.4,-2.0115928799634872,2.0115928799634872,-2.0,0.011592879963487235,-2.0,15.599999999999998,-2.957142857142857,3,0,0,0,7,25.0,False,False,False,False,"Signed reconciliation and persistence evidence for review; heuristic bands are engineering choices, not MPLADS rules or final decisions."
W-002777,EXECUTION,89.36658068214388,89.4,94.0,-4.633419317856124,4.633419317856124,-4.599999999999994,0.03341931785612928,-4.599999999999994,81.30000000000001,39.41250000000001,7,5,0,5,8,25.0,False,True,False,False,"Signed reconciliation and persistence evidence for review; heuristic bands are engineering choices, not MPLADS rules or final decisions."
W-002778,EXECUTION,86.64302600472813,86.6,91.5,-4.856973995271872,4.856973995271872,-4.900000000000006,-0.04302600472813367,-4.900000000000006,36.699999999999996,13.024999999999999,3,1,0,1,4,25.0,False,False,False,False,"Signed reconciliation and persistence evidence for review; heuristic bands are engineering choices, not MPLADS rules or final decisions."
W-002780,EXECUTION,34.83685220729367,34.8,35.1,-0.26314779270633437,0.26314779270633437,-0.30000000000000426,-0.03685220729366989,-0.30000000000000426,16.099999999999998,6.099999999999998,2,0,0,0,4,25.0,False,False,False,False,"Signed reconciliation and persistence evidence for review; heuristic bands are engineering choices, not MPLADS rules or final decisions."
W-002781,EXECUTION,68.35482856244101,68.4,67.0,1.3548285624410141,1.3548285624410141,1.4000000000000057,0.045171437558991556,1.4000000000000057,31.700000000000003,14.428571428571432,6,1,0,1,7,25.0,False,False,False,False,"Signed reconciliation and persistence evidence for review; heuristic bands are engineering choices, not MPLADS rules or final decisions."
W-002782,EXECUTION,54.82340537691091,54.8,61.1,-6.276594623089089,6.276594623089089,-6.300000000000004,-0.023405376910915265,-6.300000000000004,8.0,-4.471428571428572,3,0,0,0,7,25.0,False,False,False,False,"Signed reconciliation and persistence evidence for review; heuristic bands are engineering choices, not MPLADS rules or final decisions."
W-002783,COMPLETION,104.96894409937889,105.0,100.0,4.968944099378888,4.968944099378888,5.0,0.031055900621112187,5.0,31.5,-16.4375,3,1,0,1,8,25.0,False,False,False,False,"Signed reconciliation and persistence evidence for review; heuristic bands are engineering choices, not MPLADS rules or final decisions."
W-002784,COMPLETION,103.41614906832298,103.4,100.0,3.41614906832298,3.41614906832298,3.4000000000000057,-0.016149068322974358,3.4000000000000057,66.4,38.45714285714286,7,5,0,5,7,25.0,False,True,False,False,"Signed reconciliation and persistence evidence for review; heuristic bands are engineering choices, not MPLADS rules or final decisions."
W-002785,COMPLETION,100.9825327510917,101.0,100.0,0.9825327510916964,0.9825327510916964,1.0,0.017467248908303645,1.0,1.0,-9.966666666666667,2,0,0,0,6,25.0,False,False,False,False,"Signed reconciliation and persistence evidence for review; heuristic bands are engineering choices, not MPLADS rules or final decisions."
W-002786,COMPLETION,96.55172413793103,96.6,100.0,-3.448275862068968,3.448275862068968,-3.4000000000000057,0.04827586206896228,-3.4000000000000057,17.89999999999999,-1.3625000000000038,4,0,0,0,8,25.0,False,False,False,False,"Signed reconciliation and persistence evidence for review; heuristic bands are engineering choices, not MPLADS rules or final decisions."
W-002787,COMPLETION,93.20833333333333,93.2,100.0,-6.791666666666671,6.791666666666671,-6.799999999999997,-0.008333333333325754,-6.799999999999997,56.6,28.28333333333333,5,4,0,4,6,25.0,False,True,False,False,"Signed reconciliation and persistence evidence for review; heuristic bands are engineering choices, not MPLADS rules or final decisions."
W-002788,EXECUTION,76.2200165425972,76.2,71.6,4.620016542597199,4.620016542597199,4.6000000000000085,-0.020016542597190323,4.6000000000000085,4.6000000000000085,-9.599999999999998,1,0,0,0,8,25.0,False,False,False,False,"Signed reconciliation and persistence evidence for review; heuristic bands are engineering choices, not MPLADS rules or final decisions."
W-002789,COMPLETION,96.24183006535948,96.2,100.0,-3.75816993464052,3.75816993464052,-3.799999999999997,-0.041830065359476976,-3.799999999999997,6.100000000000001,-3.799999999999997,3,0,0,0,8,25.0,False,False,False,False,"Signed reconciliation and persistence evidence for review; heuristic bands are engineering choices, not MPLADS rules or final decisions."
W-002791,COMPLETION,104.6562386322299,104.7,100.0,4.6562386322299005,4.6562386322299005,4.700000000000003,0.04376136777010231,4.700000000000003,53.6,13.450000000000001,4,2,0,2,6,25.0,False,True,False,False,"Signed reconciliation and persistence evidence for review; heuristic bands are engineering choices, not MPLADS rules or final decisions."
W-002792,EXECUTION,0.0,0.0,14.5,-14.5,14.5,-14.5,0.0,-14.5,0.0,-8.78,0,0,0,0,5,25.0,False,False,False,False,"Signed reconciliation and persistence evidence for review; heuristic bands are engineering choices, not MPLADS rules or final decisions."
W-002793,EXECUTION,93.30889092575619,93.3,87.5,5.808890925756188,5.808890925756188,5.799999999999997,-0.008890925756190882,5.799999999999997,31.9,18.333333333333332,3,1,0,1,3,25.0,False,False,False,False,"Signed reconciliation and persistence evidence for review; heuristic bands are engineering choices, not MPLADS rules or final decisions."
W-002794,COMPLETION,144.64526571351496,144.6,100.0,44.64526571351496,44.64526571351496,44.599999999999994,-0.045265713514965,44.599999999999994,121.69999999999999,67.14285714285714,6,6,6,6,7,25.0,True,True,False,False,"Signed reconciliation and persistence evidence for review; heuristic bands are engineering choices, not MPLADS rules or final decisions."
W-002795,COMPLETION,97.2258064516129,97.2,100.0,-2.774193548387103,2.774193548387103,-2.799999999999997,-0.025806451612893966,-2.799999999999997,55.6,24.425000000000004,3,2,0,2,4,25.0,False,True,False,False,"Signed reconciliation and persistence evidence for review; heuristic bands are engineering choices, not MPLADS rules or final decisions."
W-002796,COMPLETION,92.10649229332088,92.1,100.0,-7.893507706679117,7.893507706679117,-7.900000000000006,-0.006492293320889075,-7.900000000000006,22.89999999999999,-8.942857142857145,3,0,0,0,7,25.0,False,False,False,False,"Signed reconciliation and persistence evidence for review; heuristic bands are engineering choices, not MPLADS rules or final decisions."
W-002797,COMPLETION,106.99115044247787,107.0,100.0,6.991150442477874,6.991150442477874,7.0,0.008849557522125906,7.0,75.0,25.45,6,4,0,4,8,25.0,False,True,False,False,"Signed reconciliation and persistence evidence for review; heuristic bands are engineering choices, not MPLADS rules or final decisions."
W-002798,COMPLETION,100.1101564221194,100.1,100.0,0.11015642211940246,0.11015642211940246,0.09999999999999432,-0.010156422119408148,0.09999999999999432,59.39999999999999,20.639999999999993,4,2,0,2,5,25.0,False,True,False,False,"Signed reconciliation and persistence evidence for review; heuristic bands are engineering choices, not MPLADS rules or final decisions."
W-002799,EXECUTION,79.37062937062937,79.4,89.3,-9.929370629370624,9.929370629370624,-9.899999999999991,0.029370629370632173,-9.899999999999991,35.2,0.3000000000000047,3,2,0,2,8,25.0,False,True,False,False,"Signed reconciliation and persistence evidence for review; heuristic bands are engineering choices, not MPLADS rules or final decisions."
W-002800,COMPLETION,101.75438596491227,101.8,100.0,1.7543859649122737,1.7543859649122737,1.7999999999999972,0.04561403508772344,1.7999999999999972,48.099999999999994,20.299999999999994,6,3,0,2,7,25.0,False,True,False,False,"Signed reconciliation and persistence evidence for review; heuristic bands are engineering choices, not MPLADS rules or final decisions."
W-002801,EXECUTION,50.050050050050054,50.1,53.2,-3.1499499499499493,3.1499499499499493,-3.1000000000000014,0.049949949949947836,-3.1000000000000014,0.0,-6.6000000000000005,0,0,0,0,3,25.0,False,False,False,False,"Signed reconciliation and persistence evidence for review; heuristic bands are engineering choices, not MPLADS rules or final decisions."
W-002802,EXECUTION,87.46031746031746,87.5,92.0,-4.539682539682545,4.539682539682545,-4.5,0.03968253968254487,-4.5,38.9,15.0,4,2,0,2,6,25.0,False,True,False,False,"Signed reconciliation and persistence evidence for review; heuristic bands are engineering choices, not MPLADS rules or final decisions."
W-002804,EXECUTION,75.34833869239014,75.3,70.3,5.048338692390146,5.048338692390146,5.0,-0.04833869239014632,5.0,5.0,-7.733333333333334,1,0,0,0,3,25.0,False,False,False,False,"Signed reconciliation and persistence evidence for review; heuristic bands are engineering choices, not MPLADS rules or final decisions."
W-002805,COMPLETION,97.63877381938691,97.6,100.0,-2.3612261806130874,2.3612261806130874,-2.4000000000000057,-0.03877381938691826,-2.4000000000000057,78.3,39.35,5,4,0,4,6,25.0,False,True,False,False,"Signed reconciliation and persistence evidence for review; heuristic bands are engineering choices, not MPLADS rules or final decisions."
W-002806,COMPLETION,107.57780784844384,107.6,100.0,7.57780784844384,7.57780784844384,7.599999999999994,0.022192151556154727,7.599999999999994,20.299999999999997,-9.399999999999999,2,0,0,0,6,25.0,False,False,False,False,"Signed reconciliation and persistence evidence for review; heuristic bands are engineering choices, not MPLADS rules or final decisions."
W-002807,COMPLETION,126.03211009174312,126.0,100.0,26.03211009174312,26.03211009174312,26.0,-0.03211009174312096,26.0,80.2,37.2875,6,6,6,6,8,25.0,True,True,False,False,"Signed reconciliation and persistence evidence for review; heuristic bands are engineering choices, not MPLADS rules or final decisions."
W-002808,COMPLETION,88.43031123139377,88.4,100.0,-11.569688768606227,11.569688768606227,-11.599999999999994,-0.030311231393767457,-11.599999999999994,58.0,18.900000000000006,4,2,0,2,6,25.0,False,True,False,False,"Signed reconciliation and persistence evidence for review; heuristic bands are engineering choices, not MPLADS rules or final decisions."
W-002809,COMPLETION,98.7064413938754,98.7,100.0,-1.2935586061246056,1.2935586061246056,-1.2999999999999972,-0.0064413938753915545,-1.2999999999999972,40.0,11.98,3,1,0,1,5,25.0,False,False,False,False,"Signed reconciliation and persistence evidence for review; heuristic bands are engineering choices, not MPLADS rules or final decisions."
W-002810,COMPLETION,90.45584045584046,90.5,100.0,-9.544159544159541,9.544159544159541,-9.5,0.04415954415954104,-9.5,28.599999999999998,10.766666666666666,5,1,0,1,6,25.0,False,False,False,False,"Signed reconciliation and persistence evidence for review; heuristic bands are engineering choices, not MPLADS rules or final decisions."
W-002811,COMPLETION,92.85714285714286,92.9,100.0,-7.142857142857139,7.142857142857139,-7.099999999999994,0.04285714285714448,-7.099999999999994,41.2,11.050000000000004,4,2,0,2,6,25.0,False,True,False,False,"Signed reconciliation and persistence evidence for review; heuristic bands are engineering choices, not MPLADS rules or final decisions."
W-002812,COMPLETION,106.84062059238364,106.8,100.0,6.840620592383644,6.840620592383644,6.799999999999997,-0.04062059238364668,6.799999999999997,37.3,18.566666666666666,3,1,0,1,3,25.0,False,False,False,False,"Signed reconciliation and persistence evidence for review; heuristic bands are engineering choices, not MPLADS rules or final decisions."
W-002813,COMPLETION,102.47813411078717,102.5,100.0,2.478134110787167,2.478134110787167,2.5,0.021865889212833167,2.5,53.3,13.85,3,1,0,1,4,25.0,False,False,False,False,"Signed reconciliation and persistence evidence for review; heuristic bands are engineering choices, not MPLADS rules or final decisions."
W-002814,COMPLETION,104.50160771704181,104.5,100.0,4.501607717041807,4.501607717041807,4.5,-0.0016077170418071773,4.5,57.0,31.2,4,3,0,3,4,25.0,False,True,False,False,"Signed reconciliation and persistence evidence for review; heuristic bands are engineering choices, not MPLADS rules or final decisions."
W-002815,EXECUTION,0.0,0.0,0.0,0.0,0.0,0.0,0.0,0.0,0.0,0.0,0,0,0,0,1,25.0,False,False,False,False,"Signed reconciliation and persistence evidence for review; heuristic bands are engineering choices, not MPLADS rules or final decisions."
W-002816,COMPLETION,143.87886597938143,143.9,100.0,43.87886597938143,43.87886597938143,43.900000000000006,0.021134020618575278,43.900000000000006,108.0,70.66666666666667,6,6,6,6,6,25.0,True,True,False,False,"Signed reconciliation and persistence evidence for review; heuristic bands are engineering choices, not MPLADS rules or final decisions."
W-002817,COMPLETION,158.38870431893687,158.4,100.0,58.388704318936874,58.388704318936874,58.400000000000006,0.011295681063131724,58.400000000000006,118.80000000000001,84.55,8,7,7,7,8,25.0,True,True,False,False,"Signed reconciliation and persistence evidence for review; heuristic bands are engineering choices, not MPLADS rules or final decisions."
W-002818,EXECUTION,37.5,37.5,39.3,-1.7999999999999972,1.7999999999999972,-1.7999999999999972,0.0,-1.7999999999999972,-1.7999999999999972,-12.1,0,0,0,0,3,25.0,False,False,False,False,"Signed reconciliation and persistence evidence for review; heuristic bands are engineering choices, not MPLADS rules or final decisions."
W-002819,COMPLETION,101.64989939637827,101.6,100.0,1.6498993963782738,1.6498993963782738,1.5999999999999943,-0.04989939637827945,1.5999999999999943,63.599999999999994,34.29999999999999,3,2,0,2,3,25.0,False,True,False,False,"Signed reconciliation and persistence evidence for review; heuristic bands are engineering choices, not MPLADS rules or final decisions."
W-002820,COMPLETION,104.989816700611,105.0,100.0,4.9898167006110015,4.9898167006110015,5.0,0.010183299388998535,5.0,64.4,38.483333333333334,6,4,0,4,6,25.0,False,True,False,False,"Signed reconciliation and persistence evidence for review; heuristic bands are engineering choices, not MPLADS rules or final decisions."
W-002821,COMPLETION,94.39306358381504,94.4,100.0,-5.606936416184965,5.606936416184965,-5.599999999999994,0.00693641618497054,-5.599999999999994,-5.599999999999994,-26.933333333333334,0,0,0,0,3,25.0,False,False,False,False,"Signed reconciliation and persistence evidence for review; heuristic bands are engineering choices, not MPLADS rules or final decisions."
W-002822,COMPLETION,107.19489981785064,107.2,100.0,7.19489981785064,7.19489981785064,7.200000000000003,0.0051001821493628086,7.200000000000003,34.7,17.814285714285717,6,3,0,2,7,25.0,False,True,False,False,"Signed reconciliation and persistence evidence for review; heuristic bands are engineering choices, not MPLADS rules or final decisions."
W-002823,COMPLETION,96.40579710144928,96.4,100.0,-3.5942028985507193,3.5942028985507193,-3.5999999999999943,-0.005797101449275033,-3.5999999999999943,48.50000000000001,15.071428571428573,4,2,0,2,7,25.0,False,True,False,False,"Signed reconciliation and persistence evidence for review; heuristic bands are engineering choices, not MPLADS rules or final decisions."
W-002824,COMPLETION,99.17627677100494,99.2,100.0,-0.823723228995064,0.823723228995064,-0.7999999999999972,0.023723228995066847,-0.7999999999999972,62.1,34.92,4,3,0,3,5,25.0,False,True,False,False,"Signed reconciliation and persistence evidence for review; heuristic bands are engineering choices, not MPLADS rules or final decisions."
W-002825,COMPLETION,91.67424931756142,91.7,100.0,-8.325750682438581,8.325750682438581,-8.299999999999997,0.02575068243858425,-8.299999999999997,77.7,35.175,7,5,0,5,8,25.0,False,True,False,False,"Signed reconciliation and persistence evidence for review; heuristic bands are engineering choices, not MPLADS rules or final decisions."
W-002826,COMPLETION,100.77378243058716,100.8,100.0,0.7737824305871612,0.7737824305871612,0.7999999999999972,0.026217569412835928,0.7999999999999972,56.4,10.266666666666666,4,2,0,2,6,25.0,False,True,False,False,"Signed reconciliation and persistence evidence for review; heuristic bands are engineering choices, not MPLADS rules or final decisions."
W-002827,COMPLETION,101.11553784860558,101.1,100.0,1.1155378486055838,1.1155378486055838,1.0999999999999943,-0.015537848605589488,1.0999999999999943,54.1,27.939999999999998,5,3,0,2,5,25.0,False,True,False,False,"Signed reconciliation and persistence evidence for review; heuristic bands are engineering choices, not MPLADS rules or final decisions."
W-002828,COMPLETION,104.49017773620206,104.5,100.0,4.490177736202057,4.490177736202057,4.5,0.009822263797943265,4.5,81.0,41.324999999999996,4,3,0,3,4,25.0,False,True,False,False,"Signed reconciliation and persistence evidence for review; heuristic bands are engineering choices, not MPLADS rules or final decisions."
W-002829,COMPLETION,96.47577092511013,96.5,100.0,-3.524229074889874,3.524229074889874,-3.5,0.024229074889873914,-3.5,26.400000000000006,-14.199999999999998,2,1,0,1,7,25.0,False,False,False,False,"Signed reconciliation and persistence evidence for review; heuristic bands are engineering choices, not MPLADS rules or final decisions."
W-002830,COMPLETION,104.82603815937149,104.8,100.0,4.8260381593714925,4.8260381593714925,4.799999999999997,-0.02603815937149534,4.799999999999997,61.3,26.51428571428571,6,4,0,4,7,25.0,False,True,False,False,"Signed reconciliation and persistence evidence for review; heuristic bands are engineering choices, not MPLADS rules or final decisions."
W-002831,COMPLETION,103.48221044663134,103.5,100.0,3.482210446631342,3.482210446631342,3.5,0.017789553368658062,3.5,28.6,9.475,3,1,0,1,4,25.0,False,False,False,False,"Signed reconciliation and persistence evidence for review; heuristic bands are engineering choices, not MPLADS rules or final decisions."
W-002832,EXECUTION,14.19068736141907,14.2,16.1,-1.909312638580932,1.909312638580932,-1.9000000000000021,0.0093126385809299,-1.9000000000000021,9.2,1.8714285714285706,4,0,0,0,7,25.0,False,False,False,False,"Signed reconciliation and persistence evidence for review; heuristic bands are engineering choices, not MPLADS rules or final decisions."
W-002833,EXECUTION,58.32961143367575,58.3,64.9,-6.5703885663242545,6.5703885663242545,-6.6000000000000085,-0.02961143367575403,-6.6000000000000085,45.599999999999994,17.412499999999998,5,3,0,3,8,25.0,False,True,False,False,"Signed reconciliation and persistence evidence for review; heuristic bands are engineering choices, not MPLADS rules or final decisions."
W-002834,COMPLETION,104.63018641010223,104.6,100.0,4.630186410102226,4.630186410102226,4.599999999999994,-0.030186410102231775,4.599999999999994,4.599999999999994,-16.333333333333332,1,0,0,0,3,25.0,False,False,False,False,"Signed reconciliation and persistence evidence for review; heuristic bands are engineering choices, not MPLADS rules or final decisions."
W-002835,COMPLETION,100.14204545454545,100.1,100.0,0.14204545454545325,0.14204545454545325,0.09999999999999432,-0.04204545454545894,0.09999999999999432,56.3,25.599999999999994,7,3,0,3,7,25.0,False,True,False,False,"Signed reconciliation and persistence evidence for review; heuristic bands are engineering choices, not MPLADS rules or final decisions."
W-002836,COMPLETION,89.56639566395664,89.6,100.0,-10.43360433604336,10.43360433604336,-10.400000000000006,0.033604336043353555,-10.400000000000006,54.699999999999996,24.74,4,2,0,2,5,25.0,False,True,False,False,"Signed reconciliation and persistence evidence for review; heuristic bands are engineering choices, not MPLADS rules or final decisions."
W-002837,COMPLETION,96.85328974254189,96.9,100.0,-3.1467102574581105,3.1467102574581105,-3.0999999999999943,0.04671025745811619,-3.0999999999999943,45.900000000000006,24.480000000000004,4,3,0,3,5,25.0,False,True,False,False,"Signed reconciliation and persistence evidence for review; heuristic bands are engineering choices, not MPLADS rules or final decisions."
W-002838,COMPLETION,106.51978417266187,106.5,100.0,6.519784172661872,6.519784172661872,6.5,-0.019784172661871935,6.5,65.8,36.63333333333333,3,2,0,2,3,25.0,False,True,False,False,"Signed reconciliation and persistence evidence for review; heuristic bands are engineering choices, not MPLADS rules or final decisions."
W-002839,EXECUTION,67.30906495360456,67.3,76.7,-9.390935046395441,9.390935046395441,-9.400000000000006,-0.009064953604564607,-9.400000000000006,28.799999999999997,11.649999999999999,3,1,0,1,4,25.0,False,False,False,False,"Signed reconciliation and persistence evidence for review; heuristic bands are engineering choices, not MPLADS rules or final decisions."
W-002840,COMPLETION,103.30578512396694,103.3,100.0,3.305785123966942,3.305785123966942,3.299999999999997,-0.005785123966944639,3.299999999999997,48.199999999999996,12.985714285714284,5,2,0,2,7,25.0,False,True,False,False,"Signed reconciliation and persistence evidence for review; heuristic bands are engineering choices, not MPLADS rules or final decisions."
W-002841,EXECUTION,90.0,90.0,94.7,-4.700000000000003,4.700000000000003,-4.700000000000003,0.0,-4.700000000000003,14.299999999999997,-2.2142857142857153,3,0,0,0,7,25.0,False,False,False,False,"Signed reconciliation and persistence evidence for review; heuristic bands are engineering choices, not MPLADS rules or final decisions."
W-002842,EXECUTION,15.481352992194276,15.5,17.9,-2.4186470078057223,2.4186470078057223,-2.3999999999999986,0.018647007805723703,-2.3999999999999986,-1.5,-2.366666666666666,0,0,0,0,3,25.0,False,False,False,False,"Signed reconciliation and persistence evidence for review; heuristic bands are engineering choices, not MPLADS rules or final decisions."
W-002843,EXECUTION,28.337236533957846,28.3,27.4,0.9372365339578472,0.9372365339578472,0.9000000000000021,-0.0372365339578451,0.9000000000000021,5.099999999999998,-3.4250000000000007,4,0,0,0,8,25.0,False,False,False,False,"Signed reconciliation and persistence evidence for review; heuristic bands are engineering choices, not MPLADS rules or final decisions."
W-002844,COMPLETION,98.66045428072219,98.7,100.0,-1.3395457192778082,1.3395457192778082,-1.2999999999999972,0.03954571927781103,-1.2999999999999972,32.5,-2.2999999999999994,1,1,0,1,3,25.0,False,False,False,False,"Signed reconciliation and persistence evidence for review; heuristic bands are engineering choices, not MPLADS rules or final decisions."
W-002845,COMPLETION,95.17426273458445,95.2,100.0,-4.825737265415555,4.825737265415555,-4.799999999999997,0.02573726541555743,-4.799999999999997,39.7,19.55,3,1,0,1,4,25.0,False,False,False,False,"Signed reconciliation and persistence evidence for review; heuristic bands are engineering choices, not MPLADS rules or final decisions."
W-002846,EXECUTION,40.244897959183675,40.2,39.7,0.5448979591836718,0.5448979591836718,0.5,-0.04489795918367179,0.5,2.499999999999999,-8.212500000000002,2,0,0,0,8,25.0,False,False,False,False,"Signed reconciliation and persistence evidence for review; heuristic bands are engineering choices, not MPLADS rules or final decisions."
W-002847,EXECUTION,6.790123456790123,6.8,6.7,0.09012345679012324,0.09012345679012324,0.09999999999999964,0.00987654320987641,0.09999999999999964,0.09999999999999964,-1.6333333333333335,1,0,0,0,3,25.0,False,False,False,False,"Signed reconciliation and persistence evidence for review; heuristic bands are engineering choices, not MPLADS rules or final decisions."
W-002848,EXECUTION,41.38266796494645,41.4,38.9,2.482667964946451,2.482667964946451,2.5,0.017332035053549077,2.5,6.899999999999999,-2.775,4,0,0,0,8,25.0,False,False,False,False,"Signed reconciliation and persistence evidence for review; heuristic bands are engineering choices, not MPLADS rules or final decisions."
W-002849,COMPLETION,107.51845018450184,107.5,100.0,7.5184501845018445,7.5184501845018445,7.5,-0.018450184501844547,7.5,45.6,5.833333333333333,2,1,0,1,3,25.0,False,False,False,False,"Signed reconciliation and persistence evidence for review; heuristic bands are engineering choices, not MPLADS rules or final decisions."
W-002850,COMPLETION,105.01535312180144,105.0,100.0,5.015353121801439,5.015353121801439,5.0,-0.015353121801439329,5.0,85.7,45.800000000000004,6,4,0,4,6,25.0,False,True,False,False,"Signed reconciliation and persistence evidence for review; heuristic bands are engineering choices, not MPLADS rules or final decisions."
W-002851,EXECUTION,92.45283018867924,92.5,94.1,-1.647169811320751,1.647169811320751,-1.5999999999999943,0.047169811320756594,-1.5999999999999943,35.3,9.14,3,1,0,1,5,25.0,False,False,False,False,"Signed reconciliation and persistence evidence for review; heuristic bands are engineering choices, not MPLADS rules or final decisions."
W-002852,COMPLETION,104.97605109100586,105.0,100.0,4.976051091005857,4.976051091005857,5.0,0.023948908994142926,5.0,59.8,17.733333333333334,4,2,0,2,6,25.0,False,True,False,False,"Signed reconciliation and persistence evidence for review; heuristic bands are engineering choices, not MPLADS rules or final decisions."
W-002853,COMPLETION,104.99338624338624,105.0,100.0,4.99338624338624,4.99338624338624,5.0,0.006613756613759847,5.0,39.10000000000001,23.700000000000006,3,2,0,2,3,25.0,False,True,False,False,"Signed reconciliation and persistence evidence for review; heuristic bands are engineering choices, not MPLADS rules or final decisions."
W-002854,COMPLETION,99.52324195470798,99.5,100.0,-0.4767580452920157,0.4767580452920157,-0.5,-0.02324195470798429,-0.5,16.099999999999994,2.5599999999999996,2,0,0,0,5,25.0,False,False,False,False,"Signed reconciliation and persistence evidence for review; heuristic bands are engineering choices, not MPLADS rules or final decisions."
W-002855,COMPLETION,97.07138499084807,97.1,100.0,-2.928615009151926,2.928615009151926,-2.9000000000000057,0.02861500915192039,-2.9000000000000057,47.99999999999999,25.86666666666666,5,3,0,2,6,25.0,False,True,False,False,"Signed reconciliation and persistence evidence for review; heuristic bands are engineering choices, not MPLADS rules or final decisions."
W-002856,COMPLETION,107.18562874251496,107.2,100.0,7.1856287425149645,7.1856287425149645,7.200000000000003,0.014371257485038313,7.200000000000003,54.0,24.46,5,2,0,2,5,25.0,False,True,False,False,"Signed reconciliation and persistence evidence for review; heuristic bands are engineering choices, not MPLADS rules or final decisions."
W-002857,COMPLETION,96.97265625,97.0,100.0,-3.02734375,3.02734375,-3.0,0.02734375,-3.0,-3.0,-20.13333333333333,0,0,0,0,6,25.0,False,False,False,False,"Signed reconciliation and persistence evidence for review; heuristic bands are engineering choices, not MPLADS rules or final decisions."
W-002858,EXECUTION,93.29529243937233,93.3,93.7,-0.40470756062767066,0.40470756062767066,-0.4000000000000057,0.004707560627664975,-0.4000000000000057,7.799999999999997,-5.371428571428572,2,0,0,0,7,25.0,False,False,False,False,"Signed reconciliation and persistence evidence for review; heuristic bands are engineering choices, not MPLADS rules or final decisions."
W-002859,EXECUTION,51.26953125,51.3,59.1,-7.830468750000001,7.830468750000001,-7.800000000000004,0.030468749999997158,-7.800000000000004,33.0,6.699999999999997,3,1,0,1,6,25.0,False,False,False,False,"Signed reconciliation and persistence evidence for review; heuristic bands are engineering choices, not MPLADS rules or final decisions."
W-002860,COMPLETION,95.8078191238813,95.8,100.0,-4.192180876118698,4.192180876118698,-4.200000000000003,-0.00781912388130479,-4.200000000000003,34.699999999999996,5.085714285714284,4,1,0,1,7,25.0,False,False,False,False,"Signed reconciliation and persistence evidence for review; heuristic bands are engineering choices, not MPLADS rules or final decisions."
W-002861,COMPLETION,103.0543677458766,103.1,100.0,3.054367745876604,3.054367745876604,3.0999999999999943,0.045632254123390226,3.0999999999999943,59.699999999999996,32.114285714285714,7,4,0,4,7,25.0,False,True,False,False,"Signed reconciliation and persistence evidence for review; heuristic bands are engineering choices, not MPLADS rules or final decisions."
W-002862,COMPLETION,96.60234899328859,96.6,100.0,-3.3976510067114134,3.3976510067114134,-3.4000000000000057,-0.0023489932885922826,-3.4000000000000057,54.199999999999996,16.187499999999996,5,3,0,3,8,25.0,False,True,False,False,"Signed reconciliation and persistence evidence for review; heuristic bands are engineering choices, not MPLADS rules or final decisions."
W-002863,COMPLETION,96.34831460674157,96.3,100.0,-3.6516853932584326,3.6516853932584326,-3.700000000000003,-0.04831460674157029,-3.700000000000003,26.200000000000003,0.9250000000000007,2,1,0,1,4,25.0,False,False,False,False,"Signed reconciliation and persistence evidence for review; heuristic bands are engineering choices, not MPLADS rules or final decisions."
W-002864,COMPLETION,152.91700903861957,152.9,100.0,52.91700903861957,52.91700903861957,52.900000000000006,-0.01700903861956249,52.900000000000006,114.9,87.82000000000001,5,5,5,5,5,25.0,True,True,False,False,"Signed reconciliation and persistence evidence for review; heuristic bands are engineering choices, not MPLADS rules or final decisions."
W-002865,COMPLETION,101.66134185303514,101.7,100.0,1.6613418530351396,1.6613418530351396,1.7000000000000028,0.03865814696486325,1.7000000000000028,77.5,39.575,8,6,0,6,8,25.0,False,True,False,False,"Signed reconciliation and persistence evidence for review; heuristic bands are engineering choices, not MPLADS rules or final decisions."
W-002866,COMPLETION,104.99545867393279,105.0,100.0,4.995458673932788,4.995458673932788,5.0,0.004541326067212026,5.0,68.0,34.833333333333336,3,2,0,2,3,25.0,False,True,False,False,"Signed reconciliation and persistence evidence for review; heuristic bands are engineering choices, not MPLADS rules or final decisions."
W-002867,COMPLETION,106.13246116107932,106.1,100.0,6.13246116107932,6.13246116107932,6.099999999999994,-0.03246116107932551,6.099999999999994,40.599999999999994,20.474999999999994,7,4,0,2,8,25.0,False,True,False,False,"Signed reconciliation and persistence evidence for review; heuristic bands are engineering choices, not MPLADS rules or final decisions."
W-002868,EXECUTION,80.49132947976878,80.5,90.1,-9.608670520231215,9.608670520231215,-9.599999999999994,0.00867052023122028,-9.599999999999994,65.5,29.685714285714283,6,4,0,4,7,25.0,False,True,False,False,"Signed reconciliation and persistence evidence for review; heuristic bands are engineering choices, not MPLADS rules or final decisions."
W-002869,COMPLETION,98.22222222222223,98.2,100.0,-1.7777777777777715,1.7777777777777715,-1.7999999999999972,-0.022222222222225696,-1.7999999999999972,47.6,10.071428571428573,4,1,0,1,7,25.0,False,False,False,False,"Signed reconciliation and persistence evidence for review; heuristic bands are engineering choices, not MPLADS rules or final decisions."
W-002870,EXECUTION,86.28963153384747,86.3,91.9,-5.610368466152536,5.610368466152536,-5.6000000000000085,0.010368466152527844,-5.6000000000000085,61.3,16.43333333333333,4,2,0,2,6,25.0,False,True,False,False,"Signed reconciliation and persistence evidence for review; heuristic bands are engineering choices, not MPLADS rules or final decisions."
W-002871,COMPLETION,93.93939393939394,93.9,100.0,-6.060606060606062,6.060606060606062,-6.099999999999994,-0.03939393939393199,-6.099999999999994,39.60000000000001,15.700000000000006,4,1,0,1,5,25.0,False,False,False,False,"Signed reconciliation and persistence evidence for review; heuristic bands are engineering choices, not MPLADS rules or final decisions."
W-002872,EXECUTION,31.07429718875502,31.1,34.3,-3.225702811244979,3.225702811244979,-3.1999999999999957,0.02570281124498308,-3.1999999999999957,3.8000000000000007,-2.8714285714285706,1,0,0,0,7,25.0,False,False,False,False,"Signed reconciliation and persistence evidence for review; heuristic bands are engineering choices, not MPLADS rules or final decisions."
W-002873,COMPLETION,139.04736275565125,139.0,100.0,39.04736275565125,39.04736275565125,39.0,-0.0473627556512497,39.0,47.699999999999996,30.98,5,4,3,3,5,25.0,True,True,False,False,"Signed reconciliation and persistence evidence for review; heuristic bands are engineering choices, not MPLADS rules or final decisions."
W-002874,COMPLETION,99.0796318527411,99.1,100.0,-0.9203681472588983,0.9203681472588983,-0.9000000000000057,0.020368147258892577,-0.9000000000000057,23.799999999999997,7.449999999999998,4,0,0,0,6,25.0,False,False,False,False,"Signed reconciliation and persistence evidence for review; heuristic bands are engineering choices, not MPLADS rules or final decisions."
W-002875,COMPLETION,103.53571428571429,103.5,100.0,3.535714285714292,3.535714285714292,3.5,-0.035714285714291805,3.5,8.0,3.883333333333334,5,0,0,0,6,25.0,False,False,False,False,"Signed reconciliation and persistence evidence for review; heuristic bands are engineering choices, not MPLADS rules or final decisions."
W-002876,COMPLETION,104.03883495145631,104.0,100.0,4.038834951456309,4.038834951456309,4.0,-0.038834951456308886,4.0,44.1,24.880000000000003,5,2,0,2,5,25.0,False,True,False,False,"Signed reconciliation and persistence evidence for review; heuristic bands are engineering choices, not MPLADS rules or final decisions."
W-002877,EXECUTION,77.77777777777777,77.8,77.9,-0.12222222222223422,0.12222222222223422,-0.10000000000000853,0.022222222222225696,-0.10000000000000853,50.4,29.919999999999995,4,3,0,3,5,25.0,False,True,False,False,"Signed reconciliation and persistence evidence for review; heuristic bands are engineering choices, not MPLADS rules or final decisions."
W-002879,COMPLETION,104.28196912321584,104.3,100.0,4.281969123215845,4.281969123215845,4.299999999999997,0.018030876784152383,4.299999999999997,49.699999999999996,26.874999999999996,4,2,0,2,4,25.0,False,True,False,False,"Signed reconciliation and persistence evidence for review; heuristic bands are engineering choices, not MPLADS rules or final decisions."
W-002880,COMPLETION,95.85736759307814,95.9,100.0,-4.142632406921862,4.142632406921862,-4.099999999999994,0.04263240692186798,-4.099999999999994,52.800000000000004,8.98571428571429,4,3,0,3,7,25.0,False,True,False,False,"Signed reconciliation and persistence evidence for review; heuristic bands are engineering choices, not MPLADS rules or final decisions."
W-002881,COMPLETION,98.99417681312865,99.0,100.0,-1.0058231868713534,1.0058231868713534,-1.0,0.005823186871353414,-1.0,13.799999999999997,-30.625,1,0,0,0,8,25.0,False,False,False,False,"Signed reconciliation and persistence evidence for review; heuristic bands are engineering choices, not MPLADS rules or final decisions."
W-002882,EXECUTION,37.04111600587372,37.0,36.7,0.34111600587371527,0.34111600587371527,0.29999999999999716,-0.04111600587371811,0.29999999999999716,21.8,3.875,6,0,0,0,8,25.0,False,False,False,False,"Signed reconciliation and persistence evidence for review; heuristic bands are engineering choices, not MPLADS rules or final decisions."
W-002883,COMPLETION,137.55980861244018,137.6,100.0,37.55980861244018,37.55980861244018,37.599999999999994,0.04019138755981544,37.599999999999994,122.3,78.06666666666666,6,6,6,6,6,25.0,True,True,False,False,"Signed reconciliation and persistence evidence for review; heuristic bands are engineering choices, not MPLADS rules or final decisions."
W-002884,COMPLETION,102.66323024054982,102.7,100.0,2.6632302405498223,2.6632302405498223,2.700000000000003,0.03676975945018057,2.700000000000003,78.9,41.239999999999995,5,3,0,3,5,25.0,False,True,False,False,"Signed reconciliation and persistence evidence for review; heuristic bands are engineering choices, not MPLADS rules or final decisions."
W-002885,COMPLETION,107.38916256157636,107.4,100.0,7.389162561576356,7.389162561576356,7.400000000000006,0.010837438423649814,7.400000000000006,58.00000000000001,34.21666666666667,6,5,0,5,6,25.0,False,True,False,False,"Signed reconciliation and persistence evidence for review; heuristic bands are engineering choices, not MPLADS rules or final decisions."
W-002886,EXECUTION,59.43298969072165,59.4,60.2,-0.7670103092783549,0.7670103092783549,-0.8000000000000043,-0.03298969072164937,-0.8000000000000043,5.400000000000002,-1.7333333333333332,1,0,0,0,3,25.0,False,False,False,False,"Signed reconciliation and persistence evidence for review; heuristic bands are engineering choices, not MPLADS rules or final decisions."
W-002887,COMPLETION,101.30584192439862,101.3,100.0,1.3058419243986208,1.3058419243986208,1.2999999999999972,-0.0058419243986236324,1.2999999999999972,59.599999999999994,25.24285714285714,6,4,0,4,7,25.0,False,True,False,False,"Signed reconciliation and persistence evidence for review; heuristic bands are engineering choices, not MPLADS rules or final decisions."
W-002888,COMPLETION,104.99716070414537,105.0,100.0,4.997160704145372,4.997160704145372,5.0,0.0028392958546277214,5.0,5.0,-32.1,1,0,0,0,3,25.0,False,False,False,False,"Signed reconciliation and persistence evidence for review; heuristic bands are engineering choices, not MPLADS rules or final decisions."
W-002889,EXECUTION,82.97155688622755,83.0,94.8,-11.828443113772451,11.828443113772451,-11.799999999999997,0.0284431137724539,-11.799999999999997,56.1,20.000000000000004,2,1,0,1,3,25.0,False,False,False,False,"Signed reconciliation and persistence evidence for review; heuristic bands are engineering choices, not MPLADS rules or final decisions."
W-002890,COMPLETION,99.42263279445727,99.4,100.0,-0.5773672055427284,0.5773672055427284,-0.5999999999999943,-0.02263279445726596,-0.5999999999999943,43.2,27.250000000000004,3,2,0,2,4,25.0,False,True,False,False,"Signed reconciliation and persistence evidence for review; heuristic bands are engineering choices, not MPLADS rules or final decisions."
W-002891,EXECUTION,40.162421557770394,40.2,44.1,-3.937578442229608,3.937578442229608,-3.8999999999999986,0.037578442229609266,-3.8999999999999986,-3.8999999999999986,-12.260000000000002,0,0,0,0,5,25.0,False,False,False,False,"Signed reconciliation and persistence evidence for review; heuristic bands are engineering choices, not MPLADS rules or final decisions."
W-002892,EXECUTION,77.75908479138627,77.8,80.5,-2.7409152086137283,2.7409152086137283,-2.700000000000003,0.04091520861372544,-2.700000000000003,-2.700000000000003,-28.3,0,0,0,0,3,25.0,False,False,False,False,"Signed reconciliation and persistence evidence for review; heuristic bands are engineering choices, not MPLADS rules or final decisions."
W-002893,COMPLETION,96.6615502686109,96.7,100.0,-3.3384497313891046,3.3384497313891046,-3.299999999999997,0.038449731389107455,-3.299999999999997,35.1,19.725,7,4,0,4,8,25.0,False,True,False,False,"Signed reconciliation and persistence evidence for review; heuristic bands are engineering choices, not MPLADS rules or final decisions."
W-002894,EXECUTION,59.3816631130064,59.4,63.0,-3.6183368869936032,3.6183368869936032,-3.6000000000000014,0.01833688699360181,-3.6000000000000014,47.8,22.424999999999997,3,2,0,2,4,25.0,False,True,False,False,"Signed reconciliation and persistence evidence for review; heuristic bands are engineering choices, not MPLADS rules or final decisions."
W-002895,COMPLETION,105.56660039761431,105.6,100.0,5.566600397614309,5.566600397614309,5.599999999999994,0.03339960238568551,5.599999999999994,40.0,19.957142857142856,6,2,0,1,7,25.0,False,False,False,False,"Signed reconciliation and persistence evidence for review; heuristic bands are engineering choices, not MPLADS rules or final decisions."
W-002896,COMPLETION,91.46991622239148,91.5,100.0,-8.530083777608525,8.530083777608525,-8.5,0.030083777608524542,-8.5,26.900000000000006,9.683333333333335,4,1,0,1,6,25.0,False,False,False,False,"Signed reconciliation and persistence evidence for review; heuristic bands are engineering choices, not MPLADS rules or final decisions."
W-002897,COMPLETION,104.96760259179266,105.0,100.0,4.967602591792655,4.967602591792655,5.0,0.032397408207344824,5.0,87.2,47.67999999999999,5,3,0,3,5,25.0,False,True,False,False,"Signed reconciliation and persistence evidence for review; heuristic bands are engineering choices, not MPLADS rules or final decisions."
W-002898,EXECUTION,71.94594594594595,71.9,83.0,-11.054054054054049,11.054054054054049,-11.099999999999994,-0.045945945945945255,-11.099999999999994,-3.1999999999999886,-28.571428571428566,0,0,0,0,7,25.0,False,False,False,False,"Signed reconciliation and persistence evidence for review; heuristic bands are engineering choices, not MPLADS rules or final decisions."
W-002899,EXECUTION,99.16967509025271,99.2,93.5,5.66967509025271,5.66967509025271,5.700000000000003,0.03032490974729285,5.700000000000003,69.6,27.650000000000006,5,3,0,3,6,25.0,False,True,False,False,"Signed reconciliation and persistence evidence for review; heuristic bands are engineering choices, not MPLADS rules or final decisions."
W-002900,COMPLETION,98.17916970138383,98.2,100.0,-1.8208302986161726,1.8208302986161726,-1.7999999999999972,0.02083029861617547,-1.7999999999999972,88.3,40.128571428571426,6,4,0,4,7,25.0,False,True,False,False,"Signed reconciliation and persistence evidence for review; heuristic bands are engineering choices, not MPLADS rules or final decisions."
W-002901,COMPLETION,106.08899297423888,106.1,100.0,6.088992974238877,6.088992974238877,6.099999999999994,0.011007025761117006,6.099999999999994,55.699999999999996,33.699999999999996,4,3,0,3,4,25.0,False,True,False,False,"Signed reconciliation and persistence evidence for review; heuristic bands are engineering choices, not MPLADS rules or final decisions."
W-002902,COMPLETION,97.36842105263158,97.4,100.0,-2.631578947368425,2.631578947368425,-2.5999999999999943,0.03157894736843048,-2.5999999999999943,4.199999999999989,0.9749999999999988,3,0,0,0,4,25.0,False,False,False,False,"Signed reconciliation and persistence evidence for review; heuristic bands are engineering choices, not MPLADS rules or final decisions."
W-002903,EXECUTION,81.03087996285117,81.0,85.0,-3.9691200371488264,3.9691200371488264,-4.0,-0.03087996285117356,-4.0,8.2,-0.7666666666666669,1,0,0,0,3,25.0,False,False,False,False,"Signed reconciliation and persistence evidence for review; heuristic bands are engineering choices, not MPLADS rules or final decisions."
W-002904,COMPLETION,107.61904761904762,107.6,100.0,7.61904761904762,7.61904761904762,7.599999999999994,-0.019047619047626085,7.599999999999994,48.099999999999994,27.042857142857137,7,3,0,3,7,25.0,False,True,False,False,"Signed reconciliation and persistence evidence for review; heuristic bands are engineering choices, not MPLADS rules or final decisions."
W-002905,COMPLETION,100.45090180360721,100.5,100.0,0.4509018036072092,0.4509018036072092,0.5,0.04909819639279078,0.5,54.50000000000001,30.566666666666674,3,2,0,2,3,25.0,False,True,False,False,"Signed reconciliation and persistence evidence for review; heuristic bands are engineering choices, not MPLADS rules or final decisions."
W-002906,EXECUTION,89.50660180681028,89.5,92.5,-2.9933981931897193,2.9933981931897193,-3.0,-0.006601806810280664,-3.0,58.7,24.166666666666668,2,1,0,1,3,25.0,False,False,False,False,"Signed reconciliation and persistence evidence for review; heuristic bands are engineering choices, not MPLADS rules or final decisions."
W-002907,EXECUTION,51.951219512195124,52.0,55.5,-3.5487804878048763,3.5487804878048763,-3.5,0.048780487804876316,-3.5,7.5,-1.720000000000001,2,0,0,0,5,25.0,False,False,False,False,"Signed reconciliation and persistence evidence for review; heuristic bands are engineering choices, not MPLADS rules or final decisions."
W-002908,COMPLETION,105.40229885057471,105.4,100.0,5.402298850574709,5.402298850574709,5.400000000000006,-0.0022988505747036925,5.400000000000006,33.7,-11.928571428571427,3,1,0,1,7,25.0,False,False,False,False,"Signed reconciliation and persistence evidence for review; heuristic bands are engineering choices, not MPLADS rules or final decisions."
W-002909,COMPLETION,104.4776119402985,104.5,100.0,4.477611940298502,4.477611940298502,4.5,0.022388059701498264,4.5,58.0,22.475,3,2,0,2,4,25.0,False,True,False,False,"Signed reconciliation and persistence evidence for review; heuristic bands are engineering choices, not MPLADS rules or final decisions."
W-002911,COMPLETION,103.82902938557436,103.8,100.0,3.8290293855743585,3.8290293855743585,3.799999999999997,-0.0290293855743613,3.799999999999997,19.89999999999999,0.7124999999999995,5,0,0,0,8,25.0,False,False,False,False,"Signed reconciliation and persistence evidence for review; heuristic bands are engineering choices, not MPLADS rules or final decisions."
W-002912,COMPLETION,104.364694471387,104.4,100.0,4.364694471386997,4.364694471386997,4.400000000000006,0.03530552861300862,4.400000000000006,27.60000000000001,-4.316666666666663,3,1,0,1,6,25.0,False,False,False,False,"Signed reconciliation and persistence evidence for review; heuristic bands are engineering choices, not MPLADS rules or final decisions."
W-002914,COMPLETION,97.82857142857142,97.8,100.0,-2.171428571428578,2.171428571428578,-2.200000000000003,-0.028571428571424917,-2.200000000000003,29.89999999999999,10.266666666666664,2,1,0,1,3,25.0,False,False,False,False,"Signed reconciliation and persistence evidence for review; heuristic bands are engineering choices, not MPLADS rules or final decisions."
W-002915,COMPLETION,97.33380732314255,97.3,100.0,-2.666192676857449,2.666192676857449,-2.700000000000003,-0.03380732314255397,-2.700000000000003,79.3,40.14,4,4,0,4,5,25.0,False,True,False,False,"Signed reconciliation and persistence evidence for review; heuristic bands are engineering choices, not MPLADS rules or final decisions."
W-002916,COMPLETION,103.45694531741043,103.5,100.0,3.4569453174104297,3.4569453174104297,3.5,0.04305468258957035,3.5,81.5,42.925,4,3,0,3,4,25.0,False,True,False,False,"Signed reconciliation and persistence evidence for review; heuristic bands are engineering choices, not MPLADS rules or final decisions."
W-002917,EXECUTION,83.07246376811594,83.1,78.1,4.972463768115944,4.972463768115944,5.0,0.027536231884056406,5.0,11.599999999999998,5.066666666666666,2,0,0,0,3,25.0,False,False,False,False,"Signed reconciliation and persistence evidence for review; heuristic bands are engineering choices, not MPLADS rules or final decisions."
W-002918,COMPLETION,103.49417637271215,103.5,100.0,3.494176372712147,3.494176372712147,3.5,0.005823627287853128,3.5,32.0,3.828571428571429,5,1,0,1,7,25.0,False,False,False,False,"Signed reconciliation and persistence evidence for review; heuristic bands are engineering choices, not MPLADS rules or final decisions."
W-002919,COMPLETION,101.9559902200489,102.0,100.0,1.9559902200489034,1.9559902200489034,2.0,0.04400977995109656,2.0,52.3,26.15,7,5,0,5,8,25.0,False,True,False,False,"Signed reconciliation and persistence evidence for review; heuristic bands are engineering choices, not MPLADS rules or final decisions."
W-002920,COMPLETION,100.0,100.0,100.0,0.0,0.0,0.0,0.0,0.0,73.1,36.15,7,5,0,5,8,25.0,False,True,False,False,"Signed reconciliation and persistence evidence for review; heuristic bands are engineering choices, not MPLADS rules or final decisions."
W-002921,COMPLETION,88.41269841269842,88.4,100.0,-11.587301587301582,11.587301587301582,-11.599999999999994,-0.012698412698412653,-11.599999999999994,64.4,20.687500000000004,6,3,0,3,8,25.0,False,True,False,False,"Signed reconciliation and persistence evidence for review; heuristic bands are engineering choices, not MPLADS rules or final decisions."
W-002922,EXECUTION,94.10939691444601,94.1,90.7,3.409396914446006,3.409396914446006,3.3999999999999915,-0.009396914446014648,3.3999999999999915,55.39999999999999,31.279999999999994,5,3,0,3,5,25.0,False,True,False,False,"Signed reconciliation and persistence evidence for review; heuristic bands are engineering choices, not MPLADS rules or final decisions."
W-002923,COMPLETION,105.93008739076154,105.9,100.0,5.930087390761543,5.930087390761543,5.900000000000006,-0.03008739076153688,5.900000000000006,67.5,33.260000000000005,5,3,0,3,5,25.0,False,True,False,False,"Signed reconciliation and persistence evidence for review; heuristic bands are engineering choices, not MPLADS rules or final decisions."
W-002924,COMPLETION,95.92373438527285,95.9,100.0,-4.0762656147271485,4.0762656147271485,-4.099999999999994,-0.02373438527284577,-4.099999999999994,52.900000000000006,12.628571428571433,4,3,0,3,7,25.0,False,True,False,False,"Signed reconciliation and persistence evidence for review; heuristic bands are engineering choices, not MPLADS rules or final decisions."
W-002925,COMPLETION,102.24592925322852,102.2,100.0,2.2459292532285247,2.2459292532285247,2.200000000000003,-0.045929253228521816,2.200000000000003,19.0,-15.74,2,0,0,0,5,25.0,False,False,False,False,"Signed reconciliation and persistence evidence for review; heuristic bands are engineering choices, not MPLADS rules or final decisions."
W-002926,COMPLETION,106.10632183908046,106.1,100.0,6.106321839080465,6.106321839080465,6.099999999999994,-0.0063218390804706814,6.099999999999994,67.89999999999999,30.537499999999998,8,3,0,3,8,25.0,False,True,False,False,"Signed reconciliation and persistence evidence for review; heuristic bands are engineering choices, not MPLADS rules or final decisions."
W-002927,EXECUTION,23.587570621468927,23.6,25.2,-1.612429378531072,1.612429378531072,-1.5999999999999979,0.012429378531074065,-1.5999999999999979,5.200000000000001,1.1333333333333344,1,0,0,0,3,25.0,False,False,False,False,"Signed reconciliation and persistence evidence for review; heuristic bands are engineering choices, not MPLADS rules or final decisions."
W-002929,COMPLETION,91.28175519630484,91.3,100.0,-8.718244803695157,8.718244803695157,-8.700000000000003,0.018244803695154133,-8.700000000000003,8.3,-19.67142857142857,1,0,0,0,7,25.0,False,False,False,False,"Signed reconciliation and persistence evidence for review; heuristic bands are engineering choices, not MPLADS rules or final decisions."
W-002930,COMPLETION,91.40625,91.4,100.0,-8.59375,8.59375,-8.599999999999994,-0.006249999999994316,-8.599999999999994,45.50000000000001,17.720000000000006,4,2,0,2,5,25.0,False,True,False,False,"Signed reconciliation and persistence evidence for review; heuristic bands are engineering choices, not MPLADS rules or final decisions."
W-002931,COMPLETION,104.99068901303538,105.0,100.0,4.990689013035379,4.990689013035379,5.0,0.009310986964621293,5.0,31.6,22.6,4,3,0,3,4,25.0,False,True,False,False,"Signed reconciliation and persistence evidence for review; heuristic bands are engineering choices, not MPLADS rules or final decisions."
W-002932,EXECUTION,26.470588235294116,26.5,25.2,1.2705882352941167,1.2705882352941167,1.3000000000000007,0.029411764705884025,1.3000000000000007,20.2,6.733333333333332,5,0,0,0,6,25.0,False,False,False,False,"Signed reconciliation and persistence evidence for review; heuristic bands are engineering choices, not MPLADS rules or final decisions."
W-002933,COMPLETION,107.95870795870796,108.0,100.0,7.958707958707961,7.958707958707961,8.0,0.04129204129203856,8.0,58.5,17.55,3,2,0,2,4,25.0,False,True,False,False,"Signed reconciliation and persistence evidence for review; heuristic bands are engineering choices, not MPLADS rules or final decisions."
W-002934,EXECUTION,46.93877551020408,46.9,51.7,-4.7612244897959215,4.7612244897959215,-4.800000000000004,-0.038775510204082764,-4.800000000000004,-4.800000000000004,-17.133333333333333,0,0,0,0,3,25.0,False,False,False,False,"Signed reconciliation and persistence evidence for review; heuristic bands are engineering choices, not MPLADS rules or final decisions."
W-002935,COMPLETION,164.11743385284524,164.1,100.0,64.11743385284524,64.11743385284524,64.1,-0.01743385284524379,64.1,128.39999999999998,96.7333333333333,3,3,3,3,3,25.0,True,True,False,False,"Signed reconciliation and persistence evidence for review; heuristic bands are engineering choices, not MPLADS rules or final decisions."
W-002936,COMPLETION,94.54945054945055,94.5,100.0,-5.450549450549445,5.450549450549445,-5.5,-0.049450549450554604,-5.5,58.6,28.96666666666667,2,2,0,2,3,25.0,False,True,False,False,"Signed reconciliation and persistence evidence for review; heuristic bands are engineering choices, not MPLADS rules or final decisions."
W-002937,COMPLETION,100.27624309392266,100.3,100.0,0.276243093922659,0.276243093922659,0.29999999999999716,0.023756906077338158,0.29999999999999716,57.099999999999994,25.479999999999997,5,2,0,2,5,25.0,False,True,False,False,"Signed reconciliation and persistence evidence for review; heuristic bands are engineering choices, not MPLADS rules or final decisions."
W-002938,EXECUTION,51.73184357541899,51.7,50.8,0.9318435754189949,0.9318435754189949,0.9000000000000057,-0.03184357541898919,0.9000000000000057,2.5,-6.5,2,0,0,0,7,25.0,False,False,False,False,"Signed reconciliation and persistence evidence for review; heuristic bands are engineering choices, not MPLADS rules or final decisions."
W-002939,COMPLETION,105.46218487394958,105.5,100.0,5.462184873949582,5.462184873949582,5.5,0.03781512605041826,5.5,77.5,32.666666666666664,6,3,0,3,6,25.0,False,True,False,False,"Signed reconciliation and persistence evidence for review; heuristic bands are engineering choices, not MPLADS rules or final decisions."
W-002940,COMPLETION,102.54237288135593,102.5,100.0,2.5423728813559308,2.5423728813559308,2.5,-0.04237288135593076,2.5,50.3,29.249999999999996,4,3,0,3,4,25.0,False,True,False,False,"Signed reconciliation and persistence evidence for review; heuristic bands are engineering choices, not MPLADS rules or final decisions."
W-002941,COMPLETION,107.14964370546318,107.1,100.0,7.149643705463177,7.149643705463177,7.099999999999994,-0.04964370546318264,7.099999999999994,49.49999999999999,28.859999999999996,5,3,0,3,5,25.0,False,True,False,False,"Signed reconciliation and persistence evidence for review; heuristic bands are engineering choices, not MPLADS rules or final decisions."
W-002942,COMPLETION,95.25660964230171,95.3,100.0,-4.7433903576982885,4.7433903576982885,-4.700000000000003,0.0433903576982857,-4.700000000000003,57.8,26.099999999999998,2,2,0,2,3,25.0,False,True,False,False,"Signed reconciliation and persistence evidence for review; heuristic bands are engineering choices, not MPLADS rules or final decisions."
W-002943,COMPLETION,101.82628062360801,101.8,100.0,1.8262806236080138,1.8262806236080138,1.7999999999999972,-0.02628062360801664,1.7999999999999972,73.6,36.166666666666664,3,2,0,2,3,25.0,False,True,False,False,"Signed reconciliation and persistence evidence for review; heuristic bands are engineering choices, not MPLADS rules or final decisions."
W-002945,EXECUTION,0.0,0.0,6.9,-6.9,6.9,-6.9,0.0,-6.9,-6.0,-6.675000000000001,0,0,0,0,4,25.0,False,False,False,False,"Signed reconciliation and persistence evidence for review; heuristic bands are engineering choices, not MPLADS rules or final decisions."
W-002947,COMPLETION,91.47286821705427,91.5,100.0,-8.52713178294573,8.52713178294573,-8.5,0.027131782945730265,-8.5,47.099999999999994,19.485714285714284,5,3,0,3,7,25.0,False,True,False,False,"Signed reconciliation and persistence evidence for review; heuristic bands are engineering choices, not MPLADS rules or final decisions."
W-002948,COMPLETION,91.86046511627907,91.9,100.0,-8.139534883720927,8.139534883720927,-8.099999999999994,0.03953488372093261,-8.099999999999994,49.7,23.400000000000006,4,3,0,3,5,25.0,False,True,False,False,"Signed reconciliation and persistence evidence for review; heuristic bands are engineering choices, not MPLADS rules or final decisions."
W-002949,COMPLETION,104.89840348330914,104.9,100.0,4.8984034833091386,4.8984034833091386,4.900000000000006,0.0015965166908671335,4.900000000000006,48.10000000000001,15.500000000000007,3,2,0,2,4,25.0,False,True,False,False,"Signed reconciliation and persistence evidence for review; heuristic bands are engineering choices, not MPLADS rules or final decisions."
W-002950,COMPLETION,105.0,105.0,100.0,5.0,5.0,5.0,0.0,5.0,38.0,25.7,3,2,0,2,3,25.0,False,True,False,False,"Signed reconciliation and persistence evidence for review; heuristic bands are engineering choices, not MPLADS rules or final decisions."
W-002951,COMPLETION,101.74698795180723,101.7,100.0,1.7469879518072275,1.7469879518072275,1.7000000000000028,-0.046987951807224704,1.7000000000000028,68.9,28.025000000000006,7,5,0,5,8,25.0,False,True,False,False,"Signed reconciliation and persistence evidence for review; heuristic bands are engineering choices, not MPLADS rules or final decisions."
W-002952,COMPLETION,102.51336898395722,102.5,100.0,2.5133689839572213,2.5133689839572213,2.5,-0.013368983957221303,2.5,18.0,-21.571428571428573,2,0,0,0,7,25.0,False,False,False,False,"Signed reconciliation and persistence evidence for review; heuristic bands are engineering choices, not MPLADS rules or final decisions."
W-002953,COMPLETION,107.3078139829168,107.3,100.0,7.307813982916798,7.307813982916798,7.299999999999997,-0.00781398291680091,7.299999999999997,75.9,45.22500000000001,4,3,0,3,4,25.0,False,True,False,False,"Signed reconciliation and persistence evidence for review; heuristic bands are engineering choices, not MPLADS rules or final decisions."
W-002954,COMPLETION,101.53518123667378,101.5,100.0,1.535181236673779,1.535181236673779,1.5,-0.035181236673778926,1.5,68.3,25.183333333333334,5,3,0,3,6,25.0,False,True,False,False,"Signed reconciliation and persistence evidence for review; heuristic bands are engineering choices, not MPLADS rules or final decisions."
W-002956,COMPLETION,106.32440476190476,106.3,100.0,6.324404761904759,6.324404761904759,6.299999999999997,-0.02440476190476204,6.299999999999997,73.2,45.4,6,5,0,5,6,25.0,False,True,False,False,"Signed reconciliation and persistence evidence for review; heuristic bands are engineering choices, not MPLADS rules or final decisions."
W-002957,COMPLETION,105.87058038692462,105.9,100.0,5.870580386924615,5.870580386924615,5.900000000000006,0.029419613075390316,5.900000000000006,45.900000000000006,6.625000000000003,5,2,0,2,8,25.0,False,True,False,False,"Signed reconciliation and persistence evidence for review; heuristic bands are engineering choices, not MPLADS rules or final decisions."
W-002958,COMPLETION,104.99487704918033,105.0,100.0,4.994877049180332,4.994877049180332,5.0,0.005122950819668404,5.0,40.2,-10.028571428571427,3,2,0,2,7,25.0,False,True,False,False,"Signed reconciliation and persistence evidence for review; heuristic bands are engineering choices, not MPLADS rules or final decisions."
W-002959,COMPLETION,106.7644661776691,106.8,100.0,6.764466177669107,6.764466177669107,6.799999999999997,0.03553382233089053,6.799999999999997,69.4,36.6,3,2,0,2,3,25.0,False,True,False,False,"Signed reconciliation and persistence evidence for review; heuristic bands are engineering choices, not MPLADS rules or final decisions."
W-002961,EXECUTION,135.2657004830918,135.3,36.5,98.76570048309179,98.76570048309179,98.80000000000001,0.034299516908220085,98.80000000000001,98.80000000000001,61.1,4,3,3,3,4,25.0,True,True,False,False,"Signed reconciliation and persistence evidence for review; heuristic bands are engineering choices, not MPLADS rules or final decisions."
W-002962,COMPLETION,105.0034989503149,105.0,100.0,5.003498950314906,5.003498950314906,5.0,-0.003498950314906324,5.0,50.8,31.466666666666665,3,2,0,2,3,25.0,False,True,False,False,"Signed reconciliation and persistence evidence for review; heuristic bands are engineering choices, not MPLADS rules or final decisions."
W-002963,COMPLETION,103.78421900161031,103.8,100.0,3.7842190016103103,3.7842190016103103,3.799999999999997,0.01578099838968683,3.799999999999997,55.599999999999994,23.71666666666667,6,2,0,2,6,25.0,False,True,False,False,"Signed reconciliation and persistence evidence for review; heuristic bands are engineering choices, not MPLADS rules or final decisions."
W-002964,EXECUTION,79.87635239567233,79.9,78.5,1.3763523956723276,1.3763523956723276,1.4000000000000057,0.023647604327678096,1.4000000000000057,16.5,7.483333333333333,5,0,0,0,6,25.0,False,False,False,False,"Signed reconciliation and persistence evidence for review; heuristic bands are engineering choices, not MPLADS rules or final decisions."
W-002965,COMPLETION,97.58503401360544,97.6,100.0,-2.414965986394563,2.414965986394563,-2.4000000000000057,0.014965986394557262,-2.4000000000000057,10.0,1.3666666666666647,1,0,0,0,3,25.0,False,False,False,False,"Signed reconciliation and persistence evidence for review; heuristic bands are engineering choices, not MPLADS rules or final decisions."
W-002966,COMPLETION,98.24970828471412,98.2,100.0,-1.7502917152858828,1.7502917152858828,-1.7999999999999972,-0.04970828471411437,-1.7999999999999972,77.5,36.925,3,2,0,2,4,25.0,False,True,False,False,"Signed reconciliation and persistence evidence for review; heuristic bands are engineering choices, not MPLADS rules or final decisions."
W-002967,COMPLETION,95.33954727030626,95.3,100.0,-4.660452729693745,4.660452729693745,-4.700000000000003,-0.03954727030625804,-4.700000000000003,39.4,16.05,5,1,0,1,6,25.0,False,False,False,False,"Signed reconciliation and persistence evidence for review; heuristic bands are engineering choices, not MPLADS rules or final decisions."
W-002968,COMPLETION,91.07534747622532,91.1,100.0,-8.924652523774682,8.924652523774682,-8.900000000000006,0.024652523774676638,-8.900000000000006,53.89999999999999,13.199999999999996,5,3,0,3,8,25.0,False,True,False,False,"Signed reconciliation and persistence evidence for review; heuristic bands are engineering choices, not MPLADS rules or final decisions."
W-002969,COMPLETION,106.57741559953435,106.6,100.0,6.577415599534348,6.577415599534348,6.599999999999994,0.02258440046564658,6.599999999999994,64.1,33.387499999999996,7,5,0,5,8,25.0,False,True,False,False,"Signed reconciliation and persistence evidence for review; heuristic bands are engineering choices, not MPLADS rules or final decisions."
W-002970,COMPLETION,103.58357311012294,103.6,100.0,3.5835731101229413,3.5835731101229413,3.5999999999999943,0.016426889877052986,3.5999999999999943,3.5999999999999943,-18.32,1,0,0,0,5,25.0,False,False,False,False,"Signed reconciliation and persistence evidence for review; heuristic bands are engineering choices, not MPLADS rules or final decisions."
W-002971,COMPLETION,97.13988559542382,97.1,100.0,-2.86011440457618,2.86011440457618,-2.9000000000000057,-0.03988559542382575,-2.9000000000000057,31.900000000000006,14.8,3,1,0,1,4,25.0,False,False,False,False,"Signed reconciliation and persistence evidence for review; heuristic bands are engineering choices, not MPLADS rules or final decisions."
W-002973,COMPLETION,89.45454545454545,89.5,100.0,-10.545454545454547,10.545454545454547,-10.5,0.045454545454546746,-10.5,18.5,-1.9124999999999996,3,0,0,0,8,25.0,False,False,False,False,"Signed reconciliation and persistence evidence for review; heuristic bands are engineering choices, not MPLADS rules or final decisions."
W-002974,COMPLETION,95.94423320659062,95.9,100.0,-4.055766793409376,4.055766793409376,-4.099999999999994,-0.04423320659061858,-4.099999999999994,57.2,25.82,4,3,0,3,5,25.0,False,True,False,False,"Signed reconciliation and persistence evidence for review; heuristic bands are engineering choices, not MPLADS rules or final decisions."
W-002975,COMPLETION,126.12137203166228,126.1,100.0,26.121372031662276,26.121372031662276,26.099999999999994,-0.021372031662281188,26.099999999999994,87.19999999999999,45.62499999999999,7,6,6,6,8,25.0,True,True,False,False,"Signed reconciliation and persistence evidence for review; heuristic bands are engineering choices, not MPLADS rules or final decisions."
W-002976,COMPLETION,104.73882606354334,104.7,100.0,4.738826063543343,4.738826063543343,4.700000000000003,-0.03882606354333973,4.700000000000003,11.099999999999994,-6.12,2,0,0,0,5,25.0,False,False,False,False,"Signed reconciliation and persistence evidence for review; heuristic bands are engineering choices, not MPLADS rules or final decisions."
W-002977,COMPLETION,105.58021559923907,105.6,100.0,5.580215599239068,5.580215599239068,5.599999999999994,0.019784400760926246,5.599999999999994,61.099999999999994,28.685714285714283,6,4,0,4,7,25.0,False,True,False,False,"Signed reconciliation and persistence evidence for review; heuristic bands are engineering choices, not MPLADS rules or final decisions."
W-002978,COMPLETION,96.90048939641109,96.9,100.0,-3.099510603588911,3.099510603588911,-3.0999999999999943,-0.0004893964110834759,-3.0999999999999943,28.80000000000001,5.766666666666672,1,1,0,1,3,25.0,False,False,False,False,"Signed reconciliation and persistence evidence for review; heuristic bands are engineering choices, not MPLADS rules or final decisions."
W-002979,COMPLETION,99.84856133266027,99.8,100.0,-0.15143866733973255,0.15143866733973255,-0.20000000000000284,-0.048561332660270295,-0.20000000000000284,-0.20000000000000284,-40.3,0,0,0,0,5,25.0,False,False,False,False,"Signed reconciliation and persistence evidence for review; heuristic bands are engineering choices, not MPLADS rules or final decisions."
W-002980,EXECUTION,75.66048341765037,75.7,82.2,-6.539516582349634,6.539516582349634,-6.5,0.03951658234963418,-6.5,20.5,6.6,2,0,0,0,4,25.0,False,False,False,False,"Signed reconciliation and persistence evidence for review; heuristic bands are engineering choices, not MPLADS rules or final decisions."
W-002981,EXECUTION,33.24814126394052,33.2,36.4,-3.1518587360594807,3.1518587360594807,-3.1999999999999957,-0.04814126394051499,-3.1999999999999957,11.399999999999999,1.4142857142857141,3,0,0,0,7,25.0,False,False,False,False,"Signed reconciliation and persistence evidence for review; heuristic bands are engineering choices, not MPLADS rules or final decisions."
W-002982,COMPLETION,136.3383637807784,136.3,100.0,36.338363780778394,36.338363780778394,36.30000000000001,-0.03836378077838276,36.30000000000001,114.00000000000001,73.7,4,4,4,4,4,25.0,True,True,False,False,"Signed reconciliation and persistence evidence for review; heuristic bands are engineering choices, not MPLADS rules or final decisions."
W-002983,COMPLETION,106.02766798418972,106.0,100.0,6.027667984189719,6.027667984189719,6.0,-0.027667984189719164,6.0,32.3,12.683333333333332,5,1,0,1,6,25.0,False,False,False,False,"Signed reconciliation and persistence evidence for review; heuristic bands are engineering choices, not MPLADS rules or final decisions."
W-002984,COMPLETION,95.71713147410358,95.7,100.0,-4.2828685258964185,4.2828685258964185,-4.299999999999997,-0.017131474103578626,-4.299999999999997,-4.299999999999997,-12.675,0,0,0,0,4,25.0,False,False,False,False,"Signed reconciliation and persistence evidence for review; heuristic bands are engineering choices, not MPLADS rules or final decisions."
W-002985,COMPLETION,107.93113180920125,107.9,100.0,7.931131809201247,7.931131809201247,7.900000000000006,-0.031131809201241367,7.900000000000006,85.5,47.550000000000004,4,3,0,3,4,25.0,False,True,False,False,"Signed reconciliation and persistence evidence for review; heuristic bands are engineering choices, not MPLADS rules or final decisions."
W-002987,COMPLETION,104.98812351543943,105.0,100.0,4.988123515439426,4.988123515439426,5.0,0.011876484560573886,5.0,50.2,24.799999999999997,4,2,0,2,4,25.0,False,True,False,False,"Signed reconciliation and persistence evidence for review; heuristic bands are engineering choices, not MPLADS rules or final decisions."
W-002989,COMPLETION,93.93278044522043,93.9,100.0,-6.0672195547795695,6.0672195547795695,-6.099999999999994,-0.03278044522042478,-6.099999999999994,77.10000000000001,34.8875,7,6,0,6,8,25.0,False,True,False,False,"Signed reconciliation and persistence evidence for review; heuristic bands are engineering choices, not MPLADS rules or final decisions."
W-002990,COMPLETION,93.9080459770115,93.9,100.0,-6.091954022988503,6.091954022988503,-6.099999999999994,-0.008045977011491345,-6.099999999999994,4.700000000000003,-8.3,1,0,0,0,7,25.0,False,False,False,False,"Signed reconciliation and persistence evidence for review; heuristic bands are engineering choices, not MPLADS rules or final decisions."
W-002991,EXECUTION,61.41769743101808,61.4,64.9,-3.482302568981929,3.482302568981929,-3.500000000000007,-0.01769743101807819,-3.500000000000007,31.099999999999998,9.014285714285712,5,1,0,1,7,25.0,False,False,False,False,"Signed reconciliation and persistence evidence for review; heuristic bands are engineering choices, not MPLADS rules or final decisions."
W-002992,COMPLETION,95.81239530988275,95.8,100.0,-4.187604690117254,4.187604690117254,-4.200000000000003,-0.012395309882748506,-4.200000000000003,9.0,-32.912499999999994,1,0,0,0,8,25.0,False,False,False,False,"Signed reconciliation and persistence evidence for review; heuristic bands are engineering choices, not MPLADS rules or final decisions."
W-002993,COMPLETION,107.11477987421384,107.1,100.0,7.114779874213838,7.114779874213838,7.099999999999994,-0.014779874213843414,7.099999999999994,68.19999999999999,43.05714285714286,7,6,0,6,7,25.0,False,True,False,False,"Signed reconciliation and persistence evidence for review; heuristic bands are engineering choices, not MPLADS rules or final decisions."
W-002994,COMPLETION,104.82154038822793,104.8,100.0,4.82154038822793,4.82154038822793,4.799999999999997,-0.02154038822793325,4.799999999999997,49.3,13.36,4,1,0,1,5,25.0,False,False,False,False,"Signed reconciliation and persistence evidence for review; heuristic bands are engineering choices, not MPLADS rules or final decisions."
W-002995,COMPLETION,104.36507936507937,104.4,100.0,4.365079365079367,4.365079365079367,4.400000000000006,0.03492063492063835,4.400000000000006,55.400000000000006,16.775000000000006,3,2,0,2,4,25.0,False,True,False,False,"Signed reconciliation and persistence evidence for review; heuristic bands are engineering choices, not MPLADS rules or final decisions."
W-002996,COMPLETION,99.00579950289975,99.0,100.0,-0.9942004971002518,0.9942004971002518,-1.0,-0.005799502899748177,-1.0,-1.0,-27.360000000000003,0,0,0,0,5,25.0,False,False,False,False,"Signed reconciliation and persistence evidence for review; heuristic bands are engineering choices, not MPLADS rules or final decisions."
W-002997,COMPLETION,103.28467153284672,103.3,100.0,3.2846715328467155,3.2846715328467155,3.299999999999997,0.015328467153281622,3.299999999999997,48.599999999999994,29.874999999999996,4,3,0,3,4,25.0,False,True,False,False,"Signed reconciliation and persistence evidence for review; heuristic bands are engineering choices, not MPLADS rules or final decisions."
W-002998,COMPLETION,94.99269005847954,95.0,100.0,-5.007309941520461,5.007309941520461,-5.0,0.007309941520460939,-5.0,29.0,8.533333333333333,2,1,0,1,3,25.0,False,False,False,False,"Signed reconciliation and persistence evidence for review; heuristic bands are engineering choices, not MPLADS rules or final decisions."
W-002999,COMPLETION,106.68163952835485,106.7,100.0,6.68163952835485,6.68163952835485,6.700000000000003,0.018360471645152643,6.700000000000003,51.2,18.237500000000004,7,2,0,2,8,25.0,False,True,False,False,"Signed reconciliation and persistence evidence for review; heuristic bands are engineering choices, not MPLADS rules or final decisions."
W-003000,COMPLETION,94.4097094520044,94.4,100.0,-5.590290547995593,5.590290547995593,-5.599999999999994,-0.009709452004400987,-5.599999999999994,35.7,16.933333333333334,2,1,0,1,3,25.0,False,False,False,False,"Signed reconciliation and persistence evidence for review; heuristic bands are engineering choices, not MPLADS rules or final decisions."
