work_id,lifecycle_stage,peer_metric_count,peer_outlier_count,max_abs_peer_deviation,top_peer_deviation_metric,top_peer_deviation_value
W-000001,COMPLETION,18,0,2.446030475510447,physical_progress_velocity_pct_per_30d,2.446030475510447
W-000002,COMPLETION,18,0,1.473523076923082,latest_financial_progress_pct_as_of,-1.473523076923082
W-000003,COMPLETION,18,0,1.4514071279777803,financial_overrun_pct_as_of,1.4514071279777803
W-000004,COMPLETION,18,0,0.8466803463855421,released_payment_total_inr_as_of,0.8466803463855421
W-000005,EXECUTION,20,3,6.074031413612565,overdue_days_as_of,6.074031413612565
W-000006,COMPLETION,18,0,1.3357344954355408,largest_payment_share_as_of,-1.3357344954355408
W-000007,COMPLETION,18,0,2.6337810846892857,largest_payment_share_as_of,2.6337810846892857
W-000008,EXECUTION,20,0,1.7717844202898552,recommended_amount_inr,-1.7717844202898552
W-000009,COMPLETION,18,1,5.080985579622902,physical_progress_velocity_pct_per_30d,5.080985579622902
W-000010,COMPLETION,18,0,1.2798240216103267,expenditure_to_sanction_pct_as_of,-1.2798240216103267
W-000011,COMPLETION,18,0,1.9805604840070212,expenditure_to_sanction_pct_as_of,-1.9805604840070212
W-000012,EXECUTION,20,0,1.8885999999999996,financial_minus_physical_gap_pct_as_of,-1.8885999999999996
W-000013,EXECUTION,20,2,148.38999999999993,max_physical_progress_drop_pct_as_of,148.38999999999993
W-000014,COMPLETION,18,0,0.8791046367724487,estimate_to_recommended_ratio,-0.8791046367724487
W-000015,EXECUTION,20,2,9.583295999999999,overdue_days_as_of,9.583295999999999
W-000016,EXECUTION,20,0,1.6592700000000016,financial_minus_physical_gap_pct_as_of,-1.6592700000000016
W-000017,EXECUTION,20,0,2.770638461538462,expected_minus_physical_gap_pct_as_of,-2.770638461538462
W-000018,COMPLETION,18,1,7.032450331054264,financial_overrun_pct_as_of,7.032450331054264
W-000019,COMPLETION,18,1,6.507025220004866,largest_payment_share_as_of,6.507025220004866
W-000020,COMPLETION,18,0,2.885651225038695,expenditure_to_sanction_pct_as_of,-2.885651225038695
W-000021,COMPLETION,18,0,1.2479631546584922,schedule_elapsed_ratio_as_of,1.2479631546584922
W-000022,COMPLETION,18,0,1.7734687341045734,largest_payment_share_as_of,1.7734687341045734
W-000023,EXECUTION,20,1,6.2953333333332395,max_physical_progress_drop_pct_as_of,6.2953333333332395
W-000024,COMPLETION,18,0,1.405733644859813,days_since_last_payment_as_of,1.405733644859813
W-000025,COMPLETION,18,0,1.82115,sanctioned_amount_inr,1.82115
W-000026,EXECUTION,20,0,1.3734225401442675,estimate_to_recommended_ratio,1.3734225401442675
W-000027,EXECUTION,20,2,18.80086846107629,sanction_to_estimate_ratio,18.80086846107629
W-000028,COMPLETION,18,0,1.8485718862179201,financial_overrun_pct_as_of,1.8485718862179201
W-000029,EXECUTION,20,0,1.518646507730814,physical_progress_velocity_pct_per_30d,1.518646507730814
W-000030,PRE_SANCTION,3,0,2.0917827160493827,recommended_amount_inr,2.0917827160493827
W-000031,EXECUTION,20,0,1.13484625,sanctioned_amount_inr,1.13484625
W-000032,EXECUTION,20,1,7.028999999999998,max_physical_progress_drop_pct_as_of,7.028999999999998
W-000033,COMPLETION,18,0,1.4521311640951708,sanction_to_recommended_ratio,-1.4521311640951708
W-000034,COMPLETION,18,0,2.483446272909732,schedule_elapsed_ratio_as_of,2.483446272909732
W-000035,COMPLETION,18,0,1.5052725724020444,released_payment_total_inr_as_of,1.5052725724020444
W-000036,COMPLETION,18,0,2.934091429374758,largest_payment_share_as_of,2.934091429374758
W-000037,EXECUTION,20,0,2.0426380622837352,physical_progress_velocity_pct_per_30d,2.0426380622837352
W-000038,PRE_SANCTION,3,0,0.811222972972973,technical_estimate_amount_inr,0.811222972972973
W-000039,EXECUTION,17,0,1.7800401755689503,expenditure_to_sanction_pct_as_of,-1.7800401755689503
W-000040,COMPLETION,18,0,2.1318023657366743,largest_payment_share_as_of,2.1318023657366743
W-000041,COMPLETION,18,0,3.484369023221704,largest_payment_share_as_of,3.484369023221704
W-000042,EXECUTION,20,0,1.6402613636363634,expected_minus_physical_gap_pct_as_of,-1.6402613636363634
W-000043,PRE_SANCTION,3,0,1.5607393465909092,recommended_amount_inr,-1.5607393465909092
W-000044,COMPLETION,18,0,1.8979519134441996,financial_overrun_pct_as_of,1.8979519134441996
W-000045,EXECUTION,20,0,3.117570866141732,latest_physical_progress_pct_as_of,-3.117570866141732
W-000046,COMPLETION,18,0,3.1164837520938025,financial_overrun_pct_as_of,3.1164837520938025
W-000047,COMPLETION,18,0,2.1407139596601708,schedule_elapsed_ratio_as_of,2.1407139596601708
W-000048,COMPLETION,18,0,1.043746247885154,sanction_to_recommended_ratio,-1.043746247885154
W-000049,COMPLETION,18,0,1.4190944542844623,sanction_to_estimate_ratio,1.4190944542844623
W-000050,COMPLETION,18,0,1.5969052356020943,released_payment_total_inr_as_of,1.5969052356020943
W-000051,COMPLETION,18,0,2.0684666666666667,sanctioned_amount_inr,2.0684666666666667
W-000052,COMPLETION,18,0,3.1914902862613173,largest_payment_share_as_of,3.1914902862613173
W-000053,EXECUTION,20,2,4.522463547805201,schedule_elapsed_ratio_as_of,4.522463547805201
W-000054,COMPLETION,18,1,4.221927322895912,largest_payment_share_as_of,4.221927322895912
W-000055,EXECUTION,20,1,15.108799999999997,financial_minus_physical_gap_pct_as_of,15.108799999999997
W-000056,PRE_SANCTION,3,0,0.6730996539792388,technical_estimate_amount_inr,0.6730996539792388
W-000057,COMPLETION,18,0,2.7812237128998185,expenditure_to_sanction_pct_as_of,-2.7812237128998185
W-000058,EXECUTION,20,1,4.294094059405941,days_since_last_payment_as_of,4.294094059405941
W-000059,COMPLETION,18,0,3.4149123920222473,physical_progress_velocity_pct_per_30d,3.4149123920222473
W-000060,COMPLETION,18,0,1.681201232898054,financial_overrun_pct_as_of,1.681201232898054
W-000061,COMPLETION,18,0,1.865376629658404,financial_overrun_pct_as_of,1.865376629658404
W-000062,COMPLETION,18,0,2.6112303986859917,expenditure_to_sanction_pct_as_of,-2.6112303986859917
W-000063,COMPLETION,18,1,3.5866416372678174,physical_progress_velocity_pct_per_30d,3.5866416372678174
W-000064,COMPLETION,18,0,2.985245869561976,physical_progress_velocity_pct_per_30d,2.985245869561976
W-000065,COMPLETION,18,0,0.9166328483889347,schedule_elapsed_ratio_as_of,0.9166328483889347
W-000066,COMPLETION,18,0,1.8006373507635842,largest_payment_share_as_of,1.8006373507635842
W-000067,COMPLETION,18,0,0.7764633913644261,physical_progress_velocity_pct_per_30d,-0.7764633913644261
W-000068,EXECUTION,20,0,1.5988148148148154,financial_minus_physical_gap_pct_as_of,1.5988148148148154
W-000069,COMPLETION,18,0,1.8692764341346209,sanction_to_recommended_ratio,1.8692764341346209
W-000070,COMPLETION,18,0,1.7393282735352134,sanction_to_recommended_ratio,1.7393282735352134
W-000071,PRE_SANCTION,3,0,1.3078731008969915,estimate_to_recommended_ratio,-1.3078731008969915
W-000072,COMPLETION,18,0,1.762349966564917,expenditure_to_sanction_pct_as_of,-1.762349966564917
W-000073,COMPLETION,18,0,2.1448665278778964,expenditure_to_sanction_pct_as_of,-2.1448665278778964
W-000074,PRE_SANCTION,3,0,1.4183387476924418,estimate_to_recommended_ratio,1.4183387476924418
W-000075,EXECUTION,20,0,3.197212219227407,largest_payment_share_as_of,3.197212219227407
W-000076,EXECUTION,20,2,12.472854319068777,physical_progress_velocity_pct_per_30d,12.472854319068777
W-000077,COMPLETION,18,0,0.8771214441002457,expenditure_to_sanction_pct_as_of,-0.8771214441002457
W-000078,COMPLETION,18,0,1.2291438652454336,estimate_to_recommended_ratio,1.2291438652454336
W-000079,COMPLETION,18,0,1.2971153846153876,latest_financial_progress_pct_as_of,-1.2971153846153876
W-000080,EXECUTION,20,0,2.0335965052508844,largest_payment_share_as_of,2.0335965052508844
W-000081,COMPLETION,18,0,0.695988689788996,sanction_to_estimate_ratio,-0.695988689788996
W-000082,COMPLETION,18,1,6.162258910963702,largest_payment_share_as_of,6.162258910963702
W-000083,COMPLETION,18,1,3.6860019006835745,physical_progress_velocity_pct_per_30d,3.6860019006835745
W-000084,EXECUTION,20,1,3.5636665200668625,schedule_elapsed_ratio_as_of,3.5636665200668625
W-000085,COMPLETION,18,0,2.1566555021654388,physical_progress_velocity_pct_per_30d,2.1566555021654388
W-000086,EXECUTION,20,3,10.948286585365853,days_since_last_payment_as_of,10.948286585365853
W-000087,EXECUTION,20,0,1.8689615387768688,largest_payment_share_as_of,1.8689615387768688
W-000088,COMPLETION,18,0,2.630969211465182,physical_progress_velocity_pct_per_30d,2.630969211465182
W-000089,EXECUTION,20,2,8.217123015873016,days_since_last_payment_as_of,8.217123015873016
W-000090,COMPLETION,18,4,29.934137660807608,financial_overrun_pct_as_of,29.934137660807608
W-000091,COMPLETION,18,1,5.866545883171345,financial_overrun_pct_as_of,5.866545883171345
W-000092,COMPLETION,18,1,7.2405365605485645,financial_overrun_pct_as_of,7.2405365605485645
W-000093,COMPLETION,18,0,1.127043982646603,sanction_to_estimate_ratio,-1.127043982646603
W-000094,EXECUTION,20,1,8.094000000000008,max_physical_progress_drop_pct_as_of,8.094000000000008
W-000095,EXECUTION,20,2,7.623305755395683,released_payment_total_inr_as_of,7.623305755395683
W-000096,COMPLETION,18,0,3.226647816813179,largest_payment_share_as_of,3.226647816813179
W-000097,EXECUTION,20,0,1.47546875,days_since_last_payment_as_of,1.47546875
W-000098,PRE_SANCTION,3,0,0.6900534368016273,estimate_to_recommended_ratio,-0.6900534368016273
W-000099,COMPLETION,18,0,1.601773786407767,released_payment_total_inr_as_of,-1.601773786407767
W-000100,COMPLETION,18,2,19.231653424732546,sanction_to_estimate_ratio,19.231653424732546
W-000101,EXECUTION,20,4,10.197638613861384,days_since_last_payment_as_of,10.197638613861384
W-000102,EXECUTION,20,0,1.9316638150200878,sanction_to_estimate_ratio,1.9316638150200878
W-000103,COMPLETION,18,0,2.292287399310208,financial_overrun_pct_as_of,2.292287399310208
W-000104,EXECUTION,20,1,5.672449566408032,largest_payment_share_as_of,5.672449566408032
W-000105,PRE_SANCTION,3,0,0.031364563645634905,estimate_to_recommended_ratio,-0.031364563645634905
W-000106,EXECUTION,20,0,1.626554345371334,estimate_to_recommended_ratio,1.626554345371334
W-000107,COMPLETION,18,0,1.5695757465404225,released_payment_total_inr_as_of,-1.5695757465404225
W-000108,PRE_SANCTION,3,0,0.27291852157666796,estimate_to_recommended_ratio,-0.27291852157666796
W-000109,COMPLETION,18,0,2.065760856079404,financial_overrun_pct_as_of,2.065760856079404
W-000110,EXECUTION,20,1,54.859333333332586,max_physical_progress_drop_pct_as_of,54.859333333332586
W-000111,PRE_SANCTION,3,0,1.2649052438199695,estimate_to_recommended_ratio,1.2649052438199695
W-000112,PRE_SANCTION,3,0,0.855566220036467,estimate_to_recommended_ratio,-0.855566220036467
W-000113,COMPLETION,18,0,2.495305436822352,financial_overrun_pct_as_of,2.495305436822352
W-000114,EXECUTION,20,1,6.1223846153846155,days_since_last_payment_as_of,6.1223846153846155
W-000115,EXECUTION,20,4,20.04745590691297,sanction_to_estimate_ratio,20.04745590691297
W-000116,PRE_SANCTION,3,0,0.5422936428987699,estimate_to_recommended_ratio,0.5422936428987699
W-000117,COMPLETION,18,0,1.4064236486486486,sanctioned_amount_inr,-1.4064236486486486
W-000118,COMPLETION,18,0,1.6598222222222223,sanctioned_amount_inr,1.6598222222222223
W-000119,PRE_SANCTION,3,0,0.9793857975349676,estimate_to_recommended_ratio,0.9793857975349676
W-000120,COMPLETION,18,0,1.1574762031649113,sanction_to_recommended_ratio,1.1574762031649113
W-000121,COMPLETION,18,1,6.10158375007577,financial_overrun_pct_as_of,6.10158375007577
W-000122,COMPLETION,18,1,3.9826194436968585,physical_progress_velocity_pct_per_30d,3.9826194436968585
W-000123,EXECUTION,20,0,2.1220807692307693,days_since_last_payment_as_of,2.1220807692307693
W-000124,EXECUTION,20,1,5.7964843749999995,days_since_last_payment_as_of,5.7964843749999995
W-000125,EXECUTION,20,0,1.69125501490613,largest_payment_share_as_of,1.69125501490613
W-000126,EXECUTION,20,0,3.0846036585365852,days_since_last_payment_as_of,3.0846036585365852
W-000127,COMPLETION,18,0,1.0384663843616617,sanction_to_recommended_ratio,1.0384663843616617
W-000128,COMPLETION,18,0,1.9420948275862069,recommended_amount_inr,1.9420948275862069
W-000129,EXECUTION,20,1,10.196495495495494,days_since_last_payment_as_of,10.196495495495494
W-000130,COMPLETION,18,0,2.5899621834061137,largest_payment_share_as_of,2.5899621834061137
W-000131,COMPLETION,18,2,17.63037568936102,sanction_to_estimate_ratio,17.63037568936102
W-000132,COMPLETION,18,0,0.8255336056876588,sanction_to_recommended_ratio,-0.8255336056876588
W-000133,COMPLETION,18,0,2.98150471581545,expenditure_to_sanction_pct_as_of,-2.98150471581545
W-000134,EXECUTION,20,0,2.026747993579454,released_payment_total_inr_as_of,2.026747993579454
W-000135,COMPLETION,18,0,2.4048589817914627,financial_overrun_pct_as_of,2.4048589817914627
W-000136,COMPLETION,18,4,6.183909679132141,financial_overrun_pct_as_of,6.183909679132141
W-000137,COMPLETION,18,0,2.183284263131017,physical_progress_velocity_pct_per_30d,2.183284263131017
W-000138,PRE_SANCTION,3,0,0.7450360303549655,estimate_to_recommended_ratio,-0.7450360303549655
W-000139,COMPLETION,18,0,2.013350363463571,estimate_to_recommended_ratio,-2.013350363463571
W-000140,COMPLETION,18,0,1.4272251697185712,schedule_elapsed_ratio_as_of,1.4272251697185712
W-000141,COMPLETION,18,1,6.103243824944809,physical_progress_velocity_pct_per_30d,6.103243824944809
W-000142,COMPLETION,18,0,2.3441463425932554,largest_payment_share_as_of,2.3441463425932554
W-000143,COMPLETION,18,0,1.5101868307630206,sanction_to_estimate_ratio,-1.5101868307630206
W-000144,EXECUTION,20,0,2.698,physical_progress_decrease_count_as_of,2.698
W-000145,COMPLETION,18,0,3.4234644560357674,financial_overrun_pct_as_of,3.4234644560357674
W-000146,COMPLETION,18,0,2.1867548972966917,financial_overrun_pct_as_of,2.1867548972966917
W-000147,COMPLETION,18,1,3.602444065426613,largest_payment_share_as_of,3.602444065426613
W-000148,EXECUTION,20,0,2.698,released_payment_total_inr_as_of,2.698
W-000149,EXECUTION,20,0,2.4169583333333335,financial_minus_physical_gap_pct_as_of,-2.4169583333333335
W-000150,EXECUTION,20,2,13.504351063829786,days_since_last_payment_as_of,13.504351063829786
W-000151,COMPLETION,18,0,1.9498077582232787,physical_progress_velocity_pct_per_30d,1.9498077582232787
W-000152,COMPLETION,18,0,2.7915279823508414,financial_overrun_pct_as_of,2.7915279823508414
W-000153,EXECUTION,20,0,1.3099793388429748,expected_minus_physical_gap_pct_as_of,-1.3099793388429748
W-000154,COMPLETION,18,1,5.201407425715767,physical_progress_velocity_pct_per_30d,5.201407425715767
W-000155,EXECUTION,20,0,3.3595288461538466,expected_minus_physical_gap_pct_as_of,3.3595288461538466
W-000156,EXECUTION,20,0,2.2239228571428558,expected_minus_physical_gap_pct_as_of,2.2239228571428558
W-000157,COMPLETION,18,1,5.082262851284789,physical_progress_velocity_pct_per_30d,5.082262851284789
W-000158,COMPLETION,18,0,1.2819165582457144,expenditure_to_sanction_pct_as_of,-1.2819165582457144
W-000159,COMPLETION,18,0,2.058884313373089,physical_progress_velocity_pct_per_30d,2.058884313373089
W-000160,COMPLETION,18,0,3.044725997097178,physical_progress_velocity_pct_per_30d,3.044725997097178
W-000161,PRE_SANCTION,3,0,1.7942064923354373,recommended_amount_inr,-1.7942064923354373
W-000162,COMPLETION,18,0,0.8538147064615598,sanction_to_estimate_ratio,-0.8538147064615598
W-000163,COMPLETION,18,0,1.536361111111114,latest_financial_progress_pct_as_of,-1.536361111111114
W-000164,EXECUTION,20,1,16.143033333333296,financial_minus_physical_gap_pct_as_of,16.143033333333296
W-000165,COMPLETION,18,0,1.4383112627061285,estimate_to_recommended_ratio,1.4383112627061285
W-000166,COMPLETION,18,1,7.226486206896553,financial_overrun_pct_as_of,7.226486206896553
W-000167,COMPLETION,18,0,1.4727261876159319,schedule_elapsed_ratio_as_of,1.4727261876159319
W-000168,COMPLETION,18,0,1.8855961538461539,recommended_amount_inr,-1.8855961538461539
W-000169,EXECUTION,20,1,4.15076923076924,max_physical_progress_drop_pct_as_of,4.15076923076924
W-000170,EXECUTION,20,1,6.86829569892473,expected_minus_physical_gap_pct_as_of,6.86829569892473
W-000171,COMPLETION,18,0,1.6123225469728601,recommended_amount_inr,1.6123225469728601
W-000172,COMPLETION,18,0,1.5472174258239797,schedule_elapsed_ratio_as_of,1.5472174258239797
W-000173,EXECUTION,20,0,2.4509002302816425,physical_progress_velocity_pct_per_30d,2.4509002302816425
W-000174,COMPLETION,18,0,1.468740697041654,sanction_to_recommended_ratio,1.468740697041654
W-000175,COMPLETION,18,0,3.2052154213036546,largest_payment_share_as_of,3.2052154213036546
W-000176,COMPLETION,18,0,1.6397327586206898,days_since_last_payment_as_of,1.6397327586206898
W-000177,EXECUTION,20,4,15.576734374999997,financial_minus_physical_gap_pct_as_of,15.576734374999997
W-000178,COMPLETION,18,3,3.5411250000000027,financial_minus_physical_gap_pct_as_of,-3.5411250000000027
W-000179,PRE_SANCTION,3,0,1.0726650519031142,technical_estimate_amount_inr,1.0726650519031142
W-000180,PRE_SANCTION,3,0,1.2487484873903405,estimate_to_recommended_ratio,-1.2487484873903405
W-000181,COMPLETION,18,0,0.7079204205886936,largest_payment_share_as_of,-0.7079204205886936
W-000182,COMPLETION,18,1,5.959573674815913,largest_payment_share_as_of,5.959573674815913
W-000183,COMPLETION,18,0,2.03473695159802,financial_overrun_pct_as_of,2.03473695159802
W-000184,COMPLETION,18,0,2.8527841342671025,largest_payment_share_as_of,2.8527841342671025
W-000185,EXECUTION,20,3,16.592700000000022,financial_minus_physical_gap_pct_as_of,16.592700000000022
W-000186,PRE_SANCTION,3,0,0.7195569562657149,estimate_to_recommended_ratio,0.7195569562657149
W-000187,COMPLETION,18,0,1.9677561983471075,days_since_last_payment_as_of,1.9677561983471075
W-000188,PRE_SANCTION,3,0,0.527941975308642,recommended_amount_inr,-0.527941975308642
W-000189,PRE_SANCTION,3,0,1.4868185096153845,technical_estimate_amount_inr,1.4868185096153845
W-000190,COMPLETION,18,0,2.520922134005084,physical_progress_velocity_pct_per_30d,2.520922134005084
W-000191,COMPLETION,18,0,1.3265166666666666,recommended_amount_inr,-1.3265166666666666
W-000192,COMPLETION,18,0,1.2657824675324676,days_since_last_payment_as_of,1.2657824675324676
W-000193,EXECUTION,20,1,5.675522522522522,days_since_last_payment_as_of,5.675522522522522
W-000194,COMPLETION,18,0,1.1515853658536601,latest_financial_progress_pct_as_of,-1.1515853658536601
W-000195,COMPLETION,18,1,3.670931099915872,physical_progress_velocity_pct_per_30d,3.670931099915872
W-000196,EXECUTION,20,0,2.15656462585034,released_payment_total_inr_as_of,2.15656462585034
W-000197,COMPLETION,18,0,2.8934515846527016,schedule_elapsed_ratio_as_of,2.8934515846527016
W-000198,COMPLETION,18,0,2.4842334181129058,schedule_elapsed_ratio_as_of,2.4842334181129058
W-000199,COMPLETION,18,0,2.6986381794678365,largest_payment_share_as_of,2.6986381794678365
W-000200,COMPLETION,18,0,1.6221298954126517,largest_payment_share_as_of,1.6221298954126517
W-000201,COMPLETION,18,0,2.718793293456998,largest_payment_share_as_of,2.718793293456998
W-000202,COMPLETION,18,0,2.082650343763917,schedule_elapsed_ratio_as_of,2.082650343763917
W-000203,COMPLETION,18,0,2.2842470355408757,largest_payment_share_as_of,2.2842470355408757
W-000204,COMPLETION,18,0,2.639241086013812,physical_progress_velocity_pct_per_30d,2.639241086013812
W-000205,EXECUTION,20,3,5.447093604207165,schedule_elapsed_ratio_as_of,5.447093604207165
W-000206,COMPLETION,18,0,1.0874033783783783,sanctioned_amount_inr,-1.0874033783783783
W-000207,COMPLETION,18,0,2.6986381794678365,largest_payment_share_as_of,2.6986381794678365
W-000208,COMPLETION,18,0,0.963328882283041,schedule_elapsed_ratio_as_of,0.963328882283041
W-000209,COMPLETION,18,0,1.9704854235766076,expenditure_to_sanction_pct_as_of,-1.9704854235766076
W-000210,PRE_SANCTION,3,0,0.471495145631068,technical_estimate_amount_inr,0.471495145631068
W-000211,EXECUTION,20,0,2.5534642857142904,financial_minus_physical_gap_pct_as_of,-2.5534642857142904
W-000212,COMPLETION,18,0,1.3458393129560149,estimate_to_recommended_ratio,1.3458393129560149
W-000213,COMPLETION,18,0,3.308811213770583,schedule_elapsed_ratio_as_of,3.308811213770583
W-000214,PRE_SANCTION,3,0,0.8945588803088803,recommended_amount_inr,-0.8945588803088803
W-000215,COMPLETION,18,0,1.6715939237608708,sanction_to_recommended_ratio,-1.6715939237608708
W-000216,COMPLETION,18,0,2.143136002749531,largest_payment_share_as_of,2.143136002749531
W-000217,COMPLETION,18,3,17.63247685264741,sanction_to_estimate_ratio,17.63247685264741
W-000218,COMPLETION,18,0,2.3916547141909534,schedule_elapsed_ratio_as_of,2.3916547141909534
W-000219,EXECUTION,20,0,0.7952290661665427,largest_payment_share_as_of,0.7952290661665427
W-000220,COMPLETION,18,0,0.884135999216585,sanction_to_estimate_ratio,-0.884135999216585
W-000221,COMPLETION,18,0,1.4228211104365494,sanction_to_recommended_ratio,-1.4228211104365494
W-000222,COMPLETION,18,0,1.4089555555555555,days_since_last_payment_as_of,-1.4089555555555555
W-000223,EXECUTION,20,1,4.164304347826086,max_physical_progress_drop_pct_as_of,4.164304347826086
W-000224,COMPLETION,18,0,1.4866259988636554,sanction_to_recommended_ratio,-1.4866259988636554
W-000225,EXECUTION,20,3,17.884173502439722,sanction_to_estimate_ratio,17.884173502439722
W-000226,COMPLETION,18,0,1.0311417760332358,sanction_to_estimate_ratio,-1.0311417760332358
W-000227,COMPLETION,18,0,1.5382014835121027,physical_progress_velocity_pct_per_30d,1.5382014835121027
W-000228,COMPLETION,18,0,1.770056146894927,financial_overrun_pct_as_of,1.770056146894927
W-000229,EXECUTION,20,0,1.309647676110187,sanction_to_estimate_ratio,-1.309647676110187
W-000230,COMPLETION,18,0,2.8527841342671025,largest_payment_share_as_of,2.8527841342671025
W-000231,EXECUTION,20,0,1.6364918032786901,expected_minus_physical_gap_pct_as_of,1.6364918032786901
W-000232,PRE_SANCTION,3,0,0.6751582115125001,estimate_to_recommended_ratio,-0.6751582115125001
W-000233,COMPLETION,18,0,2.5066415277906477,physical_progress_velocity_pct_per_30d,2.5066415277906477
W-000234,COMPLETION,18,0,1.5552257484744496,physical_progress_velocity_pct_per_30d,1.5552257484744496
W-000235,COMPLETION,18,0,0.9944571226224583,sanction_to_recommended_ratio,-0.9944571226224583
W-000236,PRE_SANCTION,3,0,0.980216323296355,recommended_amount_inr,0.980216323296355
W-000237,COMPLETION,18,1,4.658774420926651,largest_payment_share_as_of,4.658774420926651
W-000238,COMPLETION,18,0,3.072552771153641,physical_progress_velocity_pct_per_30d,3.072552771153641
W-000239,COMPLETION,18,0,2.2633728648334395,sanction_to_estimate_ratio,-2.2633728648334395
W-000240,COMPLETION,18,1,3.801656947507721,financial_overrun_pct_as_of,3.801656947507721
W-000241,EXECUTION,20,2,4.708143564356435,days_since_last_payment_as_of,4.708143564356435
W-000242,EXECUTION,20,1,10.424090909090905,max_physical_progress_drop_pct_as_of,10.424090909090905
W-000243,EXECUTION,20,0,0.881965575886177,sanction_to_estimate_ratio,-0.881965575886177
W-000244,EXECUTION,20,3,11.750927710843374,days_since_last_payment_as_of,11.750927710843374
W-000245,COMPLETION,18,0,3.2294388494117623,physical_progress_velocity_pct_per_30d,3.2294388494117623
W-000246,COMPLETION,18,0,1.3820062661617645,sanction_to_estimate_ratio,-1.3820062661617645
W-000247,COMPLETION,18,0,2.0243252646532524,physical_progress_velocity_pct_per_30d,2.0243252646532524
W-000248,COMPLETION,18,0,1.058267373927617,estimate_to_recommended_ratio,-1.058267373927617
W-000249,COMPLETION,18,0,1.9980295425551227,estimate_to_recommended_ratio,-1.9980295425551227
W-000250,COMPLETION,18,0,1.9137259453781512,financial_overrun_pct_as_of,1.9137259453781512
W-000251,COMPLETION,18,0,1.4957467804432525,sanction_to_recommended_ratio,-1.4957467804432525
W-000252,COMPLETION,18,0,1.0157594817183013,sanction_to_estimate_ratio,-1.0157594817183013
W-000253,COMPLETION,18,0,1.9974119490060505,financial_overrun_pct_as_of,1.9974119490060505
W-000254,COMPLETION,18,0,1.0646816143497757,released_payment_total_inr_as_of,1.0646816143497757
W-000255,COMPLETION,18,0,1.5205395061728395,sanctioned_amount_inr,-1.5205395061728395
W-000256,PRE_SANCTION,3,0,1.6506699729486023,recommended_amount_inr,-1.6506699729486023
W-000257,COMPLETION,18,0,1.2441102944333804,sanction_to_estimate_ratio,-1.2441102944333804
W-000258,EXECUTION,20,1,5.73325,days_since_last_payment_as_of,5.73325
W-000259,COMPLETION,18,1,3.720086243763364,financial_overrun_pct_as_of,3.720086243763364
W-000260,EXECUTION,20,0,2.077568136272545,technical_estimate_amount_inr,2.077568136272545
W-000261,COMPLETION,18,1,4.647903485609347,largest_payment_share_as_of,4.647903485609347
W-000262,EXECUTION,20,0,1.7376890548159647,physical_progress_velocity_pct_per_30d,1.7376890548159647
W-000263,EXECUTION,20,0,1.5486057327071316,largest_payment_share_as_of,1.5486057327071316
W-000264,COMPLETION,18,0,1.2184994926573354,sanction_to_recommended_ratio,-1.2184994926573354
W-000265,EXECUTION,20,0,2.099383265153579,expenditure_to_sanction_pct_as_of,-2.099383265153579
W-000266,COMPLETION,18,2,7.3965345254447765,largest_payment_share_as_of,7.3965345254447765
W-000267,COMPLETION,18,0,2.015864150943396,released_payment_total_inr_as_of,-2.015864150943396
W-000268,COMPLETION,18,3,15.95953893115807,sanction_to_estimate_ratio,15.95953893115807
W-000269,EXECUTION,20,0,1.031565154159395,sanctioned_amount_inr,1.031565154159395
W-000270,PRE_SANCTION,3,0,1.382494006849315,technical_estimate_amount_inr,-1.382494006849315
W-000271,COMPLETION,18,1,3.8515426503832644,physical_progress_velocity_pct_per_30d,3.8515426503832644
W-000272,COMPLETION,18,2,19.862208341976345,sanction_to_estimate_ratio,19.862208341976345
W-000273,EXECUTION,20,0,1.6912639560580187,sanction_to_estimate_ratio,1.6912639560580187
W-000274,COMPLETION,18,1,3.747833512628249,largest_payment_share_as_of,3.747833512628249
W-000275,COMPLETION,18,0,2.023500000000004,latest_financial_progress_pct_as_of,-2.023500000000004
W-000276,COMPLETION,18,1,9.783397479710615,physical_progress_velocity_pct_per_30d,9.783397479710615
W-000277,EXECUTION,20,0,1.6510337494022715,physical_progress_velocity_pct_per_30d,1.6510337494022715
W-000278,COMPLETION,18,0,2.3786600655895693,physical_progress_velocity_pct_per_30d,2.3786600655895693
W-000279,COMPLETION,18,0,2.115480996106674,largest_payment_share_as_of,2.115480996106674
W-000280,EXECUTION,20,0,1.5079585987261148,expected_minus_physical_gap_pct_as_of,-1.5079585987261148
W-000281,EXECUTION,20,0,1.2813078445081771,sanction_to_recommended_ratio,1.2813078445081771
W-000282,COMPLETION,18,0,1.1281662694582202,estimate_to_recommended_ratio,1.1281662694582202
W-000283,COMPLETION,18,0,1.4823757062146892,released_payment_total_inr_as_of,-1.4823757062146892
W-000284,COMPLETION,18,0,1.4409772727272716,latest_financial_progress_pct_as_of,1.4409772727272716
W-000285,COMPLETION,18,0,2.490568703904598,schedule_elapsed_ratio_as_of,2.490568703904598
W-000286,EXECUTION,20,1,6.396870967741935,days_since_last_payment_as_of,6.396870967741935
W-000287,COMPLETION,18,0,1.8281711929380267,financial_overrun_pct_as_of,1.8281711929380267
W-000288,COMPLETION,18,0,1.7235564159292036,days_since_last_payment_as_of,1.7235564159292036
W-000289,COMPLETION,18,0,1.8596767834153467,physical_progress_velocity_pct_per_30d,1.8596767834153467
W-000290,COMPLETION,18,0,1.4542127917170358,schedule_elapsed_ratio_as_of,1.4542127917170358
W-000291,COMPLETION,18,1,5.379606873408836,largest_payment_share_as_of,5.379606873408836
W-000292,COMPLETION,18,0,2.24030149513796,financial_overrun_pct_as_of,2.24030149513796
W-000293,EXECUTION,20,0,2.1944999999999997,days_since_last_payment_as_of,2.1944999999999997
W-000294,PRE_SANCTION,3,0,0.712804938271605,recommended_amount_inr,-0.712804938271605
W-000295,COMPLETION,18,0,1.568755080259201,estimate_to_recommended_ratio,1.568755080259201
W-000296,EXECUTION,20,0,2.19837037037037,expected_minus_physical_gap_pct_as_of,-2.19837037037037
W-000297,COMPLETION,18,0,1.7470252954632397,schedule_elapsed_ratio_as_of,1.7470252954632397
W-000298,PRE_SANCTION,3,0,0.20068090541561576,estimate_to_recommended_ratio,0.20068090541561576
W-000299,COMPLETION,18,0,1.8236849232424945,schedule_elapsed_ratio_as_of,1.8236849232424945
W-000300,COMPLETION,18,0,3.2052154213036546,largest_payment_share_as_of,3.2052154213036546
W-000301,COMPLETION,18,0,2.180129901468671,financial_overrun_pct_as_of,2.180129901468671
W-000302,EXECUTION,20,2,32.57438235294118,days_since_last_payment_as_of,32.57438235294118
W-000303,EXECUTION,20,0,2.5559999999999996,max_physical_progress_drop_pct_as_of,2.5559999999999996
W-000304,PRE_SANCTION,3,0,0.5167132450383376,estimate_to_recommended_ratio,0.5167132450383376
W-000305,EXECUTION,20,3,9.876607142857134,financial_minus_physical_gap_pct_as_of,9.876607142857134
W-000306,COMPLETION,18,0,1.341195787950077,estimate_to_recommended_ratio,-1.341195787950077
W-000307,COMPLETION,18,0,1.7640769230769269,latest_financial_progress_pct_as_of,-1.7640769230769269
W-000308,COMPLETION,18,1,3.557350696747337,largest_payment_share_as_of,3.557350696747337
W-000309,COMPLETION,18,0,1.4338562508796984,sanction_to_estimate_ratio,-1.4338562508796984
W-000310,COMPLETION,18,0,2.5643831944698707,physical_progress_velocity_pct_per_30d,2.5643831944698707
W-000311,PRE_SANCTION,3,0,1.600979403409091,recommended_amount_inr,-1.600979403409091
W-000312,COMPLETION,18,0,1.38918207093846,sanction_to_recommended_ratio,-1.38918207093846
W-000313,COMPLETION,18,0,1.4772840513581131,sanction_to_recommended_ratio,-1.4772840513581131
W-000314,COMPLETION,18,0,1.2740206356551351,largest_payment_share_as_of,-1.2740206356551351
W-000315,COMPLETION,18,0,1.6648515365581942,physical_progress_velocity_pct_per_30d,1.6648515365581942
W-000316,EXECUTION,20,0,1.7322199289329416,sanction_to_estimate_ratio,1.7322199289329416
W-000317,EXECUTION,20,0,1.4932960199004974,technical_estimate_amount_inr,1.4932960199004974
W-000318,COMPLETION,18,0,1.4063483366321559,financial_overrun_pct_as_of,1.4063483366321559
W-000319,COMPLETION,18,0,2.5600375596577756,physical_progress_velocity_pct_per_30d,2.5600375596577756
W-000320,EXECUTION,20,0,2.541369984107504,physical_progress_velocity_pct_per_30d,2.541369984107504
W-000321,COMPLETION,18,1,6.507025220004866,largest_payment_share_as_of,6.507025220004866
W-000322,COMPLETION,18,0,1.6809782709632368,largest_payment_share_as_of,1.6809782709632368
W-000323,COMPLETION,18,0,0.6668612684031711,technical_estimate_amount_inr,-0.6668612684031711
W-000324,COMPLETION,18,0,1.7199750000000007,financial_minus_physical_gap_pct_as_of,-1.7199750000000007
W-000325,EXECUTION,20,2,5.2535,days_since_last_payment_as_of,5.2535
W-000326,COMPLETION,18,0,2.977291654509757,physical_progress_velocity_pct_per_30d,2.977291654509757
W-000327,COMPLETION,18,0,1.7161342400946187,financial_overrun_pct_as_of,1.7161342400946187
W-000328,EXECUTION,20,1,10.005083333333333,days_since_last_payment_as_of,10.005083333333333
W-000329,COMPLETION,18,0,1.4243374495541434,physical_progress_velocity_pct_per_30d,1.4243374495541434
W-000330,COMPLETION,18,0,3.4514673683193173,physical_progress_velocity_pct_per_30d,3.4514673683193173
W-000331,COMPLETION,18,0,1.6423486752272718,schedule_elapsed_ratio_as_of,1.6423486752272718
W-000332,COMPLETION,18,0,2.2740145407849726,physical_progress_velocity_pct_per_30d,2.2740145407849726
W-000333,COMPLETION,18,0,1.3658625000000013,latest_financial_progress_pct_as_of,-1.3658625000000013
W-000334,PRE_SANCTION,3,0,1.2603910213900429,estimate_to_recommended_ratio,-1.2603910213900429
W-000335,COMPLETION,18,1,3.9477223380923254,largest_payment_share_as_of,3.9477223380923254
W-000336,COMPLETION,18,0,1.6686992346938776,schedule_elapsed_ratio_as_of,1.6686992346938776
W-000337,COMPLETION,18,0,3.0900205482389316,physical_progress_velocity_pct_per_30d,3.0900205482389316
W-000338,COMPLETION,18,0,1.404452761025849,sanction_to_recommended_ratio,1.404452761025849
W-000339,EXECUTION,18,3,74.90132097163443,physical_progress_velocity_pct_per_30d,74.90132097163443
W-000340,COMPLETION,18,0,2.5899621834061137,largest_payment_share_as_of,2.5899621834061137
W-000341,COMPLETION,18,0,1.431732701795787,sanction_to_recommended_ratio,-1.431732701795787
W-000342,COMPLETION,18,0,1.697828908270961,sanction_to_recommended_ratio,-1.697828908270961
W-000343,COMPLETION,18,0,1.1209929635854499,expenditure_to_sanction_pct_as_of,-1.1209929635854499
W-000344,EXECUTION,20,1,7.4342700729927,expected_minus_physical_gap_pct_as_of,7.4342700729927
W-000345,COMPLETION,18,0,0.9046129547344153,physical_progress_velocity_pct_per_30d,-0.9046129547344153
W-000346,COMPLETION,18,0,2.9395754356805326,physical_progress_velocity_pct_per_30d,2.9395754356805326
W-000347,COMPLETION,18,0,2.365800518873553,expenditure_to_sanction_pct_as_of,-2.365800518873553
W-000348,EXECUTION,20,2,15.291550932431372,sanction_to_estimate_ratio,15.291550932431372
W-000349,PRE_SANCTION,3,0,0.5405114864864865,technical_estimate_amount_inr,0.5405114864864865
W-000350,COMPLETION,18,0,2.0883111604153526,schedule_elapsed_ratio_as_of,2.0883111604153526
W-000351,EXECUTION,20,0,1.6948773900578777,sanction_to_recommended_ratio,-1.6948773900578777
W-000352,EXECUTION,20,3,17.7899375,days_since_last_payment_as_of,17.7899375
W-000353,EXECUTION,20,2,26.908244680851062,days_since_last_payment_as_of,26.908244680851062
W-000354,COMPLETION,18,0,1.495372894212439,largest_payment_share_as_of,1.495372894212439
W-000355,EXECUTION,20,1,5.117160495015605,largest_payment_share_as_of,5.117160495015605
W-000356,COMPLETION,18,0,1.7807992148159104,expenditure_to_sanction_pct_as_of,-1.7807992148159104
W-000357,COMPLETION,18,0,2.397835087810696,largest_payment_share_as_of,2.397835087810696
W-000358,COMPLETION,18,0,0.8562691795826316,sanction_to_estimate_ratio,0.8562691795826316
W-000359,COMPLETION,18,0,1.1682308146399056,sanctioned_amount_inr,-1.1682308146399056
W-000360,EXECUTION,20,2,19.935222222222222,days_since_last_payment_as_of,19.935222222222222
W-000361,EXECUTION,20,0,1.039854166666667,financial_minus_physical_gap_pct_as_of,1.039854166666667
W-000362,COMPLETION,18,0,1.6734942759610751,sanction_to_recommended_ratio,1.6734942759610751
W-000363,COMPLETION,18,0,1.7921000588859233,estimate_to_recommended_ratio,1.7921000588859233
W-000364,COMPLETION,18,0,0.8992662684339617,schedule_elapsed_ratio_as_of,0.8992662684339617
W-000365,COMPLETION,18,0,1.9251054472385798,schedule_elapsed_ratio_as_of,1.9251054472385798
W-000366,COMPLETION,18,2,10.96789745130562,sanction_to_estimate_ratio,10.96789745130562
W-000367,COMPLETION,18,0,1.952303775972296,financial_overrun_pct_as_of,1.952303775972296
W-000368,COMPLETION,18,0,1.6402233250620348,sanctioned_amount_inr,-1.6402233250620348
W-000369,COMPLETION,18,0,1.8770532359081418,days_since_last_payment_as_of,1.8770532359081418
W-000370,COMPLETION,18,1,9.050517358490568,financial_overrun_pct_as_of,9.050517358490568
W-000371,COMPLETION,18,1,4.482800688260995,physical_progress_velocity_pct_per_30d,4.482800688260995
W-000372,COMPLETION,18,0,2.0438746459887214,expenditure_to_sanction_pct_as_of,-2.0438746459887214
W-000373,COMPLETION,18,0,1.7925132298272133,estimate_to_recommended_ratio,-1.7925132298272133
W-000374,COMPLETION,18,0,2.397835087810696,largest_payment_share_as_of,2.397835087810696
W-000375,COMPLETION,18,0,1.2669453130537967,sanction_to_estimate_ratio,1.2669453130537967
W-000376,COMPLETION,18,0,1.7475838467457008,sanction_to_estimate_ratio,-1.7475838467457008
W-000377,COMPLETION,18,3,3.699530303030308,financial_minus_physical_gap_pct_as_of,-3.699530303030308
W-000378,EXECUTION,20,1,4.692318626434913,largest_payment_share_as_of,4.692318626434913
W-000379,EXECUTION,20,0,2.071060897435898,expected_minus_physical_gap_pct_as_of,2.071060897435898
W-000380,COMPLETION,18,0,1.308431203322575,largest_payment_share_as_of,-1.308431203322575
W-000381,COMPLETION,18,0,3.2752820207067543,largest_payment_share_as_of,3.2752820207067543
W-000382,COMPLETION,18,5,63.975989022048225,financial_overrun_pct_as_of,63.975989022048225
W-000383,COMPLETION,18,1,7.593785107548977,financial_overrun_pct_as_of,7.593785107548977
W-000384,EXECUTION,20,0,2.3791454545454553,financial_minus_physical_gap_pct_as_of,-2.3791454545454553
W-000385,COMPLETION,18,0,2.168595930232558,days_since_last_payment_as_of,2.168595930232558
W-000386,EXECUTION,20,0,2.0790470588235297,expected_minus_physical_gap_pct_as_of,2.0790470588235297
W-000387,COMPLETION,18,0,2.328130785703951,physical_progress_velocity_pct_per_30d,2.328130785703951
W-000388,EXECUTION,20,0,2.9114983300943704,largest_payment_share_as_of,2.9114983300943704
W-000389,EXECUTION,20,1,6.254454545454543,max_physical_progress_drop_pct_as_of,6.254454545454543
W-000390,COMPLETION,18,0,1.7800748345505684,physical_progress_velocity_pct_per_30d,1.7800748345505684
W-000391,COMPLETION,18,1,5.852149141580815,financial_overrun_pct_as_of,5.852149141580815
W-000392,COMPLETION,18,0,1.7493797169811318,financial_overrun_pct_as_of,1.7493797169811318
W-000393,COMPLETION,18,5,14.87523122377602,sanction_to_estimate_ratio,14.87523122377602
W-000394,EXECUTION,20,0,1.9654023109243697,released_payment_total_inr_as_of,1.9654023109243697
W-000395,PRE_SANCTION,3,0,1.8896707317073158,estimate_to_recommended_ratio,-1.8896707317073158
W-000396,EXECUTION,20,1,7.745870967741935,days_since_last_payment_as_of,7.745870967741935
W-000397,COMPLETION,18,0,3.4505288588936733,largest_payment_share_as_of,3.4505288588936733
W-000398,EXECUTION,20,0,1.422635371179039,latest_physical_progress_pct_as_of,-1.422635371179039
W-000399,COMPLETION,18,0,1.9683438423645319,financial_overrun_pct_as_of,1.9683438423645319
W-000400,COMPLETION,18,0,1.1277041547697535,sanction_to_estimate_ratio,1.1277041547697535
W-000401,COMPLETION,18,1,6.98633417113494,financial_overrun_pct_as_of,6.98633417113494
W-000402,COMPLETION,18,1,4.452854097824487,largest_payment_share_as_of,4.452854097824487
W-000403,EXECUTION,20,3,48.6730101010101,overdue_days_as_of,48.6730101010101
W-000404,COMPLETION,18,0,3.2159568607540554,physical_progress_velocity_pct_per_30d,3.2159568607540554
W-000405,EXECUTION,20,0,2.3195844713248066,largest_payment_share_as_of,2.3195844713248066
W-000406,COMPLETION,18,0,1.6851328835229062,sanction_to_recommended_ratio,-1.6851328835229062
W-000407,EXECUTION,17,0,2.8386932515337415,latest_financial_progress_pct_as_of,-2.8386932515337415
W-000408,COMPLETION,18,1,5.5936639816483895,financial_overrun_pct_as_of,5.5936639816483895
W-000409,COMPLETION,18,0,1.55135,days_since_last_payment_as_of,1.55135
W-000410,COMPLETION,18,0,2.2521791297919114,schedule_elapsed_ratio_as_of,2.2521791297919114
W-000411,COMPLETION,18,0,1.3220401716973147,sanction_to_recommended_ratio,-1.3220401716973147
W-000412,EXECUTION,20,0,1.804184049079754,latest_financial_progress_pct_as_of,-1.804184049079754
W-000413,COMPLETION,18,0,2.1318301418176753,largest_payment_share_as_of,2.1318301418176753
W-000414,COMPLETION,18,3,6.642803030303038,financial_minus_physical_gap_pct_as_of,-6.642803030303038
W-000415,EXECUTION,20,0,1.349,physical_progress_decrease_count_as_of,1.349
W-000416,PRE_SANCTION,3,0,0.5940198863636363,recommended_amount_inr,-0.5940198863636363
W-000417,PRE_SANCTION,3,0,2.1591298467087467,recommended_amount_inr,-2.1591298467087467
W-000418,COMPLETION,18,0,2.6130183101713307,physical_progress_velocity_pct_per_30d,2.6130183101713307
W-000419,COMPLETION,18,0,2.4399834337349398,released_payment_total_inr_as_of,-2.4399834337349398
W-000420,COMPLETION,18,1,4.130705864287803,financial_overrun_pct_as_of,4.130705864287803
W-000421,COMPLETION,18,0,2.3888673314960713,physical_progress_velocity_pct_per_30d,2.3888673314960713
W-000422,EXECUTION,20,3,23.937204185414046,sanction_to_estimate_ratio,23.937204185414046
W-000423,COMPLETION,18,0,2.8579606925928034,expenditure_to_sanction_pct_as_of,-2.8579606925928034
W-000424,COMPLETION,18,0,2.7654679836231826,physical_progress_velocity_pct_per_30d,2.7654679836231826
W-000425,COMPLETION,18,1,5.959573674815913,largest_payment_share_as_of,5.959573674815913
W-000426,COMPLETION,18,0,1.4727295782987246,sanction_to_estimate_ratio,-1.4727295782987246
W-000427,EXECUTION,20,0,1.4549928571428572,latest_financial_progress_pct_as_of,-1.4549928571428572
W-000428,EXECUTION,20,1,4.047,physical_progress_decrease_count_as_of,4.047
W-000429,COMPLETION,18,0,2.1122782316074034,expenditure_to_sanction_pct_as_of,-2.1122782316074034
W-000430,EXECUTION,20,0,1.3754509803921586,financial_minus_physical_gap_pct_as_of,1.3754509803921586
W-000431,COMPLETION,18,4,15.574818181818166,latest_financial_progress_pct_as_of,15.574818181818166
W-000432,COMPLETION,18,0,1.3499752362931423,largest_payment_share_as_of,1.3499752362931423
W-000433,EXECUTION,20,2,7.332467741935484,days_since_last_payment_as_of,7.332467741935484
W-000434,COMPLETION,18,0,3.445175779671225,largest_payment_share_as_of,3.445175779671225
W-000435,PRE_SANCTION,3,0,0.7667050520059435,technical_estimate_amount_inr,0.7667050520059435
W-000436,COMPLETION,18,1,4.452854097824487,largest_payment_share_as_of,4.452854097824487
W-000437,EXECUTION,20,0,1.4674932432432433,days_since_last_payment_as_of,1.4674932432432433
W-000438,COMPLETION,18,0,1.591606719367589,financial_overrun_pct_as_of,1.591606719367589
W-000439,COMPLETION,18,1,4.647903485609347,largest_payment_share_as_of,4.647903485609347
W-000440,COMPLETION,18,0,1.4815333333333334,financial_overrun_pct_as_of,1.4815333333333334
W-000441,COMPLETION,18,0,2.0422230283609926,financial_overrun_pct_as_of,2.0422230283609926
W-000442,COMPLETION,18,0,1.1481588896122206,expenditure_to_sanction_pct_as_of,-1.1481588896122206
W-000443,COMPLETION,18,0,1.332213111431407,physical_progress_velocity_pct_per_30d,1.332213111431407
W-000444,COMPLETION,18,0,1.8886000000000005,latest_financial_progress_pct_as_of,-1.8886000000000005
W-000445,COMPLETION,18,0,1.3490000000000026,latest_financial_progress_pct_as_of,-1.3490000000000026
W-000446,COMPLETION,18,0,1.5944658740269637,sanction_to_estimate_ratio,-1.5944658740269637
W-000447,PRE_SANCTION,3,0,0.3778402674591382,technical_estimate_amount_inr,-0.3778402674591382
W-000448,COMPLETION,18,0,1.7097790697674418,days_since_last_payment_as_of,-1.7097790697674418
W-000449,COMPLETION,18,0,2.0398093049459862,physical_progress_velocity_pct_per_30d,2.0398093049459862
W-000450,PRE_SANCTION,3,0,1.903588888888889,recommended_amount_inr,1.903588888888889
W-000451,COMPLETION,18,0,0.9760399672767915,largest_payment_share_as_of,0.9760399672767915
W-000452,EXECUTION,20,0,3.224439024390244,days_since_last_payment_as_of,3.224439024390244
W-000453,PRE_SANCTION,3,0,0.5616636037433919,estimate_to_recommended_ratio,0.5616636037433919
W-000454,COMPLETION,18,0,2.2019903265994,sanction_to_recommended_ratio,-2.2019903265994
W-000455,COMPLETION,18,1,8.027936919443247,physical_progress_velocity_pct_per_30d,8.027936919443247
W-000456,COMPLETION,18,0,2.4167667497583563,schedule_elapsed_ratio_as_of,2.4167667497583563
W-000457,COMPLETION,18,0,2.324430769230775,latest_financial_progress_pct_as_of,-2.324430769230775
W-000458,EXECUTION,20,0,1.218097112319347,largest_payment_share_as_of,1.218097112319347
W-000459,PRE_SANCTION,3,0,1.3971785714285714,recommended_amount_inr,-1.3971785714285714
W-000460,COMPLETION,18,0,1.9861901916102804,sanction_to_recommended_ratio,-1.9861901916102804
W-000461,COMPLETION,18,1,11.60625858714534,financial_overrun_pct_as_of,11.60625858714534
W-000462,EXECUTION,20,0,1.6476335877862585,latest_physical_progress_pct_as_of,-1.6476335877862585
W-000463,COMPLETION,18,0,2.494995195470456,financial_overrun_pct_as_of,2.494995195470456
W-000464,PRE_SANCTION,3,0,1.1524642373929816,estimate_to_recommended_ratio,-1.1524642373929816
W-000465,COMPLETION,18,0,1.0857804878048787,latest_financial_progress_pct_as_of,-1.0857804878048787
W-000466,COMPLETION,18,0,1.0071043647497455,sanction_to_estimate_ratio,1.0071043647497455
W-000467,COMPLETION,18,0,2.29824460537984,financial_overrun_pct_as_of,2.29824460537984
W-000468,PRE_SANCTION,3,0,0.3459855117736522,estimate_to_recommended_ratio,-0.3459855117736522
W-000469,EXECUTION,17,0,2.1737726490272777,sanction_to_estimate_ratio,2.1737726490272777
W-000470,COMPLETION,18,0,2.688849674085338,largest_payment_share_as_of,2.688849674085338
W-000471,COMPLETION,18,0,2.0337194881620317,expenditure_to_sanction_pct_as_of,-2.0337194881620317
W-000472,COMPLETION,18,0,2.9343785039542554,physical_progress_velocity_pct_per_30d,2.9343785039542554
W-000473,COMPLETION,18,0,1.9079912423195335,physical_progress_velocity_pct_per_30d,1.9079912423195335
W-000474,COMPLETION,18,0,1.6819483418367345,financial_overrun_pct_as_of,1.6819483418367345
W-000475,EXECUTION,20,0,2.1951909090909063,expected_minus_physical_gap_pct_as_of,-2.1951909090909063
W-000476,EXECUTION,20,0,0.8417314049586775,expected_minus_physical_gap_pct_as_of,-0.8417314049586775
W-000477,COMPLETION,18,0,1.3203658083204646,sanction_to_recommended_ratio,1.3203658083204646
W-000478,PRE_SANCTION,3,0,1.1815380325818512,estimate_to_recommended_ratio,-1.1815380325818512
W-000479,COMPLETION,18,0,1.8530509075721155,financial_overrun_pct_as_of,1.8530509075721155
W-000480,COMPLETION,18,0,1.6762699984668576,largest_payment_share_as_of,1.6762699984668576
W-000481,COMPLETION,18,0,0.8414130710659898,technical_estimate_amount_inr,-0.8414130710659898
W-000482,EXECUTION,20,1,34.534400000000005,max_physical_progress_drop_pct_as_of,34.534400000000005
W-000483,COMPLETION,18,0,3.2465595744397633,financial_overrun_pct_as_of,3.2465595744397633
W-000484,EXECUTION,20,0,0.9684768471791196,largest_payment_share_as_of,0.9684768471791196
W-000485,COMPLETION,18,1,5.963024725274725,financial_overrun_pct_as_of,5.963024725274725
W-000486,COMPLETION,18,1,6.802501175513662,physical_progress_velocity_pct_per_30d,6.802501175513662
W-000487,EXECUTION,20,0,1.1974759835839979,largest_payment_share_as_of,1.1974759835839979
W-000488,COMPLETION,18,0,2.0487149532710283,days_since_last_payment_as_of,2.0487149532710283
W-000489,COMPLETION,18,1,3.608991467974066,financial_overrun_pct_as_of,3.608991467974066
W-000490,PRE_SANCTION,3,0,1.425633904418395,recommended_amount_inr,1.425633904418395
W-000491,COMPLETION,18,0,2.6020183178234646,largest_payment_share_as_of,2.6020183178234646
W-000492,PRE_SANCTION,3,0,1.039337405655567,estimate_to_recommended_ratio,1.039337405655567
W-000493,COMPLETION,18,1,4.516960799486866,physical_progress_velocity_pct_per_30d,4.516960799486866
W-000494,PRE_SANCTION,3,0,1.1896456166419018,technical_estimate_amount_inr,1.1896456166419018
W-000495,EXECUTION,20,1,4.100959999999997,max_physical_progress_drop_pct_as_of,4.100959999999997
W-000496,COMPLETION,18,1,3.602444065426613,largest_payment_share_as_of,3.602444065426613
W-000497,EXECUTION,20,0,2.8698800078902313,estimate_to_recommended_ratio,2.8698800078902313
W-000498,EXECUTION,20,0,2.044578125000002,financial_minus_physical_gap_pct_as_of,-2.044578125000002
W-000499,COMPLETION,18,0,1.2309670550781533,sanction_to_estimate_ratio,-1.2309670550781533
W-000500,EXECUTION,20,0,2.332870502210438,largest_payment_share_as_of,2.332870502210438
W-000501,COMPLETION,18,1,5.307780761846234,physical_progress_velocity_pct_per_30d,5.307780761846234
W-000502,EXECUTION,20,0,2.133302325581395,days_since_last_payment_as_of,2.133302325581395
W-000503,COMPLETION,18,0,1.4024615004299708,physical_progress_velocity_pct_per_30d,1.4024615004299708
W-000504,EXECUTION,20,0,0.8857804090419806,released_payment_total_inr_as_of,-0.8857804090419806
W-000505,COMPLETION,18,0,1.367722887408786,physical_progress_velocity_pct_per_30d,1.367722887408786
W-000506,EXECUTION,20,0,3.4804115554539,largest_payment_share_as_of,3.4804115554539
W-000507,EXECUTION,20,0,0.9951339352510274,estimate_to_recommended_ratio,0.9951339352510274
W-000508,COMPLETION,18,1,6.982677647819857,physical_progress_velocity_pct_per_30d,6.982677647819857
W-000509,EXECUTION,20,1,11.297875,days_since_last_payment_as_of,11.297875
W-000510,COMPLETION,18,0,1.0349470899470898,days_since_last_payment_as_of,1.0349470899470898
W-000511,PRE_SANCTION,3,0,0.811377071871484,estimate_to_recommended_ratio,-0.811377071871484
W-000512,COMPLETION,18,0,0.8068207661598499,sanction_to_estimate_ratio,-0.8068207661598499
W-000513,COMPLETION,18,0,1.269246885444587,largest_payment_share_as_of,-1.269246885444587
W-000514,COMPLETION,18,1,6.372825699516679,physical_progress_velocity_pct_per_30d,6.372825699516679
W-000515,EXECUTION,20,0,1.2044642857142869,financial_minus_physical_gap_pct_as_of,1.2044642857142869
W-000516,COMPLETION,18,0,2.870003118174354,physical_progress_velocity_pct_per_30d,2.870003118174354
W-000517,PRE_SANCTION,3,0,0.8661656687119313,estimate_to_recommended_ratio,-0.8661656687119313
W-000518,EXECUTION,20,2,14.54992857142857,days_since_last_payment_as_of,14.54992857142857
W-000519,COMPLETION,18,1,4.4203688518477,physical_progress_velocity_pct_per_30d,4.4203688518477
W-000520,PRE_SANCTION,3,0,0.27289840989399294,recommended_amount_inr,-0.27289840989399294
W-000521,COMPLETION,18,0,1.2138660017346055,recommended_amount_inr,-1.2138660017346055
W-000522,COMPLETION,18,0,1.4635377358490567,released_payment_total_inr_as_of,1.4635377358490567
W-000523,COMPLETION,18,1,5.959573674815913,largest_payment_share_as_of,5.959573674815913
W-000524,COMPLETION,18,0,2.12301287400597,physical_progress_velocity_pct_per_30d,2.12301287400597
W-000525,COMPLETION,18,0,2.360658542495615,physical_progress_velocity_pct_per_30d,2.360658542495615
W-000526,COMPLETION,18,0,1.3117870338262971,estimate_to_recommended_ratio,1.3117870338262971
W-000527,COMPLETION,18,0,2.641791666666668,financial_minus_physical_gap_pct_as_of,-2.641791666666668
W-000528,COMPLETION,18,0,2.1318023657366743,largest_payment_share_as_of,2.1318023657366743
W-000529,COMPLETION,18,0,1.8362116504854369,released_payment_total_inr_as_of,-1.8362116504854369
W-000530,COMPLETION,18,0,0.9367304609218436,technical_estimate_amount_inr,0.9367304609218436
W-000531,COMPLETION,18,0,1.7462161803219352,expenditure_to_sanction_pct_as_of,-1.7462161803219352
W-000532,COMPLETION,18,1,7.233119321445448,physical_progress_velocity_pct_per_30d,7.233119321445448
W-000533,COMPLETION,18,0,1.0724696312364426,days_since_last_payment_as_of,1.0724696312364426
W-000534,COMPLETION,18,0,2.7781218143523,expenditure_to_sanction_pct_as_of,-2.7781218143523
W-000535,COMPLETION,18,0,2.0833346774193546,technical_estimate_amount_inr,2.0833346774193546
W-000536,COMPLETION,18,4,8.0668176643408,financial_overrun_pct_as_of,8.0668176643408
W-000537,EXECUTION,20,0,2.035653153153153,overdue_days_as_of,2.035653153153153
W-000538,COMPLETION,18,0,2.1339921710986425,largest_payment_share_as_of,2.1339921710986425
W-000539,EXECUTION,20,1,27.87933333333296,max_physical_progress_drop_pct_as_of,27.87933333333296
W-000540,EXECUTION,20,3,6.566796255090784,sanction_to_recommended_ratio,6.566796255090784
W-000541,COMPLETION,18,0,2.241127992087043,schedule_elapsed_ratio_as_of,2.241127992087043
W-000542,COMPLETION,18,3,4.476227272727265,latest_financial_progress_pct_as_of,-4.476227272727265
W-000543,COMPLETION,18,1,5.089866398058481,largest_payment_share_as_of,5.089866398058481
W-000544,COMPLETION,18,1,5.24940197150998,physical_progress_velocity_pct_per_30d,5.24940197150998
W-000545,COMPLETION,18,1,8.559596447999137,financial_overrun_pct_as_of,8.559596447999137
W-000546,COMPLETION,18,0,2.0874891267750098,expenditure_to_sanction_pct_as_of,-2.0874891267750098
W-000547,COMPLETION,18,0,1.3950184085188366,physical_progress_velocity_pct_per_30d,1.3950184085188366
W-000548,COMPLETION,18,1,8.327823729314419,financial_overrun_pct_as_of,8.327823729314419
W-000549,COMPLETION,18,0,2.6419170326144576,physical_progress_velocity_pct_per_30d,2.6419170326144576
W-000550,PRE_SANCTION,3,0,1.3733282236248874,recommended_amount_inr,-1.3733282236248874
W-000551,COMPLETION,18,0,1.6535340039230397,schedule_elapsed_ratio_as_of,1.6535340039230397
W-000552,COMPLETION,18,0,2.5608774567693127,largest_payment_share_as_of,2.5608774567693127
W-000553,EXECUTION,20,0,1.751181446907818,released_payment_total_inr_as_of,1.751181446907818
W-000554,COMPLETION,18,0,2.3135083364882454,sanction_to_recommended_ratio,-2.3135083364882454
W-000555,COMPLETION,18,0,1.1562857142857155,latest_financial_progress_pct_as_of,-1.1562857142857155
W-000556,COMPLETION,18,0,1.8647941176470646,latest_financial_progress_pct_as_of,-1.8647941176470646
W-000557,COMPLETION,18,0,1.3723255605500577,estimate_to_recommended_ratio,1.3723255605500577
W-000558,COMPLETION,18,0,3.1914902862613173,largest_payment_share_as_of,3.1914902862613173
W-000559,COMPLETION,18,0,1.792605257719222,sanction_to_recommended_ratio,1.792605257719222
W-000560,COMPLETION,18,0,1.477859445396949,sanction_to_estimate_ratio,-1.477859445396949
W-000561,EXECUTION,20,0,3.4804115554539,largest_payment_share_as_of,3.4804115554539
W-000562,COMPLETION,18,0,1.2714018409090857,sanction_to_recommended_ratio,-1.2714018409090857
W-000563,EXECUTION,20,1,6.5019369369369375,days_since_last_payment_as_of,6.5019369369369375
W-000564,COMPLETION,18,0,1.4183680454085705,sanction_to_estimate_ratio,-1.4183680454085705
W-000565,COMPLETION,18,0,1.1100496404019036,largest_payment_share_as_of,1.1100496404019036
W-000566,COMPLETION,18,0,2.5899621834061137,largest_payment_share_as_of,2.5899621834061137
W-000567,COMPLETION,18,0,1.2136158475941332,estimate_to_recommended_ratio,1.2136158475941332
W-000568,EXECUTION,20,0,2.698,physical_progress_decrease_count_as_of,2.698
W-000569,COMPLETION,18,2,5.373768351941474,financial_overrun_pct_as_of,5.373768351941474
W-000570,COMPLETION,18,2,14.058613581190677,sanction_to_estimate_ratio,14.058613581190677
W-000571,EXECUTION,20,0,3.121706211285854,largest_payment_share_as_of,3.121706211285854
W-000572,COMPLETION,18,0,1.079200000000001,latest_financial_progress_pct_as_of,-1.079200000000001
W-000573,COMPLETION,18,0,0.9156171612120517,sanction_to_estimate_ratio,-0.9156171612120517
W-000574,COMPLETION,18,1,6.000516260251372,physical_progress_velocity_pct_per_30d,6.000516260251372
W-000575,COMPLETION,18,0,0.9909330003159782,schedule_elapsed_ratio_as_of,-0.9909330003159782
W-000576,PRE_SANCTION,3,0,1.1865598615916955,technical_estimate_amount_inr,1.1865598615916955
W-000577,COMPLETION,18,1,5.05894635074656,physical_progress_velocity_pct_per_30d,5.05894635074656
W-000578,COMPLETION,18,0,3.357960152362806,physical_progress_velocity_pct_per_30d,3.357960152362806
W-000579,COMPLETION,18,0,0.8097038288288287,days_since_last_payment_as_of,0.8097038288288287
W-000580,PRE_SANCTION,3,0,1.1430369001982084,estimate_to_recommended_ratio,-1.1430369001982084
W-000581,EXECUTION,20,0,1.8195813953488387,expected_minus_physical_gap_pct_as_of,-1.8195813953488387
W-000582,COMPLETION,18,0,1.3902105122328023,sanction_to_recommended_ratio,-1.3902105122328023
W-000583,COMPLETION,18,0,1.9625020529166912,sanction_to_recommended_ratio,1.9625020529166912
W-000584,COMPLETION,18,1,9.031447509960163,financial_overrun_pct_as_of,9.031447509960163
W-000585,EXECUTION,20,0,3.4804115554539,largest_payment_share_as_of,3.4804115554539
W-000586,COMPLETION,18,0,1.8376490902682547,financial_overrun_pct_as_of,1.8376490902682547
W-000587,COMPLETION,18,1,3.919540195428214,largest_payment_share_as_of,3.919540195428214
W-000588,EXECUTION,20,2,19.269539215686272,days_since_last_payment_as_of,19.269539215686272
W-000589,PRE_SANCTION,3,0,1.4395689045936395,recommended_amount_inr,1.4395689045936395
W-000590,COMPLETION,18,0,1.488062827409122,estimate_to_recommended_ratio,1.488062827409122
W-000591,COMPLETION,18,0,1.6972712418300653,recommended_amount_inr,1.6972712418300653
W-000592,COMPLETION,18,0,1.2029779376571181,physical_progress_velocity_pct_per_30d,1.2029779376571181
W-000593,COMPLETION,18,1,7.185030019979167,financial_overrun_pct_as_of,7.185030019979167
W-000594,EXECUTION,20,0,2.678161764705883,financial_minus_physical_gap_pct_as_of,-2.678161764705883
W-000595,COMPLETION,18,0,1.678129125987201,physical_progress_velocity_pct_per_30d,1.678129125987201
W-000596,EXECUTION,20,0,2.3394347953779375,sanction_to_estimate_ratio,-2.3394347953779375
W-000597,COMPLETION,18,0,1.5347457514258416,financial_overrun_pct_as_of,1.5347457514258416
W-000598,PRE_SANCTION,3,0,1.2405068229689593,estimate_to_recommended_ratio,1.2405068229689593
W-000599,COMPLETION,18,0,0.8954979411764706,recommended_amount_inr,0.8954979411764706
W-000600,COMPLETION,18,0,3.0737231125950832,largest_payment_share_as_of,3.0737231125950832
W-000601,COMPLETION,18,0,1.431037394275157,expenditure_to_sanction_pct_as_of,-1.431037394275157
W-000602,COMPLETION,18,0,1.0399664357241718,sanction_to_estimate_ratio,-1.0399664357241718
W-000603,COMPLETION,18,0,1.823079237855196,financial_overrun_pct_as_of,1.823079237855196
W-000604,COMPLETION,18,0,0.6952706645056727,sanctioned_amount_inr,0.6952706645056727
W-000605,EXECUTION,17,0,2.1670816831683166,latest_financial_progress_pct_as_of,-2.1670816831683166
W-000606,EXECUTION,20,0,1.5901311115268701,estimate_to_recommended_ratio,-1.5901311115268701
W-000607,COMPLETION,18,1,4.426870706416077,largest_payment_share_as_of,4.426870706416077
W-000608,EXECUTION,20,0,2.9114983300943704,largest_payment_share_as_of,2.9114983300943704
W-000609,COMPLETION,18,0,2.7664060324395905,physical_progress_velocity_pct_per_30d,2.7664060324395905
W-000610,COMPLETION,18,0,3.1096972926949036,financial_overrun_pct_as_of,3.1096972926949036
W-000611,PRE_SANCTION,3,0,0.7613528351277643,estimate_to_recommended_ratio,0.7613528351277643
W-000612,COMPLETION,18,0,2.256980769230771,latest_financial_progress_pct_as_of,-2.256980769230771
W-000613,COMPLETION,18,1,5.967049389761611,physical_progress_velocity_pct_per_30d,5.967049389761611
W-000614,COMPLETION,18,0,1.872412821586921,expenditure_to_sanction_pct_as_of,-1.872412821586921
W-000615,EXECUTION,20,1,5.595032786885246,days_since_last_payment_as_of,5.595032786885246
W-000616,PRE_SANCTION,3,0,1.089680659657908,estimate_to_recommended_ratio,1.089680659657908
W-000617,PRE_SANCTION,3,0,0.6330760770291975,estimate_to_recommended_ratio,-0.6330760770291975
W-000618,EXECUTION,20,2,21.55901851851852,financial_minus_physical_gap_pct_as_of,21.55901851851852
W-000619,COMPLETION,18,0,1.1957354773468725,expenditure_to_sanction_pct_as_of,-1.1957354773468725
W-000620,COMPLETION,18,0,2.603650008908267,largest_payment_share_as_of,2.603650008908267
W-000621,EXECUTION,20,1,3.848617647058824,days_since_last_payment_as_of,3.848617647058824
W-000622,PRE_SANCTION,3,0,1.6854172839506172,recommended_amount_inr,1.6854172839506172
W-000623,COMPLETION,18,1,9.822612099041766,financial_overrun_pct_as_of,9.822612099041766
W-000624,COMPLETION,18,0,1.336609992632088,sanction_to_recommended_ratio,-1.336609992632088
W-000625,EXECUTION,20,0,2.73595575863896,largest_payment_share_as_of,2.73595575863896
W-000626,EXECUTION,20,0,2.2792482699686922,estimate_to_recommended_ratio,-2.2792482699686922
W-000627,COMPLETION,18,1,5.379606873408836,largest_payment_share_as_of,5.379606873408836
W-000628,COMPLETION,18,0,1.5738333333333359,latest_financial_progress_pct_as_of,-1.5738333333333359
W-000629,COMPLETION,18,0,2.1850136140302983,financial_overrun_pct_as_of,2.1850136140302983
W-000630,EXECUTION,20,6,20.01445123461517,sanction_to_estimate_ratio,20.01445123461517
W-000631,COMPLETION,18,0,1.7434896788990824,days_since_last_payment_as_of,1.7434896788990824
W-000632,COMPLETION,18,2,14.933451329975725,sanction_to_estimate_ratio,14.933451329975725
W-000633,COMPLETION,18,0,2.214545668534052,physical_progress_velocity_pct_per_30d,2.214545668534052
W-000634,COMPLETION,18,0,2.218067774062489,largest_payment_share_as_of,2.218067774062489
W-000635,COMPLETION,18,0,1.0634408118031997,sanction_to_recommended_ratio,1.0634408118031997
W-000636,EXECUTION,20,2,10.096421874999999,days_since_last_payment_as_of,10.096421874999999
W-000637,PRE_SANCTION,3,0,1.236622141227322,estimate_to_recommended_ratio,1.236622141227322
W-000638,COMPLETION,18,0,0.9196343658506813,largest_payment_share_as_of,-0.9196343658506813
W-000639,PRE_SANCTION,3,0,1.5372594178082193,technical_estimate_amount_inr,1.5372594178082193
W-000640,COMPLETION,18,0,3.445175779671225,largest_payment_share_as_of,3.445175779671225
W-000641,COMPLETION,18,1,6.383394517801385,physical_progress_velocity_pct_per_30d,6.383394517801385
W-000642,EXECUTION,20,1,5.46867261911351,sanction_to_recommended_ratio,5.46867261911351
W-000643,COMPLETION,18,0,1.3680611690057047,schedule_elapsed_ratio_as_of,1.3680611690057047
W-000644,COMPLETION,18,1,8.492035446226607,financial_overrun_pct_as_of,8.492035446226607
W-000645,COMPLETION,18,0,2.2661579959980918,financial_overrun_pct_as_of,2.2661579959980918
W-000646,COMPLETION,18,0,2.1359166666666685,financial_minus_physical_gap_pct_as_of,-2.1359166666666685
W-000647,COMPLETION,18,0,3.155515127554146,financial_overrun_pct_as_of,3.155515127554146
W-000648,COMPLETION,18,0,1.2120498361207679,sanction_to_recommended_ratio,-1.2120498361207679
W-000649,COMPLETION,18,0,2.0466749070690193,expenditure_to_sanction_pct_as_of,-2.0466749070690193
W-000650,COMPLETION,18,0,1.1097674460843832,sanction_to_estimate_ratio,1.1097674460843832
W-000651,COMPLETION,18,0,1.4212191919191919,sanctioned_amount_inr,-1.4212191919191919
W-000652,EXECUTION,20,3,8.227078314489864,schedule_elapsed_ratio_as_of,8.227078314489864
W-000653,PRE_SANCTION,3,0,0.7946677612731257,estimate_to_recommended_ratio,0.7946677612731257
W-000654,COMPLETION,18,0,1.1497397046257047,financial_overrun_pct_as_of,1.1497397046257047
W-000655,COMPLETION,18,0,1.2696091559609473,sanction_to_estimate_ratio,-1.2696091559609473
W-000656,COMPLETION,18,0,1.3183409090909066,latest_financial_progress_pct_as_of,-1.3183409090909066
W-000657,PRE_SANCTION,3,0,0.48235219632789816,estimate_to_recommended_ratio,-0.48235219632789816
W-000658,EXECUTION,20,1,3.661571428571435,expected_minus_physical_gap_pct_as_of,-3.661571428571435
W-000659,COMPLETION,18,0,1.7004061728395061,sanctioned_amount_inr,-1.7004061728395061
W-000660,EXECUTION,20,1,4.2999374999999995,days_since_last_payment_as_of,4.2999374999999995
W-000661,COMPLETION,18,0,2.481557365945562,schedule_elapsed_ratio_as_of,2.481557365945562
W-000662,COMPLETION,18,3,5.912533701745166,expenditure_to_sanction_pct_as_of,-5.912533701745166
W-000663,EXECUTION,20,1,5.117160495015605,largest_payment_share_as_of,5.117160495015605
W-000664,PRE_SANCTION,3,0,1.1676703767123289,technical_estimate_amount_inr,1.1676703767123289
W-000665,COMPLETION,18,0,1.7308886149973945,sanction_to_recommended_ratio,-1.7308886149973945
W-000666,EXECUTION,20,0,1.2646874999999989,expected_minus_physical_gap_pct_as_of,-1.2646874999999989
W-000667,COMPLETION,18,0,3.2052154213036546,largest_payment_share_as_of,3.2052154213036546
W-000668,COMPLETION,18,0,1.5253027201608407,largest_payment_share_as_of,1.5253027201608407
W-000669,EXECUTION,20,0,2.720108358237733,largest_payment_share_as_of,2.720108358237733
W-000670,COMPLETION,18,0,1.7882897726318616,financial_overrun_pct_as_of,1.7882897726318616
W-000671,EXECUTION,20,0,1.2986063218390804,recommended_amount_inr,1.2986063218390804
W-000672,COMPLETION,18,0,1.7939169638860404,financial_overrun_pct_as_of,1.7939169638860404
W-000673,COMPLETION,18,0,1.9148424362395815,schedule_elapsed_ratio_as_of,1.9148424362395815
W-000674,COMPLETION,18,0,1.8618917777887125,estimate_to_recommended_ratio,-1.8618917777887125
W-000675,COMPLETION,18,4,16.109777597105044,financial_overrun_pct_as_of,16.109777597105044
W-000676,EXECUTION,20,0,1.1277249961475257,estimate_to_recommended_ratio,1.1277249961475257
W-000677,COMPLETION,18,0,2.8527841342671025,largest_payment_share_as_of,2.8527841342671025
W-000678,COMPLETION,18,0,3.346557692307697,latest_financial_progress_pct_as_of,-3.346557692307697
W-000679,EXECUTION,20,0,1.4248790903275501,schedule_elapsed_ratio_as_of,1.4248790903275501
W-000680,EXECUTION,20,0,1.992127906976743,expected_minus_physical_gap_pct_as_of,-1.992127906976743
W-000681,COMPLETION,18,0,1.110499050817746,sanction_to_estimate_ratio,1.110499050817746
W-000682,EXECUTION,20,0,1.2439087192345784,sanction_to_estimate_ratio,-1.2439087192345784
W-000683,EXECUTION,20,1,5.117160495015605,largest_payment_share_as_of,5.117160495015605
W-000684,PRE_SANCTION,3,0,1.3834295521524926,estimate_to_recommended_ratio,-1.3834295521524926
W-000685,COMPLETION,18,0,1.3070303791012208,sanction_to_recommended_ratio,1.3070303791012208
W-000686,COMPLETION,18,0,0.9343992735761226,estimate_to_recommended_ratio,0.9343992735761226
W-000687,COMPLETION,18,0,0.8384626402116458,financial_overrun_pct_as_of,0.8384626402116458
W-000688,COMPLETION,18,0,1.8416209909285668,largest_payment_share_as_of,1.8416209909285668
W-000689,PRE_SANCTION,3,0,0.7664147373242375,estimate_to_recommended_ratio,-0.7664147373242375
W-000690,COMPLETION,18,0,1.0785661407255847,largest_payment_share_as_of,1.0785661407255847
W-000691,COMPLETION,18,0,1.1489643230795894,sanction_to_estimate_ratio,-1.1489643230795894
W-000692,PRE_SANCTION,3,0,0.48272558966834705,estimate_to_recommended_ratio,-0.48272558966834705
W-000693,EXECUTION,20,0,1.138909836065575,expected_minus_physical_gap_pct_as_of,1.138909836065575
W-000694,COMPLETION,18,0,2.5183878572335123,schedule_elapsed_ratio_as_of,2.5183878572335123
W-000695,COMPLETION,18,0,1.374341639578539,physical_progress_velocity_pct_per_30d,1.374341639578539
W-000696,COMPLETION,18,0,2.603099985481674,schedule_elapsed_ratio_as_of,2.603099985481674
W-000697,COMPLETION,18,0,1.4935510108361874,physical_progress_velocity_pct_per_30d,1.4935510108361874
W-000698,COMPLETION,18,1,5.980660013607233,physical_progress_velocity_pct_per_30d,5.980660013607233
W-000699,COMPLETION,18,0,1.0731359616801768,technical_estimate_amount_inr,1.0731359616801768
W-000700,COMPLETION,18,0,1.714896718146718,sanctioned_amount_inr,-1.714896718146718
W-000701,COMPLETION,18,0,2.238412664681308,expenditure_to_sanction_pct_as_of,-2.238412664681308
W-000702,COMPLETION,18,0,2.1318023657366743,largest_payment_share_as_of,2.1318023657366743
W-000703,COMPLETION,18,0,1.6547720603527538,sanction_to_estimate_ratio,-1.6547720603527538
W-000704,EXECUTION,20,0,1.222531250000001,financial_minus_physical_gap_pct_as_of,-1.222531250000001
W-000705,COMPLETION,18,0,1.3214629111536829,schedule_elapsed_ratio_as_of,1.3214629111536829
W-000706,COMPLETION,18,1,9.817597691476369,physical_progress_velocity_pct_per_30d,9.817597691476369
W-000707,COMPLETION,18,1,4.813147759756786,physical_progress_velocity_pct_per_30d,4.813147759756786
W-000708,EXECUTION,20,0,3.4642230514096184,technical_estimate_amount_inr,-3.4642230514096184
W-000709,PRE_SANCTION,3,0,0.6341261745730651,estimate_to_recommended_ratio,-0.6341261745730651
W-000710,COMPLETION,18,0,2.401590005182458,largest_payment_share_as_of,2.401590005182458
W-000711,EXECUTION,20,0,1.046980860822625,estimate_to_recommended_ratio,-1.046980860822625
W-000712,COMPLETION,18,2,22.62676257140427,sanction_to_estimate_ratio,22.62676257140427
W-000713,EXECUTION,20,2,13.174094936708862,days_since_last_payment_as_of,13.174094936708862
W-000714,COMPLETION,18,1,5.418471442966978,largest_payment_share_as_of,5.418471442966978
W-000715,COMPLETION,18,0,2.02787987012987,days_since_last_payment_as_of,2.02787987012987
W-000716,COMPLETION,18,0,2.934091429374758,largest_payment_share_as_of,2.934091429374758
W-000717,COMPLETION,18,0,1.1715267924149575,financial_overrun_pct_as_of,1.1715267924149575
W-000718,COMPLETION,18,0,3.214571750427476,physical_progress_velocity_pct_per_30d,3.214571750427476
W-000719,COMPLETION,18,1,3.602444065426613,largest_payment_share_as_of,3.602444065426613
W-000720,EXECUTION,20,0,0.9116661851886899,largest_payment_share_as_of,-0.9116661851886899
W-000721,COMPLETION,18,0,1.349,recommended_amount_inr,1.349
W-000722,COMPLETION,18,0,0.8504565217391331,latest_financial_progress_pct_as_of,-0.8504565217391331
W-000723,EXECUTION,20,1,9.50353205128205,days_since_last_payment_as_of,9.50353205128205
W-000724,COMPLETION,18,1,3.7509014127894362,physical_progress_velocity_pct_per_30d,3.7509014127894362
W-000725,EXECUTION,20,2,10.204532258064516,days_since_last_payment_as_of,10.204532258064516
W-000726,COMPLETION,18,0,1.3288427730626193,sanction_to_estimate_ratio,1.3288427730626193
W-000727,COMPLETION,18,0,2.3819645132041254,schedule_elapsed_ratio_as_of,2.3819645132041254
W-000728,EXECUTION,20,1,8.193925925925925,max_physical_progress_drop_pct_as_of,8.193925925925925
W-000729,COMPLETION,18,0,2.8766563137324255,physical_progress_velocity_pct_per_30d,2.8766563137324255
W-000730,COMPLETION,18,0,1.8378076923076923,recommended_amount_inr,-1.8378076923076923
W-000731,PRE_SANCTION,3,0,1.5838455950420451,estimate_to_recommended_ratio,1.5838455950420451
W-000732,PRE_SANCTION,3,0,1.1106607773851591,recommended_amount_inr,1.1106607773851591
W-000733,COMPLETION,18,0,2.601053516819572,sanctioned_amount_inr,-2.601053516819572
W-000734,PRE_SANCTION,3,0,1.5976009255162418,estimate_to_recommended_ratio,-1.5976009255162418
W-000735,COMPLETION,18,1,4.426870706416077,largest_payment_share_as_of,4.426870706416077
W-000736,COMPLETION,18,0,1.7394289332867439,largest_payment_share_as_of,1.7394289332867439
W-000737,COMPLETION,18,0,0.8991492031800968,physical_progress_velocity_pct_per_30d,-0.8991492031800968
W-000738,EXECUTION,20,0,1.3722372987560767,sanction_to_estimate_ratio,1.3722372987560767
W-000739,COMPLETION,18,0,1.8416209909285668,largest_payment_share_as_of,1.8416209909285668
W-000740,EXECUTION,20,0,2.00527027027027,days_since_last_payment_as_of,2.00527027027027
W-000741,COMPLETION,18,0,1.382433478037044,largest_payment_share_as_of,1.382433478037044
W-000742,EXECUTION,20,0,1.349,physical_progress_decrease_count_as_of,1.349
W-000743,COMPLETION,18,0,1.1097759789156627,released_payment_total_inr_as_of,1.1097759789156627
W-000744,COMPLETION,18,1,7.534060944675148,physical_progress_velocity_pct_per_30d,7.534060944675148
W-000745,COMPLETION,18,0,2.8527841342671025,largest_payment_share_as_of,2.8527841342671025
W-000746,COMPLETION,18,0,1.14771875,recommended_amount_inr,-1.14771875
W-000747,EXECUTION,20,0,2.5242305084745764,released_payment_total_inr_as_of,2.5242305084745764
W-000748,COMPLETION,18,0,1.3564386917046602,schedule_elapsed_ratio_as_of,1.3564386917046602
W-000749,COMPLETION,18,0,2.0310629898394708,physical_progress_velocity_pct_per_30d,2.0310629898394708
W-000750,COMPLETION,18,0,1.8505788556951674,financial_overrun_pct_as_of,1.8505788556951674
W-000751,COMPLETION,18,0,2.2573156430822747,sanction_to_recommended_ratio,-2.2573156430822747
W-000752,COMPLETION,18,0,1.3018684156954647,sanction_to_estimate_ratio,1.3018684156954647
W-000753,COMPLETION,18,0,2.079500179624132,schedule_elapsed_ratio_as_of,2.079500179624132
W-000754,COMPLETION,18,0,1.7896058624352673,financial_overrun_pct_as_of,1.7896058624352673
W-000755,EXECUTION,20,0,2.224457227138643,released_payment_total_inr_as_of,-2.224457227138643
W-000756,COMPLETION,18,0,1.1593025612234473,sanction_to_recommended_ratio,-1.1593025612234473
W-000757,COMPLETION,18,0,0.7317303030303031,sanctioned_amount_inr,-0.7317303030303031
W-000758,EXECUTION,20,0,2.6393478260869556,max_physical_progress_drop_pct_as_of,2.6393478260869556
W-000759,COMPLETION,18,0,1.4991716981132075,released_payment_total_inr_as_of,1.4991716981132075
W-000760,PRE_SANCTION,3,0,1.9272860326894503,technical_estimate_amount_inr,1.9272860326894503
W-000761,COMPLETION,18,0,3.005374040749451,expenditure_to_sanction_pct_as_of,-3.005374040749451
W-000762,EXECUTION,20,0,1.349,physical_progress_decrease_count_as_of,1.349
W-000763,EXECUTION,20,0,1.3519454148471615,technical_estimate_amount_inr,1.3519454148471615
W-000764,COMPLETION,18,0,1.6032548828125,technical_estimate_amount_inr,1.6032548828125
W-000765,COMPLETION,18,0,1.074450064496952,largest_payment_share_as_of,1.074450064496952
W-000766,EXECUTION,20,3,8.635811475409847,expected_minus_physical_gap_pct_as_of,8.635811475409847
W-000767,COMPLETION,18,1,6.507025220004866,largest_payment_share_as_of,6.507025220004866
W-000768,PRE_SANCTION,3,0,1.1245115601001006,estimate_to_recommended_ratio,-1.1245115601001006
W-000769,COMPLETION,18,0,1.0960625,latest_financial_progress_pct_as_of,-1.0960625
W-000770,EXECUTION,20,0,2.894467131025032,physical_progress_velocity_pct_per_30d,2.894467131025032
W-000771,PRE_SANCTION,3,0,1.1329969788519638,recommended_amount_inr,1.1329969788519638
W-000772,COMPLETION,18,0,1.6858385675090344,sanction_to_estimate_ratio,1.6858385675090344
W-000773,COMPLETION,18,1,3.7370875347159798,largest_payment_share_as_of,3.7370875347159798
W-000774,COMPLETION,18,1,8.363936399404396,financial_overrun_pct_as_of,8.363936399404396
W-000775,EXECUTION,20,0,2.603333333333332,expected_minus_physical_gap_pct_as_of,-2.603333333333332
W-000776,EXECUTION,20,0,1.6890761301964412,physical_progress_velocity_pct_per_30d,1.6890761301964412
W-000777,COMPLETION,18,0,1.4045732716027106,estimate_to_recommended_ratio,1.4045732716027106
W-000778,COMPLETION,18,0,1.5891349413299143,sanction_to_recommended_ratio,-1.5891349413299143
W-000779,COMPLETION,18,0,2.738819379019765,physical_progress_velocity_pct_per_30d,2.738819379019765
W-000780,COMPLETION,18,0,1.200718540011734,sanction_to_estimate_ratio,-1.200718540011734
W-000781,COMPLETION,18,0,2.6871710955832966,physical_progress_velocity_pct_per_30d,2.6871710955832966
W-000782,COMPLETION,18,0,1.1907508796207351,estimate_to_recommended_ratio,-1.1907508796207351
W-000783,PRE_SANCTION,3,0,0.7204886363636364,recommended_amount_inr,-0.7204886363636364
W-000784,PRE_SANCTION,3,0,1.0481576704545454,recommended_amount_inr,1.0481576704545454
W-000785,COMPLETION,18,0,1.7487037037037036,sanctioned_amount_inr,-1.7487037037037036
W-000786,COMPLETION,18,1,3.823199009832019,physical_progress_velocity_pct_per_30d,3.823199009832019
W-000787,COMPLETION,18,0,3.226647816813179,largest_payment_share_as_of,3.226647816813179
W-000788,COMPLETION,18,0,1.9567430182401895,sanction_to_recommended_ratio,1.9567430182401895
W-000789,EXECUTION,17,0,2.436302480584031,expenditure_to_sanction_pct_as_of,-2.436302480584031
W-000790,COMPLETION,18,1,4.708140980314878,physical_progress_velocity_pct_per_30d,4.708140980314878
W-000791,COMPLETION,18,0,1.4310778516849538,estimate_to_recommended_ratio,1.4310778516849538
W-000792,COMPLETION,18,0,2.780740106938059,financial_overrun_pct_as_of,2.780740106938059
W-000793,EXECUTION,20,0,0.8710057287818163,sanction_to_estimate_ratio,0.8710057287818163
W-000794,COMPLETION,18,0,1.5356032840507614,sanction_to_estimate_ratio,1.5356032840507614
W-000795,COMPLETION,18,0,1.0012109375,days_since_last_payment_as_of,1.0012109375
W-000796,COMPLETION,18,0,2.278242726590291,financial_overrun_pct_as_of,2.278242726590291
W-000797,EXECUTION,20,1,4.531934640522875,days_since_last_payment_as_of,4.531934640522875
W-000798,EXECUTION,20,0,2.7850322580645077,max_physical_progress_drop_pct_as_of,2.7850322580645077
W-000799,COMPLETION,18,0,1.821866464339909,technical_estimate_amount_inr,1.821866464339909
W-000800,EXECUTION,20,0,2.400639784946236,expected_minus_physical_gap_pct_as_of,-2.400639784946236
W-000801,COMPLETION,18,0,1.4610172483073218,financial_overrun_pct_as_of,-1.4610172483073218
W-000802,COMPLETION,18,0,0.8711423820354387,largest_payment_share_as_of,-0.8711423820354387
W-000803,EXECUTION,20,0,0.9213047194038587,largest_payment_share_as_of,-0.9213047194038587
W-000804,COMPLETION,18,0,3.4723230317412854,expenditure_to_sanction_pct_as_of,-3.4723230317412854
W-000805,COMPLETION,18,1,4.846157373529679,largest_payment_share_as_of,4.846157373529679
W-000806,PRE_SANCTION,3,0,1.1125086419753087,recommended_amount_inr,1.1125086419753087
W-000807,COMPLETION,18,0,1.3569584083899398,sanction_to_recommended_ratio,1.3569584083899398
W-000808,EXECUTION,20,2,8.199390625,days_since_last_payment_as_of,8.199390625
W-000809,EXECUTION,20,2,11.069735294117647,days_since_last_payment_as_of,11.069735294117647
W-000810,COMPLETION,18,0,1.262495560724607,schedule_elapsed_ratio_as_of,1.262495560724607
W-000811,EXECUTION,20,3,7.179084158415842,days_since_last_payment_as_of,7.179084158415842
W-000812,COMPLETION,18,0,1.7062931499232947,financial_overrun_pct_as_of,-1.7062931499232947
W-000813,EXECUTION,20,0,1.5848904821521896,largest_payment_share_as_of,1.5848904821521896
W-000814,COMPLETION,18,0,1.8645980230642505,technical_estimate_amount_inr,1.8645980230642505
W-000815,COMPLETION,18,1,7.189538408215889,largest_payment_share_as_of,7.189538408215889
W-000816,COMPLETION,18,0,3.1690892691951897,financial_overrun_pct_as_of,3.1690892691951897
W-000817,PRE_SANCTION,3,0,0.5614041894399461,estimate_to_recommended_ratio,-0.5614041894399461
W-000818,COMPLETION,18,0,1.755302319004525,financial_overrun_pct_as_of,1.755302319004525
W-000819,COMPLETION,18,0,2.996244144882889,largest_payment_share_as_of,2.996244144882889
W-000820,EXECUTION,20,0,1.7005349200550062,sanction_to_recommended_ratio,1.7005349200550062
W-000821,COMPLETION,18,0,1.9775469267296595,physical_progress_velocity_pct_per_30d,1.9775469267296595
W-000822,PRE_SANCTION,3,0,0.6745,estimate_to_recommended_ratio,0.6745
W-000823,COMPLETION,18,0,1.4104128315338007,sanction_to_estimate_ratio,-1.4104128315338007
W-000824,COMPLETION,18,0,1.0514761904761905,days_since_last_payment_as_of,1.0514761904761905
W-000825,COMPLETION,18,0,1.64955952244987,sanction_to_recommended_ratio,1.64955952244987
W-000826,EXECUTION,20,0,3.284521739130434,max_physical_progress_drop_pct_as_of,3.284521739130434
W-000827,EXECUTION,20,0,2.8591281584839274,largest_payment_share_as_of,2.8591281584839274
W-000828,COMPLETION,18,0,1.9311778125,financial_overrun_pct_as_of,1.9311778125
W-000829,COMPLETION,18,0,1.1146650456168774,estimate_to_recommended_ratio,-1.1146650456168774
W-000830,PRE_SANCTION,3,0,1.1595856164383562,technical_estimate_amount_inr,1.1595856164383562
W-000831,COMPLETION,18,0,0.9623963414634134,latest_financial_progress_pct_as_of,-0.9623963414634134
W-000832,COMPLETION,18,0,2.4996577336884434,physical_progress_velocity_pct_per_30d,2.4996577336884434
W-000833,EXECUTION,20,1,3.7473383738209445,largest_payment_share_as_of,3.7473383738209445
W-000834,COMPLETION,18,0,3.151113955301455,financial_overrun_pct_as_of,3.151113955301455
W-000835,PRE_SANCTION,3,0,1.1250265644154727,estimate_to_recommended_ratio,-1.1250265644154727
W-000836,COMPLETION,18,0,0.8114355281207133,technical_estimate_amount_inr,0.8114355281207133
W-000837,EXECUTION,20,2,4.8302903225806455,days_since_last_payment_as_of,4.8302903225806455
W-000838,COMPLETION,18,0,1.6225060159719475,sanction_to_recommended_ratio,1.6225060159719475
W-000839,COMPLETION,18,0,1.0056237216650223,schedule_elapsed_ratio_as_of,1.0056237216650223
W-000840,COMPLETION,18,0,2.8527841342671025,largest_payment_share_as_of,2.8527841342671025
W-000841,COMPLETION,18,0,1.1421763855604476,largest_payment_share_as_of,1.1421763855604476
W-000842,COMPLETION,18,0,2.116402830188679,released_payment_total_inr_as_of,-2.116402830188679
W-000843,COMPLETION,18,0,1.9497515106002692,expenditure_to_sanction_pct_as_of,-1.9497515106002692
W-000844,EXECUTION,20,4,9.735554216867468,days_since_last_payment_as_of,9.735554216867468
W-000845,COMPLETION,18,3,4.61470114083336,expenditure_to_sanction_pct_as_of,-4.61470114083336
W-000846,COMPLETION,18,0,2.0810934002319046,estimate_to_recommended_ratio,-2.0810934002319046
W-000847,COMPLETION,18,2,11.506295046201792,sanction_to_estimate_ratio,11.506295046201792
W-000848,COMPLETION,18,0,1.165789082973793,schedule_elapsed_ratio_as_of,1.165789082973793
W-000849,COMPLETION,18,0,1.1637097321940022,estimate_to_recommended_ratio,1.1637097321940022
W-000850,COMPLETION,18,1,4.221927322895912,largest_payment_share_as_of,4.221927322895912
W-000851,COMPLETION,18,0,3.2752820207067543,largest_payment_share_as_of,3.2752820207067543
W-000852,EXECUTION,20,0,1.30429823269514,sanctioned_amount_inr,-1.30429823269514
W-000853,EXECUTION,20,3,118.71199999999837,max_physical_progress_drop_pct_as_of,118.71199999999837
W-000854,COMPLETION,18,0,1.5455809311853341,schedule_elapsed_ratio_as_of,1.5455809311853341
W-000855,PRE_SANCTION,3,0,0.4894714928413795,estimate_to_recommended_ratio,0.4894714928413795
W-000856,COMPLETION,18,0,2.3730021316154506,expenditure_to_sanction_pct_as_of,-2.3730021316154506
W-000857,COMPLETION,18,0,1.2199090909090908,days_since_last_payment_as_of,1.2199090909090908
W-000858,EXECUTION,20,2,12.636955882352922,financial_minus_physical_gap_pct_as_of,12.636955882352922
W-000859,COMPLETION,18,0,0.9666758816743574,financial_overrun_pct_as_of,0.9666758816743574
W-000860,COMPLETION,18,1,6.4971522062469065,largest_payment_share_as_of,6.4971522062469065
W-000861,COMPLETION,18,0,1.6333702432353774,largest_payment_share_as_of,1.6333702432353774
W-000862,COMPLETION,18,0,1.2913028193252516,largest_payment_share_as_of,1.2913028193252516
W-000863,COMPLETION,18,0,3.1923705963223914,financial_overrun_pct_as_of,3.1923705963223914
W-000864,COMPLETION,18,0,1.1811031404577172,physical_progress_velocity_pct_per_30d,1.1811031404577172
W-000865,EXECUTION,20,0,2.275920245398772,latest_financial_progress_pct_as_of,-2.275920245398772
W-000866,COMPLETION,18,0,2.1091865812201616,sanction_to_recommended_ratio,-2.1091865812201616
W-000867,PRE_SANCTION,3,0,0.733365808081593,estimate_to_recommended_ratio,-0.733365808081593
W-000868,COMPLETION,18,0,2.134760472307767,physical_progress_velocity_pct_per_30d,2.134760472307767
W-000869,COMPLETION,18,0,3.4394479648672767,physical_progress_velocity_pct_per_30d,3.4394479648672767
W-000870,COMPLETION,18,0,1.5504864864864865,technical_estimate_amount_inr,1.5504864864864865
W-000871,COMPLETION,18,0,0.9583212833790027,schedule_elapsed_ratio_as_of,-0.9583212833790027
W-000872,COMPLETION,18,0,0.9203375643772906,sanction_to_estimate_ratio,-0.9203375643772906
W-000873,EXECUTION,20,1,3.792600592162201,largest_payment_share_as_of,3.792600592162201
W-000874,COMPLETION,18,0,3.1478164894201406,largest_payment_share_as_of,3.1478164894201406
W-000875,COMPLETION,18,1,4.647903485609347,largest_payment_share_as_of,4.647903485609347
W-000876,COMPLETION,18,0,1.058442458211925,sanction_to_estimate_ratio,1.058442458211925
W-000877,COMPLETION,18,0,2.218067774062489,largest_payment_share_as_of,2.218067774062489
W-000878,COMPLETION,18,0,3.2752820207067543,largest_payment_share_as_of,3.2752820207067543
W-000879,EXECUTION,20,0,2.4024748598791983,sanction_to_recommended_ratio,-2.4024748598791983
W-000880,COMPLETION,18,0,1.4748470758279568,sanction_to_estimate_ratio,1.4748470758279568
W-000881,COMPLETION,18,0,1.6314449433830551,largest_payment_share_as_of,1.6314449433830551
W-000882,COMPLETION,18,1,7.379030000000001,financial_overrun_pct_as_of,7.379030000000001
W-000883,COMPLETION,18,0,2.3373295967518226,expenditure_to_sanction_pct_as_of,-2.3373295967518226
W-000884,PRE_SANCTION,3,0,0.8286884377758165,technical_estimate_amount_inr,0.8286884377758165
W-000885,COMPLETION,18,0,2.6388522014821083,largest_payment_share_as_of,2.6388522014821083
W-000886,COMPLETION,18,0,1.7178671874999998,days_since_last_payment_as_of,1.7178671874999998
W-000887,EXECUTION,20,0,1.6814547619750444,sanction_to_estimate_ratio,1.6814547619750444
W-000888,COMPLETION,18,0,2.996244144882889,largest_payment_share_as_of,2.996244144882889
W-000889,COMPLETION,18,2,11.136582763649427,sanction_to_estimate_ratio,11.136582763649427
W-000890,COMPLETION,18,1,5.959573674815913,largest_payment_share_as_of,5.959573674815913
W-000891,EXECUTION,20,0,2.065656250000002,financial_minus_physical_gap_pct_as_of,-2.065656250000002
W-000892,COMPLETION,18,0,1.3482580805164521,physical_progress_velocity_pct_per_30d,1.3482580805164521
W-000893,COMPLETION,18,0,1.13884,released_payment_total_inr_as_of,1.13884
W-000894,EXECUTION,20,0,2.1970553093528435,physical_progress_velocity_pct_per_30d,2.1970553093528435
W-000895,PRE_SANCTION,3,0,0.6745,technical_estimate_amount_inr,-0.6745
W-000896,COMPLETION,18,0,1.2106346762033384,physical_progress_velocity_pct_per_30d,1.2106346762033384
W-000897,COMPLETION,18,0,2.0326164144848686,financial_overrun_pct_as_of,2.0326164144848686
W-000898,EXECUTION,20,1,4.18752083333336,financial_minus_physical_gap_pct_as_of,-4.18752083333336
W-000899,COMPLETION,18,0,1.726537888436067,financial_overrun_pct_as_of,1.726537888436067
W-000900,COMPLETION,18,0,1.47620691927789,sanction_to_estimate_ratio,-1.47620691927789
W-000901,EXECUTION,20,0,1.2356926125817507,sanction_to_recommended_ratio,1.2356926125817507
W-000902,EXECUTION,20,1,5.6658000000000035,max_physical_progress_drop_pct_as_of,5.6658000000000035
W-000903,EXECUTION,20,0,2.5753636363636345,financial_minus_physical_gap_pct_as_of,-2.5753636363636345
W-000904,COMPLETION,18,1,8.084144667271717,physical_progress_velocity_pct_per_30d,8.084144667271717
W-000905,COMPLETION,18,0,1.527288888888889,sanctioned_amount_inr,-1.527288888888889
W-000906,EXECUTION,20,2,4.7412429770711375,schedule_elapsed_ratio_as_of,4.7412429770711375
W-000907,COMPLETION,18,0,2.417823076923077,recommended_amount_inr,-2.417823076923077
W-000908,PRE_SANCTION,3,0,1.8257014050426508,estimate_to_recommended_ratio,-1.8257014050426508
W-000909,COMPLETION,18,3,3.7356923076923136,latest_financial_progress_pct_as_of,-3.7356923076923136
W-000910,EXECUTION,20,1,11.041814814814813,financial_minus_physical_gap_pct_as_of,11.041814814814813
W-000911,EXECUTION,20,0,1.2594518766820477,physical_progress_velocity_pct_per_30d,1.2594518766820477
W-000912,COMPLETION,18,0,1.603032467532471,latest_financial_progress_pct_as_of,-1.603032467532471
W-000913,EXECUTION,20,5,17.071499999999997,days_since_last_payment_as_of,17.071499999999997
W-000914,COMPLETION,18,0,2.953236830434141,largest_payment_share_as_of,2.953236830434141
W-000915,EXECUTION,20,2,9.714551948051948,days_since_last_payment_as_of,9.714551948051948
W-000916,EXECUTION,20,0,1.0523058977516995,expenditure_to_sanction_pct_as_of,-1.0523058977516995
W-000917,COMPLETION,18,0,1.5277831325301205,released_payment_total_inr_as_of,-1.5277831325301205
W-000918,COMPLETION,18,0,1.1494980175945704,estimate_to_recommended_ratio,1.1494980175945704
W-000919,COMPLETION,18,0,3.1000741823856663,physical_progress_velocity_pct_per_30d,3.1000741823856663
W-000920,EXECUTION,20,2,16.94953225806452,days_since_last_payment_as_of,16.94953225806452
W-000921,COMPLETION,18,0,1.0654522292993631,days_since_last_payment_as_of,-1.0654522292993631
W-000922,EXECUTION,20,0,2.356703,sanctioned_amount_inr,2.356703
W-000923,EXECUTION,20,2,15.440288394177388,sanction_to_recommended_ratio,15.440288394177388
W-000924,PRE_SANCTION,3,0,0.784262924574503,estimate_to_recommended_ratio,-0.784262924574503
W-000925,EXECUTION,20,1,5.877056450894839,largest_payment_share_as_of,5.877056450894839
W-000926,COMPLETION,18,0,2.64880601881395,estimate_to_recommended_ratio,2.64880601881395
W-000927,COMPLETION,18,0,1.9597740531635368,schedule_elapsed_ratio_as_of,1.9597740531635368
W-000928,EXECUTION,20,2,4.047,days_since_last_payment_as_of,4.047
W-000929,COMPLETION,18,0,1.8214679266580969,largest_payment_share_as_of,1.8214679266580969
W-000930,COMPLETION,18,0,2.1057560975609806,latest_financial_progress_pct_as_of,-2.1057560975609806
W-000931,EXECUTION,20,0,1.587058823529413,financial_minus_physical_gap_pct_as_of,-1.587058823529413
W-000932,EXECUTION,20,2,3.960183168316832,days_since_last_payment_as_of,3.960183168316832
W-000933,COMPLETION,18,0,1.2921207174925966,schedule_elapsed_ratio_as_of,1.2921207174925966
W-000934,COMPLETION,18,5,16.23549971420105,financial_overrun_pct_as_of,16.23549971420105
W-000935,COMPLETION,18,0,1.5701580661289711,estimate_to_recommended_ratio,-1.5701580661289711
W-000936,COMPLETION,18,1,6.9509755298960245,financial_overrun_pct_as_of,6.9509755298960245
W-000937,COMPLETION,18,0,2.953236830434141,largest_payment_share_as_of,2.953236830434141
W-000938,EXECUTION,20,0,0.9530897808314321,expenditure_to_sanction_pct_as_of,-0.9530897808314321
W-000939,COMPLETION,18,0,1.8938667680909171,largest_payment_share_as_of,1.8938667680909171
W-000940,COMPLETION,18,1,4.024654237222359,financial_overrun_pct_as_of,4.024654237222359
W-000941,COMPLETION,18,0,1.1824359670236642,sanction_to_estimate_ratio,-1.1824359670236642
W-000942,EXECUTION,20,0,1.1803749999999997,financial_minus_physical_gap_pct_as_of,-1.1803749999999997
W-000943,PRE_SANCTION,3,0,1.1819952773748952,estimate_to_recommended_ratio,1.1819952773748952
W-000944,COMPLETION,18,0,1.4315466243493755,expenditure_to_sanction_pct_as_of,-1.4315466243493755
W-000945,COMPLETION,18,0,2.1357398553004088,financial_overrun_pct_as_of,2.1357398553004088
W-000946,COMPLETION,18,0,1.3440184638109305,sanctioned_amount_inr,1.3440184638109305
W-000947,COMPLETION,18,0,1.3288071101374075,sanction_to_estimate_ratio,1.3288071101374075
W-000948,COMPLETION,18,0,1.6059799867292492,sanction_to_recommended_ratio,1.6059799867292492
W-000949,PRE_SANCTION,3,0,0.9131010400474088,estimate_to_recommended_ratio,-0.9131010400474088
W-000950,COMPLETION,18,0,1.369516553504435,expenditure_to_sanction_pct_as_of,-1.369516553504435
W-000951,EXECUTION,20,2,6.5157581699346405,days_since_last_payment_as_of,6.5157581699346405
W-000952,COMPLETION,18,1,3.7059995722840027,financial_overrun_pct_as_of,3.7059995722840027
W-000953,COMPLETION,18,0,0.9906605079240243,schedule_elapsed_ratio_as_of,0.9906605079240243
W-000954,COMPLETION,18,0,1.46868199174962,largest_payment_share_as_of,1.46868199174962
W-000955,EXECUTION,20,0,1.01175,released_payment_total_inr_as_of,1.01175
W-000956,PRE_SANCTION,3,0,1.5047965903161378,estimate_to_recommended_ratio,-1.5047965903161378
W-000957,PRE_SANCTION,3,0,0.991629971590909,recommended_amount_inr,-0.991629971590909
W-000958,COMPLETION,18,0,1.6984490553932252,sanction_to_recommended_ratio,-1.6984490553932252
W-000959,COMPLETION,18,1,4.101973986735445,financial_overrun_pct_as_of,4.101973986735445
W-000960,COMPLETION,18,0,2.505475315843303,physical_progress_velocity_pct_per_30d,2.505475315843303
W-000961,COMPLETION,18,0,3.226647816813179,largest_payment_share_as_of,3.226647816813179
W-000962,EXECUTION,20,0,1.0709202688273751,physical_progress_velocity_pct_per_30d,-1.0709202688273751
W-000963,PRE_SANCTION,3,0,1.141546514401957,estimate_to_recommended_ratio,-1.141546514401957
W-000964,COMPLETION,18,1,7.048259273567216,financial_overrun_pct_as_of,7.048259273567216
W-000965,COMPLETION,18,0,1.793627375830189,financial_overrun_pct_as_of,1.793627375830189
W-000966,COMPLETION,18,0,1.2496261510128914,technical_estimate_amount_inr,1.2496261510128914
W-000967,COMPLETION,18,0,1.7434683043007078,expenditure_to_sanction_pct_as_of,-1.7434683043007078
W-000968,COMPLETION,18,0,1.701445222408963,largest_payment_share_as_of,1.701445222408963
W-000969,COMPLETION,18,3,5.414243596078931,expenditure_to_sanction_pct_as_of,-5.414243596078931
W-000970,COMPLETION,18,0,1.2080083758193736,released_payment_total_inr_as_of,1.2080083758193736
W-000971,PRE_SANCTION,3,0,1.3438317192139604,estimate_to_recommended_ratio,-1.3438317192139604
W-000972,COMPLETION,18,0,1.861167801585811,sanction_to_recommended_ratio,-1.861167801585811
W-000973,EXECUTION,20,1,6.484951807228915,days_since_last_payment_as_of,6.484951807228915
W-000974,COMPLETION,18,0,2.5608774567693127,largest_payment_share_as_of,2.5608774567693127
W-000975,COMPLETION,18,0,2.8466769037946373,physical_progress_velocity_pct_per_30d,2.8466769037946373
W-000976,COMPLETION,18,0,3.1033107706421243,schedule_elapsed_ratio_as_of,3.1033107706421243
W-000977,COMPLETION,18,0,3.2244675163727425,largest_payment_share_as_of,3.2244675163727425
W-000978,COMPLETION,18,0,1.6380714285714286,days_since_last_payment_as_of,-1.6380714285714286
W-000979,EXECUTION,20,1,3.848488030878243,largest_payment_share_as_of,3.848488030878243
W-000980,COMPLETION,18,0,0.8486646205702847,sanction_to_estimate_ratio,0.8486646205702847
W-000981,COMPLETION,18,0,1.5127174884333958,physical_progress_velocity_pct_per_30d,1.5127174884333958
W-000982,EXECUTION,20,0,1.4171508899800942,sanction_to_estimate_ratio,-1.4171508899800942
W-000983,COMPLETION,18,0,1.2498556909070695,sanction_to_estimate_ratio,1.2498556909070695
W-000984,EXECUTION,20,0,1.9199055617215979,estimate_to_recommended_ratio,-1.9199055617215979
W-000985,EXECUTION,20,1,12.86319191919192,overdue_days_as_of,12.86319191919192
W-000986,COMPLETION,18,2,23.022311264822065,sanction_to_estimate_ratio,23.022311264822065
W-000987,EXECUTION,20,1,3.713191326530613,largest_payment_share_as_of,3.713191326530613
W-000988,COMPLETION,18,1,4.426870706416077,largest_payment_share_as_of,4.426870706416077
W-000989,COMPLETION,18,0,1.7200952467467592,schedule_elapsed_ratio_as_of,1.7200952467467592
W-000990,COMPLETION,18,0,2.638045082171391,financial_overrun_pct_as_of,2.638045082171391
W-000991,COMPLETION,18,0,2.1322903225806487,latest_financial_progress_pct_as_of,-2.1322903225806487
W-000992,COMPLETION,18,0,2.087622035345908,sanction_to_estimate_ratio,-2.087622035345908
W-000993,COMPLETION,18,0,1.4905333905527092,sanction_to_estimate_ratio,1.4905333905527092
W-000994,COMPLETION,18,0,1.8030746121231505,expenditure_to_sanction_pct_as_of,-1.8030746121231505
W-000995,COMPLETION,18,0,1.2248558989128242,physical_progress_velocity_pct_per_30d,-1.2248558989128242
W-000996,COMPLETION,18,0,3.0497624580657745,physical_progress_velocity_pct_per_30d,3.0497624580657745
W-000997,COMPLETION,18,0,1.4913500986193293,recommended_amount_inr,1.4913500986193293
W-000998,COMPLETION,18,1,4.113414465661052,physical_progress_velocity_pct_per_30d,4.113414465661052
W-000999,PRE_SANCTION,3,0,0.49912901328945986,estimate_to_recommended_ratio,0.49912901328945986
W-001000,COMPLETION,18,0,2.6451847648303852,financial_overrun_pct_as_of,2.6451847648303852
W-001001,COMPLETION,18,0,2.711581345156945,largest_payment_share_as_of,2.711581345156945
W-001002,COMPLETION,18,0,2.0724556451612903,technical_estimate_amount_inr,2.0724556451612903
W-001003,COMPLETION,18,0,3.0737231125950832,largest_payment_share_as_of,3.0737231125950832
W-001004,COMPLETION,18,0,2.2054109803565436,estimate_to_recommended_ratio,2.2054109803565436
W-001005,EXECUTION,20,1,27.384699999999995,financial_minus_physical_gap_pct_as_of,27.384699999999995
W-001006,COMPLETION,18,0,2.4833863636363587,latest_financial_progress_pct_as_of,-2.4833863636363587
W-001007,COMPLETION,18,0,0.8560961538461586,latest_financial_progress_pct_as_of,0.8560961538461586
W-001008,EXECUTION,20,0,0.6705445681764716,largest_payment_share_as_of,-0.6705445681764716
W-001009,COMPLETION,18,0,1.5870588235294119,released_payment_total_inr_as_of,-1.5870588235294119
W-001010,COMPLETION,18,0,1.9112773056285661,schedule_elapsed_ratio_as_of,1.9112773056285661
W-001011,COMPLETION,18,0,1.6084230769230776,latest_financial_progress_pct_as_of,-1.6084230769230776
W-001012,COMPLETION,18,0,1.8156176523966934,schedule_elapsed_ratio_as_of,1.8156176523966934
W-001013,EXECUTION,20,1,6.557638888888889,days_since_last_payment_as_of,6.557638888888889
W-001014,COMPLETION,18,0,0.7931040028591851,sanctioned_amount_inr,0.7931040028591851
W-001015,COMPLETION,18,0,1.369546312271911,schedule_elapsed_ratio_as_of,1.369546312271911
W-001016,COMPLETION,18,4,17.975694444444443,financial_overrun_pct_as_of,17.975694444444443
W-001017,COMPLETION,18,1,9.197874890875012,financial_overrun_pct_as_of,9.197874890875012
W-001018,COMPLETION,18,0,1.6128871488934096,expenditure_to_sanction_pct_as_of,-1.6128871488934096
W-001019,EXECUTION,20,0,2.0335965052508844,largest_payment_share_as_of,2.0335965052508844
W-001020,PRE_SANCTION,3,0,0.9443,technical_estimate_amount_inr,0.9443
W-001021,EXECUTION,20,0,1.5037468389279778,sanction_to_estimate_ratio,1.5037468389279778
W-001022,COMPLETION,18,0,0.7218773926831433,largest_payment_share_as_of,0.7218773926831433
W-001023,EXECUTION,20,0,2.0235,days_since_last_payment_as_of,2.0235
W-001024,EXECUTION,20,0,1.5417142857142854,expected_minus_physical_gap_pct_as_of,-1.5417142857142854
W-001025,COMPLETION,18,1,4.658774420926651,largest_payment_share_as_of,4.658774420926651
W-001026,COMPLETION,18,1,3.5181928964647398,largest_payment_share_as_of,3.5181928964647398
W-001027,COMPLETION,18,1,5.379606873408836,largest_payment_share_as_of,5.379606873408836
W-001028,COMPLETION,18,0,1.0573928571428572,days_since_last_payment_as_of,1.0573928571428572
W-001029,EXECUTION,20,0,2.4029062500000014,financial_minus_physical_gap_pct_as_of,-2.4029062500000014
W-001030,COMPLETION,18,0,2.1339921710986425,largest_payment_share_as_of,2.1339921710986425
W-001031,EXECUTION,20,3,8.290373417721518,days_since_last_payment_as_of,8.290373417721518
W-001032,EXECUTION,20,3,18.55378358208955,days_since_last_payment_as_of,18.55378358208955
W-001033,COMPLETION,18,0,3.116853509160696,financial_overrun_pct_as_of,3.116853509160696
W-001034,COMPLETION,18,0,1.5310079365079365,days_since_last_payment_as_of,1.5310079365079365
W-001035,COMPLETION,18,0,1.2028979903767503,sanction_to_recommended_ratio,1.2028979903767503
W-001036,COMPLETION,18,0,1.7864427184466019,released_payment_total_inr_as_of,-1.7864427184466019
W-001037,EXECUTION,20,0,3.3022395833333333,days_since_last_payment_as_of,3.3022395833333333
W-001038,COMPLETION,18,2,17.96162206566885,sanction_to_estimate_ratio,17.96162206566885
W-001039,COMPLETION,18,0,2.2859108146067415,released_payment_total_inr_as_of,-2.2859108146067415
W-001040,EXECUTION,17,0,1.7800401755689503,expenditure_to_sanction_pct_as_of,-1.7800401755689503
W-001041,COMPLETION,18,0,1.4014362597712409,sanction_to_estimate_ratio,1.4014362597712409
W-001042,COMPLETION,18,0,1.7560636517891026,sanction_to_recommended_ratio,-1.7560636517891026
W-001043,COMPLETION,18,0,1.3058928441823003,sanction_to_estimate_ratio,-1.3058928441823003
W-001044,COMPLETION,18,0,1.098369776159227,financial_overrun_pct_as_of,1.098369776159227
W-001045,EXECUTION,20,0,1.2990370370370368,financial_minus_physical_gap_pct_as_of,-1.2990370370370368
W-001046,EXECUTION,20,2,17.806799999999996,max_physical_progress_drop_pct_as_of,17.806799999999996
W-001047,COMPLETION,18,0,1.3820228194070114,sanction_to_recommended_ratio,1.3820228194070114
W-001048,COMPLETION,18,0,1.7083776612809378,sanction_to_estimate_ratio,-1.7083776612809378
W-001049,COMPLETION,18,0,1.208328328524844,physical_progress_velocity_pct_per_30d,1.208328328524844
W-001050,COMPLETION,18,0,0.5866863075196409,technical_estimate_amount_inr,0.5866863075196409
W-001051,COMPLETION,18,1,3.6976541358775417,physical_progress_velocity_pct_per_30d,3.6976541358775417
W-001052,EXECUTION,20,1,3.759213333333334,expected_minus_physical_gap_pct_as_of,-3.759213333333334
W-001053,EXECUTION,20,0,2.49565,expected_minus_physical_gap_pct_as_of,2.49565
W-001054,COMPLETION,18,0,2.5273436649268195,financial_overrun_pct_as_of,2.5273436649268195
W-001055,COMPLETION,18,0,1.7426132409197481,financial_overrun_pct_as_of,1.7426132409197481
W-001056,PRE_SANCTION,3,0,1.0812549283154123,technical_estimate_amount_inr,1.0812549283154123
W-001057,COMPLETION,18,0,1.4264653477479559,financial_overrun_pct_as_of,1.4264653477479559
W-001058,EXECUTION,20,0,1.487086614173228,latest_physical_progress_pct_as_of,-1.487086614173228
W-001059,EXECUTION,20,0,1.3881921519570672,largest_payment_share_as_of,1.3881921519570672
W-001060,COMPLETION,18,0,1.4520032297134065,sanction_to_recommended_ratio,1.4520032297134065
W-001061,EXECUTION,20,0,2.7340419847328223,latest_physical_progress_pct_as_of,-2.7340419847328223
W-001062,PRE_SANCTION,3,0,0.24272664359861593,technical_estimate_amount_inr,0.24272664359861593
W-001063,COMPLETION,18,0,1.4352732558139534,days_since_last_payment_as_of,-1.4352732558139534
W-001064,COMPLETION,18,0,1.7451671686746988,released_payment_total_inr_as_of,1.7451671686746988
W-001065,EXECUTION,20,0,1.3451676136363626,expected_minus_physical_gap_pct_as_of,-1.3451676136363626
W-001066,PRE_SANCTION,3,0,1.2674894259818732,recommended_amount_inr,1.2674894259818732
W-001067,EXECUTION,20,0,2.482552396537514,physical_progress_velocity_pct_per_30d,2.482552396537514
W-001068,COMPLETION,18,0,2.3019633027522937,sanctioned_amount_inr,-2.3019633027522937
W-001069,COMPLETION,18,0,2.702778000435688,physical_progress_velocity_pct_per_30d,2.702778000435688
W-001070,COMPLETION,18,0,1.8739302086685414,sanction_to_recommended_ratio,1.8739302086685414
W-001071,EXECUTION,20,0,1.8108482233627443,estimate_to_recommended_ratio,1.8108482233627443
W-001072,COMPLETION,18,0,2.3233294306032355,physical_progress_velocity_pct_per_30d,2.3233294306032355
W-001073,COMPLETION,18,0,1.7537001835959911,schedule_elapsed_ratio_as_of,1.7537001835959911
W-001074,COMPLETION,18,0,1.4088180428134556,sanctioned_amount_inr,-1.4088180428134556
W-001075,PRE_SANCTION,3,0,1.8708403967538323,recommended_amount_inr,-1.8708403967538323
W-001076,COMPLETION,18,0,1.7715169811320755,released_payment_total_inr_as_of,-1.7715169811320755
W-001077,COMPLETION,18,0,1.1923538406476026,estimate_to_recommended_ratio,1.1923538406476026
W-001078,COMPLETION,18,0,1.6166013123534655,physical_progress_velocity_pct_per_30d,1.6166013123534655
W-001079,COMPLETION,18,0,2.180949810148489,schedule_elapsed_ratio_as_of,2.180949810148489
W-001080,COMPLETION,18,0,2.376598361619199,largest_payment_share_as_of,2.376598361619199
W-001081,EXECUTION,17,0,1.9868604938271601,latest_financial_progress_pct_as_of,-1.9868604938271601
W-001082,COMPLETION,18,0,2.953224495975371,largest_payment_share_as_of,2.953224495975371
W-001083,COMPLETION,18,0,1.3068501186243584,physical_progress_velocity_pct_per_30d,1.3068501186243584
W-001084,EXECUTION,20,0,2.71062623355959,schedule_elapsed_ratio_as_of,2.71062623355959
W-001085,EXECUTION,20,0,1.7530604736429638,schedule_elapsed_ratio_as_of,1.7530604736429638
W-001086,COMPLETION,18,0,1.437043332775935,largest_payment_share_as_of,1.437043332775935
W-001087,COMPLETION,18,0,2.5652984401593018,physical_progress_velocity_pct_per_30d,2.5652984401593018
W-001088,PRE_SANCTION,3,0,0.6827033783783784,technical_estimate_amount_inr,0.6827033783783784
W-001089,COMPLETION,18,0,3.252454157303371,financial_overrun_pct_as_of,3.252454157303371
W-001090,COMPLETION,18,0,2.571717677136666,largest_payment_share_as_of,2.571717677136666
W-001091,EXECUTION,20,3,5.519384146341463,days_since_last_payment_as_of,5.519384146341463
W-001092,COMPLETION,18,0,3.4806219017659767,expenditure_to_sanction_pct_as_of,-3.4806219017659767
W-001093,EXECUTION,20,1,5.117160495015605,largest_payment_share_as_of,5.117160495015605
W-001094,COMPLETION,18,1,7.625227855812933,financial_overrun_pct_as_of,7.625227855812933
W-001095,COMPLETION,18,0,2.1318023657366743,largest_payment_share_as_of,2.1318023657366743
W-001096,COMPLETION,18,0,1.7138021402962247,schedule_elapsed_ratio_as_of,1.7138021402962247
W-001097,COMPLETION,18,0,1.4537546923107822,expenditure_to_sanction_pct_as_of,-1.4537546923107822
W-001098,COMPLETION,18,0,0.8953909664768416,largest_payment_share_as_of,-0.8953909664768416
W-001099,PRE_SANCTION,3,0,2.2235996393146977,recommended_amount_inr,-2.2235996393146977
W-001100,COMPLETION,18,1,7.3965345254447765,largest_payment_share_as_of,7.3965345254447765
W-001101,PRE_SANCTION,3,0,0.878405509307484,estimate_to_recommended_ratio,0.878405509307484
W-001102,COMPLETION,18,0,3.2231932607186247,financial_overrun_pct_as_of,3.2231932607186247
W-001103,EXECUTION,20,0,1.8326342925659473,released_payment_total_inr_as_of,1.8326342925659473
W-001104,COMPLETION,18,0,1.2269423983601897,schedule_elapsed_ratio_as_of,1.2269423983601897
W-001105,COMPLETION,18,0,2.953224495975371,largest_payment_share_as_of,2.953224495975371
W-001106,COMPLETION,18,1,4.426870706416077,largest_payment_share_as_of,4.426870706416077
W-001107,EXECUTION,20,1,4.047,physical_progress_decrease_count_as_of,4.047
W-001108,COMPLETION,18,0,1.244179054054054,days_since_last_payment_as_of,1.244179054054054
W-001109,COMPLETION,18,0,2.4480111868371037,expenditure_to_sanction_pct_as_of,-2.4480111868371037
W-001110,COMPLETION,18,0,1.7983298625492121,physical_progress_velocity_pct_per_30d,1.7983298625492121
W-001111,COMPLETION,18,0,3.198669788466983,physical_progress_velocity_pct_per_30d,3.198669788466983
W-001112,COMPLETION,18,1,4.647903485609347,largest_payment_share_as_of,4.647903485609347
W-001113,EXECUTION,20,0,1.4155833342369275,sanction_to_recommended_ratio,-1.4155833342369275
W-001114,EXECUTION,20,0,2.0234189152056112,largest_payment_share_as_of,2.0234189152056112
W-001115,COMPLETION,18,0,3.2052154213036546,largest_payment_share_as_of,3.2052154213036546
W-001116,COMPLETION,18,0,1.877264768039372,schedule_elapsed_ratio_as_of,1.877264768039372
W-001117,PRE_SANCTION,3,0,0.10700072717569267,estimate_to_recommended_ratio,-0.10700072717569267
W-001118,EXECUTION,20,4,13.5565,days_since_last_payment_as_of,13.5565
W-001119,COMPLETION,18,1,7.551510873146624,financial_overrun_pct_as_of,7.551510873146624
W-001120,PRE_SANCTION,3,0,1.676479314625971,estimate_to_recommended_ratio,-1.676479314625971
W-001121,COMPLETION,18,0,1.4990755888857796,largest_payment_share_as_of,1.4990755888857796
W-001122,COMPLETION,18,0,1.7874386868373089,estimate_to_recommended_ratio,-1.7874386868373089
W-001123,COMPLETION,18,0,2.4086659228925216,schedule_elapsed_ratio_as_of,2.4086659228925216
W-001124,COMPLETION,18,0,1.4539824185278627,sanction_to_recommended_ratio,1.4539824185278627
W-001125,PRE_SANCTION,3,0,1.01175,recommended_amount_inr,-1.01175
W-001126,COMPLETION,18,1,3.9477223380923254,largest_payment_share_as_of,3.9477223380923254
W-001127,COMPLETION,18,0,1.4349044117843455,schedule_elapsed_ratio_as_of,1.4349044117843455
W-001128,EXECUTION,20,2,6.030749735006253,schedule_elapsed_ratio_as_of,6.030749735006253
W-001129,PRE_SANCTION,3,0,0.46407533083136226,estimate_to_recommended_ratio,0.46407533083136226
W-001130,COMPLETION,18,0,2.410744074467538,physical_progress_velocity_pct_per_30d,2.410744074467538
W-001131,COMPLETION,18,0,1.5721091597890384,physical_progress_velocity_pct_per_30d,1.5721091597890384
W-001132,COMPLETION,18,3,5.917338974491705,expenditure_to_sanction_pct_as_of,-5.917338974491705
W-001133,EXECUTION,20,0,3.433666778900114,physical_progress_velocity_pct_per_30d,3.433666778900114
W-001134,COMPLETION,18,0,2.0417297297297274,financial_minus_physical_gap_pct_as_of,-2.0417297297297274
W-001135,PRE_SANCTION,3,0,1.260356105133356,estimate_to_recommended_ratio,1.260356105133356
W-001136,COMPLETION,18,0,1.1245246991459534,sanction_to_estimate_ratio,1.1245246991459534
W-001137,EXECUTION,20,1,4.565846153846164,max_physical_progress_drop_pct_as_of,4.565846153846164
W-001138,COMPLETION,18,1,5.520523076923078,financial_overrun_pct_as_of,5.520523076923078
W-001139,COMPLETION,18,0,1.8440321507760533,recommended_amount_inr,1.8440321507760533
W-001140,COMPLETION,18,0,1.9191643666323375,financial_overrun_pct_as_of,1.9191643666323375
W-001141,COMPLETION,18,1,9.544601341881412,financial_overrun_pct_as_of,9.544601341881412
W-001142,COMPLETION,18,0,2.1029534023482435,expenditure_to_sanction_pct_as_of,-2.1029534023482435
W-001143,PRE_SANCTION,3,0,0.48963703703703704,recommended_amount_inr,-0.48963703703703704
W-001144,COMPLETION,18,1,15.806844070101638,physical_progress_velocity_pct_per_30d,15.806844070101638
W-001145,COMPLETION,18,0,1.843143854627458,sanction_to_recommended_ratio,-1.843143854627458
W-001146,COMPLETION,18,0,0.8970778589022153,largest_payment_share_as_of,-0.8970778589022153
W-001147,EXECUTION,20,1,4.047,physical_progress_decrease_count_as_of,4.047
W-001148,COMPLETION,18,1,7.3965345254447765,largest_payment_share_as_of,7.3965345254447765
W-001149,EXECUTION,20,1,4.047,physical_progress_decrease_count_as_of,4.047
W-001150,COMPLETION,18,1,3.562549059479035,physical_progress_velocity_pct_per_30d,3.562549059479035
W-001151,EXECUTION,20,0,2.595896734162894,sanction_to_recommended_ratio,-2.595896734162894
W-001152,COMPLETION,18,0,1.3334722352084967,sanction_to_estimate_ratio,-1.3334722352084967
W-001153,COMPLETION,18,0,2.191668139594891,schedule_elapsed_ratio_as_of,2.191668139594891
W-001154,COMPLETION,18,0,2.4275796404682275,financial_overrun_pct_as_of,2.4275796404682275
W-001155,COMPLETION,18,0,3.1914902862613173,largest_payment_share_as_of,3.1914902862613173
W-001156,COMPLETION,18,1,4.625576289179172,financial_overrun_pct_as_of,4.625576289179172
W-001157,COMPLETION,18,0,2.122236553461112,physical_progress_velocity_pct_per_30d,2.122236553461112
W-001158,EXECUTION,20,1,8.037417677756032,largest_payment_share_as_of,8.037417677756032
W-001159,EXECUTION,20,2,10.792000000000014,max_physical_progress_drop_pct_as_of,10.792000000000014
W-001160,EXECUTION,20,0,0.8924897045658012,sanctioned_amount_inr,-0.8924897045658012
W-001161,EXECUTION,20,0,1.7046982175783651,sanctioned_amount_inr,1.7046982175783651
W-001162,COMPLETION,18,0,1.1230909090909091,days_since_last_payment_as_of,-1.1230909090909091
W-001163,COMPLETION,18,0,1.077783698298112,schedule_elapsed_ratio_as_of,1.077783698298112
W-001164,EXECUTION,20,3,37.386571428571465,max_physical_progress_drop_pct_as_of,37.386571428571465
W-001165,COMPLETION,18,0,1.5612091190682968,sanction_to_recommended_ratio,-1.5612091190682968
W-001166,COMPLETION,18,0,0.9286509531333718,estimate_to_recommended_ratio,-0.9286509531333718
W-001167,EXECUTION,20,2,6.166857142857138,max_physical_progress_drop_pct_as_of,6.166857142857138
W-001168,COMPLETION,18,0,3.226647816813179,largest_payment_share_as_of,3.226647816813179
W-001169,COMPLETION,18,0,1.1210460232624608,estimate_to_recommended_ratio,-1.1210460232624608
W-001170,PRE_SANCTION,3,0,1.222493237150586,recommended_amount_inr,-1.222493237150586
W-001171,COMPLETION,18,0,1.4024620054280945,sanction_to_estimate_ratio,1.4024620054280945
W-001172,EXECUTION,20,0,2.7955309270730133,sanction_to_recommended_ratio,2.7955309270730133
W-001173,EXECUTION,20,0,2.73595575863896,largest_payment_share_as_of,2.73595575863896
W-001174,COMPLETION,18,0,1.8560942510392435,physical_progress_velocity_pct_per_30d,1.8560942510392435
W-001175,EXECUTION,20,3,19.821102272727295,financial_minus_physical_gap_pct_as_of,19.821102272727295
W-001176,EXECUTION,20,0,3.121706211285854,largest_payment_share_as_of,3.121706211285854
W-001177,EXECUTION,17,2,3.8673349775784756,expenditure_to_sanction_pct_as_of,-3.8673349775784756
W-001178,COMPLETION,18,0,0.7939368738599027,largest_payment_share_as_of,-0.7939368738599027
W-001179,EXECUTION,20,0,1.1914525547445263,expected_minus_physical_gap_pct_as_of,-1.1914525547445263
W-001180,EXECUTION,20,0,1.7913693231303744,sanction_to_estimate_ratio,-1.7913693231303744
W-001181,COMPLETION,18,1,3.5779046012547004,schedule_elapsed_ratio_as_of,3.5779046012547004
W-001182,COMPLETION,18,0,0.9910174180327869,released_payment_total_inr_as_of,0.9910174180327869
W-001183,EXECUTION,20,0,3.453440000000001,max_physical_progress_drop_pct_as_of,3.453440000000001
W-001184,COMPLETION,18,0,2.0536144886363634,schedule_elapsed_ratio_as_of,2.0536144886363634
W-001185,COMPLETION,18,0,1.843469095073895,physical_progress_velocity_pct_per_30d,1.843469095073895
W-001186,EXECUTION,20,3,11.721716216216217,days_since_last_payment_as_of,11.721716216216217
W-001187,PRE_SANCTION,3,0,0.1314358006042296,recommended_amount_inr,0.1314358006042296
W-001188,COMPLETION,18,0,2.0898615319733964,physical_progress_velocity_pct_per_30d,2.0898615319733964
W-001189,COMPLETION,18,1,4.735165427294493,physical_progress_velocity_pct_per_30d,4.735165427294493
W-001190,COMPLETION,18,0,1.166115839938453,expenditure_to_sanction_pct_as_of,-1.166115839938453
W-001191,COMPLETION,18,0,2.7841228138129948,largest_payment_share_as_of,2.7841228138129948
W-001192,COMPLETION,18,0,1.2830664711632453,recommended_amount_inr,1.2830664711632453
W-001193,COMPLETION,18,0,1.5157282932370082,schedule_elapsed_ratio_as_of,1.5157282932370082
W-001194,EXECUTION,20,1,5.975378205128205,days_since_last_payment_as_of,5.975378205128205
W-001195,COMPLETION,18,0,2.8760096068470005,sanction_to_recommended_ratio,-2.8760096068470005
W-001196,EXECUTION,20,0,3.1902027027027025,days_since_last_payment_as_of,3.1902027027027025
W-001197,COMPLETION,18,0,0.9456550345622852,sanction_to_estimate_ratio,-0.9456550345622852
W-001198,COMPLETION,18,0,1.9752807137141077,sanction_to_recommended_ratio,-1.9752807137141077
W-001199,COMPLETION,18,0,1.452652184721147,physical_progress_velocity_pct_per_30d,1.452652184721147
W-001200,COMPLETION,18,0,0.746076804597482,estimate_to_recommended_ratio,0.746076804597482
W-001201,COMPLETION,18,0,3.0737231125950832,largest_payment_share_as_of,3.0737231125950832
W-001202,EXECUTION,20,0,2.332870502210438,largest_payment_share_as_of,2.332870502210438
W-001203,COMPLETION,18,0,1.555353903727275,sanction_to_estimate_ratio,1.555353903727275
W-001204,COMPLETION,18,0,1.5765234176476601,physical_progress_velocity_pct_per_30d,1.5765234176476601
W-001205,COMPLETION,18,0,0.9630358867679597,sanction_to_recommended_ratio,-0.9630358867679597
W-001206,COMPLETION,18,1,5.386067886739654,physical_progress_velocity_pct_per_30d,5.386067886739654
W-001207,EXECUTION,20,0,0.8887529411764702,expected_minus_physical_gap_pct_as_of,-0.8887529411764702
W-001208,COMPLETION,18,0,2.0065280032467525,financial_overrun_pct_as_of,2.0065280032467525
W-001209,EXECUTION,20,1,6.131032051282052,days_since_last_payment_as_of,6.131032051282052
W-001210,COMPLETION,18,4,38.51697020579876,financial_overrun_pct_as_of,38.51697020579876
W-001211,EXECUTION,20,2,21.464970588235293,days_since_last_payment_as_of,21.464970588235293
W-001212,EXECUTION,20,2,17.64773880597015,days_since_last_payment_as_of,17.64773880597015
W-001213,EXECUTION,19,0,2.764881983563613,expenditure_to_sanction_pct_as_of,-2.764881983563613
W-001214,EXECUTION,20,2,13.2202,max_physical_progress_drop_pct_as_of,13.2202
W-001215,COMPLETION,18,1,4.4281949150792075,largest_payment_share_as_of,4.4281949150792075
W-001216,EXECUTION,20,1,8.0096875,days_since_last_payment_as_of,8.0096875
W-001217,COMPLETION,18,0,2.3688689636149287,financial_overrun_pct_as_of,2.3688689636149287
W-001218,EXECUTION,20,0,2.180900451525192,expenditure_to_sanction_pct_as_of,-2.180900451525192
W-001219,COMPLETION,18,0,1.8651431775056062,financial_overrun_pct_as_of,1.8651431775056062
W-001220,PRE_SANCTION,3,0,1.4616919782661413,estimate_to_recommended_ratio,1.4616919782661413
W-001221,COMPLETION,18,0,1.5247030321880666,sanction_to_estimate_ratio,1.5247030321880666
W-001222,COMPLETION,18,0,2.6054215686274467,financial_minus_physical_gap_pct_as_of,-2.6054215686274467
W-001223,COMPLETION,18,0,2.950129839321719,physical_progress_velocity_pct_per_30d,2.950129839321719
W-001224,COMPLETION,18,0,3.1914902862613173,largest_payment_share_as_of,3.1914902862613173
W-001225,COMPLETION,18,2,4.635588075880759,financial_overrun_pct_as_of,4.635588075880759
W-001226,COMPLETION,18,0,1.9043019133797112,physical_progress_velocity_pct_per_30d,1.9043019133797112
W-001227,COMPLETION,18,1,3.830775812028574,physical_progress_velocity_pct_per_30d,3.830775812028574
W-001228,COMPLETION,18,0,1.9564729141628707,physical_progress_velocity_pct_per_30d,1.9564729141628707
W-001229,EXECUTION,20,0,2.4031690813344113,largest_payment_share_as_of,2.4031690813344113
W-001230,EXECUTION,20,2,4.314369369369369,days_since_last_payment_as_of,4.314369369369369
W-001231,EXECUTION,20,1,4.047,days_since_last_payment_as_of,4.047
W-001232,EXECUTION,20,0,1.852984517939841,expenditure_to_sanction_pct_as_of,-1.852984517939841
W-001233,COMPLETION,18,0,1.8416209909285668,largest_payment_share_as_of,1.8416209909285668
W-001234,COMPLETION,18,0,2.966187537978713,physical_progress_velocity_pct_per_30d,2.966187537978713
W-001235,COMPLETION,18,1,9.914916608996542,financial_overrun_pct_as_of,9.914916608996542
W-001236,COMPLETION,18,1,6.4971522062469065,largest_payment_share_as_of,6.4971522062469065
W-001237,COMPLETION,18,0,1.9681640798226163,recommended_amount_inr,-1.9681640798226163
W-001238,COMPLETION,18,1,6.258085105833985,financial_overrun_pct_as_of,6.258085105833985
W-001239,COMPLETION,18,0,1.766346875,financial_overrun_pct_as_of,1.766346875
W-001240,COMPLETION,18,1,4.2611674628125495,physical_progress_velocity_pct_per_30d,4.2611674628125495
W-001241,COMPLETION,18,0,1.8323135773232542,expenditure_to_sanction_pct_as_of,-1.8323135773232542
W-001242,COMPLETION,18,0,2.309155298651252,financial_overrun_pct_as_of,2.309155298651252
W-001243,COMPLETION,18,0,1.8416209909285668,largest_payment_share_as_of,1.8416209909285668
W-001244,COMPLETION,18,0,1.5787104121475053,days_since_last_payment_as_of,1.5787104121475053
W-001245,COMPLETION,18,0,0.7238536585365873,latest_financial_progress_pct_as_of,-0.7238536585365873
W-001246,COMPLETION,18,0,1.340404122750007,financial_overrun_pct_as_of,1.340404122750007
W-001247,COMPLETION,18,0,1.4045470588235294,recommended_amount_inr,-1.4045470588235294
W-001248,COMPLETION,18,0,1.9843927282150047,physical_progress_velocity_pct_per_30d,1.9843927282150047
W-001249,EXECUTION,20,0,1.846845238095237,financial_minus_physical_gap_pct_as_of,-1.846845238095237
W-001250,COMPLETION,18,0,1.4278896182815146,estimate_to_recommended_ratio,1.4278896182815146
W-001251,PRE_SANCTION,3,0,0.0,recommended_amount_inr,0.0
W-001252,EXECUTION,20,0,2.720108358237733,largest_payment_share_as_of,2.720108358237733
W-001253,COMPLETION,18,1,3.8262031355734587,physical_progress_velocity_pct_per_30d,3.8262031355734587
W-001254,COMPLETION,18,0,1.3798146755105198,sanction_to_estimate_ratio,-1.3798146755105198
W-001255,PRE_SANCTION,3,0,0.3664419170634309,estimate_to_recommended_ratio,0.3664419170634309
W-001256,COMPLETION,18,0,1.4307018919486478,physical_progress_velocity_pct_per_30d,1.4307018919486478
W-001257,COMPLETION,18,1,3.933379428727622,physical_progress_velocity_pct_per_30d,3.933379428727622
W-001258,COMPLETION,18,0,1.77899375,financial_overrun_pct_as_of,1.77899375
W-001259,EXECUTION,20,0,2.982000000000001,max_physical_progress_drop_pct_as_of,2.982000000000001
W-001260,EXECUTION,20,1,3.6105588235294115,days_since_last_payment_as_of,3.6105588235294115
W-001261,EXECUTION,18,2,11.759143787575153,physical_progress_velocity_pct_per_30d,11.759143787575153
W-001262,EXECUTION,20,0,1.1021469072164944,latest_financial_progress_pct_as_of,-1.1021469072164944
W-001263,COMPLETION,18,3,4.7572437184524645,expenditure_to_sanction_pct_as_of,-4.7572437184524645
W-001264,PRE_SANCTION,3,0,0.5253317307692308,technical_estimate_amount_inr,-0.5253317307692308
W-001265,EXECUTION,20,3,7.175930555555556,days_since_last_payment_as_of,7.175930555555556
W-001266,EXECUTION,20,1,6.475199999999998,max_physical_progress_drop_pct_as_of,6.475199999999998
W-001267,COMPLETION,18,0,2.98076133233789,physical_progress_velocity_pct_per_30d,2.98076133233789
W-001268,COMPLETION,18,3,3.7616346153846236,latest_financial_progress_pct_as_of,-3.7616346153846236
W-001269,COMPLETION,18,0,1.3475840394599843,schedule_elapsed_ratio_as_of,1.3475840394599843
W-001270,EXECUTION,20,0,2.4569916067146282,released_payment_total_inr_as_of,2.4569916067146282
W-001271,COMPLETION,18,1,4.221927322895912,largest_payment_share_as_of,4.221927322895912
W-001272,COMPLETION,18,0,1.2096416564052612,sanction_to_estimate_ratio,1.2096416564052612
W-001273,COMPLETION,18,0,1.6458087933088537,sanction_to_recommended_ratio,-1.6458087933088537
W-001274,COMPLETION,18,2,11.263608708008263,sanction_to_estimate_ratio,11.263608708008263
W-001275,EXECUTION,20,1,9.40285119047619,days_since_last_payment_as_of,9.40285119047619
W-001276,EXECUTION,20,0,3.0641654565763066,physical_progress_velocity_pct_per_30d,3.0641654565763066
W-001277,COMPLETION,18,2,15.080001082836743,sanction_to_estimate_ratio,15.080001082836743
W-001278,COMPLETION,18,0,1.8525137842626143,physical_progress_velocity_pct_per_30d,1.8525137842626143
W-001279,COMPLETION,18,0,1.0984004600618986,financial_overrun_pct_as_of,1.0984004600618986
W-001280,COMPLETION,18,0,2.953224495975371,largest_payment_share_as_of,2.953224495975371
W-001281,COMPLETION,18,0,1.2954476781086244,largest_payment_share_as_of,1.2954476781086244
W-001282,COMPLETION,18,0,1.618152747845008,sanction_to_estimate_ratio,-1.618152747845008
W-001283,EXECUTION,20,2,17.072666263587326,sanction_to_estimate_ratio,17.072666263587326
W-001284,COMPLETION,18,0,3.208266951810304,largest_payment_share_as_of,3.208266951810304
W-001285,COMPLETION,18,0,2.1057487843498377,expenditure_to_sanction_pct_as_of,-2.1057487843498377
W-001286,COMPLETION,18,0,1.5853582829893569,sanction_to_recommended_ratio,1.5853582829893569
W-001287,EXECUTION,20,0,1.6721979166666667,days_since_last_payment_as_of,1.6721979166666667
W-001288,COMPLETION,18,0,1.3990651693658571,sanction_to_recommended_ratio,-1.3990651693658571
W-001289,COMPLETION,18,0,2.9422442585421957,physical_progress_velocity_pct_per_30d,2.9422442585421957
W-001290,EXECUTION,20,0,1.1325502824858757,released_payment_total_inr_as_of,1.1325502824858757
W-001291,COMPLETION,18,0,2.320403366343757,physical_progress_velocity_pct_per_30d,2.320403366343757
W-001292,COMPLETION,18,0,0.9812504552201486,financial_overrun_pct_as_of,0.9812504552201486
W-001293,COMPLETION,18,0,2.116148044660039,schedule_elapsed_ratio_as_of,2.116148044660039
W-001294,COMPLETION,18,0,1.1743298659294006,estimate_to_recommended_ratio,1.1743298659294006
W-001295,COMPLETION,18,1,5.740287499260105,physical_progress_velocity_pct_per_30d,5.740287499260105
W-001296,COMPLETION,18,0,2.760343032621828,financial_overrun_pct_as_of,2.760343032621828
W-001297,COMPLETION,18,0,1.0521566538910132,sanction_to_recommended_ratio,-1.0521566538910132
W-001298,COMPLETION,18,0,0.8508031275595405,estimate_to_recommended_ratio,0.8508031275595405
W-001299,EXECUTION,20,0,1.5077058823529397,financial_minus_physical_gap_pct_as_of,1.5077058823529397
W-001300,COMPLETION,18,0,2.397835087810696,largest_payment_share_as_of,2.397835087810696
W-001301,COMPLETION,18,2,18.413313257489744,sanction_to_estimate_ratio,18.413313257489744
W-001302,PRE_SANCTION,3,0,1.1018110795454545,recommended_amount_inr,-1.1018110795454545
W-001303,EXECUTION,20,2,15.171636638486273,sanction_to_estimate_ratio,15.171636638486273
W-001304,COMPLETION,18,0,0.9868367356840668,sanction_to_estimate_ratio,0.9868367356840668
W-001305,PRE_SANCTION,3,0,0.8027852897473997,technical_estimate_amount_inr,-0.8027852897473997
W-001306,PRE_SANCTION,3,0,0.6932361111111112,technical_estimate_amount_inr,-0.6932361111111112
W-001307,COMPLETION,18,0,2.376598361619199,largest_payment_share_as_of,2.376598361619199
W-001308,COMPLETION,18,0,1.4714965805471125,released_payment_total_inr_as_of,1.4714965805471125
W-001309,COMPLETION,18,0,0.94096869864649,largest_payment_share_as_of,-0.94096869864649
W-001310,COMPLETION,18,0,3.1048612357691807,physical_progress_velocity_pct_per_30d,3.1048612357691807
W-001311,COMPLETION,18,0,2.934460150627584,expenditure_to_sanction_pct_as_of,-2.934460150627584
W-001312,COMPLETION,18,0,2.2252512702785423,financial_overrun_pct_as_of,2.2252512702785423
W-001313,COMPLETION,18,5,25.530115671172485,financial_overrun_pct_as_of,25.530115671172485
W-001314,PRE_SANCTION,3,0,1.227110166577894,estimate_to_recommended_ratio,-1.227110166577894
W-001315,COMPLETION,18,0,3.4495621077311003,physical_progress_velocity_pct_per_30d,3.4495621077311003
W-001316,COMPLETION,18,1,6.787275014567528,physical_progress_velocity_pct_per_30d,6.787275014567528
W-001317,EXECUTION,20,1,6.867636363636364,max_physical_progress_drop_pct_as_of,6.867636363636364
W-001318,EXECUTION,20,1,9.330583333333333,days_since_last_payment_as_of,9.330583333333333
W-001319,EXECUTION,20,0,1.0334264568024483,estimate_to_recommended_ratio,1.0334264568024483
W-001320,EXECUTION,20,0,2.174802935010482,recommended_amount_inr,2.174802935010482
W-001321,COMPLETION,18,0,1.4000668905926623,schedule_elapsed_ratio_as_of,1.4000668905926623
W-001322,EXECUTION,20,3,17.559483333333297,financial_minus_physical_gap_pct_as_of,17.559483333333297
W-001323,EXECUTION,20,2,8.054898550724637,days_since_last_payment_as_of,8.054898550724637
W-001324,COMPLETION,18,0,2.4976424048109536,expenditure_to_sanction_pct_as_of,-2.4976424048109536
W-001325,COMPLETION,18,0,2.6830742689998073,schedule_elapsed_ratio_as_of,2.6830742689998073
W-001326,COMPLETION,18,0,1.1525280113280125,sanction_to_estimate_ratio,-1.1525280113280125
W-001327,COMPLETION,18,1,3.9477223380923254,largest_payment_share_as_of,3.9477223380923254
W-001328,COMPLETION,18,0,1.4014631088448566,financial_overrun_pct_as_of,1.4014631088448566
W-001329,COMPLETION,18,0,1.6000309810800022,expenditure_to_sanction_pct_as_of,-1.6000309810800022
W-001330,COMPLETION,18,0,2.191245760122624,physical_progress_velocity_pct_per_30d,2.191245760122624
W-001331,EXECUTION,20,0,1.7392003589981133,sanction_to_recommended_ratio,1.7392003589981133
W-001332,COMPLETION,18,0,1.7499470156829826,largest_payment_share_as_of,1.7499470156829826
W-001333,COMPLETION,18,0,3.2008877260563495,estimate_to_recommended_ratio,3.2008877260563495
W-001334,COMPLETION,18,0,1.6042162162162146,latest_financial_progress_pct_as_of,-1.6042162162162146
W-001335,COMPLETION,18,0,1.417234573833014,sanction_to_estimate_ratio,-1.417234573833014
W-001336,PRE_SANCTION,3,0,0.7575030425078735,estimate_to_recommended_ratio,-0.7575030425078735
W-001337,COMPLETION,18,4,16.444444774502788,financial_overrun_pct_as_of,16.444444774502788
W-001338,COMPLETION,18,0,2.181936227567877,sanction_to_recommended_ratio,-2.181936227567877
W-001339,EXECUTION,20,0,2.208701694915254,latest_physical_progress_pct_as_of,-2.208701694915254
W-001340,COMPLETION,18,1,4.7211537664418035,financial_overrun_pct_as_of,4.7211537664418035
W-001341,COMPLETION,18,0,2.953236830434141,largest_payment_share_as_of,2.953236830434141
W-001342,COMPLETION,18,0,0.8049657817624898,sanction_to_estimate_ratio,-0.8049657817624898
W-001343,COMPLETION,18,1,10.820650300945832,financial_overrun_pct_as_of,10.820650300945832
W-001344,COMPLETION,18,1,4.172768020119034,physical_progress_velocity_pct_per_30d,4.172768020119034
W-001345,PRE_SANCTION,3,0,0.13256608996539793,technical_estimate_amount_inr,0.13256608996539793
W-001346,PRE_SANCTION,3,0,1.2295687619140727,estimate_to_recommended_ratio,-1.2295687619140727
W-001347,PRE_SANCTION,3,0,1.4819543269230768,technical_estimate_amount_inr,1.4819543269230768
W-001348,COMPLETION,18,0,1.8060212118383188,financial_overrun_pct_as_of,1.8060212118383188
W-001349,COMPLETION,18,0,2.3430715725806452,technical_estimate_amount_inr,2.3430715725806452
W-001350,COMPLETION,18,0,0.6298042168674699,released_payment_total_inr_as_of,0.6298042168674699
W-001351,EXECUTION,20,0,1.7850660554718436,expenditure_to_sanction_pct_as_of,-1.7850660554718436
W-001352,COMPLETION,18,0,3.348212005815124,physical_progress_velocity_pct_per_30d,3.348212005815124
W-001353,COMPLETION,18,1,3.8478987467952086,physical_progress_velocity_pct_per_30d,3.8478987467952086
W-001354,COMPLETION,18,0,1.713467985902736,sanction_to_recommended_ratio,1.713467985902736
W-001355,COMPLETION,18,0,2.968799839218626,expenditure_to_sanction_pct_as_of,-2.968799839218626
W-001356,EXECUTION,20,0,3.197212219227407,largest_payment_share_as_of,3.197212219227407
W-001357,COMPLETION,18,0,1.4362394345776135,expenditure_to_sanction_pct_as_of,-1.4362394345776135
W-001358,COMPLETION,18,2,21.780871859155592,sanction_to_estimate_ratio,21.780871859155592
W-001359,COMPLETION,18,1,11.192679126159348,financial_overrun_pct_as_of,11.192679126159348
W-001360,COMPLETION,18,0,1.785525144640682,financial_overrun_pct_as_of,1.785525144640682
W-001361,EXECUTION,20,2,13.490000000000087,financial_minus_physical_gap_pct_as_of,13.490000000000087
W-001362,COMPLETION,18,0,1.901628239608802,financial_overrun_pct_as_of,1.901628239608802
W-001363,COMPLETION,18,0,2.218067774062489,largest_payment_share_as_of,2.218067774062489
W-001364,COMPLETION,18,0,1.811353290612013,sanction_to_estimate_ratio,-1.811353290612013
W-001365,EXECUTION,20,0,1.5141463157132387,estimate_to_recommended_ratio,-1.5141463157132387
W-001366,PRE_SANCTION,3,0,1.689595130748422,recommended_amount_inr,-1.689595130748422
W-001367,COMPLETION,18,0,3.1793922470403246,physical_progress_velocity_pct_per_30d,3.1793922470403246
W-001368,COMPLETION,18,0,1.795746753246756,latest_financial_progress_pct_as_of,-1.795746753246756
W-001369,PRE_SANCTION,3,0,1.1884337240757439,recommended_amount_inr,1.1884337240757439
W-001370,COMPLETION,18,0,1.331594381362898,largest_payment_share_as_of,1.331594381362898
W-001371,EXECUTION,20,0,0.9467964359150103,recommended_amount_inr,-0.9467964359150103
W-001372,COMPLETION,18,0,2.0004357989506327,physical_progress_velocity_pct_per_30d,2.0004357989506327
W-001373,PRE_SANCTION,3,0,0.5555825241115432,estimate_to_recommended_ratio,0.5555825241115432
W-001374,EXECUTION,20,1,4.610517083644635,largest_payment_share_as_of,4.610517083644635
W-001375,EXECUTION,20,3,8.048011363636364,days_since_last_payment_as_of,8.048011363636364
W-001376,PRE_SANCTION,3,0,1.0129754264614954,estimate_to_recommended_ratio,-1.0129754264614954
W-001377,COMPLETION,18,0,1.3748759590792838,technical_estimate_amount_inr,-1.3748759590792838
W-001378,EXECUTION,20,0,0.6348235294117647,days_since_last_payment_as_of,0.6348235294117647
W-001379,COMPLETION,18,0,0.8408000482722827,sanction_to_estimate_ratio,0.8408000482722827
W-001380,COMPLETION,18,0,1.3987483599336792,sanction_to_estimate_ratio,-1.3987483599336792
W-001381,COMPLETION,18,0,2.8811832119539886,sanction_to_recommended_ratio,-2.8811832119539886
W-001382,EXECUTION,20,0,1.79964847161572,latest_physical_progress_pct_as_of,-1.79964847161572
W-001383,COMPLETION,18,0,1.0560586246128034,schedule_elapsed_ratio_as_of,1.0560586246128034
W-001384,COMPLETION,18,0,2.584408347168083,expenditure_to_sanction_pct_as_of,-2.584408347168083
W-001385,PRE_SANCTION,3,0,0.9314066407754419,estimate_to_recommended_ratio,-0.9314066407754419
W-001386,COMPLETION,18,3,6.315772727272731,financial_minus_physical_gap_pct_as_of,-6.315772727272731
W-001387,COMPLETION,18,0,1.2384255969833857,schedule_elapsed_ratio_as_of,1.2384255969833857
W-001388,EXECUTION,20,0,2.698,physical_progress_decrease_count_as_of,2.698
W-001389,COMPLETION,18,2,17.584400944406656,sanction_to_estimate_ratio,17.584400944406656
W-001390,COMPLETION,18,0,3.0098875258334417,physical_progress_velocity_pct_per_30d,3.0098875258334417
W-001391,EXECUTION,20,0,3.4804115554539,largest_payment_share_as_of,3.4804115554539
W-001392,COMPLETION,18,4,12.47824999999998,latest_financial_progress_pct_as_of,12.47824999999998
W-001393,COMPLETION,18,0,2.531543324072984,physical_progress_velocity_pct_per_30d,2.531543324072984
W-001394,COMPLETION,18,2,13.582528527379955,sanction_to_estimate_ratio,13.582528527379955
W-001395,PRE_SANCTION,3,0,0.4803559092151547,estimate_to_recommended_ratio,0.4803559092151547
W-001396,EXECUTION,20,0,1.495277108433735,days_since_last_payment_as_of,1.495277108433735
W-001397,COMPLETION,18,0,2.479718772283177,physical_progress_velocity_pct_per_30d,2.479718772283177
W-001398,COMPLETION,18,1,4.098399485741001,financial_overrun_pct_as_of,4.098399485741001
W-001399,EXECUTION,20,2,5.1088366336633655,days_since_last_payment_as_of,5.1088366336633655
W-001400,EXECUTION,20,0,1.5364174465028304,schedule_elapsed_ratio_as_of,1.5364174465028304
W-001401,COMPLETION,18,0,1.9008636363636375,financial_minus_physical_gap_pct_as_of,-1.9008636363636375
W-001402,COMPLETION,18,0,1.776741719445369,largest_payment_share_as_of,1.776741719445369
W-001403,EXECUTION,20,3,9.979534090909091,days_since_last_payment_as_of,9.979534090909091
W-001404,PRE_SANCTION,3,0,1.4605928586914358,estimate_to_recommended_ratio,-1.4605928586914358
W-001405,EXECUTION,20,2,8.328360169491525,days_since_last_payment_as_of,8.328360169491525
W-001406,COMPLETION,18,0,2.7831337140062096,financial_overrun_pct_as_of,2.7831337140062096
W-001407,COMPLETION,18,1,11.016108064516134,financial_overrun_pct_as_of,11.016108064516134
W-001408,COMPLETION,18,0,2.314170413696932,financial_overrun_pct_as_of,2.314170413696932
W-001409,COMPLETION,18,0,3.062953121107782,largest_payment_share_as_of,3.062953121107782
W-001410,EXECUTION,20,0,1.2526428571428572,latest_physical_progress_pct_as_of,-1.2526428571428572
W-001411,EXECUTION,20,2,6.453324324324324,days_since_last_payment_as_of,6.453324324324324
W-001412,COMPLETION,18,0,0.7523927664974619,technical_estimate_amount_inr,-0.7523927664974619
W-001413,COMPLETION,18,0,1.275301513240841,schedule_elapsed_ratio_as_of,1.275301513240841
W-001414,COMPLETION,18,1,4.390863189174669,largest_payment_share_as_of,4.390863189174669
W-001415,COMPLETION,18,1,4.390863189174669,largest_payment_share_as_of,4.390863189174669
W-001416,EXECUTION,20,3,23.5615233538117,sanction_to_estimate_ratio,23.5615233538117
W-001417,COMPLETION,18,0,2.4313972049689436,financial_overrun_pct_as_of,2.4313972049689436
W-001418,COMPLETION,18,0,1.712463633034992,expenditure_to_sanction_pct_as_of,-1.712463633034992
W-001419,COMPLETION,18,0,2.934091429374758,largest_payment_share_as_of,2.934091429374758
W-001420,EXECUTION,20,2,5.656602272727273,days_since_last_payment_as_of,5.656602272727273
W-001421,COMPLETION,18,1,4.390863189174669,largest_payment_share_as_of,4.390863189174669
W-001422,COMPLETION,18,0,3.061959722255198,physical_progress_velocity_pct_per_30d,3.061959722255198
W-001423,EXECUTION,20,0,1.797385587287371,sanction_to_recommended_ratio,1.797385587287371
W-001424,COMPLETION,18,0,1.2844137308039747,sanctioned_amount_inr,-1.2844137308039747
W-001425,COMPLETION,18,0,2.6316880945177523,physical_progress_velocity_pct_per_30d,2.6316880945177523
W-001426,EXECUTION,20,0,1.6544339622641517,expected_minus_physical_gap_pct_as_of,-1.6544339622641517
W-001427,COMPLETION,18,0,1.6120940309582221,sanction_to_estimate_ratio,-1.6120940309582221
W-001428,EXECUTION,20,0,1.9536632843454649,expenditure_to_sanction_pct_as_of,-1.9536632843454649
W-001429,COMPLETION,18,1,3.889557342881747,physical_progress_velocity_pct_per_30d,3.889557342881747
W-001430,EXECUTION,20,0,1.4671190557250198,physical_progress_velocity_pct_per_30d,1.4671190557250198
W-001431,EXECUTION,20,0,1.348999999999997,financial_minus_physical_gap_pct_as_of,-1.348999999999997
W-001432,COMPLETION,18,0,1.1224786076306483,physical_progress_velocity_pct_per_30d,1.1224786076306483
W-001433,EXECUTION,20,1,12.626639999999998,max_physical_progress_drop_pct_as_of,12.626639999999998
W-001434,COMPLETION,18,0,1.1228903540104176,expenditure_to_sanction_pct_as_of,-1.1228903540104176
W-001435,COMPLETION,18,0,3.223232784493539,financial_overrun_pct_as_of,3.223232784493539
W-001436,COMPLETION,18,0,2.224974025974026,days_since_last_payment_as_of,2.224974025974026
W-001437,EXECUTION,20,2,6.5567674418604645,days_since_last_payment_as_of,6.5567674418604645
W-001438,EXECUTION,20,0,1.4818560606060587,expected_minus_physical_gap_pct_as_of,-1.4818560606060587
W-001439,EXECUTION,20,0,3.328797614446658,sanction_to_recommended_ratio,-3.328797614446658
W-001440,EXECUTION,20,1,4.047,physical_progress_decrease_count_as_of,4.047
W-001441,EXECUTION,20,3,22.4645698069764,sanction_to_estimate_ratio,22.4645698069764
W-001442,PRE_SANCTION,3,0,0.6914122418879056,technical_estimate_amount_inr,-0.6914122418879056
W-001443,COMPLETION,18,1,3.909229938435076,physical_progress_velocity_pct_per_30d,3.909229938435076
W-001444,COMPLETION,18,0,2.9020913526973993,physical_progress_velocity_pct_per_30d,2.9020913526973993
W-001445,COMPLETION,18,0,1.3060950475333202,expenditure_to_sanction_pct_as_of,-1.3060950475333202
W-001446,COMPLETION,18,0,3.0898188069630126,expenditure_to_sanction_pct_as_of,-3.0898188069630126
W-001447,COMPLETION,18,0,2.5744744581517476,physical_progress_velocity_pct_per_30d,2.5744744581517476
W-001448,COMPLETION,18,0,1.7876250517312724,schedule_elapsed_ratio_as_of,1.7876250517312724
W-001449,COMPLETION,18,0,0.74417637463885,sanction_to_estimate_ratio,0.74417637463885
W-001450,COMPLETION,18,1,6.507025220004866,largest_payment_share_as_of,6.507025220004866
W-001451,COMPLETION,18,0,2.001132140602558,schedule_elapsed_ratio_as_of,2.001132140602558
W-001452,COMPLETION,18,0,1.0451790134702938,sanction_to_recommended_ratio,-1.0451790134702938
W-001453,EXECUTION,20,0,1.3490237837833585,schedule_elapsed_ratio_as_of,1.3490237837833585
W-001454,COMPLETION,18,0,1.3275375045467999,sanction_to_estimate_ratio,-1.3275375045467999
W-001455,COMPLETION,18,0,1.9910964605079906,schedule_elapsed_ratio_as_of,1.9910964605079906
W-001456,COMPLETION,18,1,3.8905758409999147,physical_progress_velocity_pct_per_30d,3.8905758409999147
W-001457,EXECUTION,20,1,23.382666666666342,max_physical_progress_drop_pct_as_of,23.382666666666342
W-001458,EXECUTION,20,0,1.1528817934782611,latest_financial_progress_pct_as_of,-1.1528817934782611
W-001459,EXECUTION,20,1,6.155616129172929,largest_payment_share_as_of,6.155616129172929
W-001460,COMPLETION,18,2,30.948835278970318,sanction_to_estimate_ratio,30.948835278970318
W-001461,PRE_SANCTION,3,0,1.053209831064046,estimate_to_recommended_ratio,-1.053209831064046
W-001462,COMPLETION,18,0,0.7779697610138636,sanction_to_recommended_ratio,-0.7779697610138636
W-001463,COMPLETION,18,0,2.450571312351943,financial_overrun_pct_as_of,2.450571312351943
W-001464,COMPLETION,18,0,1.3914801294934078,schedule_elapsed_ratio_as_of,1.3914801294934078
W-001465,EXECUTION,20,0,2.246510847137958,estimate_to_recommended_ratio,-2.246510847137958
W-001466,PRE_SANCTION,3,0,0.18248458904109588,technical_estimate_amount_inr,0.18248458904109588
W-001467,COMPLETION,18,0,1.5514267792108138,physical_progress_velocity_pct_per_30d,1.5514267792108138
W-001468,COMPLETION,18,0,1.9951915932859015,physical_progress_velocity_pct_per_30d,1.9951915932859015
W-001469,COMPLETION,18,0,1.1018954402515724,recommended_amount_inr,1.1018954402515724
W-001470,COMPLETION,18,0,2.778327209738046,physical_progress_velocity_pct_per_30d,2.778327209738046
W-001471,PRE_SANCTION,3,0,0.09417639172008671,estimate_to_recommended_ratio,-0.09417639172008671
W-001472,COMPLETION,18,3,16.7093659705265,sanction_to_estimate_ratio,16.7093659705265
W-001473,COMPLETION,18,0,1.493313093668702,schedule_elapsed_ratio_as_of,1.493313093668702
W-001474,PRE_SANCTION,3,0,1.6810802524797115,recommended_amount_inr,-1.6810802524797115
W-001475,PRE_SANCTION,3,0,0.5833513513513513,technical_estimate_amount_inr,0.5833513513513513
W-001476,PRE_SANCTION,3,0,0.46643436700682217,estimate_to_recommended_ratio,0.46643436700682217
W-001477,EXECUTION,20,0,2.0459833333333335,financial_minus_physical_gap_pct_as_of,-2.0459833333333335
W-001478,COMPLETION,18,0,1.417496735286311,estimate_to_recommended_ratio,1.417496735286311
W-001479,PRE_SANCTION,3,0,1.3359710252600296,technical_estimate_amount_inr,1.3359710252600296
W-001480,COMPLETION,18,0,1.5305490021762627,physical_progress_velocity_pct_per_30d,1.5305490021762627
W-001481,PRE_SANCTION,3,0,1.5430164092664094,recommended_amount_inr,-1.5430164092664094
W-001482,COMPLETION,18,0,2.5695238095238166,latest_financial_progress_pct_as_of,-2.5695238095238166
W-001483,COMPLETION,18,0,1.4237608671604811,sanction_to_recommended_ratio,-1.4237608671604811
W-001484,COMPLETION,18,0,3.062953121107782,largest_payment_share_as_of,3.062953121107782
W-001485,COMPLETION,18,0,2.953224495975371,largest_payment_share_as_of,2.953224495975371
W-001486,COMPLETION,18,0,1.2000761656464471,estimate_to_recommended_ratio,1.2000761656464471
W-001487,COMPLETION,18,0,2.718793293456998,largest_payment_share_as_of,2.718793293456998
W-001488,EXECUTION,20,3,9.516460396039605,days_since_last_payment_as_of,9.516460396039605
W-001489,PRE_SANCTION,3,0,2.439858024691358,recommended_amount_inr,2.439858024691358
W-001490,COMPLETION,18,4,9.646270923029093,financial_overrun_pct_as_of,9.646270923029093
W-001491,COMPLETION,18,0,2.5608774567693127,largest_payment_share_as_of,2.5608774567693127
W-001492,COMPLETION,18,0,2.207811046511628,days_since_last_payment_as_of,2.207811046511628
W-001493,PRE_SANCTION,3,0,0.608524493576237,estimate_to_recommended_ratio,0.608524493576237
W-001494,COMPLETION,18,0,1.6053420427553442,days_since_last_payment_as_of,1.6053420427553442
W-001495,COMPLETION,18,0,2.4809193659570954,financial_overrun_pct_as_of,2.4809193659570954
W-001496,EXECUTION,20,0,2.5750894544789005,sanction_to_recommended_ratio,-2.5750894544789005
W-001497,COMPLETION,18,0,2.7576072529674076,schedule_elapsed_ratio_as_of,2.7576072529674076
W-001498,COMPLETION,18,0,1.4133248205448012,physical_progress_velocity_pct_per_30d,1.4133248205448012
W-001499,COMPLETION,18,0,3.207635293384825,financial_overrun_pct_as_of,3.207635293384825
W-001500,COMPLETION,18,1,4.221927322895912,largest_payment_share_as_of,4.221927322895912
W-001501,COMPLETION,18,0,1.546358984047097,sanction_to_recommended_ratio,1.546358984047097
W-001502,PRE_SANCTION,3,0,0.6745,recommended_amount_inr,-0.6745
W-001503,COMPLETION,18,0,0.8582658596706854,sanction_to_recommended_ratio,-0.8582658596706854
W-001504,PRE_SANCTION,3,0,0.45337398373983945,estimate_to_recommended_ratio,0.45337398373983945
W-001505,EXECUTION,20,0,2.4784456911049193,largest_payment_share_as_of,2.4784456911049193
W-001506,PRE_SANCTION,3,0,0.9503681660899654,technical_estimate_amount_inr,0.9503681660899654
W-001507,EXECUTION,20,0,1.0247269570195403,sanction_to_estimate_ratio,1.0247269570195403
W-001508,COMPLETION,18,0,2.708286300313845,physical_progress_velocity_pct_per_30d,2.708286300313845
W-001509,EXECUTION,20,0,1.1468198992443326,released_payment_total_inr_as_of,-1.1468198992443326
W-001510,EXECUTION,20,2,11.578916666666675,financial_minus_physical_gap_pct_as_of,11.578916666666675
W-001511,COMPLETION,18,0,1.8546818912794338,sanction_to_recommended_ratio,1.8546818912794338
W-001512,EXECUTION,20,0,2.1600059523809523,days_since_last_payment_as_of,2.1600059523809523
W-001513,EXECUTION,20,0,2.0269541868512095,physical_progress_velocity_pct_per_30d,2.0269541868512095
W-001514,COMPLETION,18,0,1.083147225455002,sanction_to_recommended_ratio,1.083147225455002
W-001515,COMPLETION,18,0,0.7349541698581735,estimate_to_recommended_ratio,0.7349541698581735
W-001516,COMPLETION,18,0,2.4311882911392404,financial_overrun_pct_as_of,2.4311882911392404
W-001517,COMPLETION,18,1,7.207606367186008,physical_progress_velocity_pct_per_30d,7.207606367186008
W-001518,PRE_SANCTION,3,0,1.0189001766784451,recommended_amount_inr,1.0189001766784451
W-001519,COMPLETION,18,0,3.143156445233094,expenditure_to_sanction_pct_as_of,-3.143156445233094
W-001520,COMPLETION,18,1,7.189538408215889,largest_payment_share_as_of,7.189538408215889
W-001521,PRE_SANCTION,3,0,0.3813427561837456,recommended_amount_inr,0.3813427561837456
W-001522,COMPLETION,18,0,3.4505288588936733,largest_payment_share_as_of,3.4505288588936733
W-001523,EXECUTION,20,0,1.3277340644276903,recommended_amount_inr,1.3277340644276903
W-001524,COMPLETION,18,0,1.42,released_payment_total_inr_as_of,1.42
W-001525,COMPLETION,18,0,1.9766459230194922,sanction_to_recommended_ratio,-1.9766459230194922
W-001526,EXECUTION,20,0,2.8121461538461547,expected_minus_physical_gap_pct_as_of,-2.8121461538461547
W-001527,EXECUTION,20,4,10.519474747474748,overdue_days_as_of,10.519474747474748
W-001528,EXECUTION,20,1,11.6014,max_physical_progress_drop_pct_as_of,11.6014
W-001529,COMPLETION,18,0,1.138787825428159,sanction_to_recommended_ratio,-1.138787825428159
W-001530,COMPLETION,18,0,1.7055275080750723,expenditure_to_sanction_pct_as_of,-1.7055275080750723
W-001531,COMPLETION,18,0,1.0554468438538207,sanctioned_amount_inr,-1.0554468438538207
W-001532,COMPLETION,18,0,1.5007945415074866,sanction_to_recommended_ratio,1.5007945415074866
W-001533,COMPLETION,18,1,5.2438181674717175,physical_progress_velocity_pct_per_30d,5.2438181674717175
W-001534,COMPLETION,18,0,1.7406451612903258,latest_financial_progress_pct_as_of,-1.7406451612903258
W-001535,COMPLETION,18,0,2.2786987297496313,financial_overrun_pct_as_of,2.2786987297496313
W-001536,COMPLETION,18,0,3.208266951810304,largest_payment_share_as_of,3.208266951810304
W-001537,COMPLETION,18,0,1.3985971970897488,physical_progress_velocity_pct_per_30d,1.3985971970897488
W-001538,COMPLETION,18,0,2.0633850703800394,physical_progress_velocity_pct_per_30d,2.0633850703800394
W-001539,COMPLETION,18,0,2.0626674020760456,schedule_elapsed_ratio_as_of,2.0626674020760456
W-001540,COMPLETION,18,0,1.427617148952932,largest_payment_share_as_of,1.427617148952932
W-001541,COMPLETION,18,1,4.426870706416077,largest_payment_share_as_of,4.426870706416077
W-001542,COMPLETION,18,0,1.0312176342672668,financial_overrun_pct_as_of,1.0312176342672668
W-001543,COMPLETION,18,0,1.020299827259442,estimate_to_recommended_ratio,1.020299827259442
W-001544,EXECUTION,20,0,2.629173469387761,expected_minus_physical_gap_pct_as_of,-2.629173469387761
W-001545,COMPLETION,18,0,1.3312591537019023,physical_progress_velocity_pct_per_30d,1.3312591537019023
W-001546,EXECUTION,20,0,2.6980000000000013,max_physical_progress_drop_pct_as_of,2.6980000000000013
W-001547,EXECUTION,20,0,1.8847668713765044,sanction_to_recommended_ratio,-1.8847668713765044
W-001548,COMPLETION,18,0,1.7666949541284405,recommended_amount_inr,1.7666949541284405
W-001549,EXECUTION,20,1,24.5518,max_physical_progress_drop_pct_as_of,24.5518
W-001550,EXECUTION,20,0,1.6085786222614158,sanction_to_recommended_ratio,1.6085786222614158
W-001551,COMPLETION,18,0,0.938643591772152,released_payment_total_inr_as_of,-0.938643591772152
W-001552,COMPLETION,18,0,1.7757766476736507,sanction_to_estimate_ratio,-1.7757766476736507
W-001553,EXECUTION,20,0,1.8209436198902498,schedule_elapsed_ratio_as_of,1.8209436198902498
W-001554,PRE_SANCTION,3,0,1.1209730113636365,recommended_amount_inr,-1.1209730113636365
W-001555,COMPLETION,18,0,1.704381720430108,latest_financial_progress_pct_as_of,-1.704381720430108
W-001556,COMPLETION,18,0,1.8516915492909247,largest_payment_share_as_of,1.8516915492909247
W-001557,COMPLETION,18,0,1.8855798541700513,physical_progress_velocity_pct_per_30d,1.8855798541700513
W-001558,EXECUTION,20,2,10.252400000000002,max_physical_progress_drop_pct_as_of,10.252400000000002
W-001559,COMPLETION,18,0,1.8685044759567206,sanction_to_recommended_ratio,-1.8685044759567206
W-001560,COMPLETION,18,0,2.074701873007339,schedule_elapsed_ratio_as_of,2.074701873007339
W-001561,EXECUTION,20,0,1.8873939974457217,released_payment_total_inr_as_of,1.8873939974457217
W-001562,EXECUTION,19,0,1.8992132505175985,latest_financial_progress_pct_as_of,-1.8992132505175985
W-001563,PRE_SANCTION,3,0,1.1659498525073746,technical_estimate_amount_inr,1.1659498525073746
W-001564,COMPLETION,18,0,2.478571675111278,schedule_elapsed_ratio_as_of,2.478571675111278
W-001565,EXECUTION,20,3,7.186019230769231,days_since_last_payment_as_of,7.186019230769231
W-001566,COMPLETION,18,0,2.208656862745095,financial_minus_physical_gap_pct_as_of,-2.208656862745095
W-001567,COMPLETION,18,3,4.464547619047633,latest_financial_progress_pct_as_of,-4.464547619047633
W-001568,COMPLETION,18,0,1.9825138235855524,largest_payment_share_as_of,1.9825138235855524
W-001569,COMPLETION,18,0,2.6986381794678365,largest_payment_share_as_of,2.6986381794678365
W-001570,COMPLETION,18,0,2.8754056440768165,physical_progress_velocity_pct_per_30d,2.8754056440768165
W-001571,EXECUTION,20,0,2.535469879518072,days_since_last_payment_as_of,2.535469879518072
W-001572,COMPLETION,18,1,3.893397050147492,financial_overrun_pct_as_of,3.893397050147492
W-001573,COMPLETION,18,0,1.248394689679611,largest_payment_share_as_of,1.248394689679611
W-001574,EXECUTION,20,1,7.962847222222223,days_since_last_payment_as_of,7.962847222222223
W-001575,COMPLETION,18,0,2.5025394476247387,largest_payment_share_as_of,2.5025394476247387
W-001576,EXECUTION,20,1,8.037417677756032,largest_payment_share_as_of,8.037417677756032
W-001577,COMPLETION,18,0,1.3078719512195123,latest_financial_progress_pct_as_of,-1.3078719512195123
W-001578,EXECUTION,20,0,1.2115169857936998,technical_estimate_amount_inr,1.2115169857936998
W-001579,COMPLETION,18,0,3.1022636140586775,financial_overrun_pct_as_of,3.1022636140586775
W-001580,COMPLETION,18,0,2.63055232177894,financial_overrun_pct_as_of,2.63055232177894
W-001581,COMPLETION,18,0,2.2278939393939394,financial_minus_physical_gap_pct_as_of,-2.2278939393939394
W-001582,COMPLETION,18,0,1.6409797205496985,schedule_elapsed_ratio_as_of,1.6409797205496985
W-001583,PRE_SANCTION,3,0,1.6160494155956897,estimate_to_recommended_ratio,-1.6160494155956897
W-001584,EXECUTION,20,2,5.995555555555556,days_since_last_payment_as_of,5.995555555555556
W-001585,COMPLETION,18,0,0.670765227021041,sanctioned_amount_inr,-0.670765227021041
W-001586,COMPLETION,18,0,1.2674880419624313,largest_payment_share_as_of,1.2674880419624313
W-001587,EXECUTION,20,1,4.086101449275362,days_since_last_payment_as_of,4.086101449275362
W-001588,COMPLETION,18,0,1.3291825541977094,sanction_to_estimate_ratio,-1.3291825541977094
W-001589,COMPLETION,18,0,1.4105333333333334,sanctioned_amount_inr,-1.4105333333333334
W-001590,COMPLETION,18,0,1.6551192307692308,recommended_amount_inr,-1.6551192307692308
W-001591,EXECUTION,20,0,1.7986666666666666,overdue_days_as_of,1.7986666666666666
W-001592,COMPLETION,18,1,5.089866398058481,largest_payment_share_as_of,5.089866398058481
W-001593,EXECUTION,20,2,11.54951538461539,expected_minus_physical_gap_pct_as_of,11.54951538461539
W-001594,COMPLETION,18,0,1.808964165404334,schedule_elapsed_ratio_as_of,1.808964165404334
W-001595,EXECUTION,20,3,11.196700000000016,financial_minus_physical_gap_pct_as_of,11.196700000000016
W-001596,COMPLETION,18,0,2.390016171332355,financial_overrun_pct_as_of,2.390016171332355
W-001597,PRE_SANCTION,3,0,1.3218024193548388,technical_estimate_amount_inr,-1.3218024193548388
W-001598,COMPLETION,18,0,2.2495419451525165,schedule_elapsed_ratio_as_of,2.2495419451525165
W-001599,PRE_SANCTION,3,0,0.6738417884875,estimate_to_recommended_ratio,-0.6738417884875
W-001600,COMPLETION,18,0,1.8308532031889337,estimate_to_recommended_ratio,1.8308532031889337
W-001601,PRE_SANCTION,3,0,1.216638440860215,technical_estimate_amount_inr,1.216638440860215
W-001602,EXECUTION,20,0,1.6139677973094169,expenditure_to_sanction_pct_as_of,-1.6139677973094169
W-001603,PRE_SANCTION,3,0,1.517897732418967,estimate_to_recommended_ratio,-1.517897732418967
W-001604,COMPLETION,18,1,4.285808779396065,schedule_elapsed_ratio_as_of,4.285808779396065
W-001605,COMPLETION,18,0,3.341722004350715,largest_payment_share_as_of,3.341722004350715
W-001606,EXECUTION,20,0,2.506179202364389,sanction_to_estimate_ratio,-2.506179202364389
W-001607,COMPLETION,18,0,3.0218860783771904,physical_progress_velocity_pct_per_30d,3.0218860783771904
W-001608,COMPLETION,18,0,1.662279247737106,schedule_elapsed_ratio_as_of,1.662279247737106
W-001609,EXECUTION,20,5,14.444676923076923,days_since_last_payment_as_of,14.444676923076923
W-001610,EXECUTION,20,2,18.786074074074072,days_since_last_payment_as_of,18.786074074074072
W-001611,COMPLETION,18,0,2.273314814814815,sanctioned_amount_inr,2.273314814814815
W-001612,COMPLETION,18,0,0.7946184178872351,sanction_to_recommended_ratio,0.7946184178872351
W-001613,EXECUTION,20,0,3.3888445787756476,sanction_to_estimate_ratio,-3.3888445787756476
W-001614,COMPLETION,18,0,1.0018102598685228,schedule_elapsed_ratio_as_of,1.0018102598685228
W-001615,EXECUTION,20,1,9.243967213114724,financial_minus_physical_gap_pct_as_of,9.243967213114724
W-001616,COMPLETION,18,0,1.3389888150393838,sanction_to_recommended_ratio,-1.3389888150393838
W-001617,COMPLETION,18,0,1.5915199970348572,expenditure_to_sanction_pct_as_of,-1.5915199970348572
W-001618,PRE_SANCTION,3,0,0.5520736301369863,technical_estimate_amount_inr,-0.5520736301369863
W-001619,COMPLETION,18,2,5.379606873408836,largest_payment_share_as_of,5.379606873408836
W-001620,COMPLETION,18,2,17.62890033546444,sanction_to_estimate_ratio,17.62890033546444
W-001621,COMPLETION,18,1,7.189538408215889,largest_payment_share_as_of,7.189538408215889
W-001622,COMPLETION,18,0,2.4729847142430685,largest_payment_share_as_of,2.4729847142430685
W-001623,EXECUTION,20,0,1.623015625,financial_minus_physical_gap_pct_as_of,1.623015625
W-001624,COMPLETION,18,2,4.658774420926651,largest_payment_share_as_of,4.658774420926651
W-001625,COMPLETION,18,0,2.1339921710986425,largest_payment_share_as_of,2.1339921710986425
W-001626,EXECUTION,17,0,2.1439293409157743,sanction_to_recommended_ratio,2.1439293409157743
W-001627,COMPLETION,18,0,3.4505288588936733,largest_payment_share_as_of,3.4505288588936733
W-001628,COMPLETION,18,0,1.9274004703699257,largest_payment_share_as_of,1.9274004703699257
W-001629,COMPLETION,18,0,3.482486431754085,physical_progress_velocity_pct_per_30d,3.482486431754085
W-001630,COMPLETION,18,0,3.171837802801472,financial_overrun_pct_as_of,3.171837802801472
W-001631,EXECUTION,20,0,3.2741354166666667,days_since_last_payment_as_of,3.2741354166666667
W-001632,PRE_SANCTION,3,0,0.6786563187646563,estimate_to_recommended_ratio,0.6786563187646563
W-001633,COMPLETION,18,0,3.3486593841695522,physical_progress_velocity_pct_per_30d,3.3486593841695522
W-001634,COMPLETION,18,0,2.2445100304744923,sanction_to_recommended_ratio,2.2445100304744923
W-001635,EXECUTION,20,2,10.038504504504504,days_since_last_payment_as_of,10.038504504504504
W-001636,COMPLETION,18,0,0.9587275579509489,schedule_elapsed_ratio_as_of,0.9587275579509489
W-001637,PRE_SANCTION,3,0,0.4379080252479711,recommended_amount_inr,0.4379080252479711
W-001638,EXECUTION,20,0,1.5837860021024617,sanction_to_estimate_ratio,1.5837860021024617
W-001639,COMPLETION,18,0,1.6850078581827725,sanction_to_estimate_ratio,-1.6850078581827725
W-001640,COMPLETION,18,0,2.4679385024172,expenditure_to_sanction_pct_as_of,-2.4679385024172
W-001641,EXECUTION,20,0,2.3016164677053386,physical_progress_velocity_pct_per_30d,2.3016164677053386
W-001642,COMPLETION,18,0,2.9785711709274327,physical_progress_velocity_pct_per_30d,2.9785711709274327
W-001643,COMPLETION,18,0,1.5371106546492108,physical_progress_velocity_pct_per_30d,1.5371106546492108
W-001644,COMPLETION,18,0,1.5882687153087156,estimate_to_recommended_ratio,-1.5882687153087156
W-001645,COMPLETION,18,0,1.9665063797683844,estimate_to_recommended_ratio,1.9665063797683844
W-001646,COMPLETION,18,0,1.478431081081081,sanctioned_amount_inr,-1.478431081081081
W-001647,COMPLETION,18,1,3.747833512628249,largest_payment_share_as_of,3.747833512628249
W-001648,COMPLETION,18,0,1.5166892341842397,technical_estimate_amount_inr,-1.5166892341842397
W-001649,COMPLETION,18,0,1.2646875,latest_financial_progress_pct_as_of,-1.2646875
W-001650,EXECUTION,20,0,2.73595575863896,largest_payment_share_as_of,2.73595575863896
W-001651,COMPLETION,18,0,1.886760585358543,sanction_to_estimate_ratio,-1.886760585358543
W-001652,COMPLETION,18,0,1.6928574093772388,physical_progress_velocity_pct_per_30d,1.6928574093772388
W-001653,COMPLETION,18,0,1.2428988764044944,technical_estimate_amount_inr,1.2428988764044944
W-001654,COMPLETION,18,0,3.208266951810304,largest_payment_share_as_of,3.208266951810304
W-001655,COMPLETION,18,1,5.7947501613233445,physical_progress_velocity_pct_per_30d,5.7947501613233445
W-001656,COMPLETION,18,0,1.3193050314465409,recommended_amount_inr,-1.3193050314465409
W-001657,COMPLETION,18,0,3.232653947959692,physical_progress_velocity_pct_per_30d,3.232653947959692
W-001658,PRE_SANCTION,3,0,1.2332866354455876,estimate_to_recommended_ratio,1.2332866354455876
W-001659,EXECUTION,20,1,4.646013613721636,schedule_elapsed_ratio_as_of,4.646013613721636
W-001660,COMPLETION,18,1,7.694260195889529,financial_overrun_pct_as_of,7.694260195889529
W-001661,COMPLETION,18,0,2.718793293456998,largest_payment_share_as_of,2.718793293456998
W-001662,PRE_SANCTION,3,0,2.3114633373799855,estimate_to_recommended_ratio,-2.3114633373799855
W-001663,EXECUTION,20,0,1.8347133152173918,latest_financial_progress_pct_as_of,-1.8347133152173918
W-001664,COMPLETION,18,0,2.032941528279461,expenditure_to_sanction_pct_as_of,-2.032941528279461
W-001665,EXECUTION,20,1,7.8129583333333334,days_since_last_payment_as_of,7.8129583333333334
W-001666,EXECUTION,20,0,1.5417142857142878,max_physical_progress_drop_pct_as_of,1.5417142857142878
W-001667,EXECUTION,20,0,1.445357142857143,financial_minus_physical_gap_pct_as_of,-1.445357142857143
W-001668,COMPLETION,18,0,2.4058600882842454,expenditure_to_sanction_pct_as_of,-2.4058600882842454
W-001669,EXECUTION,20,1,22.297042857142866,financial_minus_physical_gap_pct_as_of,22.297042857142866
W-001670,EXECUTION,20,0,1.660330935957626,estimate_to_recommended_ratio,-1.660330935957626
W-001671,COMPLETION,18,0,1.4536637931034482,recommended_amount_inr,1.4536637931034482
W-001672,COMPLETION,18,0,1.0578298026016366,sanction_to_recommended_ratio,-1.0578298026016366
W-001673,COMPLETION,18,3,12.42417304806447,sanction_to_estimate_ratio,12.42417304806447
W-001674,COMPLETION,18,0,2.14383193295979,physical_progress_velocity_pct_per_30d,2.14383193295979
W-001675,COMPLETION,18,1,7.189538408215889,largest_payment_share_as_of,7.189538408215889
W-001676,COMPLETION,18,0,2.386620944357402,largest_payment_share_as_of,2.386620944357402
W-001677,COMPLETION,18,0,1.119241132114146,sanction_to_recommended_ratio,1.119241132114146
W-001678,EXECUTION,20,2,10.984714285714286,days_since_last_payment_as_of,10.984714285714286
W-001679,EXECUTION,20,2,12.97973502930181,sanction_to_estimate_ratio,12.97973502930181
W-001680,COMPLETION,18,0,2.1318023657366743,largest_payment_share_as_of,2.1318023657366743
W-001681,COMPLETION,18,0,1.8461206422969265,sanction_to_recommended_ratio,1.8461206422969265
W-001682,COMPLETION,18,0,1.2958975673631663,sanction_to_recommended_ratio,1.2958975673631663
W-001683,COMPLETION,18,1,3.6851337281197405,physical_progress_velocity_pct_per_30d,3.6851337281197405
W-001684,COMPLETION,18,0,0.9886506849315075,financial_minus_physical_gap_pct_as_of,-0.9886506849315075
W-001685,EXECUTION,20,0,1.7143541666666662,financial_minus_physical_gap_pct_as_of,1.7143541666666662
W-001686,COMPLETION,18,0,1.386822429906542,days_since_last_payment_as_of,1.386822429906542
W-001687,EXECUTION,20,0,2.698,physical_progress_decrease_count_as_of,2.698
W-001688,COMPLETION,18,0,2.1449687393820653,largest_payment_share_as_of,2.1449687393820653
W-001689,COMPLETION,18,0,1.1144562569213732,sanctioned_amount_inr,-1.1144562569213732
W-001690,COMPLETION,18,0,2.6182663558640984,schedule_elapsed_ratio_as_of,2.6182663558640984
W-001691,EXECUTION,20,2,15.668072916666667,days_since_last_payment_as_of,15.668072916666667
W-001692,COMPLETION,18,5,15.092337923271582,sanction_to_estimate_ratio,15.092337923271582
W-001693,COMPLETION,18,0,2.14010821856455,financial_overrun_pct_as_of,2.14010821856455
W-001694,PRE_SANCTION,3,0,0.8781527190426934,estimate_to_recommended_ratio,0.8781527190426934
W-001695,COMPLETION,18,0,0.968534727920388,estimate_to_recommended_ratio,-0.968534727920388
W-001696,EXECUTION,20,0,1.9818641975308653,financial_minus_physical_gap_pct_as_of,-1.9818641975308653
W-001697,COMPLETION,18,0,0.8772467647058824,recommended_amount_inr,0.8772467647058824
W-001698,COMPLETION,18,0,2.0632547947789694,largest_payment_share_as_of,2.0632547947789694
W-001699,EXECUTION,20,0,2.721070207020702,recommended_amount_inr,2.721070207020702
W-001700,COMPLETION,18,1,5.111667643143567,physical_progress_velocity_pct_per_30d,5.111667643143567
W-001701,COMPLETION,18,4,12.079681818181832,latest_financial_progress_pct_as_of,12.079681818181832
W-001702,COMPLETION,18,0,1.4766200446785231,sanction_to_recommended_ratio,-1.4766200446785231
W-001703,COMPLETION,18,0,2.184915410868397,physical_progress_velocity_pct_per_30d,2.184915410868397
W-001704,COMPLETION,18,1,7.173296358688079,financial_overrun_pct_as_of,7.173296358688079
W-001705,COMPLETION,18,0,3.4674992030869896,financial_overrun_pct_as_of,3.4674992030869896
W-001706,COMPLETION,18,0,3.0047141318685844,financial_overrun_pct_as_of,3.0047141318685844
W-001707,EXECUTION,20,0,2.423984374999998,expected_minus_physical_gap_pct_as_of,-2.423984374999998
W-001708,COMPLETION,18,1,3.7171296913051224,financial_overrun_pct_as_of,3.7171296913051224
W-001709,EXECUTION,20,0,1.5408092078767128,sanction_to_recommended_ratio,-1.5408092078767128
W-001710,COMPLETION,18,0,2.4878221759557055,physical_progress_velocity_pct_per_30d,2.4878221759557055
W-001711,COMPLETION,18,1,3.6934812427139816,financial_overrun_pct_as_of,3.6934812427139816
W-001712,PRE_SANCTION,3,0,1.328879971590909,recommended_amount_inr,-1.328879971590909
W-001713,COMPLETION,18,0,1.9053965449804429,financial_overrun_pct_as_of,1.9053965449804429
W-001714,EXECUTION,20,0,1.3494275727272,sanction_to_estimate_ratio,-1.3494275727272
W-001715,COMPLETION,18,0,1.5973533057851237,financial_overrun_pct_as_of,1.5973533057851237
W-001716,PRE_SANCTION,3,0,2.4415234567901236,recommended_amount_inr,2.4415234567901236
W-001717,EXECUTION,20,0,2.174507462686567,expected_minus_physical_gap_pct_as_of,2.174507462686567
W-001718,COMPLETION,18,0,1.6105324465741935,sanction_to_estimate_ratio,-1.6105324465741935
W-001719,COMPLETION,18,0,1.72132717317679,sanction_to_recommended_ratio,1.72132717317679
W-001720,PRE_SANCTION,3,0,1.0816557620286504,estimate_to_recommended_ratio,-1.0816557620286504
W-001721,COMPLETION,18,0,3.4505288588936733,largest_payment_share_as_of,3.4505288588936733
W-001722,COMPLETION,18,0,1.9068993390897302,schedule_elapsed_ratio_as_of,1.9068993390897302
W-001723,COMPLETION,18,0,1.0983661202185793,days_since_last_payment_as_of,1.0983661202185793
W-001724,EXECUTION,20,1,10.18387805686494,largest_payment_share_as_of,10.18387805686494
W-001725,COMPLETION,18,0,1.8518140050760095,estimate_to_recommended_ratio,-1.8518140050760095
W-001726,COMPLETION,18,0,3.100591415381028,physical_progress_velocity_pct_per_30d,3.100591415381028
W-001727,COMPLETION,18,0,1.0882106167664012,expenditure_to_sanction_pct_as_of,-1.0882106167664012
W-001728,COMPLETION,18,0,1.3211259015323475,sanction_to_estimate_ratio,1.3211259015323475
W-001729,COMPLETION,18,0,1.5045764793687122,sanction_to_recommended_ratio,1.5045764793687122
W-001730,EXECUTION,20,0,1.8172934655775963,released_payment_total_inr_as_of,1.8172934655775963
W-001731,COMPLETION,18,0,1.649568938579545,financial_overrun_pct_as_of,1.649568938579545
W-001732,EXECUTION,20,0,3.4832388059701493,days_since_last_payment_as_of,3.4832388059701493
W-001733,COMPLETION,18,4,11.217049308114815,financial_overrun_pct_as_of,11.217049308114815
W-001734,PRE_SANCTION,3,0,0.8511797417175468,estimate_to_recommended_ratio,0.8511797417175468
W-001735,EXECUTION,20,0,2.517630691271904,sanction_to_recommended_ratio,2.517630691271904
W-001736,EXECUTION,20,1,6.155616129172929,largest_payment_share_as_of,6.155616129172929
W-001737,COMPLETION,18,0,2.355781996816704,expenditure_to_sanction_pct_as_of,-2.355781996816704
W-001738,EXECUTION,20,3,11.98740099009901,days_since_last_payment_as_of,11.98740099009901
W-001739,COMPLETION,18,0,1.347065479714544,schedule_elapsed_ratio_as_of,1.347065479714544
W-001740,EXECUTION,20,2,10.170058441558442,days_since_last_payment_as_of,10.170058441558442
W-001741,COMPLETION,18,0,0.7815516093229745,technical_estimate_amount_inr,-0.7815516093229745
W-001742,EXECUTION,20,0,1.8211499999999963,financial_minus_physical_gap_pct_as_of,-1.8211499999999963
W-001743,PRE_SANCTION,3,0,1.0311497475731568,estimate_to_recommended_ratio,-1.0311497475731568
W-001744,PRE_SANCTION,3,0,0.6642737686282909,estimate_to_recommended_ratio,0.6642737686282909
W-001745,COMPLETION,18,0,1.4988888888888912,latest_financial_progress_pct_as_of,-1.4988888888888912
W-001746,COMPLETION,18,0,1.151423613892149,financial_overrun_pct_as_of,1.151423613892149
W-001747,EXECUTION,20,0,1.119967001311556,estimate_to_recommended_ratio,-1.119967001311556
W-001748,EXECUTION,20,1,4.45781821081831,physical_progress_velocity_pct_per_30d,4.45781821081831
W-001749,EXECUTION,20,0,1.7440642857142823,financial_minus_physical_gap_pct_as_of,-1.7440642857142823
W-001750,PRE_SANCTION,3,0,1.321436298076923,technical_estimate_amount_inr,1.321436298076923
W-001751,COMPLETION,18,0,1.6489208015267176,recommended_amount_inr,-1.6489208015267176
W-001752,COMPLETION,18,0,1.2955230179028132,technical_estimate_amount_inr,-1.2955230179028132
W-001753,COMPLETION,18,1,5.959573674815913,largest_payment_share_as_of,5.959573674815913
W-001754,COMPLETION,18,0,1.0480445000817238,sanction_to_estimate_ratio,1.0480445000817238
W-001755,EXECUTION,20,1,6.094166666666664,expected_minus_physical_gap_pct_as_of,6.094166666666664
W-001756,COMPLETION,18,0,1.4562284357678232,estimate_to_recommended_ratio,-1.4562284357678232
W-001757,COMPLETION,18,0,0.8308860887096774,technical_estimate_amount_inr,-0.8308860887096774
W-001758,EXECUTION,20,0,1.7100774456521743,latest_financial_progress_pct_as_of,-1.7100774456521743
W-001759,COMPLETION,18,4,11.6117671997586,financial_overrun_pct_as_of,11.6117671997586
W-001760,COMPLETION,18,4,13.549267547045684,financial_overrun_pct_as_of,13.549267547045684
W-001761,COMPLETION,18,0,1.8204225100177087,sanction_to_recommended_ratio,1.8204225100177087
W-001762,COMPLETION,18,0,2.6986381794678365,largest_payment_share_as_of,2.6986381794678365
W-001763,EXECUTION,20,0,1.4402997237569062,released_payment_total_inr_as_of,1.4402997237569062
W-001764,EXECUTION,20,2,7.872522388059698,expected_minus_physical_gap_pct_as_of,7.872522388059698
W-001765,COMPLETION,18,0,0.7429586212628742,largest_payment_share_as_of,0.7429586212628742
W-001766,EXECUTION,20,2,6.395259259259259,max_physical_progress_drop_pct_as_of,6.395259259259259
W-001767,COMPLETION,18,0,2.4581448679294087,physical_progress_velocity_pct_per_30d,2.4581448679294087
W-001768,COMPLETION,18,0,3.2498213690862197,expenditure_to_sanction_pct_as_of,-3.2498213690862197
W-001769,COMPLETION,18,0,1.174148846153846,released_payment_total_inr_as_of,1.174148846153846
W-001770,COMPLETION,18,0,1.5273469184890656,recommended_amount_inr,1.5273469184890656
W-001771,COMPLETION,18,0,1.4399935175239174,estimate_to_recommended_ratio,1.4399935175239174
W-001772,COMPLETION,18,0,1.5662781717598926,estimate_to_recommended_ratio,-1.5662781717598926
W-001773,COMPLETION,18,0,1.7900192307692309,recommended_amount_inr,-1.7900192307692309
W-001774,COMPLETION,18,0,1.6393525395432904,physical_progress_velocity_pct_per_30d,1.6393525395432904
W-001775,COMPLETION,18,1,4.480931268199618,financial_overrun_pct_as_of,4.480931268199618
W-001776,COMPLETION,18,0,1.9112249745936356,financial_overrun_pct_as_of,1.9112249745936356
W-001777,COMPLETION,18,4,14.091023058542412,financial_overrun_pct_as_of,14.091023058542412
W-001778,COMPLETION,18,1,3.9477223380923254,largest_payment_share_as_of,3.9477223380923254
W-001779,COMPLETION,18,0,1.719489022340968,physical_progress_velocity_pct_per_30d,1.719489022340968
W-001780,COMPLETION,18,0,1.4015464628292216,largest_payment_share_as_of,1.4015464628292216
W-001781,COMPLETION,18,0,1.3617084380647682,sanction_to_estimate_ratio,-1.3617084380647682
W-001782,PRE_SANCTION,3,0,1.319207597173145,recommended_amount_inr,1.319207597173145
W-001783,COMPLETION,18,0,2.406120378678793,financial_overrun_pct_as_of,2.406120378678793
W-001784,COMPLETION,18,0,3.062953121107782,largest_payment_share_as_of,3.062953121107782
W-001785,COMPLETION,18,1,7.164888606000392,financial_overrun_pct_as_of,7.164888606000392
W-001786,EXECUTION,20,3,33.78120833333333,days_since_last_payment_as_of,33.78120833333333
W-001787,EXECUTION,20,0,2.773375334035144,schedule_elapsed_ratio_as_of,2.773375334035144
W-001788,COMPLETION,18,0,2.0116880320993356,sanction_to_recommended_ratio,-2.0116880320993356
W-001789,COMPLETION,18,0,1.1081071428571414,financial_minus_physical_gap_pct_as_of,-1.1081071428571414
W-001790,COMPLETION,18,0,2.441047619047624,latest_financial_progress_pct_as_of,-2.441047619047624
W-001791,EXECUTION,20,0,2.415570665742025,physical_progress_velocity_pct_per_30d,2.415570665742025
W-001792,EXECUTION,20,1,10.169384615384635,max_physical_progress_drop_pct_as_of,10.169384615384635
W-001793,PRE_SANCTION,3,0,1.204629280821918,technical_estimate_amount_inr,-1.204629280821918
W-001794,COMPLETION,18,0,3.4505288588936733,largest_payment_share_as_of,3.4505288588936733
W-001795,EXECUTION,20,0,1.349,physical_progress_decrease_count_as_of,1.349
W-001796,COMPLETION,18,0,2.14915047627606,financial_overrun_pct_as_of,2.14915047627606
W-001797,COMPLETION,18,0,2.397835087810696,largest_payment_share_as_of,2.397835087810696
W-001798,EXECUTION,20,2,7.12440625,days_since_last_payment_as_of,7.12440625
W-001799,COMPLETION,18,0,1.9571296365198292,physical_progress_velocity_pct_per_30d,1.9571296365198292
W-001800,COMPLETION,18,0,1.7270116210052469,estimate_to_recommended_ratio,-1.7270116210052469
W-001801,COMPLETION,18,0,2.141256776449195,largest_payment_share_as_of,2.141256776449195
W-001802,PRE_SANCTION,3,0,0.9447667820069204,technical_estimate_amount_inr,0.9447667820069204
W-001803,COMPLETION,18,0,2.988571277179035,physical_progress_velocity_pct_per_30d,2.988571277179035
W-001804,COMPLETION,18,0,1.4837771965415494,sanction_to_recommended_ratio,1.4837771965415494
W-001805,PRE_SANCTION,3,0,0.35325254988913696,estimate_to_recommended_ratio,0.35325254988913696
W-001806,EXECUTION,20,0,3.1012336956521733,expected_minus_physical_gap_pct_as_of,3.1012336956521733
W-001807,PRE_SANCTION,3,0,1.2297917042380524,recommended_amount_inr,1.2297917042380524
W-001808,COMPLETION,18,0,2.4844667538175464,largest_payment_share_as_of,2.4844667538175464
W-001809,COMPLETION,18,1,8.655321016257716,financial_overrun_pct_as_of,8.655321016257716
W-001810,EXECUTION,20,1,10.18387805686494,largest_payment_share_as_of,10.18387805686494
W-001811,EXECUTION,20,0,1.8843066184448465,schedule_elapsed_ratio_as_of,1.8843066184448465
W-001812,COMPLETION,18,0,1.231168981202117,sanction_to_recommended_ratio,1.231168981202117
W-001813,COMPLETION,18,0,1.9838235294117648,technical_estimate_amount_inr,-1.9838235294117648
W-001814,COMPLETION,18,2,5.379606873408836,largest_payment_share_as_of,5.379606873408836
W-001815,COMPLETION,18,1,4.846157373529679,largest_payment_share_as_of,4.846157373529679
W-001816,COMPLETION,18,0,1.2691077669902913,released_payment_total_inr_as_of,-1.2691077669902913
W-001817,COMPLETION,18,1,4.846157373529679,largest_payment_share_as_of,4.846157373529679
W-001818,COMPLETION,18,0,1.0721450079239303,recommended_amount_inr,-1.0721450079239303
W-001819,COMPLETION,18,0,2.2040754373395424,schedule_elapsed_ratio_as_of,2.2040754373395424
W-001820,COMPLETION,18,0,1.8831250087084792,physical_progress_velocity_pct_per_30d,1.8831250087084792
W-001821,EXECUTION,20,2,5.227375,days_since_last_payment_as_of,5.227375
W-001822,COMPLETION,18,0,2.8947291666666697,financial_minus_physical_gap_pct_as_of,-2.8947291666666697
W-001823,EXECUTION,20,1,5.868150000000001,expected_minus_physical_gap_pct_as_of,5.868150000000001
W-001824,COMPLETION,18,0,1.4405150455671774,largest_payment_share_as_of,1.4405150455671774
W-001825,COMPLETION,18,0,1.3361278625954198,technical_estimate_amount_inr,1.3361278625954198
W-001826,COMPLETION,18,1,4.390863189174669,largest_payment_share_as_of,4.390863189174669
W-001827,PRE_SANCTION,3,0,1.9479869895065207,estimate_to_recommended_ratio,-1.9479869895065207
W-001828,COMPLETION,18,0,2.376809523809532,latest_financial_progress_pct_as_of,-2.376809523809532
W-001829,PRE_SANCTION,3,0,1.4531910569105746,estimate_to_recommended_ratio,1.4531910569105746
W-001830,PRE_SANCTION,3,0,0.5682431506849315,technical_estimate_amount_inr,0.5682431506849315
W-001831,COMPLETION,18,0,2.075146277598739,financial_overrun_pct_as_of,2.075146277598739
W-001832,EXECUTION,20,0,1.7791143475533242,sanction_to_estimate_ratio,1.7791143475533242
W-001833,COMPLETION,18,0,0.7063322704081633,technical_estimate_amount_inr,0.7063322704081633
W-001834,COMPLETION,18,0,1.732539215686269,financial_minus_physical_gap_pct_as_of,-1.732539215686269
W-001835,COMPLETION,18,0,2.0376895535263047,sanction_to_recommended_ratio,2.0376895535263047
W-001836,COMPLETION,18,0,0.9807676957831325,released_payment_total_inr_as_of,0.9807676957831325
W-001837,COMPLETION,18,0,2.1318023657366743,largest_payment_share_as_of,2.1318023657366743
W-001838,COMPLETION,18,0,1.6689460732984294,released_payment_total_inr_as_of,1.6689460732984294
W-001839,EXECUTION,20,2,5.669806930693069,days_since_last_payment_as_of,5.669806930693069
W-001840,COMPLETION,18,5,11.885648010325468,sanction_to_estimate_ratio,11.885648010325468
W-001841,EXECUTION,20,0,0.9909056317084335,estimate_to_recommended_ratio,0.9909056317084335
W-001842,COMPLETION,18,1,5.90088897889795,largest_payment_share_as_of,5.90088897889795
W-001843,EXECUTION,20,1,4.78601520733373,largest_payment_share_as_of,4.78601520733373
W-001844,PRE_SANCTION,3,0,0.7827649147727272,recommended_amount_inr,-0.7827649147727272
W-001845,COMPLETION,18,0,3.4505288588936733,largest_payment_share_as_of,3.4505288588936733
W-001846,COMPLETION,18,0,1.34587709617935,expenditure_to_sanction_pct_as_of,-1.34587709617935
W-001847,COMPLETION,18,0,2.9782296902795955,schedule_elapsed_ratio_as_of,2.9782296902795955
W-001848,PRE_SANCTION,3,0,1.4038180212014135,recommended_amount_inr,1.4038180212014135
W-001849,PRE_SANCTION,3,0,1.6387749490814856,estimate_to_recommended_ratio,-1.6387749490814856
W-001850,EXECUTION,20,2,8.227274027090589,schedule_elapsed_ratio_as_of,8.227274027090589
W-001851,COMPLETION,18,0,1.9165670731707296,latest_financial_progress_pct_as_of,-1.9165670731707296
W-001852,COMPLETION,18,0,1.0667222330775106,largest_payment_share_as_of,1.0667222330775106
W-001853,COMPLETION,18,0,0.8193728549280875,estimate_to_recommended_ratio,0.8193728549280875
W-001854,COMPLETION,18,1,5.379606873408836,largest_payment_share_as_of,5.379606873408836
W-001855,COMPLETION,18,0,1.257134377276038,released_payment_total_inr_as_of,-1.257134377276038
W-001856,EXECUTION,20,3,6.402716417910447,days_since_last_payment_as_of,6.402716417910447
W-001857,COMPLETION,18,0,3.208266951810304,largest_payment_share_as_of,3.208266951810304
W-001858,EXECUTION,20,0,1.0965866492074308,physical_progress_velocity_pct_per_30d,1.0965866492074308
W-001859,PRE_SANCTION,3,0,0.6661581272084806,recommended_amount_inr,-0.6661581272084806
W-001860,COMPLETION,18,0,2.0227212152626817,expenditure_to_sanction_pct_as_of,-2.0227212152626817
W-001861,COMPLETION,18,1,4.4281949150792075,largest_payment_share_as_of,4.4281949150792075
W-001862,COMPLETION,18,3,12.784964938319307,sanction_to_estimate_ratio,12.784964938319307
W-001863,COMPLETION,18,0,2.3045416666666725,latest_financial_progress_pct_as_of,-2.3045416666666725
W-001864,COMPLETION,18,0,1.7846805169202544,sanction_to_estimate_ratio,1.7846805169202544
W-001865,COMPLETION,18,0,1.2088952936892734,sanction_to_estimate_ratio,-1.2088952936892734
W-001866,COMPLETION,18,0,3.226647816813179,largest_payment_share_as_of,3.226647816813179
W-001867,EXECUTION,20,0,1.0720624872380822,sanction_to_recommended_ratio,1.0720624872380822
W-001868,COMPLETION,18,3,23.13160694268714,sanction_to_estimate_ratio,23.13160694268714
W-001869,COMPLETION,18,0,1.7874074877938135,schedule_elapsed_ratio_as_of,1.7874074877938135
W-001870,COMPLETION,18,0,3.2052154213036546,largest_payment_share_as_of,3.2052154213036546
W-001871,EXECUTION,17,0,3.02697392638037,latest_physical_progress_pct_as_of,-3.02697392638037
W-001872,EXECUTION,20,2,29.653910714285722,financial_minus_physical_gap_pct_as_of,29.653910714285722
W-001873,COMPLETION,18,0,1.9453725868725869,sanctioned_amount_inr,-1.9453725868725869
W-001874,COMPLETION,18,0,2.310947739228377,schedule_elapsed_ratio_as_of,2.310947739228377
W-001875,COMPLETION,18,0,1.6327896296296296,technical_estimate_amount_inr,1.6327896296296296
W-001876,COMPLETION,18,0,2.842843858934357,financial_overrun_pct_as_of,2.842843858934357
W-001877,EXECUTION,20,0,2.426465040318465,schedule_elapsed_ratio_as_of,2.426465040318465
W-001878,COMPLETION,18,0,1.514377720862788,physical_progress_velocity_pct_per_30d,1.514377720862788
W-001879,PRE_SANCTION,3,0,0.6432490347490347,recommended_amount_inr,-0.6432490347490347
W-001880,EXECUTION,20,5,22.785188212507006,sanction_to_estimate_ratio,22.785188212507006
W-001881,EXECUTION,20,0,0.9283926086458709,largest_payment_share_as_of,-0.9283926086458709
W-001882,PRE_SANCTION,3,0,0.4702738192784145,estimate_to_recommended_ratio,0.4702738192784145
W-001883,COMPLETION,18,0,2.0321990737224955,financial_overrun_pct_as_of,2.0321990737224955
W-001884,COMPLETION,18,0,1.4072440524629946,sanction_to_recommended_ratio,-1.4072440524629946
W-001885,COMPLETION,18,0,1.0379736448951173,expenditure_to_sanction_pct_as_of,-1.0379736448951173
W-001886,COMPLETION,18,0,1.402531746031749,latest_financial_progress_pct_as_of,-1.402531746031749
W-001887,COMPLETION,18,0,1.7778820304862377,schedule_elapsed_ratio_as_of,1.7778820304862377
W-001888,COMPLETION,18,0,1.532484674329502,days_since_last_payment_as_of,1.532484674329502
W-001889,COMPLETION,18,0,1.2235471661335482,sanction_to_estimate_ratio,1.2235471661335482
W-001890,COMPLETION,18,3,3.781287878787885,financial_minus_physical_gap_pct_as_of,-3.781287878787885
W-001891,EXECUTION,20,0,2.0611381753764393,technical_estimate_amount_inr,2.0611381753764393
W-001892,EXECUTION,20,0,2.3382666666666823,financial_minus_physical_gap_pct_as_of,2.3382666666666823
W-001893,EXECUTION,20,0,2.0837169006170964,estimate_to_recommended_ratio,-2.0837169006170964
W-001894,COMPLETION,18,4,4.077659090909085,latest_financial_progress_pct_as_of,-4.077659090909085
W-001895,EXECUTION,20,0,2.238415736841323,largest_payment_share_as_of,2.238415736841323
W-001896,COMPLETION,18,0,1.7907147881336258,sanction_to_recommended_ratio,-1.7907147881336258
W-001897,EXECUTION,20,2,25.079007148063155,sanction_to_estimate_ratio,25.079007148063155
W-001898,COMPLETION,18,0,2.1017259383140168,expenditure_to_sanction_pct_as_of,-2.1017259383140168
W-001899,COMPLETION,18,0,1.9086452429667513,financial_overrun_pct_as_of,1.9086452429667513
W-001900,COMPLETION,18,0,1.7856439522998298,released_payment_total_inr_as_of,1.7856439522998298
W-001901,EXECUTION,20,1,10.18387805686494,largest_payment_share_as_of,10.18387805686494
W-001902,COMPLETION,18,0,2.934091429374758,largest_payment_share_as_of,2.934091429374758
W-001903,COMPLETION,18,0,1.8222018961068025,estimate_to_recommended_ratio,-1.8222018961068025
W-001904,EXECUTION,20,0,1.7542373162520664,sanction_to_estimate_ratio,-1.7542373162520664
W-001905,COMPLETION,18,0,2.6986381794678365,largest_payment_share_as_of,2.6986381794678365
W-001906,EXECUTION,20,1,3.7473383738209445,largest_payment_share_as_of,3.7473383738209445
W-001907,COMPLETION,18,1,3.799505747043449,financial_overrun_pct_as_of,3.799505747043449
W-001908,COMPLETION,18,0,2.478242502867695,expenditure_to_sanction_pct_as_of,-2.478242502867695
W-001909,COMPLETION,18,0,2.5608774567693127,largest_payment_share_as_of,2.5608774567693127
W-001910,EXECUTION,20,1,5.1298087232190195,physical_progress_velocity_pct_per_30d,5.1298087232190195
W-001911,COMPLETION,18,0,1.7735470132743363,financial_overrun_pct_as_of,1.7735470132743363
W-001912,COMPLETION,18,0,2.336569811320755,released_payment_total_inr_as_of,-2.336569811320755
W-001913,COMPLETION,18,0,2.111635084863985,financial_overrun_pct_as_of,2.111635084863985
W-001914,COMPLETION,18,0,1.5314459188100675,physical_progress_velocity_pct_per_30d,1.5314459188100675
W-001915,COMPLETION,18,0,1.9141216216216204,financial_minus_physical_gap_pct_as_of,-1.9141216216216204
W-001916,EXECUTION,20,0,1.0963770424339256,sanction_to_recommended_ratio,1.0963770424339256
W-001917,COMPLETION,18,2,13.499469793505119,sanction_to_estimate_ratio,13.499469793505119
W-001918,COMPLETION,18,2,11.376271343528929,sanction_to_estimate_ratio,11.376271343528929
W-001919,COMPLETION,18,0,1.1133627029845528,sanction_to_estimate_ratio,1.1133627029845528
W-001920,COMPLETION,18,0,3.080345055314257,physical_progress_velocity_pct_per_30d,3.080345055314257
W-001921,COMPLETION,18,1,7.927403750884642,financial_overrun_pct_as_of,7.927403750884642
W-001922,PRE_SANCTION,3,0,0.5917502206531333,technical_estimate_amount_inr,0.5917502206531333
W-001923,PRE_SANCTION,3,0,0.35679346210995544,technical_estimate_amount_inr,-0.35679346210995544
W-001924,COMPLETION,18,0,1.811845708715059,sanction_to_estimate_ratio,-1.811845708715059
W-001925,PRE_SANCTION,3,0,0.43305606244983935,estimate_to_recommended_ratio,0.43305606244983935
W-001926,COMPLETION,18,0,2.6986381794678365,largest_payment_share_as_of,2.6986381794678365
W-001927,COMPLETION,18,0,1.8627340724905483,physical_progress_velocity_pct_per_30d,1.8627340724905483
W-001928,EXECUTION,20,0,3.305958833266699,largest_payment_share_as_of,3.305958833266699
W-001929,COMPLETION,18,0,1.0458846153846153,recommended_amount_inr,1.0458846153846153
W-001930,EXECUTION,20,0,0.9745382276281495,technical_estimate_amount_inr,0.9745382276281495
W-001931,EXECUTION,20,1,4.64056,max_physical_progress_drop_pct_as_of,4.64056
W-001932,COMPLETION,18,0,2.8527841342671025,largest_payment_share_as_of,2.8527841342671025
W-001933,COMPLETION,18,0,1.9310419950978903,expenditure_to_sanction_pct_as_of,-1.9310419950978903
W-001934,COMPLETION,18,0,1.7853432098765432,sanctioned_amount_inr,1.7853432098765432
W-001935,COMPLETION,18,1,3.557350696747337,largest_payment_share_as_of,3.557350696747337
W-001936,COMPLETION,18,1,4.4281949150792075,largest_payment_share_as_of,4.4281949150792075
W-001937,COMPLETION,18,4,15.44783727917,financial_overrun_pct_as_of,15.44783727917
W-001938,COMPLETION,18,3,6.280640419097253,expenditure_to_sanction_pct_as_of,-6.280640419097253
W-001939,PRE_SANCTION,3,0,0.9338681434467393,estimate_to_recommended_ratio,0.9338681434467393
W-001940,EXECUTION,20,2,12.14563848886165,schedule_elapsed_ratio_as_of,12.14563848886165
W-001941,EXECUTION,20,0,0.8327160493827165,financial_minus_physical_gap_pct_as_of,-0.8327160493827165
W-001942,COMPLETION,18,0,1.8918902439024416,latest_financial_progress_pct_as_of,-1.8918902439024416
W-001943,EXECUTION,20,2,21.28262765957447,days_since_last_payment_as_of,21.28262765957447
W-001944,COMPLETION,18,1,4.096814426100629,physical_progress_velocity_pct_per_30d,4.096814426100629
W-001945,COMPLETION,18,0,1.7438292682926868,financial_minus_physical_gap_pct_as_of,-1.7438292682926868
W-001946,EXECUTION,20,2,277.89399999999983,max_physical_progress_drop_pct_as_of,277.89399999999983
W-001947,EXECUTION,20,2,17.373273034217082,sanction_to_estimate_ratio,17.373273034217082
W-001948,COMPLETION,18,0,3.0723454419374954,schedule_elapsed_ratio_as_of,3.0723454419374954
W-001949,EXECUTION,20,0,1.4381659280471468,sanction_to_recommended_ratio,-1.4381659280471468
W-001950,EXECUTION,17,0,2.196942857142857,latest_financial_progress_pct_as_of,-2.196942857142857
W-001951,COMPLETION,18,0,0.9742428865504534,schedule_elapsed_ratio_as_of,0.9742428865504534
W-001952,COMPLETION,18,0,1.3449797681614897,largest_payment_share_as_of,1.3449797681614897
W-001953,COMPLETION,18,0,1.3351123879183593,schedule_elapsed_ratio_as_of,1.3351123879183593
W-001954,COMPLETION,18,0,2.1479393971731553,largest_payment_share_as_of,2.1479393971731553
W-001955,COMPLETION,18,0,0.9511389806401025,largest_payment_share_as_of,0.9511389806401025
W-001956,COMPLETION,18,0,1.1760512820512823,latest_financial_progress_pct_as_of,-1.1760512820512823
W-001957,COMPLETION,18,0,1.958577054484997,sanction_to_recommended_ratio,-1.958577054484997
W-001958,EXECUTION,20,0,2.0335965052508844,largest_payment_share_as_of,2.0335965052508844
W-001959,COMPLETION,18,0,2.3115167210933714,financial_overrun_pct_as_of,2.3115167210933714
W-001960,EXECUTION,20,0,1.2281940298507494,expected_minus_physical_gap_pct_as_of,-1.2281940298507494
W-001961,COMPLETION,18,0,1.8802752663913922,financial_overrun_pct_as_of,1.8802752663913922
W-001962,PRE_SANCTION,3,0,1.1340158610271904,recommended_amount_inr,-1.1340158610271904
W-001963,COMPLETION,18,2,5.008243961352657,financial_overrun_pct_as_of,5.008243961352657
W-001964,COMPLETION,18,2,8.024224499466131,sanction_to_estimate_ratio,8.024224499466131
W-001965,COMPLETION,18,0,2.1992412844036697,released_payment_total_inr_as_of,-2.1992412844036697
W-001966,COMPLETION,18,0,2.5109595821574917,schedule_elapsed_ratio_as_of,2.5109595821574917
W-001967,COMPLETION,18,0,1.7676551724137943,financial_minus_physical_gap_pct_as_of,-1.7676551724137943
W-001968,PRE_SANCTION,3,0,0.2526119691119691,recommended_amount_inr,-0.2526119691119691
W-001969,EXECUTION,20,0,2.6879328358208956,days_since_last_payment_as_of,2.6879328358208956
W-001970,COMPLETION,18,0,2.0457362637362637,sanctioned_amount_inr,-2.0457362637362637
W-001971,COMPLETION,18,0,1.67749025974026,days_since_last_payment_as_of,1.67749025974026
W-001972,COMPLETION,18,0,2.5140454545454562,financial_minus_physical_gap_pct_as_of,-2.5140454545454562
W-001973,EXECUTION,19,0,1.215481228668942,latest_physical_progress_pct_as_of,-1.215481228668942
W-001974,COMPLETION,18,0,2.109758188687254,largest_payment_share_as_of,2.109758188687254
W-001975,COMPLETION,18,0,1.3100686787166569,schedule_elapsed_ratio_as_of,1.3100686787166569
W-001976,EXECUTION,20,1,12.723522727272709,financial_minus_physical_gap_pct_as_of,12.723522727272709
W-001977,COMPLETION,18,0,3.1931709104753887,financial_overrun_pct_as_of,3.1931709104753887
W-001978,COMPLETION,18,0,1.122970744680851,released_payment_total_inr_as_of,-1.122970744680851
W-001979,COMPLETION,18,0,1.5553830038707175,physical_progress_velocity_pct_per_30d,1.5553830038707175
W-001980,EXECUTION,20,0,3.3724999999999996,expected_minus_physical_gap_pct_as_of,-3.3724999999999996
W-001981,COMPLETION,18,0,0.9765905098563091,expenditure_to_sanction_pct_as_of,-0.9765905098563091
W-001982,EXECUTION,20,1,10.440697916666666,days_since_last_payment_as_of,10.440697916666666
W-001983,COMPLETION,18,0,0.8599875000000015,latest_financial_progress_pct_as_of,-0.8599875000000015
W-001984,COMPLETION,18,0,2.7364015019210615,financial_overrun_pct_as_of,2.7364015019210615
W-001985,COMPLETION,18,0,2.304541666666658,latest_financial_progress_pct_as_of,-2.304541666666658
W-001986,EXECUTION,20,3,12.706709677419319,max_physical_progress_drop_pct_as_of,12.706709677419319
W-001987,COMPLETION,18,0,1.685261775639623,largest_payment_share_as_of,1.685261775639623
W-001988,COMPLETION,18,0,1.3490000000000002,financial_overrun_pct_as_of,1.3490000000000002
W-001989,PRE_SANCTION,3,0,0.8190509050094928,estimate_to_recommended_ratio,-0.8190509050094928
W-001990,COMPLETION,18,0,1.6913251590909573,schedule_elapsed_ratio_as_of,1.6913251590909573
W-001991,COMPLETION,18,0,0.960730343962541,financial_overrun_pct_as_of,0.960730343962541
W-001992,COMPLETION,18,0,2.3673571421634745,financial_overrun_pct_as_of,2.3673571421634745
W-001993,COMPLETION,18,1,5.63592318638652,physical_progress_velocity_pct_per_30d,5.63592318638652
W-001994,EXECUTION,20,0,1.597442649434572,recommended_amount_inr,1.597442649434572
W-001995,COMPLETION,18,0,1.758548642172524,financial_overrun_pct_as_of,1.758548642172524
W-001996,COMPLETION,18,1,5.089866398058481,largest_payment_share_as_of,5.089866398058481
W-001997,COMPLETION,18,0,1.9515758511780859,estimate_to_recommended_ratio,1.9515758511780859
W-001998,COMPLETION,18,0,2.8427111603201616,physical_progress_velocity_pct_per_30d,2.8427111603201616
W-001999,EXECUTION,20,1,6.645554487179486,expected_minus_physical_gap_pct_as_of,6.645554487179486
W-002000,COMPLETION,18,1,3.5702361653672563,physical_progress_velocity_pct_per_30d,3.5702361653672563
W-002001,PRE_SANCTION,3,0,1.4412050520059436,technical_estimate_amount_inr,1.4412050520059436
W-002002,COMPLETION,18,0,1.957727142006734,financial_overrun_pct_as_of,1.957727142006734
W-002003,EXECUTION,20,2,8.501510416666667,days_since_last_payment_as_of,8.501510416666667
W-002004,EXECUTION,20,0,1.1291080586080584,latest_financial_progress_pct_as_of,-1.1291080586080584
W-002005,COMPLETION,18,0,1.859198717948718,recommended_amount_inr,-1.859198717948718
W-002006,COMPLETION,18,0,0.5968548888942928,largest_payment_share_as_of,0.5968548888942928
W-002007,COMPLETION,18,0,1.141909570011289,expenditure_to_sanction_pct_as_of,-1.141909570011289
W-002008,EXECUTION,20,2,16.34586170212766,days_since_last_payment_as_of,16.34586170212766
W-002009,COMPLETION,18,0,1.8175509921330542,sanction_to_recommended_ratio,-1.8175509921330542
W-002010,EXECUTION,20,0,1.8339164977807867,estimate_to_recommended_ratio,-1.8339164977807867
W-002011,COMPLETION,18,0,0.8042115384615424,latest_financial_progress_pct_as_of,0.8042115384615424
W-002012,EXECUTION,20,1,5.117160495015605,largest_payment_share_as_of,5.117160495015605
W-002013,EXECUTION,17,0,2.4890840707964603,released_payment_total_inr_as_of,-2.4890840707964603
W-002014,COMPLETION,18,1,8.088374314056702,financial_overrun_pct_as_of,8.088374314056702
W-002015,COMPLETION,18,0,1.1330458493024433,sanction_to_estimate_ratio,1.1330458493024433
W-002016,EXECUTION,20,0,2.849104031736335,sanction_to_recommended_ratio,2.849104031736335
W-002017,EXECUTION,20,2,14.01461111111111,days_since_last_payment_as_of,14.01461111111111
W-002018,COMPLETION,18,0,1.1788039596273292,released_payment_total_inr_as_of,-1.1788039596273292
W-002019,EXECUTION,20,0,1.4752978493252193,estimate_to_recommended_ratio,-1.4752978493252193
W-002020,EXECUTION,20,0,1.9323634016660949,sanction_to_recommended_ratio,1.9323634016660949
W-002021,EXECUTION,20,1,5.569848796180087,physical_progress_velocity_pct_per_30d,5.569848796180087
W-002022,PRE_SANCTION,3,0,0.8121815423056271,estimate_to_recommended_ratio,-0.8121815423056271
W-002023,COMPLETION,18,1,4.039548600064242,financial_overrun_pct_as_of,4.039548600064242
W-002024,EXECUTION,20,3,15.36766216216216,days_since_last_payment_as_of,15.36766216216216
W-002025,COMPLETION,18,0,2.7410581138230388,schedule_elapsed_ratio_as_of,2.7410581138230388
W-002026,COMPLETION,18,0,2.2808146123228035,physical_progress_velocity_pct_per_30d,2.2808146123228035
W-002027,COMPLETION,18,0,1.3672494196874403,financial_overrun_pct_as_of,1.3672494196874403
W-002028,COMPLETION,18,0,1.2962714574199778,sanction_to_estimate_ratio,1.2962714574199778
W-002029,COMPLETION,18,0,1.7743518258426967,released_payment_total_inr_as_of,-1.7743518258426967
W-002030,COMPLETION,18,1,4.130918028218415,financial_overrun_pct_as_of,4.130918028218415
W-002031,COMPLETION,18,0,2.02462108624191,sanction_to_estimate_ratio,-2.02462108624191
W-002032,COMPLETION,18,0,1.0966206640767535,sanction_to_estimate_ratio,-1.0966206640767535
W-002033,EXECUTION,20,1,6.373536231884058,days_since_last_payment_as_of,6.373536231884058
W-002034,PRE_SANCTION,3,0,1.2101197618115622,estimate_to_recommended_ratio,-1.2101197618115622
W-002035,EXECUTION,20,2,22.64392857142857,days_since_last_payment_as_of,22.64392857142857
W-002036,PRE_SANCTION,3,0,0.6322249414471717,estimate_to_recommended_ratio,-0.6322249414471717
W-002037,COMPLETION,18,0,2.382757285920245,schedule_elapsed_ratio_as_of,2.382757285920245
W-002038,EXECUTION,20,0,2.775232824427479,latest_physical_progress_pct_as_of,-2.775232824427479
W-002039,EXECUTION,20,3,129.50399999999823,max_physical_progress_drop_pct_as_of,129.50399999999823
W-002040,PRE_SANCTION,3,0,0.477979012345679,recommended_amount_inr,-0.477979012345679
W-002041,COMPLETION,18,0,0.9241311274509804,recommended_amount_inr,0.9241311274509804
W-002042,EXECUTION,20,0,1.1761837793548175,sanction_to_estimate_ratio,1.1761837793548175
W-002043,COMPLETION,18,0,2.397835087810696,largest_payment_share_as_of,2.397835087810696
W-002044,EXECUTION,20,0,2.5579398907103825,days_since_last_payment_as_of,2.5579398907103825
W-002045,PRE_SANCTION,3,0,1.0916972347253269,estimate_to_recommended_ratio,1.0916972347253269
W-002046,EXECUTION,20,0,2.6812768595041314,expected_minus_physical_gap_pct_as_of,-2.6812768595041314
W-002047,COMPLETION,18,0,1.2876818181818173,latest_financial_progress_pct_as_of,-1.2876818181818173
W-002048,EXECUTION,19,0,1.5820354077253214,latest_financial_progress_pct_as_of,-1.5820354077253214
W-002049,COMPLETION,18,0,2.397835087810696,largest_payment_share_as_of,2.397835087810696
W-002050,COMPLETION,18,0,2.163930432287552,sanction_to_recommended_ratio,2.163930432287552
W-002051,COMPLETION,18,0,2.42563336210102,expenditure_to_sanction_pct_as_of,-2.42563336210102
W-002052,COMPLETION,18,0,1.3446225470170066,estimate_to_recommended_ratio,-1.3446225470170066
W-002053,EXECUTION,20,0,1.2155052083333324,expected_minus_physical_gap_pct_as_of,-1.2155052083333324
W-002054,EXECUTION,20,0,2.6766437994722954,overdue_days_as_of,2.6766437994722954
W-002055,COMPLETION,18,0,1.5755910141036116,expenditure_to_sanction_pct_as_of,-1.5755910141036116
W-002056,EXECUTION,20,4,24.23675352921532,sanction_to_recommended_ratio,24.23675352921532
W-002057,EXECUTION,20,0,1.337978758169934,latest_physical_progress_pct_as_of,-1.337978758169934
W-002058,COMPLETION,18,0,1.3608742564039231,largest_payment_share_as_of,1.3608742564039231
W-002059,COMPLETION,18,0,1.883129041555352,sanction_to_recommended_ratio,-1.883129041555352
W-002060,COMPLETION,18,0,1.6826052084439478,expenditure_to_sanction_pct_as_of,-1.6826052084439478
W-002061,COMPLETION,18,0,1.9567912087912087,sanctioned_amount_inr,-1.9567912087912087
W-002062,COMPLETION,18,0,1.0771819013761053,schedule_elapsed_ratio_as_of,1.0771819013761053
W-002063,EXECUTION,20,0,2.698,physical_progress_decrease_count_as_of,2.698
W-002064,COMPLETION,18,2,19.35892348199035,sanction_to_estimate_ratio,19.35892348199035
W-002065,EXECUTION,20,0,1.0559298616563406,physical_progress_velocity_pct_per_30d,1.0559298616563406
W-002066,EXECUTION,20,0,2.2764374999999997,financial_minus_physical_gap_pct_as_of,-2.2764374999999997
W-002067,EXECUTION,20,2,15.062355141560896,sanction_to_estimate_ratio,15.062355141560896
W-002068,COMPLETION,18,0,1.5800961002785516,released_payment_total_inr_as_of,1.5800961002785516
W-002069,COMPLETION,18,5,12.634651503811295,financial_overrun_pct_as_of,12.634651503811295
W-002070,COMPLETION,18,0,2.455749531482287,expenditure_to_sanction_pct_as_of,-2.455749531482287
W-002071,COMPLETION,18,1,4.647903485609347,largest_payment_share_as_of,4.647903485609347
W-002072,COMPLETION,18,1,4.214443861757975,physical_progress_velocity_pct_per_30d,4.214443861757975
W-002073,COMPLETION,18,0,1.450933565224711,sanction_to_recommended_ratio,-1.450933565224711
W-002074,COMPLETION,18,0,1.5640882352941177,recommended_amount_inr,1.5640882352941177
W-002075,EXECUTION,20,0,2.9866700341855124,largest_payment_share_as_of,2.9866700341855124
W-002076,EXECUTION,20,2,15.007624999999999,days_since_last_payment_as_of,15.007624999999999
W-002077,PRE_SANCTION,3,0,1.723208904109589,technical_estimate_amount_inr,1.723208904109589
W-002078,PRE_SANCTION,3,0,1.5779850852272728,recommended_amount_inr,-1.5779850852272728
W-002079,COMPLETION,18,0,1.542852375375563,sanction_to_recommended_ratio,1.542852375375563
W-002080,EXECUTION,20,0,2.2483333333333406,financial_minus_physical_gap_pct_as_of,2.2483333333333406
W-002081,COMPLETION,18,0,1.709086082050408,schedule_elapsed_ratio_as_of,1.709086082050408
W-002082,COMPLETION,18,0,1.5685309492106823,physical_progress_velocity_pct_per_30d,1.5685309492106823
W-002083,EXECUTION,20,1,7.713827272727272,expected_minus_physical_gap_pct_as_of,7.713827272727272
W-002084,COMPLETION,18,0,1.2187009463810865,estimate_to_recommended_ratio,1.2187009463810865
W-002085,COMPLETION,18,0,1.5978115569229014,largest_payment_share_as_of,1.5978115569229014
W-002086,COMPLETION,18,1,4.236596917846468,physical_progress_velocity_pct_per_30d,4.236596917846468
W-002087,PRE_SANCTION,3,0,0.8382135922330097,technical_estimate_amount_inr,0.8382135922330097
W-002088,COMPLETION,18,0,2.950937499999993,latest_financial_progress_pct_as_of,-2.950937499999993
W-002089,COMPLETION,18,0,2.30154577309868,financial_overrun_pct_as_of,2.30154577309868
W-002090,COMPLETION,18,0,1.1633435800137513,financial_overrun_pct_as_of,1.1633435800137513
W-002091,EXECUTION,20,0,1.540879038613081,technical_estimate_amount_inr,-1.540879038613081
W-002092,EXECUTION,20,2,10.240136363636363,days_since_last_payment_as_of,10.240136363636363
W-002093,COMPLETION,18,0,1.993798582580724,physical_progress_velocity_pct_per_30d,1.993798582580724
W-002094,COMPLETION,18,0,2.317885845112434,financial_overrun_pct_as_of,2.317885845112434
W-002095,EXECUTION,20,0,2.817775843824995,schedule_elapsed_ratio_as_of,2.817775843824995
W-002096,COMPLETION,18,0,1.3011231732776618,recommended_amount_inr,1.3011231732776618
W-002097,EXECUTION,20,0,0.9546026252983294,technical_estimate_amount_inr,-0.9546026252983294
W-002098,COMPLETION,18,0,3.1328623323824867,expenditure_to_sanction_pct_as_of,-3.1328623323824867
W-002099,COMPLETION,18,0,2.0902734391393194,schedule_elapsed_ratio_as_of,2.0902734391393194
W-002100,COMPLETION,18,0,1.8416209909285668,largest_payment_share_as_of,1.8416209909285668
W-002101,COMPLETION,18,0,1.3866482432579026,sanction_to_recommended_ratio,-1.3866482432579026
W-002102,COMPLETION,18,0,1.854334757031029,physical_progress_velocity_pct_per_30d,1.854334757031029
W-002103,EXECUTION,20,2,10.857274193548387,days_since_last_payment_as_of,10.857274193548387
W-002104,PRE_SANCTION,3,0,1.3684625788999099,recommended_amount_inr,-1.3684625788999099
W-002105,COMPLETION,18,0,2.1339921710986425,largest_payment_share_as_of,2.1339921710986425
W-002106,COMPLETION,18,0,1.3190194449591333,schedule_elapsed_ratio_as_of,1.3190194449591333
W-002107,COMPLETION,18,0,1.3998332837014238,sanction_to_recommended_ratio,1.3998332837014238
W-002108,COMPLETION,18,0,1.3129156378600824,days_since_last_payment_as_of,1.3129156378600824
W-002109,EXECUTION,20,0,1.721485074626865,expected_minus_physical_gap_pct_as_of,1.721485074626865
W-002110,COMPLETION,18,0,1.1231251281109216,estimate_to_recommended_ratio,-1.1231251281109216
W-002111,COMPLETION,18,1,3.7290544893767366,physical_progress_velocity_pct_per_30d,3.7290544893767366
W-002112,COMPLETION,18,0,1.7837235521123906,physical_progress_velocity_pct_per_30d,1.7837235521123906
W-002113,COMPLETION,18,0,1.4208132344213653,schedule_elapsed_ratio_as_of,1.4208132344213653
W-002114,EXECUTION,20,0,1.6261028997338522,estimate_to_recommended_ratio,-1.6261028997338522
W-002115,EXECUTION,20,1,4.28048076923077,days_since_last_payment_as_of,4.28048076923077
W-002116,COMPLETION,18,2,22.394850972345573,sanction_to_estimate_ratio,22.394850972345573
W-002117,COMPLETION,18,0,2.8121496409843205,physical_progress_velocity_pct_per_30d,2.8121496409843205
W-002118,COMPLETION,18,0,2.264839027227852,largest_payment_share_as_of,2.264839027227852
W-002119,COMPLETION,18,0,2.07490626638659,physical_progress_velocity_pct_per_30d,2.07490626638659
W-002120,COMPLETION,18,0,1.36967231746802,sanction_to_estimate_ratio,1.36967231746802
W-002121,PRE_SANCTION,3,0,1.1714271124641604,estimate_to_recommended_ratio,1.1714271124641604
W-002122,COMPLETION,18,1,3.821505177872482,financial_overrun_pct_as_of,3.821505177872482
W-002123,COMPLETION,18,0,1.130983161550705,schedule_elapsed_ratio_as_of,1.130983161550705
W-002124,EXECUTION,20,0,1.0309119318181814,expected_minus_physical_gap_pct_as_of,-1.0309119318181814
W-002125,EXECUTION,20,0,1.1611650031708753,sanction_to_estimate_ratio,-1.1611650031708753
W-002126,COMPLETION,18,0,1.7705855304090383,expenditure_to_sanction_pct_as_of,-1.7705855304090383
W-002127,EXECUTION,20,2,75.54399999999896,max_physical_progress_drop_pct_as_of,75.54399999999896
W-002128,COMPLETION,18,0,2.463697642257504,physical_progress_velocity_pct_per_30d,2.463697642257504
W-002129,COMPLETION,18,0,2.2011174468345116,physical_progress_velocity_pct_per_30d,2.2011174468345116
W-002130,PRE_SANCTION,3,0,1.440242294520548,technical_estimate_amount_inr,-1.440242294520548
W-002131,COMPLETION,18,0,1.2433112947937155,schedule_elapsed_ratio_as_of,1.2433112947937155
W-002132,EXECUTION,20,0,1.1822868480725623,latest_physical_progress_pct_as_of,-1.1822868480725623
W-002133,COMPLETION,18,0,2.5639565079365085,financial_overrun_pct_as_of,2.5639565079365085
W-002134,COMPLETION,18,1,4.706018667877627,financial_overrun_pct_as_of,4.706018667877627
W-002135,COMPLETION,18,4,10.450653271748848,financial_overrun_pct_as_of,10.450653271748848
W-002136,COMPLETION,18,1,9.78111813094572,financial_overrun_pct_as_of,9.78111813094572
W-002137,EXECUTION,20,0,2.2191564885496167,latest_physical_progress_pct_as_of,-2.2191564885496167
W-002138,COMPLETION,18,0,1.3401893739633512,sanction_to_recommended_ratio,-1.3401893739633512
W-002139,PRE_SANCTION,3,0,0.9039052917317002,estimate_to_recommended_ratio,-0.9039052917317002
W-002140,COMPLETION,18,0,2.8001969696969726,financial_minus_physical_gap_pct_as_of,-2.8001969696969726
W-002141,COMPLETION,18,0,1.4893505050505051,sanctioned_amount_inr,-1.4893505050505051
W-002142,PRE_SANCTION,3,0,1.365035661218425,technical_estimate_amount_inr,1.365035661218425
W-002143,COMPLETION,18,0,1.3384724002982566,schedule_elapsed_ratio_as_of,1.3384724002982566
W-002144,COMPLETION,18,0,2.487605504587156,sanctioned_amount_inr,-2.487605504587156
W-002145,EXECUTION,20,1,3.7473383738209445,largest_payment_share_as_of,3.7473383738209445
W-002146,EXECUTION,20,0,1.2453268518518519,technical_estimate_amount_inr,1.2453268518518519
W-002147,COMPLETION,18,0,2.4948783162640544,largest_payment_share_as_of,2.4948783162640544
W-002148,PRE_SANCTION,3,0,1.5492421875,recommended_amount_inr,-1.5492421875
W-002149,PRE_SANCTION,3,0,0.8411718146718147,recommended_amount_inr,-0.8411718146718147
W-002150,EXECUTION,20,0,1.505864665185125,sanction_to_recommended_ratio,1.505864665185125
W-002151,EXECUTION,20,4,14.684427083333333,days_since_last_payment_as_of,14.684427083333333
W-002152,EXECUTION,20,0,1.098471428571428,expected_minus_physical_gap_pct_as_of,1.098471428571428
W-002153,COMPLETION,18,0,2.996244144882889,largest_payment_share_as_of,2.996244144882889
W-002154,COMPLETION,18,0,1.2088441558441558,sanctioned_amount_inr,-1.2088441558441558
W-002155,EXECUTION,20,1,3.620182767278287,physical_progress_velocity_pct_per_30d,3.620182767278287
W-002156,COMPLETION,18,0,2.188578099495507,sanction_to_recommended_ratio,-2.188578099495507
W-002157,COMPLETION,18,0,1.2347678425979314,physical_progress_velocity_pct_per_30d,1.2347678425979314
W-002158,EXECUTION,20,3,24.752581395348834,days_since_last_payment_as_of,24.752581395348834
W-002159,COMPLETION,18,0,1.5179770354906055,recommended_amount_inr,-1.5179770354906055
W-002160,COMPLETION,18,0,3.4021363822249464,financial_overrun_pct_as_of,3.4021363822249464
W-002161,COMPLETION,18,0,1.4244108693347548,sanction_to_recommended_ratio,-1.4244108693347548
W-002162,COMPLETION,18,0,1.7411891421821863,sanction_to_recommended_ratio,1.7411891421821863
W-002163,COMPLETION,18,1,4.706693956490516,physical_progress_velocity_pct_per_30d,4.706693956490516
W-002164,EXECUTION,20,0,3.322164179104478,days_since_last_payment_as_of,3.322164179104478
W-002165,EXECUTION,20,1,4.488579136690648,released_payment_total_inr_as_of,4.488579136690648
W-002166,EXECUTION,20,3,17.267200000000003,max_physical_progress_drop_pct_as_of,17.267200000000003
W-002167,COMPLETION,18,0,1.9182219584569729,financial_overrun_pct_as_of,1.9182219584569729
W-002168,EXECUTION,20,0,2.1224266666666667,expected_minus_physical_gap_pct_as_of,-2.1224266666666667
W-002169,COMPLETION,18,0,1.0511242176340698,sanction_to_recommended_ratio,1.0511242176340698
W-002170,COMPLETION,18,0,2.953236830434141,largest_payment_share_as_of,2.953236830434141
W-002171,COMPLETION,18,0,1.249778642924107,physical_progress_velocity_pct_per_30d,1.249778642924107
W-002172,PRE_SANCTION,3,0,0.35938610038610036,recommended_amount_inr,-0.35938610038610036
W-002173,EXECUTION,20,0,1.762679828161341,sanction_to_estimate_ratio,-1.762679828161341
W-002174,PRE_SANCTION,3,0,1.0245487469232484,estimate_to_recommended_ratio,-1.0245487469232484
W-002175,EXECUTION,20,0,2.717550724637681,days_since_last_payment_as_of,2.717550724637681
W-002176,EXECUTION,20,0,2.131600331836168,physical_progress_velocity_pct_per_30d,2.131600331836168
W-002177,COMPLETION,18,0,2.2905398908783177,financial_overrun_pct_as_of,2.2905398908783177
W-002178,COMPLETION,18,1,5.665013411078719,financial_overrun_pct_as_of,5.665013411078719
W-002179,PRE_SANCTION,3,0,0.738689577039275,recommended_amount_inr,-0.738689577039275
W-002180,EXECUTION,20,0,1.255167955717918,sanction_to_estimate_ratio,1.255167955717918
W-002181,COMPLETION,18,0,3.062953121107782,largest_payment_share_as_of,3.062953121107782
W-002182,COMPLETION,18,0,2.218067774062489,largest_payment_share_as_of,2.218067774062489
W-002183,PRE_SANCTION,3,0,0.3305479421917298,estimate_to_recommended_ratio,-0.3305479421917298
W-002184,COMPLETION,18,0,1.5931757654512295,sanction_to_recommended_ratio,-1.5931757654512295
W-002185,EXECUTION,20,0,1.8095038304263136,estimate_to_recommended_ratio,1.8095038304263136
W-002186,COMPLETION,18,0,1.6641968929878475,sanction_to_recommended_ratio,1.6641968929878475
W-002187,EXECUTION,20,0,1.4431162790697665,expected_minus_physical_gap_pct_as_of,-1.4431162790697665
W-002188,COMPLETION,18,2,12.330287535357126,sanction_to_estimate_ratio,12.330287535357126
W-002189,COMPLETION,18,3,3.9626875000000026,financial_minus_physical_gap_pct_as_of,-3.9626875000000026
W-002190,COMPLETION,18,1,7.0340858897428244,physical_progress_velocity_pct_per_30d,7.0340858897428244
W-002191,COMPLETION,18,0,2.4492526437241318,physical_progress_velocity_pct_per_30d,2.4492526437241318
W-002192,EXECUTION,20,2,16.82034375,days_since_last_payment_as_of,16.82034375
W-002193,COMPLETION,18,2,15.508633927155119,sanction_to_estimate_ratio,15.508633927155119
W-002194,COMPLETION,18,2,12.085907370872475,sanction_to_estimate_ratio,12.085907370872475
W-002195,EXECUTION,20,0,2.698,physical_progress_decrease_count_as_of,2.698
W-002196,COMPLETION,18,0,2.277344203455878,financial_overrun_pct_as_of,2.277344203455878
W-002197,COMPLETION,18,0,1.0225753086419753,sanctioned_amount_inr,-1.0225753086419753
W-002198,EXECUTION,20,0,3.2630261780104712,overdue_days_as_of,3.2630261780104712
W-002199,COMPLETION,18,0,2.333574061154749,expenditure_to_sanction_pct_as_of,-2.333574061154749
W-002200,EXECUTION,20,2,15.347521598450978,sanction_to_estimate_ratio,15.347521598450978
W-002201,EXECUTION,20,0,2.615618320610685,latest_physical_progress_pct_as_of,-2.615618320610685
W-002202,COMPLETION,18,0,1.169029434186829,expenditure_to_sanction_pct_as_of,-1.169029434186829
W-002203,COMPLETION,18,0,1.3553632075471698,days_since_last_payment_as_of,1.3553632075471698
W-002204,COMPLETION,18,0,1.8788901598956964,physical_progress_velocity_pct_per_30d,1.8788901598956964
W-002205,COMPLETION,18,3,13.249546349888835,sanction_to_estimate_ratio,13.249546349888835
W-002206,EXECUTION,20,0,1.2785298507462683,expected_minus_physical_gap_pct_as_of,1.2785298507462683
W-002207,COMPLETION,18,0,1.5744157566820765,financial_overrun_pct_as_of,1.5744157566820765
W-002208,COMPLETION,18,0,1.395701468099533,expenditure_to_sanction_pct_as_of,-1.395701468099533
W-002209,COMPLETION,18,0,1.582003126700276,sanction_to_recommended_ratio,1.582003126700276
W-002210,EXECUTION,20,0,2.0405759493670885,days_since_last_payment_as_of,2.0405759493670885
W-002211,EXECUTION,20,1,6.214010638297872,days_since_last_payment_as_of,6.214010638297872
W-002212,PRE_SANCTION,3,0,1.1871349254160384,estimate_to_recommended_ratio,-1.1871349254160384
W-002213,COMPLETION,18,0,1.2609108911258204,sanction_to_estimate_ratio,1.2609108911258204
W-002214,EXECUTION,20,1,9.555416666666666,days_since_last_payment_as_of,9.555416666666666
W-002215,COMPLETION,18,2,22.686148373517206,sanction_to_estimate_ratio,22.686148373517206
W-002216,COMPLETION,18,0,1.601937499999993,latest_financial_progress_pct_as_of,-1.601937499999993
W-002217,EXECUTION,20,2,4.692318626434913,largest_payment_share_as_of,4.692318626434913
W-002218,COMPLETION,18,0,1.2114219544049933,estimate_to_recommended_ratio,-1.2114219544049933
W-002219,PRE_SANCTION,3,0,0.7728118130069901,estimate_to_recommended_ratio,0.7728118130069901
W-002220,COMPLETION,18,0,0.6364296965146566,largest_payment_share_as_of,0.6364296965146566
W-002221,COMPLETION,18,0,0.7827527840164551,expenditure_to_sanction_pct_as_of,-0.7827527840164551
W-002222,COMPLETION,18,0,1.337338106169978,physical_progress_velocity_pct_per_30d,1.337338106169978
W-002223,COMPLETION,18,0,2.5608774567693127,largest_payment_share_as_of,2.5608774567693127
W-002224,EXECUTION,20,0,1.8831036315323295,technical_estimate_amount_inr,1.8831036315323295
W-002225,COMPLETION,18,0,0.9765846590951571,sanction_to_estimate_ratio,-0.9765846590951571
W-002226,COMPLETION,18,1,4.37233844764628,financial_overrun_pct_as_of,4.37233844764628
W-002227,EXECUTION,20,2,14.202223179967644,sanction_to_estimate_ratio,14.202223179967644
W-002228,COMPLETION,18,0,2.953224495975371,largest_payment_share_as_of,2.953224495975371
W-002229,EXECUTION,20,1,5.877056450894839,largest_payment_share_as_of,5.877056450894839
W-002230,EXECUTION,20,0,2.48922619047619,expected_minus_physical_gap_pct_as_of,2.48922619047619
W-002231,EXECUTION,20,0,1.311527777777779,expected_minus_physical_gap_pct_as_of,1.311527777777779
W-002232,COMPLETION,18,1,7.242285522788206,financial_overrun_pct_as_of,7.242285522788206
W-002233,COMPLETION,18,0,1.3865467196819086,recommended_amount_inr,1.3865467196819086
W-002234,COMPLETION,18,0,3.3442159329425047,largest_payment_share_as_of,3.3442159329425047
W-002235,COMPLETION,18,0,1.28804489181644,estimate_to_recommended_ratio,-1.28804489181644
W-002236,COMPLETION,18,0,2.404114026420615,financial_overrun_pct_as_of,2.404114026420615
W-002237,EXECUTION,20,0,3.0217600000000004,max_physical_progress_drop_pct_as_of,3.0217600000000004
W-002238,COMPLETION,18,4,15.260341400786716,financial_overrun_pct_as_of,15.260341400786716
W-002239,EXECUTION,19,0,2.2112474226804113,latest_financial_progress_pct_as_of,-2.2112474226804113
W-002240,EXECUTION,20,2,9.528072072072073,days_since_last_payment_as_of,9.528072072072073
W-002241,COMPLETION,18,0,1.7030403400320115,largest_payment_share_as_of,1.7030403400320115
W-002242,EXECUTION,20,0,1.8995747566114372,largest_payment_share_as_of,1.8995747566114372
W-002243,COMPLETION,18,0,1.4151992189836962,schedule_elapsed_ratio_as_of,1.4151992189836962
W-002244,COMPLETION,18,0,1.0507662440570522,recommended_amount_inr,-1.0507662440570522
W-002245,COMPLETION,18,0,2.978883948718336,physical_progress_velocity_pct_per_30d,2.978883948718336
W-002246,COMPLETION,18,1,3.747833512628249,largest_payment_share_as_of,3.747833512628249
W-002247,EXECUTION,20,0,2.2135197230812533,estimate_to_recommended_ratio,2.2135197230812533
W-002248,COMPLETION,18,0,1.089412604757517,sanction_to_estimate_ratio,-1.089412604757517
W-002249,EXECUTION,20,4,64.75199999999906,max_physical_progress_drop_pct_as_of,64.75199999999906
W-002250,EXECUTION,20,2,11.691333333333333,days_since_last_payment_as_of,11.691333333333333
W-002251,EXECUTION,20,3,10.439184615384615,days_since_last_payment_as_of,10.439184615384615
W-002252,PRE_SANCTION,3,0,1.2628083209509657,technical_estimate_amount_inr,1.2628083209509657
W-002253,COMPLETION,18,0,1.729495223613596,financial_overrun_pct_as_of,1.729495223613596
W-002254,EXECUTION,20,2,12.554247870028613,sanction_to_estimate_ratio,12.554247870028613
W-002255,COMPLETION,18,1,4.274739193638257,physical_progress_velocity_pct_per_30d,4.274739193638257
W-002256,EXECUTION,20,0,1.2661666666666662,financial_minus_physical_gap_pct_as_of,-1.2661666666666662
W-002257,COMPLETION,18,0,1.8754720580761186,financial_overrun_pct_as_of,1.8754720580761186
W-002258,COMPLETION,18,0,3.0737231125950832,largest_payment_share_as_of,3.0737231125950832
W-002259,COMPLETION,18,4,13.937092160643891,financial_overrun_pct_as_of,13.937092160643891
W-002260,EXECUTION,20,0,2.274176245210728,sanctioned_amount_inr,-2.274176245210728
W-002261,EXECUTION,20,3,19.117859375,days_since_last_payment_as_of,19.117859375
W-002262,EXECUTION,20,1,3.7473383738209445,largest_payment_share_as_of,3.7473383738209445
W-002263,COMPLETION,18,0,0.8107382916163347,sanction_to_estimate_ratio,-0.8107382916163347
W-002264,EXECUTION,20,0,1.6125977011494252,sanctioned_amount_inr,1.6125977011494252
W-002265,COMPLETION,18,0,2.1268218518616164,sanction_to_estimate_ratio,-2.1268218518616164
W-002266,COMPLETION,18,0,1.5938185185185185,technical_estimate_amount_inr,1.5938185185185185
W-002267,EXECUTION,18,0,1.730718203033839,released_payment_total_inr_as_of,-1.730718203033839
W-002268,COMPLETION,18,0,0.9903521998454234,sanction_to_estimate_ratio,0.9903521998454234
W-002269,COMPLETION,18,0,2.1523730878212435,sanction_to_recommended_ratio,2.1523730878212435
W-002270,PRE_SANCTION,3,0,0.3694729561499792,estimate_to_recommended_ratio,0.3694729561499792
W-002271,EXECUTION,20,2,8.094,physical_progress_decrease_count_as_of,8.094
W-002272,EXECUTION,20,0,1.8632227722772277,days_since_last_payment_as_of,1.8632227722772277
W-002273,COMPLETION,18,1,4.300634387494629,physical_progress_velocity_pct_per_30d,4.300634387494629
W-002274,COMPLETION,18,0,1.858106473790093,estimate_to_recommended_ratio,1.858106473790093
W-002275,COMPLETION,18,0,1.7529484679665739,released_payment_total_inr_as_of,1.7529484679665739
W-002276,COMPLETION,18,4,14.628494288885145,financial_overrun_pct_as_of,14.628494288885145
W-002277,EXECUTION,20,0,1.3954087702438456,estimate_to_recommended_ratio,-1.3954087702438456
W-002278,COMPLETION,18,0,0.9204883481538512,sanction_to_recommended_ratio,-0.9204883481538512
W-002279,COMPLETION,18,0,2.305561429085673,financial_overrun_pct_as_of,2.305561429085673
W-002280,EXECUTION,20,0,2.553464285714285,financial_minus_physical_gap_pct_as_of,-2.553464285714285
W-002281,EXECUTION,20,0,2.505173278879813,released_payment_total_inr_as_of,2.505173278879813
W-002282,COMPLETION,18,1,6.954347141378863,financial_overrun_pct_as_of,6.954347141378863
W-002283,PRE_SANCTION,3,0,1.0443030622431217,estimate_to_recommended_ratio,-1.0443030622431217
W-002284,COMPLETION,18,0,3.4505288588936733,largest_payment_share_as_of,3.4505288588936733
W-002285,COMPLETION,18,0,2.335522499656789,physical_progress_velocity_pct_per_30d,2.335522499656789
W-002286,EXECUTION,20,0,1.4358170146139744,sanction_to_recommended_ratio,-1.4358170146139744
W-002287,COMPLETION,18,0,2.254698834267507,largest_payment_share_as_of,2.254698834267507
W-002288,COMPLETION,18,3,5.743469696969704,financial_minus_physical_gap_pct_as_of,-5.743469696969704
W-002289,COMPLETION,18,0,1.7127303703703705,technical_estimate_amount_inr,1.7127303703703705
W-002290,COMPLETION,18,0,1.54793237375069,sanction_to_recommended_ratio,-1.54793237375069
W-002291,EXECUTION,20,2,7.957144927536232,days_since_last_payment_as_of,7.957144927536232
W-002292,EXECUTION,20,0,2.0335965052508844,largest_payment_share_as_of,2.0335965052508844
W-002293,EXECUTION,20,0,2.0335965052508844,largest_payment_share_as_of,2.0335965052508844
W-002294,EXECUTION,20,0,3.121706211285854,largest_payment_share_as_of,3.121706211285854
W-002295,COMPLETION,18,0,1.0604206552389392,sanction_to_estimate_ratio,-1.0604206552389392
W-002296,COMPLETION,18,0,2.092937919978436,physical_progress_velocity_pct_per_30d,2.092937919978436
W-002297,COMPLETION,18,1,4.221927322895912,largest_payment_share_as_of,4.221927322895912
W-002298,COMPLETION,18,1,4.310715837244114,physical_progress_velocity_pct_per_30d,4.310715837244114
W-002299,COMPLETION,18,0,2.3064531010198777,sanction_to_recommended_ratio,-2.3064531010198777
W-002300,EXECUTION,20,2,6.107972222222222,days_since_last_payment_as_of,6.107972222222222
W-002301,COMPLETION,18,0,1.5312972972972945,latest_financial_progress_pct_as_of,-1.5312972972972945
W-002302,COMPLETION,18,1,5.1784627418397635,financial_overrun_pct_as_of,5.1784627418397635
W-002303,COMPLETION,18,4,12.523783473389354,financial_overrun_pct_as_of,12.523783473389354
W-002304,COMPLETION,18,2,14.618563435683125,sanction_to_estimate_ratio,14.618563435683125
W-002305,PRE_SANCTION,3,0,1.0944411057692307,technical_estimate_amount_inr,1.0944411057692307
W-002306,COMPLETION,18,0,3.0185180014416795,physical_progress_velocity_pct_per_30d,3.0185180014416795
W-002307,COMPLETION,18,0,2.996142807413583,largest_payment_share_as_of,2.996142807413583
W-002308,COMPLETION,18,1,6.602518087970153,physical_progress_velocity_pct_per_30d,6.602518087970153
W-002309,COMPLETION,18,1,4.452854097824487,largest_payment_share_as_of,4.452854097824487
W-002310,COMPLETION,18,1,4.960475221334307,physical_progress_velocity_pct_per_30d,4.960475221334307
W-002311,COMPLETION,18,0,2.122377082959037,financial_overrun_pct_as_of,2.122377082959037
W-002312,EXECUTION,20,0,1.7487037037037025,expected_minus_physical_gap_pct_as_of,-1.7487037037037025
W-002313,EXECUTION,17,0,2.809795580110498,latest_physical_progress_pct_as_of,-2.809795580110498
W-002314,COMPLETION,18,1,5.90088897889795,largest_payment_share_as_of,5.90088897889795
W-002315,COMPLETION,18,0,2.120986328125,technical_estimate_amount_inr,2.120986328125
W-002316,COMPLETION,18,0,3.208266951810304,largest_payment_share_as_of,3.208266951810304
W-002317,COMPLETION,18,0,1.1153578266946422,financial_overrun_pct_as_of,1.1153578266946422
W-002318,COMPLETION,18,0,2.196894800129015,physical_progress_velocity_pct_per_30d,2.196894800129015
W-002319,COMPLETION,18,0,2.3843372376260694,schedule_elapsed_ratio_as_of,2.3843372376260694
W-002320,EXECUTION,20,0,2.014201410673338,physical_progress_velocity_pct_per_30d,2.014201410673338
W-002321,COMPLETION,18,0,1.862904761904766,latest_financial_progress_pct_as_of,-1.862904761904766
W-002322,COMPLETION,18,0,1.1102398388132109,sanction_to_recommended_ratio,-1.1102398388132109
W-002323,COMPLETION,18,0,3.2052154213036546,largest_payment_share_as_of,3.2052154213036546
W-002324,COMPLETION,18,0,1.881833963942878,expenditure_to_sanction_pct_as_of,-1.881833963942878
W-002325,COMPLETION,18,1,3.835846222294816,physical_progress_velocity_pct_per_30d,3.835846222294816
W-002326,COMPLETION,18,0,1.592338134430727,technical_estimate_amount_inr,1.592338134430727
W-002327,EXECUTION,20,2,10.09998051948052,days_since_last_payment_as_of,10.09998051948052
W-002328,PRE_SANCTION,3,0,0.9273183633347721,estimate_to_recommended_ratio,0.9273183633347721
W-002329,PRE_SANCTION,3,0,0.37414911055976235,estimate_to_recommended_ratio,0.37414911055976235
W-002330,COMPLETION,18,0,1.3878404615565558,sanction_to_estimate_ratio,1.3878404615565558
W-002331,COMPLETION,18,0,1.8803784335688984,expenditure_to_sanction_pct_as_of,-1.8803784335688984
W-002332,COMPLETION,18,1,4.452854097824487,largest_payment_share_as_of,4.452854097824487
W-002333,COMPLETION,18,0,1.4079953801063365,sanction_to_recommended_ratio,1.4079953801063365
W-002334,COMPLETION,18,0,0.8404649166821759,sanction_to_estimate_ratio,0.8404649166821759
W-002335,COMPLETION,18,2,3.6170523086133346,financial_overrun_pct_as_of,3.6170523086133346
W-002336,COMPLETION,18,0,1.6767231638418079,released_payment_total_inr_as_of,1.6767231638418079
W-002337,COMPLETION,18,0,1.8979928456590724,sanction_to_recommended_ratio,-1.8979928456590724
W-002338,PRE_SANCTION,3,0,0.20598146513680493,technical_estimate_amount_inr,0.20598146513680493
W-002339,PRE_SANCTION,3,0,0.7446364802687682,estimate_to_recommended_ratio,0.7446364802687682
W-002340,COMPLETION,18,0,0.8281505791505791,sanctioned_amount_inr,0.8281505791505791
W-002341,COMPLETION,18,0,1.2808324468085106,released_payment_total_inr_as_of,-1.2808324468085106
W-002342,COMPLETION,18,0,1.5656679782088987,schedule_elapsed_ratio_as_of,1.5656679782088987
W-002343,COMPLETION,18,0,1.3953019002391815,schedule_elapsed_ratio_as_of,1.3953019002391815
W-002344,COMPLETION,18,0,2.1318023657366743,largest_payment_share_as_of,2.1318023657366743
W-002345,COMPLETION,18,0,1.5173193599301202,financial_overrun_pct_as_of,1.5173193599301202
W-002346,EXECUTION,20,0,1.2707912762010691,expenditure_to_sanction_pct_as_of,-1.2707912762010691
W-002347,COMPLETION,18,0,1.0237253983275079,expenditure_to_sanction_pct_as_of,-1.0237253983275079
W-002348,EXECUTION,20,3,6.7203231707317075,days_since_last_payment_as_of,6.7203231707317075
W-002349,COMPLETION,18,0,2.042190374844243,physical_progress_velocity_pct_per_30d,2.042190374844243
W-002350,COMPLETION,18,4,22.981577339191713,financial_overrun_pct_as_of,22.981577339191713
W-002351,EXECUTION,20,0,1.380643209876543,latest_financial_progress_pct_as_of,-1.380643209876543
W-002352,COMPLETION,18,1,6.211993135639759,financial_overrun_pct_as_of,6.211993135639759
W-002353,PRE_SANCTION,3,0,0.6654247772530657,estimate_to_recommended_ratio,-0.6654247772530657
W-002354,COMPLETION,18,0,1.5494628981521361,physical_progress_velocity_pct_per_30d,1.5494628981521361
W-002355,COMPLETION,18,0,1.630861527293901,sanction_to_recommended_ratio,-1.630861527293901
W-002356,COMPLETION,18,0,1.0792000000000028,latest_financial_progress_pct_as_of,-1.0792000000000028
W-002357,EXECUTION,20,0,2.03816304347826,expected_minus_physical_gap_pct_as_of,-2.03816304347826
W-002358,COMPLETION,18,0,1.096158512980583,financial_overrun_pct_as_of,1.096158512980583
W-002359,COMPLETION,18,0,1.100940082644628,days_since_last_payment_as_of,1.100940082644628
W-002360,COMPLETION,18,0,2.7999448234740294,schedule_elapsed_ratio_as_of,2.7999448234740294
W-002361,EXECUTION,20,0,2.3959850746268705,expected_minus_physical_gap_pct_as_of,-2.3959850746268705
W-002362,EXECUTION,20,3,20.53009375,days_since_last_payment_as_of,20.53009375
W-002363,PRE_SANCTION,3,0,1.3729941904027032,estimate_to_recommended_ratio,1.3729941904027032
W-002364,EXECUTION,20,2,13.31806862745098,days_since_last_payment_as_of,13.31806862745098
W-002365,COMPLETION,18,0,2.1815915733076277,sanction_to_recommended_ratio,2.1815915733076277
W-002366,COMPLETION,18,0,1.5497666316364254,estimate_to_recommended_ratio,1.5497666316364254
W-002367,COMPLETION,18,1,4.17258179338751,financial_overrun_pct_as_of,4.17258179338751
W-002368,COMPLETION,18,0,1.0042913637888842,largest_payment_share_as_of,-1.0042913637888842
W-002369,COMPLETION,18,0,1.2876818181818217,latest_financial_progress_pct_as_of,1.2876818181818217
W-002370,EXECUTION,17,0,1.929988762156764,expenditure_to_sanction_pct_as_of,-1.929988762156764
W-002371,COMPLETION,18,0,0.9750712147079907,sanction_to_estimate_ratio,-0.9750712147079907
W-002372,COMPLETION,18,0,1.3645448095273813,physical_progress_velocity_pct_per_30d,1.3645448095273813
W-002373,EXECUTION,20,1,9.590546875,days_since_last_payment_as_of,9.590546875
W-002374,PRE_SANCTION,3,0,0.34575358735154127,estimate_to_recommended_ratio,0.34575358735154127
W-002375,COMPLETION,18,0,0.9183752942605262,largest_payment_share_as_of,-0.9183752942605262
W-002376,EXECUTION,20,3,9.126828125000012,financial_minus_physical_gap_pct_as_of,9.126828125000012
W-002377,COMPLETION,18,0,1.1776027987153157,largest_payment_share_as_of,1.1776027987153157
W-002378,COMPLETION,18,0,1.433937037037037,sanctioned_amount_inr,1.433937037037037
W-002379,PRE_SANCTION,3,0,1.1332325268817205,technical_estimate_amount_inr,-1.1332325268817205
W-002380,COMPLETION,18,1,3.524025904967303,physical_progress_velocity_pct_per_30d,3.524025904967303
W-002381,COMPLETION,18,0,1.3987490633024005,expenditure_to_sanction_pct_as_of,-1.3987490633024005
W-002382,EXECUTION,20,1,3.7299173943901893,physical_progress_velocity_pct_per_30d,3.7299173943901893
W-002383,COMPLETION,18,0,1.2724893350578637,schedule_elapsed_ratio_as_of,-1.2724893350578637
W-002384,EXECUTION,20,0,2.6778656716417912,days_since_last_payment_as_of,2.6778656716417912
W-002385,EXECUTION,20,0,1.490004498963739,estimate_to_recommended_ratio,-1.490004498963739
W-002386,COMPLETION,18,0,2.267936903363102,physical_progress_velocity_pct_per_30d,2.267936903363102
W-002387,COMPLETION,18,0,1.6695403177594021,sanction_to_recommended_ratio,-1.6695403177594021
W-002388,COMPLETION,18,1,4.390863189174669,largest_payment_share_as_of,4.390863189174669
W-002389,COMPLETION,18,0,1.4674694824961994,sanction_to_recommended_ratio,1.4674694824961994
W-002390,COMPLETION,18,0,3.274048490227303,physical_progress_velocity_pct_per_30d,3.274048490227303
W-002391,COMPLETION,18,0,1.422945185185185,technical_estimate_amount_inr,1.422945185185185
W-002392,COMPLETION,18,0,1.3445108156089784,estimate_to_recommended_ratio,1.3445108156089784
W-002393,COMPLETION,18,0,1.199836212854181,recommended_amount_inr,1.199836212854181
W-002394,EXECUTION,17,0,1.279938566552901,latest_physical_progress_pct_as_of,-1.279938566552901
W-002395,COMPLETION,18,4,21.158661074740092,financial_overrun_pct_as_of,21.158661074740092
W-002396,COMPLETION,18,1,5.089866398058481,largest_payment_share_as_of,5.089866398058481
W-002397,COMPLETION,18,0,1.362539835656187,sanction_to_recommended_ratio,-1.362539835656187
W-002398,EXECUTION,20,2,7.564035714285715,days_since_last_payment_as_of,7.564035714285715
W-002399,COMPLETION,18,0,1.6167623476182045,physical_progress_velocity_pct_per_30d,1.6167623476182045
W-002400,COMPLETION,18,1,4.785520338983051,financial_overrun_pct_as_of,4.785520338983051
W-002401,COMPLETION,18,0,1.2521450467166797,schedule_elapsed_ratio_as_of,1.2521450467166797
W-002402,COMPLETION,18,0,2.3430126690397612,physical_progress_velocity_pct_per_30d,2.3430126690397612
W-002403,COMPLETION,18,0,1.8114318334002946,financial_overrun_pct_as_of,1.8114318334002946
W-002404,COMPLETION,18,0,1.2658692914409517,sanction_to_recommended_ratio,-1.2658692914409517
W-002405,EXECUTION,20,1,4.723614052653985,largest_payment_share_as_of,4.723614052653985
W-002406,COMPLETION,18,0,1.0415073529411765,recommended_amount_inr,-1.0415073529411765
W-002407,EXECUTION,20,0,3.2131692913385828,released_payment_total_inr_as_of,3.2131692913385828
W-002408,EXECUTION,20,0,1.5808593749999982,financial_minus_physical_gap_pct_as_of,-1.5808593749999982
W-002409,COMPLETION,18,0,3.226647816813179,largest_payment_share_as_of,3.226647816813179
W-002410,COMPLETION,18,1,3.6808718512271303,physical_progress_velocity_pct_per_30d,3.6808718512271303
W-002411,EXECUTION,20,1,3.762999999999999,max_physical_progress_drop_pct_as_of,3.762999999999999
W-002412,COMPLETION,18,1,3.557350696747337,largest_payment_share_as_of,3.557350696747337
W-002413,EXECUTION,20,3,7.063642078833233,schedule_elapsed_ratio_as_of,7.063642078833233
W-002414,COMPLETION,18,0,1.462893640289818,sanction_to_estimate_ratio,1.462893640289818
W-002415,COMPLETION,18,1,6.159187149832806,physical_progress_velocity_pct_per_30d,6.159187149832806
W-002416,COMPLETION,18,0,2.0176854423879926,sanction_to_recommended_ratio,-2.0176854423879926
W-002417,EXECUTION,20,0,1.6019374999999991,expected_minus_physical_gap_pct_as_of,-1.6019374999999991
W-002418,COMPLETION,18,0,1.117692028301888,sanction_to_recommended_ratio,1.117692028301888
W-002419,EXECUTION,20,1,8.645863636363645,financial_minus_physical_gap_pct_as_of,8.645863636363645
W-002420,EXECUTION,20,0,1.8561145858858108,physical_progress_velocity_pct_per_30d,1.8561145858858108
W-002421,COMPLETION,18,4,25.70699478443872,financial_overrun_pct_as_of,25.70699478443872
W-002422,EXECUTION,20,2,4.574493589743589,days_since_last_payment_as_of,4.574493589743589
W-002423,COMPLETION,18,0,1.0040210742107425,physical_progress_velocity_pct_per_30d,1.0040210742107425
W-002424,COMPLETION,18,0,0.7443806306306306,days_since_last_payment_as_of,-0.7443806306306306
W-002425,EXECUTION,20,0,1.3730892857142878,financial_minus_physical_gap_pct_as_of,1.3730892857142878
W-002426,COMPLETION,18,0,1.9675009483240073,physical_progress_velocity_pct_per_30d,1.9675009483240073
W-002427,COMPLETION,18,0,1.1807700671185906,sanction_to_recommended_ratio,-1.1807700671185906
W-002428,COMPLETION,18,0,3.4505288588936733,largest_payment_share_as_of,3.4505288588936733
W-002429,COMPLETION,18,0,2.3752067728760786,physical_progress_velocity_pct_per_30d,2.3752067728760786
W-002430,COMPLETION,18,0,1.2430050445863614,sanction_to_estimate_ratio,-1.2430050445863614
W-002431,COMPLETION,18,0,1.5824966804226361,physical_progress_velocity_pct_per_30d,1.5824966804226361
W-002432,EXECUTION,20,2,6.110568996416161,largest_payment_share_as_of,6.110568996416161
W-002433,COMPLETION,18,0,1.6448941143826112,financial_overrun_pct_as_of,1.6448941143826112
W-002434,COMPLETION,18,0,1.5539750582449,physical_progress_velocity_pct_per_30d,1.5539750582449
W-002435,COMPLETION,18,1,8.58187519229876,financial_overrun_pct_as_of,8.58187519229876
W-002436,COMPLETION,18,0,1.2733327027856924,largest_payment_share_as_of,1.2733327027856924
W-002437,PRE_SANCTION,3,0,1.1420737463126844,technical_estimate_amount_inr,-1.1420737463126844
W-002438,COMPLETION,18,0,2.376598361619199,largest_payment_share_as_of,2.376598361619199
W-002439,COMPLETION,18,1,3.7902551594244818,physical_progress_velocity_pct_per_30d,3.7902551594244818
W-002440,COMPLETION,18,0,0.7112915028463789,sanction_to_recommended_ratio,-0.7112915028463789
W-002441,EXECUTION,20,0,1.7494843750000049,financial_minus_physical_gap_pct_as_of,-1.7494843750000049
W-002442,COMPLETION,18,0,1.4750951475421519,financial_overrun_pct_as_of,1.4750951475421519
W-002443,PRE_SANCTION,3,0,0.7033741438356165,technical_estimate_amount_inr,-0.7033741438356165
W-002444,COMPLETION,18,0,1.7711055840152672,sanction_to_recommended_ratio,-1.7711055840152672
W-002445,EXECUTION,20,3,15.526725490196089,financial_minus_physical_gap_pct_as_of,15.526725490196089
W-002446,EXECUTION,20,0,2.133668333333333,latest_financial_progress_pct_as_of,-2.133668333333333
W-002447,EXECUTION,20,2,12.4108,days_since_last_payment_as_of,12.4108
W-002448,COMPLETION,18,1,3.5040594109060916,physical_progress_velocity_pct_per_30d,3.5040594109060916
W-002449,COMPLETION,18,0,1.4747942506092349,schedule_elapsed_ratio_as_of,1.4747942506092349
W-002450,PRE_SANCTION,3,0,0.5668609577801521,estimate_to_recommended_ratio,0.5668609577801521
W-002451,EXECUTION,20,2,5.975378205128205,days_since_last_payment_as_of,5.975378205128205
W-002452,COMPLETION,18,0,1.4155323245289564,schedule_elapsed_ratio_as_of,1.4155323245289564
W-002453,PRE_SANCTION,3,0,0.49610326894502227,technical_estimate_amount_inr,-0.49610326894502227
W-002454,COMPLETION,18,0,1.4246631558730314,schedule_elapsed_ratio_as_of,1.4246631558730314
W-002455,EXECUTION,20,0,2.4031690813344113,largest_payment_share_as_of,2.4031690813344113
W-002456,COMPLETION,18,2,17.840623969223714,sanction_to_estimate_ratio,17.840623969223714
W-002457,COMPLETION,18,0,3.0390605638620003,physical_progress_velocity_pct_per_30d,3.0390605638620003
W-002458,COMPLETION,18,0,3.1361683458574636,financial_overrun_pct_as_of,3.1361683458574636
W-002459,COMPLETION,18,0,2.3316989692094827,largest_payment_share_as_of,2.3316989692094827
W-002460,EXECUTION,20,0,2.622608128012332,sanction_to_recommended_ratio,2.622608128012332
W-002461,EXECUTION,20,2,40.85542857142862,max_physical_progress_drop_pct_as_of,40.85542857142862
W-002462,COMPLETION,18,0,2.5608774567693127,largest_payment_share_as_of,2.5608774567693127
W-002463,COMPLETION,18,0,1.1201696296296297,technical_estimate_amount_inr,-1.1201696296296297
W-002464,COMPLETION,18,0,1.3150235936878074,expenditure_to_sanction_pct_as_of,-1.3150235936878074
W-002465,COMPLETION,18,0,2.0590017796561138,expenditure_to_sanction_pct_as_of,-2.0590017796561138
W-002466,COMPLETION,18,0,1.6320424948109862,largest_payment_share_as_of,-1.6320424948109862
W-002467,COMPLETION,18,0,2.0482057354712,sanction_to_recommended_ratio,2.0482057354712
W-002468,COMPLETION,18,0,1.8243440111420612,released_payment_total_inr_as_of,1.8243440111420612
W-002469,EXECUTION,20,0,1.4470090013067622,sanction_to_recommended_ratio,-1.4470090013067622
W-002470,COMPLETION,18,0,2.218067774062489,largest_payment_share_as_of,2.218067774062489
W-002471,EXECUTION,20,0,1.8136774116854075,sanction_to_recommended_ratio,1.8136774116854075
W-002472,PRE_SANCTION,3,0,0.09550442477876106,technical_estimate_amount_inr,0.09550442477876106
W-002473,COMPLETION,18,1,3.6973366930311453,schedule_elapsed_ratio_as_of,3.6973366930311453
W-002474,COMPLETION,18,0,2.415145161290326,latest_financial_progress_pct_as_of,-2.415145161290326
W-002475,COMPLETION,18,0,1.3394955132778632,sanction_to_estimate_ratio,1.3394955132778632
W-002476,EXECUTION,20,2,16.973238805970148,days_since_last_payment_as_of,16.973238805970148
W-002477,EXECUTION,20,1,3.587113636363633,financial_minus_physical_gap_pct_as_of,-3.587113636363633
W-002478,COMPLETION,18,0,1.8316670307555356,largest_payment_share_as_of,1.8316670307555356
W-002479,COMPLETION,18,0,1.4202321731086394,estimate_to_recommended_ratio,1.4202321731086394
W-002480,EXECUTION,20,0,1.8526733980520216,expenditure_to_sanction_pct_as_of,-1.8526733980520216
W-002481,EXECUTION,20,2,7.165727722772276,days_since_last_payment_as_of,7.165727722772276
W-002482,COMPLETION,18,0,1.8918454380390375,financial_overrun_pct_as_of,1.8918454380390375
W-002483,COMPLETION,18,4,25.615318553116623,financial_overrun_pct_as_of,25.615318553116623
W-002484,EXECUTION,20,0,2.994371212121209,expected_minus_physical_gap_pct_as_of,-2.994371212121209
W-002485,COMPLETION,18,0,3.1587199239564923,physical_progress_velocity_pct_per_30d,3.1587199239564923
W-002486,EXECUTION,20,1,7.182513513513513,days_since_last_payment_as_of,7.182513513513513
W-002487,COMPLETION,18,0,1.1757279629337924,sanction_to_recommended_ratio,1.1757279629337924
W-002488,COMPLETION,18,1,7.189538408215889,largest_payment_share_as_of,7.189538408215889
W-002489,COMPLETION,18,0,1.473709864681377,physical_progress_velocity_pct_per_30d,1.473709864681377
W-002490,EXECUTION,20,0,1.1431732479520909,expenditure_to_sanction_pct_as_of,-1.1431732479520909
W-002491,COMPLETION,18,0,3.174446967840735,financial_overrun_pct_as_of,3.174446967840735
W-002492,PRE_SANCTION,3,0,0.8617684912028931,estimate_to_recommended_ratio,0.8617684912028931
W-002493,COMPLETION,18,0,1.5473823529411743,financial_minus_physical_gap_pct_as_of,-1.5473823529411743
W-002494,EXECUTION,20,0,1.4357214285714281,financial_minus_physical_gap_pct_as_of,1.4357214285714281
W-002495,PRE_SANCTION,3,0,0.8429352833324799,estimate_to_recommended_ratio,-0.8429352833324799
W-002496,COMPLETION,18,0,1.4637682455686811,expenditure_to_sanction_pct_as_of,-1.4637682455686811
W-002497,EXECUTION,20,0,2.332870502210438,largest_payment_share_as_of,2.332870502210438
W-002498,COMPLETION,18,0,2.7659656714611893,physical_progress_velocity_pct_per_30d,2.7659656714611893
W-002499,COMPLETION,18,0,1.279848835765157,largest_payment_share_as_of,1.279848835765157
W-002500,COMPLETION,18,0,1.8416209909285668,largest_payment_share_as_of,1.8416209909285668
W-002501,COMPLETION,18,0,1.235752149675612,largest_payment_share_as_of,1.235752149675612
W-002502,EXECUTION,20,0,1.5513500000000007,financial_minus_physical_gap_pct_as_of,-1.5513500000000007
W-002503,EXECUTION,17,0,2.1670816831683166,latest_financial_progress_pct_as_of,-2.1670816831683166
W-002504,EXECUTION,20,0,1.8574224447588985,schedule_elapsed_ratio_as_of,1.8574224447588985
W-002505,COMPLETION,18,0,1.2648358720971236,largest_payment_share_as_of,-1.2648358720971236
W-002506,COMPLETION,18,0,1.5473673379808623,sanction_to_recommended_ratio,1.5473673379808623
W-002507,EXECUTION,20,2,8.168944444444444,days_since_last_payment_as_of,8.168944444444444
W-002508,EXECUTION,20,2,11.466499999999993,financial_minus_physical_gap_pct_as_of,11.466499999999993
W-002509,COMPLETION,18,0,2.345246132905396,schedule_elapsed_ratio_as_of,2.345246132905396
W-002510,COMPLETION,18,0,2.390887019917559,financial_overrun_pct_as_of,2.390887019917559
W-002511,PRE_SANCTION,3,0,1.2843219178082192,technical_estimate_amount_inr,-1.2843219178082192
W-002512,COMPLETION,18,0,1.6378157019277089,estimate_to_recommended_ratio,-1.6378157019277089
W-002513,COMPLETION,18,0,1.7087908175670083,sanction_to_recommended_ratio,1.7087908175670083
W-002514,EXECUTION,20,2,5.70459477124183,days_since_last_payment_as_of,5.70459477124183
W-002515,COMPLETION,18,0,1.4471038596798549,sanction_to_recommended_ratio,-1.4471038596798549
W-002516,EXECUTION,20,1,3.697259259259258,max_physical_progress_drop_pct_as_of,3.697259259259258
W-002517,COMPLETION,18,0,1.2449844446321774,largest_payment_share_as_of,1.2449844446321774
W-002518,EXECUTION,20,0,1.2774771723122238,sanctioned_amount_inr,-1.2774771723122238
W-002519,COMPLETION,18,0,1.766326710614563,financial_overrun_pct_as_of,1.766326710614563
W-002520,COMPLETION,18,0,0.9961566862735443,schedule_elapsed_ratio_as_of,0.9961566862735443
W-002521,EXECUTION,20,3,13.862485074626864,days_since_last_payment_as_of,13.862485074626864
W-002522,EXECUTION,20,1,24.784568627451,financial_minus_physical_gap_pct_as_of,24.784568627451
W-002523,COMPLETION,18,0,1.5393719348865902,physical_progress_velocity_pct_per_30d,1.5393719348865902
W-002524,EXECUTION,20,2,10.268918367346956,expected_minus_physical_gap_pct_as_of,10.268918367346956
W-002525,COMPLETION,18,0,1.4552691692801674,sanction_to_estimate_ratio,-1.4552691692801674
W-002526,COMPLETION,18,0,1.5077347513484771,sanction_to_recommended_ratio,-1.5077347513484771
W-002527,COMPLETION,18,0,2.8162564935064935,days_since_last_payment_as_of,2.8162564935064935
W-002528,COMPLETION,18,0,1.0355037379759315,physical_progress_velocity_pct_per_30d,1.0355037379759315
W-002529,EXECUTION,20,2,14.911267857142857,days_since_last_payment_as_of,14.911267857142857
W-002530,COMPLETION,18,4,8.361397264047008,financial_overrun_pct_as_of,8.361397264047008
W-002531,COMPLETION,18,0,1.745101874417398,schedule_elapsed_ratio_as_of,1.745101874417398
W-002532,EXECUTION,20,1,5.672449566408032,largest_payment_share_as_of,5.672449566408032
W-002533,PRE_SANCTION,3,0,1.022693215339233,technical_estimate_amount_inr,1.022693215339233
W-002534,COMPLETION,18,3,3.525964971790173,expenditure_to_sanction_pct_as_of,-3.525964971790173
W-002535,COMPLETION,18,0,1.3873559499715362,sanction_to_recommended_ratio,-1.3873559499715362
W-002536,COMPLETION,18,0,2.5140454545454523,latest_financial_progress_pct_as_of,-2.5140454545454523
W-002537,COMPLETION,18,1,4.5922610044326175,physical_progress_velocity_pct_per_30d,4.5922610044326175
W-002538,COMPLETION,18,0,1.36209200310559,released_payment_total_inr_as_of,-1.36209200310559
W-002539,COMPLETION,18,0,1.6168911230743925,sanction_to_recommended_ratio,-1.6168911230743925
W-002540,PRE_SANCTION,3,0,1.9894507211538461,technical_estimate_amount_inr,1.9894507211538461
W-002541,EXECUTION,20,3,40.46999999999998,max_physical_progress_drop_pct_as_of,40.46999999999998
W-002542,PRE_SANCTION,3,0,0.5274554280670786,technical_estimate_amount_inr,0.5274554280670786
W-002543,EXECUTION,20,0,1.6903901820084188,estimate_to_recommended_ratio,-1.6903901820084188
W-002544,COMPLETION,18,0,2.6986381794678365,largest_payment_share_as_of,2.6986381794678365
W-002545,EXECUTION,20,1,14.016953125000015,financial_minus_physical_gap_pct_as_of,14.016953125000015
W-002546,EXECUTION,20,0,2.241251968503937,released_payment_total_inr_as_of,2.241251968503937
W-002547,COMPLETION,18,1,5.589372797345637,financial_overrun_pct_as_of,5.589372797345637
W-002548,COMPLETION,18,0,2.337526726886966,sanction_to_recommended_ratio,2.337526726886966
W-002549,EXECUTION,20,0,2.473166666666671,financial_minus_physical_gap_pct_as_of,-2.473166666666671
W-002550,COMPLETION,18,0,1.0867123310906743,largest_payment_share_as_of,-1.0867123310906743
W-002551,PRE_SANCTION,3,0,1.1891185185185185,recommended_amount_inr,-1.1891185185185185
W-002552,PRE_SANCTION,3,0,0.6874165128545491,estimate_to_recommended_ratio,0.6874165128545491
W-002553,PRE_SANCTION,3,0,1.143880058413936,estimate_to_recommended_ratio,-1.143880058413936
W-002554,COMPLETION,18,0,0.8721115354651839,schedule_elapsed_ratio_as_of,0.8721115354651839
W-002555,COMPLETION,18,0,1.1011607282697595,sanction_to_recommended_ratio,1.1011607282697595
W-002556,COMPLETION,18,0,1.626561908230153,released_payment_total_inr_as_of,1.626561908230153
W-002557,COMPLETION,18,0,1.515400994644519,estimate_to_recommended_ratio,-1.515400994644519
W-002558,COMPLETION,18,1,9.147095864571318,financial_overrun_pct_as_of,9.147095864571318
W-002559,COMPLETION,18,0,1.1644503536625666,sanction_to_recommended_ratio,1.1644503536625666
W-002560,PRE_SANCTION,3,0,0.6825178306092125,technical_estimate_amount_inr,-0.6825178306092125
W-002561,COMPLETION,18,0,0.7740517751877044,sanction_to_estimate_ratio,-0.7740517751877044
W-002562,PRE_SANCTION,3,0,1.2547352861463725,estimate_to_recommended_ratio,1.2547352861463725
W-002563,COMPLETION,18,0,2.2190406060330665,expenditure_to_sanction_pct_as_of,-2.2190406060330665
W-002564,PRE_SANCTION,3,0,1.712706943192065,recommended_amount_inr,1.712706943192065
W-002565,COMPLETION,18,0,1.4317216981132075,days_since_last_payment_as_of,1.4317216981132075
W-002566,COMPLETION,18,0,1.6022894855821455,expenditure_to_sanction_pct_as_of,-1.6022894855821455
W-002567,EXECUTION,20,0,1.4309993408000978,sanction_to_estimate_ratio,1.4309993408000978
W-002568,COMPLETION,18,0,2.397835087810696,largest_payment_share_as_of,2.397835087810696
W-002569,PRE_SANCTION,3,0,1.1406372462488967,technical_estimate_amount_inr,1.1406372462488967
W-002570,COMPLETION,18,0,2.3444279043900123,physical_progress_velocity_pct_per_30d,2.3444279043900123
W-002571,PRE_SANCTION,3,0,1.5259357927501542,estimate_to_recommended_ratio,-1.5259357927501542
W-002572,COMPLETION,18,0,1.6536129032258082,latest_financial_progress_pct_as_of,-1.6536129032258082
W-002573,EXECUTION,20,0,1.304033333333335,financial_minus_physical_gap_pct_as_of,-1.304033333333335
W-002574,COMPLETION,18,0,1.3216744800565323,expenditure_to_sanction_pct_as_of,-1.3216744800565323
W-002575,COMPLETION,18,0,1.374325406758448,sanctioned_amount_inr,1.374325406758448
W-002576,COMPLETION,18,1,7.898987824870253,physical_progress_velocity_pct_per_30d,7.898987824870253
W-002577,COMPLETION,18,0,1.4998183612165332,largest_payment_share_as_of,1.4998183612165332
W-002578,COMPLETION,18,0,1.8416209909285668,largest_payment_share_as_of,1.8416209909285668
W-002579,COMPLETION,18,0,1.7137660459726216,sanction_to_recommended_ratio,-1.7137660459726216
W-002580,COMPLETION,18,0,2.0720436770257957,schedule_elapsed_ratio_as_of,2.0720436770257957
W-002581,EXECUTION,20,2,8.5215,days_since_last_payment_as_of,8.5215
W-002582,COMPLETION,18,0,3.312929820187003,expenditure_to_sanction_pct_as_of,-3.312929820187003
W-002583,COMPLETION,18,3,17.86096861414099,sanction_to_estimate_ratio,17.86096861414099
W-002584,EXECUTION,20,0,3.08342857142857,financial_minus_physical_gap_pct_as_of,-3.08342857142857
W-002585,PRE_SANCTION,3,0,1.158023444544635,recommended_amount_inr,-1.158023444544635
W-002586,EXECUTION,20,2,10.111423423423423,days_since_last_payment_as_of,10.111423423423423
W-002587,COMPLETION,18,0,1.7319428137066921,financial_overrun_pct_as_of,1.7319428137066921
W-002588,EXECUTION,20,4,24.313372093023254,days_since_last_payment_as_of,24.313372093023254
W-002589,EXECUTION,20,0,3.466458897292782,expenditure_to_sanction_pct_as_of,-3.466458897292782
W-002590,COMPLETION,18,0,1.689657836320644,sanction_to_estimate_ratio,-1.689657836320644
W-002591,COMPLETION,18,0,1.6262903783307014,sanction_to_recommended_ratio,1.6262903783307014
W-002592,COMPLETION,18,1,4.671130086526741,physical_progress_velocity_pct_per_30d,4.671130086526741
W-002593,COMPLETION,18,0,1.6217682094081942,released_payment_total_inr_as_of,1.6217682094081942
W-002594,COMPLETION,18,0,2.9015563055110505,physical_progress_velocity_pct_per_30d,2.9015563055110505
W-002595,COMPLETION,18,0,1.43967214339059,technical_estimate_amount_inr,1.43967214339059
W-002596,COMPLETION,18,0,0.8554270449521002,technical_estimate_amount_inr,0.8554270449521002
W-002597,EXECUTION,20,0,1.9359025974025976,days_since_last_payment_as_of,1.9359025974025976
W-002598,EXECUTION,20,0,3.4237278481012656,days_since_last_payment_as_of,3.4237278481012656
W-002599,COMPLETION,18,0,1.7537074150418699,sanction_to_recommended_ratio,1.7537074150418699
W-002600,PRE_SANCTION,3,0,1.2658150074294205,technical_estimate_amount_inr,-1.2658150074294205
W-002601,COMPLETION,18,0,1.461416666666664,latest_financial_progress_pct_as_of,1.461416666666664
W-002602,COMPLETION,18,0,1.977894212826157,physical_progress_velocity_pct_per_30d,1.977894212826157
W-002603,EXECUTION,17,1,3.5523666666666713,financial_minus_physical_gap_pct_as_of,-3.5523666666666713
W-002604,EXECUTION,20,0,3.031450724722893,largest_payment_share_as_of,3.031450724722893
W-002605,EXECUTION,17,0,1.7870925074982433,expenditure_to_sanction_pct_as_of,-1.7870925074982433
W-002606,EXECUTION,20,0,2.149881308383032,largest_payment_share_as_of,2.149881308383032
W-002607,EXECUTION,20,0,1.6780191265652122,estimate_to_recommended_ratio,1.6780191265652122
W-002608,COMPLETION,18,0,1.094982874695975,estimate_to_recommended_ratio,-1.094982874695975
W-002609,COMPLETION,18,0,2.0702994203967426,financial_overrun_pct_as_of,2.0702994203967426
W-002610,COMPLETION,18,0,1.7376120612194095,expenditure_to_sanction_pct_as_of,-1.7376120612194095
W-002611,PRE_SANCTION,3,0,1.1732133204633204,recommended_amount_inr,-1.1732133204633204
W-002612,COMPLETION,18,0,1.561932744587922,sanction_to_recommended_ratio,-1.561932744587922
W-002613,PRE_SANCTION,3,0,1.1995369318181819,recommended_amount_inr,-1.1995369318181819
W-002614,COMPLETION,18,0,1.5251586781142088,sanction_to_recommended_ratio,1.5251586781142088
W-002615,COMPLETION,18,0,2.1339921710986425,largest_payment_share_as_of,2.1339921710986425
W-002616,COMPLETION,18,2,17.577631282608852,sanction_to_estimate_ratio,17.577631282608852
W-002617,EXECUTION,20,1,3.5498093873406598,physical_progress_velocity_pct_per_30d,3.5498093873406598
W-002618,EXECUTION,20,0,1.2827211717887732,largest_payment_share_as_of,1.2827211717887732
W-002619,COMPLETION,18,0,2.7419155464461515,physical_progress_velocity_pct_per_30d,2.7419155464461515
W-002620,EXECUTION,20,1,7.082250000000003,expected_minus_physical_gap_pct_as_of,7.082250000000003
W-002621,COMPLETION,18,0,2.134759028019703,largest_payment_share_as_of,2.134759028019703
W-002622,EXECUTION,20,0,1.8354093515863226,estimate_to_recommended_ratio,1.8354093515863226
W-002623,EXECUTION,20,3,15.407855421686747,days_since_last_payment_as_of,15.407855421686747
W-002624,COMPLETION,18,4,5.548772848620929,physical_progress_velocity_pct_per_30d,5.548772848620929
W-002625,PRE_SANCTION,3,0,1.074074098656224,estimate_to_recommended_ratio,-1.074074098656224
W-002626,EXECUTION,20,2,5.936670634920635,days_since_last_payment_as_of,5.936670634920635
W-002627,COMPLETION,18,0,1.6601381601317586,sanction_to_recommended_ratio,-1.6601381601317586
W-002628,COMPLETION,18,0,1.3925407701019252,technical_estimate_amount_inr,-1.3925407701019252
W-002629,COMPLETION,18,0,1.2447240866502232,physical_progress_velocity_pct_per_30d,1.2447240866502232
W-002630,EXECUTION,20,0,2.9866700341855124,largest_payment_share_as_of,2.9866700341855124
W-002631,COMPLETION,18,0,0.6745,financial_overrun_pct_as_of,-0.6745
W-002632,EXECUTION,20,3,9.086966063058824,sanction_to_estimate_ratio,9.086966063058824
W-002633,COMPLETION,18,0,1.4577903225806483,latest_financial_progress_pct_as_of,-1.4577903225806483
W-002634,COMPLETION,18,3,31.34596687944532,sanction_to_estimate_ratio,31.34596687944532
W-002635,COMPLETION,18,0,2.6390887435640784,physical_progress_velocity_pct_per_30d,2.6390887435640784
W-002636,PRE_SANCTION,3,0,0.6745,technical_estimate_amount_inr,-0.6745
W-002637,EXECUTION,20,0,1.9977229299363048,expected_minus_physical_gap_pct_as_of,1.9977229299363048
W-002638,COMPLETION,18,0,1.434246946513872,sanction_to_recommended_ratio,1.434246946513872
W-002639,EXECUTION,20,0,1.2990370370370385,financial_minus_physical_gap_pct_as_of,-1.2990370370370385
W-002640,PRE_SANCTION,3,0,1.301646404109589,technical_estimate_amount_inr,1.301646404109589
W-002641,COMPLETION,18,0,1.145459705882353,recommended_amount_inr,1.145459705882353
W-002642,COMPLETION,18,0,2.5706027583664905,largest_payment_share_as_of,2.5706027583664905
W-002643,COMPLETION,18,0,2.062756613756614,days_since_last_payment_as_of,2.062756613756614
W-002644,EXECUTION,20,0,2.0024218749999996,financial_minus_physical_gap_pct_as_of,2.0024218749999996
W-002645,COMPLETION,18,0,3.014028962980752,physical_progress_velocity_pct_per_30d,3.014028962980752
W-002646,COMPLETION,18,0,2.243418039318458,schedule_elapsed_ratio_as_of,2.243418039318458
W-002647,PRE_SANCTION,3,0,1.8686148148148147,recommended_amount_inr,1.8686148148148147
W-002648,EXECUTION,20,0,2.301742017879949,sanctioned_amount_inr,-2.301742017879949
W-002649,EXECUTION,20,0,2.3382666666666765,financial_minus_physical_gap_pct_as_of,2.3382666666666765
W-002650,COMPLETION,18,0,1.5321424973147069,sanction_to_recommended_ratio,1.5321424973147069
W-002651,COMPLETION,18,0,1.3290518619511094,estimate_to_recommended_ratio,1.3290518619511094
W-002652,EXECUTION,20,1,5.05901156476293,largest_payment_share_as_of,5.05901156476293
W-002653,COMPLETION,18,0,1.2299705882352976,latest_financial_progress_pct_as_of,-1.2299705882352976
W-002654,COMPLETION,18,0,0.7297223326735378,sanction_to_estimate_ratio,-0.7297223326735378
W-002655,EXECUTION,20,2,7.259222772277228,days_since_last_payment_as_of,7.259222772277228
W-002656,EXECUTION,20,0,2.9866700341855124,largest_payment_share_as_of,2.9866700341855124
W-002657,COMPLETION,18,3,3.9497177278650835,expenditure_to_sanction_pct_as_of,-3.9497177278650835
W-002658,COMPLETION,18,0,1.34738934571023,estimate_to_recommended_ratio,1.34738934571023
W-002659,EXECUTION,20,0,1.7868333333333317,expected_minus_physical_gap_pct_as_of,-1.7868333333333317
W-002660,COMPLETION,18,0,1.0309662481151631,financial_overrun_pct_as_of,1.0309662481151631
W-002661,COMPLETION,18,0,1.1917429775280899,released_payment_total_inr_as_of,-1.1917429775280899
W-002662,COMPLETION,18,1,5.850782816556253,financial_overrun_pct_as_of,5.850782816556253
W-002663,COMPLETION,18,3,16.637858610118606,sanction_to_estimate_ratio,16.637858610118606
W-002664,PRE_SANCTION,3,0,0.9260702702702702,technical_estimate_amount_inr,0.9260702702702702
W-002665,COMPLETION,18,0,1.0216600885488747,sanction_to_recommended_ratio,1.0216600885488747
W-002666,EXECUTION,20,2,11.684080645161291,days_since_last_payment_as_of,11.684080645161291
W-002667,COMPLETION,18,0,2.8979996003836312,financial_overrun_pct_as_of,2.8979996003836312
W-002668,EXECUTION,20,0,2.720108358237733,largest_payment_share_as_of,2.720108358237733
W-002669,COMPLETION,18,0,1.9753717931935972,sanction_to_estimate_ratio,-1.9753717931935972
W-002670,COMPLETION,18,0,3.470237025169213,physical_progress_velocity_pct_per_30d,3.470237025169213
W-002671,COMPLETION,18,0,1.6200728536436175,physical_progress_velocity_pct_per_30d,1.6200728536436175
W-002672,EXECUTION,20,0,1.0771832684239906,largest_payment_share_as_of,1.0771832684239906
W-002673,EXECUTION,20,1,3.8783749999999997,days_since_last_payment_as_of,3.8783749999999997
W-002674,COMPLETION,18,1,6.180385838597761,financial_overrun_pct_as_of,6.180385838597761
W-002675,COMPLETION,18,0,1.1047692810457517,recommended_amount_inr,1.1047692810457517
W-002676,COMPLETION,18,0,0.7606966495849439,schedule_elapsed_ratio_as_of,0.7606966495849439
W-002677,COMPLETION,18,0,1.4306273885350318,days_since_last_payment_as_of,1.4306273885350318
W-002678,COMPLETION,18,0,1.5381890243902423,latest_financial_progress_pct_as_of,-1.5381890243902423
W-002679,EXECUTION,20,0,3.322537037037037,days_since_last_payment_as_of,3.322537037037037
W-002680,EXECUTION,20,0,1.3892479423868314,released_payment_total_inr_as_of,1.3892479423868314
W-002681,EXECUTION,20,2,17.166686274509846,financial_minus_physical_gap_pct_as_of,17.166686274509846
W-002682,COMPLETION,18,0,2.953236830434141,largest_payment_share_as_of,2.953236830434141
W-002683,EXECUTION,20,0,0.8380737864934306,sanction_to_recommended_ratio,0.8380737864934306
W-002684,EXECUTION,20,0,1.6994754901960778,latest_physical_progress_pct_as_of,-1.6994754901960778
W-002685,EXECUTION,20,1,5.281166608876561,physical_progress_velocity_pct_per_30d,5.281166608876561
W-002686,EXECUTION,20,0,1.6725570254215532,sanction_to_estimate_ratio,-1.6725570254215532
W-002687,COMPLETION,18,0,1.6196031032191045,physical_progress_velocity_pct_per_30d,1.6196031032191045
W-002688,COMPLETION,18,0,1.7718917597207067,expenditure_to_sanction_pct_as_of,-1.7718917597207067
W-002689,COMPLETION,18,0,2.294380042043028,schedule_elapsed_ratio_as_of,2.294380042043028
W-002690,COMPLETION,18,0,1.4242167226188365,schedule_elapsed_ratio_as_of,1.4242167226188365
W-002691,COMPLETION,18,0,1.9846743806539402,estimate_to_recommended_ratio,1.9846743806539402
W-002692,COMPLETION,18,1,7.07139131069947,financial_overrun_pct_as_of,7.07139131069947
W-002693,COMPLETION,18,0,1.37798062751116,physical_progress_velocity_pct_per_30d,1.37798062751116
W-002694,EXECUTION,20,0,1.2956094986807387,overdue_days_as_of,1.2956094986807387
W-002695,COMPLETION,18,0,1.9184028275387477,schedule_elapsed_ratio_as_of,1.9184028275387477
W-002696,PRE_SANCTION,3,0,2.2284652840396753,recommended_amount_inr,-2.2284652840396753
W-002697,COMPLETION,18,0,3.1317883527740116,physical_progress_velocity_pct_per_30d,3.1317883527740116
W-002698,COMPLETION,18,0,2.425681185151671,physical_progress_velocity_pct_per_30d,2.425681185151671
W-002699,PRE_SANCTION,3,0,0.6745,recommended_amount_inr,0.6745
W-002700,COMPLETION,18,1,4.666663503848486,physical_progress_velocity_pct_per_30d,4.666663503848486
W-002701,COMPLETION,18,0,1.2857448709336066,sanction_to_recommended_ratio,1.2857448709336066
W-002702,EXECUTION,20,0,3.068313725490202,financial_minus_physical_gap_pct_as_of,-3.068313725490202
W-002703,COMPLETION,18,0,1.3645850499884002,expenditure_to_sanction_pct_as_of,-1.3645850499884002
W-002704,COMPLETION,18,0,1.7407438657928898,sanction_to_recommended_ratio,1.7407438657928898
W-002705,COMPLETION,18,0,1.3572152236062713,estimate_to_recommended_ratio,1.3572152236062713
W-002706,COMPLETION,18,0,1.0200844080648641,sanction_to_estimate_ratio,-1.0200844080648641
W-002707,EXECUTION,20,0,2.6393478260869534,financial_minus_physical_gap_pct_as_of,-2.6393478260869534
W-002708,COMPLETION,18,1,7.1899245775964,financial_overrun_pct_as_of,7.1899245775964
W-002709,EXECUTION,20,0,1.8436333333333457,financial_minus_physical_gap_pct_as_of,1.8436333333333457
W-002710,COMPLETION,18,0,3.2244675163727425,largest_payment_share_as_of,3.2244675163727425
W-002711,EXECUTION,20,0,1.4572573358725154,sanction_to_recommended_ratio,-1.4572573358725154
W-002712,COMPLETION,18,0,3.373757626983,expenditure_to_sanction_pct_as_of,-3.373757626983
W-002713,EXECUTION,20,2,6.66391256830601,days_since_last_payment_as_of,6.66391256830601
W-002714,PRE_SANCTION,3,0,0.8651612215909091,recommended_amount_inr,-0.8651612215909091
W-002715,COMPLETION,18,0,2.393748309778389,financial_overrun_pct_as_of,2.393748309778389
W-002716,COMPLETION,18,0,3.445175779671225,largest_payment_share_as_of,3.445175779671225
W-002717,COMPLETION,18,0,1.4927945054945055,sanctioned_amount_inr,-1.4927945054945055
W-002718,EXECUTION,20,0,1.7874249999999994,latest_financial_progress_pct_as_of,-1.7874249999999994
W-002719,COMPLETION,18,4,14.863727502348574,financial_overrun_pct_as_of,14.863727502348574
W-002720,PRE_SANCTION,3,0,1.0800151057401812,recommended_amount_inr,-1.0800151057401812
W-002721,COMPLETION,18,0,1.1475259740259776,latest_financial_progress_pct_as_of,-1.1475259740259776
W-002722,EXECUTION,20,1,4.159416666666666,days_since_last_payment_as_of,4.159416666666666
W-002723,COMPLETION,18,0,1.9604122517390863,financial_overrun_pct_as_of,1.9604122517390863
W-002724,COMPLETION,18,0,3.0737231125950832,largest_payment_share_as_of,3.0737231125950832
W-002725,COMPLETION,18,0,0.9273420249603664,financial_overrun_pct_as_of,0.9273420249603664
W-002726,EXECUTION,20,3,167.2759999999977,max_physical_progress_drop_pct_as_of,167.2759999999977
W-002727,EXECUTION,20,0,2.1075261800553586,expenditure_to_sanction_pct_as_of,-2.1075261800553586
W-002728,EXECUTION,20,0,2.186262781186094,released_payment_total_inr_as_of,2.186262781186094
W-002729,COMPLETION,18,0,1.7922144959529063,financial_overrun_pct_as_of,1.7922144959529063
W-002730,PRE_SANCTION,3,0,0.26932332155477035,recommended_amount_inr,-0.26932332155477035
W-002731,COMPLETION,18,1,4.426870706416077,largest_payment_share_as_of,4.426870706416077
W-002732,COMPLETION,18,0,3.062953121107782,largest_payment_share_as_of,3.062953121107782
W-002733,EXECUTION,20,2,4.308739419457132,schedule_elapsed_ratio_as_of,4.308739419457132
W-002734,EXECUTION,20,2,151.0879999999999,max_physical_progress_drop_pct_as_of,151.0879999999999
W-002735,EXECUTION,20,0,2.68501604201291,sanction_to_recommended_ratio,-2.68501604201291
W-002736,EXECUTION,20,0,2.0471666666666652,expected_minus_physical_gap_pct_as_of,-2.0471666666666652
W-002737,PRE_SANCTION,3,0,1.177566579840555,estimate_to_recommended_ratio,-1.177566579840555
W-002738,COMPLETION,18,0,2.3509793176301295,physical_progress_velocity_pct_per_30d,2.3509793176301295
W-002739,COMPLETION,18,0,1.9562522758977967,sanction_to_recommended_ratio,-1.9562522758977967
W-002740,PRE_SANCTION,3,0,1.3858679314334288,estimate_to_recommended_ratio,-1.3858679314334288
W-002741,COMPLETION,18,0,1.305827936746988,released_payment_total_inr_as_of,1.305827936746988
W-002742,COMPLETION,18,0,3.1478164894201406,largest_payment_share_as_of,3.1478164894201406
W-002743,COMPLETION,18,1,3.6935160347737117,financial_overrun_pct_as_of,3.6935160347737117
W-002744,COMPLETION,18,0,3.0257968296926347,financial_overrun_pct_as_of,3.0257968296926347
W-002745,COMPLETION,18,2,11.268174584315135,sanction_to_estimate_ratio,11.268174584315135
W-002746,COMPLETION,18,0,0.9580656938608935,sanction_to_estimate_ratio,-0.9580656938608935
W-002747,EXECUTION,20,0,1.5908343245539507,technical_estimate_amount_inr,1.5908343245539507
W-002748,COMPLETION,18,1,6.058833748060442,physical_progress_velocity_pct_per_30d,6.058833748060442
W-002749,COMPLETION,18,0,1.2899154379878577,recommended_amount_inr,-1.2899154379878577
W-002750,COMPLETION,18,0,1.2275003684783805,sanction_to_estimate_ratio,-1.2275003684783805
W-002751,COMPLETION,18,0,1.5728945720250522,recommended_amount_inr,1.5728945720250522
W-002752,PRE_SANCTION,3,0,1.6729144590085399,estimate_to_recommended_ratio,-1.6729144590085399
W-002753,COMPLETION,18,0,1.1616965384615385,released_payment_total_inr_as_of,1.1616965384615385
W-002754,EXECUTION,20,0,1.9509731182795702,expected_minus_physical_gap_pct_as_of,-1.9509731182795702
W-002755,COMPLETION,18,0,1.868759265335057,sanction_to_estimate_ratio,-1.868759265335057
W-002756,EXECUTION,20,2,63.21028571428579,max_physical_progress_drop_pct_as_of,63.21028571428579
W-002757,EXECUTION,20,2,19.849571428571437,max_physical_progress_drop_pct_as_of,19.849571428571437
W-002758,COMPLETION,18,2,7.56321282539474,sanction_to_estimate_ratio,7.56321282539474
W-002759,COMPLETION,18,0,0.9279728971208758,largest_payment_share_as_of,-0.9279728971208758
W-002760,EXECUTION,20,2,29.13840000000004,financial_minus_physical_gap_pct_as_of,29.13840000000004
W-002761,COMPLETION,18,0,1.486669498913279,physical_progress_velocity_pct_per_30d,1.486669498913279
W-002762,COMPLETION,18,0,1.4970314103885534,financial_overrun_pct_as_of,1.4970314103885534
W-002763,EXECUTION,20,2,12.536161616161616,overdue_days_as_of,12.536161616161616
W-002764,EXECUTION,20,0,1.8680728892374916,physical_progress_velocity_pct_per_30d,1.8680728892374916
W-002765,COMPLETION,18,0,1.6595625934556373,physical_progress_velocity_pct_per_30d,1.6595625934556373
W-002766,COMPLETION,18,1,4.647903485609347,largest_payment_share_as_of,4.647903485609347
W-002767,COMPLETION,18,0,2.2840027097359172,schedule_elapsed_ratio_as_of,2.2840027097359172
W-002768,EXECUTION,20,1,5.94403125,days_since_last_payment_as_of,5.94403125
W-002769,COMPLETION,18,0,1.7810442245229396,financial_overrun_pct_as_of,1.7810442245229396
W-002770,COMPLETION,18,0,1.4897272138497117,sanction_to_recommended_ratio,1.4897272138497117
W-002771,PRE_SANCTION,3,0,1.451590298817016,estimate_to_recommended_ratio,-1.451590298817016
W-002772,COMPLETION,18,0,2.2722703544184086,financial_overrun_pct_as_of,2.2722703544184086
W-002773,EXECUTION,20,0,2.0335965052508844,largest_payment_share_as_of,2.0335965052508844
W-002774,COMPLETION,18,0,2.205078570910489,estimate_to_recommended_ratio,2.205078570910489
W-002775,COMPLETION,18,0,1.6937073854777442,largest_payment_share_as_of,1.6937073854777442
W-002776,EXECUTION,20,2,12.659846153846177,max_physical_progress_drop_pct_as_of,12.659846153846177
W-002777,EXECUTION,20,3,29.832572916666667,days_since_last_payment_as_of,29.832572916666667
W-002778,EXECUTION,20,0,2.4379518072289157,days_since_last_payment_as_of,2.4379518072289157
W-002779,PRE_SANCTION,3,0,0.8400498089014308,estimate_to_recommended_ratio,0.8400498089014308
W-002780,EXECUTION,20,1,5.672449566408032,largest_payment_share_as_of,5.672449566408032
W-002781,EXECUTION,20,0,1.942962686567163,expected_minus_physical_gap_pct_as_of,-1.942962686567163
W-002782,EXECUTION,20,0,1.6494410029498525,released_payment_total_inr_as_of,1.6494410029498525
W-002783,COMPLETION,18,1,7.3965345254447765,largest_payment_share_as_of,7.3965345254447765
W-002784,COMPLETION,18,0,1.718093347639485,recommended_amount_inr,-1.718093347639485
W-002785,COMPLETION,18,1,5.105796776128256,physical_progress_velocity_pct_per_30d,5.105796776128256
W-002786,COMPLETION,18,0,0.9426060197672065,sanction_to_estimate_ratio,0.9426060197672065
W-002787,COMPLETION,18,3,3.6826437258340565,expenditure_to_sanction_pct_as_of,-3.6826437258340565
W-002788,EXECUTION,20,0,2.424988095238094,expected_minus_physical_gap_pct_as_of,-2.424988095238094
W-002789,COMPLETION,18,1,4.2627638947221715,physical_progress_velocity_pct_per_30d,4.2627638947221715
W-002790,PRE_SANCTION,3,0,1.5614725111441308,technical_estimate_amount_inr,1.5614725111441308
W-002791,COMPLETION,18,1,4.647903485609347,largest_payment_share_as_of,4.647903485609347
W-002792,EXECUTION,18,1,12.292937028458606,physical_progress_velocity_pct_per_30d,12.292937028458606
W-002793,EXECUTION,20,1,4.867337837837837,days_since_last_payment_as_of,4.867337837837837
W-002794,COMPLETION,18,4,11.929813156732562,financial_overrun_pct_as_of,11.929813156732562
W-002795,COMPLETION,18,0,1.953388812116865,expenditure_to_sanction_pct_as_of,-1.953388812116865
W-002796,COMPLETION,18,0,2.983365384615391,latest_financial_progress_pct_as_of,-2.983365384615391
W-002797,COMPLETION,18,0,2.996244144882889,largest_payment_share_as_of,2.996244144882889
W-002798,COMPLETION,18,0,2.934091429374758,largest_payment_share_as_of,2.934091429374758
W-002799,EXECUTION,20,1,3.9678506697168805,largest_payment_share_as_of,3.9678506697168805
W-002800,COMPLETION,18,0,1.7955372191701429,largest_payment_share_as_of,1.7955372191701429
W-002801,EXECUTION,20,0,2.310953748819615,estimate_to_recommended_ratio,-2.310953748819615
W-002802,EXECUTION,20,2,9.543671641791045,days_since_last_payment_as_of,9.543671641791045
W-002803,PRE_SANCTION,3,0,1.179280360814942,estimate_to_recommended_ratio,-1.179280360814942
W-002804,EXECUTION,20,0,1.82115,financial_minus_physical_gap_pct_as_of,1.82115
W-002805,COMPLETION,18,0,2.1339921710986425,largest_payment_share_as_of,2.1339921710986425
W-002806,COMPLETION,18,1,3.838717320703654,financial_overrun_pct_as_of,3.838717320703654
W-002807,COMPLETION,18,4,33.33553804875968,financial_overrun_pct_as_of,33.33553804875968
W-002808,COMPLETION,18,0,2.2337337662337693,latest_financial_progress_pct_as_of,-2.2337337662337693
W-002809,COMPLETION,18,0,1.109388888888889,recommended_amount_inr,1.109388888888889
W-002810,COMPLETION,18,0,2.3336135205429898,expenditure_to_sanction_pct_as_of,-2.3336135205429898
W-002811,COMPLETION,18,0,1.3060259032474992,sanction_to_recommended_ratio,1.3060259032474992
W-002812,COMPLETION,18,0,1.6688033788885772,estimate_to_recommended_ratio,1.6688033788885772
W-002813,COMPLETION,18,0,2.718793293456998,largest_payment_share_as_of,2.718793293456998
W-002814,COMPLETION,18,0,2.0353322302065475,financial_overrun_pct_as_of,2.0353322302065475
W-002815,EXECUTION,17,0,1.9589545454545447,latest_physical_progress_pct_as_of,-1.9589545454545447
W-002816,COMPLETION,18,4,13.114402579884676,financial_overrun_pct_as_of,13.114402579884676
W-002817,COMPLETION,18,4,13.074606100036913,financial_overrun_pct_as_of,13.074606100036913
W-002818,EXECUTION,20,0,0.9595979381443294,latest_financial_progress_pct_as_of,-0.9595979381443294
W-002819,COMPLETION,18,0,2.0280574324324325,days_since_last_payment_as_of,2.0280574324324325
W-002820,COMPLETION,18,0,1.099363514303932,sanction_to_recommended_ratio,-1.099363514303932
W-002821,COMPLETION,18,1,3.951604887549691,physical_progress_velocity_pct_per_30d,3.951604887549691
W-002822,COMPLETION,18,1,10.574887788644864,financial_overrun_pct_as_of,10.574887788644864
W-002823,COMPLETION,18,0,1.143475803188757,sanction_to_estimate_ratio,1.143475803188757
W-002824,COMPLETION,18,0,1.4170711113387306,sanction_to_estimate_ratio,1.4170711113387306
W-002825,COMPLETION,18,0,1.0501880942612438,largest_payment_share_as_of,-1.0501880942612438
W-002826,COMPLETION,18,0,2.397835087810696,largest_payment_share_as_of,2.397835087810696
W-002827,COMPLETION,18,0,1.2917279843260885,sanction_to_estimate_ratio,-1.2917279843260885
W-002828,COMPLETION,18,0,1.4409772727272727,days_since_last_payment_as_of,1.4409772727272727
W-002829,COMPLETION,18,1,4.221927322895912,largest_payment_share_as_of,4.221927322895912
W-002830,COMPLETION,18,1,5.63054945033444,financial_overrun_pct_as_of,5.63054945033444
W-002831,COMPLETION,18,1,3.6386474200070063,physical_progress_velocity_pct_per_30d,3.6386474200070063
W-002832,EXECUTION,20,0,3.0890038722745667,largest_payment_share_as_of,3.0890038722745667
W-002833,EXECUTION,20,1,3.5312058823529413,days_since_last_payment_as_of,3.5312058823529413
W-002834,COMPLETION,18,1,4.17403856309969,financial_overrun_pct_as_of,4.17403856309969
W-002835,COMPLETION,18,0,0.899368946005909,estimate_to_recommended_ratio,0.899368946005909
W-002836,COMPLETION,18,0,3.323364170311671,expenditure_to_sanction_pct_as_of,-3.323364170311671
W-002837,COMPLETION,18,0,1.606303258187389,expenditure_to_sanction_pct_as_of,-1.606303258187389
W-002838,COMPLETION,18,0,2.3499188444024526,schedule_elapsed_ratio_as_of,2.3499188444024526
W-002839,EXECUTION,20,0,1.8264058441558442,released_payment_total_inr_as_of,1.8264058441558442
W-002840,COMPLETION,18,0,1.7118397508493772,technical_estimate_amount_inr,-1.7118397508493772
W-002841,EXECUTION,20,0,1.2705747034204986,physical_progress_velocity_pct_per_30d,1.2705747034204986
W-002842,EXECUTION,20,0,1.4589516092423922,physical_progress_velocity_pct_per_30d,-1.4589516092423922
W-002843,EXECUTION,20,0,1.2794639175257727,latest_financial_progress_pct_as_of,-1.2794639175257727
W-002844,COMPLETION,18,0,2.8527841342671025,largest_payment_share_as_of,2.8527841342671025
W-002845,COMPLETION,18,0,2.6235610258836526,expenditure_to_sanction_pct_as_of,-2.6235610258836526
W-002846,EXECUTION,20,0,1.2081339066339067,sanctioned_amount_inr,1.2081339066339067
W-002847,EXECUTION,20,0,3.2467457627118637,latest_physical_progress_pct_as_of,-3.2467457627118637
W-002848,EXECUTION,20,3,5.396,physical_progress_decrease_count_as_of,5.396
W-002849,COMPLETION,18,2,3.851380510208898,financial_overrun_pct_as_of,3.851380510208898
W-002850,COMPLETION,18,0,1.8515737597045152,financial_overrun_pct_as_of,1.8515737597045152
W-002851,EXECUTION,20,1,8.373670731707316,days_since_last_payment_as_of,8.373670731707316
W-002852,COMPLETION,18,0,2.2535736924604084,financial_overrun_pct_as_of,2.2535736924604084
W-002853,COMPLETION,18,1,6.935397055041151,financial_overrun_pct_as_of,6.935397055041151
W-002854,COMPLETION,18,0,2.35935429414652,largest_payment_share_as_of,2.35935429414652
W-002855,COMPLETION,18,0,2.642539669505164,physical_progress_velocity_pct_per_30d,2.642539669505164
W-002856,COMPLETION,18,0,1.4539222222222221,sanctioned_amount_inr,-1.4539222222222221
W-002857,COMPLETION,18,1,4.394822689571496,physical_progress_velocity_pct_per_30d,4.394822689571496
W-002858,EXECUTION,20,0,2.1105322580645156,expected_minus_physical_gap_pct_as_of,-2.1105322580645156
W-002859,EXECUTION,20,2,12.286145569620253,days_since_last_payment_as_of,12.286145569620253
W-002860,COMPLETION,18,0,1.0712308819175405,sanction_to_estimate_ratio,-1.0712308819175405
W-002861,COMPLETION,18,0,1.4605139466283235,sanction_to_recommended_ratio,1.4605139466283235
W-002862,COMPLETION,18,0,2.376598361619199,largest_payment_share_as_of,2.376598361619199
W-002863,COMPLETION,18,1,3.788694020741068,physical_progress_velocity_pct_per_30d,3.788694020741068
W-002864,COMPLETION,18,4,13.777329557459796,financial_overrun_pct_as_of,13.777329557459796
W-002865,COMPLETION,18,0,1.0443413865546218,technical_estimate_amount_inr,-1.0443413865546218
W-002866,COMPLETION,18,0,0.7978677932405567,days_since_last_payment_as_of,0.7978677932405567
W-002867,COMPLETION,18,0,3.4054864761270474,physical_progress_velocity_pct_per_30d,3.4054864761270474
W-002868,EXECUTION,20,3,21.584,days_since_last_payment_as_of,21.584
W-002869,COMPLETION,18,0,0.9938893998175645,estimate_to_recommended_ratio,0.9938893998175645
W-002870,EXECUTION,20,2,12.454720930232558,days_since_last_payment_as_of,12.454720930232558
W-002871,COMPLETION,18,0,1.630299676912939,sanction_to_estimate_ratio,-1.630299676912939
W-002872,EXECUTION,20,0,0.865983978914958,largest_payment_share_as_of,-0.865983978914958
W-002873,COMPLETION,18,5,9.677004127308573,financial_overrun_pct_as_of,9.677004127308573
W-002874,COMPLETION,18,0,1.1244588705111112,sanction_to_recommended_ratio,1.1244588705111112
W-002875,COMPLETION,18,0,3.453670806819656,physical_progress_velocity_pct_per_30d,3.453670806819656
W-002876,COMPLETION,18,0,1.4910616728833475,financial_overrun_pct_as_of,1.4910616728833475
W-002877,EXECUTION,20,2,7.127978813559322,days_since_last_payment_as_of,7.127978813559322
W-002878,PRE_SANCTION,3,0,1.6661910569105702,estimate_to_recommended_ratio,-1.6661910569105702
W-002879,COMPLETION,18,0,1.1308479612992397,recommended_amount_inr,1.1308479612992397
W-002880,COMPLETION,18,1,4.4281949150792075,largest_payment_share_as_of,4.4281949150792075
W-002881,COMPLETION,18,0,3.0737231125950832,largest_payment_share_as_of,3.0737231125950832
W-002882,EXECUTION,20,1,15.378599999999999,max_physical_progress_drop_pct_as_of,15.378599999999999
W-002883,COMPLETION,18,4,18.630077272727274,financial_overrun_pct_as_of,18.630077272727274
W-002884,COMPLETION,18,0,2.459998864601711,physical_progress_velocity_pct_per_30d,2.459998864601711
W-002885,COMPLETION,18,0,1.5847276853101318,sanction_to_estimate_ratio,-1.5847276853101318
W-002886,EXECUTION,20,0,2.0361037062048752,largest_payment_share_as_of,2.0361037062048752
W-002887,COMPLETION,18,0,1.2687824495633333,sanction_to_estimate_ratio,-1.2687824495633333
W-002888,COMPLETION,18,0,1.9533524377382974,financial_overrun_pct_as_of,1.9533524377382974
W-002889,EXECUTION,20,3,19.943616,overdue_days_as_of,19.943616
W-002890,COMPLETION,18,0,1.8882894144733395,schedule_elapsed_ratio_as_of,1.8882894144733395
W-002891,EXECUTION,20,1,4.873806451612888,max_physical_progress_drop_pct_as_of,4.873806451612888
W-002892,EXECUTION,20,0,2.73595575863896,largest_payment_share_as_of,2.73595575863896
W-002893,COMPLETION,18,0,1.3370105807979344,physical_progress_velocity_pct_per_30d,1.3370105807979344
W-002894,EXECUTION,20,1,3.9678506697168805,largest_payment_share_as_of,3.9678506697168805
W-002895,COMPLETION,18,0,1.3139440214171707,physical_progress_velocity_pct_per_30d,1.3139440214171707
W-002896,COMPLETION,18,1,4.0343568657544315,physical_progress_velocity_pct_per_30d,4.0343568657544315
W-002897,COMPLETION,18,1,4.478213822894169,financial_overrun_pct_as_of,4.478213822894169
W-002898,EXECUTION,20,1,6.110568996416161,largest_payment_share_as_of,6.110568996416161
W-002899,EXECUTION,20,3,5.487340590911743,schedule_elapsed_ratio_as_of,5.487340590911743
W-002900,COMPLETION,18,0,2.5899621834061137,largest_payment_share_as_of,2.5899621834061137
W-002901,COMPLETION,18,0,2.313361241217799,financial_overrun_pct_as_of,2.313361241217799
W-002902,COMPLETION,18,1,3.928992422605522,physical_progress_velocity_pct_per_30d,3.928992422605522
W-002903,EXECUTION,20,0,1.506515329419439,released_payment_total_inr_as_of,1.506515329419439
W-002904,COMPLETION,18,1,3.759096536796537,financial_overrun_pct_as_of,3.759096536796537
W-002905,COMPLETION,18,0,1.3279827110341256,sanction_to_recommended_ratio,1.3279827110341256
W-002906,EXECUTION,20,3,11.32303996882746,schedule_elapsed_ratio_as_of,11.32303996882746
W-002907,EXECUTION,20,0,1.6300416666666784,financial_minus_physical_gap_pct_as_of,-1.6300416666666784
W-002908,COMPLETION,18,1,3.747833512628249,largest_payment_share_as_of,3.747833512628249
W-002909,COMPLETION,18,0,1.6268537313432834,financial_overrun_pct_as_of,1.6268537313432834
W-002910,PRE_SANCTION,3,0,1.1790632168862618,estimate_to_recommended_ratio,-1.1790632168862618
W-002911,COMPLETION,18,0,1.3352545270828355,sanction_to_recommended_ratio,1.3352545270828355
W-002912,COMPLETION,18,0,1.364686046511628,days_since_last_payment_as_of,-1.364686046511628
W-002913,PRE_SANCTION,3,0,0.9624517427474643,estimate_to_recommended_ratio,-0.9624517427474643
W-002914,COMPLETION,18,0,1.4673423112824513,sanction_to_recommended_ratio,1.4673423112824513
W-002915,COMPLETION,18,0,2.0369270916493667,schedule_elapsed_ratio_as_of,2.0369270916493667
W-002916,COMPLETION,18,0,1.704096660548402,largest_payment_share_as_of,1.704096660548402
W-002917,EXECUTION,20,0,1.3040333333333298,financial_minus_physical_gap_pct_as_of,1.3040333333333298
W-002918,COMPLETION,18,0,0.8576544651964007,physical_progress_velocity_pct_per_30d,0.8576544651964007
W-002919,COMPLETION,18,0,1.3121577369699047,physical_progress_velocity_pct_per_30d,1.3121577369699047
W-002920,COMPLETION,18,0,1.8077361025278875,schedule_elapsed_ratio_as_of,1.8077361025278875
W-002921,COMPLETION,18,0,2.953224495975371,largest_payment_share_as_of,2.953224495975371
W-002922,EXECUTION,20,2,14.24293023255814,days_since_last_payment_as_of,14.24293023255814
W-002923,COMPLETION,18,0,2.3850575690222344,schedule_elapsed_ratio_as_of,2.3850575690222344
W-002924,COMPLETION,18,0,2.953224495975371,largest_payment_share_as_of,2.953224495975371
W-002925,COMPLETION,18,1,4.891981266922776,physical_progress_velocity_pct_per_30d,4.891981266922776
W-002926,COMPLETION,18,0,2.0018191103658065,physical_progress_velocity_pct_per_30d,2.0018191103658065
W-002927,EXECUTION,20,0,3.0121057329437764,physical_progress_velocity_pct_per_30d,3.0121057329437764
W-002928,PRE_SANCTION,3,0,1.8947772267137764,estimate_to_recommended_ratio,-1.8947772267137764
W-002929,COMPLETION,18,0,3.315476226650559,physical_progress_velocity_pct_per_30d,3.315476226650559
W-002930,COMPLETION,18,0,2.799892357696309,expenditure_to_sanction_pct_as_of,-2.799892357696309
W-002931,COMPLETION,18,0,1.8410570686563994,sanction_to_estimate_ratio,1.8410570686563994
W-002932,EXECUTION,20,1,3.713191326530613,largest_payment_share_as_of,3.713191326530613
W-002933,COMPLETION,18,1,4.390863189174669,largest_payment_share_as_of,4.390863189174669
W-002934,EXECUTION,20,0,1.7183845450984103,physical_progress_velocity_pct_per_30d,1.7183845450984103
W-002935,COMPLETION,18,4,37.05432710788985,financial_overrun_pct_as_of,37.05432710788985
W-002936,COMPLETION,18,0,1.5357846153846197,latest_financial_progress_pct_as_of,-1.5357846153846197
W-002937,COMPLETION,18,0,1.694024583057555,sanction_to_estimate_ratio,-1.694024583057555
W-002938,EXECUTION,20,0,1.5773740157480312,latest_physical_progress_pct_as_of,-1.5773740157480312
W-002939,COMPLETION,18,0,1.5895315178571425,schedule_elapsed_ratio_as_of,1.5895315178571425
W-002940,COMPLETION,18,0,1.759390934429327,schedule_elapsed_ratio_as_of,1.759390934429327
W-002941,COMPLETION,18,1,7.024676424821139,financial_overrun_pct_as_of,7.024676424821139
W-002942,COMPLETION,18,1,3.680069576691544,largest_payment_share_as_of,3.680069576691544
W-002943,COMPLETION,18,0,3.2244675163727425,largest_payment_share_as_of,3.2244675163727425
W-002944,PRE_SANCTION,3,0,1.2687950620611312,estimate_to_recommended_ratio,-1.2687950620611312
W-002945,EXECUTION,18,0,2.4890840707964603,released_payment_total_inr_as_of,-2.4890840707964603
W-002946,PRE_SANCTION,3,0,0.4711365020381164,estimate_to_recommended_ratio,0.4711365020381164
W-002947,COMPLETION,18,0,3.274478328637781,expenditure_to_sanction_pct_as_of,-3.274478328637781
W-002948,COMPLETION,18,0,2.042680273072117,expenditure_to_sanction_pct_as_of,-2.042680273072117
W-002949,COMPLETION,18,0,2.1318023657366743,largest_payment_share_as_of,2.1318023657366743
W-002950,COMPLETION,18,0,1.0089289062853473,sanction_to_estimate_ratio,-1.0089289062853473
W-002951,COMPLETION,18,0,1.4053195781519658,estimate_to_recommended_ratio,1.4053195781519658
W-002952,COMPLETION,18,0,1.7951852762736982,physical_progress_velocity_pct_per_30d,1.7951852762736982
W-002953,COMPLETION,18,0,2.9114351866497943,financial_overrun_pct_as_of,2.9114351866497943
W-002954,COMPLETION,18,0,2.460491025264003,largest_payment_share_as_of,2.460491025264003
W-002955,PRE_SANCTION,3,0,0.7942857650030405,estimate_to_recommended_ratio,-0.7942857650030405
W-002956,COMPLETION,18,0,2.5760479910714285,financial_overrun_pct_as_of,2.5760479910714285
W-002957,COMPLETION,18,0,3.421281248353674,largest_payment_share_as_of,3.421281248353674
W-002958,COMPLETION,18,1,3.747833512628249,largest_payment_share_as_of,3.747833512628249
W-002959,COMPLETION,18,0,1.4512287089560092,financial_overrun_pct_as_of,1.4512287089560092
W-002960,PRE_SANCTION,3,0,1.431571533923304,technical_estimate_amount_inr,1.431571533923304
W-002961,EXECUTION,20,2,22.04840983606551,financial_minus_physical_gap_pct_as_of,22.04840983606551
W-002962,COMPLETION,18,1,5.862395744425783,financial_overrun_pct_as_of,5.862395744425783
W-002963,COMPLETION,18,0,0.7362383038358806,largest_payment_share_as_of,-0.7362383038358806
W-002964,EXECUTION,20,0,1.9288333333333318,expected_minus_physical_gap_pct_as_of,-1.9288333333333318
W-002965,COMPLETION,18,0,2.160731826486302,physical_progress_velocity_pct_per_30d,2.160731826486302
W-002966,COMPLETION,18,0,1.4951283231866865,schedule_elapsed_ratio_as_of,1.4951283231866865
W-002967,COMPLETION,18,0,2.5205277626834874,physical_progress_velocity_pct_per_30d,2.5205277626834874
W-002968,COMPLETION,18,0,3.3812738161533367,expenditure_to_sanction_pct_as_of,-3.3812738161533367
W-002969,COMPLETION,18,0,1.8422490796367568,physical_progress_velocity_pct_per_30d,1.8422490796367568
W-002970,COMPLETION,18,1,4.786848497398785,financial_overrun_pct_as_of,4.786848497398785
W-002971,COMPLETION,18,0,2.9637121212121267,financial_minus_physical_gap_pct_as_of,-2.9637121212121267
W-002972,PRE_SANCTION,3,0,1.200230543731979,estimate_to_recommended_ratio,-1.200230543731979
W-002973,COMPLETION,18,3,5.069462243650144,expenditure_to_sanction_pct_as_of,-5.069462243650144
W-002974,COMPLETION,18,0,1.2246942886360024,sanction_to_estimate_ratio,1.2246942886360024
W-002975,COMPLETION,18,4,7.274383954178208,financial_overrun_pct_as_of,7.274383954178208
W-002976,COMPLETION,18,1,6.893434192576299,physical_progress_velocity_pct_per_30d,6.893434192576299
W-002977,COMPLETION,18,1,5.334619636864089,financial_overrun_pct_as_of,5.334619636864089
W-002978,COMPLETION,18,0,1.2377684487951808,released_payment_total_inr_as_of,-1.2377684487951808
W-002979,COMPLETION,18,0,2.718793293456998,largest_payment_share_as_of,2.718793293456998
W-002980,EXECUTION,20,0,1.4663043478260864,expected_minus_physical_gap_pct_as_of,-1.4663043478260864
W-002981,EXECUTION,20,0,1.8548749999999994,max_physical_progress_drop_pct_as_of,1.8548749999999994
W-002982,COMPLETION,18,5,10.223797082435041,financial_overrun_pct_as_of,10.223797082435041
W-002983,COMPLETION,18,0,3.3486219219255626,physical_progress_velocity_pct_per_30d,3.3486219219255626
W-002984,COMPLETION,18,0,2.7557805594991973,expenditure_to_sanction_pct_as_of,-2.7557805594991973
W-002985,COMPLETION,18,0,3.2172964648602873,financial_overrun_pct_as_of,3.2172964648602873
W-002986,PRE_SANCTION,3,0,0.8222703180212014,recommended_amount_inr,0.8222703180212014
W-002987,COMPLETION,18,1,7.3599004750593835,financial_overrun_pct_as_of,7.3599004750593835
W-002988,PRE_SANCTION,3,0,1.7200446260570155,estimate_to_recommended_ratio,-1.7200446260570155
W-002989,COMPLETION,18,0,1.3767191780821915,financial_minus_physical_gap_pct_as_of,-1.3767191780821915
W-002990,COMPLETION,18,0,2.2307077130772126,expenditure_to_sanction_pct_as_of,-2.2307077130772126
W-002991,EXECUTION,20,1,4.565846153846163,max_physical_progress_drop_pct_as_of,4.565846153846163
W-002992,COMPLETION,18,0,2.8527841342671025,largest_payment_share_as_of,2.8527841342671025
W-002993,COMPLETION,18,0,1.875650743904104,schedule_elapsed_ratio_as_of,1.875650743904104
W-002994,COMPLETION,18,0,1.1706647965354533,sanction_to_estimate_ratio,1.1706647965354533
W-002995,COMPLETION,18,0,2.376598361619199,largest_payment_share_as_of,2.376598361619199
W-002996,COMPLETION,18,0,2.0412424525777784,physical_progress_velocity_pct_per_30d,2.0412424525777784
W-002997,COMPLETION,18,0,1.2501720971316874,schedule_elapsed_ratio_as_of,1.2501720971316874
W-002998,COMPLETION,18,0,1.9577370051752843,expenditure_to_sanction_pct_as_of,-1.9577370051752843
W-002999,COMPLETION,18,0,1.97056450310657,physical_progress_velocity_pct_per_30d,1.97056450310657
W-003000,COMPLETION,18,0,2.9228333333333394,latest_financial_progress_pct_as_of,-2.9228333333333394
