work_id,lifecycle_stage,review_priority_score_0_100,review_priority_band,review_priority_rank_overall,review_priority_rank_within_lifecycle,fusion_evidence_coverage_pct,top_contributor_1_family,top_contributor_1_points,top_contributor_1_summary,top_contributor_2_family,top_contributor_2_points,top_contributor_2_summary,top_contributor_3_family,top_contributor_3_points,top_contributor_3_summary,has_duplicate_review_candidate,has_payment_evidence,has_compliance_review,has_deterministic_non_compliant_evidence,already_overdue_as_of,already_over_sanction_as_of,cost_prediction_available
W-001937,COMPLETION,89.441901,CRITICAL,1,1,100,COMPLIANCE,32.0,Strongest actionable compliance result REVIEW/STRONG_WARNING under rule MPLADS-11.2-COMPLETION-UC.,PAYMENT_EXECUTION,20.0,Capped payment/execution family: payment severity score 0.0; positive fund-progress score 100.000; persistence boost 10 points.,DUPLICATE_REVIEW,14.130249,Corroborated Day-4.1 duplicate review candidate; best similarity score 94.202.,True,True,True,False,False,False,False
W-000431,COMPLETION,89.024602,CRITICAL,2,2,100,COMPLIANCE,32.0,Strongest actionable compliance result REVIEW/STRONG_WARNING under rule MPLADS-11.2-COMPLETION-UC.,PAYMENT_EXECUTION,20.0,Capped payment/execution family: payment severity score 0.0; positive fund-progress score 100.000; persistence boost 10 points.,DUPLICATE_REVIEW,14.298486,Corroborated Day-4.1 duplicate review candidate; best similarity score 95.323.,True,True,True,False,False,False,False
W-002276,COMPLETION,81.620706,CRITICAL,3,3,100,COMPLIANCE,32.0,Strongest actionable compliance result REVIEW/STRONG_WARNING under rule MPLADS-11.2-COMPLETION-UC.,PAYMENT_EXECUTION,20.0,Capped payment/execution family: payment severity score 0.0; positive fund-progress score 100.000; persistence boost 10 points.,DUPLICATE_REVIEW,14.249755,Corroborated Day-4.1 duplicate review candidate; best similarity score 94.998.,True,True,True,False,False,False,False
W-002259,COMPLETION,81.065145,CRITICAL,4,4,100,COMPLIANCE,32.0,Strongest actionable compliance result REVIEW/STRONG_WARNING under rule MPLADS-11.2-COMPLETION-UC.,PAYMENT_EXECUTION,19.471903,Capped payment/execution family: payment severity score 0.0; positive fund-progress score 97.360; persistence boost 0 points.,DUPLICATE_REVIEW,14.249755,Corroborated Day-4.1 duplicate review candidate; best similarity score 94.998.,True,True,True,False,False,False,False
W-002760,EXECUTION,78.928155,CRITICAL,5,1,100,PAYMENT_EXECUTION,25.0,Capped payment/execution family: payment severity score 60.0; positive fund-progress score 100.000; persistence boost 10 points.,OBSERVED_CONDITIONS,19.736842,"Observed overdue=False (days=0.0, score=0.000); observed over sanction=True (overrun_pct=58.31622176591375, score=98.684).",ANOMALY,9.9875,Within-lifecycle statistical unusualness percentile 99.875; not a probability.,False,True,True,False,False,True,True
W-001966,COMPLETION,76.060968,CRITICAL,6,5,100,COMPLIANCE,32.0,Strongest actionable compliance result REVIEW/STRONG_WARNING under rule MPLADS-11.2-COMPLETION-UC.,DUPLICATE_REVIEW,14.130249,Corroborated Day-4.1 duplicate review candidate; best similarity score 94.202.,PAYMENT_EXECUTION,13.496276,Capped payment/execution family: payment severity score 0.0; positive fund-progress score 67.481; persistence boost 10 points.,True,True,True,False,False,False,False
W-000090,COMPLETION,75.812803,CRITICAL,7,6,100,COMPLIANCE,32.0,Strongest actionable compliance result REVIEW/STRONG_WARNING under rule MPLADS-11.2-COMPLETION-UC.,PAYMENT_EXECUTION,20.0,Capped payment/execution family: payment severity score 0.0; positive fund-progress score 100.000; persistence boost 10 points.,OPERATIONAL_TREND_CONTEXT,9.051095,state_name=Andhra Pradesh|district=Andhra Pradesh Demo District 3 context; strongest metric progress_report_count; signed robust z 29.172.,False,True,True,False,False,False,False
W-000934,COMPLETION,75.087757,CRITICAL,8,7,100,COMPLIANCE,32.0,Strongest actionable compliance result REVIEW/STRONG_WARNING under rule MPLADS-11.2-COMPLETION-UC.,PAYMENT_EXECUTION,20.0,Capped payment/execution family: payment severity score 0.0; positive fund-progress score 100.000; persistence boost 10 points.,OPERATIONAL_TREND_CONTEXT,9.051095,state_name=Andhra Pradesh|district=Andhra Pradesh Demo District 3 context; strongest metric progress_report_count; signed robust z 29.172.,False,True,True,False,False,False,False
W-002883,COMPLETION,74.610449,HIGH,9,8,100,COMPLIANCE,32.0,Strongest actionable compliance result REVIEW/STRONG_WARNING under rule MPLADS-11.2-COMPLETION-UC.,PAYMENT_EXECUTION,20.0,Capped payment/execution family: payment severity score 0.0; positive fund-progress score 100.000; persistence boost 10 points.,OPERATIONAL_TREND_CONTEXT,8.193431,state_name=Telangana|district=Telangana Demo District 1|sector=Sanitation context; strongest metric progress_report_count; signed robust z 21.584.,False,True,True,False,False,False,False
W-002873,COMPLETION,74.347292,HIGH,10,9,100,COMPLIANCE,32.0,Strongest actionable compliance result REVIEW/STRONG_WARNING under rule MPLADS-11.2-COMPLETION-UC.,PAYMENT_EXECUTION,20.0,Capped payment/execution family: payment severity score 0.0; positive fund-progress score 100.000; persistence boost 10 points.,OPERATIONAL_TREND_CONTEXT,8.99635,state_name=Andhra Pradesh|district=Andhra Pradesh Demo District 2|sector=Health context; strongest metric progress_report_count; signed robust z 29.003.,False,True,True,False,False,False,False
W-000382,COMPLETION,74.236227,HIGH,11,10,100,COMPLIANCE,32.0,Strongest actionable compliance result REVIEW/STRONG_WARNING under rule MPLADS-11.2-COMPLETION-UC.,PAYMENT_EXECUTION,20.0,Capped payment/execution family: payment severity score 60.0; positive fund-progress score 100.000; persistence boost 10 points.,ANOMALY,7.991701,Within-lifecycle statistical unusualness percentile 99.896; not a probability.,False,True,True,False,False,False,False
W-002135,COMPLETION,74.135874,HIGH,12,11,100,COMPLIANCE,32.0,Strongest actionable compliance result REVIEW/STRONG_WARNING under rule MPLADS-11.2-COMPLETION-UC.,PAYMENT_EXECUTION,20.0,Capped payment/execution family: payment severity score 60.0; positive fund-progress score 100.000; persistence boost 10 points.,OPERATIONAL_TREND_CONTEXT,8.868613,state_name=Andhra Pradesh|district=Andhra Pradesh Demo District 4|sector=Health context; strongest metric progress_report_count; signed robust z 26.980.,False,True,True,False,False,False,False
W-001313,COMPLETION,73.979647,HIGH,13,12,100,COMPLIANCE,32.0,Strongest actionable compliance result REVIEW/STRONG_WARNING under rule MPLADS-11.2-COMPLETION-UC.,PAYMENT_EXECUTION,20.0,Capped payment/execution family: payment severity score 0.0; positive fund-progress score 100.000; persistence boost 10 points.,ANOMALY,7.954357,Within-lifecycle statistical unusualness percentile 99.429; not a probability.,False,True,True,False,False,False,False
W-002530,COMPLETION,73.647627,HIGH,14,13,100,COMPLIANCE,32.0,Strongest actionable compliance result REVIEW/STRONG_WARNING under rule MPLADS-11.2-COMPLETION-UC.,PAYMENT_EXECUTION,20.0,Capped payment/execution family: payment severity score 60.0; positive fund-progress score 100.000; persistence boost 10 points.,OPERATIONAL_TREND_CONTEXT,8.686131,state_name=Rajasthan|district=Rajasthan Demo District 2 context; strongest metric progress_report_count; signed robust z 25.631.,False,True,True,False,False,False,False
W-000675,COMPLETION,73.531818,HIGH,15,14,100,COMPLIANCE,32.0,Strongest actionable compliance result REVIEW/STRONG_WARNING under rule MPLADS-11.2-COMPLETION-UC.,PAYMENT_EXECUTION,20.0,Capped payment/execution family: payment severity score 0.0; positive fund-progress score 100.000; persistence boost 10 points.,ANOMALY,8.0,Within-lifecycle statistical unusualness percentile 100.000; not a probability.,False,True,True,False,False,False,False
W-002864,COMPLETION,73.382848,HIGH,16,15,100,COMPLIANCE,32.0,Strongest actionable compliance result REVIEW/STRONG_WARNING under rule MPLADS-11.2-COMPLETION-UC.,PAYMENT_EXECUTION,20.0,Capped payment/execution family: payment severity score 0.0; positive fund-progress score 100.000; persistence boost 10 points.,ANOMALY,7.979253,Within-lifecycle statistical unusualness percentile 99.741; not a probability.,False,True,True,False,False,False,False
W-002240,EXECUTION,73.342331,HIGH,17,2,100,PAYMENT_EXECUTION,24.622546,Capped payment/execution family: payment severity score 0.0; positive fund-progress score 98.490; persistence boost 10 points.,OBSERVED_CONDITIONS,20.0,"Observed overdue=True (days=967.0, score=100.000); observed over sanction=True (overrun_pct=1.188858695652174, score=80.263).",ANOMALY,9.825,Within-lifecycle statistical unusualness percentile 98.250; not a probability.,False,True,True,False,True,True,True
W-001760,COMPLETION,73.122318,HIGH,18,16,100,COMPLIANCE,32.0,Strongest actionable compliance result REVIEW/STRONG_WARNING under rule MPLADS-11.2-COMPLETION-UC.,PAYMENT_EXECUTION,20.0,Capped payment/execution family: payment severity score 0.0; positive fund-progress score 100.000; persistence boost 10 points.,ANOMALY,7.937759,Within-lifecycle statistical unusualness percentile 99.222; not a probability.,False,True,True,False,False,False,False
W-002807,COMPLETION,72.87466,HIGH,19,17,100,COMPLIANCE,32.0,Strongest actionable compliance result REVIEW/STRONG_WARNING under rule MPLADS-11.2-COMPLETION-UC.,PAYMENT_EXECUTION,20.0,Capped payment/execution family: payment severity score 0.0; positive fund-progress score 100.000; persistence boost 10 points.,ANOMALY,7.323651,Within-lifecycle statistical unusualness percentile 91.546; not a probability.,False,True,True,False,False,False,False
W-000564,COMPLETION,72.809852,HIGH,20,18,100,COMPLIANCE,32.0,Strongest actionable compliance result REVIEW/STRONG_WARNING under rule MPLADS-11.2-COMPLETION-UC.,PAYMENT_EXECUTION,17.91063,Capped payment/execution family: payment severity score 0.0; positive fund-progress score 89.553; persistence boost 10 points.,DUPLICATE_REVIEW,14.298486,Corroborated Day-4.1 duplicate review candidate; best similarity score 95.323.,True,True,True,False,False,False,False
W-001777,COMPLETION,72.759149,HIGH,21,19,100,COMPLIANCE,32.0,Strongest actionable compliance result REVIEW/STRONG_WARNING under rule MPLADS-11.2-COMPLETION-UC.,PAYMENT_EXECUTION,20.0,Capped payment/execution family: payment severity score 60.0; positive fund-progress score 100.000; persistence boost 10 points.,ANOMALY,7.921162,Within-lifecycle statistical unusualness percentile 99.015; not a probability.,False,True,True,False,False,False,False
W-002975,COMPLETION,72.630838,HIGH,22,20,100,COMPLIANCE,32.0,Strongest actionable compliance result REVIEW/STRONG_WARNING under rule MPLADS-11.2-COMPLETION-UC.,PAYMENT_EXECUTION,20.0,Capped payment/execution family: payment severity score 0.0; positive fund-progress score 100.000; persistence boost 10 points.,OPERATIONAL_TREND_CONTEXT,8.248175,state_name=Odisha|district=Odisha Demo District 4 context; strongest metric progress_report_count; signed robust z 21.696.,False,True,True,False,False,False,False
W-002941,COMPLETION,71.832237,HIGH,23,21,100,COMPLIANCE,32.0,Strongest actionable compliance result REVIEW/STRONG_WARNING under rule MPLADS-11.2-COMPLETION-UC.,PAYMENT_EXECUTION,20.0,Capped payment/execution family: payment severity score 0.0; positive fund-progress score 100.000; persistence boost 10 points.,OPERATIONAL_TREND_CONTEXT,8.029197,state_name=Odisha|district=Odisha Demo District 2 context; strongest metric progress_report_count; signed robust z 20.347.,False,True,True,False,False,False,False
W-000461,COMPLETION,71.823984,HIGH,24,22,100,COMPLIANCE,32.0,Strongest actionable compliance result REVIEW/STRONG_WARNING under rule MPLADS-11.2-COMPLETION-UC.,PAYMENT_EXECUTION,20.0,Capped payment/execution family: payment severity score 60.0; positive fund-progress score 100.000; persistence boost 10 points.,OPERATIONAL_TREND_CONTEXT,9.051095,state_name=Andhra Pradesh|district=Andhra Pradesh Demo District 3 context; strongest metric progress_report_count; signed robust z 29.172.,False,True,True,False,False,False,False
W-002719,COMPLETION,71.507561,HIGH,25,23,100,COMPLIANCE,32.0,Strongest actionable compliance result REVIEW/STRONG_WARNING under rule MPLADS-11.2-COMPLETION-UC.,PAYMENT_EXECUTION,20.0,Capped payment/execution family: payment severity score 0.0; positive fund-progress score 100.000; persistence boost 10 points.,ANOMALY,7.892116,Within-lifecycle statistical unusualness percentile 98.651; not a probability.,False,True,True,False,False,False,False
W-002522,EXECUTION,71.350907,HIGH,26,3,100,PAYMENT_EXECUTION,25.0,Capped payment/execution family: payment severity score 60.0; positive fund-progress score 100.000; persistence boost 10 points.,OBSERVED_CONDITIONS,18.684211,"Observed overdue=False (days=0.0, score=0.000); observed over sanction=True (overrun_pct=48.82408278457197, score=93.421).",ANOMALY,9.8125,Within-lifecycle statistical unusualness percentile 98.125; not a probability.,False,True,True,False,False,True,True
W-000623,COMPLETION,71.295448,HIGH,27,24,100,COMPLIANCE,32.0,Strongest actionable compliance result REVIEW/STRONG_WARNING under rule MPLADS-11.2-COMPLETION-UC.,PAYMENT_EXECUTION,20.0,Capped payment/execution family: payment severity score 0.0; positive fund-progress score 100.000; persistence boost 10 points.,ANOMALY,7.261411,Within-lifecycle statistical unusualness percentile 90.768; not a probability.,False,True,True,False,False,False,False
W-001389,COMPLETION,71.258732,HIGH,28,25,100,COMPLIANCE,32.0,Strongest actionable compliance result REVIEW/STRONG_WARNING under rule MPLADS-11.2-COMPLETION-UC.,PAYMENT_EXECUTION,17.35545,Capped payment/execution family: payment severity score 0.0; positive fund-progress score 86.777; persistence boost 10 points.,OPERATIONAL_TREND_CONTEXT,8.065693,state_name=Andhra Pradesh|district=Andhra Pradesh Demo District 4 context; strongest metric progress_report_count; signed robust z 20.620.,False,True,True,False,False,False,False
W-002395,COMPLETION,71.024546,HIGH,29,26,100,COMPLIANCE,32.0,Strongest actionable compliance result REVIEW/STRONG_WARNING under rule MPLADS-11.2-COMPLETION-UC.,PAYMENT_EXECUTION,20.0,Capped payment/execution family: payment severity score 60.0; positive fund-progress score 100.000; persistence boost 10 points.,ANOMALY,7.298755,Within-lifecycle statistical unusualness percentile 91.234; not a probability.,False,True,True,False,False,False,False
W-001210,COMPLETION,70.981251,HIGH,30,27,100,COMPLIANCE,32.0,Strongest actionable compliance result REVIEW/STRONG_WARNING under rule MPLADS-11.2-COMPLETION-UC.,PAYMENT_EXECUTION,19.079215,Capped payment/execution family: payment severity score 0.0; positive fund-progress score 95.396; persistence boost 0 points.,ANOMALY,7.883817,Within-lifecycle statistical unusualness percentile 98.548; not a probability.,False,True,True,False,False,False,False
W-002746,COMPLETION,70.82809,HIGH,31,28,100,COMPLIANCE,32.0,Strongest actionable compliance result REVIEW/STRONG_WARNING under rule MPLADS-11.2-COMPLETION-UC.,PAYMENT_EXECUTION,15.134733,Capped payment/execution family: payment severity score 0.0; positive fund-progress score 75.674; persistence boost 10 points.,DUPLICATE_REVIEW,14.170036,Corroborated Day-4.1 duplicate review candidate; best similarity score 94.467.,True,True,True,False,False,False,False
W-000618,EXECUTION,70.606836,HIGH,32,4,100,PAYMENT_EXECUTION,25.0,Capped payment/execution family: payment severity score 60.0; positive fund-progress score 100.000; persistence boost 10 points.,OBSERVED_CONDITIONS,19.473684,"Observed overdue=False (days=0.0, score=0.000); observed over sanction=True (overrun_pct=50.921560222888985, score=97.368).",ANOMALY,9.875,Within-lifecycle statistical unusualness percentile 98.750; not a probability.,False,True,False,False,False,True,True
W-001337,COMPLETION,70.532526,HIGH,33,29,100,COMPLIANCE,32.0,Strongest actionable compliance result REVIEW/STRONG_WARNING under rule MPLADS-11.2-COMPLETION-UC.,PAYMENT_EXECUTION,20.0,Capped payment/execution family: payment severity score 0.0; positive fund-progress score 100.000; persistence boost 10 points.,ANOMALY,7.975104,Within-lifecycle statistical unusualness percentile 99.689; not a probability.,False,True,True,False,False,False,False
W-001394,COMPLETION,70.532509,HIGH,34,30,100,COMPLIANCE,32.0,Strongest actionable compliance result REVIEW/STRONG_WARNING under rule MPLADS-11.2-COMPLETION-UC.,PAYMENT_EXECUTION,19.576168,Capped payment/execution family: payment severity score 60.0; positive fund-progress score 97.881; persistence boost 10 points.,ANOMALY,7.377593,Within-lifecycle statistical unusualness percentile 92.220; not a probability.,False,True,True,False,False,False,False
W-001872,EXECUTION,70.518028,HIGH,35,5,100,PAYMENT_EXECUTION,25.0,Capped payment/execution family: payment severity score 60.0; positive fund-progress score 100.000; persistence boost 10 points.,OBSERVED_CONDITIONS,18.157895,"Observed overdue=False (days=0.0, score=0.000); observed over sanction=True (overrun_pct=45.41154210028383, score=90.789).",ANOMALY,9.9625,Within-lifecycle statistical unusualness percentile 99.625; not a probability.,False,True,False,False,False,True,True
W-001016,COMPLETION,70.468949,HIGH,36,31,100,COMPLIANCE,32.0,Strongest actionable compliance result REVIEW/STRONG_WARNING under rule MPLADS-11.2-COMPLETION-UC.,PAYMENT_EXECUTION,20.0,Capped payment/execution family: payment severity score 0.0; positive fund-progress score 100.000; persistence boost 10 points.,ANOMALY,7.929461,Within-lifecycle statistical unusualness percentile 99.118; not a probability.,False,True,True,False,False,False,False
W-002674,COMPLETION,70.412365,HIGH,37,32,100,COMPLIANCE,32.0,Strongest actionable compliance result REVIEW/STRONG_WARNING under rule MPLADS-11.2-COMPLETION-UC.,PAYMENT_EXECUTION,18.980366,Capped payment/execution family: payment severity score 0.0; positive fund-progress score 94.902; persistence boost 10 points.,OPERATIONAL_TREND_CONTEXT,9.233577,state_name=Odisha|district=Odisha Demo District 3 context; strongest metric progress_report_count; signed robust z 31.196.,False,True,True,False,False,False,False
W-001759,COMPLETION,70.324922,HIGH,38,33,100,COMPLIANCE,32.0,Strongest actionable compliance result REVIEW/STRONG_WARNING under rule MPLADS-11.2-COMPLETION-UC.,PAYMENT_EXECUTION,20.0,Capped payment/execution family: payment severity score 0.0; positive fund-progress score 100.000; persistence boost 10 points.,ANOMALY,7.896266,Within-lifecycle statistical unusualness percentile 98.703; not a probability.,False,True,True,False,False,False,False
W-002817,COMPLETION,70.246443,HIGH,39,34,100,COMPLIANCE,32.0,Strongest actionable compliance result REVIEW/STRONG_WARNING under rule MPLADS-11.2-COMPLETION-UC.,PAYMENT_EXECUTION,20.0,Capped payment/execution family: payment severity score 60.0; positive fund-progress score 100.000; persistence boost 10 points.,ANOMALY,7.908714,Within-lifecycle statistical unusualness percentile 98.859; not a probability.,False,True,True,False,False,False,False
W-001175,EXECUTION,70.127908,HIGH,40,6,100,PAYMENT_EXECUTION,25.0,Capped payment/execution family: payment severity score 0.0; positive fund-progress score 100.000; persistence boost 10 points.,OBSERVED_CONDITIONS,19.210526,"Observed overdue=False (days=0.0, score=0.000); observed over sanction=True (overrun_pct=50.25575447570333, score=96.053).",ANOMALY,9.8625,Within-lifecycle statistical unusualness percentile 98.625; not a probability.,False,True,True,False,False,True,True
W-002816,COMPLETION,70.068987,HIGH,41,35,100,COMPLIANCE,32.0,Strongest actionable compliance result REVIEW/STRONG_WARNING under rule MPLADS-11.2-COMPLETION-UC.,PAYMENT_EXECUTION,20.0,Capped payment/execution family: payment severity score 0.0; positive fund-progress score 100.000; persistence boost 10 points.,ANOMALY,7.950207,Within-lifecycle statistical unusualness percentile 99.378; not a probability.,False,True,True,False,False,False,False
W-002421,COMPLETION,69.966666,HIGH,42,36,100,COMPLIANCE,32.0,Strongest actionable compliance result REVIEW/STRONG_WARNING under rule MPLADS-11.2-COMPLETION-UC.,PAYMENT_EXECUTION,20.0,Capped payment/execution family: payment severity score 0.0; positive fund-progress score 100.000; persistence boost 10 points.,ANOMALY,7.755187,Within-lifecycle statistical unusualness percentile 96.940; not a probability.,False,True,True,False,False,False,False
W-002794,COMPLETION,69.919414,HIGH,43,37,100,COMPLIANCE,32.0,Strongest actionable compliance result REVIEW/STRONG_WARNING under rule MPLADS-11.2-COMPLETION-UC.,PAYMENT_EXECUTION,20.0,Capped payment/execution family: payment severity score 0.0; positive fund-progress score 100.000; persistence boost 10 points.,ANOMALY,7.983402,Within-lifecycle statistical unusualness percentile 99.793; not a probability.,False,True,True,False,False,False,False
W-002982,COMPLETION,69.756329,HIGH,44,38,100,COMPLIANCE,32.0,Strongest actionable compliance result REVIEW/STRONG_WARNING under rule MPLADS-11.2-COMPLETION-UC.,PAYMENT_EXECUTION,20.0,Capped payment/execution family: payment severity score 0.0; positive fund-progress score 100.000; persistence boost 10 points.,ANOMALY,7.875519,Within-lifecycle statistical unusualness percentile 98.444; not a probability.,False,True,True,False,False,False,False
W-002303,COMPLETION,69.681467,HIGH,45,39,100,COMPLIANCE,32.0,Strongest actionable compliance result REVIEW/STRONG_WARNING under rule MPLADS-11.2-COMPLETION-UC.,PAYMENT_EXECUTION,20.0,Capped payment/execution family: payment severity score 60.0; positive fund-progress score 100.000; persistence boost 10 points.,ANOMALY,7.854772,Within-lifecycle statistical unusualness percentile 98.185; not a probability.,False,True,True,False,False,False,False
W-001316,COMPLETION,69.63317,HIGH,46,40,100,COMPLIANCE,32.0,Strongest actionable compliance result REVIEW/STRONG_WARNING under rule MPLADS-11.2-COMPLETION-UC.,PAYMENT_EXECUTION,17.928233,Capped payment/execution family: payment severity score 0.0; positive fund-progress score 89.641; persistence boost 0 points.,OPERATIONAL_TREND_CONTEXT,8.375912,state_name=Karnataka|district=Karnataka Demo District 2|sector=Sanitation context; strongest metric progress_report_count; signed robust z 22.258.,False,True,True,False,False,False,False
W-002676,COMPLETION,69.573064,HIGH,47,41,100,COMPLIANCE,32.0,Strongest actionable compliance result REVIEW/STRONG_WARNING under rule MPLADS-11.2-COMPLETION-UC.,DUPLICATE_REVIEW,14.170036,Corroborated Day-4.1 duplicate review candidate; best similarity score 94.467.,PAYMENT_EXECUTION,13.933649,Capped payment/execution family: payment severity score 0.0; positive fund-progress score 69.668; persistence boost 0 points.,True,True,True,False,False,False,False
W-000774,COMPLETION,69.324271,HIGH,48,42,100,COMPLIANCE,32.0,Strongest actionable compliance result REVIEW/STRONG_WARNING under rule MPLADS-11.2-COMPLETION-UC.,PAYMENT_EXECUTION,19.738659,Capped payment/execution family: payment severity score 0.0; positive fund-progress score 98.693; persistence boost 10 points.,OPERATIONAL_TREND_CONTEXT,6.605839,state_name=Rajasthan|district=Rajasthan Demo District 4|sector=Sanitation context; strongest metric progress_report_count; signed robust z 14.502.,False,True,True,False,False,False,False
W-001609,EXECUTION,69.279822,HIGH,49,7,100,PAYMENT_EXECUTION,25.0,Capped payment/execution family: payment severity score 60.0; positive fund-progress score 100.000; persistence boost 10 points.,OBSERVED_CONDITIONS,18.421053,"Observed overdue=True (days=752.0, score=91.605); observed over sanction=True (overrun_pct=48.325635103926096, score=92.105).",ANOMALY,9.95,Within-lifecycle statistical unusualness percentile 99.500; not a probability.,False,True,False,False,True,True,True
W-002935,COMPLETION,69.095136,HIGH,50,43,100,COMPLIANCE,32.0,Strongest actionable compliance result REVIEW/STRONG_WARNING under rule MPLADS-11.2-COMPLETION-UC.,PAYMENT_EXECUTION,20.0,Capped payment/execution family: payment severity score 60.0; positive fund-progress score 100.000; persistence boost 10 points.,ANOMALY,7.941909,Within-lifecycle statistical unusualness percentile 99.274; not a probability.,False,True,True,False,False,False,False
W-001235,COMPLETION,68.977917,HIGH,51,44,100,COMPLIANCE,32.0,Strongest actionable compliance result REVIEW/STRONG_WARNING under rule MPLADS-11.2-COMPLETION-UC.,PAYMENT_EXECUTION,19.210562,Capped payment/execution family: payment severity score 0.0; positive fund-progress score 96.053; persistence boost 10 points.,ANOMALY,6.755187,Within-lifecycle statistical unusualness percentile 84.440; not a probability.,False,True,True,False,False,False,False
W-002350,COMPLETION,68.928966,HIGH,52,45,100,COMPLIANCE,32.0,Strongest actionable compliance result REVIEW/STRONG_WARNING under rule MPLADS-11.2-COMPLETION-UC.,PAYMENT_EXECUTION,20.0,Capped payment/execution family: payment severity score 0.0; positive fund-progress score 100.000; persistence boost 10 points.,ANOMALY,7.958506,Within-lifecycle statistical unusualness percentile 99.481; not a probability.,False,True,True,False,False,False,False
W-002035,EXECUTION,68.898517,HIGH,53,8,100,PAYMENT_EXECUTION,25.0,Capped payment/execution family: payment severity score 0.0; positive fund-progress score 100.000; persistence boost 10 points.,OBSERVED_CONDITIONS,18.671587,"Observed overdue=True (days=801.0, score=93.358); observed over sanction=True (overrun_pct=2.301790281329924, score=82.895).",ANOMALY,9.3,Within-lifecycle statistical unusualness percentile 93.000; not a probability.,False,True,False,False,True,True,True
W-001322,EXECUTION,68.852392,HIGH,54,9,100,PAYMENT_EXECUTION,25.0,Capped payment/execution family: payment severity score 0.0; positive fund-progress score 100.000; persistence boost 10 points.,OBSERVED_CONDITIONS,17.894737,"Observed overdue=True (days=719.0, score=89.391); observed over sanction=True (overrun_pct=41.815167840862, score=89.474).",ANOMALY,10.0,Within-lifecycle statistical unusualness percentile 100.000; not a probability.,False,True,False,False,True,True,True
W-000092,COMPLETION,68.849095,HIGH,55,46,100,COMPLIANCE,32.0,Strongest actionable compliance result REVIEW/STRONG_WARNING under rule MPLADS-11.2-COMPLETION-UC.,PAYMENT_EXECUTION,18.266757,Capped payment/execution family: payment severity score 0.0; positive fund-progress score 91.334; persistence boost 0 points.,OPERATIONAL_TREND_CONTEXT,7.244526,state_name=Odisha|district=Odisha Demo District 1|sector=Roads & Bridges context; strongest metric progress_report_count; signed robust z 16.863.,False,True,True,False,False,False,False
W-002238,COMPLETION,68.815228,HIGH,56,47,100,COMPLIANCE,32.0,Strongest actionable compliance result REVIEW/STRONG_WARNING under rule MPLADS-11.2-COMPLETION-UC.,PAYMENT_EXECUTION,20.0,Capped payment/execution family: payment severity score 60.0; positive fund-progress score 100.000; persistence boost 10 points.,ANOMALY,7.809129,Within-lifecycle statistical unusualness percentile 97.614; not a probability.,False,True,True,False,False,False,False
W-002984,COMPLETION,68.788476,HIGH,57,48,100,COMPLIANCE,32.0,Strongest actionable compliance result REVIEW/STRONG_WARNING under rule MPLADS-11.2-COMPLETION-UC.,DUPLICATE_REVIEW,14.341585,Corroborated Day-4.1 duplicate review candidate; best similarity score 95.611.,PAYMENT_EXECUTION,12.0,Capped payment/execution family: payment severity score 60.0; positive fund-progress score 0.000; persistence boost 0 points.,True,True,True,False,False,False,False
W-001490,COMPLETION,68.787235,HIGH,58,49,100,COMPLIANCE,32.0,Strongest actionable compliance result REVIEW/STRONG_WARNING under rule MPLADS-11.2-COMPLETION-UC.,PAYMENT_EXECUTION,20.0,Capped payment/execution family: payment severity score 0.0; positive fund-progress score 100.000; persistence boost 10 points.,ANOMALY,7.709544,Within-lifecycle statistical unusualness percentile 96.369; not a probability.,False,True,True,False,False,False,False
W-000136,COMPLETION,68.655685,HIGH,59,50,100,COMPLIANCE,32.0,Strongest actionable compliance result REVIEW/STRONG_WARNING under rule MPLADS-11.2-COMPLETION-UC.,PAYMENT_EXECUTION,20.0,Capped payment/execution family: payment severity score 0.0; positive fund-progress score 100.000; persistence boost 10 points.,ANOMALY,7.634855,Within-lifecycle statistical unusualness percentile 95.436; not a probability.,False,True,True,False,False,False,False
W-001733,COMPLETION,68.63088,HIGH,60,51,100,COMPLIANCE,32.0,Strongest actionable compliance result REVIEW/STRONG_WARNING under rule MPLADS-11.2-COMPLETION-UC.,PAYMENT_EXECUTION,20.0,Capped payment/execution family: payment severity score 0.0; positive fund-progress score 100.000; persistence boost 10 points.,ANOMALY,7.680498,Within-lifecycle statistical unusualness percentile 96.006; not a probability.,False,True,True,False,False,False,False
W-000892,COMPLETION,68.595035,HIGH,61,52,100,COMPLIANCE,32.0,Strongest actionable compliance result REVIEW/STRONG_WARNING under rule MPLADS-11.2-COMPLETION-UC.,PAYMENT_EXECUTION,16.434665,Capped payment/execution family: payment severity score 0.0; positive fund-progress score 82.173; persistence boost 10 points.,DUPLICATE_REVIEW,14.35106,Corroborated Day-4.1 duplicate review candidate; best similarity score 95.674.,True,True,True,False,False,False,False
W-000381,COMPLETION,68.579005,HIGH,62,53,100,COMPLIANCE,32.0,Strongest actionable compliance result REVIEW/STRONG_WARNING under rule MPLADS-11.2-COMPLETION-UC.,PAYMENT_EXECUTION,20.0,Capped payment/execution family: payment severity score 0.0; positive fund-progress score 100.000; persistence boost 10 points.,OPERATIONAL_TREND_CONTEXT,8.832117,state_name=Andhra Pradesh|district=Andhra Pradesh Demo District 1 context; strongest metric progress_report_count; signed robust z 26.440.,False,True,True,False,False,False,False
W-002999,COMPLETION,68.574369,HIGH,63,54,100,COMPLIANCE,32.0,Strongest actionable compliance result REVIEW/STRONG_WARNING under rule MPLADS-11.2-COMPLETION-UC.,PAYMENT_EXECUTION,19.345972,Capped payment/execution family: payment severity score 0.0; positive fund-progress score 96.730; persistence boost 10 points.,OPERATIONAL_TREND_CONTEXT,9.635036,state_name=Karnataka|district=Karnataka Demo District 3 context; strongest metric progress_report_count; signed robust z 37.435.,False,True,True,False,False,False,False
W-000408,COMPLETION,68.49573,HIGH,64,55,100,COMPLIANCE,32.0,Strongest actionable compliance result REVIEW/STRONG_WARNING under rule MPLADS-11.2-COMPLETION-UC.,PAYMENT_EXECUTION,18.046039,Capped payment/execution family: payment severity score 0.0; positive fund-progress score 90.230; persistence boost 10 points.,OPERATIONAL_TREND_CONTEXT,9.233577,state_name=Odisha|district=Odisha Demo District 3 context; strongest metric progress_report_count; signed robust z 31.196.,False,True,True,False,False,False,False
W-000018,COMPLETION,68.207361,HIGH,65,56,100,COMPLIANCE,32.0,Strongest actionable compliance result REVIEW/STRONG_WARNING under rule MPLADS-11.2-COMPLETION-UC.,PAYMENT_EXECUTION,20.0,Capped payment/execution family: payment severity score 0.0; positive fund-progress score 100.000; persistence boost 10 points.,OPERATIONAL_TREND_CONTEXT,8.029197,state_name=Odisha|district=Odisha Demo District 2 context; strongest metric progress_report_count; signed robust z 20.347.,False,True,True,False,False,False,False
W-000019,COMPLETION,68.178461,HIGH,66,57,100,COMPLIANCE,32.0,Strongest actionable compliance result REVIEW/STRONG_WARNING under rule MPLADS-11.2-COMPLETION-UC.,PAYMENT_EXECUTION,18.249154,Capped payment/execution family: payment severity score 60.0; positive fund-progress score 91.246; persistence boost 10 points.,OPERATIONAL_TREND_CONTEXT,7.591241,state_name=Maharashtra|district=Maharashtra Demo District 3|sector=Renewable Energy context; strongest metric progress_report_count; signed robust z 18.212.,False,True,True,False,False,False,False
W-001701,COMPLETION,68.115236,HIGH,67,58,100,COMPLIANCE,32.0,Strongest actionable compliance result REVIEW/STRONG_WARNING under rule MPLADS-11.2-COMPLETION-UC.,PAYMENT_EXECUTION,20.0,Capped payment/execution family: payment severity score 60.0; positive fund-progress score 100.000; persistence boost 10 points.,ANOMALY,7.73029,Within-lifecycle statistical unusualness percentile 96.629; not a probability.,False,True,True,False,False,False,False
W-002766,COMPLETION,67.945329,HIGH,68,59,100,COMPLIANCE,32.0,Strongest actionable compliance result REVIEW/STRONG_WARNING under rule MPLADS-11.2-COMPLETION-UC.,PAYMENT_EXECUTION,20.0,Capped payment/execution family: payment severity score 0.0; positive fund-progress score 100.000; persistence boost 10 points.,OPERATIONAL_TREND_CONTEXT,6.751825,state_name=Karnataka|district=Karnataka Demo District 1|sector=Education context; strongest metric progress_report_count; signed robust z 14.839.,False,True,True,False,False,False,False
W-000787,COMPLETION,67.890968,HIGH,69,60,100,COMPLIANCE,32.0,Strongest actionable compliance result REVIEW/STRONG_WARNING under rule MPLADS-11.2-COMPLETION-UC.,PAYMENT_EXECUTION,19.373053,Capped payment/execution family: payment severity score 0.0; positive fund-progress score 96.865; persistence boost 10 points.,OPERATIONAL_TREND_CONTEXT,9.854015,state_name=Telangana|district=Telangana Demo District 4 context; strongest metric progress_report_count; signed robust z 49.463.,False,True,True,False,False,False,False
W-000536,COMPLETION,67.890335,HIGH,70,61,100,COMPLIANCE,32.0,Strongest actionable compliance result REVIEW/STRONG_WARNING under rule MPLADS-11.2-COMPLETION-UC.,PAYMENT_EXECUTION,19.133378,Capped payment/execution family: payment severity score 0.0; positive fund-progress score 95.667; persistence boost 0 points.,ANOMALY,7.73444,Within-lifecycle statistical unusualness percentile 96.680; not a probability.,False,True,True,False,False,False,False
W-001660,COMPLETION,67.869493,HIGH,71,62,100,COMPLIANCE,32.0,Strongest actionable compliance result REVIEW/STRONG_WARNING under rule MPLADS-11.2-COMPLETION-UC.,PAYMENT_EXECUTION,17.511171,Capped payment/execution family: payment severity score 0.0; positive fund-progress score 87.556; persistence boost 10 points.,ANOMALY,7.365145,Within-lifecycle statistical unusualness percentile 92.064; not a probability.,False,True,True,False,False,False,False
W-002069,COMPLETION,67.859221,HIGH,72,63,100,COMPLIANCE,32.0,Strongest actionable compliance result REVIEW/STRONG_WARNING under rule MPLADS-11.2-COMPLETION-UC.,PAYMENT_EXECUTION,20.0,Capped payment/execution family: payment severity score 0.0; positive fund-progress score 100.000; persistence boost 10 points.,ANOMALY,7.966805,Within-lifecycle statistical unusualness percentile 99.585; not a probability.,False,True,True,False,False,False,False
W-000964,COMPLETION,67.803641,HIGH,73,64,100,COMPLIANCE,32.0,Strongest actionable compliance result REVIEW/STRONG_WARNING under rule MPLADS-11.2-COMPLETION-UC.,PAYMENT_EXECUTION,20.0,Capped payment/execution family: payment severity score 0.0; positive fund-progress score 100.000; persistence boost 10 points.,OPERATIONAL_TREND_CONTEXT,7.244526,state_name=Odisha|district=Odisha Demo District 1|sector=Roads & Bridges context; strongest metric progress_report_count; signed robust z 16.863.,False,True,True,False,False,False,False
W-002933,COMPLETION,67.720629,HIGH,74,65,100,COMPLIANCE,32.0,Strongest actionable compliance result REVIEW/STRONG_WARNING under rule MPLADS-11.2-COMPLETION-UC.,PAYMENT_EXECUTION,20.0,Capped payment/execution family: payment severity score 0.0; positive fund-progress score 100.000; persistence boost 10 points.,ANOMALY,7.095436,Within-lifecycle statistical unusualness percentile 88.693; not a probability.,False,True,True,False,False,False,False
W-002576,COMPLETION,67.555872,HIGH,75,66,100,COMPLIANCE,32.0,Strongest actionable compliance result REVIEW/STRONG_WARNING under rule MPLADS-11.2-COMPLETION-UC.,PAYMENT_EXECUTION,14.800271,Capped payment/execution family: payment severity score 0.0; positive fund-progress score 74.001; persistence boost 0 points.,OPERATIONAL_TREND_CONTEXT,8.193431,state_name=Rajasthan|district=Rajasthan Demo District 3|sector=Education context; strongest metric progress_report_count; signed robust z 21.584.,False,True,True,False,False,False,False
W-001866,COMPLETION,67.538662,HIGH,76,67,100,COMPLIANCE,32.0,Strongest actionable compliance result REVIEW/STRONG_WARNING under rule MPLADS-11.2-COMPLETION-UC.,PAYMENT_EXECUTION,20.0,Capped payment/execution family: payment severity score 0.0; positive fund-progress score 100.000; persistence boost 10 points.,OPERATIONAL_TREND_CONTEXT,9.854015,state_name=Telangana|district=Telangana Demo District 4 context; strongest metric progress_report_count; signed robust z 49.463.,False,True,True,False,False,False,False
W-001472,COMPLETION,67.48254,HIGH,77,68,100,COMPLIANCE,32.0,Strongest actionable compliance result REVIEW/STRONG_WARNING under rule MPLADS-11.2-COMPLETION-UC.,PAYMENT_EXECUTION,16.908599,Capped payment/execution family: payment severity score 0.0; positive fund-progress score 84.543; persistence boost 10 points.,ANOMALY,7.742739,Within-lifecycle statistical unusualness percentile 96.784; not a probability.,False,True,True,False,False,False,False
W-000366,COMPLETION,67.42987,HIGH,78,69,100,COMPLIANCE,32.0,Strongest actionable compliance result REVIEW/STRONG_WARNING under rule MPLADS-11.2-COMPLETION-UC.,PAYMENT_EXECUTION,16.055518,Capped payment/execution family: payment severity score 0.0; positive fund-progress score 80.278; persistence boost 10 points.,OPERATIONAL_TREND_CONTEXT,8.375912,state_name=Odisha|district=Odisha Demo District 2|sector=Sanitation context; strongest metric progress_report_count; signed robust z 22.258.,False,True,True,False,False,False,False
W-002822,COMPLETION,67.381639,HIGH,79,70,100,COMPLIANCE,32.0,Strongest actionable compliance result REVIEW/STRONG_WARNING under rule MPLADS-11.2-COMPLETION-UC.,PAYMENT_EXECUTION,20.0,Capped payment/execution family: payment severity score 60.0; positive fund-progress score 100.000; persistence boost 10 points.,PEER_DEVIATION,5.501305,1 peer-outlier metric(s); strongest financial_overrun_pct_as_of has absolute robust deviation 10.575.,False,True,True,False,False,False,False
W-001572,COMPLETION,67.366984,HIGH,80,71,100,COMPLIANCE,32.0,Strongest actionable compliance result REVIEW/STRONG_WARNING under rule MPLADS-11.2-COMPLETION-UC.,PAYMENT_EXECUTION,20.0,Capped payment/execution family: payment severity score 0.0; positive fund-progress score 100.000; persistence boost 10 points.,ANOMALY,7.3361,Within-lifecycle statistical unusualness percentile 91.701; not a probability.,False,True,True,False,False,False,False
W-000217,COMPLETION,67.362692,HIGH,81,72,100,COMPLIANCE,32.0,Strongest actionable compliance result REVIEW/STRONG_WARNING under rule MPLADS-11.2-COMPLETION-UC.,PAYMENT_EXECUTION,12.0,Capped payment/execution family: payment severity score 60.0; positive fund-progress score 10.000; persistence boost 10 points.,OPERATIONAL_TREND_CONTEXT,8.868613,state_name=Andhra Pradesh|district=Andhra Pradesh Demo District 4|sector=Health context; strongest metric progress_report_count; signed robust z 26.980.,False,True,True,False,False,False,False
W-002144,COMPLETION,67.305373,HIGH,82,73,100,COMPLIANCE,32.0,Strongest actionable compliance result REVIEW/STRONG_WARNING under rule MPLADS-11.2-COMPLETION-UC.,PAYMENT_EXECUTION,20.0,Capped payment/execution family: payment severity score 60.0; positive fund-progress score 100.000; persistence boost 10 points.,OPERATIONAL_TREND_CONTEXT,8.375912,state_name=Karnataka|district=Karnataka Demo District 2|sector=Sanitation context; strongest metric progress_report_count; signed robust z 22.258.,False,True,True,False,False,False,False
W-001460,COMPLETION,67.237053,HIGH,83,74,100,COMPLIANCE,32.0,Strongest actionable compliance result REVIEW/STRONG_WARNING under rule MPLADS-11.2-COMPLETION-UC.,PAYMENT_EXECUTION,12.0,Capped payment/execution family: payment severity score 60.0; positive fund-progress score 0.000; persistence boost 0 points.,OPERATIONAL_TREND_CONTEXT,8.722628,state_name=Telangana|district=Telangana Demo District 3 context; strongest metric progress_report_count; signed robust z 25.766.,False,True,True,False,False,False,False
W-002663,COMPLETION,67.167213,HIGH,84,75,100,COMPLIANCE,32.0,Strongest actionable compliance result REVIEW/STRONG_WARNING under rule MPLADS-11.2-COMPLETION-UC.,PAYMENT_EXECUTION,20.0,Capped payment/execution family: payment severity score 0.0; positive fund-progress score 100.000; persistence boost 10 points.,ANOMALY,7.547718,Within-lifecycle statistical unusualness percentile 94.346; not a probability.,False,True,True,False,False,False,False
W-002583,COMPLETION,67.147926,HIGH,85,76,100,COMPLIANCE,32.0,Strongest actionable compliance result REVIEW/STRONG_WARNING under rule MPLADS-11.2-COMPLETION-UC.,PAYMENT_EXECUTION,12.593094,Capped payment/execution family: payment severity score 0.0; positive fund-progress score 62.965; persistence boost 0 points.,OPERATIONAL_TREND_CONTEXT,8.065693,state_name=Andhra Pradesh|district=Andhra Pradesh Demo District 4 context; strongest metric progress_report_count; signed robust z 20.620.,False,True,True,False,False,False,False
W-000131,COMPLETION,67.140824,HIGH,86,77,100,COMPLIANCE,32.0,Strongest actionable compliance result REVIEW/STRONG_WARNING under rule MPLADS-11.2-COMPLETION-UC.,PAYMENT_EXECUTION,12.0,Capped payment/execution family: payment severity score 60.0; positive fund-progress score 18.145; persistence boost 0 points.,OPERATIONAL_TREND_CONTEXT,9.416058,state_name=Andhra Pradesh|district=Andhra Pradesh Demo District 2|sector=Renewable Energy context; strongest metric progress_report_count; signed robust z 33.050.,False,True,True,False,False,False,False
W-002435,COMPLETION,67.07303,HIGH,87,78,100,COMPLIANCE,32.0,Strongest actionable compliance result REVIEW/STRONG_WARNING under rule MPLADS-11.2-COMPLETION-UC.,PAYMENT_EXECUTION,18.154367,Capped payment/execution family: payment severity score 0.0; positive fund-progress score 90.772; persistence boost 10 points.,OPERATIONAL_TREND_CONTEXT,7.846715,state_name=Andhra Pradesh|district=Andhra Pradesh Demo District 2 context; strongest metric progress_report_count; signed robust z 18.802.,False,True,True,False,False,False,False
W-001921,COMPLETION,67.035487,HIGH,88,79,100,COMPLIANCE,32.0,Strongest actionable compliance result REVIEW/STRONG_WARNING under rule MPLADS-11.2-COMPLETION-UC.,PAYMENT_EXECUTION,15.545024,Capped payment/execution family: payment severity score 60.0; positive fund-progress score 77.725; persistence boost 0 points.,OPERATIONAL_TREND_CONTEXT,9.051095,state_name=Andhra Pradesh|district=Andhra Pradesh Demo District 3 context; strongest metric progress_report_count; signed robust z 29.172.,False,True,True,False,False,False,False
W-002993,COMPLETION,67.016962,HIGH,89,80,100,COMPLIANCE,32.0,Strongest actionable compliance result REVIEW/STRONG_WARNING under rule MPLADS-11.2-COMPLETION-UC.,PAYMENT_EXECUTION,19.941774,Capped payment/execution family: payment severity score 0.0; positive fund-progress score 99.709; persistence boost 10 points.,OPERATIONAL_TREND_CONTEXT,8.99635,state_name=Andhra Pradesh|district=Andhra Pradesh Demo District 2|sector=Health context; strongest metric progress_report_count; signed robust z 29.003.,False,True,True,False,False,False,False
W-001786,EXECUTION,66.991661,HIGH,90,10,100,PAYMENT_EXECUTION,22.252877,Capped payment/execution family: payment severity score 0.0; positive fund-progress score 89.012; persistence boost 10 points.,OBSERVED_CONDITIONS,17.822878,"Observed overdue=True (days=717.0, score=89.114); observed over sanction=False (overrun_pct=0.0, score=0.000).",PEER_DEVIATION,9.526627,3 peer-outlier metric(s); strongest days_since_last_payment_as_of has absolute robust deviation 33.781.,False,False,False,False,True,False,True
W-002483,COMPLETION,66.925931,HIGH,91,81,100,COMPLIANCE,32.0,Strongest actionable compliance result REVIEW/STRONG_WARNING under rule MPLADS-11.2-COMPLETION-UC.,PAYMENT_EXECUTION,20.0,Capped payment/execution family: payment severity score 0.0; positive fund-progress score 100.000; persistence boost 10 points.,ANOMALY,7.962656,Within-lifecycle statistical unusualness percentile 99.533; not a probability.,False,True,True,False,False,False,False
W-001392,COMPLETION,66.756778,HIGH,92,82,100,COMPLIANCE,32.0,Strongest actionable compliance result REVIEW/STRONG_WARNING under rule MPLADS-11.2-COMPLETION-UC.,PAYMENT_EXECUTION,20.0,Capped payment/execution family: payment severity score 0.0; positive fund-progress score 100.000; persistence boost 10 points.,ANOMALY,7.904564,Within-lifecycle statistical unusualness percentile 98.807; not a probability.,False,True,True,False,False,False,False
W-001620,COMPLETION,66.690527,HIGH,93,83,100,COMPLIANCE,32.0,Strongest actionable compliance result REVIEW/STRONG_WARNING under rule MPLADS-11.2-COMPLETION-UC.,PAYMENT_EXECUTION,12.0,Capped payment/execution family: payment severity score 60.0; positive fund-progress score 10.000; persistence boost 10 points.,OPERATIONAL_TREND_CONTEXT,8.722628,state_name=Telangana|district=Telangana Demo District 3 context; strongest metric progress_report_count; signed robust z 25.766.,False,True,True,False,False,False,False
W-002030,COMPLETION,66.616853,HIGH,94,84,100,COMPLIANCE,32.0,Strongest actionable compliance result REVIEW/STRONG_WARNING under rule MPLADS-11.2-COMPLETION-UC.,PAYMENT_EXECUTION,18.723087,Capped payment/execution family: payment severity score 0.0; positive fund-progress score 93.615; persistence boost 10 points.,OPERATIONAL_TREND_CONTEXT,8.193431,state_name=Rajasthan|district=Rajasthan Demo District 3|sector=Education context; strongest metric progress_report_count; signed robust z 21.584.,False,True,True,False,False,False,False
W-000370,COMPLETION,66.61449,HIGH,95,85,100,COMPLIANCE,32.0,Strongest actionable compliance result REVIEW/STRONG_WARNING under rule MPLADS-11.2-COMPLETION-UC.,PAYMENT_EXECUTION,18.411645,Capped payment/execution family: payment severity score 0.0; positive fund-progress score 92.058; persistence boost 10 points.,OPERATIONAL_TREND_CONTEXT,5.565693,state_name=Odisha|district=Odisha Demo District 1|sector=Renewable Energy context; strongest metric progress_report_count; signed robust z 12.141.,False,True,True,False,False,False,False
W-002215,COMPLETION,66.548391,HIGH,96,86,100,COMPLIANCE,32.0,Strongest actionable compliance result REVIEW/STRONG_WARNING under rule MPLADS-11.2-COMPLETION-UC.,PAYMENT_EXECUTION,12.0,Capped payment/execution family: payment severity score 60.0; positive fund-progress score 10.000; persistence boost 10 points.,OPERATIONAL_TREND_CONTEXT,8.138686,state_name=Maharashtra|district=Maharashtra Demo District 1|sector=Health context; strongest metric progress_report_count; signed robust z 20.910.,False,True,True,False,False,False,False
W-002762,COMPLETION,66.534089,HIGH,97,87,100,COMPLIANCE,32.0,Strongest actionable compliance result REVIEW/STRONG_WARNING under rule MPLADS-11.2-COMPLETION-UC.,PAYMENT_EXECUTION,20.0,Capped payment/execution family: payment severity score 60.0; positive fund-progress score 100.000; persistence boost 10 points.,OPERATIONAL_TREND_CONTEXT,7.372263,state_name=Rajasthan|district=Rajasthan Demo District 1|sector=Health context; strongest metric progress_report_count; signed robust z 17.537.,False,True,True,False,False,False,False
W-001926,COMPLETION,66.512403,HIGH,98,88,100,COMPLIANCE,32.0,Strongest actionable compliance result REVIEW/STRONG_WARNING under rule MPLADS-11.2-COMPLETION-UC.,PAYMENT_EXECUTION,20.0,Capped payment/execution family: payment severity score 60.0; positive fund-progress score 100.000; persistence boost 10 points.,OPERATIONAL_TREND_CONTEXT,7.591241,state_name=Karnataka|district=Karnataka Demo District 2|sector=Drinking Water context; strongest metric progress_report_count; signed robust z 18.212.,False,True,True,False,False,False,False
W-002061,COMPLETION,66.494275,HIGH,99,89,100,COMPLIANCE,32.0,Strongest actionable compliance result REVIEW/STRONG_WARNING under rule MPLADS-11.2-COMPLETION-UC.,PAYMENT_EXECUTION,20.0,Capped payment/execution family: payment severity score 60.0; positive fund-progress score 100.000; persistence boost 10 points.,OPERATIONAL_TREND_CONTEXT,8.99635,state_name=Telangana|district=Telangana Demo District 2|sector=Renewable Energy context; strongest metric progress_report_count; signed robust z 29.003.,False,True,True,False,False,False,False
W-001141,COMPLETION,66.474088,HIGH,100,90,100,COMPLIANCE,32.0,Strongest actionable compliance result REVIEW/STRONG_WARNING under rule MPLADS-11.2-COMPLETION-UC.,PAYMENT_EXECUTION,19.156398,Capped payment/execution family: payment severity score 0.0; positive fund-progress score 95.782; persistence boost 10 points.,PEER_DEVIATION,5.318538,1 peer-outlier metric(s); strongest financial_overrun_pct_as_of has absolute robust deviation 9.545.,False,True,True,False,False,False,False
W-000177,EXECUTION,66.470169,HIGH,101,11,100,PAYMENT_EXECUTION,25.0,Capped payment/execution family: payment severity score 0.0; positive fund-progress score 100.000; persistence boost 10 points.,OBSERVED_CONDITIONS,17.675277,"Observed overdue=True (days=693.0, score=88.376); observed over sanction=True (overrun_pct=32.722371967654986, score=85.526).",ANOMALY,9.925,Within-lifecycle statistical unusualness percentile 99.250; not a probability.,False,True,False,False,True,True,True
W-001005,EXECUTION,66.43757,HIGH,102,12,100,PAYMENT_EXECUTION,25.0,Capped payment/execution family: payment severity score 0.0; positive fund-progress score 100.000; persistence boost 10 points.,OBSERVED_CONDITIONS,20.0,"Observed overdue=False (days=0.0, score=0.000); observed over sanction=True (overrun_pct=62.14511041009464, score=100.000).",ANOMALY,9.975,Within-lifecycle statistical unusualness percentile 99.750; not a probability.,False,True,False,False,False,True,True
W-000276,COMPLETION,66.38627,HIGH,103,91,100,COMPLIANCE,32.0,Strongest actionable compliance result REVIEW/STRONG_WARNING under rule MPLADS-11.2-COMPLETION-UC.,PAYMENT_EXECUTION,13.310765,Capped payment/execution family: payment severity score 0.0; positive fund-progress score 66.554; persistence boost 0 points.,OPERATIONAL_TREND_CONTEXT,8.248175,state_name=Odisha|district=Odisha Demo District 4 context; strongest metric progress_report_count; signed robust z 21.696.,False,True,True,False,False,False,False
W-000629,COMPLETION,66.37701,HIGH,104,92,100,COMPLIANCE,32.0,Strongest actionable compliance result REVIEW/STRONG_WARNING under rule MPLADS-11.2-COMPLETION-UC.,PAYMENT_EXECUTION,17.991875,Capped payment/execution family: payment severity score 0.0; positive fund-progress score 89.959; persistence boost 10 points.,OPERATIONAL_TREND_CONTEXT,9.854015,state_name=Telangana|district=Telangana Demo District 4 context; strongest metric progress_report_count; signed robust z 49.463.,False,True,True,False,False,False,False
W-002071,COMPLETION,66.325383,HIGH,105,93,100,COMPLIANCE,32.0,Strongest actionable compliance result REVIEW/STRONG_WARNING under rule MPLADS-11.2-COMPLETION-UC.,PAYMENT_EXECUTION,17.562627,Capped payment/execution family: payment severity score 0.0; positive fund-progress score 87.813; persistence boost 0 points.,ANOMALY,7.543568,Within-lifecycle statistical unusualness percentile 94.295; not a probability.,False,True,True,False,False,False,False
W-000321,COMPLETION,66.228785,HIGH,106,94,100,COMPLIANCE,32.0,Strongest actionable compliance result REVIEW/STRONG_WARNING under rule MPLADS-11.2-COMPLETION-UC.,PAYMENT_EXECUTION,16.190928,Capped payment/execution family: payment severity score 0.0; positive fund-progress score 80.955; persistence boost 10 points.,OPERATIONAL_TREND_CONTEXT,7.919708,state_name=Maharashtra|district=Maharashtra Demo District 1|sector=Renewable Energy context; strongest metric progress_report_count; signed robust z 19.561.,False,True,True,False,False,False,False
W-001340,COMPLETION,66.173428,HIGH,107,95,100,COMPLIANCE,32.0,Strongest actionable compliance result REVIEW/STRONG_WARNING under rule MPLADS-11.2-COMPLETION-UC.,PAYMENT_EXECUTION,15.689912,Capped payment/execution family: payment severity score 0.0; positive fund-progress score 78.450; persistence boost 10 points.,OPERATIONAL_TREND_CONTEXT,8.029197,state_name=Odisha|district=Odisha Demo District 2 context; strongest metric progress_report_count; signed robust z 20.347.,False,True,True,False,False,False,False
W-001854,COMPLETION,66.146755,HIGH,108,96,100,COMPLIANCE,32.0,Strongest actionable compliance result REVIEW/STRONG_WARNING under rule MPLADS-11.2-COMPLETION-UC.,PAYMENT_EXECUTION,13.848341,Capped payment/execution family: payment severity score 0.0; positive fund-progress score 69.242; persistence boost 10 points.,OPERATIONAL_TREND_CONTEXT,9.343066,state_name=Karnataka|district=Karnataka Demo District 1 context; strongest metric progress_report_count; signed robust z 31.836.,False,True,True,False,False,False,False
W-002957,COMPLETION,66.105559,HIGH,109,97,100,COMPLIANCE,32.0,Strongest actionable compliance result REVIEW/STRONG_WARNING under rule MPLADS-11.2-COMPLETION-UC.,PAYMENT_EXECUTION,18.073121,Capped payment/execution family: payment severity score 0.0; positive fund-progress score 90.366; persistence boost 10 points.,OPERATIONAL_TREND_CONTEXT,9.854015,state_name=Telangana|district=Telangana Demo District 4 context; strongest metric progress_report_count; signed robust z 49.463.,False,True,True,False,False,False,False
W-001332,COMPLETION,66.069571,HIGH,110,98,100,COMPLIANCE,32.0,Strongest actionable compliance result REVIEW/STRONG_WARNING under rule MPLADS-11.2-COMPLETION-UC.,PAYMENT_EXECUTION,20.0,Capped payment/execution family: payment severity score 0.0; positive fund-progress score 100.000; persistence boost 10 points.,OPERATIONAL_TREND_CONTEXT,8.613139,state_name=Odisha|district=Odisha Demo District 3|sector=Sanitation context; strongest metric progress_report_count; signed robust z 23.607.,False,True,True,False,False,False,False
W-002072,COMPLETION,66.063865,HIGH,111,99,100,COMPLIANCE,32.0,Strongest actionable compliance result REVIEW/STRONG_WARNING under rule MPLADS-11.2-COMPLETION-UC.,PAYMENT_EXECUTION,17.088693,Capped payment/execution family: payment severity score 0.0; positive fund-progress score 85.443; persistence boost 0 points.,OPERATIONAL_TREND_CONTEXT,8.193431,state_name=Telangana|district=Telangana Demo District 1|sector=Sanitation context; strongest metric progress_report_count; signed robust z 21.584.,False,True,True,False,False,False,False
W-002326,COMPLETION,65.89512,HIGH,112,100,100,COMPLIANCE,32.0,Strongest actionable compliance result REVIEW/STRONG_WARNING under rule MPLADS-11.2-COMPLETION-UC.,PAYMENT_EXECUTION,19.386594,Capped payment/execution family: payment severity score 60.0; positive fund-progress score 96.933; persistence boost 10 points.,ANOMALY,7.46473,Within-lifecycle statistical unusualness percentile 93.309; not a probability.,False,True,True,False,False,False,False
W-002885,COMPLETION,65.873913,HIGH,113,101,100,COMPLIANCE,32.0,Strongest actionable compliance result REVIEW/STRONG_WARNING under rule MPLADS-11.2-COMPLETION-UC.,PAYMENT_EXECUTION,20.0,Capped payment/execution family: payment severity score 0.0; positive fund-progress score 100.000; persistence boost 10 points.,OPERATIONAL_TREND_CONTEXT,9.890511,state_name=Maharashtra|district=Maharashtra Demo District 2 context; strongest metric progress_report_count; signed robust z 59.356.,False,True,True,False,False,False,False
W-001406,COMPLETION,65.861164,HIGH,114,102,100,COMPLIANCE,32.0,Strongest actionable compliance result REVIEW/STRONG_WARNING under rule MPLADS-11.2-COMPLETION-UC.,PAYMENT_EXECUTION,19.860528,Capped payment/execution family: payment severity score 0.0; positive fund-progress score 99.303; persistence boost 10 points.,OPERATIONAL_TREND_CONTEXT,8.722628,state_name=Telangana|district=Telangana Demo District 3 context; strongest metric progress_report_count; signed robust z 25.766.,False,True,True,False,False,False,False
W-002491,COMPLETION,65.76931,HIGH,115,103,100,COMPLIANCE,32.0,Strongest actionable compliance result REVIEW/STRONG_WARNING under rule MPLADS-11.2-COMPLETION-UC.,PAYMENT_EXECUTION,17.075152,Capped payment/execution family: payment severity score 0.0; positive fund-progress score 85.376; persistence boost 0 points.,OPERATIONAL_TREND_CONTEXT,9.233577,state_name=Odisha|district=Odisha Demo District 3 context; strongest metric progress_report_count; signed robust z 31.196.,False,True,True,False,False,False,False
W-002304,COMPLETION,65.715936,HIGH,116,104,100,COMPLIANCE,32.0,Strongest actionable compliance result REVIEW/STRONG_WARNING under rule MPLADS-11.2-COMPLETION-UC.,PAYMENT_EXECUTION,14.444144,Capped payment/execution family: payment severity score 0.0; positive fund-progress score 72.221; persistence boost 10 points.,ANOMALY,7.60166,Within-lifecycle statistical unusualness percentile 95.021; not a probability.,False,True,True,False,False,False,False
W-001535,COMPLETION,65.595986,HIGH,117,105,100,COMPLIANCE,32.0,Strongest actionable compliance result REVIEW/STRONG_WARNING under rule MPLADS-11.2-COMPLETION-UC.,PAYMENT_EXECUTION,17.734597,Capped payment/execution family: payment severity score 60.0; positive fund-progress score 88.673; persistence boost 10 points.,OPERATIONAL_TREND_CONTEXT,8.375912,state_name=Karnataka|district=Karnataka Demo District 1|sector=Health context; strongest metric progress_report_count; signed robust z 22.258.,False,True,True,False,False,False,False
W-002448,COMPLETION,65.574814,HIGH,118,106,100,COMPLIANCE,32.0,Strongest actionable compliance result REVIEW/STRONG_WARNING under rule MPLADS-11.2-COMPLETION-UC.,PAYMENT_EXECUTION,19.792823,Capped payment/execution family: payment severity score 0.0; positive fund-progress score 98.964; persistence boost 10 points.,ANOMALY,7.614108,Within-lifecycle statistical unusualness percentile 95.176; not a probability.,False,True,True,False,False,False,False
W-001424,COMPLETION,65.521912,HIGH,119,107,100,COMPLIANCE,32.0,Strongest actionable compliance result REVIEW/STRONG_WARNING under rule MPLADS-11.2-COMPLETION-UC.,PAYMENT_EXECUTION,19.18348,Capped payment/execution family: payment severity score 0.0; positive fund-progress score 95.917; persistence boost 10 points.,OPERATIONAL_TREND_CONTEXT,8.649635,state_name=Maharashtra|district=Maharashtra Demo District 2|sector=Sanitation context; strongest metric progress_report_count; signed robust z 24.956.,False,True,True,False,False,False,False
W-001669,EXECUTION,65.496355,HIGH,120,13,100,PAYMENT_EXECUTION,24.932295,Capped payment/execution family: payment severity score 0.0; positive fund-progress score 99.729; persistence boost 0 points.,OBSERVED_CONDITIONS,16.842105,"Observed overdue=False (days=0.0, score=0.000); observed over sanction=True (overrun_pct=32.06239168110919, score=84.211).",ANOMALY,9.8375,Within-lifecycle statistical unusualness percentile 98.375; not a probability.,False,True,False,False,False,True,True
W-000858,EXECUTION,65.493731,HIGH,121,14,100,PAYMENT_EXECUTION,25.0,Capped payment/execution family: payment severity score 0.0; positive fund-progress score 100.000; persistence boost 10 points.,OBSERVED_CONDITIONS,17.121771,"Observed overdue=True (days=652.0, score=85.609); observed over sanction=False (overrun_pct=0.0, score=0.000).",ANOMALY,9.725,Within-lifecycle statistical unusualness percentile 97.250; not a probability.,False,False,False,False,True,False,True
W-002969,COMPLETION,65.484333,HIGH,122,108,100,COMPLIANCE,32.0,Strongest actionable compliance result REVIEW/STRONG_WARNING under rule MPLADS-11.2-COMPLETION-UC.,PAYMENT_EXECUTION,19.224103,Capped payment/execution family: payment severity score 0.0; positive fund-progress score 96.121; persistence boost 10 points.,OPERATIONAL_TREND_CONTEXT,7.372263,state_name=Rajasthan|district=Rajasthan Demo District 1|sector=Health context; strongest metric progress_report_count; signed robust z 17.537.,False,True,True,False,False,False,False
W-002085,COMPLETION,65.420207,HIGH,123,109,100,COMPLIANCE,32.0,Strongest actionable compliance result REVIEW/STRONG_WARNING under rule MPLADS-11.2-COMPLETION-UC.,PAYMENT_EXECUTION,20.0,Capped payment/execution family: payment severity score 0.0; positive fund-progress score 100.000; persistence boost 10 points.,OPERATIONAL_TREND_CONTEXT,9.416058,state_name=Andhra Pradesh|district=Andhra Pradesh Demo District 2|sector=Renewable Energy context; strongest metric progress_report_count; signed robust z 33.050.,False,True,True,False,False,False,False
W-001936,COMPLETION,65.414483,HIGH,124,110,100,COMPLIANCE,32.0,Strongest actionable compliance result REVIEW/STRONG_WARNING under rule MPLADS-11.2-COMPLETION-UC.,PAYMENT_EXECUTION,18.736628,Capped payment/execution family: payment severity score 0.0; positive fund-progress score 93.683; persistence boost 10 points.,OPERATIONAL_TREND_CONTEXT,6.49635,state_name=Andhra Pradesh|district=Andhra Pradesh Demo District 4|sector=Renewable Energy context; strongest metric progress_report_count; signed robust z 14.165.,False,True,True,False,False,False,False
W-001277,COMPLETION,65.353674,HIGH,125,111,100,COMPLIANCE,32.0,Strongest actionable compliance result REVIEW/STRONG_WARNING under rule MPLADS-11.2-COMPLETION-UC.,PAYMENT_EXECUTION,12.873392,Capped payment/execution family: payment severity score 60.0; positive fund-progress score 64.367; persistence boost 10 points.,ANOMALY,7.240664,Within-lifecycle statistical unusualness percentile 90.508; not a probability.,False,True,True,False,False,False,False
W-001102,COMPLETION,65.342717,HIGH,126,112,100,COMPLIANCE,32.0,Strongest actionable compliance result REVIEW/STRONG_WARNING under rule MPLADS-11.2-COMPLETION-UC.,PAYMENT_EXECUTION,20.0,Capped payment/execution family: payment severity score 0.0; positive fund-progress score 100.000; persistence boost 10 points.,OPERATIONAL_TREND_CONTEXT,8.375912,state_name=Karnataka|district=Karnataka Demo District 1|sector=Health context; strongest metric progress_report_count; signed robust z 22.258.,False,True,True,False,False,False,False
W-000644,COMPLETION,65.3233,HIGH,127,113,100,COMPLIANCE,32.0,Strongest actionable compliance result REVIEW/STRONG_WARNING under rule MPLADS-11.2-COMPLETION-UC.,PAYMENT_EXECUTION,18.330399,Capped payment/execution family: payment severity score 0.0; positive fund-progress score 91.652; persistence boost 10 points.,ANOMALY,7.813278,Within-lifecycle statistical unusualness percentile 97.666; not a probability.,False,True,True,False,False,False,False
W-001536,COMPLETION,65.26836,HIGH,128,114,100,COMPLIANCE,32.0,Strongest actionable compliance result REVIEW/STRONG_WARNING under rule MPLADS-11.2-COMPLETION-UC.,PAYMENT_EXECUTION,19.427217,Capped payment/execution family: payment severity score 0.0; positive fund-progress score 97.136; persistence boost 10 points.,OPERATIONAL_TREND_CONTEXT,7.372263,state_name=Rajasthan|district=Rajasthan Demo District 1|sector=Health context; strongest metric progress_report_count; signed robust z 17.537.,False,True,True,False,False,False,False
W-002591,COMPLETION,65.24763,HIGH,129,115,100,COMPLIANCE,32.0,Strongest actionable compliance result REVIEW/STRONG_WARNING under rule MPLADS-11.2-COMPLETION-UC.,PAYMENT_EXECUTION,20.0,Capped payment/execution family: payment severity score 0.0; positive fund-progress score 100.000; persistence boost 10 points.,OPERATIONAL_TREND_CONTEXT,9.343066,state_name=Karnataka|district=Karnataka Demo District 1 context; strongest metric progress_report_count; signed robust z 31.836.,False,True,True,False,False,False,False
W-001150,COMPLETION,65.234139,HIGH,130,116,100,COMPLIANCE,32.0,Strongest actionable compliance result REVIEW/STRONG_WARNING under rule MPLADS-11.2-COMPLETION-UC.,PAYMENT_EXECUTION,20.0,Capped payment/execution family: payment severity score 60.0; positive fund-progress score 100.000; persistence boost 10 points.,OPERATIONAL_TREND_CONTEXT,6.751825,state_name=Karnataka|district=Karnataka Demo District 1|sector=Education context; strongest metric progress_report_count; signed robust z 14.839.,False,True,True,False,False,False,False
W-000185,EXECUTION,65.207546,HIGH,131,15,100,PAYMENT_EXECUTION,25.0,Capped payment/execution family: payment severity score 0.0; positive fund-progress score 100.000; persistence boost 10 points.,OBSERVED_CONDITIONS,18.947368,"Observed overdue=False (days=0.0, score=0.000); observed over sanction=True (overrun_pct=50.06273525721456, score=94.737).",ANOMALY,9.9125,Within-lifecycle statistical unusualness percentile 99.125; not a probability.,False,True,False,False,False,True,True
W-002316,COMPLETION,65.104594,HIGH,132,117,100,COMPLIANCE,32.0,Strongest actionable compliance result REVIEW/STRONG_WARNING under rule MPLADS-11.2-COMPLETION-UC.,PAYMENT_EXECUTION,18.425186,Capped payment/execution family: payment severity score 0.0; positive fund-progress score 92.126; persistence boost 10 points.,ANOMALY,7.489627,Within-lifecycle statistical unusualness percentile 93.620; not a probability.,False,True,True,False,False,False,False
W-001094,COMPLETION,65.096693,HIGH,133,118,100,COMPLIANCE,32.0,Strongest actionable compliance result REVIEW/STRONG_WARNING under rule MPLADS-11.2-COMPLETION-UC.,PAYMENT_EXECUTION,15.409614,Capped payment/execution family: payment severity score 0.0; positive fund-progress score 77.048; persistence boost 0 points.,ANOMALY,7.004149,Within-lifecycle statistical unusualness percentile 87.552; not a probability.,False,True,True,False,False,False,False
W-001007,COMPLETION,65.083195,HIGH,134,119,100,COMPLIANCE,32.0,Strongest actionable compliance result REVIEW/STRONG_WARNING under rule MPLADS-11.2-COMPLETION-UC.,PAYMENT_EXECUTION,19.657414,Capped payment/execution family: payment severity score 0.0; positive fund-progress score 98.287; persistence boost 10 points.,OPERATIONAL_TREND_CONTEXT,9.890511,state_name=Maharashtra|district=Maharashtra Demo District 2 context; strongest metric progress_report_count; signed robust z 59.356.,False,True,True,False,False,False,False
W-000904,COMPLETION,65.054362,HIGH,135,120,100,COMPLIANCE,32.0,Strongest actionable compliance result REVIEW/STRONG_WARNING under rule MPLADS-11.2-COMPLETION-UC.,PAYMENT_EXECUTION,12.0,Capped payment/execution family: payment severity score 60.0; positive fund-progress score 31.686; persistence boost 0 points.,OPERATIONAL_TREND_CONTEXT,8.375912,state_name=Odisha|district=Odisha Demo District 2|sector=Sanitation context; strongest metric progress_report_count; signed robust z 22.258.,False,True,True,False,False,False,False
W-000548,COMPLETION,64.918128,HIGH,136,121,100,COMPLIANCE,32.0,Strongest actionable compliance result REVIEW/STRONG_WARNING under rule MPLADS-11.2-COMPLETION-UC.,PAYMENT_EXECUTION,16.127285,Capped payment/execution family: payment severity score 0.0; positive fund-progress score 80.636; persistence boost 0 points.,OPERATIONAL_TREND_CONTEXT,6.021898,state_name=Rajasthan|district=Rajasthan Demo District 1|sector=Roads & Bridges context; strongest metric progress_report_count; signed robust z 13.153.,False,True,True,False,False,False,False
W-002335,COMPLETION,64.879135,HIGH,137,122,100,COMPLIANCE,32.0,Strongest actionable compliance result REVIEW/STRONG_WARNING under rule MPLADS-11.2-COMPLETION-UC.,PAYMENT_EXECUTION,18.72715,Capped payment/execution family: payment severity score 0.0; positive fund-progress score 93.636; persistence boost 0 points.,OPERATIONAL_TREND_CONTEXT,8.722628,state_name=Telangana|district=Telangana Demo District 3 context; strongest metric progress_report_count; signed robust z 25.766.,False,True,True,False,False,False,False
W-000545,COMPLETION,64.837948,HIGH,138,123,100,COMPLIANCE,32.0,Strongest actionable compliance result REVIEW/STRONG_WARNING under rule MPLADS-11.2-COMPLETION-UC.,PAYMENT_EXECUTION,16.438727,Capped payment/execution family: payment severity score 0.0; positive fund-progress score 82.194; persistence boost 0 points.,OPERATIONAL_TREND_CONTEXT,6.021898,state_name=Rajasthan|district=Rajasthan Demo District 1|sector=Roads & Bridges context; strongest metric progress_report_count; signed robust z 13.153.,False,True,True,False,False,False,False
W-001880,EXECUTION,64.772551,HIGH,139,16,100,PAYMENT_EXECUTION,22.100542,Capped payment/execution family: payment severity score 0.0; positive fund-progress score 88.402; persistence boost 10 points.,OBSERVED_CONDITIONS,19.077491,"Observed overdue=True (days=849.0, score=95.387); observed over sanction=False (overrun_pct=0.0, score=0.000).",ANOMALY,9.9375,Within-lifecycle statistical unusualness percentile 99.375; not a probability.,False,False,False,False,True,False,True
W-002750,COMPLETION,64.74665,HIGH,140,124,100,COMPLIANCE,32.0,Strongest actionable compliance result REVIEW/STRONG_WARNING under rule MPLADS-11.2-COMPLETION-UC.,PAYMENT_EXECUTION,18.222072,Capped payment/execution family: payment severity score 0.0; positive fund-progress score 91.110; persistence boost 10 points.,OPERATIONAL_TREND_CONTEXT,8.138686,state_name=Maharashtra|district=Maharashtra Demo District 1|sector=Health context; strongest metric progress_report_count; signed robust z 20.910.,False,True,True,False,False,False,False
W-001794,COMPLETION,64.657629,HIGH,141,125,100,COMPLIANCE,32.0,Strongest actionable compliance result REVIEW/STRONG_WARNING under rule MPLADS-11.2-COMPLETION-UC.,PAYMENT_EXECUTION,18.601219,Capped payment/execution family: payment severity score 0.0; positive fund-progress score 93.006; persistence boost 10 points.,OPERATIONAL_TREND_CONTEXT,8.375912,state_name=Karnataka|district=Karnataka Demo District 2|sector=Sanitation context; strongest metric progress_report_count; signed robust z 22.258.,False,True,True,False,False,False,False
W-000749,COMPLETION,64.647041,HIGH,142,126,100,COMPLIANCE,32.0,Strongest actionable compliance result REVIEW/STRONG_WARNING under rule MPLADS-11.2-COMPLETION-UC.,PAYMENT_EXECUTION,18.903182,Capped payment/execution family: payment severity score 0.0; positive fund-progress score 94.516; persistence boost 0 points.,OPERATIONAL_TREND_CONTEXT,9.416058,state_name=Andhra Pradesh|district=Andhra Pradesh Demo District 2|sector=Renewable Energy context; strongest metric progress_report_count; signed robust z 33.050.,False,True,True,False,False,False,False
W-002556,COMPLETION,64.643118,HIGH,143,127,100,COMPLIANCE,32.0,Strongest actionable compliance result REVIEW/STRONG_WARNING under rule MPLADS-11.2-COMPLETION-UC.,PAYMENT_EXECUTION,18.993907,Capped payment/execution family: payment severity score 0.0; positive fund-progress score 94.970; persistence boost 10 points.,ANOMALY,7.481328,Within-lifecycle statistical unusualness percentile 93.517; not a probability.,False,True,True,False,False,False,False
W-000781,COMPLETION,64.616455,HIGH,144,128,100,COMPLIANCE,32.0,Strongest actionable compliance result REVIEW/STRONG_WARNING under rule MPLADS-11.2-COMPLETION-UC.,PAYMENT_EXECUTION,20.0,Capped payment/execution family: payment severity score 60.0; positive fund-progress score 100.000; persistence boost 10 points.,OPERATIONAL_TREND_CONTEXT,6.952555,state_name=Karnataka|district=Karnataka Demo District 4|sector=Education context; strongest metric progress_report_count; signed robust z 15.514.,False,True,True,False,False,False,False
W-001838,COMPLETION,64.46364,HIGH,145,129,100,COMPLIANCE,32.0,Strongest actionable compliance result REVIEW/STRONG_WARNING under rule MPLADS-11.2-COMPLETION-UC.,PAYMENT_EXECUTION,20.0,Capped payment/execution family: payment severity score 0.0; positive fund-progress score 100.000; persistence boost 10 points.,OPERATIONAL_TREND_CONTEXT,7.189781,state_name=Rajasthan|district=Rajasthan Demo District 4 context; strongest metric progress_report_count; signed robust z 16.778.,False,True,True,False,False,False,False
W-001301,COMPLETION,64.459439,HIGH,146,130,100,COMPLIANCE,32.0,Strongest actionable compliance result REVIEW/STRONG_WARNING under rule MPLADS-11.2-COMPLETION-UC.,PAYMENT_EXECUTION,11.763033,Capped payment/execution family: payment severity score 0.0; positive fund-progress score 58.815; persistence boost 10 points.,OPERATIONAL_TREND_CONTEXT,7.189781,state_name=Rajasthan|district=Rajasthan Demo District 4 context; strongest metric progress_report_count; signed robust z 16.778.,False,True,True,False,False,False,False
W-001706,COMPLETION,64.425266,HIGH,147,131,100,COMPLIANCE,32.0,Strongest actionable compliance result REVIEW/STRONG_WARNING under rule MPLADS-11.2-COMPLETION-UC.,PAYMENT_EXECUTION,20.0,Capped payment/execution family: payment severity score 0.0; positive fund-progress score 100.000; persistence boost 10 points.,OPERATIONAL_TREND_CONTEXT,7.591241,state_name=Telangana|district=Telangana Demo District 2|sector=Education context; strongest metric progress_report_count; signed robust z 18.212.,False,True,True,False,False,False,False
W-001359,COMPLETION,64.421716,HIGH,148,132,100,COMPLIANCE,32.0,Strongest actionable compliance result REVIEW/STRONG_WARNING under rule MPLADS-11.2-COMPLETION-UC.,PAYMENT_EXECUTION,20.0,Capped payment/execution family: payment severity score 0.0; positive fund-progress score 100.000; persistence boost 10 points.,PEER_DEVIATION,5.592689,1 peer-outlier metric(s); strongest financial_overrun_pct_as_of has absolute robust deviation 11.193.,False,True,True,False,False,False,False
W-000237,COMPLETION,64.417879,HIGH,149,133,100,COMPLIANCE,32.0,Strongest actionable compliance result REVIEW/STRONG_WARNING under rule MPLADS-11.2-COMPLETION-UC.,PAYMENT_EXECUTION,16.292485,Capped payment/execution family: payment severity score 0.0; positive fund-progress score 81.462; persistence boost 10 points.,OPERATIONAL_TREND_CONTEXT,8.649635,state_name=Maharashtra|district=Maharashtra Demo District 2|sector=Sanitation context; strongest metric progress_report_count; signed robust z 24.956.,False,True,True,False,False,False,False
W-002340,COMPLETION,64.373557,HIGH,150,134,100,COMPLIANCE,32.0,Strongest actionable compliance result REVIEW/STRONG_WARNING under rule MPLADS-11.2-COMPLETION-UC.,DUPLICATE_REVIEW,14.303851,Corroborated Day-4.1 duplicate review candidate; best similarity score 95.359.,PAYMENT_EXECUTION,12.0,Capped payment/execution family: payment severity score 60.0; positive fund-progress score 0.000; persistence boost 0 points.,True,True,True,False,False,False,False
W-002558,COMPLETION,64.361344,HIGH,151,135,100,COMPLIANCE,32.0,Strongest actionable compliance result REVIEW/STRONG_WARNING under rule MPLADS-11.2-COMPLETION-UC.,PAYMENT_EXECUTION,19.061611,Capped payment/execution family: payment severity score 60.0; positive fund-progress score 95.308; persistence boost 10 points.,OPERATIONAL_TREND_CONTEXT,6.021898,state_name=Rajasthan|district=Rajasthan Demo District 1|sector=Roads & Bridges context; strongest metric progress_report_count; signed robust z 13.153.,False,True,True,False,False,False,False
W-001292,COMPLETION,64.308446,HIGH,152,136,100,COMPLIANCE,32.0,Strongest actionable compliance result REVIEW/STRONG_WARNING under rule MPLADS-11.2-COMPLETION-UC.,DUPLICATE_REVIEW,14.015665,Corroborated Day-4.1 duplicate review candidate; best similarity score 93.438.,PAYMENT_EXECUTION,9.813135,Capped payment/execution family: payment severity score 0.0; positive fund-progress score 49.066; persistence boost 10 points.,True,True,True,False,False,False,False
W-002806,COMPLETION,64.283654,HIGH,153,137,100,COMPLIANCE,32.0,Strongest actionable compliance result REVIEW/STRONG_WARNING under rule MPLADS-11.2-COMPLETION-UC.,PAYMENT_EXECUTION,18.578199,Capped payment/execution family: payment severity score 0.0; positive fund-progress score 92.891; persistence boost 0 points.,OPERATIONAL_TREND_CONTEXT,6.952555,state_name=Odisha|district=Odisha Demo District 1|sector=Education context; strongest metric progress_report_count; signed robust z 15.514.,False,True,True,False,False,False,False
W-000885,COMPLETION,64.279876,HIGH,154,138,100,COMPLIANCE,32.0,Strongest actionable compliance result REVIEW/STRONG_WARNING under rule MPLADS-11.2-COMPLETION-UC.,PAYMENT_EXECUTION,19.549086,Capped payment/execution family: payment severity score 0.0; positive fund-progress score 97.745; persistence boost 10 points.,OPERATIONAL_TREND_CONTEXT,8.99635,state_name=Andhra Pradesh|district=Andhra Pradesh Demo District 2|sector=Health context; strongest metric progress_report_count; signed robust z 29.003.,False,True,True,False,False,False,False
W-002458,COMPLETION,64.180453,HIGH,155,139,100,COMPLIANCE,32.0,Strongest actionable compliance result REVIEW/STRONG_WARNING under rule MPLADS-11.2-COMPLETION-UC.,PAYMENT_EXECUTION,20.0,Capped payment/execution family: payment severity score 0.0; positive fund-progress score 100.000; persistence boost 10 points.,OPERATIONAL_TREND_CONTEXT,7.591241,state_name=Telangana|district=Telangana Demo District 2|sector=Education context; strongest metric progress_report_count; signed robust z 18.212.,False,True,True,False,False,False,False
W-002545,EXECUTION,64.145504,HIGH,156,17,100,PAYMENT_EXECUTION,25.0,Capped payment/execution family: payment severity score 0.0; positive fund-progress score 100.000; persistence boost 10 points.,OBSERVED_CONDITIONS,17.368421,"Observed overdue=False (days=0.0, score=0.000); observed over sanction=True (overrun_pct=33.7246963562753, score=86.842).",ANOMALY,9.8,Within-lifecycle statistical unusualness percentile 98.000; not a probability.,False,True,False,False,False,True,True
W-000301,COMPLETION,64.134204,HIGH,157,140,100,COMPLIANCE,32.0,Strongest actionable compliance result REVIEW/STRONG_WARNING under rule MPLADS-11.2-COMPLETION-UC.,PAYMENT_EXECUTION,20.0,Capped payment/execution family: payment severity score 0.0; positive fund-progress score 100.000; persistence boost 10 points.,ANOMALY,6.659751,Within-lifecycle statistical unusualness percentile 83.247; not a probability.,False,True,True,False,False,False,False
W-000907,COMPLETION,64.124599,HIGH,158,141,100,COMPLIANCE,32.0,Strongest actionable compliance result REVIEW/STRONG_WARNING under rule MPLADS-11.2-COMPLETION-UC.,PAYMENT_EXECUTION,16.691943,Capped payment/execution family: payment severity score 0.0; positive fund-progress score 83.460; persistence boost 10 points.,OPERATIONAL_TREND_CONTEXT,9.416058,state_name=Andhra Pradesh|district=Andhra Pradesh Demo District 2|sector=Renewable Energy context; strongest metric progress_report_count; signed robust z 33.050.,False,True,True,False,False,False,False
W-001568,COMPLETION,64.115395,HIGH,159,142,100,COMPLIANCE,32.0,Strongest actionable compliance result REVIEW/STRONG_WARNING under rule MPLADS-11.2-COMPLETION-UC.,PAYMENT_EXECUTION,20.0,Capped payment/execution family: payment severity score 0.0; positive fund-progress score 100.000; persistence boost 10 points.,OPERATIONAL_TREND_CONTEXT,8.248175,state_name=Odisha|district=Odisha Demo District 4 context; strongest metric progress_report_count; signed robust z 21.696.,False,True,True,False,False,False,False
W-001032,EXECUTION,64.051101,HIGH,160,18,100,OBSERVED_CONDITIONS,19.815498,"Observed overdue=True (days=925.0, score=99.077); observed over sanction=False (overrun_pct=0.0, score=0.000).",PAYMENT_EXECUTION,15.0,Capped payment/execution family: payment severity score 60.0; positive fund-progress score 31.733; persistence boost 10 points.,ANOMALY,9.7625,Within-lifecycle statistical unusualness percentile 97.625; not a probability.,False,True,True,False,True,False,True
W-002205,COMPLETION,64.019292,HIGH,161,143,100,COMPLIANCE,32.0,Strongest actionable compliance result REVIEW/STRONG_WARNING under rule MPLADS-11.2-COMPLETION-UC.,PAYMENT_EXECUTION,11.117129,Capped payment/execution family: payment severity score 0.0; positive fund-progress score 55.586; persistence boost 0 points.,OPERATIONAL_TREND_CONTEXT,7.591241,state_name=Karnataka|district=Karnataka Demo District 2|sector=Drinking Water context; strongest metric progress_report_count; signed robust z 18.212.,False,True,True,False,False,False,False
W-000266,COMPLETION,64.016701,HIGH,162,144,100,COMPLIANCE,32.0,Strongest actionable compliance result REVIEW/STRONG_WARNING under rule MPLADS-11.2-COMPLETION-UC.,PAYMENT_EXECUTION,15.635748,Capped payment/execution family: payment severity score 0.0; positive fund-progress score 78.179; persistence boost 10 points.,ANOMALY,7.93361,Within-lifecycle statistical unusualness percentile 99.170; not a probability.,False,True,True,False,False,False,False
W-002310,COMPLETION,63.922165,HIGH,163,145,100,COMPLIANCE,32.0,Strongest actionable compliance result REVIEW/STRONG_WARNING under rule MPLADS-11.2-COMPLETION-UC.,PAYMENT_EXECUTION,18.334462,Capped payment/execution family: payment severity score 0.0; positive fund-progress score 91.672; persistence boost 0 points.,ANOMALY,6.539419,Within-lifecycle statistical unusualness percentile 81.743; not a probability.,False,True,True,False,False,False,False
W-000790,COMPLETION,63.902685,HIGH,164,146,100,COMPLIANCE,32.0,Strongest actionable compliance result REVIEW/STRONG_WARNING under rule MPLADS-11.2-COMPLETION-UC.,PAYMENT_EXECUTION,18.618822,Capped payment/execution family: payment severity score 0.0; positive fund-progress score 93.094; persistence boost 0 points.,ANOMALY,6.655602,Within-lifecycle statistical unusualness percentile 83.195; not a probability.,False,True,True,False,False,False,False
W-001861,COMPLETION,63.895939,HIGH,165,147,100,COMPLIANCE,32.0,Strongest actionable compliance result REVIEW/STRONG_WARNING under rule MPLADS-11.2-COMPLETION-UC.,PAYMENT_EXECUTION,16.211239,Capped payment/execution family: payment severity score 0.0; positive fund-progress score 81.056; persistence boost 10 points.,OPERATIONAL_TREND_CONTEXT,9.416058,state_name=Andhra Pradesh|district=Andhra Pradesh Demo District 2|sector=Renewable Energy context; strongest metric progress_report_count; signed robust z 33.050.,False,True,True,False,False,False,False
W-000582,COMPLETION,63.894372,HIGH,166,148,100,COMPLIANCE,32.0,Strongest actionable compliance result REVIEW/STRONG_WARNING under rule MPLADS-11.2-COMPLETION-UC.,PAYMENT_EXECUTION,20.0,Capped payment/execution family: payment severity score 0.0; positive fund-progress score 100.000; persistence boost 10 points.,OPERATIONAL_TREND_CONTEXT,7.135036,state_name=Andhra Pradesh|district=Andhra Pradesh Demo District 3|sector=Health context; strongest metric progress_report_count; signed robust z 16.188.,False,True,True,False,False,False,False
W-000302,EXECUTION,63.855158,HIGH,167,19,100,PAYMENT_EXECUTION,24.080907,Capped payment/execution family: payment severity score 0.0; positive fund-progress score 96.324; persistence boost 10 points.,OBSERVED_CONDITIONS,19.114391,"Observed overdue=True (days=856.0, score=95.572); observed over sanction=False (overrun_pct=0.0, score=0.000).",PEER_DEVIATION,9.497041,2 peer-outlier metric(s); strongest days_since_last_payment_as_of has absolute robust deviation 32.574.,False,False,False,False,True,False,True
W-002519,COMPLETION,63.852064,HIGH,168,149,100,COMPLIANCE,32.0,Strongest actionable compliance result REVIEW/STRONG_WARNING under rule MPLADS-11.2-COMPLETION-UC.,PAYMENT_EXECUTION,19.616791,Capped payment/execution family: payment severity score 0.0; positive fund-progress score 98.084; persistence boost 10 points.,OPERATIONAL_TREND_CONTEXT,9.160584,state_name=Karnataka|district=Karnataka Demo District 1|sector=Sports context; strongest metric progress_report_count; signed robust z 30.352.,False,True,True,False,False,False,False
W-000493,COMPLETION,63.787946,HIGH,169,150,100,COMPLIANCE,32.0,Strongest actionable compliance result REVIEW/STRONG_WARNING under rule MPLADS-11.2-COMPLETION-UC.,PAYMENT_EXECUTION,18.30738,Capped payment/execution family: payment severity score 0.0; positive fund-progress score 91.537; persistence boost 0 points.,ANOMALY,6.323651,Within-lifecycle statistical unusualness percentile 79.046; not a probability.,False,True,True,False,False,False,False
W-002468,COMPLETION,63.713122,HIGH,170,151,100,COMPLIANCE,32.0,Strongest actionable compliance result REVIEW/STRONG_WARNING under rule MPLADS-11.2-COMPLETION-UC.,PAYMENT_EXECUTION,15.581584,Capped payment/execution family: payment severity score 60.0; positive fund-progress score 77.908; persistence boost 10 points.,OPERATIONAL_TREND_CONTEXT,9.160584,state_name=Maharashtra|district=Maharashtra Demo District 1|sector=Community Infrastructure context; strongest metric progress_report_count; signed robust z 30.352.,False,True,True,False,False,False,False
W-001448,COMPLETION,63.706184,HIGH,171,152,100,COMPLIANCE,32.0,Strongest actionable compliance result REVIEW/STRONG_WARNING under rule MPLADS-11.2-COMPLETION-UC.,PAYMENT_EXECUTION,18.709546,Capped payment/execution family: payment severity score 0.0; positive fund-progress score 93.548; persistence boost 10 points.,OPERATIONAL_TREND_CONTEXT,6.751825,state_name=Telangana|district=Telangana Demo District 1|sector=Health context; strongest metric progress_report_count; signed robust z 14.839.,False,True,True,False,False,False,False
W-002064,COMPLETION,63.662297,HIGH,172,153,100,COMPLIANCE,32.0,Strongest actionable compliance result REVIEW/STRONG_WARNING under rule MPLADS-11.2-COMPLETION-UC.,PAYMENT_EXECUTION,11.830738,Capped payment/execution family: payment severity score 0.0; positive fund-progress score 59.154; persistence boost 10 points.,ANOMALY,7.302905,Within-lifecycle statistical unusualness percentile 91.286; not a probability.,False,True,True,False,False,False,False
W-000474,COMPLETION,63.640488,HIGH,173,154,100,COMPLIANCE,32.0,Strongest actionable compliance result REVIEW/STRONG_WARNING under rule MPLADS-11.2-COMPLETION-UC.,PAYMENT_EXECUTION,20.0,Capped payment/execution family: payment severity score 0.0; positive fund-progress score 100.000; persistence boost 10 points.,OPERATIONAL_TREND_CONTEXT,8.686131,state_name=Rajasthan|district=Rajasthan Demo District 2 context; strongest metric progress_report_count; signed robust z 25.631.,False,True,True,False,False,False,False
W-002977,COMPLETION,63.637329,HIGH,174,155,100,COMPLIANCE,32.0,Strongest actionable compliance result REVIEW/STRONG_WARNING under rule MPLADS-11.2-COMPLETION-UC.,PAYMENT_EXECUTION,17.693974,Capped payment/execution family: payment severity score 0.0; positive fund-progress score 88.470; persistence boost 10 points.,OPERATIONAL_TREND_CONTEXT,7.244526,state_name=Odisha|district=Odisha Demo District 1|sector=Roads & Bridges context; strongest metric progress_report_count; signed robust z 16.863.,False,True,True,False,False,False,False
W-000900,COMPLETION,63.615841,HIGH,175,156,100,COMPLIANCE,32.0,Strongest actionable compliance result REVIEW/STRONG_WARNING under rule MPLADS-11.2-COMPLETION-UC.,PAYMENT_EXECUTION,15.572106,Capped payment/execution family: payment severity score 0.0; positive fund-progress score 77.861; persistence boost 0 points.,OPERATIONAL_TREND_CONTEXT,8.832117,state_name=Andhra Pradesh|district=Andhra Pradesh Demo District 1 context; strongest metric progress_report_count; signed robust z 26.440.,False,True,True,False,False,False,False
W-001520,COMPLETION,63.579805,HIGH,176,157,100,COMPLIANCE,32.0,Strongest actionable compliance result REVIEW/STRONG_WARNING under rule MPLADS-11.2-COMPLETION-UC.,PAYMENT_EXECUTION,12.0,Capped payment/execution family: payment severity score 60.0; positive fund-progress score 0.000; persistence boost 0 points.,OPERATIONAL_TREND_CONTEXT,8.722628,state_name=Telangana|district=Telangana Demo District 3 context; strongest metric progress_report_count; signed robust z 25.766.,False,True,True,False,False,False,False
W-001809,COMPLETION,63.569353,HIGH,177,158,100,COMPLIANCE,32.0,Strongest actionable compliance result REVIEW/STRONG_WARNING under rule MPLADS-11.2-COMPLETION-UC.,PAYMENT_EXECUTION,18.262695,Capped payment/execution family: payment severity score 0.0; positive fund-progress score 91.313; persistence boost 10 points.,OPERATIONAL_TREND_CONTEXT,5.328467,state_name=Andhra Pradesh|district=Andhra Pradesh Demo District 1|sector=Drinking Water context; strongest metric progress_report_count; signed robust z 11.466.,False,True,True,False,False,False,False
W-000706,COMPLETION,63.518393,HIGH,178,159,100,COMPLIANCE,32.0,Strongest actionable compliance result REVIEW/STRONG_WARNING under rule MPLADS-11.2-COMPLETION-UC.,PAYMENT_EXECUTION,9.735951,Capped payment/execution family: payment severity score 0.0; positive fund-progress score 48.680; persistence boost 0 points.,OPERATIONAL_TREND_CONTEXT,8.521898,state_name=Odisha|district=Odisha Demo District 4|sector=Health context; strongest metric progress_report_count; signed robust z 22.933.,False,True,True,False,False,False,False
W-000091,COMPLETION,63.518075,HIGH,179,160,100,COMPLIANCE,32.0,Strongest actionable compliance result REVIEW/STRONG_WARNING under rule MPLADS-11.2-COMPLETION-UC.,PAYMENT_EXECUTION,15.452945,Capped payment/execution family: payment severity score 0.0; positive fund-progress score 77.265; persistence boost 10 points.,OPERATIONAL_TREND_CONTEXT,6.952555,state_name=Rajasthan|district=Rajasthan Demo District 1|sector=Sanitation context; strongest metric progress_report_count; signed robust z 15.514.,False,True,True,False,False,False,False
W-001963,COMPLETION,63.468005,HIGH,180,161,100,COMPLIANCE,32.0,Strongest actionable compliance result REVIEW/STRONG_WARNING under rule MPLADS-11.2-COMPLETION-UC.,PAYMENT_EXECUTION,15.619499,Capped payment/execution family: payment severity score 0.0; positive fund-progress score 78.097; persistence boost 0 points.,ANOMALY,7.522822,Within-lifecycle statistical unusualness percentile 94.035; not a probability.,False,True,True,False,False,False,False
W-002716,COMPLETION,63.315816,HIGH,181,162,100,COMPLIANCE,32.0,Strongest actionable compliance result REVIEW/STRONG_WARNING under rule MPLADS-11.2-COMPLETION-UC.,PAYMENT_EXECUTION,16.678402,Capped payment/execution family: payment severity score 0.0; positive fund-progress score 83.392; persistence boost 10 points.,OPERATIONAL_TREND_CONTEXT,8.193431,state_name=Telangana|district=Telangana Demo District 1|sector=Sanitation context; strongest metric progress_report_count; signed robust z 21.584.,False,True,True,False,False,False,False
W-002014,COMPLETION,63.285492,HIGH,182,163,100,COMPLIANCE,32.0,Strongest actionable compliance result REVIEW/STRONG_WARNING under rule MPLADS-11.2-COMPLETION-UC.,PAYMENT_EXECUTION,19.400135,Capped payment/execution family: payment severity score 0.0; positive fund-progress score 97.001; persistence boost 10 points.,OPERATIONAL_TREND_CONTEXT,6.167883,state_name=Rajasthan|district=Rajasthan Demo District 3|sector=Sanitation context; strongest metric progress_report_count; signed robust z 13.490.,False,True,True,False,False,False,False
W-002670,COMPLETION,63.228035,HIGH,183,164,100,COMPLIANCE,32.0,Strongest actionable compliance result REVIEW/STRONG_WARNING under rule MPLADS-11.2-COMPLETION-UC.,PAYMENT_EXECUTION,18.849018,Capped payment/execution family: payment severity score 60.0; positive fund-progress score 94.245; persistence boost 0 points.,ANOMALY,6.904564,Within-lifecycle statistical unusualness percentile 86.307; not a probability.,False,True,True,False,False,False,False
W-002314,COMPLETION,63.1995,HIGH,184,165,100,COMPLIANCE,32.0,Strongest actionable compliance result REVIEW/STRONG_WARNING under rule MPLADS-11.2-COMPLETION-UC.,PAYMENT_EXECUTION,16.021666,Capped payment/execution family: payment severity score 0.0; positive fund-progress score 80.108; persistence boost 10 points.,OPERATIONAL_TREND_CONTEXT,8.99635,state_name=Andhra Pradesh|district=Andhra Pradesh Demo District 2|sector=Health context; strongest metric progress_report_count; signed robust z 29.003.,False,True,True,False,False,False,False
W-001238,COMPLETION,63.196647,HIGH,185,166,100,COMPLIANCE,32.0,Strongest actionable compliance result REVIEW/STRONG_WARNING under rule MPLADS-11.2-COMPLETION-UC.,PAYMENT_EXECUTION,19.034529,Capped payment/execution family: payment severity score 0.0; positive fund-progress score 95.173; persistence boost 10 points.,OPERATIONAL_TREND_CONTEXT,8.029197,state_name=Odisha|district=Odisha Demo District 2 context; strongest metric progress_report_count; signed robust z 20.347.,False,True,True,False,False,False,False
W-002167,COMPLETION,63.176104,HIGH,186,167,100,COMPLIANCE,32.0,Strongest actionable compliance result REVIEW/STRONG_WARNING under rule MPLADS-11.2-COMPLETION-UC.,PAYMENT_EXECUTION,16.529452,Capped payment/execution family: payment severity score 60.0; positive fund-progress score 82.647; persistence boost 10 points.,OPERATIONAL_TREND_CONTEXT,7.974453,state_name=Telangana|district=Telangana Demo District 3|sector=Sanitation context; strongest metric progress_report_count; signed robust z 20.235.,False,True,True,False,False,False,False
W-002449,COMPLETION,63.152254,HIGH,187,168,100,COMPLIANCE,32.0,Strongest actionable compliance result REVIEW/STRONG_WARNING under rule MPLADS-11.2-COMPLETION-UC.,PAYMENT_EXECUTION,18.276236,Capped payment/execution family: payment severity score 0.0; positive fund-progress score 91.381; persistence boost 10 points.,OPERATIONAL_TREND_CONTEXT,8.99635,state_name=Andhra Pradesh|district=Andhra Pradesh Demo District 2|sector=Health context; strongest metric progress_report_count; signed robust z 29.003.,False,True,True,False,False,False,False
W-001294,COMPLETION,63.141669,HIGH,188,169,100,COMPLIANCE,32.0,Strongest actionable compliance result REVIEW/STRONG_WARNING under rule MPLADS-11.2-COMPLETION-UC.,PAYMENT_EXECUTION,15.79824,Capped payment/execution family: payment severity score 0.0; positive fund-progress score 78.991; persistence boost 10 points.,OPERATIONAL_TREND_CONTEXT,8.613139,state_name=Odisha|district=Odisha Demo District 3|sector=Sanitation context; strongest metric progress_report_count; signed robust z 23.607.,False,True,True,False,False,False,False
W-000976,COMPLETION,63.100362,HIGH,189,170,100,COMPLIANCE,32.0,Strongest actionable compliance result REVIEW/STRONG_WARNING under rule MPLADS-11.2-COMPLETION-UC.,PAYMENT_EXECUTION,14.423832,Capped payment/execution family: payment severity score 0.0; positive fund-progress score 72.119; persistence boost 10 points.,OPERATIONAL_TREND_CONTEXT,9.635036,state_name=Karnataka|district=Karnataka Demo District 3 context; strongest metric progress_report_count; signed robust z 37.435.,False,True,True,False,False,False,False
W-001604,COMPLETION,63.068657,HIGH,190,171,100,COMPLIANCE,32.0,Strongest actionable compliance result REVIEW/STRONG_WARNING under rule MPLADS-11.2-COMPLETION-UC.,PAYMENT_EXECUTION,13.780636,Capped payment/execution family: payment severity score 0.0; positive fund-progress score 68.903; persistence boost 10 points.,OPERATIONAL_TREND_CONTEXT,8.649635,state_name=Maharashtra|district=Maharashtra Demo District 2|sector=Sanitation context; strongest metric progress_report_count; signed robust z 24.956.,False,True,True,False,False,False,False
W-000574,COMPLETION,63.066774,HIGH,191,172,100,COMPLIANCE,32.0,Strongest actionable compliance result REVIEW/STRONG_WARNING under rule MPLADS-11.2-COMPLETION-UC.,PAYMENT_EXECUTION,12.0,Capped payment/execution family: payment severity score 60.0; positive fund-progress score 36.493; persistence boost 0 points.,OPERATIONAL_TREND_CONTEXT,9.160584,state_name=Maharashtra|district=Maharashtra Demo District 1|sector=Community Infrastructure context; strongest metric progress_report_count; signed robust z 30.352.,False,True,True,False,False,False,False
W-000890,COMPLETION,63.062603,HIGH,192,173,100,COMPLIANCE,32.0,Strongest actionable compliance result REVIEW/STRONG_WARNING under rule MPLADS-11.2-COMPLETION-UC.,PAYMENT_EXECUTION,19.846987,Capped payment/execution family: payment severity score 0.0; positive fund-progress score 99.235; persistence boost 10 points.,ANOMALY,7.46888,Within-lifecycle statistical unusualness percentile 93.361; not a probability.,False,True,True,False,False,False,False
W-001000,COMPLETION,63.061689,HIGH,193,174,100,COMPLIANCE,32.0,Strongest actionable compliance result REVIEW/STRONG_WARNING under rule MPLADS-11.2-COMPLETION-UC.,PAYMENT_EXECUTION,19.237644,Capped payment/execution family: payment severity score 0.0; positive fund-progress score 96.188; persistence boost 10 points.,OPERATIONAL_TREND_CONTEXT,8.375912,state_name=Odisha|district=Odisha Demo District 1|sector=Drinking Water context; strongest metric progress_report_count; signed robust z 22.258.,False,True,True,False,False,False,False
W-002961,EXECUTION,63.049404,HIGH,194,20,100,PAYMENT_EXECUTION,25.0,Capped payment/execution family: payment severity score 0.0; positive fund-progress score 100.000; persistence boost 10 points.,OBSERVED_CONDITIONS,17.631579,"Observed overdue=False (days=0.0, score=0.000); observed over sanction=True (overrun_pct=35.26570048309179, score=88.158).",ANOMALY,9.775,Within-lifecycle statistical unusualness percentile 97.750; not a probability.,False,True,False,False,False,True,True
W-000544,COMPLETION,63.036219,HIGH,195,175,100,COMPLIANCE,32.0,Strongest actionable compliance result REVIEW/STRONG_WARNING under rule MPLADS-11.2-COMPLETION-UC.,PAYMENT_EXECUTION,12.0,Capped payment/execution family: payment severity score 60.0; positive fund-progress score 0.000; persistence boost 0 points.,OPERATIONAL_TREND_CONTEXT,8.99635,state_name=Telangana|district=Telangana Demo District 2|sector=Renewable Energy context; strongest metric progress_report_count; signed robust z 29.003.,False,True,True,False,False,False,False
W-002336,COMPLETION,63.00016,HIGH,196,176,100,COMPLIANCE,32.0,Strongest actionable compliance result REVIEW/STRONG_WARNING under rule MPLADS-11.2-COMPLETION-UC.,PAYMENT_EXECUTION,17.748138,Capped payment/execution family: payment severity score 0.0; positive fund-progress score 88.741; persistence boost 10 points.,OPERATIONAL_TREND_CONTEXT,7.189781,state_name=Rajasthan|district=Rajasthan Demo District 4 context; strongest metric progress_report_count; signed robust z 16.778.,False,True,True,False,False,False,False
W-001407,COMPLETION,62.983962,HIGH,197,177,100,COMPLIANCE,32.0,Strongest actionable compliance result REVIEW/STRONG_WARNING under rule MPLADS-11.2-COMPLETION-UC.,PAYMENT_EXECUTION,20.0,Capped payment/execution family: payment severity score 0.0; positive fund-progress score 100.000; persistence boost 10 points.,PEER_DEVIATION,5.556136,1 peer-outlier metric(s); strongest financial_overrun_pct_as_of has absolute robust deviation 11.016.,False,True,True,False,False,False,False
W-001198,COMPLETION,62.971884,HIGH,198,178,100,COMPLIANCE,32.0,Strongest actionable compliance result REVIEW/STRONG_WARNING under rule MPLADS-11.2-COMPLETION-UC.,PAYMENT_EXECUTION,16.560596,Capped payment/execution family: payment severity score 0.0; positive fund-progress score 82.803; persistence boost 0 points.,OPERATIONAL_TREND_CONTEXT,8.99635,state_name=Telangana|district=Telangana Demo District 2|sector=Renewable Energy context; strongest metric progress_report_count; signed robust z 29.003.,False,True,True,False,False,False,False
W-001497,COMPLETION,62.965458,HIGH,199,179,100,COMPLIANCE,32.0,Strongest actionable compliance result REVIEW/STRONG_WARNING under rule MPLADS-11.2-COMPLETION-UC.,PAYMENT_EXECUTION,17.125254,Capped payment/execution family: payment severity score 0.0; positive fund-progress score 85.626; persistence boost 10 points.,OPERATIONAL_TREND_CONTEXT,7.591241,state_name=Karnataka|district=Karnataka Demo District 2|sector=Drinking Water context; strongest metric progress_report_count; signed robust z 18.212.,False,True,True,False,False,False,False
W-002973,COMPLETION,62.949273,HIGH,200,180,100,COMPLIANCE,32.0,Strongest actionable compliance result REVIEW/STRONG_WARNING under rule MPLADS-11.2-COMPLETION-UC.,DUPLICATE_REVIEW,14.341585,Corroborated Day-4.1 duplicate review candidate; best similarity score 95.611.,OPERATIONAL_TREND_CONTEXT,9.160584,state_name=Maharashtra|district=Maharashtra Demo District 1|sector=Community Infrastructure context; strongest metric progress_report_count; signed robust z 30.352.,True,False,True,False,False,False,False
W-000712,COMPLETION,62.91755,HIGH,201,181,100,COMPLIANCE,32.0,Strongest actionable compliance result REVIEW/STRONG_WARNING under rule MPLADS-11.2-COMPLETION-UC.,PAYMENT_EXECUTION,12.0,Capped payment/execution family: payment severity score 60.0; positive fund-progress score 11.104; persistence boost 0 points.,ANOMALY,7.136929,Within-lifecycle statistical unusualness percentile 89.212; not a probability.,False,True,True,False,False,False,False
W-002976,COMPLETION,62.873038,HIGH,202,182,100,COMPLIANCE,32.0,Strongest actionable compliance result REVIEW/STRONG_WARNING under rule MPLADS-11.2-COMPLETION-UC.,PAYMENT_EXECUTION,11.035884,Capped payment/execution family: payment severity score 0.0; positive fund-progress score 55.179; persistence boost 0 points.,OPERATIONAL_TREND_CONTEXT,7.919708,state_name=Maharashtra|district=Maharashtra Demo District 1|sector=Renewable Energy context; strongest metric progress_report_count; signed robust z 19.561.,False,True,True,False,False,False,False
W-001064,COMPLETION,62.815746,HIGH,203,183,100,COMPLIANCE,32.0,Strongest actionable compliance result REVIEW/STRONG_WARNING under rule MPLADS-11.2-COMPLETION-UC.,PAYMENT_EXECUTION,20.0,Capped payment/execution family: payment severity score 0.0; positive fund-progress score 100.000; persistence boost 10 points.,OPERATIONAL_TREND_CONTEXT,8.375912,state_name=Karnataka|district=Karnataka Demo District 2|sector=Sanitation context; strongest metric progress_report_count; signed robust z 22.258.,False,True,True,False,False,False,False
W-001715,COMPLETION,62.813709,HIGH,204,184,100,COMPLIANCE,32.0,Strongest actionable compliance result REVIEW/STRONG_WARNING under rule MPLADS-11.2-COMPLETION-UC.,PAYMENT_EXECUTION,19.88761,Capped payment/execution family: payment severity score 0.0; positive fund-progress score 99.438; persistence boost 10 points.,OPERATIONAL_TREND_CONTEXT,6.751825,state_name=Telangana|district=Telangana Demo District 1|sector=Health context; strongest metric progress_report_count; signed robust z 14.839.,False,True,True,False,False,False,False
W-001154,COMPLETION,62.801633,HIGH,205,185,100,COMPLIANCE,32.0,Strongest actionable compliance result REVIEW/STRONG_WARNING under rule MPLADS-11.2-COMPLETION-UC.,PAYMENT_EXECUTION,16.939743,Capped payment/execution family: payment severity score 0.0; positive fund-progress score 84.699; persistence boost 0 points.,OPERATIONAL_TREND_CONTEXT,7.372263,state_name=Telangana|district=Telangana Demo District 1|sector=Sports context; strongest metric progress_report_count; signed robust z 17.537.,False,True,True,False,False,False,False
W-002867,COMPLETION,62.795614,HIGH,206,186,100,COMPLIANCE,32.0,Strongest actionable compliance result REVIEW/STRONG_WARNING under rule MPLADS-11.2-COMPLETION-UC.,PAYMENT_EXECUTION,18.574137,Capped payment/execution family: payment severity score 0.0; positive fund-progress score 92.871; persistence boost 10 points.,ANOMALY,7.020747,Within-lifecycle statistical unusualness percentile 87.759; not a probability.,False,True,True,False,False,False,False
W-000327,COMPLETION,62.794272,HIGH,207,187,100,COMPLIANCE,32.0,Strongest actionable compliance result REVIEW/STRONG_WARNING under rule MPLADS-11.2-COMPLETION-UC.,PAYMENT_EXECUTION,20.0,Capped payment/execution family: payment severity score 0.0; positive fund-progress score 100.000; persistence boost 10 points.,ANOMALY,5.958506,Within-lifecycle statistical unusualness percentile 74.481; not a probability.,False,True,True,False,False,False,False
W-001184,COMPLETION,62.71447,HIGH,208,188,100,COMPLIANCE,32.0,Strongest actionable compliance result REVIEW/STRONG_WARNING under rule MPLADS-11.2-COMPLETION-UC.,PAYMENT_EXECUTION,17.314827,Capped payment/execution family: payment severity score 0.0; positive fund-progress score 86.574; persistence boost 10 points.,OPERATIONAL_TREND_CONTEXT,9.051095,state_name=Andhra Pradesh|district=Andhra Pradesh Demo District 3 context; strongest metric progress_report_count; signed robust z 29.172.,False,True,True,False,False,False,False
W-002244,COMPLETION,62.70371,HIGH,209,189,100,COMPLIANCE,32.0,Strongest actionable compliance result REVIEW/STRONG_WARNING under rule MPLADS-11.2-COMPLETION-UC.,PAYMENT_EXECUTION,19.7522,Capped payment/execution family: payment severity score 0.0; positive fund-progress score 98.761; persistence boost 10 points.,OPERATIONAL_TREND_CONTEXT,9.051095,state_name=Andhra Pradesh|district=Andhra Pradesh Demo District 3 context; strongest metric progress_report_count; signed robust z 29.172.,False,True,True,False,False,False,False
W-002011,COMPLETION,62.698157,HIGH,210,190,100,COMPLIANCE,32.0,Strongest actionable compliance result REVIEW/STRONG_WARNING under rule MPLADS-11.2-COMPLETION-UC.,PAYMENT_EXECUTION,19.359513,Capped payment/execution family: payment severity score 60.0; positive fund-progress score 96.798; persistence boost 10 points.,OPERATIONAL_TREND_CONTEXT,9.890511,state_name=Maharashtra|district=Maharashtra Demo District 2 context; strongest metric progress_report_count; signed robust z 59.356.,False,True,True,False,False,False,False
W-001100,COMPLETION,62.681635,HIGH,211,191,100,COMPLIANCE,32.0,Strongest actionable compliance result REVIEW/STRONG_WARNING under rule MPLADS-11.2-COMPLETION-UC.,PAYMENT_EXECUTION,19.955315,Capped payment/execution family: payment severity score 0.0; positive fund-progress score 99.777; persistence boost 10 points.,ANOMALY,5.892116,Within-lifecycle statistical unusualness percentile 73.651; not a probability.,False,True,True,False,False,False,False
W-000878,COMPLETION,62.660111,HIGH,212,192,100,COMPLIANCE,32.0,Strongest actionable compliance result REVIEW/STRONG_WARNING under rule MPLADS-11.2-COMPLETION-UC.,PAYMENT_EXECUTION,19.251185,Capped payment/execution family: payment severity score 0.0; positive fund-progress score 96.256; persistence boost 10 points.,ANOMALY,7.66805,Within-lifecycle statistical unusualness percentile 95.851; not a probability.,False,True,True,False,False,False,False
W-002253,COMPLETION,62.657366,HIGH,213,193,100,COMPLIANCE,32.0,Strongest actionable compliance result REVIEW/STRONG_WARNING under rule MPLADS-11.2-COMPLETION-UC.,PAYMENT_EXECUTION,18.551117,Capped payment/execution family: payment severity score 0.0; positive fund-progress score 92.756; persistence boost 0 points.,OPERATIONAL_TREND_CONTEXT,8.284672,state_name=Rajasthan|district=Rajasthan Demo District 1 context; strongest metric progress_report_count; signed robust z 22.146.,False,True,True,False,False,False,False
W-002859,EXECUTION,62.64457,HIGH,214,21,100,OBSERVED_CONDITIONS,17.490775,"Observed overdue=True (days=687.0, score=87.454); observed over sanction=False (overrun_pct=0.0, score=0.000).",PAYMENT_EXECUTION,15.0,Capped payment/execution family: payment severity score 60.0; positive fund-progress score 0.000; persistence boost 0 points.,ANOMALY,9.05,Within-lifecycle statistical unusualness percentile 90.500; not a probability.,False,True,True,False,True,False,True
W-001017,COMPLETION,62.62766,HIGH,215,194,100,COMPLIANCE,32.0,Strongest actionable compliance result REVIEW/STRONG_WARNING under rule MPLADS-11.2-COMPLETION-UC.,PAYMENT_EXECUTION,18.817874,Capped payment/execution family: payment severity score 0.0; positive fund-progress score 94.089; persistence boost 10 points.,PEER_DEVIATION,5.300261,1 peer-outlier metric(s); strongest financial_overrun_pct_as_of has absolute robust deviation 9.198.,False,True,True,False,False,False,False
W-000936,COMPLETION,62.590438,HIGH,216,195,100,COMPLIANCE,32.0,Strongest actionable compliance result REVIEW/STRONG_WARNING under rule MPLADS-11.2-COMPLETION-UC.,PAYMENT_EXECUTION,13.270142,Capped payment/execution family: payment severity score 0.0; positive fund-progress score 66.351; persistence boost 0 points.,ANOMALY,6.966805,Within-lifecycle statistical unusualness percentile 87.085; not a probability.,False,True,True,False,False,False,False
W-002159,COMPLETION,62.582928,HIGH,217,196,100,COMPLIANCE,32.0,Strongest actionable compliance result REVIEW/STRONG_WARNING under rule MPLADS-11.2-COMPLETION-UC.,PAYMENT_EXECUTION,18.452268,Capped payment/execution family: payment severity score 0.0; positive fund-progress score 92.261; persistence boost 10 points.,OPERATIONAL_TREND_CONTEXT,7.591241,state_name=Karnataka|district=Karnataka Demo District 2|sector=Drinking Water context; strongest metric progress_report_count; signed robust z 18.212.,False,True,True,False,False,False,False
W-001984,COMPLETION,62.575432,HIGH,218,197,100,COMPLIANCE,32.0,Strongest actionable compliance result REVIEW/STRONG_WARNING under rule MPLADS-11.2-COMPLETION-UC.,PAYMENT_EXECUTION,19.278267,Capped payment/execution family: payment severity score 0.0; positive fund-progress score 96.391; persistence boost 10 points.,OPERATIONAL_TREND_CONTEXT,8.193431,state_name=Telangana|district=Telangana Demo District 1|sector=Sanitation context; strongest metric progress_report_count; signed robust z 21.584.,False,True,True,False,False,False,False
W-001001,COMPLETION,62.561998,HIGH,219,198,100,COMPLIANCE,32.0,Strongest actionable compliance result REVIEW/STRONG_WARNING under rule MPLADS-11.2-COMPLETION-UC.,PAYMENT_EXECUTION,18.858497,Capped payment/execution family: payment severity score 60.0; positive fund-progress score 94.292; persistence boost 10 points.,OPERATIONAL_TREND_CONTEXT,7.135036,state_name=Andhra Pradesh|district=Andhra Pradesh Demo District 3|sector=Health context; strongest metric progress_report_count; signed robust z 16.188.,False,True,True,False,False,False,False
W-001171,COMPLETION,62.545916,HIGH,220,199,100,COMPLIANCE,32.0,Strongest actionable compliance result REVIEW/STRONG_WARNING under rule MPLADS-11.2-COMPLETION-UC.,PAYMENT_EXECUTION,20.0,Capped payment/execution family: payment severity score 0.0; positive fund-progress score 100.000; persistence boost 10 points.,OPERATIONAL_TREND_CONTEXT,6.952555,state_name=Karnataka|district=Karnataka Demo District 4|sector=Education context; strongest metric progress_report_count; signed robust z 15.514.,False,True,True,False,False,False,False
W-001586,COMPLETION,62.534474,HIGH,221,200,100,COMPLIANCE,32.0,Strongest actionable compliance result REVIEW/STRONG_WARNING under rule MPLADS-11.2-COMPLETION-UC.,PAYMENT_EXECUTION,18.89912,Capped payment/execution family: payment severity score 0.0; positive fund-progress score 94.496; persistence boost 10 points.,OPERATIONAL_TREND_CONTEXT,8.99635,state_name=Andhra Pradesh|district=Andhra Pradesh Demo District 2|sector=Health context; strongest metric progress_report_count; signed robust z 29.003.,False,True,True,False,False,False,False
W-002068,COMPLETION,62.461019,HIGH,222,201,100,COMPLIANCE,32.0,Strongest actionable compliance result REVIEW/STRONG_WARNING under rule MPLADS-11.2-COMPLETION-UC.,PAYMENT_EXECUTION,14.308734,Capped payment/execution family: payment severity score 60.0; positive fund-progress score 71.544; persistence boost 10 points.,OPERATIONAL_TREND_CONTEXT,9.160584,state_name=Maharashtra|district=Maharashtra Demo District 1|sector=Community Infrastructure context; strongest metric progress_report_count; signed robust z 30.352.,False,True,True,False,False,False,False
W-000913,EXECUTION,62.449511,HIGH,223,22,100,PAYMENT_EXECUTION,22.676032,Capped payment/execution family: payment severity score 0.0; positive fund-progress score 90.704; persistence boost 10 points.,OBSERVED_CONDITIONS,18.726937,"Observed overdue=True (days=815.0, score=93.635); observed over sanction=False (overrun_pct=0.0, score=0.000).",ANOMALY,9.85,Within-lifecycle statistical unusualness percentile 98.500; not a probability.,False,False,False,False,True,False,True
W-002369,COMPLETION,62.442893,HIGH,224,202,100,COMPLIANCE,32.0,Strongest actionable compliance result REVIEW/STRONG_WARNING under rule MPLADS-11.2-COMPLETION-UC.,PAYMENT_EXECUTION,20.0,Capped payment/execution family: payment severity score 0.0; positive fund-progress score 100.000; persistence boost 10 points.,OPERATIONAL_TREND_CONTEXT,7.189781,state_name=Rajasthan|district=Rajasthan Demo District 4 context; strongest metric progress_report_count; signed robust z 16.778.,False,True,True,False,False,False,False
W-000986,COMPLETION,62.435552,HIGH,225,203,100,COMPLIANCE,32.0,Strongest actionable compliance result REVIEW/STRONG_WARNING under rule MPLADS-11.2-COMPLETION-UC.,PAYMENT_EXECUTION,12.0,Capped payment/execution family: payment severity score 60.0; positive fund-progress score 20.359; persistence boost 10 points.,ANOMALY,6.80083,Within-lifecycle statistical unusualness percentile 85.010; not a probability.,False,True,True,False,False,False,False
W-001295,COMPLETION,62.424819,HIGH,226,204,100,COMPLIANCE,32.0,Strongest actionable compliance result REVIEW/STRONG_WARNING under rule MPLADS-11.2-COMPLETION-UC.,PAYMENT_EXECUTION,10.751523,Capped payment/execution family: payment severity score 0.0; positive fund-progress score 53.758; persistence boost 0 points.,OPERATIONAL_TREND_CONTEXT,8.649635,state_name=Maharashtra|district=Maharashtra Demo District 2|sector=Sanitation context; strongest metric progress_report_count; signed robust z 24.956.,False,True,True,False,False,False,False
W-001033,COMPLETION,62.409107,HIGH,227,205,100,COMPLIANCE,32.0,Strongest actionable compliance result REVIEW/STRONG_WARNING under rule MPLADS-11.2-COMPLETION-UC.,PAYMENT_EXECUTION,20.0,Capped payment/execution family: payment severity score 0.0; positive fund-progress score 100.000; persistence boost 10 points.,OPERATIONAL_TREND_CONTEXT,8.375912,state_name=Odisha|district=Odisha Demo District 1|sector=Drinking Water context; strongest metric progress_report_count; signed robust z 22.258.,False,True,True,False,False,False,False
W-001119,COMPLETION,62.327624,HIGH,228,206,100,COMPLIANCE,32.0,Strongest actionable compliance result REVIEW/STRONG_WARNING under rule MPLADS-11.2-COMPLETION-UC.,PAYMENT_EXECUTION,16.827353,Capped payment/execution family: payment severity score 0.0; positive fund-progress score 84.137; persistence boost 10 points.,ANOMALY,7.817427,Within-lifecycle statistical unusualness percentile 97.718; not a probability.,False,True,True,False,False,False,False
W-001992,COMPLETION,62.311668,HIGH,229,207,100,COMPLIANCE,32.0,Strongest actionable compliance result REVIEW/STRONG_WARNING under rule MPLADS-11.2-COMPLETION-UC.,PAYMENT_EXECUTION,14.93568,Capped payment/execution family: payment severity score 0.0; positive fund-progress score 74.678; persistence boost 0 points.,OPERATIONAL_TREND_CONTEXT,9.890511,state_name=Maharashtra|district=Maharashtra Demo District 2 context; strongest metric progress_report_count; signed robust z 59.356.,False,True,True,False,False,False,False
W-001647,COMPLETION,62.301796,HIGH,230,208,100,COMPLIANCE,32.0,Strongest actionable compliance result REVIEW/STRONG_WARNING under rule MPLADS-11.2-COMPLETION-UC.,PAYMENT_EXECUTION,20.0,Capped payment/execution family: payment severity score 0.0; positive fund-progress score 100.000; persistence boost 10 points.,ANOMALY,7.618257,Within-lifecycle statistical unusualness percentile 95.228; not a probability.,False,True,True,False,False,False,False
W-001138,COMPLETION,62.24713,HIGH,231,209,100,COMPLIANCE,32.0,Strongest actionable compliance result REVIEW/STRONG_WARNING under rule MPLADS-11.2-COMPLETION-UC.,PAYMENT_EXECUTION,10.991198,Capped payment/execution family: payment severity score 0.0; positive fund-progress score 54.956; persistence boost 10 points.,OPERATIONAL_TREND_CONTEXT,8.248175,state_name=Odisha|district=Odisha Demo District 4 context; strongest metric progress_report_count; signed robust z 21.696.,False,True,True,False,False,False,False
W-002299,COMPLETION,62.242359,HIGH,232,210,100,COMPLIANCE,32.0,Strongest actionable compliance result REVIEW/STRONG_WARNING under rule MPLADS-11.2-COMPLETION-UC.,DUPLICATE_REVIEW,14.303851,Corroborated Day-4.1 duplicate review candidate; best similarity score 95.359.,PAYMENT_EXECUTION,7.474611,Capped payment/execution family: payment severity score 0.0; positive fund-progress score 37.373; persistence boost 0 points.,True,True,True,False,False,False,False
W-001015,COMPLETION,62.229611,HIGH,233,211,100,COMPLIANCE,32.0,Strongest actionable compliance result REVIEW/STRONG_WARNING under rule MPLADS-11.2-COMPLETION-UC.,PAYMENT_EXECUTION,18.953284,Capped payment/execution family: payment severity score 60.0; positive fund-progress score 94.766; persistence boost 10 points.,OPERATIONAL_TREND_CONTEXT,8.375912,state_name=Odisha|district=Odisha Demo District 2|sector=Sanitation context; strongest metric progress_report_count; signed robust z 22.258.,False,True,True,False,False,False,False
W-002634,COMPLETION,62.186652,HIGH,234,212,100,COMPLIANCE,32.0,Strongest actionable compliance result REVIEW/STRONG_WARNING under rule MPLADS-11.2-COMPLETION-UC.,PAYMENT_EXECUTION,13.38524,Capped payment/execution family: payment severity score 0.0; positive fund-progress score 66.926; persistence boost 0 points.,ANOMALY,7.86722,Within-lifecycle statistical unusualness percentile 98.340; not a probability.,False,True,True,False,False,False,False
W-000268,COMPLETION,62.183801,HIGH,235,213,100,COMPLIANCE,32.0,Strongest actionable compliance result REVIEW/STRONG_WARNING under rule MPLADS-11.2-COMPLETION-UC.,PAYMENT_EXECUTION,12.0,Capped payment/execution family: payment severity score 60.0; positive fund-progress score 13.791; persistence boost 10 points.,ANOMALY,7.443983,Within-lifecycle statistical unusualness percentile 93.050; not a probability.,False,True,True,False,False,False,False
W-001208,COMPLETION,62.169848,HIGH,236,214,100,COMPLIANCE,32.0,Strongest actionable compliance result REVIEW/STRONG_WARNING under rule MPLADS-11.2-COMPLETION-UC.,PAYMENT_EXECUTION,16.773189,Capped payment/execution family: payment severity score 0.0; positive fund-progress score 83.866; persistence boost 10 points.,OPERATIONAL_TREND_CONTEXT,8.375912,state_name=Karnataka|district=Karnataka Demo District 1|sector=Health context; strongest metric progress_report_count; signed robust z 22.258.,False,True,True,False,False,False,False
W-000707,COMPLETION,62.133495,HIGH,237,215,100,COMPLIANCE,32.0,Strongest actionable compliance result REVIEW/STRONG_WARNING under rule MPLADS-11.2-COMPLETION-UC.,PAYMENT_EXECUTION,17.558565,Capped payment/execution family: payment severity score 0.0; positive fund-progress score 87.793; persistence boost 10 points.,ANOMALY,5.161826,Within-lifecycle statistical unusualness percentile 64.523; not a probability.,False,True,True,False,False,False,False
W-001054,COMPLETION,62.120352,HIGH,238,216,100,COMPLIANCE,32.0,Strongest actionable compliance result REVIEW/STRONG_WARNING under rule MPLADS-11.2-COMPLETION-UC.,PAYMENT_EXECUTION,19.630332,Capped payment/execution family: payment severity score 0.0; positive fund-progress score 98.152; persistence boost 10 points.,OPERATIONAL_TREND_CONTEXT,5.875912,state_name=Telangana|district=Telangana Demo District 4|sector=Drinking Water context; strongest metric progress_report_count; signed robust z 12.816.,False,True,True,False,False,False,False
W-002985,COMPLETION,62.084926,HIGH,239,217,100,COMPLIANCE,32.0,Strongest actionable compliance result REVIEW/STRONG_WARNING under rule MPLADS-11.2-COMPLETION-UC.,PAYMENT_EXECUTION,20.0,Capped payment/execution family: payment severity score 0.0; positive fund-progress score 100.000; persistence boost 10 points.,ANOMALY,7.311203,Within-lifecycle statistical unusualness percentile 91.390; not a probability.,False,True,True,False,False,False,False
W-000952,COMPLETION,62.080091,HIGH,240,218,100,COMPLIANCE,32.0,Strongest actionable compliance result REVIEW/STRONG_WARNING under rule MPLADS-11.2-COMPLETION-UC.,PAYMENT_EXECUTION,20.0,Capped payment/execution family: payment severity score 0.0; positive fund-progress score 100.000; persistence boost 10 points.,OPERATIONAL_TREND_CONTEXT,6.952555,state_name=Maharashtra|district=Maharashtra Demo District 1|sector=Education context; strongest metric progress_report_count; signed robust z 15.514.,False,True,True,False,False,False,False
W-002415,COMPLETION,62.077306,HIGH,241,219,100,COMPLIANCE,32.0,Strongest actionable compliance result REVIEW/STRONG_WARNING under rule MPLADS-11.2-COMPLETION-UC.,PAYMENT_EXECUTION,12.0,Capped payment/execution family: payment severity score 60.0; positive fund-progress score 56.669; persistence boost 0 points.,ANOMALY,7.651452,Within-lifecycle statistical unusualness percentile 95.643; not a probability.,False,True,True,False,False,False,False
W-002090,COMPLETION,62.056697,HIGH,242,220,100,COMPLIANCE,32.0,Strongest actionable compliance result REVIEW/STRONG_WARNING under rule MPLADS-11.2-COMPLETION-UC.,PAYMENT_EXECUTION,19.765741,Capped payment/execution family: payment severity score 60.0; positive fund-progress score 98.829; persistence boost 10 points.,OPERATIONAL_TREND_CONTEXT,8.99635,state_name=Andhra Pradesh|district=Andhra Pradesh Demo District 2|sector=Health context; strongest metric progress_report_count; signed robust z 29.003.,False,True,True,False,False,False,False
W-001353,COMPLETION,62.037825,HIGH,243,221,100,COMPLIANCE,32.0,Strongest actionable compliance result REVIEW/STRONG_WARNING under rule MPLADS-11.2-COMPLETION-UC.,PAYMENT_EXECUTION,16.854435,Capped payment/execution family: payment severity score 0.0; positive fund-progress score 84.272; persistence boost 10 points.,ANOMALY,6.721992,Within-lifecycle statistical unusualness percentile 84.025; not a probability.,False,True,True,False,False,False,False
W-000284,COMPLETION,61.94992,HIGH,244,222,100,COMPLIANCE,32.0,Strongest actionable compliance result REVIEW/STRONG_WARNING under rule MPLADS-11.2-COMPLETION-UC.,PAYMENT_EXECUTION,20.0,Capped payment/execution family: payment severity score 0.0; positive fund-progress score 100.000; persistence boost 10 points.,OPERATIONAL_TREND_CONTEXT,7.244526,state_name=Odisha|district=Odisha Demo District 2|sector=Health context; strongest metric progress_report_count; signed robust z 16.863.,False,True,True,False,False,False,False
W-002765,COMPLETION,61.93739,HIGH,245,223,100,COMPLIANCE,32.0,Strongest actionable compliance result REVIEW/STRONG_WARNING under rule MPLADS-11.2-COMPLETION-UC.,PAYMENT_EXECUTION,16.750169,Capped payment/execution family: payment severity score 0.0; positive fund-progress score 83.751; persistence boost 0 points.,OPERATIONAL_TREND_CONTEXT,8.99635,state_name=Andhra Pradesh|district=Andhra Pradesh Demo District 2|sector=Health context; strongest metric progress_report_count; signed robust z 29.003.,False,True,True,False,False,False,False
W-002266,COMPLETION,61.909481,HIGH,246,224,100,COMPLIANCE,32.0,Strongest actionable compliance result REVIEW/STRONG_WARNING under rule MPLADS-11.2-COMPLETION-UC.,PAYMENT_EXECUTION,15.771158,Capped payment/execution family: payment severity score 60.0; positive fund-progress score 78.856; persistence boost 10 points.,OPERATIONAL_TREND_CONTEXT,8.868613,state_name=Andhra Pradesh|district=Andhra Pradesh Demo District 4|sector=Health context; strongest metric progress_report_count; signed robust z 26.980.,False,True,True,False,False,False,False
W-001825,COMPLETION,61.876324,HIGH,247,225,100,COMPLIANCE,32.0,Strongest actionable compliance result REVIEW/STRONG_WARNING under rule MPLADS-11.2-COMPLETION-UC.,PAYMENT_EXECUTION,15.649289,Capped payment/execution family: payment severity score 60.0; positive fund-progress score 78.246; persistence boost 10 points.,OPERATIONAL_TREND_CONTEXT,7.372263,state_name=Rajasthan|district=Rajasthan Demo District 1|sector=Health context; strongest metric progress_report_count; signed robust z 17.537.,False,True,True,False,False,False,False
W-002838,COMPLETION,61.875055,HIGH,248,226,100,COMPLIANCE,32.0,Strongest actionable compliance result REVIEW/STRONG_WARNING under rule MPLADS-11.2-COMPLETION-UC.,PAYMENT_EXECUTION,19.142857,Capped payment/execution family: payment severity score 0.0; positive fund-progress score 95.714; persistence boost 10 points.,OPERATIONAL_TREND_CONTEXT,6.167883,state_name=Telangana|district=Telangana Demo District 3|sector=Roads & Bridges context; strongest metric progress_report_count; signed robust z 13.490.,False,True,True,False,False,False,False
W-001242,COMPLETION,61.859933,HIGH,249,227,100,COMPLIANCE,32.0,Strongest actionable compliance result REVIEW/STRONG_WARNING under rule MPLADS-11.2-COMPLETION-UC.,PAYMENT_EXECUTION,15.622207,Capped payment/execution family: payment severity score 60.0; positive fund-progress score 78.111; persistence boost 10 points.,OPERATIONAL_TREND_CONTEXT,9.233577,state_name=Odisha|district=Odisha Demo District 3 context; strongest metric progress_report_count; signed robust z 31.196.,False,True,True,False,False,False,False
W-001704,COMPLETION,61.834341,HIGH,250,228,100,COMPLIANCE,32.0,Strongest actionable compliance result REVIEW/STRONG_WARNING under rule MPLADS-11.2-COMPLETION-UC.,PAYMENT_EXECUTION,16.102911,Capped payment/execution family: payment severity score 0.0; positive fund-progress score 80.515; persistence boost 10 points.,OPERATIONAL_TREND_CONTEXT,9.051095,state_name=Andhra Pradesh|district=Andhra Pradesh Demo District 3 context; strongest metric progress_report_count; signed robust z 29.172.,False,True,True,False,False,False,False
W-000933,COMPLETION,61.814671,HIGH,251,229,100,COMPLIANCE,40.0,Strongest actionable compliance result NON_COMPLIANT/WARNING under rule MPLADS-4.5.8-ASSET-REGISTER.,PAYMENT_EXECUTION,12.0,Capped payment/execution family: payment severity score 60.0; positive fund-progress score 54.617; persistence boost 10 points.,OPERATIONAL_TREND_CONTEXT,8.868613,state_name=Andhra Pradesh|district=Andhra Pradesh Demo District 4|sector=Health context; strongest metric progress_report_count; signed robust z 26.980.,False,True,True,True,False,False,False
W-000383,COMPLETION,61.805792,HIGH,252,230,100,COMPLIANCE,32.0,Strongest actionable compliance result REVIEW/STRONG_WARNING under rule MPLADS-11.2-COMPLETION-UC.,PAYMENT_EXECUTION,17.368991,Capped payment/execution family: payment severity score 0.0; positive fund-progress score 86.845; persistence boost 10 points.,ANOMALY,7.502075,Within-lifecycle statistical unusualness percentile 93.776; not a probability.,False,True,True,False,False,False,False
W-002067,EXECUTION,61.780444,HIGH,253,23,100,OBSERVED_CONDITIONS,16.789668,"Observed overdue=True (days=622.0, score=83.948); observed over sanction=False (overrun_pct=0.0, score=0.000).",PAYMENT_EXECUTION,15.0,Capped payment/execution family: payment severity score 60.0; positive fund-progress score 0.000; persistence boost 0 points.,ANOMALY,9.0125,Within-lifecycle statistical unusualness percentile 90.125; not a probability.,False,True,True,False,True,False,True
W-000460,COMPLETION,61.776218,HIGH,254,231,100,COMPLIANCE,32.0,Strongest actionable compliance result REVIEW/STRONG_WARNING under rule MPLADS-11.2-COMPLETION-UC.,PAYMENT_EXECUTION,18.682464,Capped payment/execution family: payment severity score 0.0; positive fund-progress score 93.412; persistence boost 10 points.,OPERATIONAL_TREND_CONTEXT,8.375912,state_name=Karnataka|district=Karnataka Demo District 2|sector=Sanitation context; strongest metric progress_report_count; signed robust z 22.258.,False,True,True,False,False,False,False
W-001435,COMPLETION,61.721958,HIGH,255,232,100,COMPLIANCE,32.0,Strongest actionable compliance result REVIEW/STRONG_WARNING under rule MPLADS-11.2-COMPLETION-UC.,PAYMENT_EXECUTION,19.169939,Capped payment/execution family: payment severity score 0.0; positive fund-progress score 95.850; persistence boost 10 points.,OPERATIONAL_TREND_CONTEXT,8.029197,state_name=Odisha|district=Odisha Demo District 2 context; strongest metric progress_report_count; signed robust z 20.347.,False,True,True,False,False,False,False
W-002388,COMPLETION,61.684856,HIGH,256,233,100,COMPLIANCE,32.0,Strongest actionable compliance result REVIEW/STRONG_WARNING under rule MPLADS-11.2-COMPLETION-UC.,PAYMENT_EXECUTION,17.436696,Capped payment/execution family: payment severity score 0.0; positive fund-progress score 87.183; persistence boost 10 points.,ANOMALY,6.414938,Within-lifecycle statistical unusualness percentile 80.187; not a probability.,False,True,True,False,False,False,False
W-000532,COMPLETION,61.674519,HIGH,257,234,100,COMPLIANCE,32.0,Strongest actionable compliance result REVIEW/STRONG_WARNING under rule MPLADS-11.2-COMPLETION-UC.,PAYMENT_EXECUTION,15.967502,Capped payment/execution family: payment severity score 0.0; positive fund-progress score 79.838; persistence boost 10 points.,ANOMALY,7.20332,Within-lifecycle statistical unusualness percentile 90.041; not a probability.,False,True,True,False,False,False,False
W-002708,COMPLETION,61.663138,HIGH,258,235,100,COMPLIANCE,32.0,Strongest actionable compliance result REVIEW/STRONG_WARNING under rule MPLADS-11.2-COMPLETION-UC.,PAYMENT_EXECUTION,14.394042,Capped payment/execution family: payment severity score 0.0; positive fund-progress score 71.970; persistence boost 0 points.,OPERATIONAL_TREND_CONTEXT,7.846715,state_name=Andhra Pradesh|district=Andhra Pradesh Demo District 2 context; strongest metric progress_report_count; signed robust z 18.802.,False,True,True,False,False,False,False
W-001775,COMPLETION,61.61331,HIGH,259,236,100,COMPLIANCE,32.0,Strongest actionable compliance result REVIEW/STRONG_WARNING under rule MPLADS-11.2-COMPLETION-UC.,PAYMENT_EXECUTION,19.305349,Capped payment/execution family: payment severity score 0.0; positive fund-progress score 96.527; persistence boost 10 points.,OPERATIONAL_TREND_CONTEXT,6.405109,state_name=Karnataka|district=Karnataka Demo District 2 context; strongest metric progress_report_count; signed robust z 14.030.,False,True,True,False,False,False,False
W-000508,COMPLETION,61.581003,HIGH,260,237,100,COMPLIANCE,32.0,Strongest actionable compliance result REVIEW/STRONG_WARNING under rule MPLADS-11.2-COMPLETION-UC.,PAYMENT_EXECUTION,11.57346,Capped payment/execution family: payment severity score 0.0; positive fund-progress score 57.867; persistence boost 10 points.,ANOMALY,7.763485,Within-lifecycle statistical unusualness percentile 97.044; not a probability.,False,True,True,False,False,False,False
W-002177,COMPLETION,61.577944,HIGH,261,238,100,COMPLIANCE,32.0,Strongest actionable compliance result REVIEW/STRONG_WARNING under rule MPLADS-11.2-COMPLETION-UC.,PAYMENT_EXECUTION,18.696005,Capped payment/execution family: payment severity score 60.0; positive fund-progress score 93.480; persistence boost 10 points.,ANOMALY,5.443983,Within-lifecycle statistical unusualness percentile 68.050; not a probability.,False,True,True,False,False,False,False
W-000420,COMPLETION,61.548103,HIGH,262,239,100,COMPLIANCE,32.0,Strongest actionable compliance result REVIEW/STRONG_WARNING under rule MPLADS-11.2-COMPLETION-UC.,PAYMENT_EXECUTION,19.806364,Capped payment/execution family: payment severity score 0.0; positive fund-progress score 99.032; persistence boost 10 points.,ANOMALY,6.473029,Within-lifecycle statistical unusualness percentile 80.913; not a probability.,False,True,True,False,False,False,False
W-001244,COMPLETION,61.512859,HIGH,263,240,100,COMPLIANCE,32.0,Strongest actionable compliance result REVIEW/STRONG_WARNING under rule MPLADS-11.2-COMPLETION-UC.,PAYMENT_EXECUTION,16.719025,Capped payment/execution family: payment severity score 0.0; positive fund-progress score 83.595; persistence boost 10 points.,OPERATIONAL_TREND_CONTEXT,9.051095,state_name=Andhra Pradesh|district=Andhra Pradesh Demo District 3 context; strongest metric progress_report_count; signed robust z 29.172.,False,True,True,False,False,False,False
W-000167,COMPLETION,61.47576,HIGH,264,241,100,COMPLIANCE,32.0,Strongest actionable compliance result REVIEW/STRONG_WARNING under rule MPLADS-11.2-COMPLETION-UC.,PAYMENT_EXECUTION,15.744076,Capped payment/execution family: payment severity score 60.0; positive fund-progress score 78.720; persistence boost 10 points.,OPERATIONAL_TREND_CONTEXT,8.868613,state_name=Andhra Pradesh|district=Andhra Pradesh Demo District 4|sector=Health context; strongest metric progress_report_count; signed robust z 26.980.,False,True,True,False,False,False,False
W-002352,COMPLETION,61.471127,HIGH,265,242,100,COMPLIANCE,32.0,Strongest actionable compliance result REVIEW/STRONG_WARNING under rule MPLADS-11.2-COMPLETION-UC.,PAYMENT_EXECUTION,12.0,Capped payment/execution family: payment severity score 60.0; positive fund-progress score 52.945; persistence boost 0 points.,ANOMALY,7.738589,Within-lifecycle statistical unusualness percentile 96.732; not a probability.,False,True,True,False,False,False,False
W-002412,COMPLETION,61.457152,HIGH,266,243,100,COMPLIANCE,32.0,Strongest actionable compliance result REVIEW/STRONG_WARNING under rule MPLADS-11.2-COMPLETION-UC.,PAYMENT_EXECUTION,18.628301,Capped payment/execution family: payment severity score 0.0; positive fund-progress score 93.142; persistence boost 10 points.,ANOMALY,6.759336,Within-lifecycle statistical unusualness percentile 84.492; not a probability.,False,True,True,False,False,False,False
W-001224,COMPLETION,61.436724,HIGH,267,244,100,COMPLIANCE,32.0,Strongest actionable compliance result REVIEW/STRONG_WARNING under rule MPLADS-11.2-COMPLETION-UC.,DUPLICATE_REVIEW,14.164546,Corroborated Day-4.1 duplicate review candidate; best similarity score 94.430.,OPERATIONAL_TREND_CONTEXT,8.375912,state_name=Odisha|district=Odisha Demo District 1|sector=Drinking Water context; strongest metric progress_report_count; signed robust z 22.258.,True,False,True,False,False,False,False
W-002962,COMPLETION,61.424525,HIGH,268,245,100,COMPLIANCE,32.0,Strongest actionable compliance result REVIEW/STRONG_WARNING under rule MPLADS-11.2-COMPLETION-UC.,PAYMENT_EXECUTION,15.24306,Capped payment/execution family: payment severity score 0.0; positive fund-progress score 76.215; persistence boost 10 points.,OPERATIONAL_TREND_CONTEXT,6.605839,state_name=Rajasthan|district=Rajasthan Demo District 4|sector=Sanitation context; strongest metric progress_report_count; signed robust z 14.502.,False,True,True,False,False,False,False
W-001842,COMPLETION,61.422248,HIGH,269,246,100,COMPLIANCE,32.0,Strongest actionable compliance result REVIEW/STRONG_WARNING under rule MPLADS-11.2-COMPLETION-UC.,PAYMENT_EXECUTION,9.244414,Capped payment/execution family: payment severity score 0.0; positive fund-progress score 46.222; persistence boost 10 points.,OPERATIONAL_TREND_CONTEXT,8.99635,state_name=Andhra Pradesh|district=Andhra Pradesh Demo District 2|sector=Health context; strongest metric progress_report_count; signed robust z 29.003.,False,True,True,False,False,False,False
W-001711,COMPLETION,61.411883,HIGH,270,247,100,COMPLIANCE,32.0,Strongest actionable compliance result REVIEW/STRONG_WARNING under rule MPLADS-11.2-COMPLETION-UC.,PAYMENT_EXECUTION,20.0,Capped payment/execution family: payment severity score 0.0; positive fund-progress score 100.000; persistence boost 10 points.,ANOMALY,5.232365,Within-lifecycle statistical unusualness percentile 65.405; not a probability.,False,True,True,False,False,False,False
W-002226,COMPLETION,61.411053,HIGH,271,248,100,COMPLIANCE,32.0,Strongest actionable compliance result REVIEW/STRONG_WARNING under rule MPLADS-11.2-COMPLETION-UC.,PAYMENT_EXECUTION,12.954638,Capped payment/execution family: payment severity score 0.0; positive fund-progress score 64.773; persistence boost 10 points.,ANOMALY,7.40249,Within-lifecycle statistical unusualness percentile 92.531; not a probability.,False,True,True,False,False,False,False
W-000665,COMPLETION,61.377775,HIGH,272,249,100,COMPLIANCE,32.0,Strongest actionable compliance result REVIEW/STRONG_WARNING under rule MPLADS-11.2-COMPLETION-UC.,PAYMENT_EXECUTION,20.0,Capped payment/execution family: payment severity score 0.0; positive fund-progress score 100.000; persistence boost 10 points.,ANOMALY,4.742739,Within-lifecycle statistical unusualness percentile 59.284; not a probability.,False,True,True,False,False,False,False
W-001624,COMPLETION,61.377237,HIGH,273,250,100,COMPLIANCE,32.0,Strongest actionable compliance result REVIEW/STRONG_WARNING under rule MPLADS-11.2-COMPLETION-UC.,PAYMENT_EXECUTION,13.090047,Capped payment/execution family: payment severity score 0.0; positive fund-progress score 65.450; persistence boost 10 points.,OPERATIONAL_TREND_CONTEXT,7.043796,state_name=Maharashtra|district=Maharashtra Demo District 3 context; strongest metric progress_report_count; signed robust z 15.813.,False,True,True,False,False,False,False
W-000698,COMPLETION,61.362971,HIGH,274,251,100,COMPLIANCE,32.0,Strongest actionable compliance result REVIEW/STRONG_WARNING under rule MPLADS-11.2-COMPLETION-UC.,PAYMENT_EXECUTION,12.0,Capped payment/execution family: payment severity score 60.0; positive fund-progress score 28.707; persistence boost 0 points.,OPERATIONAL_TREND_CONTEXT,7.591241,state_name=Karnataka|district=Karnataka Demo District 2|sector=Drinking Water context; strongest metric progress_report_count; signed robust z 18.212.,False,True,True,False,False,False,False
W-000792,COMPLETION,61.263072,HIGH,275,252,100,COMPLIANCE,32.0,Strongest actionable compliance result REVIEW/STRONG_WARNING under rule MPLADS-11.2-COMPLETION-UC.,PAYMENT_EXECUTION,15.202437,Capped payment/execution family: payment severity score 0.0; positive fund-progress score 76.012; persistence boost 10 points.,OPERATIONAL_TREND_CONTEXT,9.890511,state_name=Maharashtra|district=Maharashtra Demo District 2 context; strongest metric progress_report_count; signed robust z 59.356.,False,True,True,False,False,False,False
W-001814,COMPLETION,61.249561,HIGH,276,253,100,COMPLIANCE,32.0,Strongest actionable compliance result REVIEW/STRONG_WARNING under rule MPLADS-11.2-COMPLETION-UC.,PAYMENT_EXECUTION,17.951253,Capped payment/execution family: payment severity score 0.0; positive fund-progress score 89.756; persistence boost 10 points.,ANOMALY,6.813278,Within-lifecycle statistical unusualness percentile 85.166; not a probability.,False,True,True,False,False,False,False
W-002849,COMPLETION,61.244144,HIGH,277,254,100,COMPLIANCE,32.0,Strongest actionable compliance result REVIEW/STRONG_WARNING under rule MPLADS-11.2-COMPLETION-UC.,PAYMENT_EXECUTION,18.510494,Capped payment/execution family: payment severity score 0.0; positive fund-progress score 92.552; persistence boost 0 points.,ANOMALY,5.987552,Within-lifecycle statistical unusualness percentile 74.844; not a probability.,False,True,True,False,False,False,False
W-000157,COMPLETION,61.24363,HIGH,278,255,100,COMPLIANCE,32.0,Strongest actionable compliance result REVIEW/STRONG_WARNING under rule MPLADS-11.2-COMPLETION-UC.,PAYMENT_EXECUTION,12.0,Capped payment/execution family: payment severity score 60.0; positive fund-progress score 20.122; persistence boost 10 points.,OPERATIONAL_TREND_CONTEXT,8.722628,state_name=Telangana|district=Telangana Demo District 3 context; strongest metric progress_report_count; signed robust z 25.766.,False,True,True,False,False,False,False
W-000129,EXECUTION,61.213853,HIGH,279,24,100,PAYMENT_EXECUTION,21.271158,Capped payment/execution family: payment severity score 0.0; positive fund-progress score 85.085; persistence boost 10 points.,OBSERVED_CONDITIONS,19.409594,"Observed overdue=True (days=875.0, score=97.048); observed over sanction=False (overrun_pct=0.0, score=0.000).",ANOMALY,9.525,Within-lifecycle statistical unusualness percentile 95.250; not a probability.,False,False,False,False,True,False,True
W-001817,COMPLETION,61.181875,HIGH,280,256,100,COMPLIANCE,32.0,Strongest actionable compliance result REVIEW/STRONG_WARNING under rule MPLADS-11.2-COMPLETION-UC.,PAYMENT_EXECUTION,12.020311,Capped payment/execution family: payment severity score 60.0; positive fund-progress score 60.102; persistence boost 10 points.,OPERATIONAL_TREND_CONTEXT,9.890511,state_name=Maharashtra|district=Maharashtra Demo District 2 context; strongest metric progress_report_count; signed robust z 59.356.,False,True,True,False,False,False,False
W-001343,COMPLETION,61.167485,HIGH,281,257,100,COMPLIANCE,32.0,Strongest actionable compliance result REVIEW/STRONG_WARNING under rule MPLADS-11.2-COMPLETION-UC.,PAYMENT_EXECUTION,19.982397,Capped payment/execution family: payment severity score 60.0; positive fund-progress score 99.912; persistence boost 10 points.,PEER_DEVIATION,5.519582,1 peer-outlier metric(s); strongest financial_overrun_pct_as_of has absolute robust deviation 10.821.,False,True,True,False,False,False,False
W-000961,COMPLETION,61.148601,HIGH,282,258,100,COMPLIANCE,32.0,Strongest actionable compliance result REVIEW/STRONG_WARNING under rule MPLADS-11.2-COMPLETION-UC.,PAYMENT_EXECUTION,15.033175,Capped payment/execution family: payment severity score 0.0; positive fund-progress score 75.166; persistence boost 10 points.,OPERATIONAL_TREND_CONTEXT,9.854015,state_name=Telangana|district=Telangana Demo District 4 context; strongest metric progress_report_count; signed robust z 49.463.,False,True,True,False,False,False,False
W-000670,COMPLETION,61.113369,HIGH,283,259,100,COMPLIANCE,32.0,Strongest actionable compliance result REVIEW/STRONG_WARNING under rule MPLADS-11.2-COMPLETION-UC.,PAYMENT_EXECUTION,14.742045,Capped payment/execution family: payment severity score 0.0; positive fund-progress score 73.710; persistence boost 10 points.,OPERATIONAL_TREND_CONTEXT,7.591241,state_name=Telangana|district=Telangana Demo District 2|sector=Education context; strongest metric progress_report_count; signed robust z 18.212.,False,True,True,False,False,False,False
W-000988,COMPLETION,61.11022,HIGH,284,260,100,COMPLIANCE,32.0,Strongest actionable compliance result REVIEW/STRONG_WARNING under rule MPLADS-11.2-COMPLETION-UC.,PAYMENT_EXECUTION,16.976303,Capped payment/execution family: payment severity score 0.0; positive fund-progress score 84.882; persistence boost 10 points.,OPERATIONAL_TREND_CONTEXT,7.043796,state_name=Maharashtra|district=Maharashtra Demo District 3 context; strongest metric progress_report_count; signed robust z 15.813.,False,True,True,False,False,False,False
W-001862,COMPLETION,61.079016,HIGH,285,261,100,COMPLIANCE,32.0,Strongest actionable compliance result REVIEW/STRONG_WARNING under rule MPLADS-11.2-COMPLETION-UC.,PAYMENT_EXECUTION,12.0,Capped payment/execution family: payment severity score 60.0; positive fund-progress score 10.000; persistence boost 10 points.,ANOMALY,7.215768,Within-lifecycle statistical unusualness percentile 90.197; not a probability.,False,True,True,False,False,False,False
W-001191,COMPLETION,61.062085,HIGH,286,262,100,COMPLIANCE,32.0,Strongest actionable compliance result REVIEW/STRONG_WARNING under rule MPLADS-11.2-COMPLETION-UC.,PAYMENT_EXECUTION,18.587678,Capped payment/execution family: payment severity score 0.0; positive fund-progress score 92.938; persistence boost 10 points.,OPERATIONAL_TREND_CONTEXT,5.565693,state_name=Rajasthan|district=Rajasthan Demo District 1|sector=Drinking Water context; strongest metric progress_report_count; signed robust z 12.141.,False,True,True,False,False,False,False
W-001402,COMPLETION,61.037033,HIGH,287,263,100,COMPLIANCE,32.0,Strongest actionable compliance result REVIEW/STRONG_WARNING under rule MPLADS-11.2-COMPLETION-UC.,DUPLICATE_REVIEW,14.089227,Corroborated Day-4.1 duplicate review candidate; best similarity score 93.928.,PAYMENT_EXECUTION,13.337847,Capped payment/execution family: payment severity score 0.0; positive fund-progress score 66.689; persistence boost 0 points.,True,True,True,False,False,False,False
W-002908,COMPLETION,61.022011,HIGH,288,264,100,COMPLIANCE,32.0,Strongest actionable compliance result REVIEW/STRONG_WARNING under rule MPLADS-11.2-COMPLETION-UC.,PAYMENT_EXECUTION,15.341909,Capped payment/execution family: payment severity score 0.0; positive fund-progress score 76.710; persistence boost 0 points.,OPERATIONAL_TREND_CONTEXT,7.244526,state_name=Odisha|district=Odisha Demo District 2|sector=Health context; strongest metric progress_report_count; signed robust z 16.863.,False,True,True,False,False,False,False
W-000634,COMPLETION,60.977428,HIGH,289,265,100,COMPLIANCE,32.0,Strongest actionable compliance result REVIEW/STRONG_WARNING under rule MPLADS-11.2-COMPLETION-UC.,PAYMENT_EXECUTION,15.513879,Capped payment/execution family: payment severity score 0.0; positive fund-progress score 77.569; persistence boost 10 points.,OPERATIONAL_TREND_CONTEXT,7.372263,state_name=Telangana|district=Telangana Demo District 1|sector=Sports context; strongest metric progress_report_count; signed robust z 17.537.,False,True,True,False,False,False,False
W-000047,COMPLETION,60.971063,HIGH,290,266,100,COMPLIANCE,32.0,Strongest actionable compliance result REVIEW/STRONG_WARNING under rule MPLADS-11.2-COMPLETION-UC.,PAYMENT_EXECUTION,13.997292,Capped payment/execution family: payment severity score 60.0; positive fund-progress score 69.986; persistence boost 10 points.,OPERATIONAL_TREND_CONTEXT,9.343066,state_name=Karnataka|district=Karnataka Demo District 1 context; strongest metric progress_report_count; signed robust z 31.836.,False,True,True,False,False,False,False
W-001240,COMPLETION,60.961501,HIGH,291,267,100,COMPLIANCE,32.0,Strongest actionable compliance result REVIEW/STRONG_WARNING under rule MPLADS-11.2-COMPLETION-UC.,PAYMENT_EXECUTION,16.312796,Capped payment/execution family: payment severity score 0.0; positive fund-progress score 81.564; persistence boost 10 points.,OPERATIONAL_TREND_CONTEXT,9.160584,state_name=Maharashtra|district=Maharashtra Demo District 1|sector=Community Infrastructure context; strongest metric progress_report_count; signed robust z 30.352.,False,True,True,False,False,False,False
W-001516,COMPLETION,60.95733,HIGH,292,268,100,COMPLIANCE,32.0,Strongest actionable compliance result REVIEW/STRONG_WARNING under rule MPLADS-11.2-COMPLETION-UC.,PAYMENT_EXECUTION,18.885579,Capped payment/execution family: payment severity score 0.0; positive fund-progress score 94.428; persistence boost 10 points.,OPERATIONAL_TREND_CONTEXT,9.233577,state_name=Odisha|district=Odisha Demo District 3 context; strongest metric progress_report_count; signed robust z 31.196.,False,True,True,False,False,False,False
W-000040,COMPLETION,60.954281,HIGH,293,269,100,COMPLIANCE,32.0,Strongest actionable compliance result REVIEW/STRONG_WARNING under rule MPLADS-11.2-COMPLETION-UC.,PAYMENT_EXECUTION,20.0,Capped payment/execution family: payment severity score 0.0; positive fund-progress score 100.000; persistence boost 10 points.,ANOMALY,5.46888,Within-lifecycle statistical unusualness percentile 68.361; not a probability.,False,True,True,False,False,False,False
W-002853,COMPLETION,60.893798,HIGH,294,270,100,COMPLIANCE,32.0,Strongest actionable compliance result REVIEW/STRONG_WARNING under rule MPLADS-11.2-COMPLETION-UC.,PAYMENT_EXECUTION,14.525389,Capped payment/execution family: payment severity score 0.0; positive fund-progress score 72.627; persistence boost 10 points.,OPERATIONAL_TREND_CONTEXT,6.021898,state_name=Rajasthan|district=Rajasthan Demo District 1|sector=Roads & Bridges context; strongest metric progress_report_count; signed robust z 13.153.,False,True,True,False,False,False,False
W-001993,COMPLETION,60.86369,HIGH,295,271,100,COMPLIANCE,32.0,Strongest actionable compliance result REVIEW/STRONG_WARNING under rule MPLADS-11.2-COMPLETION-UC.,PAYMENT_EXECUTION,13.324306,Capped payment/execution family: payment severity score 0.0; positive fund-progress score 66.622; persistence boost 0 points.,ANOMALY,7.887967,Within-lifecycle statistical unusualness percentile 98.600; not a probability.,False,True,True,False,False,False,False
W-000446,COMPLETION,60.82081,HIGH,296,272,100,COMPLIANCE,32.0,Strongest actionable compliance result REVIEW/STRONG_WARNING under rule MPLADS-11.2-COMPLETION-UC.,PAYMENT_EXECUTION,17.711578,Capped payment/execution family: payment severity score 0.0; positive fund-progress score 88.558; persistence boost 0 points.,ANOMALY,7.149378,Within-lifecycle statistical unusualness percentile 89.367; not a probability.,False,True,True,False,False,False,False
W-000479,COMPLETION,60.809048,HIGH,297,273,100,COMPLIANCE,32.0,Strongest actionable compliance result REVIEW/STRONG_WARNING under rule MPLADS-11.2-COMPLETION-UC.,PAYMENT_EXECUTION,15.608666,Capped payment/execution family: payment severity score 60.0; positive fund-progress score 78.043; persistence boost 10 points.,OPERATIONAL_TREND_CONTEXT,9.233577,state_name=Odisha|district=Odisha Demo District 3 context; strongest metric progress_report_count; signed robust z 31.196.,False,True,True,False,False,False,False
W-002797,COMPLETION,60.770736,HIGH,298,274,100,COMPLIANCE,32.0,Strongest actionable compliance result REVIEW/STRONG_WARNING under rule MPLADS-11.2-COMPLETION-UC.,PAYMENT_EXECUTION,19.833446,Capped payment/execution family: payment severity score 0.0; positive fund-progress score 99.167; persistence boost 10 points.,ANOMALY,6.327801,Within-lifecycle statistical unusualness percentile 79.098; not a probability.,False,True,True,False,False,False,False
W-002923,COMPLETION,60.747004,HIGH,299,275,100,COMPLIANCE,32.0,Strongest actionable compliance result REVIEW/STRONG_WARNING under rule MPLADS-11.2-COMPLETION-UC.,PAYMENT_EXECUTION,18.167908,Capped payment/execution family: payment severity score 0.0; positive fund-progress score 90.840; persistence boost 10 points.,OPERATIONAL_TREND_CONTEXT,8.649635,state_name=Maharashtra|district=Maharashtra Demo District 2|sector=Sanitation context; strongest metric progress_report_count; signed robust z 24.956.,False,True,True,False,False,False,False
W-002332,COMPLETION,60.684586,HIGH,300,276,100,COMPLIANCE,32.0,Strongest actionable compliance result REVIEW/STRONG_WARNING under rule MPLADS-11.2-COMPLETION-UC.,PAYMENT_EXECUTION,18.090724,Capped payment/execution family: payment severity score 0.0; positive fund-progress score 90.454; persistence boost 0 points.,ANOMALY,6.40249,Within-lifecycle statistical unusualness percentile 80.031; not a probability.,False,True,True,False,False,False,False
W-002026,COMPLETION,60.664959,HIGH,301,277,100,COMPLIANCE,32.0,Strongest actionable compliance result REVIEW/STRONG_WARNING under rule MPLADS-11.2-COMPLETION-UC.,PAYMENT_EXECUTION,18.916723,Capped payment/execution family: payment severity score 0.0; positive fund-progress score 94.584; persistence boost 0 points.,ANOMALY,5.788382,Within-lifecycle statistical unusualness percentile 72.355; not a probability.,False,True,True,False,False,False,False
W-002713,EXECUTION,60.617357,HIGH,302,25,100,PAYMENT_EXECUTION,23.48849,Capped payment/execution family: payment severity score 0.0; positive fund-progress score 93.954; persistence boost 10 points.,OBSERVED_CONDITIONS,19.9631,"Observed overdue=True (days=962.0, score=99.815); observed over sanction=False (overrun_pct=0.0, score=0.000).",ANOMALY,9.5375,Within-lifecycle statistical unusualness percentile 95.375; not a probability.,False,False,False,False,True,False,True
W-002953,COMPLETION,60.615698,HIGH,303,278,100,COMPLIANCE,32.0,Strongest actionable compliance result REVIEW/STRONG_WARNING under rule MPLADS-11.2-COMPLETION-UC.,PAYMENT_EXECUTION,20.0,Capped payment/execution family: payment severity score 0.0; positive fund-progress score 100.000; persistence boost 10 points.,ANOMALY,6.809129,Within-lifecycle statistical unusualness percentile 85.114; not a probability.,False,True,True,False,False,False,False
W-001096,COMPLETION,60.569434,HIGH,304,279,100,COMPLIANCE,32.0,Strongest actionable compliance result REVIEW/STRONG_WARNING under rule MPLADS-11.2-COMPLETION-UC.,PAYMENT_EXECUTION,12.412999,Capped payment/execution family: payment severity score 60.0; positive fund-progress score 62.065; persistence boost 10 points.,OPERATIONAL_TREND_CONTEXT,9.160584,state_name=Maharashtra|district=Maharashtra Demo District 1|sector=Community Infrastructure context; strongest metric progress_report_count; signed robust z 30.352.,False,True,True,False,False,False,False
W-001621,COMPLETION,60.52584,HIGH,305,280,100,COMPLIANCE,32.0,Strongest actionable compliance result REVIEW/STRONG_WARNING under rule MPLADS-11.2-COMPLETION-UC.,OPERATIONAL_TREND_CONTEXT,8.722628,state_name=Telangana|district=Telangana Demo District 3 context; strongest metric progress_report_count; signed robust z 25.766.,PAYMENT_EXECUTION,8.323629,Capped payment/execution family: payment severity score 0.0; positive fund-progress score 41.618; persistence boost 10 points.,False,True,True,False,False,False,False
W-001236,COMPLETION,60.467019,HIGH,306,281,100,COMPLIANCE,32.0,Strongest actionable compliance result REVIEW/STRONG_WARNING under rule MPLADS-11.2-COMPLETION-UC.,PAYMENT_EXECUTION,14.227488,Capped payment/execution family: payment severity score 0.0; positive fund-progress score 71.137; persistence boost 10 points.,ANOMALY,7.344398,Within-lifecycle statistical unusualness percentile 91.805; not a probability.,False,True,True,False,False,False,False
W-002376,EXECUTION,60.4589,HIGH,307,26,100,PAYMENT_EXECUTION,25.0,Capped payment/execution family: payment severity score 0.0; positive fund-progress score 100.000; persistence boost 10 points.,OBSERVED_CONDITIONS,16.01476,"Observed overdue=True (days=553.0, score=80.074); observed over sanction=False (overrun_pct=0.0, score=0.000).",ANOMALY,9.1,Within-lifecycle statistical unusualness percentile 91.000; not a probability.,False,False,False,False,True,False,True
W-000187,COMPLETION,60.454213,HIGH,308,282,100,COMPLIANCE,32.0,Strongest actionable compliance result REVIEW/STRONG_WARNING under rule MPLADS-11.2-COMPLETION-UC.,PAYMENT_EXECUTION,12.047393,Capped payment/execution family: payment severity score 60.0; positive fund-progress score 60.237; persistence boost 10 points.,OPERATIONAL_TREND_CONTEXT,9.635036,state_name=Karnataka|district=Karnataka Demo District 3 context; strongest metric progress_report_count; signed robust z 37.435.,False,True,True,False,False,False,False
W-001203,COMPLETION,60.432574,HIGH,309,283,100,COMPLIANCE,32.0,Strongest actionable compliance result REVIEW/STRONG_WARNING under rule MPLADS-11.2-COMPLETION-UC.,DUPLICATE_REVIEW,14.164546,Corroborated Day-4.1 duplicate review candidate; best similarity score 94.430.,OPERATIONAL_TREND_CONTEXT,8.375912,state_name=Odisha|district=Odisha Demo District 1|sector=Drinking Water context; strongest metric progress_report_count; signed robust z 22.258.,True,False,True,False,False,False,False
W-001421,COMPLETION,60.429634,HIGH,310,284,100,COMPLIANCE,32.0,Strongest actionable compliance result REVIEW/STRONG_WARNING under rule MPLADS-11.2-COMPLETION-UC.,PAYMENT_EXECUTION,15.595125,Capped payment/execution family: payment severity score 0.0; positive fund-progress score 77.976; persistence boost 10 points.,ANOMALY,6.253112,Within-lifecycle statistical unusualness percentile 78.164; not a probability.,False,True,True,False,False,False,False
W-000121,COMPLETION,60.416305,HIGH,311,285,100,COMPLIANCE,32.0,Strongest actionable compliance result REVIEW/STRONG_WARNING under rule MPLADS-11.2-COMPLETION-UC.,PAYMENT_EXECUTION,12.345295,Capped payment/execution family: payment severity score 0.0; positive fund-progress score 61.726; persistence boost 10 points.,ANOMALY,6.448133,Within-lifecycle statistical unusualness percentile 80.602; not a probability.,False,True,True,False,False,False,False
W-002182,COMPLETION,60.410639,HIGH,312,286,100,COMPLIANCE,32.0,Strongest actionable compliance result REVIEW/STRONG_WARNING under rule MPLADS-11.2-COMPLETION-UC.,PAYMENT_EXECUTION,14.403521,Capped payment/execution family: payment severity score 0.0; positive fund-progress score 72.018; persistence boost 10 points.,OPERATIONAL_TREND_CONTEXT,7.372263,state_name=Telangana|district=Telangana Demo District 1|sector=Sports context; strongest metric progress_report_count; signed robust z 17.537.,False,True,True,False,False,False,False
W-000694,COMPLETION,60.375294,HIGH,313,287,100,COMPLIANCE,32.0,Strongest actionable compliance result REVIEW/STRONG_WARNING under rule MPLADS-11.2-COMPLETION-UC.,PAYMENT_EXECUTION,15.568043,Capped payment/execution family: payment severity score 0.0; positive fund-progress score 77.840; persistence boost 10 points.,ANOMALY,7.369295,Within-lifecycle statistical unusualness percentile 92.116; not a probability.,False,True,True,False,False,False,False
W-001398,COMPLETION,60.373238,HIGH,314,288,100,COMPLIANCE,32.0,Strongest actionable compliance result REVIEW/STRONG_WARNING under rule MPLADS-11.2-COMPLETION-UC.,PAYMENT_EXECUTION,18.61476,Capped payment/execution family: payment severity score 60.0; positive fund-progress score 93.074; persistence boost 10 points.,OPERATIONAL_TREND_CONTEXT,6.405109,state_name=Karnataka|district=Karnataka Demo District 2 context; strongest metric progress_report_count; signed robust z 14.030.,False,True,True,False,False,False,False
W-000046,COMPLETION,60.362228,HIGH,315,289,100,COMPLIANCE,32.0,Strongest actionable compliance result REVIEW/STRONG_WARNING under rule MPLADS-11.2-COMPLETION-UC.,PAYMENT_EXECUTION,18.966825,Capped payment/execution family: payment severity score 0.0; positive fund-progress score 94.834; persistence boost 10 points.,OPERATIONAL_TREND_CONTEXT,9.233577,state_name=Odisha|district=Odisha Demo District 3 context; strongest metric progress_report_count; signed robust z 31.196.,False,True,True,False,False,False,False
W-000847,COMPLETION,60.341022,HIGH,316,290,100,COMPLIANCE,32.0,Strongest actionable compliance result REVIEW/STRONG_WARNING under rule MPLADS-11.2-COMPLETION-UC.,PAYMENT_EXECUTION,12.0,Capped payment/execution family: payment severity score 60.0; positive fund-progress score 45.613; persistence boost 10 points.,ANOMALY,6.697095,Within-lifecycle statistical unusualness percentile 83.714; not a probability.,False,True,True,False,False,False,False
W-000772,COMPLETION,60.335863,HIGH,317,291,100,COMPLIANCE,32.0,Strongest actionable compliance result REVIEW/STRONG_WARNING under rule MPLADS-11.2-COMPLETION-UC.,PAYMENT_EXECUTION,17.815843,Capped payment/execution family: payment severity score 60.0; positive fund-progress score 89.079; persistence boost 10 points.,ANOMALY,6.560166,Within-lifecycle statistical unusualness percentile 82.002; not a probability.,False,True,True,False,False,False,False
W-000467,COMPLETION,60.328501,HIGH,318,292,100,COMPLIANCE,32.0,Strongest actionable compliance result REVIEW/STRONG_WARNING under rule MPLADS-11.2-COMPLETION-UC.,PAYMENT_EXECUTION,18.384563,Capped payment/execution family: payment severity score 0.0; positive fund-progress score 91.923; persistence boost 10 points.,OPERATIONAL_TREND_CONTEXT,7.591241,state_name=Telangana|district=Telangana Demo District 2|sector=Education context; strongest metric progress_report_count; signed robust z 18.212.,False,True,True,False,False,False,False
W-000198,COMPLETION,60.31184,HIGH,319,293,100,COMPLIANCE,32.0,Strongest actionable compliance result REVIEW/STRONG_WARNING under rule MPLADS-11.2-COMPLETION-UC.,PAYMENT_EXECUTION,12.0,Capped payment/execution family: payment severity score 60.0; positive fund-progress score 10.000; persistence boost 10 points.,OPERATIONAL_TREND_CONTEXT,8.722628,state_name=Telangana|district=Telangana Demo District 3 context; strongest metric progress_report_count; signed robust z 25.766.,False,True,True,False,False,False,False
W-001654,COMPLETION,60.311338,HIGH,320,294,100,COMPLIANCE,32.0,Strongest actionable compliance result REVIEW/STRONG_WARNING under rule MPLADS-11.2-COMPLETION-UC.,PAYMENT_EXECUTION,16.292485,Capped payment/execution family: payment severity score 0.0; positive fund-progress score 81.462; persistence boost 10 points.,OPERATIONAL_TREND_CONTEXT,7.135036,state_name=Rajasthan|district=Rajasthan Demo District 2|sector=Health context; strongest metric progress_report_count; signed robust z 16.188.,False,True,True,False,False,False,False
W-002777,EXECUTION,60.286703,HIGH,321,27,100,OBSERVED_CONDITIONS,19.00369,"Observed overdue=True (days=845.0, score=95.018); observed over sanction=False (overrun_pct=0.0, score=0.000).",PAYMENT_EXECUTION,15.0,Capped payment/execution family: payment severity score 60.0; positive fund-progress score 10.000; persistence boost 10 points.,ANOMALY,9.7875,Within-lifecycle statistical unusualness percentile 97.875; not a probability.,False,True,False,False,True,False,True
W-001611,COMPLETION,60.280548,HIGH,322,295,100,COMPLIANCE,32.0,Strongest actionable compliance result REVIEW/STRONG_WARNING under rule MPLADS-11.2-COMPLETION-UC.,PAYMENT_EXECUTION,15.033175,Capped payment/execution family: payment severity score 0.0; positive fund-progress score 75.166; persistence boost 10 points.,OPERATIONAL_TREND_CONTEXT,8.193431,state_name=Telangana|district=Telangana Demo District 1|sector=Sanitation context; strongest metric progress_report_count; signed robust z 21.584.,False,True,True,False,False,False,False
W-001146,COMPLETION,60.253885,HIGH,323,296,100,COMPLIANCE,32.0,Strongest actionable compliance result REVIEW/STRONG_WARNING under rule MPLADS-11.2-COMPLETION-UC.,PAYMENT_EXECUTION,14.566012,Capped payment/execution family: payment severity score 0.0; positive fund-progress score 72.830; persistence boost 10 points.,OPERATIONAL_TREND_CONTEXT,8.521898,state_name=Odisha|district=Odisha Demo District 4|sector=Health context; strongest metric progress_report_count; signed robust z 22.933.,False,True,True,False,False,False,False
W-002440,COMPLETION,60.203942,HIGH,324,297,100,COMPLIANCE,32.0,Strongest actionable compliance result REVIEW/STRONG_WARNING under rule MPLADS-11.2-COMPLETION-UC.,DUPLICATE_REVIEW,14.078462,Corroborated Day-4.1 duplicate review candidate; best similarity score 93.856.,OPERATIONAL_TREND_CONTEXT,9.635036,state_name=Karnataka|district=Karnataka Demo District 3 context; strongest metric progress_report_count; signed robust z 37.435.,True,True,True,False,False,False,False
W-001545,COMPLETION,60.189882,HIGH,325,298,100,COMPLIANCE,32.0,Strongest actionable compliance result REVIEW/STRONG_WARNING under rule MPLADS-11.2-COMPLETION-UC.,PAYMENT_EXECUTION,16.668923,Capped payment/execution family: payment severity score 0.0; positive fund-progress score 83.345; persistence boost 0 points.,ANOMALY,7.780083,Within-lifecycle statistical unusualness percentile 97.251; not a probability.,False,True,True,False,False,False,False
W-001762,COMPLETION,60.189582,HIGH,326,299,100,COMPLIANCE,32.0,Strongest actionable compliance result REVIEW/STRONG_WARNING under rule MPLADS-11.2-COMPLETION-UC.,PAYMENT_EXECUTION,12.643196,Capped payment/execution family: payment severity score 0.0; positive fund-progress score 63.216; persistence boost 10 points.,OPERATIONAL_TREND_CONTEXT,9.343066,state_name=Karnataka|district=Karnataka Demo District 1 context; strongest metric progress_report_count; signed robust z 31.836.,False,True,True,False,False,False,False
W-001089,COMPLETION,60.181906,HIGH,327,300,100,COMPLIANCE,32.0,Strongest actionable compliance result REVIEW/STRONG_WARNING under rule MPLADS-11.2-COMPLETION-UC.,PAYMENT_EXECUTION,20.0,Capped payment/execution family: payment severity score 0.0; positive fund-progress score 100.000; persistence boost 10 points.,OPERATIONAL_TREND_CONTEXT,4.671533,state_name=Telangana|district=Telangana Demo District 4|sector=Sanitation context; strongest metric progress_report_count; signed robust z 9.780.,False,True,True,False,False,False,False
W-000667,COMPLETION,60.181649,HIGH,328,301,100,COMPLIANCE,32.0,Strongest actionable compliance result REVIEW/STRONG_WARNING under rule MPLADS-11.2-COMPLETION-UC.,PAYMENT_EXECUTION,12.0,Capped payment/execution family: payment severity score 60.0; positive fund-progress score 0.000; persistence boost 0 points.,OPERATIONAL_TREND_CONTEXT,8.521898,state_name=Karnataka|district=Karnataka Demo District 2|sector=Roads & Bridges context; strongest metric progress_report_count; signed robust z 22.933.,False,True,True,False,False,False,False
W-001417,COMPLETION,60.178472,HIGH,329,302,100,COMPLIANCE,32.0,Strongest actionable compliance result REVIEW/STRONG_WARNING under rule MPLADS-11.2-COMPLETION-UC.,PAYMENT_EXECUTION,15.63981,Capped payment/execution family: payment severity score 0.0; positive fund-progress score 78.199; persistence boost 0 points.,OPERATIONAL_TREND_CONTEXT,9.854015,state_name=Telangana|district=Telangana Demo District 4 context; strongest metric progress_report_count; signed robust z 49.463.,False,True,True,False,False,False,False
W-002311,COMPLETION,60.151232,HIGH,330,303,100,COMPLIANCE,32.0,Strongest actionable compliance result REVIEW/STRONG_WARNING under rule MPLADS-11.2-COMPLETION-UC.,PAYMENT_EXECUTION,15.669601,Capped payment/execution family: payment severity score 0.0; positive fund-progress score 78.348; persistence boost 10 points.,ANOMALY,6.423237,Within-lifecycle statistical unusualness percentile 80.290; not a probability.,False,True,True,False,False,False,False
W-001708,COMPLETION,60.066209,HIGH,331,304,100,COMPLIANCE,32.0,Strongest actionable compliance result REVIEW/STRONG_WARNING under rule MPLADS-11.2-COMPLETION-UC.,PAYMENT_EXECUTION,17.897089,Capped payment/execution family: payment severity score 0.0; positive fund-progress score 89.485; persistence boost 10 points.,OPERATIONAL_TREND_CONTEXT,8.193431,state_name=Rajasthan|district=Rajasthan Demo District 3|sector=Education context; strongest metric progress_report_count; signed robust z 21.584.,False,True,True,False,False,False,False
W-000733,COMPLETION,60.055631,HIGH,332,305,100,COMPLIANCE,32.0,Strongest actionable compliance result REVIEW/STRONG_WARNING under rule MPLADS-11.2-COMPLETION-UC.,PAYMENT_EXECUTION,13.455653,Capped payment/execution family: payment severity score 60.0; positive fund-progress score 67.278; persistence boost 10 points.,OPERATIONAL_TREND_CONTEXT,8.375912,state_name=Karnataka|district=Karnataka Demo District 2|sector=Sanitation context; strongest metric progress_report_count; signed robust z 22.258.,False,True,True,False,False,False,False
W-000477,COMPLETION,60.051797,HIGH,333,306,100,COMPLIANCE,32.0,Strongest actionable compliance result REVIEW/STRONG_WARNING under rule MPLADS-11.2-COMPLETION-UC.,PAYMENT_EXECUTION,16.316858,Capped payment/execution family: payment severity score 0.0; positive fund-progress score 81.584; persistence boost 0 points.,OPERATIONAL_TREND_CONTEXT,8.99635,state_name=Telangana|district=Telangana Demo District 2|sector=Renewable Energy context; strongest metric progress_report_count; signed robust z 29.003.,False,True,True,False,False,False,False
W-001983,COMPLETION,60.021959,HIGH,334,307,100,COMPLIANCE,32.0,Strongest actionable compliance result REVIEW/STRONG_WARNING under rule MPLADS-11.2-COMPLETION-UC.,PAYMENT_EXECUTION,12.0,Capped payment/execution family: payment severity score 60.0; positive fund-progress score 10.000; persistence boost 10 points.,OPERATIONAL_TREND_CONTEXT,9.233577,state_name=Odisha|district=Odisha Demo District 3 context; strongest metric progress_report_count; signed robust z 31.196.,False,True,True,False,False,False,False
W-000882,COMPLETION,60.021297,HIGH,335,308,100,COMPLIANCE,32.0,Strongest actionable compliance result REVIEW/STRONG_WARNING under rule MPLADS-11.2-COMPLETION-UC.,PAYMENT_EXECUTION,15.033175,Capped payment/execution family: payment severity score 0.0; positive fund-progress score 75.166; persistence boost 10 points.,ANOMALY,7.414938,Within-lifecycle statistical unusualness percentile 92.687; not a probability.,False,True,True,False,False,False,False
W-002002,COMPLETION,59.995774,HIGH,336,309,100,COMPLIANCE,32.0,Strongest actionable compliance result REVIEW/STRONG_WARNING under rule MPLADS-11.2-COMPLETION-UC.,PAYMENT_EXECUTION,20.0,Capped payment/execution family: payment severity score 60.0; positive fund-progress score 100.000; persistence boost 10 points.,ANOMALY,4.510373,Within-lifecycle statistical unusualness percentile 56.380; not a probability.,False,True,True,False,False,False,False
W-000146,COMPLETION,59.988062,HIGH,337,310,100,COMPLIANCE,32.0,Strongest actionable compliance result REVIEW/STRONG_WARNING under rule MPLADS-11.2-COMPLETION-UC.,PAYMENT_EXECUTION,18.005416,Capped payment/execution family: payment severity score 60.0; positive fund-progress score 90.027; persistence boost 10 points.,OPERATIONAL_TREND_CONTEXT,9.854015,state_name=Telangana|district=Telangana Demo District 4 context; strongest metric progress_report_count; signed robust z 49.463.,False,True,True,False,False,False,False
W-000425,COMPLETION,59.985236,HIGH,338,311,100,COMPLIANCE,32.0,Strongest actionable compliance result REVIEW/STRONG_WARNING under rule MPLADS-11.2-COMPLETION-UC.,PAYMENT_EXECUTION,15.730535,Capped payment/execution family: payment severity score 0.0; positive fund-progress score 78.653; persistence boost 10 points.,OPERATIONAL_TREND_CONTEXT,4.835766,state_name=Andhra Pradesh|district=Andhra Pradesh Demo District 2|sector=Education context; strongest metric progress_report_count; signed robust z 10.117.,False,True,True,False,False,False,False
W-001463,COMPLETION,59.967151,HIGH,339,312,100,COMPLIANCE,32.0,Strongest actionable compliance result REVIEW/STRONG_WARNING under rule MPLADS-11.2-COMPLETION-UC.,PAYMENT_EXECUTION,18.926202,Capped payment/execution family: payment severity score 0.0; positive fund-progress score 94.631; persistence boost 10 points.,OPERATIONAL_TREND_CONTEXT,6.094891,state_name=Rajasthan|district=Rajasthan Demo District 3 context; strongest metric progress_report_count; signed robust z 13.288.,False,True,True,False,False,False,False
W-001450,COMPLETION,59.962032,HIGH,340,313,100,COMPLIANCE,32.0,Strongest actionable compliance result REVIEW/STRONG_WARNING under rule MPLADS-11.2-COMPLETION-UC.,PAYMENT_EXECUTION,12.0,Capped payment/execution family: payment severity score 60.0; positive fund-progress score 10.000; persistence boost 10 points.,ANOMALY,6.585062,Within-lifecycle statistical unusualness percentile 82.313; not a probability.,False,True,True,False,False,False,False
W-002619,COMPLETION,59.930727,HIGH,341,314,100,COMPLIANCE,32.0,Strongest actionable compliance result REVIEW/STRONG_WARNING under rule MPLADS-11.2-COMPLETION-UC.,PAYMENT_EXECUTION,16.086662,Capped payment/execution family: payment severity score 0.0; positive fund-progress score 80.433; persistence boost 0 points.,ANOMALY,7.008299,Within-lifecycle statistical unusualness percentile 87.604; not a probability.,False,True,True,False,False,False,False
W-002134,COMPLETION,59.92985,HIGH,342,315,100,COMPLIANCE,32.0,Strongest actionable compliance result REVIEW/STRONG_WARNING under rule MPLADS-11.2-COMPLETION-UC.,PAYMENT_EXECUTION,14.796209,Capped payment/execution family: payment severity score 0.0; positive fund-progress score 73.981; persistence boost 10 points.,OPERATIONAL_TREND_CONTEXT,7.244526,state_name=Odisha|district=Odisha Demo District 1|sector=Roads & Bridges context; strongest metric progress_report_count; signed robust z 16.863.,False,True,True,False,False,False,False
W-000514,COMPLETION,59.910741,HIGH,343,316,100,COMPLIANCE,32.0,Strongest actionable compliance result REVIEW/STRONG_WARNING under rule MPLADS-11.2-COMPLETION-UC.,PAYMENT_EXECUTION,12.318213,Capped payment/execution family: payment severity score 0.0; positive fund-progress score 61.591; persistence boost 10 points.,ANOMALY,7.775934,Within-lifecycle statistical unusualness percentile 97.199; not a probability.,False,True,True,False,False,False,False
W-001397,COMPLETION,59.843023,HIGH,344,317,100,COMPLIANCE,32.0,Strongest actionable compliance result REVIEW/STRONG_WARNING under rule MPLADS-11.2-COMPLETION-UC.,DUPLICATE_REVIEW,14.089227,Corroborated Day-4.1 duplicate review candidate; best similarity score 93.928.,PAYMENT_EXECUTION,8.774543,Capped payment/execution family: payment severity score 0.0; positive fund-progress score 43.873; persistence boost 0 points.,True,True,True,False,False,False,False
W-002732,COMPLETION,59.817821,HIGH,345,318,100,COMPLIANCE,32.0,Strongest actionable compliance result REVIEW/STRONG_WARNING under rule MPLADS-11.2-COMPLETION-UC.,PAYMENT_EXECUTION,20.0,Capped payment/execution family: payment severity score 0.0; positive fund-progress score 100.000; persistence boost 10 points.,ANOMALY,6.941909,Within-lifecycle statistical unusualness percentile 86.774; not a probability.,False,True,True,False,False,False,False
W-000099,COMPLETION,59.810677,HIGH,346,319,100,COMPLIANCE,32.0,Strongest actionable compliance result REVIEW/STRONG_WARNING under rule MPLADS-11.2-COMPLETION-UC.,PAYMENT_EXECUTION,13.916046,Capped payment/execution family: payment severity score 0.0; positive fund-progress score 69.580; persistence boost 10 points.,OPERATIONAL_TREND_CONTEXT,8.284672,state_name=Rajasthan|district=Rajasthan Demo District 1 context; strongest metric progress_report_count; signed robust z 22.146.,False,True,True,False,False,False,False
W-000095,EXECUTION,59.790255,HIGH,347,28,100,PAYMENT_EXECUTION,23.810088,Capped payment/execution family: payment severity score 0.0; positive fund-progress score 95.240; persistence boost 10 points.,OBSERVED_CONDITIONS,15.789474,"Observed overdue=True (days=111.0, score=57.934); observed over sanction=True (overrun_pct=1.040943789035392, score=78.947).",ANOMALY,9.575,Within-lifecycle statistical unusualness percentile 95.750; not a probability.,False,True,False,False,True,True,True
W-001118,EXECUTION,59.781327,HIGH,348,29,100,OBSERVED_CONDITIONS,19.335793,"Observed overdue=True (days=871.0, score=96.679); observed over sanction=False (overrun_pct=0.0, score=0.000).",PAYMENT_EXECUTION,15.0,Capped payment/execution family: payment severity score 60.0; positive fund-progress score 10.000; persistence boost 10 points.,ANOMALY,8.8,Within-lifecycle statistical unusualness percentile 88.000; not a probability.,False,True,True,False,True,False,True
W-002209,COMPLETION,59.780878,HIGH,349,320,100,COMPLIANCE,32.0,Strongest actionable compliance result REVIEW/STRONG_WARNING under rule MPLADS-11.2-COMPLETION-UC.,PAYMENT_EXECUTION,16.50237,Capped payment/execution family: payment severity score 0.0; positive fund-progress score 82.512; persistence boost 10 points.,OPERATIONAL_TREND_CONTEXT,8.99635,state_name=Telangana|district=Telangana Demo District 2|sector=Renewable Energy context; strongest metric progress_report_count; signed robust z 29.003.,False,True,True,False,False,False,False
W-001451,COMPLETION,59.777268,HIGH,350,321,100,COMPLIANCE,32.0,Strongest actionable compliance result REVIEW/STRONG_WARNING under rule MPLADS-11.2-COMPLETION-UC.,PAYMENT_EXECUTION,17.463778,Capped payment/execution family: payment severity score 0.0; positive fund-progress score 87.319; persistence boost 10 points.,ANOMALY,6.572614,Within-lifecycle statistical unusualness percentile 82.158; not a probability.,False,True,True,False,False,False,False
W-002089,COMPLETION,59.741514,HIGH,351,322,100,COMPLIANCE,32.0,Strongest actionable compliance result REVIEW/STRONG_WARNING under rule MPLADS-11.2-COMPLETION-UC.,PAYMENT_EXECUTION,14.82329,Capped payment/execution family: payment severity score 0.0; positive fund-progress score 74.116; persistence boost 10 points.,OPERATIONAL_TREND_CONTEXT,9.233577,state_name=Odisha|district=Odisha Demo District 3 context; strongest metric progress_report_count; signed robust z 31.196.,False,True,True,False,False,False,False
W-002692,COMPLETION,59.739125,HIGH,352,323,100,COMPLIANCE,32.0,Strongest actionable compliance result REVIEW/STRONG_WARNING under rule MPLADS-11.2-COMPLETION-UC.,PAYMENT_EXECUTION,13.563981,Capped payment/execution family: payment severity score 60.0; positive fund-progress score 67.820; persistence boost 10 points.,OPERATIONAL_TREND_CONTEXT,7.846715,state_name=Andhra Pradesh|district=Andhra Pradesh Demo District 2 context; strongest metric progress_report_count; signed robust z 18.802.,False,True,True,False,False,False,False
W-000897,COMPLETION,59.73863,HIGH,353,324,100,COMPLIANCE,32.0,Strongest actionable compliance result REVIEW/STRONG_WARNING under rule MPLADS-11.2-COMPLETION-UC.,PAYMENT_EXECUTION,17.511171,Capped payment/execution family: payment severity score 0.0; positive fund-progress score 87.556; persistence boost 10 points.,OPERATIONAL_TREND_CONTEXT,9.854015,state_name=Telangana|district=Telangana Demo District 4 context; strongest metric progress_report_count; signed robust z 49.463.,False,True,True,False,False,False,False
W-000586,COMPLETION,59.73412,HIGH,354,325,100,COMPLIANCE,32.0,Strongest actionable compliance result REVIEW/STRONG_WARNING under rule MPLADS-11.2-COMPLETION-UC.,PAYMENT_EXECUTION,18.253216,Capped payment/execution family: payment severity score 60.0; positive fund-progress score 91.266; persistence boost 0 points.,ANOMALY,6.962656,Within-lifecycle statistical unusualness percentile 87.033; not a probability.,False,True,True,False,False,False,False
W-000440,COMPLETION,59.728363,HIGH,355,326,100,COMPLIANCE,32.0,Strongest actionable compliance result REVIEW/STRONG_WARNING under rule MPLADS-11.2-COMPLETION-UC.,PAYMENT_EXECUTION,19.332431,Capped payment/execution family: payment severity score 0.0; positive fund-progress score 96.662; persistence boost 10 points.,OPERATIONAL_TREND_CONTEXT,4.835766,state_name=Telangana|district=Telangana Demo District 3|sector=Health context; strongest metric progress_report_count; signed robust z 10.117.,False,True,True,False,False,False,False
W-001756,COMPLETION,59.723879,HIGH,356,327,100,COMPLIANCE,32.0,Strongest actionable compliance result REVIEW/STRONG_WARNING under rule MPLADS-11.2-COMPLETION-UC.,PAYMENT_EXECUTION,15.585647,Capped payment/execution family: payment severity score 0.0; positive fund-progress score 77.928; persistence boost 0 points.,OPERATIONAL_TREND_CONTEXT,9.051095,state_name=Andhra Pradesh|district=Andhra Pradesh Demo District 3 context; strongest metric progress_report_count; signed robust z 29.172.,False,True,True,False,False,False,False
W-001639,COMPLETION,59.721515,HIGH,357,328,100,COMPLIANCE,32.0,Strongest actionable compliance result REVIEW/STRONG_WARNING under rule MPLADS-11.2-COMPLETION-UC.,PAYMENT_EXECUTION,17.084631,Capped payment/execution family: payment severity score 0.0; positive fund-progress score 85.423; persistence boost 10 points.,OPERATIONAL_TREND_CONTEXT,7.591241,state_name=Karnataka|district=Karnataka Demo District 2|sector=Drinking Water context; strongest metric progress_report_count; signed robust z 18.212.,False,True,True,False,False,False,False
W-001773,COMPLETION,59.714766,HIGH,358,329,100,COMPLIANCE,32.0,Strongest actionable compliance result REVIEW/STRONG_WARNING under rule MPLADS-11.2-COMPLETION-UC.,PAYMENT_EXECUTION,17.937712,Capped payment/execution family: payment severity score 0.0; positive fund-progress score 89.689; persistence boost 10 points.,OPERATIONAL_TREND_CONTEXT,9.416058,state_name=Andhra Pradesh|district=Andhra Pradesh Demo District 2|sector=Renewable Energy context; strongest metric progress_report_count; signed robust z 33.050.,False,True,True,False,False,False,False
W-001487,COMPLETION,59.686638,HIGH,359,330,100,COMPLIANCE,32.0,Strongest actionable compliance result REVIEW/STRONG_WARNING under rule MPLADS-11.2-COMPLETION-UC.,PAYMENT_EXECUTION,10.219364,Capped payment/execution family: payment severity score 0.0; positive fund-progress score 51.097; persistence boost 10 points.,OPERATIONAL_TREND_CONTEXT,9.890511,state_name=Maharashtra|district=Maharashtra Demo District 2 context; strongest metric progress_report_count; signed robust z 59.356.,False,True,True,False,False,False,False
W-000654,COMPLETION,59.671757,HIGH,360,331,100,COMPLIANCE,32.0,Strongest actionable compliance result REVIEW/STRONG_WARNING under rule MPLADS-11.2-COMPLETION-UC.,PAYMENT_EXECUTION,18.018957,Capped payment/execution family: payment severity score 60.0; positive fund-progress score 90.095; persistence boost 10 points.,ANOMALY,5.692946,Within-lifecycle statistical unusualness percentile 71.162; not a probability.,False,True,True,False,False,False,False
W-000154,COMPLETION,59.670887,HIGH,361,332,100,COMPLIANCE,32.0,Strongest actionable compliance result REVIEW/STRONG_WARNING under rule MPLADS-11.2-COMPLETION-UC.,PAYMENT_EXECUTION,12.268111,Capped payment/execution family: payment severity score 0.0; positive fund-progress score 61.341; persistence boost 0 points.,ANOMALY,7.879668,Within-lifecycle statistical unusualness percentile 98.496; not a probability.,False,True,True,False,False,False,False
W-000751,COMPLETION,59.626565,HIGH,362,333,100,COMPLIANCE,32.0,Strongest actionable compliance result REVIEW/STRONG_WARNING under rule MPLADS-11.2-COMPLETION-UC.,PAYMENT_EXECUTION,16.831415,Capped payment/execution family: payment severity score 0.0; positive fund-progress score 84.157; persistence boost 0 points.,OPERATIONAL_TREND_CONTEXT,6.405109,state_name=Karnataka|district=Karnataka Demo District 2 context; strongest metric progress_report_count; signed robust z 14.030.,False,True,True,False,False,False,False
W-001944,COMPLETION,59.598305,HIGH,363,334,100,COMPLIANCE,32.0,Strongest actionable compliance result REVIEW/STRONG_WARNING under rule MPLADS-11.2-COMPLETION-UC.,PAYMENT_EXECUTION,14.461747,Capped payment/execution family: payment severity score 0.0; positive fund-progress score 72.309; persistence boost 0 points.,OPERATIONAL_TREND_CONTEXT,8.722628,state_name=Telangana|district=Telangana Demo District 3 context; strongest metric progress_report_count; signed robust z 25.766.,False,True,True,False,False,False,False
W-002904,COMPLETION,59.594972,HIGH,364,335,100,COMPLIANCE,32.0,Strongest actionable compliance result REVIEW/STRONG_WARNING under rule MPLADS-11.2-COMPLETION-UC.,PAYMENT_EXECUTION,20.0,Capped payment/execution family: payment severity score 60.0; positive fund-progress score 100.000; persistence boost 10 points.,OPERATIONAL_TREND_CONTEXT,5.036496,state_name=Maharashtra|district=Maharashtra Demo District 4 context; strongest metric released_payment_count; signed robust z 10.792.,False,True,True,False,False,False,False
W-000064,COMPLETION,59.592826,HIGH,365,336,100,COMPLIANCE,32.0,Strongest actionable compliance result REVIEW/STRONG_WARNING under rule MPLADS-11.2-COMPLETION-UC.,PAYMENT_EXECUTION,18.077183,Capped payment/execution family: payment severity score 60.0; positive fund-progress score 90.386; persistence boost 0 points.,ANOMALY,5.099585,Within-lifecycle statistical unusualness percentile 63.745; not a probability.,False,True,True,False,False,False,False
W-000547,COMPLETION,59.59155,HIGH,366,337,100,COMPLIANCE,32.0,Strongest actionable compliance result REVIEW/STRONG_WARNING under rule MPLADS-11.2-COMPLETION-UC.,PAYMENT_EXECUTION,13.669601,Capped payment/execution family: payment severity score 0.0; positive fund-progress score 68.348; persistence boost 0 points.,ANOMALY,7.170124,Within-lifecycle statistical unusualness percentile 89.627; not a probability.,False,True,True,False,False,False,False
W-002265,COMPLETION,59.571859,HIGH,367,338,100,COMPLIANCE,32.0,Strongest actionable compliance result REVIEW/STRONG_WARNING under rule MPLADS-11.2-COMPLETION-UC.,PAYMENT_EXECUTION,18.208531,Capped payment/execution family: payment severity score 0.0; positive fund-progress score 91.043; persistence boost 10 points.,OPERATIONAL_TREND_CONTEXT,8.649635,state_name=Maharashtra|district=Maharashtra Demo District 2|sector=Sanitation context; strongest metric progress_report_count; signed robust z 24.956.,False,True,True,False,False,False,False
W-000183,COMPLETION,59.560469,HIGH,368,339,100,COMPLIANCE,32.0,Strongest actionable compliance result REVIEW/STRONG_WARNING under rule MPLADS-11.2-COMPLETION-UC.,PAYMENT_EXECUTION,17.788761,Capped payment/execution family: payment severity score 0.0; positive fund-progress score 88.944; persistence boost 10 points.,ANOMALY,6.286307,Within-lifecycle statistical unusualness percentile 78.579; not a probability.,False,True,True,False,False,False,False
W-002302,COMPLETION,59.552602,HIGH,369,340,100,COMPLIANCE,32.0,Strongest actionable compliance result REVIEW/STRONG_WARNING under rule MPLADS-11.2-COMPLETION-UC.,PAYMENT_EXECUTION,12.453622,Capped payment/execution family: payment severity score 0.0; positive fund-progress score 62.268; persistence boost 10 points.,OPERATIONAL_TREND_CONTEXT,6.167883,state_name=Rajasthan|district=Rajasthan Demo District 3|sector=Sanitation context; strongest metric progress_report_count; signed robust z 13.490.,False,True,True,False,False,False,False
W-000839,COMPLETION,59.545692,HIGH,370,341,100,COMPLIANCE,32.0,Strongest actionable compliance result REVIEW/STRONG_WARNING under rule MPLADS-11.2-COMPLETION-UC.,PAYMENT_EXECUTION,16.65132,Capped payment/execution family: payment severity score 60.0; positive fund-progress score 83.257; persistence boost 10 points.,OPERATIONAL_TREND_CONTEXT,7.135036,state_name=Rajasthan|district=Rajasthan Demo District 2|sector=Health context; strongest metric progress_report_count; signed robust z 16.188.,False,True,True,False,False,False,False
W-002557,COMPLETION,59.512243,HIGH,371,342,100,COMPLIANCE,32.0,Strongest actionable compliance result REVIEW/STRONG_WARNING under rule MPLADS-11.2-COMPLETION-UC.,PAYMENT_EXECUTION,17.328368,Capped payment/execution family: payment severity score 60.0; positive fund-progress score 86.642; persistence boost 10 points.,OPERATIONAL_TREND_CONTEXT,9.051095,state_name=Andhra Pradesh|district=Andhra Pradesh Demo District 3 context; strongest metric progress_report_count; signed robust z 29.172.,False,True,True,False,False,False,False
W-002902,COMPLETION,59.503847,HIGH,372,343,100,COMPLIANCE,32.0,Strongest actionable compliance result REVIEW/STRONG_WARNING under rule MPLADS-11.2-COMPLETION-UC.,PAYMENT_EXECUTION,12.0,Capped payment/execution family: payment severity score 60.0; positive fund-progress score 0.000; persistence boost 0 points.,OPERATIONAL_TREND_CONTEXT,8.868613,state_name=Andhra Pradesh|district=Andhra Pradesh Demo District 4|sector=Health context; strongest metric progress_report_count; signed robust z 26.980.,False,True,True,False,False,False,False
W-000141,COMPLETION,59.497126,HIGH,373,344,100,COMPLIANCE,32.0,Strongest actionable compliance result REVIEW/STRONG_WARNING under rule MPLADS-11.2-COMPLETION-UC.,PAYMENT_EXECUTION,12.335816,Capped payment/execution family: payment severity score 0.0; positive fund-progress score 61.679; persistence boost 0 points.,ANOMALY,6.834025,Within-lifecycle statistical unusualness percentile 85.425; not a probability.,False,True,True,False,False,False,False
W-001688,COMPLETION,59.454535,HIGH,374,345,100,COMPLIANCE,32.0,Strongest actionable compliance result REVIEW/STRONG_WARNING under rule MPLADS-11.2-COMPLETION-UC.,PAYMENT_EXECUTION,15.121192,Capped payment/execution family: payment severity score 0.0; positive fund-progress score 75.606; persistence boost 10 points.,OPERATIONAL_TREND_CONTEXT,8.868613,state_name=Andhra Pradesh|district=Andhra Pradesh Demo District 4|sector=Health context; strongest metric progress_report_count; signed robust z 26.980.,False,True,True,False,False,False,False
W-001106,COMPLETION,59.453512,HIGH,375,346,100,COMPLIANCE,32.0,Strongest actionable compliance result REVIEW/STRONG_WARNING under rule MPLADS-11.2-COMPLETION-UC.,PAYMENT_EXECUTION,13.41503,Capped payment/execution family: payment severity score 0.0; positive fund-progress score 67.075; persistence boost 10 points.,OPERATIONAL_TREND_CONTEXT,7.043796,state_name=Maharashtra|district=Maharashtra Demo District 3 context; strongest metric progress_report_count; signed robust z 15.813.,False,True,True,False,False,False,False
W-001525,COMPLETION,59.442327,HIGH,376,347,100,COMPLIANCE,32.0,Strongest actionable compliance result REVIEW/STRONG_WARNING under rule MPLADS-11.2-COMPLETION-UC.,PAYMENT_EXECUTION,13.618145,Capped payment/execution family: payment severity score 60.0; positive fund-progress score 68.091; persistence boost 10 points.,OPERATIONAL_TREND_CONTEXT,8.10219,state_name=Karnataka|district=Karnataka Demo District 4 context; strongest metric progress_report_count; signed robust z 20.909.,False,True,True,False,False,False,False
W-001820,COMPLETION,59.417543,HIGH,377,348,100,COMPLIANCE,32.0,Strongest actionable compliance result REVIEW/STRONG_WARNING under rule MPLADS-11.2-COMPLETION-UC.,PAYMENT_EXECUTION,12.0,Capped payment/execution family: payment severity score 60.0; positive fund-progress score 0.000; persistence boost 0 points.,OPERATIONAL_TREND_CONTEXT,8.10219,state_name=Karnataka|district=Karnataka Demo District 4 context; strongest metric progress_report_count; signed robust z 20.909.,False,True,True,False,False,False,False
W-000525,COMPLETION,59.411942,HIGH,378,349,100,COMPLIANCE,32.0,Strongest actionable compliance result REVIEW/STRONG_WARNING under rule MPLADS-11.2-COMPLETION-UC.,PAYMENT_EXECUTION,14.556534,Capped payment/execution family: payment severity score 0.0; positive fund-progress score 72.783; persistence boost 0 points.,OPERATIONAL_TREND_CONTEXT,8.722628,state_name=Telangana|district=Telangana Demo District 3 context; strongest metric progress_report_count; signed robust z 25.766.,False,True,True,False,False,False,False
W-002791,COMPLETION,59.371277,HIGH,379,350,100,COMPLIANCE,32.0,Strongest actionable compliance result REVIEW/STRONG_WARNING under rule MPLADS-11.2-COMPLETION-UC.,PAYMENT_EXECUTION,12.914015,Capped payment/execution family: payment severity score 0.0; positive fund-progress score 64.570; persistence boost 10 points.,OPERATIONAL_TREND_CONTEXT,6.952555,state_name=Karnataka|district=Karnataka Demo District 4|sector=Education context; strongest metric progress_report_count; signed robust z 15.514.,False,True,True,False,False,False,False
W-001246,COMPLETION,59.31008,HIGH,380,351,100,COMPLIANCE,32.0,Strongest actionable compliance result REVIEW/STRONG_WARNING under rule MPLADS-11.2-COMPLETION-UC.,PAYMENT_EXECUTION,18.844956,Capped payment/execution family: payment severity score 0.0; positive fund-progress score 94.225; persistence boost 10 points.,OPERATIONAL_TREND_CONTEXT,5.875912,state_name=Rajasthan|district=Rajasthan Demo District 3|sector=Sports context; strongest metric progress_report_count; signed robust z 12.816.,False,True,True,False,False,False,False
W-001689,COMPLETION,59.225845,HIGH,381,352,100,COMPLIANCE,32.0,Strongest actionable compliance result REVIEW/STRONG_WARNING under rule MPLADS-11.2-COMPLETION-UC.,PAYMENT_EXECUTION,16.583615,Capped payment/execution family: payment severity score 0.0; positive fund-progress score 82.918; persistence boost 10 points.,OPERATIONAL_TREND_CONTEXT,8.521898,state_name=Odisha|district=Odisha Demo District 4|sector=Health context; strongest metric progress_report_count; signed robust z 22.933.,False,True,True,False,False,False,False
W-000750,COMPLETION,59.222655,HIGH,382,353,100,COMPLIANCE,32.0,Strongest actionable compliance result REVIEW/STRONG_WARNING under rule MPLADS-11.2-COMPLETION-UC.,PAYMENT_EXECUTION,15.784699,Capped payment/execution family: payment severity score 0.0; positive fund-progress score 78.923; persistence boost 10 points.,ANOMALY,6.0,Within-lifecycle statistical unusualness percentile 75.000; not a probability.,False,True,True,False,False,False,False
W-001414,COMPLETION,59.214405,HIGH,383,354,100,COMPLIANCE,32.0,Strongest actionable compliance result REVIEW/STRONG_WARNING under rule MPLADS-11.2-COMPLETION-UC.,PAYMENT_EXECUTION,12.0,Capped payment/execution family: payment severity score 60.0; positive fund-progress score 10.000; persistence boost 10 points.,OPERATIONAL_TREND_CONTEXT,6.751825,state_name=Telangana|district=Telangana Demo District 1|sector=Health context; strongest metric progress_report_count; signed robust z 14.839.,False,True,True,False,False,False,False
W-002926,COMPLETION,59.194825,HIGH,384,355,100,COMPLIANCE,32.0,Strongest actionable compliance result REVIEW/STRONG_WARNING under rule MPLADS-11.2-COMPLETION-UC.,PAYMENT_EXECUTION,18.533514,Capped payment/execution family: payment severity score 0.0; positive fund-progress score 92.668; persistence boost 10 points.,OPERATIONAL_TREND_CONTEXT,5.20073,state_name=Maharashtra|district=Maharashtra Demo District 1|sector=Sanitation context; strongest metric progress_report_count; signed robust z 11.129.,False,True,True,False,False,False,False
W-000063,COMPLETION,59.173253,HIGH,385,356,100,COMPLIANCE,32.0,Strongest actionable compliance result REVIEW/STRONG_WARNING under rule MPLADS-11.2-COMPLETION-UC.,PAYMENT_EXECUTION,14.471225,Capped payment/execution family: payment severity score 0.0; positive fund-progress score 72.356; persistence boost 10 points.,OPERATIONAL_TREND_CONTEXT,7.189781,state_name=Rajasthan|district=Rajasthan Demo District 4 context; strongest metric progress_report_count; signed robust z 16.778.,False,True,True,False,False,False,False
W-001957,COMPLETION,59.152089,HIGH,386,357,100,COMPLIANCE,32.0,Strongest actionable compliance result REVIEW/STRONG_WARNING under rule MPLADS-11.2-COMPLETION-UC.,PAYMENT_EXECUTION,20.0,Capped payment/execution family: payment severity score 0.0; positive fund-progress score 100.000; persistence boost 10 points.,ANOMALY,5.929461,Within-lifecycle statistical unusualness percentile 74.118; not a probability.,False,True,True,False,False,False,False
W-002657,COMPLETION,59.149687,HIGH,387,358,100,COMPLIANCE,32.0,Strongest actionable compliance result REVIEW/STRONG_WARNING under rule MPLADS-11.2-COMPLETION-UC.,PAYMENT_EXECUTION,12.0,Capped payment/execution family: payment severity score 60.0; positive fund-progress score 10.000; persistence boost 10 points.,OPERATIONAL_TREND_CONTEXT,7.043796,state_name=Maharashtra|district=Maharashtra Demo District 3 context; strongest metric progress_report_count; signed robust z 15.813.,False,True,True,False,False,False,False
W-000752,COMPLETION,59.149126,HIGH,388,359,100,COMPLIANCE,32.0,Strongest actionable compliance result REVIEW/STRONG_WARNING under rule MPLADS-11.2-COMPLETION-UC.,PAYMENT_EXECUTION,19.46784,Capped payment/execution family: payment severity score 60.0; positive fund-progress score 97.339; persistence boost 10 points.,OPERATIONAL_TREND_CONTEXT,6.751825,state_name=Karnataka|district=Karnataka Demo District 1|sector=Education context; strongest metric progress_report_count; signed robust z 14.839.,False,True,True,False,False,False,False
W-000305,EXECUTION,59.099486,HIGH,389,30,100,PAYMENT_EXECUTION,25.0,Capped payment/execution family: payment severity score 0.0; positive fund-progress score 100.000; persistence boost 10 points.,OBSERVED_CONDITIONS,16.309963,"Observed overdue=True (days=578.0, score=81.550); observed over sanction=False (overrun_pct=0.0, score=0.000).",ANOMALY,9.375,Within-lifecycle statistical unusualness percentile 93.750; not a probability.,False,False,False,False,True,False,True
W-000935,COMPLETION,59.044886,HIGH,390,360,100,COMPLIANCE,32.0,Strongest actionable compliance result REVIEW/STRONG_WARNING under rule MPLADS-11.2-COMPLETION-UC.,PAYMENT_EXECUTION,12.0,Capped payment/execution family: payment severity score 60.0; positive fund-progress score 18.734; persistence boost 10 points.,OPERATIONAL_TREND_CONTEXT,9.854015,state_name=Telangana|district=Telangana Demo District 4 context; strongest metric progress_report_count; signed robust z 49.463.,False,True,True,False,False,False,False
W-001267,COMPLETION,59.034883,HIGH,391,361,100,COMPLIANCE,32.0,Strongest actionable compliance result REVIEW/STRONG_WARNING under rule MPLADS-11.2-COMPLETION-UC.,PAYMENT_EXECUTION,19.725118,Capped payment/execution family: payment severity score 0.0; positive fund-progress score 98.626; persistence boost 10 points.,ANOMALY,6.087137,Within-lifecycle statistical unusualness percentile 76.089; not a probability.,False,True,True,False,False,False,False
W-001155,COMPLETION,59.034407,HIGH,392,362,100,COMPLIANCE,32.0,Strongest actionable compliance result REVIEW/STRONG_WARNING under rule MPLADS-11.2-COMPLETION-UC.,PAYMENT_EXECUTION,12.0,Capped payment/execution family: payment severity score 60.0; positive fund-progress score 10.000; persistence boost 10 points.,OPERATIONAL_TREND_CONTEXT,9.233577,state_name=Odisha|district=Odisha Demo District 3 context; strongest metric progress_report_count; signed robust z 31.196.,False,True,True,False,False,False,False
W-002098,COMPLETION,59.010631,HIGH,393,363,100,COMPLIANCE,32.0,Strongest actionable compliance result REVIEW/STRONG_WARNING under rule MPLADS-11.2-COMPLETION-UC.,PAYMENT_EXECUTION,12.0,Capped payment/execution family: payment severity score 60.0; positive fund-progress score 0.000; persistence boost 0 points.,OPERATIONAL_TREND_CONTEXT,8.649635,state_name=Maharashtra|district=Maharashtra Demo District 2|sector=Sanitation context; strongest metric progress_report_count; signed robust z 24.956.,False,True,True,False,False,False,False
W-002570,COMPLETION,58.937346,HIGH,394,364,100,COMPLIANCE,32.0,Strongest actionable compliance result REVIEW/STRONG_WARNING under rule MPLADS-11.2-COMPLETION-UC.,PAYMENT_EXECUTION,14.021666,Capped payment/execution family: payment severity score 0.0; positive fund-progress score 70.108; persistence boost 0 points.,OPERATIONAL_TREND_CONTEXT,9.343066,state_name=Karnataka|district=Karnataka Demo District 1 context; strongest metric progress_report_count; signed robust z 31.836.,False,True,True,False,False,False,False
W-001979,COMPLETION,58.898296,HIGH,395,365,100,COMPLIANCE,32.0,Strongest actionable compliance result REVIEW/STRONG_WARNING under rule MPLADS-11.2-COMPLETION-UC.,PAYMENT_EXECUTION,14.881517,Capped payment/execution family: payment severity score 60.0; positive fund-progress score 74.408; persistence boost 0 points.,OPERATIONAL_TREND_CONTEXT,9.635036,state_name=Karnataka|district=Karnataka Demo District 3 context; strongest metric progress_report_count; signed robust z 37.435.,False,True,True,False,False,False,False
W-001831,COMPLETION,58.896189,HIGH,396,366,100,COMPLIANCE,32.0,Strongest actionable compliance result REVIEW/STRONG_WARNING under rule MPLADS-11.2-COMPLETION-UC.,PAYMENT_EXECUTION,20.0,Capped payment/execution family: payment severity score 0.0; positive fund-progress score 100.000; persistence boost 10 points.,OPERATIONAL_TREND_CONTEXT,3.485401,state_name=Karnataka|district=Karnataka Demo District 2|sector=Sports context; strongest metric progress_report_count; signed robust z 8.094.,False,True,True,False,False,False,False
W-000940,COMPLETION,58.780298,HIGH,397,367,100,COMPLIANCE,32.0,Strongest actionable compliance result REVIEW/STRONG_WARNING under rule MPLADS-11.2-COMPLETION-UC.,PAYMENT_EXECUTION,18.465809,Capped payment/execution family: payment severity score 0.0; positive fund-progress score 92.329; persistence boost 10 points.,ANOMALY,5.775934,Within-lifecycle statistical unusualness percentile 72.199; not a probability.,False,True,True,False,False,False,False
W-000814,COMPLETION,58.746777,HIGH,398,368,100,COMPLIANCE,32.0,Strongest actionable compliance result REVIEW/STRONG_WARNING under rule MPLADS-11.2-COMPLETION-UC.,PAYMENT_EXECUTION,14.945159,Capped payment/execution family: payment severity score 0.0; positive fund-progress score 74.726; persistence boost 10 points.,OPERATIONAL_TREND_CONTEXT,6.751825,state_name=Karnataka|district=Karnataka Demo District 1|sector=Education context; strongest metric progress_report_count; signed robust z 14.839.,False,True,True,False,False,False,False
W-001156,COMPLETION,58.74405,HIGH,399,369,100,COMPLIANCE,32.0,Strongest actionable compliance result REVIEW/STRONG_WARNING under rule MPLADS-11.2-COMPLETION-UC.,PAYMENT_EXECUTION,10.117806,Capped payment/execution family: payment severity score 0.0; positive fund-progress score 50.589; persistence boost 10 points.,OPERATIONAL_TREND_CONTEXT,9.051095,state_name=Andhra Pradesh|district=Andhra Pradesh Demo District 3 context; strongest metric progress_report_count; signed robust z 29.172.,False,True,True,False,False,False,False
W-000488,COMPLETION,58.704471,HIGH,400,370,100,COMPLIANCE,32.0,Strongest actionable compliance result REVIEW/STRONG_WARNING under rule MPLADS-11.2-COMPLETION-UC.,PAYMENT_EXECUTION,12.0,Capped payment/execution family: payment severity score 60.0; positive fund-progress score 10.000; persistence boost 10 points.,OPERATIONAL_TREND_CONTEXT,8.521898,state_name=Karnataka|district=Karnataka Demo District 2|sector=Roads & Bridges context; strongest metric progress_report_count; signed robust z 22.933.,False,True,True,False,False,False,False
W-002345,COMPLETION,58.704394,HIGH,401,371,100,COMPLIANCE,32.0,Strongest actionable compliance result REVIEW/STRONG_WARNING under rule MPLADS-11.2-COMPLETION-UC.,PAYMENT_EXECUTION,20.0,Capped payment/execution family: payment severity score 60.0; positive fund-progress score 100.000; persistence boost 10 points.,ANOMALY,4.697095,Within-lifecycle statistical unusualness percentile 58.714; not a probability.,False,True,True,False,False,False,False
W-002939,COMPLETION,58.689326,HIGH,402,372,100,COMPLIANCE,32.0,Strongest actionable compliance result REVIEW/STRONG_WARNING under rule MPLADS-11.2-COMPLETION-UC.,PAYMENT_EXECUTION,17.450237,Capped payment/execution family: payment severity score 60.0; positive fund-progress score 87.251; persistence boost 10 points.,OPERATIONAL_TREND_CONTEXT,6.49635,state_name=Andhra Pradesh|district=Andhra Pradesh Demo District 4|sector=Renewable Energy context; strongest metric progress_report_count; signed robust z 14.165.,False,True,True,False,False,False,False
W-002442,COMPLETION,58.678759,HIGH,403,373,100,COMPLIANCE,32.0,Strongest actionable compliance result REVIEW/STRONG_WARNING under rule MPLADS-11.2-COMPLETION-UC.,PAYMENT_EXECUTION,19.454299,Capped payment/execution family: payment severity score 60.0; positive fund-progress score 97.271; persistence boost 10 points.,OPERATIONAL_TREND_CONTEXT,5.875912,state_name=Rajasthan|district=Rajasthan Demo District 3|sector=Sports context; strongest metric progress_report_count; signed robust z 12.816.,False,True,True,False,False,False,False
W-000367,COMPLETION,58.644985,HIGH,404,374,100,COMPLIANCE,32.0,Strongest actionable compliance result REVIEW/STRONG_WARNING under rule MPLADS-11.2-COMPLETION-UC.,PAYMENT_EXECUTION,15.287745,Capped payment/execution family: payment severity score 0.0; positive fund-progress score 76.439; persistence boost 0 points.,OPERATIONAL_TREND_CONTEXT,5.875912,state_name=Telangana|district=Telangana Demo District 3|sector=Sports context; strongest metric progress_report_count; signed robust z 12.816.,False,True,True,False,False,False,False
W-001358,COMPLETION,58.626371,HIGH,405,375,100,COMPLIANCE,32.0,Strongest actionable compliance result REVIEW/STRONG_WARNING under rule MPLADS-11.2-COMPLETION-UC.,PAYMENT_EXECUTION,8.689235,Capped payment/execution family: payment severity score 0.0; positive fund-progress score 43.446; persistence boost 10 points.,ANOMALY,7.26971,Within-lifecycle statistical unusualness percentile 90.871; not a probability.,False,True,True,False,False,False,False
W-002667,COMPLETION,58.623146,HIGH,406,376,100,COMPLIANCE,32.0,Strongest actionable compliance result REVIEW/STRONG_WARNING under rule MPLADS-11.2-COMPLETION-UC.,PAYMENT_EXECUTION,19.007448,Capped payment/execution family: payment severity score 60.0; positive fund-progress score 95.037; persistence boost 10 points.,ANOMALY,5.809129,Within-lifecycle statistical unusualness percentile 72.614; not a probability.,False,True,True,False,False,False,False
W-000207,COMPLETION,58.601859,HIGH,407,377,100,COMPLIANCE,32.0,Strongest actionable compliance result REVIEW/STRONG_WARNING under rule MPLADS-11.2-COMPLETION-UC.,PAYMENT_EXECUTION,15.811781,Capped payment/execution family: payment severity score 0.0; positive fund-progress score 79.059; persistence boost 10 points.,ANOMALY,5.863071,Within-lifecycle statistical unusualness percentile 73.288; not a probability.,False,True,True,False,False,False,False
W-000145,COMPLETION,58.593285,HIGH,408,378,100,COMPLIANCE,32.0,Strongest actionable compliance result REVIEW/STRONG_WARNING under rule MPLADS-11.2-COMPLETION-UC.,PAYMENT_EXECUTION,20.0,Capped payment/execution family: payment severity score 0.0; positive fund-progress score 100.000; persistence boost 10 points.,OPERATIONAL_TREND_CONTEXT,3.485401,state_name=Telangana|district=Telangana Demo District 2|sector=Sanitation context; strongest metric progress_report_count; signed robust z 8.094.,False,True,True,False,False,False,False
W-002995,COMPLETION,58.576052,HIGH,409,379,100,COMPLIANCE,32.0,Strongest actionable compliance result REVIEW/STRONG_WARNING under rule MPLADS-11.2-COMPLETION-UC.,PAYMENT_EXECUTION,12.169262,Capped payment/execution family: payment severity score 0.0; positive fund-progress score 60.846; persistence boost 10 points.,OPERATIONAL_TREND_CONTEXT,8.029197,state_name=Odisha|district=Odisha Demo District 2 context; strongest metric progress_report_count; signed robust z 20.347.,False,True,True,False,False,False,False
W-002561,COMPLETION,58.546627,HIGH,410,380,100,COMPLIANCE,32.0,Strongest actionable compliance result REVIEW/STRONG_WARNING under rule MPLADS-11.2-COMPLETION-UC.,PAYMENT_EXECUTION,12.0,Capped payment/execution family: payment severity score 60.0; positive fund-progress score 31.327; persistence boost 10 points.,ANOMALY,7.356846,Within-lifecycle statistical unusualness percentile 91.961; not a probability.,False,True,True,False,False,False,False
W-000166,COMPLETION,58.535985,HIGH,411,381,100,COMPLIANCE,32.0,Strongest actionable compliance result REVIEW/STRONG_WARNING under rule MPLADS-11.2-COMPLETION-UC.,PAYMENT_EXECUTION,13.40149,Capped payment/execution family: payment severity score 60.0; positive fund-progress score 67.007; persistence boost 10 points.,OPERATIONAL_TREND_CONTEXT,8.248175,state_name=Odisha|district=Odisha Demo District 4 context; strongest metric progress_report_count; signed robust z 21.696.,False,True,True,False,False,False,False
W-002836,COMPLETION,58.474332,HIGH,412,382,100,COMPLIANCE,32.0,Strongest actionable compliance result REVIEW/STRONG_WARNING under rule MPLADS-11.2-COMPLETION-UC.,PAYMENT_EXECUTION,12.0,Capped payment/execution family: payment severity score 60.0; positive fund-progress score 10.000; persistence boost 10 points.,OPERATIONAL_TREND_CONTEXT,9.051095,state_name=Andhra Pradesh|district=Andhra Pradesh Demo District 3 context; strongest metric progress_report_count; signed robust z 29.172.,False,True,True,False,False,False,False
W-002959,COMPLETION,58.442328,HIGH,413,383,100,COMPLIANCE,32.0,Strongest actionable compliance result REVIEW/STRONG_WARNING under rule MPLADS-11.2-COMPLETION-UC.,PAYMENT_EXECUTION,19.494922,Capped payment/execution family: payment severity score 60.0; positive fund-progress score 97.475; persistence boost 10 points.,OPERATIONAL_TREND_CONTEXT,3.959854,state_name=Andhra Pradesh|district=Andhra Pradesh Demo District 3|sector=Community Infrastructure context; strongest metric progress_report_count; signed robust z 8.768.,False,True,True,False,False,False,False
W-002282,COMPLETION,58.430957,HIGH,414,384,100,COMPLIANCE,32.0,Strongest actionable compliance result REVIEW/STRONG_WARNING under rule MPLADS-11.2-COMPLETION-UC.,PAYMENT_EXECUTION,15.432634,Capped payment/execution family: payment severity score 0.0; positive fund-progress score 77.163; persistence boost 10 points.,OPERATIONAL_TREND_CONTEXT,6.021898,state_name=Rajasthan|district=Rajasthan Demo District 1|sector=Roads & Bridges context; strongest metric progress_report_count; signed robust z 13.153.,False,True,True,False,False,False,False
W-002812,COMPLETION,58.429385,HIGH,415,385,100,COMPLIANCE,32.0,Strongest actionable compliance result REVIEW/STRONG_WARNING under rule MPLADS-11.2-COMPLETION-UC.,PAYMENT_EXECUTION,17.60325,Capped payment/execution family: payment severity score 0.0; positive fund-progress score 88.016; persistence boost 0 points.,ANOMALY,4.647303,Within-lifecycle statistical unusualness percentile 58.091; not a probability.,False,True,True,False,False,False,False
W-000287,COMPLETION,58.416001,HIGH,416,386,100,COMPLIANCE,32.0,Strongest actionable compliance result REVIEW/STRONG_WARNING under rule MPLADS-11.2-COMPLETION-UC.,PAYMENT_EXECUTION,13.591063,Capped payment/execution family: payment severity score 60.0; positive fund-progress score 67.955; persistence boost 10 points.,OPERATIONAL_TREND_CONTEXT,8.248175,state_name=Odisha|district=Odisha Demo District 4 context; strongest metric progress_report_count; signed robust z 21.696.,False,True,True,False,False,False,False
W-001911,COMPLETION,58.413574,HIGH,417,387,100,COMPLIANCE,32.0,Strongest actionable compliance result REVIEW/STRONG_WARNING under rule MPLADS-11.2-COMPLETION-UC.,PAYMENT_EXECUTION,15.879485,Capped payment/execution family: payment severity score 60.0; positive fund-progress score 79.397; persistence boost 10 points.,OPERATIONAL_TREND_CONTEXT,7.372263,state_name=Telangana|district=Telangana Demo District 1|sector=Sports context; strongest metric progress_report_count; signed robust z 17.537.,False,True,True,False,False,False,False
W-002949,COMPLETION,58.340562,HIGH,418,388,100,COMPLIANCE,32.0,Strongest actionable compliance result REVIEW/STRONG_WARNING under rule MPLADS-11.2-COMPLETION-UC.,PAYMENT_EXECUTION,13.374408,Capped payment/execution family: payment severity score 0.0; positive fund-progress score 66.872; persistence boost 10 points.,OPERATIONAL_TREND_CONTEXT,7.974453,state_name=Karnataka|district=Karnataka Demo District 4|sector=Sports context; strongest metric progress_report_count; signed robust z 20.235.,False,True,True,False,False,False,False
W-002899,EXECUTION,58.33944,HIGH,419,31,100,PAYMENT_EXECUTION,22.303656,Capped payment/execution family: payment severity score 0.0; positive fund-progress score 89.215; persistence boost 10 points.,OBSERVED_CONDITIONS,19.926199,"Observed overdue=True (days=945.0, score=99.631); observed over sanction=False (overrun_pct=0.0, score=0.000).",ANOMALY,9.75,Within-lifecycle statistical unusualness percentile 97.500; not a probability.,False,False,False,False,True,False,True
W-002423,COMPLETION,58.335905,HIGH,420,389,100,COMPLIANCE,32.0,Strongest actionable compliance result REVIEW/STRONG_WARNING under rule MPLADS-11.2-COMPLETION-UC.,DUPLICATE_REVIEW,14.078462,Corroborated Day-4.1 duplicate review candidate; best similarity score 93.856.,OPERATIONAL_TREND_CONTEXT,9.635036,state_name=Karnataka|district=Karnataka Demo District 3 context; strongest metric progress_report_count; signed robust z 37.435.,True,False,True,False,False,False,False
W-000246,COMPLETION,58.310734,HIGH,421,390,100,COMPLIANCE,32.0,Strongest actionable compliance result REVIEW/STRONG_WARNING under rule MPLADS-11.2-COMPLETION-UC.,PAYMENT_EXECUTION,20.0,Capped payment/execution family: payment severity score 0.0; positive fund-progress score 100.000; persistence boost 10 points.,ANOMALY,3.701245,Within-lifecycle statistical unusualness percentile 46.266; not a probability.,False,True,True,False,False,False,False
W-002136,COMPLETION,58.299877,HIGH,422,391,100,COMPLIANCE,32.0,Strongest actionable compliance result REVIEW/STRONG_WARNING under rule MPLADS-11.2-COMPLETION-UC.,PAYMENT_EXECUTION,19.115775,Capped payment/execution family: payment severity score 60.0; positive fund-progress score 95.579; persistence boost 10 points.,PEER_DEVIATION,5.373368,1 peer-outlier metric(s); strongest financial_overrun_pct_as_of has absolute robust deviation 9.781.,False,True,True,False,False,False,False
W-000593,COMPLETION,58.29489,HIGH,423,392,100,COMPLIANCE,32.0,Strongest actionable compliance result REVIEW/STRONG_WARNING under rule MPLADS-11.2-COMPLETION-UC.,PAYMENT_EXECUTION,16.346649,Capped payment/execution family: payment severity score 0.0; positive fund-progress score 81.733; persistence boost 10 points.,OPERATIONAL_TREND_CONTEXT,5.328467,state_name=Andhra Pradesh|district=Andhra Pradesh Demo District 1|sector=Drinking Water context; strongest metric progress_report_count; signed robust z 11.466.,False,True,True,False,False,False,False
W-000235,COMPLETION,58.271117,HIGH,424,393,100,COMPLIANCE,32.0,Strongest actionable compliance result REVIEW/STRONG_WARNING under rule MPLADS-11.2-COMPLETION-UC.,PAYMENT_EXECUTION,14.78673,Capped payment/execution family: payment severity score 60.0; positive fund-progress score 73.934; persistence boost 0 points.,OPERATIONAL_TREND_CONTEXT,7.189781,state_name=Rajasthan|district=Rajasthan Demo District 4 context; strongest metric progress_report_count; signed robust z 16.778.,False,True,True,False,False,False,False
W-002897,COMPLETION,58.267915,HIGH,425,394,100,COMPLIANCE,32.0,Strongest actionable compliance result REVIEW/STRONG_WARNING under rule MPLADS-11.2-COMPLETION-UC.,PAYMENT_EXECUTION,13.68585,Capped payment/execution family: payment severity score 0.0; positive fund-progress score 68.429; persistence boost 10 points.,OPERATIONAL_TREND_CONTEXT,5.875912,state_name=Telangana|district=Telangana Demo District 4|sector=Drinking Water context; strongest metric progress_report_count; signed robust z 12.816.,False,True,True,False,False,False,False
W-001598,COMPLETION,58.260234,HIGH,426,395,100,COMPLIANCE,32.0,Strongest actionable compliance result REVIEW/STRONG_WARNING under rule MPLADS-11.2-COMPLETION-UC.,PAYMENT_EXECUTION,10.950575,Capped payment/execution family: payment severity score 0.0; positive fund-progress score 54.753; persistence boost 10 points.,OPERATIONAL_TREND_CONTEXT,8.10219,state_name=Karnataka|district=Karnataka Demo District 4 context; strongest metric progress_report_count; signed robust z 20.909.,False,True,True,False,False,False,False
W-000397,COMPLETION,58.16552,HIGH,427,396,100,COMPLIANCE,32.0,Strongest actionable compliance result REVIEW/STRONG_WARNING under rule MPLADS-11.2-COMPLETION-UC.,PAYMENT_EXECUTION,14.890995,Capped payment/execution family: payment severity score 0.0; positive fund-progress score 74.455; persistence boost 10 points.,ANOMALY,5.946058,Within-lifecycle statistical unusualness percentile 74.326; not a probability.,False,True,True,False,False,False,False
W-002317,COMPLETION,58.118267,HIGH,428,397,100,COMPLIANCE,32.0,Strongest actionable compliance result REVIEW/STRONG_WARNING under rule MPLADS-11.2-COMPLETION-UC.,PAYMENT_EXECUTION,16.102911,Capped payment/execution family: payment severity score 0.0; positive fund-progress score 80.515; persistence boost 10 points.,OPERATIONAL_TREND_CONTEXT,9.160584,state_name=Karnataka|district=Karnataka Demo District 1|sector=Sports context; strongest metric progress_report_count; signed robust z 30.352.,False,True,True,False,False,False,False
W-002547,COMPLETION,58.101415,HIGH,429,398,100,COMPLIANCE,32.0,Strongest actionable compliance result REVIEW/STRONG_WARNING under rule MPLADS-11.2-COMPLETION-UC.,PAYMENT_EXECUTION,13.144211,Capped payment/execution family: payment severity score 60.0; positive fund-progress score 65.721; persistence boost 10 points.,OPERATIONAL_TREND_CONTEXT,6.605839,state_name=Rajasthan|district=Rajasthan Demo District 4|sector=Sanitation context; strongest metric progress_report_count; signed robust z 14.502.,False,True,True,False,False,False,False
W-000401,COMPLETION,58.076471,HIGH,430,399,100,COMPLIANCE,32.0,Strongest actionable compliance result REVIEW/STRONG_WARNING under rule MPLADS-11.2-COMPLETION-UC.,PAYMENT_EXECUTION,16.346649,Capped payment/execution family: payment severity score 0.0; positive fund-progress score 81.733; persistence boost 10 points.,PEER_DEVIATION,4.386423,1 peer-outlier metric(s); strongest financial_overrun_pct_as_of has absolute robust deviation 6.986.,False,True,True,False,False,False,False
W-001095,COMPLETION,58.075348,HIGH,431,400,100,COMPLIANCE,32.0,Strongest actionable compliance result REVIEW/STRONG_WARNING under rule MPLADS-11.2-COMPLETION-UC.,PAYMENT_EXECUTION,17.003385,Capped payment/execution family: payment severity score 0.0; positive fund-progress score 85.017; persistence boost 10 points.,OPERATIONAL_TREND_CONTEXT,5.474453,state_name=Karnataka|district=Karnataka Demo District 3|sector=Sports context; strongest metric progress_report_count; signed robust z 11.804.,False,True,True,False,False,False,False
W-001907,COMPLETION,58.049505,HIGH,432,401,100,COMPLIANCE,32.0,Strongest actionable compliance result REVIEW/STRONG_WARNING under rule MPLADS-11.2-COMPLETION-UC.,PAYMENT_EXECUTION,15.964794,Capped payment/execution family: payment severity score 0.0; positive fund-progress score 79.824; persistence boost 0 points.,ANOMALY,5.904564,Within-lifecycle statistical unusualness percentile 73.807; not a probability.,False,True,True,False,False,False,False
W-001335,COMPLETION,58.042421,HIGH,433,402,100,COMPLIANCE,32.0,Strongest actionable compliance result REVIEW/STRONG_WARNING under rule MPLADS-11.2-COMPLETION-UC.,PAYMENT_EXECUTION,14.579553,Capped payment/execution family: payment severity score 0.0; positive fund-progress score 72.898; persistence boost 10 points.,ANOMALY,7.721992,Within-lifecycle statistical unusualness percentile 96.525; not a probability.,False,True,True,False,False,False,False
W-000239,COMPLETION,58.040717,HIGH,434,403,100,COMPLIANCE,32.0,Strongest actionable compliance result REVIEW/STRONG_WARNING under rule MPLADS-11.2-COMPLETION-UC.,PAYMENT_EXECUTION,15.033175,Capped payment/execution family: payment severity score 60.0; positive fund-progress score 75.166; persistence boost 10 points.,OPERATIONAL_TREND_CONTEXT,9.854015,state_name=Telangana|district=Telangana Demo District 4 context; strongest metric progress_report_count; signed robust z 49.463.,False,True,True,False,False,False,False
W-001174,COMPLETION,58.030257,HIGH,435,404,100,COMPLIANCE,32.0,Strongest actionable compliance result REVIEW/STRONG_WARNING under rule MPLADS-11.2-COMPLETION-UC.,PAYMENT_EXECUTION,12.0,Capped payment/execution family: payment severity score 60.0; positive fund-progress score 5.890; persistence boost 0 points.,OPERATIONAL_TREND_CONTEXT,9.233577,state_name=Odisha|district=Odisha Demo District 3 context; strongest metric progress_report_count; signed robust z 31.196.,False,True,True,False,False,False,False
W-000705,COMPLETION,58.015961,HIGH,436,405,100,COMPLIANCE,32.0,Strongest actionable compliance result REVIEW/STRONG_WARNING under rule MPLADS-11.2-COMPLETION-UC.,PAYMENT_EXECUTION,19.522004,Capped payment/execution family: payment severity score 0.0; positive fund-progress score 97.610; persistence boost 10 points.,OPERATIONAL_TREND_CONTEXT,4.635036,state_name=Karnataka|district=Karnataka Demo District 3|sector=Sanitation context; strongest metric progress_report_count; signed robust z 9.668.,False,True,True,False,False,False,False
W-000049,COMPLETION,58.015632,HIGH,437,406,100,COMPLIANCE,32.0,Strongest actionable compliance result REVIEW/STRONG_WARNING under rule MPLADS-11.2-COMPLETION-UC.,PAYMENT_EXECUTION,11.275559,Capped payment/execution family: payment severity score 0.0; positive fund-progress score 56.378; persistence boost 10 points.,OPERATIONAL_TREND_CONTEXT,8.686131,state_name=Rajasthan|district=Rajasthan Demo District 2 context; strongest metric progress_report_count; signed robust z 25.631.,False,True,True,False,False,False,False
W-001961,COMPLETION,58.013464,HIGH,438,407,100,COMPLIANCE,32.0,Strongest actionable compliance result REVIEW/STRONG_WARNING under rule MPLADS-11.2-COMPLETION-UC.,PAYMENT_EXECUTION,12.00677,Capped payment/execution family: payment severity score 60.0; positive fund-progress score 60.034; persistence boost 10 points.,OPERATIONAL_TREND_CONTEXT,9.890511,state_name=Maharashtra|district=Maharashtra Demo District 2 context; strongest metric progress_report_count; signed robust z 59.356.,False,True,True,False,False,False,False
W-001991,COMPLETION,57.984962,HIGH,439,408,100,COMPLIANCE,32.0,Strongest actionable compliance result REVIEW/STRONG_WARNING under rule MPLADS-11.2-COMPLETION-UC.,PAYMENT_EXECUTION,20.0,Capped payment/execution family: payment severity score 0.0; positive fund-progress score 100.000; persistence boost 10 points.,OPERATIONAL_TREND_CONTEXT,5.20073,state_name=Maharashtra|district=Maharashtra Demo District 1|sector=Sanitation context; strongest metric progress_report_count; signed robust z 11.129.,False,True,True,False,False,False,False
W-002322,COMPLETION,57.966132,HIGH,440,409,100,COMPLIANCE,32.0,Strongest actionable compliance result REVIEW/STRONG_WARNING under rule MPLADS-11.2-COMPLETION-UC.,PAYMENT_EXECUTION,13.188896,Capped payment/execution family: payment severity score 60.0; positive fund-progress score 65.944; persistence boost 0 points.,OPERATIONAL_TREND_CONTEXT,9.051095,state_name=Andhra Pradesh|district=Andhra Pradesh Demo District 3 context; strongest metric progress_report_count; signed robust z 29.172.,False,True,True,False,False,False,False
W-001785,COMPLETION,57.916526,HIGH,441,410,100,COMPLIANCE,32.0,Strongest actionable compliance result REVIEW/STRONG_WARNING under rule MPLADS-11.2-COMPLETION-UC.,PAYMENT_EXECUTION,15.838863,Capped payment/execution family: payment severity score 0.0; positive fund-progress score 79.194; persistence boost 10 points.,OPERATIONAL_TREND_CONTEXT,5.328467,state_name=Andhra Pradesh|district=Andhra Pradesh Demo District 1|sector=Drinking Water context; strongest metric progress_report_count; signed robust z 11.466.,False,True,True,False,False,False,False
W-000109,COMPLETION,57.887707,HIGH,442,411,100,COMPLIANCE,32.0,Strongest actionable compliance result REVIEW/STRONG_WARNING under rule MPLADS-11.2-COMPLETION-UC.,PAYMENT_EXECUTION,15.030467,Capped payment/execution family: payment severity score 60.0; positive fund-progress score 75.152; persistence boost 0 points.,OPERATIONAL_TREND_CONTEXT,8.375912,state_name=Karnataka|district=Karnataka Demo District 1|sector=Health context; strongest metric progress_report_count; signed robust z 22.258.,False,True,True,False,False,False,False
W-001629,COMPLETION,57.880304,HIGH,443,412,100,COMPLIANCE,32.0,Strongest actionable compliance result REVIEW/STRONG_WARNING under rule MPLADS-11.2-COMPLETION-UC.,PAYMENT_EXECUTION,12.0,Capped payment/execution family: payment severity score 60.0; positive fund-progress score 10.000; persistence boost 10 points.,OPERATIONAL_TREND_CONTEXT,8.722628,state_name=Telangana|district=Telangana Demo District 3 context; strongest metric progress_report_count; signed robust z 25.766.,False,True,True,False,False,False,False
W-002856,COMPLETION,57.877124,HIGH,444,413,100,COMPLIANCE,32.0,Strongest actionable compliance result REVIEW/STRONG_WARNING under rule MPLADS-11.2-COMPLETION-UC.,PAYMENT_EXECUTION,20.0,Capped payment/execution family: payment severity score 0.0; positive fund-progress score 100.000; persistence boost 10 points.,ANOMALY,5.767635,Within-lifecycle statistical unusualness percentile 72.095; not a probability.,False,True,True,False,False,False,False
W-000486,COMPLETION,57.855115,HIGH,445,414,100,COMPLIANCE,32.0,Strongest actionable compliance result REVIEW/STRONG_WARNING under rule MPLADS-11.2-COMPLETION-UC.,PAYMENT_EXECUTION,12.0,Capped payment/execution family: payment severity score 60.0; positive fund-progress score 10.000; persistence boost 10 points.,ANOMALY,7.771784,Within-lifecycle statistical unusualness percentile 97.147; not a probability.,False,True,True,False,False,False,False
W-002366,COMPLETION,57.842811,HIGH,446,415,100,COMPLIANCE,32.0,Strongest actionable compliance result REVIEW/STRONG_WARNING under rule MPLADS-11.2-COMPLETION-UC.,PAYMENT_EXECUTION,16.23155,Capped payment/execution family: payment severity score 0.0; positive fund-progress score 81.158; persistence boost 10 points.,OPERATIONAL_TREND_CONTEXT,9.051095,state_name=Andhra Pradesh|district=Andhra Pradesh Demo District 3 context; strongest metric progress_report_count; signed robust z 29.172.,False,True,True,False,False,False,False
W-002273,COMPLETION,57.835988,HIGH,447,416,100,COMPLIANCE,32.0,Strongest actionable compliance result REVIEW/STRONG_WARNING under rule MPLADS-11.2-COMPLETION-UC.,PAYMENT_EXECUTION,14.258632,Capped payment/execution family: payment severity score 0.0; positive fund-progress score 71.293; persistence boost 0 points.,ANOMALY,7.195021,Within-lifecycle statistical unusualness percentile 89.938; not a probability.,False,True,True,False,False,False,False
W-002594,COMPLETION,57.821728,HIGH,448,417,100,COMPLIANCE,32.0,Strongest actionable compliance result REVIEW/STRONG_WARNING under rule MPLADS-11.2-COMPLETION-UC.,PAYMENT_EXECUTION,12.0,Capped payment/execution family: payment severity score 60.0; positive fund-progress score 1.963; persistence boost 0 points.,OPERATIONAL_TREND_CONTEXT,8.029197,state_name=Odisha|district=Odisha Demo District 2 context; strongest metric progress_report_count; signed robust z 20.347.,False,True,True,False,False,False,False
W-001998,COMPLETION,57.800346,HIGH,449,418,100,COMPLIANCE,32.0,Strongest actionable compliance result REVIEW/STRONG_WARNING under rule MPLADS-11.2-COMPLETION-UC.,PAYMENT_EXECUTION,15.967502,Capped payment/execution family: payment severity score 0.0; positive fund-progress score 79.838; persistence boost 10 points.,OPERATIONAL_TREND_CONTEXT,7.372263,state_name=Rajasthan|district=Rajasthan Demo District 1|sector=Health context; strongest metric progress_report_count; signed robust z 17.537.,False,True,True,False,False,False,False
W-000951,EXECUTION,57.796305,HIGH,450,32,100,OBSERVED_CONDITIONS,19.741697,"Observed overdue=True (days=910.0, score=98.708); observed over sanction=False (overrun_pct=0.0, score=0.000).",PAYMENT_EXECUTION,15.0,Capped payment/execution family: payment severity score 60.0; positive fund-progress score 10.000; persistence boost 10 points.,ANOMALY,8.7,Within-lifecycle statistical unusualness percentile 87.000; not a probability.,False,True,True,False,True,False,True
W-000034,COMPLETION,57.794879,HIGH,451,419,100,COMPLIANCE,32.0,Strongest actionable compliance result REVIEW/STRONG_WARNING under rule MPLADS-11.2-COMPLETION-UC.,PAYMENT_EXECUTION,12.0,Capped payment/execution family: payment severity score 60.0; positive fund-progress score 10.000; persistence boost 10 points.,OPERATIONAL_TREND_CONTEXT,6.952555,state_name=Karnataka|district=Karnataka Demo District 4|sector=Education context; strongest metric progress_report_count; signed robust z 15.514.,False,True,True,False,False,False,False
W-002031,COMPLETION,57.776721,HIGH,452,420,100,COMPLIANCE,32.0,Strongest actionable compliance result REVIEW/STRONG_WARNING under rule MPLADS-11.2-COMPLETION-UC.,PAYMENT_EXECUTION,12.0,Capped payment/execution family: payment severity score 60.0; positive fund-progress score 10.000; persistence boost 10 points.,ANOMALY,7.024896,Within-lifecycle statistical unusualness percentile 87.811; not a probability.,False,True,True,False,False,False,False
W-002744,COMPLETION,57.773868,HIGH,453,421,100,COMPLIANCE,32.0,Strongest actionable compliance result REVIEW/STRONG_WARNING under rule MPLADS-11.2-COMPLETION-UC.,PAYMENT_EXECUTION,19.901151,Capped payment/execution family: payment severity score 0.0; positive fund-progress score 99.506; persistence boost 10 points.,OPERATIONAL_TREND_CONTEXT,3.959854,state_name=Karnataka|district=Karnataka Demo District 3|sector=Health context; strongest metric progress_report_count; signed robust z 8.768.,False,True,True,False,False,False,False
W-001652,COMPLETION,57.74919,HIGH,454,422,100,COMPLIANCE,32.0,Strongest actionable compliance result REVIEW/STRONG_WARNING under rule MPLADS-11.2-COMPLETION-UC.,PAYMENT_EXECUTION,12.0,Capped payment/execution family: payment severity score 60.0; positive fund-progress score 41.300; persistence boost 0 points.,OPERATIONAL_TREND_CONTEXT,7.043796,state_name=Maharashtra|district=Maharashtra Demo District 3 context; strongest metric progress_report_count; signed robust z 15.813.,False,True,True,False,False,False,False
W-001997,COMPLETION,57.730738,HIGH,455,423,100,COMPLIANCE,32.0,Strongest actionable compliance result REVIEW/STRONG_WARNING under rule MPLADS-11.2-COMPLETION-UC.,PAYMENT_EXECUTION,15.933649,Capped payment/execution family: payment severity score 0.0; positive fund-progress score 79.668; persistence boost 10 points.,ANOMALY,5.618257,Within-lifecycle statistical unusualness percentile 70.228; not a probability.,False,True,True,False,False,False,False
W-000113,COMPLETION,57.715959,HIGH,456,424,100,COMPLIANCE,32.0,Strongest actionable compliance result REVIEW/STRONG_WARNING under rule MPLADS-11.2-COMPLETION-UC.,PAYMENT_EXECUTION,17.423155,Capped payment/execution family: payment severity score 0.0; positive fund-progress score 87.116; persistence boost 10 points.,OPERATIONAL_TREND_CONTEXT,6.952555,state_name=Maharashtra|district=Maharashtra Demo District 1|sector=Education context; strongest metric progress_report_count; signed robust z 15.514.,False,True,True,False,False,False,False
W-000387,COMPLETION,57.714878,HIGH,457,425,100,COMPLIANCE,32.0,Strongest actionable compliance result REVIEW/STRONG_WARNING under rule MPLADS-11.2-COMPLETION-UC.,PAYMENT_EXECUTION,14.732566,Capped payment/execution family: payment severity score 0.0; positive fund-progress score 73.663; persistence boost 0 points.,OPERATIONAL_TREND_CONTEXT,7.189781,state_name=Rajasthan|district=Rajasthan Demo District 4 context; strongest metric progress_report_count; signed robust z 16.778.,False,True,True,False,False,False,False
W-002940,COMPLETION,57.706514,HIGH,458,426,100,COMPLIANCE,32.0,Strongest actionable compliance result REVIEW/STRONG_WARNING under rule MPLADS-11.2-COMPLETION-UC.,PAYMENT_EXECUTION,12.0,Capped payment/execution family: payment severity score 60.0; positive fund-progress score 40.806; persistence boost 10 points.,OPERATIONAL_TREND_CONTEXT,9.416058,state_name=Andhra Pradesh|district=Andhra Pradesh Demo District 2|sector=Renewable Energy context; strongest metric progress_report_count; signed robust z 33.050.,False,True,True,False,False,False,False
W-002510,COMPLETION,57.663017,HIGH,459,427,100,COMPLIANCE,32.0,Strongest actionable compliance result REVIEW/STRONG_WARNING under rule MPLADS-11.2-COMPLETION-UC.,PAYMENT_EXECUTION,14.037915,Capped payment/execution family: payment severity score 0.0; positive fund-progress score 70.190; persistence boost 10 points.,OPERATIONAL_TREND_CONTEXT,7.919708,state_name=Maharashtra|district=Maharashtra Demo District 1|sector=Renewable Energy context; strongest metric progress_report_count; signed robust z 19.561.,False,True,True,False,False,False,False
W-000632,COMPLETION,57.643885,HIGH,460,428,100,COMPLIANCE,32.0,Strongest actionable compliance result REVIEW/STRONG_WARNING under rule MPLADS-11.2-COMPLETION-UC.,ANOMALY,7.124481,Within-lifecycle statistical unusualness percentile 89.056; not a probability.,OPERATIONAL_TREND_CONTEXT,6.952555,state_name=Maharashtra|district=Maharashtra Demo District 1|sector=Education context; strongest metric progress_report_count; signed robust z 15.514.,False,True,True,False,False,False,False
W-002398,EXECUTION,57.620166,HIGH,461,33,100,PAYMENT_EXECUTION,22.625254,Capped payment/execution family: payment severity score 0.0; positive fund-progress score 90.501; persistence boost 10 points.,OBSERVED_CONDITIONS,13.837638,"Observed overdue=True (days=340.0, score=69.188); observed over sanction=False (overrun_pct=0.0, score=0.000).",COMPLIANCE,6.0,Strongest actionable compliance result REVIEW/WARNING under rule MPLADS-3.2.4-SANCTION-45D.,False,False,True,False,True,False,True
W-000228,COMPLETION,57.619082,HIGH,462,429,100,COMPLIANCE,32.0,Strongest actionable compliance result REVIEW/STRONG_WARNING under rule MPLADS-11.2-COMPLETION-UC.,PAYMENT_EXECUTION,13.279621,Capped payment/execution family: payment severity score 60.0; positive fund-progress score 66.398; persistence boost 10 points.,OPERATIONAL_TREND_CONTEXT,8.248175,state_name=Odisha|district=Odisha Demo District 4 context; strongest metric progress_report_count; signed robust z 21.696.,False,True,True,False,False,False,False
W-002615,COMPLETION,57.613295,HIGH,463,430,100,COMPLIANCE,32.0,Strongest actionable compliance result REVIEW/STRONG_WARNING under rule MPLADS-11.2-COMPLETION-UC.,PAYMENT_EXECUTION,11.113067,Capped payment/execution family: payment severity score 0.0; positive fund-progress score 55.565; persistence boost 10 points.,ANOMALY,7.456432,Within-lifecycle statistical unusualness percentile 93.205; not a probability.,False,True,True,False,False,False,False
W-001168,COMPLETION,57.60976,HIGH,464,431,100,COMPLIANCE,32.0,Strongest actionable compliance result REVIEW/STRONG_WARNING under rule MPLADS-11.2-COMPLETION-UC.,PAYMENT_EXECUTION,11.329722,Capped payment/execution family: payment severity score 0.0; positive fund-progress score 56.649; persistence boost 10 points.,OPERATIONAL_TREND_CONTEXT,7.591241,state_name=Telangana|district=Telangana Demo District 2|sector=Education context; strongest metric progress_report_count; signed robust z 18.212.,False,True,True,False,False,False,False
W-002852,COMPLETION,57.609648,HIGH,465,432,100,COMPLIANCE,32.0,Strongest actionable compliance result REVIEW/STRONG_WARNING under rule MPLADS-11.2-COMPLETION-UC.,PAYMENT_EXECUTION,13.861882,Capped payment/execution family: payment severity score 0.0; positive fund-progress score 69.309; persistence boost 10 points.,OPERATIONAL_TREND_CONTEXT,6.569343,state_name=Maharashtra|district=Maharashtra Demo District 1|sector=Roads & Bridges context; strongest metric progress_report_count; signed robust z 14.389.,False,True,True,False,False,False,False
W-001049,COMPLETION,57.599395,HIGH,466,433,100,COMPLIANCE,32.0,Strongest actionable compliance result REVIEW/STRONG_WARNING under rule MPLADS-11.2-COMPLETION-UC.,PAYMENT_EXECUTION,16.47935,Capped payment/execution family: payment severity score 0.0; positive fund-progress score 82.397; persistence boost 0 points.,OPERATIONAL_TREND_CONTEXT,7.244526,state_name=Odisha|district=Odisha Demo District 2|sector=Health context; strongest metric progress_report_count; signed robust z 16.863.,False,True,True,False,False,False,False
W-001116,COMPLETION,57.582793,HIGH,467,434,100,COMPLIANCE,32.0,Strongest actionable compliance result REVIEW/STRONG_WARNING under rule MPLADS-11.2-COMPLETION-UC.,PAYMENT_EXECUTION,19.535545,Capped payment/execution family: payment severity score 0.0; positive fund-progress score 97.678; persistence boost 10 points.,ANOMALY,5.937759,Within-lifecycle statistical unusualness percentile 74.222; not a probability.,False,True,True,False,False,False,False
W-002333,COMPLETION,57.55914,HIGH,468,435,100,COMPLIANCE,32.0,Strongest actionable compliance result REVIEW/STRONG_WARNING under rule MPLADS-11.2-COMPLETION-UC.,PAYMENT_EXECUTION,18.547055,Capped payment/execution family: payment severity score 60.0; positive fund-progress score 92.735; persistence boost 10 points.,OPERATIONAL_TREND_CONTEXT,5.729927,state_name=Odisha|district=Odisha Demo District 4|sector=Sports context; strongest metric progress_report_count; signed robust z 12.478.,False,True,True,False,False,False,False
W-001098,COMPLETION,57.556447,HIGH,469,436,100,COMPLIANCE,32.0,Strongest actionable compliance result REVIEW/STRONG_WARNING under rule MPLADS-11.2-COMPLETION-UC.,PAYMENT_EXECUTION,18.398104,Capped payment/execution family: payment severity score 0.0; positive fund-progress score 91.991; persistence boost 10 points.,OPERATIONAL_TREND_CONTEXT,5.328467,state_name=Karnataka|district=Karnataka Demo District 1|sector=Sanitation context; strongest metric progress_report_count; signed robust z 11.466.,False,True,True,False,False,False,False
W-002705,COMPLETION,57.531339,HIGH,470,437,100,COMPLIANCE,32.0,Strongest actionable compliance result REVIEW/STRONG_WARNING under rule MPLADS-11.2-COMPLETION-UC.,PAYMENT_EXECUTION,18.235613,Capped payment/execution family: payment severity score 0.0; positive fund-progress score 91.178; persistence boost 10 points.,OPERATIONAL_TREND_CONTEXT,4.416058,state_name=Karnataka|district=Karnataka Demo District 2|sector=Education context; strongest metric progress_report_count; signed robust z 9.443.,False,True,True,False,False,False,False
W-000438,COMPLETION,57.522822,HIGH,471,438,100,COMPLIANCE,32.0,Strongest actionable compliance result REVIEW/STRONG_WARNING under rule MPLADS-11.2-COMPLETION-UC.,PAYMENT_EXECUTION,20.0,Capped payment/execution family: payment severity score 0.0; positive fund-progress score 100.000; persistence boost 10 points.,ANOMALY,5.522822,Within-lifecycle statistical unusualness percentile 69.035; not a probability.,False,True,True,False,False,False,False
W-000299,COMPLETION,57.504111,HIGH,472,439,100,COMPLIANCE,32.0,Strongest actionable compliance result REVIEW/STRONG_WARNING under rule MPLADS-11.2-COMPLETION-UC.,PAYMENT_EXECUTION,14.850372,Capped payment/execution family: payment severity score 0.0; positive fund-progress score 74.252; persistence boost 10 points.,ANOMALY,6.912863,Within-lifecycle statistical unusualness percentile 86.411; not a probability.,False,True,True,False,False,False,False
W-001532,COMPLETION,57.48263,HIGH,473,440,100,COMPLIANCE,32.0,Strongest actionable compliance result REVIEW/STRONG_WARNING under rule MPLADS-11.2-COMPLETION-UC.,PAYMENT_EXECUTION,12.0,Capped payment/execution family: payment severity score 60.0; positive fund-progress score 10.000; persistence boost 10 points.,OPERATIONAL_TREND_CONTEXT,9.051095,state_name=Andhra Pradesh|district=Andhra Pradesh Demo District 3 context; strongest metric progress_report_count; signed robust z 29.172.,False,True,True,False,False,False,False
W-001559,COMPLETION,57.447744,HIGH,474,441,100,COMPLIANCE,32.0,Strongest actionable compliance result REVIEW/STRONG_WARNING under rule MPLADS-11.2-COMPLETION-UC.,PAYMENT_EXECUTION,16.488829,Capped payment/execution family: payment severity score 60.0; positive fund-progress score 82.444; persistence boost 10 points.,ANOMALY,4.780083,Within-lifecycle statistical unusualness percentile 59.751; not a probability.,False,True,True,False,False,False,False
W-001674,COMPLETION,57.446891,HIGH,475,442,100,COMPLIANCE,32.0,Strongest actionable compliance result REVIEW/STRONG_WARNING under rule MPLADS-11.2-COMPLETION-UC.,PAYMENT_EXECUTION,12.0,Capped payment/execution family: payment severity score 60.0; positive fund-progress score 0.000; persistence boost 0 points.,OPERATIONAL_TREND_CONTEXT,9.160584,state_name=Karnataka|district=Karnataka Demo District 1|sector=Sports context; strongest metric progress_report_count; signed robust z 30.352.,False,True,True,False,False,False,False
W-002027,COMPLETION,57.431639,HIGH,476,443,100,COMPLIANCE,32.0,Strongest actionable compliance result REVIEW/STRONG_WARNING under rule MPLADS-11.2-COMPLETION-UC.,PAYMENT_EXECUTION,19.670955,Capped payment/execution family: payment severity score 60.0; positive fund-progress score 98.355; persistence boost 10 points.,OPERATIONAL_TREND_CONTEXT,3.959854,state_name=Maharashtra|district=Maharashtra Demo District 3|sector=Community Infrastructure context; strongest metric progress_report_count; signed robust z 8.768.,False,True,True,False,False,False,False
W-000272,COMPLETION,57.407094,HIGH,477,444,100,COMPLIANCE,32.0,Strongest actionable compliance result REVIEW/STRONG_WARNING under rule MPLADS-11.2-COMPLETION-UC.,OPERATIONAL_TREND_CONTEXT,8.138686,state_name=Maharashtra|district=Maharashtra Demo District 1|sector=Health context; strongest metric progress_report_count; signed robust z 20.910.,ANOMALY,7.107884,Within-lifecycle statistical unusualness percentile 88.849; not a probability.,False,True,True,False,False,False,False
W-002662,COMPLETION,57.403349,HIGH,478,445,100,COMPLIANCE,32.0,Strongest actionable compliance result REVIEW/STRONG_WARNING under rule MPLADS-11.2-COMPLETION-UC.,PAYMENT_EXECUTION,12.613406,Capped payment/execution family: payment severity score 0.0; positive fund-progress score 63.067; persistence boost 0 points.,OPERATIONAL_TREND_CONTEXT,6.167883,state_name=Rajasthan|district=Rajasthan Demo District 3|sector=Sanitation context; strongest metric progress_report_count; signed robust z 13.490.,False,True,True,False,False,False,False
W-001943,EXECUTION,57.386494,HIGH,479,34,100,OBSERVED_CONDITIONS,19.667897,"Observed overdue=True (days=902.0, score=98.339); observed over sanction=False (overrun_pct=0.0, score=0.000).",PAYMENT_EXECUTION,15.0,Capped payment/execution family: payment severity score 60.0; positive fund-progress score 10.000; persistence boost 10 points.,ANOMALY,9.125,Within-lifecycle statistical unusualness percentile 91.250; not a probability.,False,True,False,False,True,False,True
W-000726,COMPLETION,57.363267,HIGH,480,446,100,COMPLIANCE,32.0,Strongest actionable compliance result REVIEW/STRONG_WARNING under rule MPLADS-11.2-COMPLETION-UC.,PAYMENT_EXECUTION,11.902505,Capped payment/execution family: payment severity score 0.0; positive fund-progress score 59.513; persistence boost 0 points.,OPERATIONAL_TREND_CONTEXT,9.635036,state_name=Karnataka|district=Karnataka Demo District 3 context; strongest metric progress_report_count; signed robust z 37.435.,False,True,True,False,False,False,False
W-002715,COMPLETION,57.35843,HIGH,481,447,100,COMPLIANCE,32.0,Strongest actionable compliance result REVIEW/STRONG_WARNING under rule MPLADS-11.2-COMPLETION-UC.,PAYMENT_EXECUTION,16.492891,Capped payment/execution family: payment severity score 0.0; positive fund-progress score 82.464; persistence boost 0 points.,OPERATIONAL_TREND_CONTEXT,8.375912,state_name=Odisha|district=Odisha Demo District 1|sector=Drinking Water context; strongest metric progress_report_count; signed robust z 22.258.,False,True,True,False,False,False,False
W-001800,COMPLETION,57.349047,HIGH,482,448,100,COMPLIANCE,32.0,Strongest actionable compliance result REVIEW/STRONG_WARNING under rule MPLADS-11.2-COMPLETION-UC.,PAYMENT_EXECUTION,12.0,Capped payment/execution family: payment severity score 60.0; positive fund-progress score 23.609; persistence boost 10 points.,OPERATIONAL_TREND_CONTEXT,8.99635,state_name=Telangana|district=Telangana Demo District 2|sector=Renewable Energy context; strongest metric progress_report_count; signed robust z 29.003.,False,True,True,False,False,False,False
W-001271,COMPLETION,57.346749,HIGH,483,449,100,COMPLIANCE,32.0,Strongest actionable compliance result REVIEW/STRONG_WARNING under rule MPLADS-11.2-COMPLETION-UC.,PAYMENT_EXECUTION,11.559919,Capped payment/execution family: payment severity score 0.0; positive fund-progress score 57.800; persistence boost 10 points.,OPERATIONAL_TREND_CONTEXT,8.248175,state_name=Odisha|district=Odisha Demo District 4 context; strongest metric progress_report_count; signed robust z 21.696.,False,True,True,False,False,False,False
W-001909,COMPLETION,57.281953,HIGH,484,450,100,COMPLIANCE,32.0,Strongest actionable compliance result REVIEW/STRONG_WARNING under rule MPLADS-11.2-COMPLETION-UC.,PAYMENT_EXECUTION,16.421124,Capped payment/execution family: payment severity score 0.0; positive fund-progress score 82.106; persistence boost 10 points.,OPERATIONAL_TREND_CONTEXT,6.167883,state_name=Telangana|district=Telangana Demo District 3|sector=Roads & Bridges context; strongest metric progress_report_count; signed robust z 13.490.,False,True,True,False,False,False,False
W-001705,COMPLETION,57.254977,HIGH,485,451,100,COMPLIANCE,32.0,Strongest actionable compliance result REVIEW/STRONG_WARNING under rule MPLADS-11.2-COMPLETION-UC.,PAYMENT_EXECUTION,18.289777,Capped payment/execution family: payment severity score 60.0; positive fund-progress score 91.449; persistence boost 10 points.,OPERATIONAL_TREND_CONTEXT,4.890511,state_name=Maharashtra|district=Maharashtra Demo District 4|sector=Sports context; strongest metric progress_report_count; signed robust z 10.192.,False,True,True,False,False,False,False
W-001447,COMPLETION,57.25449,HIGH,486,452,100,COMPLIANCE,32.0,Strongest actionable compliance result REVIEW/STRONG_WARNING under rule MPLADS-11.2-COMPLETION-UC.,PAYMENT_EXECUTION,12.0,Capped payment/execution family: payment severity score 60.0; positive fund-progress score 0.000; persistence boost 0 points.,ANOMALY,7.688797,Within-lifecycle statistical unusualness percentile 96.110; not a probability.,False,True,True,False,False,False,False
W-001226,COMPLETION,57.220202,HIGH,487,453,100,COMPLIANCE,32.0,Strongest actionable compliance result REVIEW/STRONG_WARNING under rule MPLADS-11.2-COMPLETION-UC.,PAYMENT_EXECUTION,14.36696,Capped payment/execution family: payment severity score 60.0; positive fund-progress score 71.835; persistence boost 0 points.,OPERATIONAL_TREND_CONTEXT,6.405109,state_name=Karnataka|district=Karnataka Demo District 2 context; strongest metric progress_report_count; signed robust z 14.030.,False,True,True,False,False,False,False
W-001070,COMPLETION,57.193308,HIGH,488,454,100,COMPLIANCE,32.0,Strongest actionable compliance result REVIEW/STRONG_WARNING under rule MPLADS-11.2-COMPLETION-UC.,PAYMENT_EXECUTION,19.589709,Capped payment/execution family: payment severity score 60.0; positive fund-progress score 97.949; persistence boost 10 points.,ANOMALY,2.829876,Within-lifecycle statistical unusualness percentile 35.373; not a probability.,False,True,True,False,False,False,False
W-002479,COMPLETION,57.190426,HIGH,489,455,100,COMPLIANCE,32.0,Strongest actionable compliance result REVIEW/STRONG_WARNING under rule MPLADS-11.2-COMPLETION-UC.,PAYMENT_EXECUTION,14.200406,Capped payment/execution family: payment severity score 0.0; positive fund-progress score 71.002; persistence boost 10 points.,OPERATIONAL_TREND_CONTEXT,8.375912,state_name=Karnataka|district=Karnataka Demo District 2|sector=Sanitation context; strongest metric progress_report_count; signed robust z 22.258.,False,True,True,False,False,False,False
W-000556,COMPLETION,57.185965,HIGH,490,456,100,COMPLIANCE,32.0,Strongest actionable compliance result REVIEW/STRONG_WARNING under rule MPLADS-11.2-COMPLETION-UC.,PAYMENT_EXECUTION,12.0,Capped payment/execution family: payment severity score 60.0; positive fund-progress score 10.000; persistence boost 10 points.,OPERATIONAL_TREND_CONTEXT,9.854015,state_name=Telangana|district=Telangana Demo District 4 context; strongest metric progress_report_count; signed robust z 49.463.,False,True,True,False,False,False,False
W-002739,COMPLETION,57.18336,HIGH,491,457,100,COMPLIANCE,32.0,Strongest actionable compliance result REVIEW/STRONG_WARNING under rule MPLADS-11.2-COMPLETION-UC.,PAYMENT_EXECUTION,12.0,Capped payment/execution family: payment severity score 60.0; positive fund-progress score 10.000; persistence boost 10 points.,OPERATIONAL_TREND_CONTEXT,6.751825,state_name=Telangana|district=Telangana Demo District 1|sector=Health context; strongest metric progress_report_count; signed robust z 14.839.,False,True,True,False,False,False,False
W-002772,COMPLETION,57.175818,HIGH,492,458,100,COMPLIANCE,32.0,Strongest actionable compliance result REVIEW/STRONG_WARNING under rule MPLADS-11.2-COMPLETION-UC.,PAYMENT_EXECUTION,15.554502,Capped payment/execution family: payment severity score 0.0; positive fund-progress score 77.773; persistence boost 10 points.,ANOMALY,7.431535,Within-lifecycle statistical unusualness percentile 92.894; not a probability.,False,True,True,False,False,False,False
W-001480,COMPLETION,57.116785,HIGH,493,459,100,COMPLIANCE,32.0,Strongest actionable compliance result REVIEW/STRONG_WARNING under rule MPLADS-11.2-COMPLETION-UC.,PAYMENT_EXECUTION,12.376439,Capped payment/execution family: payment severity score 0.0; positive fund-progress score 61.882; persistence boost 0 points.,OPERATIONAL_TREND_CONTEXT,8.138686,state_name=Maharashtra|district=Maharashtra Demo District 1|sector=Health context; strongest metric progress_report_count; signed robust z 20.910.,False,True,True,False,False,False,False
W-000754,COMPLETION,57.11622,HIGH,494,460,100,COMPLIANCE,32.0,Strongest actionable compliance result REVIEW/STRONG_WARNING under rule MPLADS-11.2-COMPLETION-UC.,PAYMENT_EXECUTION,14.931618,Capped payment/execution family: payment severity score 0.0; positive fund-progress score 74.658; persistence boost 10 points.,OPERATIONAL_TREND_CONTEXT,7.591241,state_name=Telangana|district=Telangana Demo District 2|sector=Education context; strongest metric progress_report_count; signed robust z 18.212.,False,True,True,False,False,False,False
W-000567,COMPLETION,57.106271,HIGH,495,461,100,COMPLIANCE,32.0,Strongest actionable compliance result REVIEW/STRONG_WARNING under rule MPLADS-11.2-COMPLETION-UC.,PAYMENT_EXECUTION,17.165877,Capped payment/execution family: payment severity score 0.0; positive fund-progress score 85.829; persistence boost 10 points.,OPERATIONAL_TREND_CONTEXT,4.708029,state_name=Telangana|district=Telangana Demo District 4|sector=Health context; strongest metric progress_report_count; signed robust z 9.893.,False,True,True,False,False,False,False
W-000779,COMPLETION,57.098112,HIGH,496,462,100,COMPLIANCE,32.0,Strongest actionable compliance result REVIEW/STRONG_WARNING under rule MPLADS-11.2-COMPLETION-UC.,PAYMENT_EXECUTION,12.457684,Capped payment/execution family: payment severity score 0.0; positive fund-progress score 62.288; persistence boost 0 points.,ANOMALY,7.165975,Within-lifecycle statistical unusualness percentile 89.575; not a probability.,False,True,True,False,False,False,False
W-000551,COMPLETION,57.07584,HIGH,497,463,100,COMPLIANCE,32.0,Strongest actionable compliance result REVIEW/STRONG_WARNING under rule MPLADS-11.2-COMPLETION-UC.,PAYMENT_EXECUTION,12.0,Capped payment/execution family: payment severity score 60.0; positive fund-progress score 10.000; persistence boost 10 points.,ANOMALY,7.053942,Within-lifecycle statistical unusualness percentile 88.174; not a probability.,False,True,True,False,False,False,False
W-002279,COMPLETION,57.061732,HIGH,498,464,100,COMPLIANCE,32.0,Strongest actionable compliance result REVIEW/STRONG_WARNING under rule MPLADS-11.2-COMPLETION-UC.,PAYMENT_EXECUTION,15.256601,Capped payment/execution family: payment severity score 0.0; positive fund-progress score 76.283; persistence boost 10 points.,OPERATIONAL_TREND_CONTEXT,8.029197,state_name=Odisha|district=Odisha Demo District 2 context; strongest metric progress_report_count; signed robust z 20.347.,False,True,True,False,False,False,False
W-000832,COMPLETION,57.043549,HIGH,499,465,100,COMPLIANCE,32.0,Strongest actionable compliance result REVIEW/STRONG_WARNING under rule MPLADS-11.2-COMPLETION-UC.,OPERATIONAL_TREND_CONTEXT,9.854015,state_name=Telangana|district=Telangana Demo District 4 context; strongest metric progress_report_count; signed robust z 49.463.,PAYMENT_EXECUTION,8.255924,Capped payment/execution family: payment severity score 0.0; positive fund-progress score 41.280; persistence boost 10 points.,False,True,True,False,False,False,False
W-000330,COMPLETION,57.038851,HIGH,500,466,100,COMPLIANCE,32.0,Strongest actionable compliance result REVIEW/STRONG_WARNING under rule MPLADS-11.2-COMPLETION-UC.,PAYMENT_EXECUTION,11.198375,Capped payment/execution family: payment severity score 0.0; positive fund-progress score 55.992; persistence boost 0 points.,OPERATIONAL_TREND_CONTEXT,7.043796,state_name=Maharashtra|district=Maharashtra Demo District 3 context; strongest metric progress_report_count; signed robust z 15.813.,False,True,True,False,False,False,False
W-002612,COMPLETION,57.015417,HIGH,501,467,100,COMPLIANCE,32.0,Strongest actionable compliance result REVIEW/STRONG_WARNING under rule MPLADS-11.2-COMPLETION-UC.,PAYMENT_EXECUTION,12.0,Capped payment/execution family: payment severity score 60.0; positive fund-progress score 10.000; persistence boost 10 points.,OPERATIONAL_TREND_CONTEXT,7.372263,state_name=Andhra Pradesh|district=Andhra Pradesh Demo District 4|sector=Education context; strongest metric progress_report_count; signed robust z 17.537.,False,True,True,False,False,False,False
W-000190,COMPLETION,57.006969,HIGH,502,468,100,COMPLIANCE,32.0,Strongest actionable compliance result REVIEW/STRONG_WARNING under rule MPLADS-11.2-COMPLETION-UC.,PAYMENT_EXECUTION,11.252539,Capped payment/execution family: payment severity score 0.0; positive fund-progress score 56.263; persistence boost 0 points.,OPERATIONAL_TREND_CONTEXT,9.854015,state_name=Telangana|district=Telangana Demo District 4 context; strongest metric progress_report_count; signed robust z 49.463.,False,True,True,False,False,False,False
W-001060,COMPLETION,56.983023,HIGH,503,469,100,COMPLIANCE,32.0,Strongest actionable compliance result REVIEW/STRONG_WARNING under rule MPLADS-11.2-COMPLETION-UC.,PAYMENT_EXECUTION,11.911984,Capped payment/execution family: payment severity score 0.0; positive fund-progress score 59.560; persistence boost 10 points.,OPERATIONAL_TREND_CONTEXT,8.99635,state_name=Andhra Pradesh|district=Andhra Pradesh Demo District 2|sector=Health context; strongest metric progress_report_count; signed robust z 29.003.,False,True,True,False,False,False,False
W-000526,COMPLETION,56.970667,HIGH,504,470,100,COMPLIANCE,32.0,Strongest actionable compliance result REVIEW/STRONG_WARNING under rule MPLADS-11.2-COMPLETION-UC.,PAYMENT_EXECUTION,12.0,Capped payment/execution family: payment severity score 60.0; positive fund-progress score 49.201; persistence boost 10 points.,OPERATIONAL_TREND_CONTEXT,7.244526,state_name=Odisha|district=Odisha Demo District 2|sector=Health context; strongest metric progress_report_count; signed robust z 16.863.,False,True,True,False,False,False,False
W-002983,COMPLETION,56.959764,HIGH,505,471,100,COMPLIANCE,32.0,Strongest actionable compliance result REVIEW/STRONG_WARNING under rule MPLADS-11.2-COMPLETION-UC.,PAYMENT_EXECUTION,16.371022,Capped payment/execution family: payment severity score 0.0; positive fund-progress score 81.855; persistence boost 0 points.,ANOMALY,5.979253,Within-lifecycle statistical unusualness percentile 74.741; not a probability.,False,True,True,False,False,False,False
W-000816,COMPLETION,56.956626,HIGH,506,472,100,COMPLIANCE,32.0,Strongest actionable compliance result REVIEW/STRONG_WARNING under rule MPLADS-11.2-COMPLETION-UC.,PAYMENT_EXECUTION,13.638456,Capped payment/execution family: payment severity score 60.0; positive fund-progress score 68.192; persistence boost 10 points.,OPERATIONAL_TREND_CONTEXT,9.343066,state_name=Karnataka|district=Karnataka Demo District 1 context; strongest metric progress_report_count; signed robust z 31.836.,False,True,True,False,False,False,False
W-001274,COMPLETION,56.933578,HIGH,507,473,100,COMPLIANCE,32.0,Strongest actionable compliance result REVIEW/STRONG_WARNING under rule MPLADS-11.2-COMPLETION-UC.,OPERATIONAL_TREND_CONTEXT,8.138686,state_name=Maharashtra|district=Maharashtra Demo District 1|sector=Health context; strongest metric progress_report_count; signed robust z 20.910.,ANOMALY,7.473029,Within-lifecycle statistical unusualness percentile 93.413; not a probability.,False,True,True,False,False,False,False
W-002199,COMPLETION,56.92413,HIGH,508,474,100,COMPLIANCE,32.0,Strongest actionable compliance result REVIEW/STRONG_WARNING under rule MPLADS-11.2-COMPLETION-UC.,PAYMENT_EXECUTION,12.0,Capped payment/execution family: payment severity score 60.0; positive fund-progress score 10.000; persistence boost 10 points.,OPERATIONAL_TREND_CONTEXT,7.372263,state_name=Andhra Pradesh|district=Andhra Pradesh Demo District 4|sector=Education context; strongest metric progress_report_count; signed robust z 17.537.,False,True,True,False,False,False,False
W-000889,COMPLETION,56.91256,HIGH,509,475,100,COMPLIANCE,32.0,Strongest actionable compliance result REVIEW/STRONG_WARNING under rule MPLADS-11.2-COMPLETION-UC.,ANOMALY,7.585062,Within-lifecycle statistical unusualness percentile 94.813; not a probability.,OPERATIONAL_TREND_CONTEXT,7.189781,state_name=Rajasthan|district=Rajasthan Demo District 4 context; strongest metric progress_report_count; signed robust z 16.778.,False,True,True,False,False,False,False
W-000875,COMPLETION,56.891096,HIGH,510,476,100,COMPLIANCE,32.0,Strongest actionable compliance result REVIEW/STRONG_WARNING under rule MPLADS-11.2-COMPLETION-UC.,PAYMENT_EXECUTION,10.408937,Capped payment/execution family: payment severity score 0.0; positive fund-progress score 52.045; persistence boost 10 points.,OPERATIONAL_TREND_CONTEXT,6.952555,state_name=Karnataka|district=Karnataka Demo District 4|sector=Education context; strongest metric progress_report_count; signed robust z 15.514.,False,True,True,False,False,False,False
W-001753,COMPLETION,56.866019,HIGH,511,477,100,COMPLIANCE,32.0,Strongest actionable compliance result REVIEW/STRONG_WARNING under rule MPLADS-11.2-COMPLETION-UC.,OPERATIONAL_TREND_CONTEXT,7.372263,state_name=Andhra Pradesh|district=Andhra Pradesh Demo District 4|sector=Education context; strongest metric progress_report_count; signed robust z 17.537.,PAYMENT_EXECUTION,7.34868,Capped payment/execution family: payment severity score 0.0; positive fund-progress score 36.743; persistence boost 10 points.,False,True,True,False,False,False,False
W-001140,COMPLETION,56.861844,HIGH,512,478,100,COMPLIANCE,32.0,Strongest actionable compliance result REVIEW/STRONG_WARNING under rule MPLADS-11.2-COMPLETION-UC.,PAYMENT_EXECUTION,14.542993,Capped payment/execution family: payment severity score 0.0; positive fund-progress score 72.715; persistence boost 0 points.,OPERATIONAL_TREND_CONTEXT,7.974453,state_name=Telangana|district=Telangana Demo District 3|sector=Sanitation context; strongest metric progress_report_count; signed robust z 20.235.,False,True,True,False,False,False,False
W-001348,COMPLETION,56.860411,HIGH,513,479,100,COMPLIANCE,32.0,Strongest actionable compliance result REVIEW/STRONG_WARNING under rule MPLADS-11.2-COMPLETION-UC.,PAYMENT_EXECUTION,11.442112,Capped payment/execution family: payment severity score 0.0; positive fund-progress score 57.211; persistence boost 0 points.,OPERATIONAL_TREND_CONTEXT,8.248175,state_name=Odisha|district=Odisha Demo District 4 context; strongest metric progress_report_count; signed robust z 21.696.,False,True,True,False,False,False,False
W-002122,COMPLETION,56.849029,HIGH,514,480,100,COMPLIANCE,32.0,Strongest actionable compliance result REVIEW/STRONG_WARNING under rule MPLADS-11.2-COMPLETION-UC.,PAYMENT_EXECUTION,18.686527,Capped payment/execution family: payment severity score 0.0; positive fund-progress score 93.433; persistence boost 0 points.,ANOMALY,3.095436,Within-lifecycle statistical unusualness percentile 38.693; not a probability.,False,True,True,False,False,False,False
W-002128,COMPLETION,56.848524,HIGH,515,481,100,COMPLIANCE,32.0,Strongest actionable compliance result REVIEW/STRONG_WARNING under rule MPLADS-11.2-COMPLETION-UC.,PAYMENT_EXECUTION,17.968856,Capped payment/execution family: payment severity score 0.0; positive fund-progress score 89.844; persistence boost 0 points.,ANOMALY,6.879668,Within-lifecycle statistical unusualness percentile 85.996; not a probability.,False,True,True,False,False,False,False
W-000888,COMPLETION,56.812421,HIGH,516,482,100,COMPLIANCE,32.0,Strongest actionable compliance result REVIEW/STRONG_WARNING under rule MPLADS-11.2-COMPLETION-UC.,PAYMENT_EXECUTION,16.0826,Capped payment/execution family: payment severity score 0.0; positive fund-progress score 80.413; persistence boost 10 points.,ANOMALY,6.120332,Within-lifecycle statistical unusualness percentile 76.504; not a probability.,False,True,True,False,False,False,False
W-000769,COMPLETION,56.790941,HIGH,517,483,100,COMPLIANCE,32.0,Strongest actionable compliance result REVIEW/STRONG_WARNING under rule MPLADS-11.2-COMPLETION-UC.,PAYMENT_EXECUTION,12.0,Capped payment/execution family: payment severity score 60.0; positive fund-progress score 0.000; persistence boost 0 points.,OPERATIONAL_TREND_CONTEXT,8.193431,state_name=Rajasthan|district=Rajasthan Demo District 3|sector=Education context; strongest metric progress_report_count; signed robust z 21.584.,False,True,True,False,False,False,False
W-001483,COMPLETION,56.761452,HIGH,518,484,100,COMPLIANCE,32.0,Strongest actionable compliance result REVIEW/STRONG_WARNING under rule MPLADS-11.2-COMPLETION-UC.,PAYMENT_EXECUTION,16.34394,Capped payment/execution family: payment severity score 60.0; positive fund-progress score 81.720; persistence boost 0 points.,OPERATIONAL_TREND_CONTEXT,6.49635,state_name=Andhra Pradesh|district=Andhra Pradesh Demo District 4|sector=Renewable Energy context; strongest metric progress_report_count; signed robust z 14.165.,False,True,True,False,False,False,False
W-000795,COMPLETION,56.745283,HIGH,519,485,100,COMPLIANCE,32.0,Strongest actionable compliance result REVIEW/STRONG_WARNING under rule MPLADS-11.2-COMPLETION-UC.,PAYMENT_EXECUTION,12.0,Capped payment/execution family: payment severity score 60.0; positive fund-progress score 10.000; persistence boost 10 points.,OPERATIONAL_TREND_CONTEXT,9.890511,state_name=Maharashtra|district=Maharashtra Demo District 2 context; strongest metric progress_report_count; signed robust z 59.356.,False,True,True,False,False,False,False
W-002358,COMPLETION,56.741994,HIGH,520,486,100,COMPLIANCE,32.0,Strongest actionable compliance result REVIEW/STRONG_WARNING under rule MPLADS-11.2-COMPLETION-UC.,PAYMENT_EXECUTION,16.949221,Capped payment/execution family: payment severity score 60.0; positive fund-progress score 84.746; persistence boost 10 points.,ANOMALY,4.946058,Within-lifecycle statistical unusualness percentile 61.826; not a probability.,False,True,True,False,False,False,False
W-001874,COMPLETION,56.741318,HIGH,521,487,100,COMPLIANCE,32.0,Strongest actionable compliance result REVIEW/STRONG_WARNING under rule MPLADS-11.2-COMPLETION-UC.,PAYMENT_EXECUTION,13.672309,Capped payment/execution family: payment severity score 0.0; positive fund-progress score 68.362; persistence boost 10 points.,OPERATIONAL_TREND_CONTEXT,6.405109,state_name=Karnataka|district=Karnataka Demo District 2 context; strongest metric progress_report_count; signed robust z 14.030.,False,True,True,False,False,False,False
W-000818,COMPLETION,56.729014,HIGH,522,488,100,COMPLIANCE,32.0,Strongest actionable compliance result REVIEW/STRONG_WARNING under rule MPLADS-11.2-COMPLETION-UC.,PAYMENT_EXECUTION,13.875423,Capped payment/execution family: payment severity score 60.0; positive fund-progress score 69.377; persistence boost 10 points.,OPERATIONAL_TREND_CONTEXT,7.372263,state_name=Telangana|district=Telangana Demo District 1|sector=Sports context; strongest metric progress_report_count; signed robust z 17.537.,False,True,True,False,False,False,False
W-002147,COMPLETION,56.713009,HIGH,523,489,100,COMPLIANCE,32.0,Strongest actionable compliance result REVIEW/STRONG_WARNING under rule MPLADS-11.2-COMPLETION-UC.,PAYMENT_EXECUTION,12.399458,Capped payment/execution family: payment severity score 0.0; positive fund-progress score 61.997; persistence boost 10 points.,OPERATIONAL_TREND_CONTEXT,6.952555,state_name=Karnataka|district=Karnataka Demo District 4|sector=Education context; strongest metric progress_report_count; signed robust z 15.514.,False,True,True,False,False,False,False
W-000715,COMPLETION,56.71018,HIGH,524,490,100,COMPLIANCE,32.0,Strongest actionable compliance result REVIEW/STRONG_WARNING under rule MPLADS-11.2-COMPLETION-UC.,PAYMENT_EXECUTION,12.0,Capped payment/execution family: payment severity score 60.0; positive fund-progress score 10.000; persistence boost 10 points.,OPERATIONAL_TREND_CONTEXT,8.722628,state_name=Telangana|district=Telangana Demo District 3 context; strongest metric progress_report_count; signed robust z 25.766.,False,True,True,False,False,False,False
W-001813,COMPLETION,56.694975,HIGH,525,491,100,COMPLIANCE,32.0,Strongest actionable compliance result REVIEW/STRONG_WARNING under rule MPLADS-11.2-COMPLETION-UC.,PAYMENT_EXECUTION,12.0,Capped payment/execution family: payment severity score 60.0; positive fund-progress score 0.000; persistence boost 0 points.,OPERATIONAL_TREND_CONTEXT,7.591241,state_name=Telangana|district=Telangana Demo District 2|sector=Education context; strongest metric progress_report_count; signed robust z 18.212.,False,True,True,False,False,False,False
W-002255,COMPLETION,56.689529,HIGH,526,492,100,COMPLIANCE,32.0,Strongest actionable compliance result REVIEW/STRONG_WARNING under rule MPLADS-11.2-COMPLETION-UC.,ANOMALY,7.970954,Within-lifecycle statistical unusualness percentile 99.637; not a probability.,PAYMENT_EXECUTION,7.61002,Capped payment/execution family: payment severity score 0.0; positive fund-progress score 38.050; persistence boost 0 points.,False,True,True,False,False,False,False
W-000089,EXECUTION,56.688097,HIGH,527,35,100,OBSERVED_CONDITIONS,16.346863,"Observed overdue=True (days=583.0, score=81.734); observed over sanction=False (overrun_pct=0.0, score=0.000).",PAYMENT_EXECUTION,15.0,Capped payment/execution family: payment severity score 60.0; positive fund-progress score 39.655; persistence boost 10 points.,ANOMALY,8.9125,Within-lifecycle statistical unusualness percentile 89.125; not a probability.,False,True,True,False,True,False,True
W-001955,COMPLETION,56.649942,HIGH,528,493,100,COMPLIANCE,32.0,Strongest actionable compliance result REVIEW/STRONG_WARNING under rule MPLADS-11.2-COMPLETION-UC.,PAYMENT_EXECUTION,15.906567,Capped payment/execution family: payment severity score 0.0; positive fund-progress score 79.533; persistence boost 10 points.,OPERATIONAL_TREND_CONTEXT,8.722628,state_name=Telangana|district=Telangana Demo District 3 context; strongest metric progress_report_count; signed robust z 25.766.,False,True,True,False,False,False,False
W-000392,COMPLETION,56.633115,HIGH,529,494,100,COMPLIANCE,32.0,Strongest actionable compliance result REVIEW/STRONG_WARNING under rule MPLADS-11.2-COMPLETION-UC.,PAYMENT_EXECUTION,13.658768,Capped payment/execution family: payment severity score 60.0; positive fund-progress score 68.294; persistence boost 10 points.,OPERATIONAL_TREND_CONTEXT,9.854015,state_name=Telangana|district=Telangana Demo District 4 context; strongest metric progress_report_count; signed robust z 49.463.,False,True,True,False,False,False,False
W-000252,COMPLETION,56.629971,HIGH,530,495,100,COMPLIANCE,32.0,Strongest actionable compliance result REVIEW/STRONG_WARNING under rule MPLADS-11.2-COMPLETION-UC.,PAYMENT_EXECUTION,14.687881,Capped payment/execution family: payment severity score 0.0; positive fund-progress score 73.439; persistence boost 10 points.,OPERATIONAL_TREND_CONTEXT,9.635036,state_name=Karnataka|district=Karnataka Demo District 3 context; strongest metric progress_report_count; signed robust z 37.435.,False,True,True,False,False,False,False
W-000834,COMPLETION,56.628505,HIGH,531,496,100,COMPLIANCE,32.0,Strongest actionable compliance result REVIEW/STRONG_WARNING under rule MPLADS-11.2-COMPLETION-UC.,PAYMENT_EXECUTION,18.821936,Capped payment/execution family: payment severity score 0.0; positive fund-progress score 94.110; persistence boost 0 points.,ANOMALY,4.0,Within-lifecycle statistical unusualness percentile 50.000; not a probability.,False,True,True,False,False,False,False
W-002325,COMPLETION,56.624338,HIGH,532,497,100,COMPLIANCE,32.0,Strongest actionable compliance result REVIEW/STRONG_WARNING under rule MPLADS-11.2-COMPLETION-UC.,PAYMENT_EXECUTION,12.755586,Capped payment/execution family: payment severity score 0.0; positive fund-progress score 63.778; persistence boost 0 points.,ANOMALY,6.958506,Within-lifecycle statistical unusualness percentile 86.981; not a probability.,False,True,True,False,False,False,False
W-002930,COMPLETION,56.614501,HIGH,533,498,100,COMPLIANCE,32.0,Strongest actionable compliance result REVIEW/STRONG_WARNING under rule MPLADS-11.2-COMPLETION-UC.,PAYMENT_EXECUTION,12.0,Capped payment/execution family: payment severity score 60.0; positive fund-progress score 10.000; persistence boost 10 points.,ANOMALY,6.738589,Within-lifecycle statistical unusualness percentile 84.232; not a probability.,False,True,True,False,False,False,False
W-000373,COMPLETION,56.610311,HIGH,534,499,100,COMPLIANCE,32.0,Strongest actionable compliance result REVIEW/STRONG_WARNING under rule MPLADS-11.2-COMPLETION-UC.,PAYMENT_EXECUTION,13.103588,Capped payment/execution family: payment severity score 0.0; positive fund-progress score 65.518; persistence boost 10 points.,OPERATIONAL_TREND_CONTEXT,8.99635,state_name=Telangana|district=Telangana Demo District 2|sector=Renewable Energy context; strongest metric progress_report_count; signed robust z 29.003.,False,True,True,False,False,False,False
W-001157,COMPLETION,56.603084,HIGH,535,500,100,COMPLIANCE,32.0,Strongest actionable compliance result REVIEW/STRONG_WARNING under rule MPLADS-11.2-COMPLETION-UC.,PAYMENT_EXECUTION,12.0,Capped payment/execution family: payment severity score 60.0; positive fund-progress score 0.000; persistence boost 0 points.,ANOMALY,7.128631,Within-lifecycle statistical unusualness percentile 89.108; not a probability.,False,True,True,False,False,False,False
W-002978,COMPLETION,56.583381,HIGH,536,501,100,COMPLIANCE,32.0,Strongest actionable compliance result REVIEW/STRONG_WARNING under rule MPLADS-11.2-COMPLETION-UC.,PAYMENT_EXECUTION,12.0,Capped payment/execution family: payment severity score 60.0; positive fund-progress score 0.000; persistence boost 0 points.,OPERATIONAL_TREND_CONTEXT,8.375912,state_name=Odisha|district=Odisha Demo District 1|sector=Drinking Water context; strongest metric progress_report_count; signed robust z 22.258.,False,True,True,False,False,False,False
W-001761,COMPLETION,56.554411,HIGH,537,502,100,COMPLIANCE,32.0,Strongest actionable compliance result REVIEW/STRONG_WARNING under rule MPLADS-11.2-COMPLETION-UC.,PAYMENT_EXECUTION,12.0,Capped payment/execution family: payment severity score 60.0; positive fund-progress score 39.248; persistence boost 10 points.,OPERATIONAL_TREND_CONTEXT,9.890511,state_name=Maharashtra|district=Maharashtra Demo District 2 context; strongest metric progress_report_count; signed robust z 59.356.,False,True,True,False,False,False,False
W-000103,COMPLETION,56.53845,HIGH,538,503,100,COMPLIANCE,32.0,Strongest actionable compliance result REVIEW/STRONG_WARNING under rule MPLADS-11.2-COMPLETION-UC.,PAYMENT_EXECUTION,20.0,Capped payment/execution family: payment severity score 60.0; positive fund-progress score 100.000; persistence boost 10 points.,OPERATIONAL_TREND_CONTEXT,3.613139,state_name=Andhra Pradesh|district=Andhra Pradesh Demo District 1|sector=Sanitation context; strongest metric progress_report_count; signed robust z 8.431.,False,True,True,False,False,False,False
W-000994,COMPLETION,56.509617,HIGH,539,504,100,COMPLIANCE,32.0,Strongest actionable compliance result REVIEW/STRONG_WARNING under rule MPLADS-11.2-COMPLETION-UC.,PAYMENT_EXECUTION,12.0,Capped payment/execution family: payment severity score 60.0; positive fund-progress score 10.000; persistence boost 10 points.,OPERATIONAL_TREND_CONTEXT,9.854015,state_name=Telangana|district=Telangana Demo District 4 context; strongest metric progress_report_count; signed robust z 49.463.,False,True,True,False,False,False,False
W-000583,COMPLETION,56.499795,HIGH,540,505,100,COMPLIANCE,32.0,Strongest actionable compliance result REVIEW/STRONG_WARNING under rule MPLADS-11.2-COMPLETION-UC.,PAYMENT_EXECUTION,11.2891,Capped payment/execution family: payment severity score 0.0; positive fund-progress score 56.445; persistence boost 10 points.,OPERATIONAL_TREND_CONTEXT,8.521898,state_name=Odisha|district=Odisha Demo District 4|sector=Health context; strongest metric progress_report_count; signed robust z 22.933.,False,True,True,False,False,False,False
W-002749,COMPLETION,56.48893,HIGH,541,506,100,COMPLIANCE,32.0,Strongest actionable compliance result REVIEW/STRONG_WARNING under rule MPLADS-11.2-COMPLETION-UC.,PAYMENT_EXECUTION,12.0,Capped payment/execution family: payment severity score 60.0; positive fund-progress score 10.000; persistence boost 10 points.,OPERATIONAL_TREND_CONTEXT,8.065693,state_name=Andhra Pradesh|district=Andhra Pradesh Demo District 4 context; strongest metric progress_report_count; signed robust z 20.620.,False,True,True,False,False,False,False
W-002269,COMPLETION,56.469621,HIGH,542,507,100,COMPLIANCE,32.0,Strongest actionable compliance result REVIEW/STRONG_WARNING under rule MPLADS-11.2-COMPLETION-UC.,PAYMENT_EXECUTION,16.211239,Capped payment/execution family: payment severity score 0.0; positive fund-progress score 81.056; persistence boost 10 points.,OPERATIONAL_TREND_CONTEXT,4.416058,state_name=Andhra Pradesh|district=Andhra Pradesh Demo District 1|sector=Health context; strongest metric progress_report_count; signed robust z 9.443.,False,True,True,False,False,False,False
W-000319,COMPLETION,56.455088,HIGH,543,508,100,COMPLIANCE,32.0,Strongest actionable compliance result REVIEW/STRONG_WARNING under rule MPLADS-11.2-COMPLETION-UC.,PAYMENT_EXECUTION,12.918077,Capped payment/execution family: payment severity score 0.0; positive fund-progress score 64.590; persistence boost 0 points.,ANOMALY,6.701245,Within-lifecycle statistical unusualness percentile 83.766; not a probability.,False,True,True,False,False,False,False
W-001517,COMPLETION,56.453393,HIGH,544,509,100,COMPLIANCE,32.0,Strongest actionable compliance result REVIEW/STRONG_WARNING under rule MPLADS-11.2-COMPLETION-UC.,PAYMENT_EXECUTION,13.222749,Capped payment/execution family: payment severity score 0.0; positive fund-progress score 66.114; persistence boost 0 points.,ANOMALY,6.460581,Within-lifecycle statistical unusualness percentile 80.757; not a probability.,False,True,True,False,False,False,False
W-001580,COMPLETION,56.436607,HIGH,545,510,100,COMPLIANCE,32.0,Strongest actionable compliance result REVIEW/STRONG_WARNING under rule MPLADS-11.2-COMPLETION-UC.,PAYMENT_EXECUTION,15.856466,Capped payment/execution family: payment severity score 60.0; positive fund-progress score 79.282; persistence boost 0 points.,ANOMALY,7.029046,Within-lifecycle statistical unusualness percentile 87.863; not a probability.,False,True,True,False,False,False,False
W-000432,COMPLETION,56.432838,HIGH,546,511,100,COMPLIANCE,32.0,Strongest actionable compliance result REVIEW/STRONG_WARNING under rule MPLADS-11.2-COMPLETION-UC.,PAYMENT_EXECUTION,12.0,Capped payment/execution family: payment severity score 60.0; positive fund-progress score 10.000; persistence boost 10 points.,OPERATIONAL_TREND_CONTEXT,9.051095,state_name=Andhra Pradesh|district=Andhra Pradesh Demo District 3 context; strongest metric progress_report_count; signed robust z 29.172.,False,True,True,False,False,False,False
W-001954,COMPLETION,56.411425,HIGH,547,512,100,COMPLIANCE,32.0,Strongest actionable compliance result REVIEW/STRONG_WARNING under rule MPLADS-11.2-COMPLETION-UC.,PAYMENT_EXECUTION,12.0,Capped payment/execution family: payment severity score 60.0; positive fund-progress score 10.000; persistence boost 10 points.,OPERATIONAL_TREND_CONTEXT,8.722628,state_name=Telangana|district=Telangana Demo District 3 context; strongest metric progress_report_count; signed robust z 25.766.,False,True,True,False,False,False,False
W-000615,EXECUTION,56.394114,HIGH,548,36,100,OBSERVED_CONDITIONS,19.151292,"Observed overdue=True (days=858.0, score=95.756); observed over sanction=False (overrun_pct=0.0, score=0.000).",PAYMENT_EXECUTION,15.0,Capped payment/execution family: payment severity score 60.0; positive fund-progress score 51.029; persistence boost 10 points.,ANOMALY,7.4375,Within-lifecycle statistical unusualness percentile 74.375; not a probability.,False,True,True,False,True,False,True
W-002186,COMPLETION,56.390728,HIGH,549,513,100,COMPLIANCE,32.0,Strongest actionable compliance result REVIEW/STRONG_WARNING under rule MPLADS-11.2-COMPLETION-UC.,OPERATIONAL_TREND_CONTEXT,9.635036,state_name=Karnataka|district=Karnataka Demo District 3 context; strongest metric progress_report_count; signed robust z 37.435.,PAYMENT_EXECUTION,7.718348,Capped payment/execution family: payment severity score 0.0; positive fund-progress score 38.592; persistence boost 0 points.,False,True,True,False,False,False,False
W-001362,COMPLETION,56.374285,HIGH,550,514,100,COMPLIANCE,32.0,Strongest actionable compliance result REVIEW/STRONG_WARNING under rule MPLADS-11.2-COMPLETION-UC.,PAYMENT_EXECUTION,15.757617,Capped payment/execution family: payment severity score 60.0; positive fund-progress score 78.788; persistence boost 10 points.,OPERATIONAL_TREND_CONTEXT,8.193431,state_name=Telangana|district=Telangana Demo District 1|sector=Sanitation context; strongest metric progress_report_count; signed robust z 21.584.,False,True,True,False,False,False,False
W-002956,COMPLETION,56.365148,HIGH,551,515,100,COMPLIANCE,32.0,Strongest actionable compliance result REVIEW/STRONG_WARNING under rule MPLADS-11.2-COMPLETION-UC.,PAYMENT_EXECUTION,18.872038,Capped payment/execution family: payment severity score 0.0; positive fund-progress score 94.360; persistence boost 10 points.,OPERATIONAL_TREND_CONTEXT,4.671533,state_name=Telangana|district=Telangana Demo District 4|sector=Sanitation context; strongest metric progress_report_count; signed robust z 9.780.,False,True,True,False,False,False,False
W-000060,COMPLETION,56.361945,HIGH,552,516,100,COMPLIANCE,32.0,Strongest actionable compliance result REVIEW/STRONG_WARNING under rule MPLADS-11.2-COMPLETION-UC.,PAYMENT_EXECUTION,13.13067,Capped payment/execution family: payment severity score 0.0; positive fund-progress score 65.653; persistence boost 10 points.,OPERATIONAL_TREND_CONTEXT,7.189781,state_name=Rajasthan|district=Rajasthan Demo District 4 context; strongest metric progress_report_count; signed robust z 16.778.,False,True,True,False,False,False,False
W-000805,COMPLETION,56.358195,HIGH,553,517,100,COMPLIANCE,32.0,Strongest actionable compliance result REVIEW/STRONG_WARNING under rule MPLADS-11.2-COMPLETION-UC.,PAYMENT_EXECUTION,14.017603,Capped payment/execution family: payment severity score 0.0; positive fund-progress score 70.088; persistence boost 10 points.,ANOMALY,5.518672,Within-lifecycle statistical unusualness percentile 68.983; not a probability.,False,True,True,False,False,False,False
W-001804,COMPLETION,56.333262,HIGH,554,518,100,COMPLIANCE,32.0,Strongest actionable compliance result REVIEW/STRONG_WARNING under rule MPLADS-11.2-COMPLETION-UC.,PAYMENT_EXECUTION,14.515911,Capped payment/execution family: payment severity score 0.0; positive fund-progress score 72.580; persistence boost 0 points.,ANOMALY,6.33195,Within-lifecycle statistical unusualness percentile 79.149; not a probability.,False,True,True,False,False,False,False
W-001422,COMPLETION,56.315852,HIGH,555,519,100,COMPLIANCE,32.0,Strongest actionable compliance result REVIEW/STRONG_WARNING under rule MPLADS-11.2-COMPLETION-UC.,PAYMENT_EXECUTION,12.0,Capped payment/execution family: payment severity score 60.0; positive fund-progress score 1.896; persistence boost 0 points.,OPERATIONAL_TREND_CONTEXT,8.99635,state_name=Andhra Pradesh|district=Andhra Pradesh Demo District 2|sector=Health context; strongest metric progress_report_count; signed robust z 29.003.,False,True,True,False,False,False,False
W-001995,COMPLETION,56.312331,HIGH,556,520,100,COMPLIANCE,32.0,Strongest actionable compliance result REVIEW/STRONG_WARNING under rule MPLADS-11.2-COMPLETION-UC.,PAYMENT_EXECUTION,14.105619,Capped payment/execution family: payment severity score 0.0; positive fund-progress score 70.528; persistence boost 10 points.,OPERATIONAL_TREND_CONTEXT,9.854015,state_name=Telangana|district=Telangana Demo District 4 context; strongest metric progress_report_count; signed robust z 49.463.,False,True,True,False,False,False,False
W-002217,EXECUTION,56.311454,HIGH,557,37,100,PAYMENT_EXECUTION,22.354435,Capped payment/execution family: payment severity score 60.0; positive fund-progress score 89.418; persistence boost 10 points.,OBSERVED_CONDITIONS,18.468635,"Observed overdue=True (days=779.0, score=92.343); observed over sanction=False (overrun_pct=0.0, score=0.000).",ANOMALY,8.625,Within-lifecycle statistical unusualness percentile 86.250; not a probability.,False,True,False,False,True,False,True
W-000079,COMPLETION,56.255656,HIGH,558,521,100,COMPLIANCE,32.0,Strongest actionable compliance result REVIEW/STRONG_WARNING under rule MPLADS-11.2-COMPLETION-UC.,PAYMENT_EXECUTION,12.0,Capped payment/execution family: payment severity score 60.0; positive fund-progress score 10.000; persistence boost 10 points.,OPERATIONAL_TREND_CONTEXT,9.890511,state_name=Maharashtra|district=Maharashtra Demo District 2 context; strongest metric progress_report_count; signed robust z 59.356.,False,True,True,False,False,False,False
W-000523,COMPLETION,56.24922,HIGH,559,522,100,COMPLIANCE,32.0,Strongest actionable compliance result REVIEW/STRONG_WARNING under rule MPLADS-11.2-COMPLETION-UC.,OPERATIONAL_TREND_CONTEXT,9.051095,state_name=Andhra Pradesh|district=Andhra Pradesh Demo District 3 context; strongest metric progress_report_count; signed robust z 29.172.,PAYMENT_EXECUTION,6.364252,Capped payment/execution family: payment severity score 0.0; positive fund-progress score 31.821; persistence boost 0 points.,False,True,True,False,False,False,False
W-000869,COMPLETION,56.246157,HIGH,560,523,100,COMPLIANCE,32.0,Strongest actionable compliance result REVIEW/STRONG_WARNING under rule MPLADS-11.2-COMPLETION-UC.,PAYMENT_EXECUTION,15.599188,Capped payment/execution family: payment severity score 60.0; positive fund-progress score 77.996; persistence boost 0 points.,ANOMALY,6.311203,Within-lifecycle statistical unusualness percentile 78.890; not a probability.,False,True,True,False,False,False,False
W-002770,COMPLETION,56.244163,HIGH,561,524,100,COMPLIANCE,32.0,Strongest actionable compliance result REVIEW/STRONG_WARNING under rule MPLADS-11.2-COMPLETION-UC.,PAYMENT_EXECUTION,12.0,Capped payment/execution family: payment severity score 60.0; positive fund-progress score 10.000; persistence boost 10 points.,OPERATIONAL_TREND_CONTEXT,7.974453,state_name=Karnataka|district=Karnataka Demo District 4|sector=Sports context; strongest metric progress_report_count; signed robust z 20.235.,False,True,True,False,False,False,False
W-001494,COMPLETION,56.185675,HIGH,562,525,100,COMPLIANCE,32.0,Strongest actionable compliance result REVIEW/STRONG_WARNING under rule MPLADS-11.2-COMPLETION-UC.,PAYMENT_EXECUTION,16.041977,Capped payment/execution family: payment severity score 0.0; positive fund-progress score 80.210; persistence boost 10 points.,OPERATIONAL_TREND_CONTEXT,6.405109,state_name=Karnataka|district=Karnataka Demo District 2 context; strongest metric progress_report_count; signed robust z 14.030.,False,True,True,False,False,False,False
W-001643,COMPLETION,56.179543,HIGH,563,526,100,COMPLIANCE,32.0,Strongest actionable compliance result REVIEW/STRONG_WARNING under rule MPLADS-11.2-COMPLETION-UC.,PAYMENT_EXECUTION,12.0,Capped payment/execution family: payment severity score 60.0; positive fund-progress score 11.307; persistence boost 0 points.,OPERATIONAL_TREND_CONTEXT,9.416058,state_name=Andhra Pradesh|district=Andhra Pradesh Demo District 2|sector=Renewable Energy context; strongest metric progress_report_count; signed robust z 33.050.,False,True,True,False,False,False,False
W-001622,COMPLETION,56.140561,HIGH,564,527,100,COMPLIANCE,32.0,Strongest actionable compliance result REVIEW/STRONG_WARNING under rule MPLADS-11.2-COMPLETION-UC.,PAYMENT_EXECUTION,13.452945,Capped payment/execution family: payment severity score 0.0; positive fund-progress score 67.265; persistence boost 0 points.,OPERATIONAL_TREND_CONTEXT,7.372263,state_name=Andhra Pradesh|district=Andhra Pradesh Demo District 4|sector=Education context; strongest metric progress_report_count; signed robust z 17.537.,False,True,True,False,False,False,False
W-001495,COMPLETION,56.127267,HIGH,565,528,100,COMPLIANCE,32.0,Strongest actionable compliance result REVIEW/STRONG_WARNING under rule MPLADS-11.2-COMPLETION-UC.,PAYMENT_EXECUTION,14.867976,Capped payment/execution family: payment severity score 60.0; positive fund-progress score 74.340; persistence boost 0 points.,OPERATIONAL_TREND_CONTEXT,7.591241,state_name=Maharashtra|district=Maharashtra Demo District 3|sector=Renewable Energy context; strongest metric progress_report_count; signed robust z 18.212.,False,True,True,False,False,False,False
W-000120,COMPLETION,56.111303,HIGH,566,529,100,COMPLIANCE,32.0,Strongest actionable compliance result REVIEW/STRONG_WARNING under rule MPLADS-11.2-COMPLETION-UC.,PAYMENT_EXECUTION,14.877454,Capped payment/execution family: payment severity score 0.0; positive fund-progress score 74.387; persistence boost 10 points.,OPERATIONAL_TREND_CONTEXT,8.686131,state_name=Rajasthan|district=Rajasthan Demo District 2 context; strongest metric progress_report_count; signed robust z 25.631.,False,True,True,False,False,False,False
W-002367,COMPLETION,56.088047,HIGH,567,530,100,COMPLIANCE,32.0,Strongest actionable compliance result REVIEW/STRONG_WARNING under rule MPLADS-11.2-COMPLETION-UC.,PAYMENT_EXECUTION,19.874069,Capped payment/execution family: payment severity score 0.0; positive fund-progress score 99.370; persistence boost 10 points.,OPERATIONAL_TREND_CONTEXT,1.806569,state_name=Maharashtra|district=Maharashtra Demo District 3|sector=Sports context; strongest metric progress_report_count; signed robust z 5.396.,False,True,True,False,False,False,False
W-001334,COMPLETION,56.06895,HIGH,568,531,100,COMPLIANCE,32.0,Strongest actionable compliance result REVIEW/STRONG_WARNING under rule MPLADS-11.2-COMPLETION-UC.,PAYMENT_EXECUTION,12.0,Capped payment/execution family: payment severity score 60.0; positive fund-progress score 10.000; persistence boost 10 points.,OPERATIONAL_TREND_CONTEXT,8.193431,state_name=Telangana|district=Telangana Demo District 1|sector=Sanitation context; strongest metric progress_report_count; signed robust z 21.584.,False,True,True,False,False,False,False
W-001500,COMPLETION,56.056539,HIGH,569,532,100,COMPLIANCE,32.0,Strongest actionable compliance result REVIEW/STRONG_WARNING under rule MPLADS-11.2-COMPLETION-UC.,PAYMENT_EXECUTION,12.0,Capped payment/execution family: payment severity score 60.0; positive fund-progress score 59.289; persistence boost 10 points.,OPERATIONAL_TREND_CONTEXT,8.248175,state_name=Odisha|district=Odisha Demo District 4 context; strongest metric progress_report_count; signed robust z 21.696.,False,True,True,False,False,False,False
W-000978,COMPLETION,56.052092,HIGH,570,533,100,COMPLIANCE,32.0,Strongest actionable compliance result REVIEW/STRONG_WARNING under rule MPLADS-11.2-COMPLETION-UC.,PAYMENT_EXECUTION,14.051456,Capped payment/execution family: payment severity score 0.0; positive fund-progress score 70.257; persistence boost 10 points.,OPERATIONAL_TREND_CONTEXT,8.722628,state_name=Telangana|district=Telangana Demo District 3 context; strongest metric progress_report_count; signed robust z 25.766.,False,True,True,False,False,False,False
W-002456,COMPLETION,56.03024,HIGH,571,534,100,COMPLIANCE,32.0,Strongest actionable compliance result REVIEW/STRONG_WARNING under rule MPLADS-11.2-COMPLETION-UC.,OPERATIONAL_TREND_CONTEXT,8.248175,state_name=Odisha|district=Odisha Demo District 4 context; strongest metric progress_report_count; signed robust z 21.696.,ANOMALY,7.257261,Within-lifecycle statistical unusualness percentile 90.716; not a probability.,False,False,True,False,False,False,False
W-000354,COMPLETION,56.01269,HIGH,572,535,100,COMPLIANCE,32.0,Strongest actionable compliance result REVIEW/STRONG_WARNING under rule MPLADS-11.2-COMPLETION-UC.,PAYMENT_EXECUTION,12.0,Capped payment/execution family: payment severity score 60.0; positive fund-progress score 10.000; persistence boost 10 points.,OPERATIONAL_TREND_CONTEXT,7.846715,state_name=Andhra Pradesh|district=Andhra Pradesh Demo District 2 context; strongest metric progress_report_count; signed robust z 18.802.,False,True,True,False,False,False,False
W-000741,COMPLETION,55.948966,HIGH,573,536,100,COMPLIANCE,32.0,Strongest actionable compliance result REVIEW/STRONG_WARNING under rule MPLADS-11.2-COMPLETION-UC.,PAYMENT_EXECUTION,12.0,Capped payment/execution family: payment severity score 60.0; positive fund-progress score 15.640; persistence boost 0 points.,OPERATIONAL_TREND_CONTEXT,9.160584,state_name=Maharashtra|district=Maharashtra Demo District 1|sector=Community Infrastructure context; strongest metric progress_report_count; signed robust z 30.352.,False,True,True,False,False,False,False
W-000399,COMPLETION,55.93393,HIGH,574,537,100,COMPLIANCE,32.0,Strongest actionable compliance result REVIEW/STRONG_WARNING under rule MPLADS-11.2-COMPLETION-UC.,PAYMENT_EXECUTION,17.301286,Capped payment/execution family: payment severity score 60.0; positive fund-progress score 86.506; persistence boost 10 points.,ANOMALY,3.858921,Within-lifecycle statistical unusualness percentile 48.237; not a probability.,False,True,True,False,False,False,False
W-002233,COMPLETION,55.916646,HIGH,575,538,100,COMPLIANCE,32.0,Strongest actionable compliance result REVIEW/STRONG_WARNING under rule MPLADS-11.2-COMPLETION-UC.,PAYMENT_EXECUTION,19.995938,Capped payment/execution family: payment severity score 0.0; positive fund-progress score 99.980; persistence boost 10 points.,ANOMALY,3.008299,Within-lifecycle statistical unusualness percentile 37.604; not a probability.,False,True,True,False,False,False,False
W-000802,COMPLETION,55.914075,HIGH,576,539,100,COMPLIANCE,32.0,Strongest actionable compliance result REVIEW/STRONG_WARNING under rule MPLADS-11.2-COMPLETION-UC.,PAYMENT_EXECUTION,12.0,Capped payment/execution family: payment severity score 60.0; positive fund-progress score 40.332; persistence boost 10 points.,OPERATIONAL_TREND_CONTEXT,9.233577,state_name=Odisha|district=Odisha Demo District 3 context; strongest metric progress_report_count; signed robust z 31.196.,False,True,True,False,False,False,False
W-002614,COMPLETION,55.907368,HIGH,577,540,100,COMPLIANCE,32.0,Strongest actionable compliance result REVIEW/STRONG_WARNING under rule MPLADS-11.2-COMPLETION-UC.,PAYMENT_EXECUTION,13.746784,Capped payment/execution family: payment severity score 0.0; positive fund-progress score 68.734; persistence boost 10 points.,OPERATIONAL_TREND_CONTEXT,9.160584,state_name=Maharashtra|district=Maharashtra Demo District 1|sector=Community Infrastructure context; strongest metric progress_report_count; signed robust z 30.352.,False,True,True,False,False,False,False
W-000338,COMPLETION,55.905064,HIGH,578,541,100,COMPLIANCE,32.0,Strongest actionable compliance result REVIEW/STRONG_WARNING under rule MPLADS-11.2-COMPLETION-UC.,PAYMENT_EXECUTION,12.0,Capped payment/execution family: payment severity score 60.0; positive fund-progress score 17.854; persistence boost 10 points.,OPERATIONAL_TREND_CONTEXT,8.99635,state_name=Andhra Pradesh|district=Andhra Pradesh Demo District 2|sector=Health context; strongest metric progress_report_count; signed robust z 29.003.,False,True,True,False,False,False,False
W-002178,COMPLETION,55.891856,HIGH,579,542,100,COMPLIANCE,32.0,Strongest actionable compliance result REVIEW/STRONG_WARNING under rule MPLADS-11.2-COMPLETION-UC.,PAYMENT_EXECUTION,11.194313,Capped payment/execution family: payment severity score 0.0; positive fund-progress score 55.972; persistence boost 10 points.,OPERATIONAL_TREND_CONTEXT,8.248175,state_name=Odisha|district=Odisha Demo District 4 context; strongest metric progress_report_count; signed robust z 21.696.,False,True,True,False,False,False,False
W-001657,COMPLETION,55.881409,HIGH,580,543,100,COMPLIANCE,32.0,Strongest actionable compliance result REVIEW/STRONG_WARNING under rule MPLADS-11.2-COMPLETION-UC.,PAYMENT_EXECUTION,12.0,Capped payment/execution family: payment severity score 60.0; positive fund-progress score 0.000; persistence boost 0 points.,ANOMALY,7.045643,Within-lifecycle statistical unusualness percentile 88.071; not a probability.,False,True,True,False,False,False,False
W-000529,COMPLETION,55.880222,HIGH,581,544,100,COMPLIANCE,32.0,Strongest actionable compliance result REVIEW/STRONG_WARNING under rule MPLADS-11.2-COMPLETION-UC.,PAYMENT_EXECUTION,11.140149,Capped payment/execution family: payment severity score 0.0; positive fund-progress score 55.701; persistence boost 10 points.,OPERATIONAL_TREND_CONTEXT,8.686131,state_name=Rajasthan|district=Rajasthan Demo District 2 context; strongest metric progress_report_count; signed robust z 25.631.,False,True,True,False,False,False,False
W-001619,COMPLETION,55.875071,HIGH,582,545,100,COMPLIANCE,32.0,Strongest actionable compliance result REVIEW/STRONG_WARNING under rule MPLADS-11.2-COMPLETION-UC.,PAYMENT_EXECUTION,12.0,Capped payment/execution family: payment severity score 60.0; positive fund-progress score 0.000; persistence boost 0 points.,ANOMALY,7.390041,Within-lifecycle statistical unusualness percentile 92.376; not a probability.,False,True,True,False,False,False,False
W-001675,COMPLETION,55.868868,HIGH,583,546,100,COMPLIANCE,32.0,Strongest actionable compliance result REVIEW/STRONG_WARNING under rule MPLADS-11.2-COMPLETION-UC.,OPERATIONAL_TREND_CONTEXT,9.854015,state_name=Telangana|district=Telangana Demo District 4 context; strongest metric progress_report_count; signed robust z 49.463.,ANOMALY,7.427386,Within-lifecycle statistical unusualness percentile 92.842; not a probability.,False,False,True,False,False,False,False
W-002041,COMPLETION,55.85594,HIGH,584,547,100,COMPLIANCE,32.0,Strongest actionable compliance result REVIEW/STRONG_WARNING under rule MPLADS-11.2-COMPLETION-UC.,PAYMENT_EXECUTION,16.475288,Capped payment/execution family: payment severity score 0.0; positive fund-progress score 82.376; persistence boost 10 points.,OPERATIONAL_TREND_CONTEXT,7.189781,state_name=Rajasthan|district=Rajasthan Demo District 4 context; strongest metric progress_report_count; signed robust z 16.778.,False,True,True,False,False,False,False
W-002769,COMPLETION,55.843135,HIGH,585,548,100,COMPLIANCE,32.0,Strongest actionable compliance result REVIEW/STRONG_WARNING under rule MPLADS-11.2-COMPLETION-UC.,PAYMENT_EXECUTION,14.362898,Capped payment/execution family: payment severity score 0.0; positive fund-progress score 71.814; persistence boost 10 points.,OPERATIONAL_TREND_CONTEXT,7.189781,state_name=Rajasthan|district=Rajasthan Demo District 4 context; strongest metric progress_report_count; signed robust z 16.778.,False,True,True,False,False,False,False
W-000996,COMPLETION,55.837887,HIGH,586,549,100,COMPLIANCE,32.0,Strongest actionable compliance result REVIEW/STRONG_WARNING under rule MPLADS-11.2-COMPLETION-UC.,PAYMENT_EXECUTION,12.0,Capped payment/execution family: payment severity score 60.0; positive fund-progress score 36.831; persistence boost 0 points.,OPERATIONAL_TREND_CONTEXT,7.244526,state_name=Odisha|district=Odisha Demo District 2|sector=Health context; strongest metric progress_report_count; signed robust z 16.863.,False,True,True,False,False,False,False
W-002958,COMPLETION,55.820924,HIGH,587,550,100,COMPLIANCE,32.0,Strongest actionable compliance result REVIEW/STRONG_WARNING under rule MPLADS-11.2-COMPLETION-UC.,PAYMENT_EXECUTION,14.647258,Capped payment/execution family: payment severity score 0.0; positive fund-progress score 73.236; persistence boost 10 points.,ANOMALY,7.493776,Within-lifecycle statistical unusualness percentile 93.672; not a probability.,False,True,True,False,False,False,False
W-002783,COMPLETION,55.81389,HIGH,588,551,100,COMPLIANCE,32.0,Strongest actionable compliance result REVIEW/STRONG_WARNING under rule MPLADS-11.2-COMPLETION-UC.,PAYMENT_EXECUTION,11.706161,Capped payment/execution family: payment severity score 0.0; positive fund-progress score 58.531; persistence boost 0 points.,ANOMALY,4.937759,Within-lifecycle statistical unusualness percentile 61.722; not a probability.,False,True,True,False,False,False,False
W-002548,COMPLETION,55.809285,HIGH,589,552,100,COMPLIANCE,32.0,Strongest actionable compliance result REVIEW/STRONG_WARNING under rule MPLADS-11.2-COMPLETION-UC.,PAYMENT_EXECUTION,11.614083,Capped payment/execution family: payment severity score 0.0; positive fund-progress score 58.070; persistence boost 10 points.,OPERATIONAL_TREND_CONTEXT,9.635036,state_name=Karnataka|district=Karnataka Demo District 3 context; strongest metric progress_report_count; signed robust z 37.435.,False,True,True,False,False,False,False
W-002402,COMPLETION,55.775283,HIGH,590,553,100,COMPLIANCE,32.0,Strongest actionable compliance result REVIEW/STRONG_WARNING under rule MPLADS-11.2-COMPLETION-UC.,PAYMENT_EXECUTION,12.0,Capped payment/execution family: payment severity score 60.0; positive fund-progress score 11.645; persistence boost 0 points.,OPERATIONAL_TREND_CONTEXT,7.974453,state_name=Karnataka|district=Karnataka Demo District 4|sector=Sports context; strongest metric progress_report_count; signed robust z 20.235.,False,True,True,False,False,False,False
W-002814,COMPLETION,55.76635,HIGH,591,554,100,COMPLIANCE,32.0,Strongest actionable compliance result REVIEW/STRONG_WARNING under rule MPLADS-11.2-COMPLETION-UC.,PAYMENT_EXECUTION,12.507786,Capped payment/execution family: payment severity score 0.0; positive fund-progress score 62.539; persistence boost 10 points.,OPERATIONAL_TREND_CONTEXT,9.051095,state_name=Andhra Pradesh|district=Andhra Pradesh Demo District 3 context; strongest metric progress_report_count; signed robust z 29.172.,False,True,True,False,False,False,False
W-000271,COMPLETION,55.759059,HIGH,592,555,100,COMPLIANCE,32.0,Strongest actionable compliance result REVIEW/STRONG_WARNING under rule MPLADS-11.2-COMPLETION-UC.,PAYMENT_EXECUTION,12.0,Capped payment/execution family: payment severity score 60.0; positive fund-progress score 0.000; persistence boost 0 points.,ANOMALY,6.319502,Within-lifecycle statistical unusualness percentile 78.994; not a probability.,False,True,True,False,False,False,False
W-000335,COMPLETION,55.746078,HIGH,593,556,100,COMPLIANCE,32.0,Strongest actionable compliance result REVIEW/STRONG_WARNING under rule MPLADS-11.2-COMPLETION-UC.,PAYMENT_EXECUTION,9.799594,Capped payment/execution family: payment severity score 0.0; positive fund-progress score 48.998; persistence boost 10 points.,OPERATIONAL_TREND_CONTEXT,8.375912,state_name=Karnataka|district=Karnataka Demo District 1|sector=Health context; strongest metric progress_report_count; signed robust z 22.258.,False,True,True,False,False,False,False
W-000578,COMPLETION,55.719263,HIGH,594,557,100,COMPLIANCE,32.0,Strongest actionable compliance result REVIEW/STRONG_WARNING under rule MPLADS-11.2-COMPLETION-UC.,PAYMENT_EXECUTION,12.56195,Capped payment/execution family: payment severity score 0.0; positive fund-progress score 62.810; persistence boost 10 points.,OPERATIONAL_TREND_CONTEXT,5.729927,state_name=Odisha|district=Odisha Demo District 4|sector=Sports context; strongest metric progress_report_count; signed robust z 12.478.,False,True,True,False,False,False,False
W-000538,COMPLETION,55.714281,HIGH,595,558,100,COMPLIANCE,32.0,Strongest actionable compliance result REVIEW/STRONG_WARNING under rule MPLADS-11.2-COMPLETION-UC.,PAYMENT_EXECUTION,8.828707,Capped payment/execution family: payment severity score 0.0; positive fund-progress score 44.144; persistence boost 0 points.,OPERATIONAL_TREND_CONTEXT,8.138686,state_name=Maharashtra|district=Maharashtra Demo District 1|sector=Health context; strongest metric progress_report_count; signed robust z 20.910.,False,True,True,False,False,False,False
W-001200,COMPLETION,55.710846,HIGH,596,559,100,COMPLIANCE,32.0,Strongest actionable compliance result REVIEW/STRONG_WARNING under rule MPLADS-11.2-COMPLETION-UC.,PAYMENT_EXECUTION,12.0,Capped payment/execution family: payment severity score 60.0; positive fund-progress score 10.000; persistence boost 10 points.,OPERATIONAL_TREND_CONTEXT,9.051095,state_name=Andhra Pradesh|district=Andhra Pradesh Demo District 3 context; strongest metric progress_report_count; signed robust z 29.172.,False,True,True,False,False,False,False
W-001723,COMPLETION,55.692054,HIGH,597,560,100,COMPLIANCE,32.0,Strongest actionable compliance result REVIEW/STRONG_WARNING under rule MPLADS-11.2-COMPLETION-UC.,PAYMENT_EXECUTION,13.746784,Capped payment/execution family: payment severity score 60.0; positive fund-progress score 68.734; persistence boost 10 points.,OPERATIONAL_TREND_CONTEXT,8.248175,state_name=Odisha|district=Odisha Demo District 4 context; strongest metric progress_report_count; signed robust z 21.696.,False,True,True,False,False,False,False
W-000326,COMPLETION,55.685147,HIGH,598,561,100,COMPLIANCE,32.0,Strongest actionable compliance result REVIEW/STRONG_WARNING under rule MPLADS-11.2-COMPLETION-UC.,PAYMENT_EXECUTION,13.716994,Capped payment/execution family: payment severity score 60.0; positive fund-progress score 68.585; persistence boost 0 points.,ANOMALY,6.008299,Within-lifecycle statistical unusualness percentile 75.104; not a probability.,False,True,True,False,False,False,False
W-002389,COMPLETION,55.68195,HIGH,599,562,100,COMPLIANCE,32.0,Strongest actionable compliance result REVIEW/STRONG_WARNING under rule MPLADS-11.2-COMPLETION-UC.,PAYMENT_EXECUTION,18.835477,Capped payment/execution family: payment severity score 0.0; positive fund-progress score 94.177; persistence boost 0 points.,ANOMALY,4.846473,Within-lifecycle statistical unusualness percentile 60.581; not a probability.,False,True,True,False,False,False,False
W-000998,COMPLETION,55.652893,HIGH,600,563,100,COMPLIANCE,32.0,Strongest actionable compliance result REVIEW/STRONG_WARNING under rule MPLADS-11.2-COMPLETION-UC.,PAYMENT_EXECUTION,12.0,Capped payment/execution family: payment severity score 60.0; positive fund-progress score 0.000; persistence boost 0 points.,OPERATIONAL_TREND_CONTEXT,5.20073,state_name=Maharashtra|district=Maharashtra Demo District 1|sector=Sanitation context; strongest metric progress_report_count; signed robust z 11.129.,False,True,True,False,False,False,False
W-000584,COMPLETION,55.646011,HIGH,601,564,100,COMPLIANCE,32.0,Strongest actionable compliance result REVIEW/STRONG_WARNING under rule MPLADS-11.2-COMPLETION-UC.,PAYMENT_EXECUTION,16.357481,Capped payment/execution family: payment severity score 60.0; positive fund-progress score 81.787; persistence boost 0 points.,PEER_DEVIATION,5.245431,1 peer-outlier metric(s); strongest financial_overrun_pct_as_of has absolute robust deviation 9.031.,False,True,True,False,False,False,False
W-001974,COMPLETION,55.637202,HIGH,602,565,100,COMPLIANCE,32.0,Strongest actionable compliance result REVIEW/STRONG_WARNING under rule MPLADS-11.2-COMPLETION-UC.,PAYMENT_EXECUTION,12.0,Capped payment/execution family: payment severity score 60.0; positive fund-progress score 0.000; persistence boost 0 points.,OPERATIONAL_TREND_CONTEXT,6.952555,state_name=Maharashtra|district=Maharashtra Demo District 1|sector=Education context; strongest metric progress_report_count; signed robust z 15.514.,False,True,True,False,False,False,False
W-000815,COMPLETION,55.632353,HIGH,603,566,100,COMPLIANCE,32.0,Strongest actionable compliance result REVIEW/STRONG_WARNING under rule MPLADS-11.2-COMPLETION-UC.,OPERATIONAL_TREND_CONTEXT,9.854015,state_name=Telangana|district=Telangana Demo District 4 context; strongest metric progress_report_count; signed robust z 49.463.,ANOMALY,7.190871,Within-lifecycle statistical unusualness percentile 89.886; not a probability.,False,False,True,False,False,False,False
W-002236,COMPLETION,55.623119,HIGH,604,567,100,COMPLIANCE,32.0,Strongest actionable compliance result REVIEW/STRONG_WARNING under rule MPLADS-11.2-COMPLETION-UC.,PAYMENT_EXECUTION,15.222749,Capped payment/execution family: payment severity score 0.0; positive fund-progress score 76.114; persistence boost 10 points.,OPERATIONAL_TREND_CONTEXT,7.591241,state_name=Maharashtra|district=Maharashtra Demo District 3|sector=Renewable Energy context; strongest metric progress_report_count; signed robust z 18.212.,False,True,True,False,False,False,False
W-000101,EXECUTION,55.610668,HIGH,605,38,100,OBSERVED_CONDITIONS,18.523985,"Observed overdue=True (days=793.0, score=92.620); observed over sanction=False (overrun_pct=0.0, score=0.000).",PAYMENT_EXECUTION,15.0,Capped payment/execution family: payment severity score 60.0; positive fund-progress score 0.000; persistence boost 0 points.,ANOMALY,9.8875,Within-lifecycle statistical unusualness percentile 98.875; not a probability.,False,True,False,False,True,False,True
W-002645,COMPLETION,55.547173,HIGH,606,568,100,COMPLIANCE,32.0,Strongest actionable compliance result REVIEW/STRONG_WARNING under rule MPLADS-11.2-COMPLETION-UC.,PAYMENT_EXECUTION,12.0,Capped payment/execution family: payment severity score 60.0; positive fund-progress score 0.000; persistence boost 0 points.,OPERATIONAL_TREND_CONTEXT,6.094891,state_name=Rajasthan|district=Rajasthan Demo District 3 context; strongest metric progress_report_count; signed robust z 13.288.,False,True,True,False,False,False,False
W-001350,COMPLETION,55.528335,HIGH,607,569,100,COMPLIANCE,32.0,Strongest actionable compliance result REVIEW/STRONG_WARNING under rule MPLADS-11.2-COMPLETION-UC.,PAYMENT_EXECUTION,15.148274,Capped payment/execution family: payment severity score 0.0; positive fund-progress score 75.741; persistence boost 10 points.,OPERATIONAL_TREND_CONTEXT,8.375912,state_name=Karnataka|district=Karnataka Demo District 2|sector=Sanitation context; strongest metric progress_report_count; signed robust z 22.258.,False,True,True,False,False,False,False
W-001726,COMPLETION,55.528163,HIGH,608,570,100,COMPLIANCE,32.0,Strongest actionable compliance result REVIEW/STRONG_WARNING under rule MPLADS-11.2-COMPLETION-UC.,PAYMENT_EXECUTION,11.641165,Capped payment/execution family: payment severity score 0.0; positive fund-progress score 58.206; persistence boost 10 points.,OPERATIONAL_TREND_CONTEXT,8.613139,state_name=Odisha|district=Odisha Demo District 3|sector=Sanitation context; strongest metric progress_report_count; signed robust z 23.607.,False,True,True,False,False,False,False
W-002102,COMPLETION,55.521791,HIGH,609,571,100,COMPLIANCE,32.0,Strongest actionable compliance result REVIEW/STRONG_WARNING under rule MPLADS-11.2-COMPLETION-UC.,PAYMENT_EXECUTION,16.19499,Capped payment/execution family: payment severity score 0.0; positive fund-progress score 80.975; persistence boost 0 points.,ANOMALY,5.319502,Within-lifecycle statistical unusualness percentile 66.494; not a probability.,False,True,True,False,False,False,False
W-000451,COMPLETION,55.51757,HIGH,610,572,100,COMPLIANCE,32.0,Strongest actionable compliance result REVIEW/STRONG_WARNING under rule MPLADS-11.2-COMPLETION-UC.,PAYMENT_EXECUTION,15.161814,Capped payment/execution family: payment severity score 0.0; positive fund-progress score 75.809; persistence boost 10 points.,OPERATIONAL_TREND_CONTEXT,7.189781,state_name=Rajasthan|district=Rajasthan Demo District 4 context; strongest metric progress_report_count; signed robust z 16.778.,False,True,True,False,False,False,False
W-001126,COMPLETION,55.504319,HIGH,611,573,100,COMPLIANCE,32.0,Strongest actionable compliance result REVIEW/STRONG_WARNING under rule MPLADS-11.2-COMPLETION-UC.,PAYMENT_EXECUTION,15.473257,Capped payment/execution family: payment severity score 60.0; positive fund-progress score 77.366; persistence boost 10 points.,ANOMALY,6.651452,Within-lifecycle statistical unusualness percentile 83.143; not a probability.,False,True,True,False,False,False,False
W-000282,COMPLETION,55.491814,HIGH,612,574,100,COMPLIANCE,32.0,Strongest actionable compliance result REVIEW/STRONG_WARNING under rule MPLADS-11.2-COMPLETION-UC.,PAYMENT_EXECUTION,14.746107,Capped payment/execution family: payment severity score 60.0; positive fund-progress score 73.731; persistence boost 0 points.,OPERATIONAL_TREND_CONTEXT,7.372263,state_name=Andhra Pradesh|district=Andhra Pradesh Demo District 4|sector=Education context; strongest metric progress_report_count; signed robust z 17.537.,False,True,True,False,False,False,False
W-001328,COMPLETION,55.457644,HIGH,613,575,100,COMPLIANCE,32.0,Strongest actionable compliance result REVIEW/STRONG_WARNING under rule MPLADS-11.2-COMPLETION-UC.,PAYMENT_EXECUTION,10.436019,Capped payment/execution family: payment severity score 0.0; positive fund-progress score 52.180; persistence boost 10 points.,OPERATIONAL_TREND_CONTEXT,6.569343,state_name=Maharashtra|district=Maharashtra Demo District 1|sector=Roads & Bridges context; strongest metric progress_report_count; signed robust z 14.389.,False,True,True,False,False,False,False
W-002482,COMPLETION,55.426178,HIGH,614,576,100,COMPLIANCE,32.0,Strongest actionable compliance result REVIEW/STRONG_WARNING under rule MPLADS-11.2-COMPLETION-UC.,PAYMENT_EXECUTION,14.498307,Capped payment/execution family: payment severity score 0.0; positive fund-progress score 72.492; persistence boost 10 points.,OPERATIONAL_TREND_CONTEXT,8.193431,state_name=Telangana|district=Telangana Demo District 1|sector=Sanitation context; strongest metric progress_report_count; signed robust z 21.584.,False,True,True,False,False,False,False
W-000457,COMPLETION,55.42466,HIGH,615,577,100,COMPLIANCE,32.0,Strongest actionable compliance result REVIEW/STRONG_WARNING under rule MPLADS-11.2-COMPLETION-UC.,PAYMENT_EXECUTION,12.0,Capped payment/execution family: payment severity score 60.0; positive fund-progress score 10.000; persistence boost 10 points.,ANOMALY,5.950207,Within-lifecycle statistical unusualness percentile 74.378; not a probability.,False,True,True,False,False,False,False
W-002498,COMPLETION,55.421418,HIGH,616,578,100,COMPLIANCE,32.0,Strongest actionable compliance result REVIEW/STRONG_WARNING under rule MPLADS-11.2-COMPLETION-UC.,PAYMENT_EXECUTION,12.074475,Capped payment/execution family: payment severity score 0.0; positive fund-progress score 60.372; persistence boost 10 points.,OPERATIONAL_TREND_CONTEXT,9.890511,state_name=Maharashtra|district=Maharashtra Demo District 2 context; strongest metric progress_report_count; signed robust z 59.356.,False,True,True,False,False,False,False
W-000691,COMPLETION,55.418938,HIGH,617,579,100,COMPLIANCE,32.0,Strongest actionable compliance result REVIEW/STRONG_WARNING under rule MPLADS-11.2-COMPLETION-UC.,PAYMENT_EXECUTION,17.057549,Capped payment/execution family: payment severity score 0.0; positive fund-progress score 85.288; persistence boost 10 points.,OPERATIONAL_TREND_CONTEXT,5.875912,state_name=Rajasthan|district=Rajasthan Demo District 3|sector=Sports context; strongest metric progress_report_count; signed robust z 12.816.,False,True,True,False,False,False,False
W-001455,COMPLETION,55.367616,HIGH,618,580,100,COMPLIANCE,32.0,Strongest actionable compliance result REVIEW/STRONG_WARNING under rule MPLADS-11.2-COMPLETION-UC.,PAYMENT_EXECUTION,17.382532,Capped payment/execution family: payment severity score 0.0; positive fund-progress score 86.913; persistence boost 10 points.,ANOMALY,4.360996,Within-lifecycle statistical unusualness percentile 54.512; not a probability.,False,True,True,False,False,False,False
W-001945,COMPLETION,55.359466,HIGH,619,581,100,COMPLIANCE,32.0,Strongest actionable compliance result REVIEW/STRONG_WARNING under rule MPLADS-11.2-COMPLETION-UC.,PAYMENT_EXECUTION,12.0,Capped payment/execution family: payment severity score 60.0; positive fund-progress score 0.000; persistence boost 0 points.,OPERATIONAL_TREND_CONTEXT,6.405109,state_name=Karnataka|district=Karnataka Demo District 2 context; strongest metric progress_report_count; signed robust z 14.030.,False,True,True,False,False,False,False
W-001484,COMPLETION,55.356483,HIGH,620,582,100,COMPLIANCE,32.0,Strongest actionable compliance result REVIEW/STRONG_WARNING under rule MPLADS-11.2-COMPLETION-UC.,PAYMENT_EXECUTION,12.0,Capped payment/execution family: payment severity score 60.0; positive fund-progress score 10.000; persistence boost 10 points.,OPERATIONAL_TREND_CONTEXT,5.729927,state_name=Odisha|district=Odisha Demo District 4|sector=Sports context; strongest metric progress_report_count; signed robust z 12.478.,False,True,True,False,False,False,False
W-002118,COMPLETION,55.340269,HIGH,621,583,100,COMPLIANCE,32.0,Strongest actionable compliance result REVIEW/STRONG_WARNING under rule MPLADS-11.2-COMPLETION-UC.,PAYMENT_EXECUTION,14.326337,Capped payment/execution family: payment severity score 0.0; positive fund-progress score 71.632; persistence boost 0 points.,OPERATIONAL_TREND_CONTEXT,8.686131,state_name=Rajasthan|district=Rajasthan Demo District 2 context; strongest metric progress_report_count; signed robust z 25.631.,False,True,True,False,False,False,False
W-002005,COMPLETION,55.338319,HIGH,622,584,100,COMPLIANCE,32.0,Strongest actionable compliance result REVIEW/STRONG_WARNING under rule MPLADS-11.2-COMPLETION-UC.,PAYMENT_EXECUTION,14.597156,Capped payment/execution family: payment severity score 60.0; positive fund-progress score 72.986; persistence boost 0 points.,OPERATIONAL_TREND_CONTEXT,6.49635,state_name=Andhra Pradesh|district=Andhra Pradesh Demo District 4|sector=Renewable Energy context; strongest metric progress_report_count; signed robust z 14.165.,False,True,True,False,False,False,False
W-001217,COMPLETION,55.336275,HIGH,623,585,100,COMPLIANCE,32.0,Strongest actionable compliance result REVIEW/STRONG_WARNING under rule MPLADS-11.2-COMPLETION-UC.,PAYMENT_EXECUTION,13.536899,Capped payment/execution family: payment severity score 0.0; positive fund-progress score 67.684; persistence boost 10 points.,OPERATIONAL_TREND_CONTEXT,7.919708,state_name=Maharashtra|district=Maharashtra Demo District 1|sector=Renewable Energy context; strongest metric progress_report_count; signed robust z 19.561.,False,True,True,False,False,False,False
W-002444,COMPLETION,55.309401,HIGH,624,586,100,COMPLIANCE,32.0,Strongest actionable compliance result REVIEW/STRONG_WARNING under rule MPLADS-11.2-COMPLETION-UC.,PAYMENT_EXECUTION,12.0,Capped payment/execution family: payment severity score 60.0; positive fund-progress score 0.000; persistence boost 0 points.,OPERATIONAL_TREND_CONTEXT,6.952555,state_name=Karnataka|district=Karnataka Demo District 4|sector=Education context; strongest metric progress_report_count; signed robust z 15.514.,False,True,True,False,False,False,False
W-002970,COMPLETION,55.302904,HIGH,625,587,100,COMPLIANCE,32.0,Strongest actionable compliance result REVIEW/STRONG_WARNING under rule MPLADS-11.2-COMPLETION-UC.,PAYMENT_EXECUTION,8.58497,Capped payment/execution family: payment severity score 0.0; positive fund-progress score 42.925; persistence boost 0 points.,ANOMALY,6.228216,Within-lifecycle statistical unusualness percentile 77.853; not a probability.,False,True,True,False,False,False,False
W-002695,COMPLETION,55.300451,HIGH,626,588,100,COMPLIANCE,32.0,Strongest actionable compliance result REVIEW/STRONG_WARNING under rule MPLADS-11.2-COMPLETION-UC.,PAYMENT_EXECUTION,12.0,Capped payment/execution family: payment severity score 60.0; positive fund-progress score 33.358; persistence boost 10 points.,ANOMALY,6.373444,Within-lifecycle statistical unusualness percentile 79.668; not a probability.,False,True,True,False,False,False,False
W-001560,COMPLETION,55.291178,HIGH,627,589,100,COMPLIANCE,32.0,Strongest actionable compliance result REVIEW/STRONG_WARNING under rule MPLADS-11.2-COMPLETION-UC.,PAYMENT_EXECUTION,10.232905,Capped payment/execution family: payment severity score 0.0; positive fund-progress score 51.165; persistence boost 10 points.,OPERATIONAL_TREND_CONTEXT,9.635036,state_name=Karnataka|district=Karnataka Demo District 3 context; strongest metric progress_report_count; signed robust z 37.435.,False,True,True,False,False,False,False
W-000552,COMPLETION,55.280905,HIGH,628,590,100,COMPLIANCE,32.0,Strongest actionable compliance result REVIEW/STRONG_WARNING under rule MPLADS-11.2-COMPLETION-UC.,PAYMENT_EXECUTION,12.521327,Capped payment/execution family: payment severity score 0.0; positive fund-progress score 62.607; persistence boost 10 points.,ANOMALY,7.912863,Within-lifecycle statistical unusualness percentile 98.911; not a probability.,False,True,True,False,False,False,False
W-002728,EXECUTION,55.275768,HIGH,629,39,100,PAYMENT_EXECUTION,22.274882,Capped payment/execution family: payment severity score 0.0; positive fund-progress score 89.100; persistence boost 0 points.,OBSERVED_CONDITIONS,15.263158,"Observed overdue=False (days=0.0, score=0.000); observed over sanction=True (overrun_pct=0.1636661211129296, score=76.316).",ANOMALY,6.675,Within-lifecycle statistical unusualness percentile 66.750; not a probability.,False,True,True,False,False,True,True
W-000767,COMPLETION,55.269215,HIGH,630,591,100,COMPLIANCE,32.0,Strongest actionable compliance result REVIEW/STRONG_WARNING under rule MPLADS-11.2-COMPLETION-UC.,PAYMENT_EXECUTION,8.639133,Capped payment/execution family: payment severity score 0.0; positive fund-progress score 43.196; persistence boost 0 points.,ANOMALY,5.253112,Within-lifecycle statistical unusualness percentile 65.664; not a probability.,False,True,True,False,False,False,False
W-001444,COMPLETION,55.26445,HIGH,631,592,100,COMPLIANCE,32.0,Strongest actionable compliance result REVIEW/STRONG_WARNING under rule MPLADS-11.2-COMPLETION-UC.,PAYMENT_EXECUTION,13.033175,Capped payment/execution family: payment severity score 60.0; positive fund-progress score 65.166; persistence boost 0 points.,OPERATIONAL_TREND_CONTEXT,7.189781,state_name=Rajasthan|district=Rajasthan Demo District 4 context; strongest metric progress_report_count; signed robust z 16.778.,False,True,True,False,False,False,False
W-002515,COMPLETION,55.263879,HIGH,632,593,100,COMPLIANCE,32.0,Strongest actionable compliance result REVIEW/STRONG_WARNING under rule MPLADS-11.2-COMPLETION-UC.,PAYMENT_EXECUTION,12.0,Capped payment/execution family: payment severity score 60.0; positive fund-progress score 10.000; persistence boost 10 points.,OPERATIONAL_TREND_CONTEXT,8.375912,state_name=Odisha|district=Odisha Demo District 1|sector=Drinking Water context; strongest metric progress_report_count; signed robust z 22.258.,False,True,True,False,False,False,False
W-000838,COMPLETION,55.262454,HIGH,633,594,100,COMPLIANCE,32.0,Strongest actionable compliance result REVIEW/STRONG_WARNING under rule MPLADS-11.2-COMPLETION-UC.,PAYMENT_EXECUTION,15.38524,Capped payment/execution family: payment severity score 0.0; positive fund-progress score 76.926; persistence boost 10 points.,OPERATIONAL_TREND_CONTEXT,4.927007,state_name=Karnataka|district=Karnataka Demo District 4|sector=Drinking Water context; strongest metric progress_report_count; signed robust z 10.455.,False,True,True,False,False,False,False
W-000002,COMPLETION,55.239422,HIGH,634,595,100,COMPLIANCE,32.0,Strongest actionable compliance result REVIEW/STRONG_WARNING under rule MPLADS-11.2-COMPLETION-UC.,PAYMENT_EXECUTION,12.0,Capped payment/execution family: payment severity score 60.0; positive fund-progress score 10.000; persistence boost 10 points.,OPERATIONAL_TREND_CONTEXT,9.160584,state_name=Karnataka|district=Karnataka Demo District 1|sector=Sports context; strongest metric progress_report_count; signed robust z 30.352.,False,True,True,False,False,False,False
W-002190,COMPLETION,55.235525,HIGH,635,596,100,COMPLIANCE,32.0,Strongest actionable compliance result REVIEW/STRONG_WARNING under rule MPLADS-11.2-COMPLETION-UC.,PAYMENT_EXECUTION,12.809749,Capped payment/execution family: payment severity score 0.0; positive fund-progress score 64.049; persistence boost 0 points.,PEER_DEVIATION,4.441253,1 peer-outlier metric(s); strongest physical_progress_velocity_pct_per_30d has absolute robust deviation 7.034.,False,True,True,False,False,False,False
W-001676,COMPLETION,55.232941,HIGH,636,597,100,COMPLIANCE,32.0,Strongest actionable compliance result REVIEW/STRONG_WARNING under rule MPLADS-11.2-COMPLETION-UC.,PAYMENT_EXECUTION,13.076506,Capped payment/execution family: payment severity score 0.0; positive fund-progress score 65.383; persistence boost 10 points.,OPERATIONAL_TREND_CONTEXT,9.160584,state_name=Maharashtra|district=Maharashtra Demo District 1|sector=Community Infrastructure context; strongest metric progress_report_count; signed robust z 30.352.,False,True,True,False,False,False,False
W-000022,COMPLETION,55.232053,HIGH,637,598,100,COMPLIANCE,32.0,Strongest actionable compliance result REVIEW/STRONG_WARNING under rule MPLADS-11.2-COMPLETION-UC.,PAYMENT_EXECUTION,12.033852,Capped payment/execution family: payment severity score 0.0; positive fund-progress score 60.169; persistence boost 10 points.,OPERATIONAL_TREND_CONTEXT,8.613139,state_name=Odisha|district=Odisha Demo District 3|sector=Sanitation context; strongest metric progress_report_count; signed robust z 23.607.,False,True,True,False,False,False,False
W-000703,COMPLETION,55.21916,HIGH,638,599,100,COMPLIANCE,32.0,Strongest actionable compliance result REVIEW/STRONG_WARNING under rule MPLADS-11.2-COMPLETION-UC.,PAYMENT_EXECUTION,12.0,Capped payment/execution family: payment severity score 60.0; positive fund-progress score 10.000; persistence boost 10 points.,OPERATIONAL_TREND_CONTEXT,9.854015,state_name=Telangana|district=Telangana Demo District 4 context; strongest metric progress_report_count; signed robust z 49.463.,False,True,True,False,False,False,False
W-001913,COMPLETION,55.2108,HIGH,639,600,100,COMPLIANCE,32.0,Strongest actionable compliance result REVIEW/STRONG_WARNING under rule MPLADS-11.2-COMPLETION-UC.,PAYMENT_EXECUTION,12.38998,Capped payment/execution family: payment severity score 60.0; positive fund-progress score 61.950; persistence boost 0 points.,OPERATIONAL_TREND_CONTEXT,9.854015,state_name=Telangana|district=Telangana Demo District 4 context; strongest metric progress_report_count; signed robust z 49.463.,False,True,True,False,False,False,False
W-002830,COMPLETION,55.203286,HIGH,640,601,100,COMPLIANCE,32.0,Strongest actionable compliance result REVIEW/STRONG_WARNING under rule MPLADS-11.2-COMPLETION-UC.,PAYMENT_EXECUTION,13.238998,Capped payment/execution family: payment severity score 0.0; positive fund-progress score 66.195; persistence boost 10 points.,OPERATIONAL_TREND_CONTEXT,4.124088,state_name=Rajasthan|district=Rajasthan Demo District 2|sector=Sanitation context; strongest metric progress_report_count; signed robust z 8.993.,False,True,True,False,False,False,False
W-000061,COMPLETION,55.186964,HIGH,641,602,100,COMPLIANCE,32.0,Strongest actionable compliance result REVIEW/STRONG_WARNING under rule MPLADS-11.2-COMPLETION-UC.,PAYMENT_EXECUTION,20.0,Capped payment/execution family: payment severity score 0.0; positive fund-progress score 100.000; persistence boost 10 points.,OPERATIONAL_TREND_CONTEXT,2.846715,state_name=Telangana|district=Telangana Demo District 4|sector=Roads & Bridges context; strongest metric progress_report_count; signed robust z 6.970.,False,True,True,False,False,False,False
W-002309,COMPLETION,55.174774,HIGH,642,603,100,COMPLIANCE,32.0,Strongest actionable compliance result REVIEW/STRONG_WARNING under rule MPLADS-11.2-COMPLETION-UC.,PAYMENT_EXECUTION,12.0,Capped payment/execution family: payment severity score 60.0; positive fund-progress score 48.727; persistence boost 10 points.,ANOMALY,6.983402,Within-lifecycle statistical unusualness percentile 87.293; not a probability.,False,True,True,False,False,False,False
W-001776,COMPLETION,55.168671,HIGH,643,604,100,COMPLIANCE,32.0,Strongest actionable compliance result REVIEW/STRONG_WARNING under rule MPLADS-11.2-COMPLETION-UC.,PAYMENT_EXECUTION,12.0,Capped payment/execution family: payment severity score 60.0; positive fund-progress score 59.018; persistence boost 10 points.,OPERATIONAL_TREND_CONTEXT,7.919708,state_name=Maharashtra|district=Maharashtra Demo District 1|sector=Renewable Energy context; strongest metric progress_report_count; signed robust z 19.561.,False,True,True,False,False,False,False
W-001333,COMPLETION,55.158945,HIGH,644,605,100,COMPLIANCE,32.0,Strongest actionable compliance result REVIEW/STRONG_WARNING under rule MPLADS-11.2-COMPLETION-UC.,PAYMENT_EXECUTION,12.886933,Capped payment/execution family: payment severity score 60.0; positive fund-progress score 64.435; persistence boost 10 points.,OPERATIONAL_TREND_CONTEXT,7.043796,state_name=Maharashtra|district=Maharashtra Demo District 3 context; strongest metric progress_report_count; signed robust z 15.813.,False,True,True,False,False,False,False
W-002463,COMPLETION,55.147484,HIGH,645,606,100,COMPLIANCE,32.0,Strongest actionable compliance result REVIEW/STRONG_WARNING under rule MPLADS-11.2-COMPLETION-UC.,PAYMENT_EXECUTION,12.0,Capped payment/execution family: payment severity score 60.0; positive fund-progress score 0.000; persistence boost 0 points.,OPERATIONAL_TREND_CONTEXT,7.135036,state_name=Andhra Pradesh|district=Andhra Pradesh Demo District 3|sector=Health context; strongest metric progress_report_count; signed robust z 16.188.,False,True,True,False,False,False,False
W-001573,COMPLETION,55.144217,HIGH,646,607,100,COMPLIANCE,32.0,Strongest actionable compliance result REVIEW/STRONG_WARNING under rule MPLADS-11.2-COMPLETION-UC.,PAYMENT_EXECUTION,11.356804,Capped payment/execution family: payment severity score 0.0; positive fund-progress score 56.784; persistence boost 10 points.,OPERATIONAL_TREND_CONTEXT,8.613139,state_name=Odisha|district=Odisha Demo District 3|sector=Sanitation context; strongest metric progress_report_count; signed robust z 23.607.,False,True,True,False,False,False,False
W-001409,COMPLETION,55.134872,HIGH,647,608,100,COMPLIANCE,32.0,Strongest actionable compliance result REVIEW/STRONG_WARNING under rule MPLADS-11.2-COMPLETION-UC.,PAYMENT_EXECUTION,14.904536,Capped payment/execution family: payment severity score 0.0; positive fund-progress score 74.523; persistence boost 10 points.,ANOMALY,5.821577,Within-lifecycle statistical unusualness percentile 72.770; not a probability.,False,True,True,False,False,False,False
W-001642,COMPLETION,55.116384,HIGH,648,609,100,COMPLIANCE,32.0,Strongest actionable compliance result REVIEW/STRONG_WARNING under rule MPLADS-11.2-COMPLETION-UC.,PAYMENT_EXECUTION,15.978334,Capped payment/execution family: payment severity score 0.0; positive fund-progress score 79.892; persistence boost 0 points.,OPERATIONAL_TREND_CONTEXT,4.416058,state_name=Andhra Pradesh|district=Andhra Pradesh Demo District 3|sector=Roads & Bridges context; strongest metric progress_report_count; signed robust z 9.443.,False,True,True,False,False,False,False
W-002429,COMPLETION,55.111482,HIGH,649,610,100,COMPLIANCE,32.0,Strongest actionable compliance result REVIEW/STRONG_WARNING under rule MPLADS-11.2-COMPLETION-UC.,PAYMENT_EXECUTION,10.629655,Capped payment/execution family: payment severity score 0.0; positive fund-progress score 53.148; persistence boost 0 points.,OPERATIONAL_TREND_CONTEXT,8.99635,state_name=Telangana|district=Telangana Demo District 2|sector=Renewable Energy context; strongest metric progress_report_count; signed robust z 29.003.,False,True,True,False,False,False,False
W-000224,COMPLETION,55.10599,HIGH,650,611,100,COMPLIANCE,32.0,Strongest actionable compliance result REVIEW/STRONG_WARNING under rule MPLADS-11.2-COMPLETION-UC.,PAYMENT_EXECUTION,12.0,Capped payment/execution family: payment severity score 60.0; positive fund-progress score 10.000; persistence boost 10 points.,OPERATIONAL_TREND_CONTEXT,7.135036,state_name=Rajasthan|district=Rajasthan Demo District 2|sector=Health context; strongest metric progress_report_count; signed robust z 16.188.,False,True,True,False,False,False,False
W-001043,COMPLETION,55.085017,HIGH,651,612,100,COMPLIANCE,32.0,Strongest actionable compliance result REVIEW/STRONG_WARNING under rule MPLADS-11.2-COMPLETION-UC.,PAYMENT_EXECUTION,12.0,Capped payment/execution family: payment severity score 60.0; positive fund-progress score 0.000; persistence boost 0 points.,OPERATIONAL_TREND_CONTEXT,7.591241,state_name=Maharashtra|district=Maharashtra Demo District 3|sector=Renewable Energy context; strongest metric progress_report_count; signed robust z 18.212.,False,True,True,False,False,False,False
W-001298,COMPLETION,55.082338,HIGH,652,613,100,COMPLIANCE,32.0,Strongest actionable compliance result REVIEW/STRONG_WARNING under rule MPLADS-11.2-COMPLETION-UC.,PAYMENT_EXECUTION,14.159783,Capped payment/execution family: payment severity score 0.0; positive fund-progress score 70.799; persistence boost 10 points.,OPERATIONAL_TREND_CONTEXT,8.868613,state_name=Andhra Pradesh|district=Andhra Pradesh Demo District 4|sector=Health context; strongest metric progress_report_count; signed robust z 26.980.,False,True,True,False,False,False,False
W-000376,COMPLETION,55.077596,HIGH,653,614,100,COMPLIANCE,32.0,Strongest actionable compliance result REVIEW/STRONG_WARNING under rule MPLADS-11.2-COMPLETION-UC.,PAYMENT_EXECUTION,12.0,Capped payment/execution family: payment severity score 60.0; positive fund-progress score 0.000; persistence boost 0 points.,OPERATIONAL_TREND_CONTEXT,9.160584,state_name=Karnataka|district=Karnataka Demo District 1|sector=Sports context; strongest metric progress_report_count; signed robust z 30.352.,False,True,True,False,False,False,False
W-000825,COMPLETION,55.055366,HIGH,654,615,100,COMPLIANCE,32.0,Strongest actionable compliance result REVIEW/STRONG_WARNING under rule MPLADS-11.2-COMPLETION-UC.,PAYMENT_EXECUTION,12.0,Capped payment/execution family: payment severity score 60.0; positive fund-progress score 33.697; persistence boost 10 points.,ANOMALY,5.580913,Within-lifecycle statistical unusualness percentile 69.761; not a probability.,False,True,True,False,False,False,False
W-002473,COMPLETION,55.046444,HIGH,655,616,100,COMPLIANCE,32.0,Strongest actionable compliance result REVIEW/STRONG_WARNING under rule MPLADS-11.2-COMPLETION-UC.,PAYMENT_EXECUTION,11.072444,Capped payment/execution family: payment severity score 0.0; positive fund-progress score 55.362; persistence boost 10 points.,OPERATIONAL_TREND_CONTEXT,6.569343,state_name=Maharashtra|district=Maharashtra Demo District 1|sector=Roads & Bridges context; strongest metric progress_report_count; signed robust z 14.389.,False,True,True,False,False,False,False
W-000981,COMPLETION,55.04393,HIGH,656,617,100,COMPLIANCE,32.0,Strongest actionable compliance result REVIEW/STRONG_WARNING under rule MPLADS-11.2-COMPLETION-UC.,PAYMENT_EXECUTION,17.77522,Capped payment/execution family: payment severity score 60.0; positive fund-progress score 88.876; persistence boost 10 points.,ANOMALY,3.261411,Within-lifecycle statistical unusualness percentile 40.768; not a probability.,False,True,True,False,False,False,False
W-000959,COMPLETION,55.036945,HIGH,657,618,100,COMPLIANCE,32.0,Strongest actionable compliance result REVIEW/STRONG_WARNING under rule MPLADS-11.2-COMPLETION-UC.,PAYMENT_EXECUTION,16.641842,Capped payment/execution family: payment severity score 0.0; positive fund-progress score 83.209; persistence boost 0 points.,ANOMALY,3.746888,Within-lifecycle statistical unusualness percentile 46.836; not a probability.,False,True,True,False,False,False,False
W-001360,COMPLETION,55.027935,HIGH,658,619,100,COMPLIANCE,32.0,Strongest actionable compliance result REVIEW/STRONG_WARNING under rule MPLADS-11.2-COMPLETION-UC.,PAYMENT_EXECUTION,15.033175,Capped payment/execution family: payment severity score 0.0; positive fund-progress score 75.166; persistence boost 10 points.,OPERATIONAL_TREND_CONTEXT,7.189781,state_name=Rajasthan|district=Rajasthan Demo District 4 context; strongest metric progress_report_count; signed robust z 16.778.,False,True,True,False,False,False,False
W-000441,COMPLETION,55.009927,HIGH,659,620,100,COMPLIANCE,32.0,Strongest actionable compliance result REVIEW/STRONG_WARNING under rule MPLADS-11.2-COMPLETION-UC.,PAYMENT_EXECUTION,15.829384,Capped payment/execution family: payment severity score 0.0; positive fund-progress score 79.147; persistence boost 0 points.,ANOMALY,4.771784,Within-lifecycle statistical unusualness percentile 59.647; not a probability.,False,True,True,False,False,False,False
W-001291,COMPLETION,54.994169,HIGH,660,621,100,COMPLIANCE,32.0,Strongest actionable compliance result REVIEW/STRONG_WARNING under rule MPLADS-11.2-COMPLETION-UC.,PAYMENT_EXECUTION,12.0,Capped payment/execution family: payment severity score 60.0; positive fund-progress score 0.000; persistence boost 0 points.,OPERATIONAL_TREND_CONTEXT,8.375912,state_name=Karnataka|district=Karnataka Demo District 1|sector=Health context; strongest metric progress_report_count; signed robust z 22.258.,False,True,True,False,False,False,False
W-001357,COMPLETION,54.962579,HIGH,661,622,100,COMPLIANCE,32.0,Strongest actionable compliance result REVIEW/STRONG_WARNING under rule MPLADS-11.2-COMPLETION-UC.,PAYMENT_EXECUTION,12.0,Capped payment/execution family: payment severity score 60.0; positive fund-progress score 10.000; persistence boost 10 points.,ANOMALY,7.477178,Within-lifecycle statistical unusualness percentile 93.465; not a probability.,False,True,True,False,False,False,False
W-000674,COMPLETION,54.941006,HIGH,662,623,100,COMPLIANCE,32.0,Strongest actionable compliance result REVIEW/STRONG_WARNING under rule MPLADS-11.2-COMPLETION-UC.,PAYMENT_EXECUTION,14.407583,Capped payment/execution family: payment severity score 0.0; positive fund-progress score 72.038; persistence boost 0 points.,OPERATIONAL_TREND_CONTEXT,7.043796,state_name=Maharashtra|district=Maharashtra Demo District 3 context; strongest metric progress_report_count; signed robust z 15.813.,False,True,True,False,False,False,False
W-001498,COMPLETION,54.938259,HIGH,663,624,100,COMPLIANCE,32.0,Strongest actionable compliance result REVIEW/STRONG_WARNING under rule MPLADS-11.2-COMPLETION-UC.,PAYMENT_EXECUTION,12.0,Capped payment/execution family: payment severity score 60.0; positive fund-progress score 18.835; persistence boost 10 points.,OPERATIONAL_TREND_CONTEXT,8.99635,state_name=Telangana|district=Telangana Demo District 2|sector=Renewable Energy context; strongest metric progress_report_count; signed robust z 29.003.,False,True,True,False,False,False,False
W-000069,COMPLETION,54.898295,HIGH,664,625,100,COMPLIANCE,32.0,Strongest actionable compliance result REVIEW/STRONG_WARNING under rule MPLADS-11.2-COMPLETION-UC.,PAYMENT_EXECUTION,12.0,Capped payment/execution family: payment severity score 60.0; positive fund-progress score 12.234; persistence boost 10 points.,OPERATIONAL_TREND_CONTEXT,7.591241,state_name=Maharashtra|district=Maharashtra Demo District 3|sector=Renewable Energy context; strongest metric progress_report_count; signed robust z 18.212.,False,True,True,False,False,False,False
W-000945,COMPLETION,54.87422,HIGH,665,626,100,COMPLIANCE,32.0,Strongest actionable compliance result REVIEW/STRONG_WARNING under rule MPLADS-11.2-COMPLETION-UC.,PAYMENT_EXECUTION,13.008802,Capped payment/execution family: payment severity score 0.0; positive fund-progress score 65.044; persistence boost 10 points.,OPERATIONAL_TREND_CONTEXT,6.952555,state_name=Odisha|district=Odisha Demo District 1|sector=Education context; strongest metric progress_report_count; signed robust z 15.514.,False,True,True,False,False,False,False
W-002741,COMPLETION,54.873837,HIGH,666,627,100,COMPLIANCE,32.0,Strongest actionable compliance result REVIEW/STRONG_WARNING under rule MPLADS-11.2-COMPLETION-UC.,PAYMENT_EXECUTION,12.0,Capped payment/execution family: payment severity score 60.0; positive fund-progress score 33.832; persistence boost 10 points.,OPERATIONAL_TREND_CONTEXT,8.375912,state_name=Odisha|district=Odisha Demo District 1|sector=Drinking Water context; strongest metric progress_report_count; signed robust z 22.258.,False,True,True,False,False,False,False
W-002396,COMPLETION,54.872463,HIGH,667,628,100,COMPLIANCE,32.0,Strongest actionable compliance result REVIEW/STRONG_WARNING under rule MPLADS-11.2-COMPLETION-UC.,OPERATIONAL_TREND_CONTEXT,7.189781,state_name=Rajasthan|district=Rajasthan Demo District 4 context; strongest metric progress_report_count; signed robust z 16.778.,PAYMENT_EXECUTION,7.0413,Capped payment/execution family: payment severity score 0.0; positive fund-progress score 35.206; persistence boost 0 points.,False,True,True,False,False,False,False
W-001579,COMPLETION,54.853134,HIGH,668,629,100,COMPLIANCE,32.0,Strongest actionable compliance result REVIEW/STRONG_WARNING under rule MPLADS-11.2-COMPLETION-UC.,PAYMENT_EXECUTION,16.76371,Capped payment/execution family: payment severity score 0.0; positive fund-progress score 83.819; persistence boost 0 points.,OPERATIONAL_TREND_CONTEXT,3.740876,state_name=Andhra Pradesh|district=Andhra Pradesh Demo District 1|sector=Sports context; strongest metric progress_report_count; signed robust z 8.544.,False,True,True,False,False,False,False
W-000656,COMPLETION,54.833101,HIGH,669,630,100,COMPLIANCE,32.0,Strongest actionable compliance result REVIEW/STRONG_WARNING under rule MPLADS-11.2-COMPLETION-UC.,PAYMENT_EXECUTION,12.0,Capped payment/execution family: payment severity score 60.0; positive fund-progress score 10.000; persistence boost 10 points.,OPERATIONAL_TREND_CONTEXT,8.521898,state_name=Odisha|district=Odisha Demo District 4|sector=Health context; strongest metric progress_report_count; signed robust z 22.933.,False,True,True,False,False,False,False
W-000695,COMPLETION,54.832162,HIGH,670,631,100,COMPLIANCE,32.0,Strongest actionable compliance result REVIEW/STRONG_WARNING under rule MPLADS-11.2-COMPLETION-UC.,PAYMENT_EXECUTION,12.0,Capped payment/execution family: payment severity score 60.0; positive fund-progress score 46.628; persistence boost 10 points.,ANOMALY,7.091286,Within-lifecycle statistical unusualness percentile 88.641; not a probability.,False,True,True,False,False,False,False
W-002413,EXECUTION,54.829778,HIGH,671,40,100,PAYMENT_EXECUTION,21.525051,Capped payment/execution family: payment severity score 0.0; positive fund-progress score 86.100; persistence boost 10 points.,OBSERVED_CONDITIONS,16.180812,"Observed overdue=True (days=564.0, score=80.904); observed over sanction=False (overrun_pct=0.0, score=0.000).",ANOMALY,8.2125,Within-lifecycle statistical unusualness percentile 82.125; not a probability.,False,False,False,False,True,False,True
W-000292,COMPLETION,54.827548,HIGH,672,632,100,COMPLIANCE,32.0,Strongest actionable compliance result REVIEW/STRONG_WARNING under rule MPLADS-11.2-COMPLETION-UC.,PAYMENT_EXECUTION,13.26608,Capped payment/execution family: payment severity score 0.0; positive fund-progress score 66.330; persistence boost 10 points.,OPERATIONAL_TREND_CONTEXT,9.051095,state_name=Andhra Pradesh|district=Andhra Pradesh Demo District 3 context; strongest metric progress_report_count; signed robust z 29.172.,False,True,True,False,False,False,False
W-001027,COMPLETION,54.817329,HIGH,673,633,100,COMPLIANCE,32.0,Strongest actionable compliance result REVIEW/STRONG_WARNING under rule MPLADS-11.2-COMPLETION-UC.,ANOMALY,7.751037,Within-lifecycle statistical unusualness percentile 96.888; not a probability.,OPERATIONAL_TREND_CONTEXT,6.405109,state_name=Karnataka|district=Karnataka Demo District 2 context; strongest metric progress_report_count; signed robust z 14.030.,False,True,True,False,False,False,False
W-001648,COMPLETION,54.789759,HIGH,674,634,100,COMPLIANCE,32.0,Strongest actionable compliance result REVIEW/STRONG_WARNING under rule MPLADS-11.2-COMPLETION-UC.,PAYMENT_EXECUTION,12.0,Capped payment/execution family: payment severity score 60.0; positive fund-progress score 51.232; persistence boost 10 points.,OPERATIONAL_TREND_CONTEXT,5.565693,state_name=Rajasthan|district=Rajasthan Demo District 1|sector=Drinking Water context; strongest metric progress_report_count; signed robust z 12.141.,False,True,True,False,False,False,False
W-000643,COMPLETION,54.780582,HIGH,675,635,100,COMPLIANCE,32.0,Strongest actionable compliance result REVIEW/STRONG_WARNING under rule MPLADS-11.2-COMPLETION-UC.,PAYMENT_EXECUTION,12.0,Capped payment/execution family: payment severity score 60.0; positive fund-progress score 10.000; persistence boost 10 points.,OPERATIONAL_TREND_CONTEXT,8.99635,state_name=Andhra Pradesh|district=Andhra Pradesh Demo District 2|sector=Health context; strongest metric progress_report_count; signed robust z 29.003.,False,True,True,False,False,False,False
W-000009,COMPLETION,54.778189,HIGH,676,636,100,COMPLIANCE,32.0,Strongest actionable compliance result REVIEW/STRONG_WARNING under rule MPLADS-11.2-COMPLETION-UC.,PAYMENT_EXECUTION,12.0,Capped payment/execution family: payment severity score 60.0; positive fund-progress score 10.880; persistence boost 10 points.,ANOMALY,7.726141,Within-lifecycle statistical unusualness percentile 96.577; not a probability.,False,True,True,False,False,False,False
W-000799,COMPLETION,54.767559,HIGH,677,637,100,COMPLIANCE,32.0,Strongest actionable compliance result REVIEW/STRONG_WARNING under rule MPLADS-11.2-COMPLETION-UC.,PAYMENT_EXECUTION,12.0,Capped payment/execution family: payment severity score 60.0; positive fund-progress score 10.000; persistence boost 10 points.,ANOMALY,7.282158,Within-lifecycle statistical unusualness percentile 91.027; not a probability.,False,True,True,False,False,False,False
W-001454,COMPLETION,54.765599,HIGH,678,638,100,COMPLIANCE,32.0,Strongest actionable compliance result REVIEW/STRONG_WARNING under rule MPLADS-11.2-COMPLETION-UC.,PAYMENT_EXECUTION,16.177387,Capped payment/execution family: payment severity score 60.0; positive fund-progress score 80.887; persistence boost 10 points.,ANOMALY,4.580913,Within-lifecycle statistical unusualness percentile 57.261; not a probability.,False,True,True,False,False,False,False
W-000117,COMPLETION,54.747307,HIGH,679,639,100,COMPLIANCE,32.0,Strongest actionable compliance result REVIEW/STRONG_WARNING under rule MPLADS-11.2-COMPLETION-UC.,PAYMENT_EXECUTION,13.956669,Capped payment/execution family: payment severity score 60.0; positive fund-progress score 69.783; persistence boost 10 points.,OPERATIONAL_TREND_CONTEXT,7.135036,state_name=Rajasthan|district=Rajasthan Demo District 2|sector=Health context; strongest metric progress_report_count; signed robust z 16.188.,False,True,True,False,False,False,False
W-001165,COMPLETION,54.746554,HIGH,680,640,100,COMPLIANCE,32.0,Strongest actionable compliance result REVIEW/STRONG_WARNING under rule MPLADS-11.2-COMPLETION-UC.,PAYMENT_EXECUTION,18.0,Capped payment/execution family: payment severity score 90.0; positive fund-progress score 66.060; persistence boost 10 points.,ANOMALY,2.410788,Within-lifecycle statistical unusualness percentile 30.135; not a probability.,False,True,True,False,False,False,False
W-000602,COMPLETION,54.733198,HIGH,681,641,100,COMPLIANCE,32.0,Strongest actionable compliance result REVIEW/STRONG_WARNING under rule MPLADS-11.2-COMPLETION-UC.,PAYMENT_EXECUTION,12.0,Capped payment/execution family: payment severity score 60.0; positive fund-progress score 24.624; persistence boost 10 points.,OPERATIONAL_TREND_CONTEXT,9.160584,state_name=Maharashtra|district=Maharashtra Demo District 1|sector=Community Infrastructure context; strongest metric progress_report_count; signed robust z 30.352.,False,True,True,False,False,False,False
W-001878,COMPLETION,54.715449,HIGH,682,642,100,COMPLIANCE,32.0,Strongest actionable compliance result REVIEW/STRONG_WARNING under rule MPLADS-11.2-COMPLETION-UC.,PAYMENT_EXECUTION,12.0,Capped payment/execution family: payment severity score 60.0; positive fund-progress score 0.000; persistence boost 0 points.,OPERATIONAL_TREND_CONTEXT,8.138686,state_name=Maharashtra|district=Maharashtra Demo District 1|sector=Health context; strongest metric progress_report_count; signed robust z 20.910.,False,True,True,False,False,False,False
W-000558,COMPLETION,54.69573,HIGH,683,643,100,COMPLIANCE,32.0,Strongest actionable compliance result REVIEW/STRONG_WARNING under rule MPLADS-11.2-COMPLETION-UC.,PAYMENT_EXECUTION,16.448206,Capped payment/execution family: payment severity score 0.0; positive fund-progress score 82.241; persistence boost 10 points.,ANOMALY,5.024896,Within-lifecycle statistical unusualness percentile 62.811; not a probability.,False,True,True,False,False,False,False
W-001278,COMPLETION,54.681618,HIGH,684,644,100,COMPLIANCE,32.0,Strongest actionable compliance result REVIEW/STRONG_WARNING under rule MPLADS-11.2-COMPLETION-UC.,PAYMENT_EXECUTION,12.0,Capped payment/execution family: payment severity score 60.0; positive fund-progress score 0.000; persistence boost 0 points.,ANOMALY,6.26556,Within-lifecycle statistical unusualness percentile 78.320; not a probability.,False,True,True,False,False,False,False
W-002855,COMPLETION,54.67394,HIGH,685,645,100,COMPLIANCE,32.0,Strongest actionable compliance result REVIEW/STRONG_WARNING under rule MPLADS-11.2-COMPLETION-UC.,PAYMENT_EXECUTION,12.0,Capped payment/execution family: payment severity score 60.0; positive fund-progress score 10.000; persistence boost 10 points.,ANOMALY,5.838174,Within-lifecycle statistical unusualness percentile 72.977; not a probability.,False,True,True,False,False,False,False
W-001953,COMPLETION,54.645758,HIGH,686,646,100,COMPLIANCE,32.0,Strongest actionable compliance result REVIEW/STRONG_WARNING under rule MPLADS-11.2-COMPLETION-UC.,PAYMENT_EXECUTION,12.0,Capped payment/execution family: payment severity score 60.0; positive fund-progress score 42.701; persistence boost 10 points.,OPERATIONAL_TREND_CONTEXT,8.10219,state_name=Karnataka|district=Karnataka Demo District 4 context; strongest metric progress_report_count; signed robust z 20.909.,False,True,True,False,False,False,False
W-002203,COMPLETION,54.629782,HIGH,687,647,100,COMPLIANCE,32.0,Strongest actionable compliance result REVIEW/STRONG_WARNING under rule MPLADS-11.2-COMPLETION-UC.,PAYMENT_EXECUTION,12.0,Capped payment/execution family: payment severity score 60.0; positive fund-progress score 35.118; persistence boost 10 points.,OPERATIONAL_TREND_CONTEXT,8.521898,state_name=Odisha|district=Odisha Demo District 4|sector=Health context; strongest metric progress_report_count; signed robust z 22.933.,False,True,True,False,False,False,False
W-002909,COMPLETION,54.62827,HIGH,688,648,100,COMPLIANCE,32.0,Strongest actionable compliance result REVIEW/STRONG_WARNING under rule MPLADS-11.2-COMPLETION-UC.,PAYMENT_EXECUTION,12.42654,Capped payment/execution family: payment severity score 0.0; positive fund-progress score 62.133; persistence boost 10 points.,OPERATIONAL_TREND_CONTEXT,8.193431,state_name=Telangana|district=Telangana Demo District 1|sector=Sanitation context; strongest metric progress_report_count; signed robust z 21.584.,False,True,True,False,False,False,False
W-001166,COMPLETION,54.610463,HIGH,689,649,100,COMPLIANCE,32.0,Strongest actionable compliance result REVIEW/STRONG_WARNING under rule MPLADS-11.2-COMPLETION-UC.,PAYMENT_EXECUTION,17.152336,Capped payment/execution family: payment severity score 0.0; positive fund-progress score 85.762; persistence boost 10 points.,OPERATIONAL_TREND_CONTEXT,4.927007,state_name=Karnataka|district=Karnataka Demo District 4|sector=Drinking Water context; strongest metric progress_report_count; signed robust z 10.455.,False,True,True,False,False,False,False
W-002403,COMPLETION,54.609745,HIGH,690,650,100,COMPLIANCE,32.0,Strongest actionable compliance result REVIEW/STRONG_WARNING under rule MPLADS-11.2-COMPLETION-UC.,PAYMENT_EXECUTION,9.677725,Capped payment/execution family: payment severity score 0.0; positive fund-progress score 48.389; persistence boost 10 points.,OPERATIONAL_TREND_CONTEXT,8.193431,state_name=Rajasthan|district=Rajasthan Demo District 3|sector=Education context; strongest metric progress_report_count; signed robust z 21.584.,False,True,True,False,False,False,False
W-000244,EXECUTION,54.608968,HIGH,691,41,100,OBSERVED_CONDITIONS,19.372694,"Observed overdue=True (days=873.0, score=96.863); observed over sanction=False (overrun_pct=0.0, score=0.000).",PAYMENT_EXECUTION,15.0,Capped payment/execution family: payment severity score 60.0; positive fund-progress score 10.000; persistence boost 10 points.,ANOMALY,7.1125,Within-lifecycle statistical unusualness percentile 71.125; not a probability.,False,True,False,False,True,False,True
W-000391,COMPLETION,54.596663,HIGH,692,651,100,COMPLIANCE,32.0,Strongest actionable compliance result REVIEW/STRONG_WARNING under rule MPLADS-11.2-COMPLETION-UC.,PAYMENT_EXECUTION,12.728504,Capped payment/execution family: payment severity score 60.0; positive fund-progress score 63.643; persistence boost 0 points.,OPERATIONAL_TREND_CONTEXT,4.124088,state_name=Rajasthan|district=Rajasthan Demo District 2|sector=Sanitation context; strongest metric progress_report_count; signed robust z 8.993.,False,True,True,False,False,False,False
W-002974,COMPLETION,54.544205,HIGH,693,652,100,COMPLIANCE,32.0,Strongest actionable compliance result REVIEW/STRONG_WARNING under rule MPLADS-11.2-COMPLETION-UC.,PAYMENT_EXECUTION,12.0,Capped payment/execution family: payment severity score 60.0; positive fund-progress score 10.000; persistence boost 10 points.,OPERATIONAL_TREND_CONTEXT,8.722628,state_name=Telangana|district=Telangana Demo District 3 context; strongest metric progress_report_count; signed robust z 25.766.,False,True,True,False,False,False,False
W-000333,COMPLETION,54.511721,HIGH,694,653,100,COMPLIANCE,32.0,Strongest actionable compliance result REVIEW/STRONG_WARNING under rule MPLADS-11.2-COMPLETION-UC.,PAYMENT_EXECUTION,12.0,Capped payment/execution family: payment severity score 60.0; positive fund-progress score 0.000; persistence boost 0 points.,ANOMALY,6.551867,Within-lifecycle statistical unusualness percentile 81.898; not a probability.,False,True,True,False,False,False,False
W-002323,COMPLETION,54.503706,HIGH,695,654,100,COMPLIANCE,32.0,Strongest actionable compliance result REVIEW/STRONG_WARNING under rule MPLADS-11.2-COMPLETION-UC.,PAYMENT_EXECUTION,12.53893,Capped payment/execution family: payment severity score 0.0; positive fund-progress score 62.695; persistence boost 0 points.,ANOMALY,7.556017,Within-lifecycle statistical unusualness percentile 94.450; not a probability.,False,True,True,False,False,False,False
W-002478,COMPLETION,54.489423,HIGH,696,655,100,COMPLIANCE,32.0,Strongest actionable compliance result REVIEW/STRONG_WARNING under rule MPLADS-11.2-COMPLETION-UC.,PAYMENT_EXECUTION,11.221395,Capped payment/execution family: payment severity score 0.0; positive fund-progress score 56.107; persistence boost 10 points.,OPERATIONAL_TREND_CONTEXT,8.375912,state_name=Karnataka|district=Karnataka Demo District 1|sector=Health context; strongest metric progress_report_count; signed robust z 22.258.,False,True,True,False,False,False,False
W-000238,COMPLETION,54.487849,HIGH,697,656,100,COMPLIANCE,32.0,Strongest actionable compliance result REVIEW/STRONG_WARNING under rule MPLADS-11.2-COMPLETION-UC.,PAYMENT_EXECUTION,13.293162,Capped payment/execution family: payment severity score 0.0; positive fund-progress score 66.466; persistence boost 10 points.,ANOMALY,6.858921,Within-lifecycle statistical unusualness percentile 85.737; not a probability.,False,True,True,False,False,False,False
W-000222,COMPLETION,54.485325,HIGH,698,657,100,COMPLIANCE,32.0,Strongest actionable compliance result REVIEW/STRONG_WARNING under rule MPLADS-11.2-COMPLETION-UC.,PAYMENT_EXECUTION,17.102234,Capped payment/execution family: payment severity score 0.0; positive fund-progress score 85.511; persistence boost 0 points.,OPERATIONAL_TREND_CONTEXT,3.959854,state_name=Andhra Pradesh|district=Andhra Pradesh Demo District 1|sector=Renewable Energy context; strongest metric progress_report_count; signed robust z 8.768.,False,True,True,False,False,False,False
W-002901,COMPLETION,54.463471,HIGH,699,658,100,COMPLIANCE,32.0,Strongest actionable compliance result REVIEW/STRONG_WARNING under rule MPLADS-11.2-COMPLETION-UC.,PAYMENT_EXECUTION,18.519973,Capped payment/execution family: payment severity score 0.0; positive fund-progress score 92.600; persistence boost 10 points.,ANOMALY,2.136929,Within-lifecycle statistical unusualness percentile 26.712; not a probability.,False,True,True,False,False,False,False
W-000794,COMPLETION,54.46042,HIGH,700,659,100,COMPLIANCE,32.0,Strongest actionable compliance result REVIEW/STRONG_WARNING under rule MPLADS-11.2-COMPLETION-UC.,PAYMENT_EXECUTION,16.001354,Capped payment/execution family: payment severity score 0.0; positive fund-progress score 80.007; persistence boost 10 points.,OPERATIONAL_TREND_CONTEXT,4.708029,state_name=Telangana|district=Telangana Demo District 4|sector=Health context; strongest metric progress_report_count; signed robust z 9.893.,False,True,True,False,False,False,False
W-002669,COMPLETION,54.442191,HIGH,701,660,100,COMPLIANCE,32.0,Strongest actionable compliance result REVIEW/STRONG_WARNING under rule MPLADS-11.2-COMPLETION-UC.,PAYMENT_EXECUTION,12.385917,Capped payment/execution family: payment severity score 0.0; positive fund-progress score 61.930; persistence boost 10 points.,OPERATIONAL_TREND_CONTEXT,8.649635,state_name=Maharashtra|district=Maharashtra Demo District 2|sector=Sanitation context; strongest metric progress_report_count; signed robust z 24.956.,False,True,True,False,False,False,False
W-001869,COMPLETION,54.432959,HIGH,702,661,100,COMPLIANCE,32.0,Strongest actionable compliance result REVIEW/STRONG_WARNING under rule MPLADS-11.2-COMPLETION-UC.,PAYMENT_EXECUTION,12.0,Capped payment/execution family: payment severity score 60.0; positive fund-progress score 25.369; persistence boost 10 points.,OPERATIONAL_TREND_CONTEXT,5.474453,state_name=Karnataka|district=Karnataka Demo District 3|sector=Sports context; strongest metric progress_report_count; signed robust z 11.804.,False,True,True,False,False,False,False
W-000411,COMPLETION,54.43148,HIGH,703,662,100,COMPLIANCE,32.0,Strongest actionable compliance result REVIEW/STRONG_WARNING under rule MPLADS-11.2-COMPLETION-UC.,PAYMENT_EXECUTION,14.511848,Capped payment/execution family: payment severity score 0.0; positive fund-progress score 72.559; persistence boost 10 points.,OPERATIONAL_TREND_CONTEXT,6.405109,state_name=Karnataka|district=Karnataka Demo District 2 context; strongest metric progress_report_count; signed robust z 14.030.,False,True,True,False,False,False,False
W-002523,COMPLETION,54.431142,HIGH,704,663,100,COMPLIANCE,32.0,Strongest actionable compliance result REVIEW/STRONG_WARNING under rule MPLADS-11.2-COMPLETION-UC.,PAYMENT_EXECUTION,12.0,Capped payment/execution family: payment severity score 60.0; positive fund-progress score 0.000; persistence boost 0 points.,ANOMALY,6.307054,Within-lifecycle statistical unusualness percentile 78.838; not a probability.,False,True,True,False,False,False,False
W-000791,COMPLETION,54.419699,HIGH,705,664,100,COMPLIANCE,32.0,Strongest actionable compliance result REVIEW/STRONG_WARNING under rule MPLADS-11.2-COMPLETION-UC.,PAYMENT_EXECUTION,13.500339,Capped payment/execution family: payment severity score 0.0; positive fund-progress score 67.502; persistence boost 0 points.,OPERATIONAL_TREND_CONTEXT,6.952555,state_name=Karnataka|district=Karnataka Demo District 4|sector=Education context; strongest metric progress_report_count; signed robust z 15.514.,False,True,True,False,False,False,False
W-000565,COMPLETION,54.395297,HIGH,706,665,100,COMPLIANCE,32.0,Strongest actionable compliance result REVIEW/STRONG_WARNING under rule MPLADS-11.2-COMPLETION-UC.,PAYMENT_EXECUTION,14.380501,Capped payment/execution family: payment severity score 0.0; positive fund-progress score 71.903; persistence boost 0 points.,OPERATIONAL_TREND_CONTEXT,6.952555,state_name=Karnataka|district=Karnataka Demo District 4|sector=Education context; strongest metric progress_report_count; signed robust z 15.514.,False,True,True,False,False,False,False
W-001437,EXECUTION,54.372841,HIGH,707,42,100,PAYMENT_EXECUTION,24.605619,Capped payment/execution family: payment severity score 0.0; positive fund-progress score 98.422; persistence boost 10 points.,OBSERVED_CONDITIONS,15.0,"Observed overdue=True (days=256.0, score=65.867); observed over sanction=True (overrun_pct=0.0829187396351575, score=75.000).",ANOMALY,7.9375,Within-lifecycle statistical unusualness percentile 79.375; not a probability.,False,True,False,False,True,True,True
W-001300,COMPLETION,54.372242,HIGH,708,666,100,COMPLIANCE,32.0,Strongest actionable compliance result REVIEW/STRONG_WARNING under rule MPLADS-11.2-COMPLETION-UC.,OPERATIONAL_TREND_CONTEXT,8.193431,state_name=Rajasthan|district=Rajasthan Demo District 3|sector=Education context; strongest metric progress_report_count; signed robust z 21.584.,PAYMENT_EXECUTION,7.9174,Capped payment/execution family: payment severity score 0.0; positive fund-progress score 39.587; persistence boost 10 points.,False,True,True,False,False,False,False
W-002758,COMPLETION,54.352456,HIGH,709,667,100,COMPLIANCE,32.0,Strongest actionable compliance result REVIEW/STRONG_WARNING under rule MPLADS-11.2-COMPLETION-UC.,OPERATIONAL_TREND_CONTEXT,9.343066,state_name=Karnataka|district=Karnataka Demo District 1 context; strongest metric progress_report_count; signed robust z 31.836.,ANOMALY,6.170124,Within-lifecycle statistical unusualness percentile 77.127; not a probability.,False,True,True,False,False,False,False
W-001589,COMPLETION,54.342191,HIGH,710,668,100,COMPLIANCE,32.0,Strongest actionable compliance result REVIEW/STRONG_WARNING under rule MPLADS-11.2-COMPLETION-UC.,PAYMENT_EXECUTION,14.895058,Capped payment/execution family: payment severity score 0.0; positive fund-progress score 74.475; persistence boost 0 points.,ANOMALY,5.439834,Within-lifecycle statistical unusualness percentile 67.998; not a probability.,False,True,True,False,False,False,False
W-001703,COMPLETION,54.318714,HIGH,711,669,100,COMPLIANCE,32.0,Strongest actionable compliance result REVIEW/STRONG_WARNING under rule MPLADS-11.2-COMPLETION-UC.,PAYMENT_EXECUTION,12.0,Capped payment/execution family: payment severity score 60.0; positive fund-progress score 19.702; persistence boost 0 points.,OPERATIONAL_TREND_CONTEXT,8.248175,state_name=Odisha|district=Odisha Demo District 4 context; strongest metric progress_report_count; signed robust z 21.696.,False,True,True,False,False,False,False
W-001304,COMPLETION,54.313965,HIGH,712,670,100,COMPLIANCE,32.0,Strongest actionable compliance result REVIEW/STRONG_WARNING under rule MPLADS-11.2-COMPLETION-UC.,PAYMENT_EXECUTION,14.017603,Capped payment/execution family: payment severity score 60.0; positive fund-progress score 70.088; persistence boost 10 points.,OPERATIONAL_TREND_CONTEXT,8.138686,state_name=Maharashtra|district=Maharashtra Demo District 1|sector=Health context; strongest metric progress_report_count; signed robust z 20.910.,False,True,True,False,False,False,False
W-002602,COMPLETION,54.307436,HIGH,713,671,100,COMPLIANCE,32.0,Strongest actionable compliance result REVIEW/STRONG_WARNING under rule MPLADS-11.2-COMPLETION-UC.,PAYMENT_EXECUTION,10.927556,Capped payment/execution family: payment severity score 0.0; positive fund-progress score 54.638; persistence boost 0 points.,ANOMALY,7.639004,Within-lifecycle statistical unusualness percentile 95.488; not a probability.,False,True,True,False,False,False,False
W-001784,COMPLETION,54.306517,HIGH,714,672,100,COMPLIANCE,32.0,Strongest actionable compliance result REVIEW/STRONG_WARNING under rule MPLADS-11.2-COMPLETION-UC.,PAYMENT_EXECUTION,14.769127,Capped payment/execution family: payment severity score 0.0; positive fund-progress score 73.846; persistence boost 10 points.,ANOMALY,5.128631,Within-lifecycle statistical unusualness percentile 64.108; not a probability.,False,True,True,False,False,False,False
W-002470,COMPLETION,54.302979,HIGH,715,673,100,COMPLIANCE,32.0,Strongest actionable compliance result REVIEW/STRONG_WARNING under rule MPLADS-11.2-COMPLETION-UC.,PAYMENT_EXECUTION,9.167231,Capped payment/execution family: payment severity score 0.0; positive fund-progress score 45.836; persistence boost 0 points.,OPERATIONAL_TREND_CONTEXT,7.372263,state_name=Telangana|district=Telangana Demo District 1|sector=Sports context; strongest metric progress_report_count; signed robust z 17.537.,False,True,True,False,False,False,False
W-001630,COMPLETION,54.301117,HIGH,716,674,100,COMPLIANCE,32.0,Strongest actionable compliance result REVIEW/STRONG_WARNING under rule MPLADS-11.2-COMPLETION-UC.,PAYMENT_EXECUTION,14.146242,Capped payment/execution family: payment severity score 60.0; positive fund-progress score 70.731; persistence boost 10 points.,ANOMALY,4.195021,Within-lifecycle statistical unusualness percentile 52.438; not a probability.,False,True,True,False,False,False,False
W-002116,COMPLETION,54.286257,HIGH,717,675,100,COMPLIANCE,32.0,Strongest actionable compliance result REVIEW/STRONG_WARNING under rule MPLADS-11.2-COMPLETION-UC.,OPERATIONAL_TREND_CONTEXT,7.846715,state_name=Andhra Pradesh|district=Andhra Pradesh Demo District 2 context; strongest metric progress_report_count; signed robust z 18.802.,ANOMALY,7.713693,Within-lifecycle statistical unusualness percentile 96.421; not a probability.,False,False,True,False,False,False,False
W-000066,COMPLETION,54.281067,HIGH,718,676,100,COMPLIANCE,32.0,Strongest actionable compliance result REVIEW/STRONG_WARNING under rule MPLADS-11.2-COMPLETION-UC.,PAYMENT_EXECUTION,12.0,Capped payment/execution family: payment severity score 60.0; positive fund-progress score 38.571; persistence boost 10 points.,OPERATIONAL_TREND_CONTEXT,7.189781,state_name=Rajasthan|district=Rajasthan Demo District 4 context; strongest metric progress_report_count; signed robust z 16.778.,False,True,True,False,False,False,False
W-001279,COMPLETION,54.276818,HIGH,719,677,100,COMPLIANCE,32.0,Strongest actionable compliance result REVIEW/STRONG_WARNING under rule MPLADS-11.2-COMPLETION-UC.,PAYMENT_EXECUTION,13.767095,Capped payment/execution family: payment severity score 0.0; positive fund-progress score 68.835; persistence boost 10 points.,OPERATIONAL_TREND_CONTEXT,7.974453,state_name=Karnataka|district=Karnataka Demo District 4|sector=Sports context; strongest metric progress_report_count; signed robust z 20.235.,False,True,True,False,False,False,False
W-002138,COMPLETION,54.272769,HIGH,720,678,100,COMPLIANCE,32.0,Strongest actionable compliance result REVIEW/STRONG_WARNING under rule MPLADS-11.2-COMPLETION-UC.,PAYMENT_EXECUTION,12.0,Capped payment/execution family: payment severity score 60.0; positive fund-progress score 57.596; persistence boost 10 points.,OPERATIONAL_TREND_CONTEXT,7.189781,state_name=Rajasthan|district=Rajasthan Demo District 4 context; strongest metric progress_report_count; signed robust z 16.778.,False,True,True,False,False,False,False
W-002261,EXECUTION,54.261861,HIGH,721,43,100,OBSERVED_CONDITIONS,18.96679,"Observed overdue=True (days=844.0, score=94.834); observed over sanction=False (overrun_pct=0.0, score=0.000).",PAYMENT_EXECUTION,13.857481,Capped payment/execution family: payment severity score 0.0; positive fund-progress score 55.430; persistence boost 10 points.,ANOMALY,8.9375,Within-lifecycle statistical unusualness percentile 89.375; not a probability.,False,False,False,False,True,False,True
W-002819,COMPLETION,54.25402,HIGH,722,679,100,COMPLIANCE,32.0,Strongest actionable compliance result REVIEW/STRONG_WARNING under rule MPLADS-11.2-COMPLETION-UC.,PAYMENT_EXECUTION,12.0,Capped payment/execution family: payment severity score 60.0; positive fund-progress score 30.244; persistence boost 10 points.,ANOMALY,7.078838,Within-lifecycle statistical unusualness percentile 88.485; not a probability.,False,True,True,False,False,False,False
W-001499,COMPLETION,54.21864,HIGH,723,680,100,COMPLIANCE,32.0,Strongest actionable compliance result REVIEW/STRONG_WARNING under rule MPLADS-11.2-COMPLETION-UC.,PAYMENT_EXECUTION,13.859174,Capped payment/execution family: payment severity score 0.0; positive fund-progress score 69.296; persistence boost 0 points.,OPERATIONAL_TREND_CONTEXT,6.405109,state_name=Karnataka|district=Karnataka Demo District 2 context; strongest metric progress_report_count; signed robust z 14.030.,False,True,True,False,False,False,False
W-002427,COMPLETION,54.207253,HIGH,724,681,100,COMPLIANCE,32.0,Strongest actionable compliance result REVIEW/STRONG_WARNING under rule MPLADS-11.2-COMPLETION-UC.,PAYMENT_EXECUTION,9.582938,Capped payment/execution family: payment severity score 0.0; positive fund-progress score 47.915; persistence boost 10 points.,ANOMALY,6.456432,Within-lifecycle statistical unusualness percentile 80.705; not a probability.,False,True,True,False,False,False,False
W-000137,COMPLETION,54.201488,HIGH,725,682,100,COMPLIANCE,32.0,Strongest actionable compliance result REVIEW/STRONG_WARNING under rule MPLADS-11.2-COMPLETION-UC.,PAYMENT_EXECUTION,10.331754,Capped payment/execution family: payment severity score 0.0; positive fund-progress score 51.659; persistence boost 0 points.,OPERATIONAL_TREND_CONTEXT,8.284672,state_name=Rajasthan|district=Rajasthan Demo District 1 context; strongest metric progress_report_count; signed robust z 22.146.,False,True,True,False,False,False,False
W-002879,COMPLETION,54.180725,HIGH,726,683,100,COMPLIANCE,32.0,Strongest actionable compliance result REVIEW/STRONG_WARNING under rule MPLADS-11.2-COMPLETION-UC.,PAYMENT_EXECUTION,12.0,Capped payment/execution family: payment severity score 60.0; positive fund-progress score 59.425; persistence boost 10 points.,OPERATIONAL_TREND_CONTEXT,7.043796,state_name=Maharashtra|district=Maharashtra Demo District 3 context; strongest metric progress_report_count; signed robust z 15.813.,False,True,True,False,False,False,False
W-000283,COMPLETION,54.156586,HIGH,727,684,100,COMPLIANCE,32.0,Strongest actionable compliance result REVIEW/STRONG_WARNING under rule MPLADS-11.2-COMPLETION-UC.,PAYMENT_EXECUTION,12.0,Capped payment/execution family: payment severity score 60.0; positive fund-progress score 27.285; persistence boost 0 points.,OPERATIONAL_TREND_CONTEXT,7.189781,state_name=Rajasthan|district=Rajasthan Demo District 4 context; strongest metric progress_report_count; signed robust z 16.778.,False,True,True,False,False,False,False
W-002218,COMPLETION,54.151725,HIGH,728,685,100,COMPLIANCE,32.0,Strongest actionable compliance result REVIEW/STRONG_WARNING under rule MPLADS-11.2-COMPLETION-UC.,PAYMENT_EXECUTION,12.0,Capped payment/execution family: payment severity score 60.0; positive fund-progress score 10.000; persistence boost 10 points.,OPERATIONAL_TREND_CONTEXT,6.952555,state_name=Rajasthan|district=Rajasthan Demo District 1|sector=Sanitation context; strongest metric progress_report_count; signed robust z 15.514.,False,True,True,False,False,False,False
W-000801,COMPLETION,54.139171,HIGH,729,686,100,COMPLIANCE,32.0,Strongest actionable compliance result REVIEW/STRONG_WARNING under rule MPLADS-11.2-COMPLETION-UC.,PAYMENT_EXECUTION,12.0,Capped payment/execution family: payment severity score 60.0; positive fund-progress score 17.380; persistence boost 10 points.,OPERATIONAL_TREND_CONTEXT,8.832117,state_name=Andhra Pradesh|district=Andhra Pradesh Demo District 1 context; strongest metric progress_report_count; signed robust z 26.440.,False,True,True,False,False,False,False
W-001661,COMPLETION,54.138067,HIGH,730,687,100,COMPLIANCE,32.0,Strongest actionable compliance result REVIEW/STRONG_WARNING under rule MPLADS-11.2-COMPLETION-UC.,PAYMENT_EXECUTION,12.670278,Capped payment/execution family: payment severity score 0.0; positive fund-progress score 63.351; persistence boost 10 points.,ANOMALY,7.278008,Within-lifecycle statistical unusualness percentile 90.975; not a probability.,False,True,True,False,False,False,False
W-002081,COMPLETION,54.136581,HIGH,731,688,100,COMPLIANCE,32.0,Strongest actionable compliance result REVIEW/STRONG_WARNING under rule MPLADS-11.2-COMPLETION-UC.,PAYMENT_EXECUTION,13.320244,Capped payment/execution family: payment severity score 60.0; positive fund-progress score 66.601; persistence boost 10 points.,OPERATIONAL_TREND_CONTEXT,7.189781,state_name=Rajasthan|district=Rajasthan Demo District 4 context; strongest metric progress_report_count; signed robust z 16.778.,False,True,True,False,False,False,False
W-002160,COMPLETION,54.131245,HIGH,732,689,100,COMPLIANCE,32.0,Strongest actionable compliance result REVIEW/STRONG_WARNING under rule MPLADS-11.2-COMPLETION-UC.,PAYMENT_EXECUTION,9.406906,Capped payment/execution family: payment severity score 0.0; positive fund-progress score 47.035; persistence boost 10 points.,OPERATIONAL_TREND_CONTEXT,6.952555,state_name=Rajasthan|district=Rajasthan Demo District 1|sector=Sanitation context; strongest metric progress_report_count; signed robust z 15.514.,False,True,True,False,False,False,False
W-001449,COMPLETION,54.122801,HIGH,733,690,100,COMPLIANCE,32.0,Strongest actionable compliance result REVIEW/STRONG_WARNING under rule MPLADS-11.2-COMPLETION-UC.,PAYMENT_EXECUTION,12.995261,Capped payment/execution family: payment severity score 60.0; positive fund-progress score 64.976; persistence boost 10 points.,OPERATIONAL_TREND_CONTEXT,7.189781,state_name=Rajasthan|district=Rajasthan Demo District 4 context; strongest metric progress_report_count; signed robust z 16.778.,False,True,True,False,False,False,False
W-000965,COMPLETION,54.115203,HIGH,734,691,100,COMPLIANCE,32.0,Strongest actionable compliance result REVIEW/STRONG_WARNING under rule MPLADS-11.2-COMPLETION-UC.,PAYMENT_EXECUTION,18.804333,Capped payment/execution family: payment severity score 0.0; positive fund-progress score 94.022; persistence boost 10 points.,OPERATIONAL_TREND_CONTEXT,2.335766,state_name=Andhra Pradesh|district=Andhra Pradesh Demo District 3|sector=Sanitation context; strongest metric progress_report_count; signed robust z 6.239.,False,True,True,False,False,False,False
W-001104,COMPLETION,54.114033,HIGH,735,692,100,COMPLIANCE,32.0,Strongest actionable compliance result REVIEW/STRONG_WARNING under rule MPLADS-11.2-COMPLETION-UC.,PAYMENT_EXECUTION,19.197021,Capped payment/execution family: payment severity score 60.0; positive fund-progress score 95.985; persistence boost 10 points.,ANOMALY,2.917012,Within-lifecycle statistical unusualness percentile 36.463; not a probability.,False,True,True,False,False,False,False
W-002406,COMPLETION,54.09789,HIGH,736,693,100,COMPLIANCE,32.0,Strongest actionable compliance result REVIEW/STRONG_WARNING under rule MPLADS-11.2-COMPLETION-UC.,PAYMENT_EXECUTION,16.637779,Capped payment/execution family: payment severity score 0.0; positive fund-progress score 83.189; persistence boost 10 points.,ANOMALY,2.850622,Within-lifecycle statistical unusualness percentile 35.633; not a probability.,False,True,True,False,False,False,False
W-000289,COMPLETION,54.090558,HIGH,737,694,100,COMPLIANCE,32.0,Strongest actionable compliance result REVIEW/STRONG_WARNING under rule MPLADS-11.2-COMPLETION-UC.,PAYMENT_EXECUTION,10.236967,Capped payment/execution family: payment severity score 0.0; positive fund-progress score 51.185; persistence boost 0 points.,OPERATIONAL_TREND_CONTEXT,7.372263,state_name=Andhra Pradesh|district=Andhra Pradesh Demo District 4|sector=Education context; strongest metric progress_report_count; signed robust z 17.537.,False,True,True,False,False,False,False
W-001722,COMPLETION,54.084644,HIGH,738,695,100,COMPLIANCE,32.0,Strongest actionable compliance result REVIEW/STRONG_WARNING under rule MPLADS-11.2-COMPLETION-UC.,PAYMENT_EXECUTION,13.523358,Capped payment/execution family: payment severity score 0.0; positive fund-progress score 67.617; persistence boost 10 points.,OPERATIONAL_TREND_CONTEXT,4.416058,state_name=Rajasthan|district=Rajasthan Demo District 4|sector=Sports context; strongest metric progress_report_count; signed robust z 9.443.,False,True,True,False,False,False,False
W-000501,COMPLETION,54.083332,HIGH,739,696,100,COMPLIANCE,32.0,Strongest actionable compliance result REVIEW/STRONG_WARNING under rule MPLADS-11.2-COMPLETION-UC.,PAYMENT_EXECUTION,7.285037,Capped payment/execution family: payment severity score 0.0; positive fund-progress score 36.425; persistence boost 0 points.,ANOMALY,6.435685,Within-lifecycle statistical unusualness percentile 80.446; not a probability.,False,True,True,False,False,False,False
W-000958,COMPLETION,54.07899,HIGH,740,697,100,COMPLIANCE,32.0,Strongest actionable compliance result REVIEW/STRONG_WARNING under rule MPLADS-11.2-COMPLETION-UC.,PAYMENT_EXECUTION,12.0,Capped payment/execution family: payment severity score 60.0; positive fund-progress score 0.000; persistence boost 0 points.,OPERATIONAL_TREND_CONTEXT,8.029197,state_name=Odisha|district=Odisha Demo District 2 context; strongest metric progress_report_count; signed robust z 20.347.,False,True,True,False,False,False,False
W-001977,COMPLETION,54.065138,HIGH,741,698,100,COMPLIANCE,32.0,Strongest actionable compliance result REVIEW/STRONG_WARNING under rule MPLADS-11.2-COMPLETION-UC.,PAYMENT_EXECUTION,13.825322,Capped payment/execution family: payment severity score 60.0; positive fund-progress score 69.127; persistence boost 0 points.,OPERATIONAL_TREND_CONTEXT,5.036496,state_name=Rajasthan|district=Rajasthan Demo District 1|sector=Education context; strongest metric progress_report_count; signed robust z 10.792.,False,True,True,False,False,False,False
W-001616,COMPLETION,54.064588,HIGH,742,699,100,COMPLIANCE,32.0,Strongest actionable compliance result REVIEW/STRONG_WARNING under rule MPLADS-11.2-COMPLETION-UC.,PAYMENT_EXECUTION,12.0,Capped payment/execution family: payment severity score 60.0; positive fund-progress score 26.791; persistence boost 10 points.,OPERATIONAL_TREND_CONTEXT,6.952555,state_name=Rajasthan|district=Rajasthan Demo District 1|sector=Sanitation context; strongest metric progress_report_count; signed robust z 15.514.,False,True,True,False,False,False,False
W-001077,COMPLETION,54.061885,HIGH,743,700,100,COMPLIANCE,32.0,Strongest actionable compliance result REVIEW/STRONG_WARNING under rule MPLADS-11.2-COMPLETION-UC.,PAYMENT_EXECUTION,13.943128,Capped payment/execution family: payment severity score 60.0; positive fund-progress score 69.716; persistence boost 10 points.,OPERATIONAL_TREND_CONTEXT,6.49635,state_name=Andhra Pradesh|district=Andhra Pradesh Demo District 4|sector=Renewable Energy context; strongest metric progress_report_count; signed robust z 14.165.,False,True,True,False,False,False,False
W-000591,COMPLETION,54.060787,HIGH,744,701,100,COMPLIANCE,32.0,Strongest actionable compliance result REVIEW/STRONG_WARNING under rule MPLADS-11.2-COMPLETION-UC.,PAYMENT_EXECUTION,12.0,Capped payment/execution family: payment severity score 60.0; positive fund-progress score 0.000; persistence boost 0 points.,OPERATIONAL_TREND_CONTEXT,7.919708,state_name=Maharashtra|district=Maharashtra Demo District 1|sector=Renewable Energy context; strongest metric progress_report_count; signed robust z 19.561.,False,True,True,False,False,False,False
W-001349,COMPLETION,54.049134,HIGH,745,702,100,COMPLIANCE,32.0,Strongest actionable compliance result REVIEW/STRONG_WARNING under rule MPLADS-11.2-COMPLETION-UC.,PAYMENT_EXECUTION,8.138118,Capped payment/execution family: payment severity score 0.0; positive fund-progress score 40.691; persistence boost 0 points.,OPERATIONAL_TREND_CONTEXT,7.043796,state_name=Maharashtra|district=Maharashtra Demo District 3 context; strongest metric progress_report_count; signed robust z 15.813.,False,True,True,False,False,False,False
W-002129,COMPLETION,54.022594,HIGH,746,703,100,COMPLIANCE,32.0,Strongest actionable compliance result REVIEW/STRONG_WARNING under rule MPLADS-11.2-COMPLETION-UC.,PAYMENT_EXECUTION,14.962762,Capped payment/execution family: payment severity score 0.0; positive fund-progress score 74.814; persistence boost 0 points.,OPERATIONAL_TREND_CONTEXT,4.835766,state_name=Andhra Pradesh|district=Andhra Pradesh Demo District 2|sector=Education context; strongest metric progress_report_count; signed robust z 10.117.,False,True,True,False,False,False,False
W-001815,COMPLETION,54.019886,HIGH,747,704,100,COMPLIANCE,32.0,Strongest actionable compliance result REVIEW/STRONG_WARNING under rule MPLADS-11.2-COMPLETION-UC.,PAYMENT_EXECUTION,11.952607,Capped payment/execution family: payment severity score 0.0; positive fund-progress score 59.763; persistence boost 10 points.,ANOMALY,6.340249,Within-lifecycle statistical unusualness percentile 79.253; not a probability.,False,True,True,False,False,False,False
W-001281,COMPLETION,54.008744,HIGH,748,705,100,COMPLIANCE,32.0,Strongest actionable compliance result REVIEW/STRONG_WARNING under rule MPLADS-11.2-COMPLETION-UC.,PAYMENT_EXECUTION,11.708869,Capped payment/execution family: payment severity score 0.0; positive fund-progress score 58.544; persistence boost 10 points.,ANOMALY,5.883817,Within-lifecycle statistical unusualness percentile 73.548; not a probability.,False,True,True,False,False,False,False
W-000730,COMPLETION,53.953524,HIGH,749,706,100,COMPLIANCE,32.0,Strongest actionable compliance result REVIEW/STRONG_WARNING under rule MPLADS-11.2-COMPLETION-UC.,PAYMENT_EXECUTION,12.0,Capped payment/execution family: payment severity score 60.0; positive fund-progress score 10.000; persistence boost 10 points.,ANOMALY,6.614108,Within-lifecycle statistical unusualness percentile 82.676; not a probability.,False,True,True,False,False,False,False
W-000866,COMPLETION,53.947209,HIGH,750,707,100,COMPLIANCE,32.0,Strongest actionable compliance result REVIEW/STRONG_WARNING under rule MPLADS-11.2-COMPLETION-UC.,PAYMENT_EXECUTION,12.0,Capped payment/execution family: payment severity score 60.0; positive fund-progress score 0.000; persistence boost 0 points.,OPERATIONAL_TREND_CONTEXT,6.021898,state_name=Rajasthan|district=Rajasthan Demo District 1|sector=Roads & Bridges context; strongest metric progress_report_count; signed robust z 13.153.,False,True,True,False,False,False,False
W-001739,COMPLETION,53.936578,HIGH,751,708,100,COMPLIANCE,32.0,Strongest actionable compliance result REVIEW/STRONG_WARNING under rule MPLADS-11.2-COMPLETION-UC.,PAYMENT_EXECUTION,12.0,Capped payment/execution family: payment severity score 60.0; positive fund-progress score 48.321; persistence boost 10 points.,OPERATIONAL_TREND_CONTEXT,7.372263,state_name=Rajasthan|district=Rajasthan Demo District 1|sector=Health context; strongest metric progress_report_count; signed robust z 17.537.,False,True,True,False,False,False,False
W-001799,COMPLETION,53.930838,HIGH,752,709,100,COMPLIANCE,32.0,Strongest actionable compliance result REVIEW/STRONG_WARNING under rule MPLADS-11.2-COMPLETION-UC.,PAYMENT_EXECUTION,12.0,Capped payment/execution family: payment severity score 60.0; positive fund-progress score 0.000; persistence boost 0 points.,OPERATIONAL_TREND_CONTEXT,5.565693,state_name=Odisha|district=Odisha Demo District 1|sector=Renewable Energy context; strongest metric progress_report_count; signed robust z 12.141.,False,True,True,False,False,False,False
W-002693,COMPLETION,53.928612,HIGH,753,710,100,COMPLIANCE,32.0,Strongest actionable compliance result REVIEW/STRONG_WARNING under rule MPLADS-11.2-COMPLETION-UC.,PAYMENT_EXECUTION,12.0,Capped payment/execution family: payment severity score 60.0; positive fund-progress score 5.213; persistence boost 0 points.,OPERATIONAL_TREND_CONTEXT,5.036496,state_name=Andhra Pradesh|district=Andhra Pradesh Demo District 4|sector=Drinking Water context; strongest metric progress_report_count; signed robust z 10.792.,False,True,True,False,False,False,False
W-001524,COMPLETION,53.928219,HIGH,754,711,100,COMPLIANCE,32.0,Strongest actionable compliance result REVIEW/STRONG_WARNING under rule MPLADS-11.2-COMPLETION-UC.,PAYMENT_EXECUTION,12.0,Capped payment/execution family: payment severity score 60.0; positive fund-progress score 34.915; persistence boost 10 points.,OPERATIONAL_TREND_CONTEXT,9.160584,state_name=Karnataka|district=Karnataka Demo District 1|sector=Sports context; strongest metric progress_report_count; signed robust z 30.352.,False,True,True,False,False,False,False
W-000362,COMPLETION,53.922282,HIGH,755,712,100,COMPLIANCE,32.0,Strongest actionable compliance result REVIEW/STRONG_WARNING under rule MPLADS-11.2-COMPLETION-UC.,PAYMENT_EXECUTION,12.0,Capped payment/execution family: payment severity score 60.0; positive fund-progress score 10.000; persistence boost 10 points.,ANOMALY,5.506224,Within-lifecycle statistical unusualness percentile 68.828; not a probability.,False,True,True,False,False,False,False
W-000681,COMPLETION,53.911672,HIGH,756,713,100,COMPLIANCE,32.0,Strongest actionable compliance result REVIEW/STRONG_WARNING under rule MPLADS-11.2-COMPLETION-UC.,PAYMENT_EXECUTION,14.989844,Capped payment/execution family: payment severity score 0.0; positive fund-progress score 74.949; persistence boost 0 points.,OPERATIONAL_TREND_CONTEXT,5.328467,state_name=Karnataka|district=Karnataka Demo District 1|sector=Sanitation context; strongest metric progress_report_count; signed robust z 11.466.,False,True,True,False,False,False,False
W-001710,COMPLETION,53.905685,HIGH,757,714,100,COMPLIANCE,32.0,Strongest actionable compliance result REVIEW/STRONG_WARNING under rule MPLADS-11.2-COMPLETION-UC.,PAYMENT_EXECUTION,12.0,Capped payment/execution family: payment severity score 60.0; positive fund-progress score 0.000; persistence boost 0 points.,ANOMALY,5.489627,Within-lifecycle statistical unusualness percentile 68.620; not a probability.,False,True,True,False,False,False,False
W-000385,COMPLETION,53.895081,HIGH,758,715,100,COMPLIANCE,32.0,Strongest actionable compliance result REVIEW/STRONG_WARNING under rule MPLADS-11.2-COMPLETION-UC.,OPERATIONAL_TREND_CONTEXT,7.974453,state_name=Karnataka|district=Karnataka Demo District 4|sector=Sports context; strongest metric progress_report_count; signed robust z 20.235.,PAYMENT_EXECUTION,7.186188,Capped payment/execution family: payment severity score 0.0; positive fund-progress score 35.931; persistence boost 10 points.,False,True,True,False,False,False,False
W-002056,EXECUTION,53.88585,HIGH,759,44,100,OBSERVED_CONDITIONS,16.937269,"Observed overdue=True (days=639.0, score=84.686); observed over sanction=False (overrun_pct=0.0, score=0.000).",PAYMENT_EXECUTION,15.0,Capped payment/execution family: payment severity score 60.0; positive fund-progress score 0.000; persistence boost 0 points.,ANOMALY,9.4625,Within-lifecycle statistical unusualness percentile 94.625; not a probability.,False,True,False,False,True,False,True
W-000250,COMPLETION,53.868139,HIGH,760,716,100,COMPLIANCE,32.0,Strongest actionable compliance result REVIEW/STRONG_WARNING under rule MPLADS-11.2-COMPLETION-UC.,PAYMENT_EXECUTION,17.179418,Capped payment/execution family: payment severity score 0.0; positive fund-progress score 85.897; persistence boost 10 points.,OPERATIONAL_TREND_CONTEXT,3.485401,state_name=Karnataka|district=Karnataka Demo District 4|sector=Roads & Bridges context; strongest metric progress_report_count; signed robust z 8.094.,False,True,True,False,False,False,False
W-000828,COMPLETION,53.860363,HIGH,761,717,100,COMPLIANCE,32.0,Strongest actionable compliance result REVIEW/STRONG_WARNING under rule MPLADS-11.2-COMPLETION-UC.,PAYMENT_EXECUTION,12.182803,Capped payment/execution family: payment severity score 60.0; positive fund-progress score 60.914; persistence boost 10 points.,OPERATIONAL_TREND_CONTEXT,9.233577,state_name=Odisha|district=Odisha Demo District 3 context; strongest metric progress_report_count; signed robust z 31.196.,False,True,True,False,False,False,False
W-000973,EXECUTION,53.857484,HIGH,762,45,100,PAYMENT_EXECUTION,24.554841,Capped payment/execution family: payment severity score 60.0; positive fund-progress score 98.219; persistence boost 10 points.,OBSERVED_CONDITIONS,15.645756,"Observed overdue=True (days=524.0, score=78.229); observed over sanction=False (overrun_pct=0.0, score=0.000).",ANOMALY,5.0875,Within-lifecycle statistical unusualness percentile 50.875; not a probability.,False,True,False,False,True,False,True
W-001783,COMPLETION,53.84733,HIGH,763,718,100,COMPLIANCE,32.0,Strongest actionable compliance result REVIEW/STRONG_WARNING under rule MPLADS-11.2-COMPLETION-UC.,PAYMENT_EXECUTION,16.840894,Capped payment/execution family: payment severity score 0.0; positive fund-progress score 84.204; persistence boost 10 points.,OPERATIONAL_TREND_CONTEXT,3.740876,state_name=Andhra Pradesh|district=Andhra Pradesh Demo District 1|sector=Sports context; strongest metric progress_report_count; signed robust z 8.544.,False,True,True,False,False,False,False
W-001770,COMPLETION,53.845785,HIGH,764,719,100,COMPLIANCE,32.0,Strongest actionable compliance result REVIEW/STRONG_WARNING under rule MPLADS-11.2-COMPLETION-UC.,PAYMENT_EXECUTION,16.759648,Capped payment/execution family: payment severity score 0.0; positive fund-progress score 83.798; persistence boost 10 points.,ANOMALY,3.078838,Within-lifecycle statistical unusualness percentile 38.485; not a probability.,False,True,True,False,False,False,False
W-000295,COMPLETION,53.839564,HIGH,765,720,100,COMPLIANCE,32.0,Strongest actionable compliance result REVIEW/STRONG_WARNING under rule MPLADS-11.2-COMPLETION-UC.,PAYMENT_EXECUTION,11.306703,Capped payment/execution family: payment severity score 0.0; positive fund-progress score 56.534; persistence boost 0 points.,ANOMALY,5.697095,Within-lifecycle statistical unusualness percentile 71.214; not a probability.,False,True,True,False,False,False,False
W-000152,COMPLETION,53.830939,HIGH,766,721,100,COMPLIANCE,32.0,Strongest actionable compliance result REVIEW/STRONG_WARNING under rule MPLADS-11.2-COMPLETION-UC.,PAYMENT_EXECUTION,16.069059,Capped payment/execution family: payment severity score 60.0; positive fund-progress score 80.345; persistence boost 10 points.,OPERATIONAL_TREND_CONTEXT,4.890511,state_name=Maharashtra|district=Maharashtra Demo District 4|sector=Sports context; strongest metric progress_report_count; signed robust z 10.192.,False,True,True,False,False,False,False
W-001308,COMPLETION,53.816246,HIGH,767,722,100,COMPLIANCE,32.0,Strongest actionable compliance result REVIEW/STRONG_WARNING under rule MPLADS-11.2-COMPLETION-UC.,PAYMENT_EXECUTION,12.0,Capped payment/execution family: payment severity score 60.0; positive fund-progress score 35.525; persistence boost 10 points.,OPERATIONAL_TREND_CONTEXT,7.372263,state_name=Andhra Pradesh|district=Andhra Pradesh Demo District 4|sector=Education context; strongest metric progress_report_count; signed robust z 17.537.,False,True,True,False,False,False,False
W-002820,COMPLETION,53.8091,HIGH,768,723,100,COMPLIANCE,32.0,Strongest actionable compliance result REVIEW/STRONG_WARNING under rule MPLADS-11.2-COMPLETION-UC.,PAYMENT_EXECUTION,14.322275,Capped payment/execution family: payment severity score 0.0; positive fund-progress score 71.611; persistence boost 10 points.,OPERATIONAL_TREND_CONTEXT,3.959854,state_name=Maharashtra|district=Maharashtra Demo District 3|sector=Community Infrastructure context; strongest metric progress_report_count; signed robust z 8.768.,False,True,True,False,False,False,False
W-001256,COMPLETION,53.79097,HIGH,769,724,100,COMPLIANCE,32.0,Strongest actionable compliance result REVIEW/STRONG_WARNING under rule MPLADS-11.2-COMPLETION-UC.,PAYMENT_EXECUTION,11.726473,Capped payment/execution family: payment severity score 0.0; positive fund-progress score 58.632; persistence boost 0 points.,OPERATIONAL_TREND_CONTEXT,7.135036,state_name=Andhra Pradesh|district=Andhra Pradesh Demo District 3|sector=Health context; strongest metric progress_report_count; signed robust z 16.188.,False,True,True,False,False,False,False
W-002058,COMPLETION,53.787446,HIGH,770,725,100,COMPLIANCE,32.0,Strongest actionable compliance result REVIEW/STRONG_WARNING under rule MPLADS-11.2-COMPLETION-UC.,PAYMENT_EXECUTION,17.138795,Capped payment/execution family: payment severity score 0.0; positive fund-progress score 85.694; persistence boost 10 points.,OPERATIONAL_TREND_CONTEXT,3.959854,state_name=Telangana|district=Telangana Demo District 2|sector=Health context; strongest metric progress_report_count; signed robust z 8.768.,False,True,True,False,False,False,False
W-002400,COMPLETION,53.783844,HIGH,771,726,100,COMPLIANCE,32.0,Strongest actionable compliance result REVIEW/STRONG_WARNING under rule MPLADS-11.2-COMPLETION-UC.,PAYMENT_EXECUTION,10.117806,Capped payment/execution family: payment severity score 0.0; positive fund-progress score 50.589; persistence boost 10 points.,OPERATIONAL_TREND_CONTEXT,8.248175,state_name=Odisha|district=Odisha Demo District 4 context; strongest metric progress_report_count; signed robust z 21.696.,False,True,True,False,False,False,False
W-001691,EXECUTION,53.782839,HIGH,772,46,100,PAYMENT_EXECUTION,21.017265,Capped payment/execution family: payment severity score 0.0; positive fund-progress score 84.069; persistence boost 10 points.,OBSERVED_CONDITIONS,16.457565,"Observed overdue=True (days=596.0, score=82.288); observed over sanction=False (overrun_pct=0.0, score=0.000).",PEER_DEVIATION,7.928994,2 peer-outlier metric(s); strongest days_since_last_payment_as_of has absolute robust deviation 15.668.,False,False,False,False,True,False,True
W-002193,COMPLETION,53.782665,HIGH,773,727,100,COMPLIANCE,32.0,Strongest actionable compliance result REVIEW/STRONG_WARNING under rule MPLADS-11.2-COMPLETION-UC.,OPERATIONAL_TREND_CONTEXT,8.248175,state_name=Odisha|district=Odisha Demo District 4 context; strongest metric progress_report_count; signed robust z 21.696.,ANOMALY,7.26556,Within-lifecycle statistical unusualness percentile 90.820; not a probability.,False,False,True,False,False,False,False
W-000496,COMPLETION,53.780702,HIGH,774,728,100,COMPLIANCE,32.0,Strongest actionable compliance result REVIEW/STRONG_WARNING under rule MPLADS-11.2-COMPLETION-UC.,PAYMENT_EXECUTION,8.892349,Capped payment/execution family: payment severity score 0.0; positive fund-progress score 44.462; persistence boost 10 points.,OPERATIONAL_TREND_CONTEXT,8.065693,state_name=Andhra Pradesh|district=Andhra Pradesh Demo District 4 context; strongest metric progress_report_count; signed robust z 20.620.,False,True,True,False,False,False,False
W-000851,COMPLETION,53.778347,HIGH,775,729,100,COMPLIANCE,32.0,Strongest actionable compliance result REVIEW/STRONG_WARNING under rule MPLADS-11.2-COMPLETION-UC.,PAYMENT_EXECUTION,13.929587,Capped payment/execution family: payment severity score 0.0; positive fund-progress score 69.648; persistence boost 10 points.,ANOMALY,4.107884,Within-lifecycle statistical unusualness percentile 51.349; not a probability.,False,True,True,False,False,False,False
W-001486,COMPLETION,53.775146,HIGH,776,730,100,COMPLIANCE,32.0,Strongest actionable compliance result REVIEW/STRONG_WARNING under rule MPLADS-11.2-COMPLETION-UC.,PAYMENT_EXECUTION,12.0,Capped payment/execution family: payment severity score 60.0; positive fund-progress score 16.588; persistence boost 0 points.,OPERATIONAL_TREND_CONTEXT,8.248175,state_name=Odisha|district=Odisha Demo District 4 context; strongest metric progress_report_count; signed robust z 21.696.,False,True,True,False,False,False,False
W-001341,COMPLETION,53.75383,HIGH,777,731,100,COMPLIANCE,32.0,Strongest actionable compliance result REVIEW/STRONG_WARNING under rule MPLADS-11.2-COMPLETION-UC.,OPERATIONAL_TREND_CONTEXT,8.686131,state_name=Rajasthan|district=Rajasthan Demo District 2 context; strongest metric progress_report_count; signed robust z 25.631.,PAYMENT_EXECUTION,8.648612,Capped payment/execution family: payment severity score 0.0; positive fund-progress score 43.243; persistence boost 10 points.,False,True,True,False,False,False,False
W-000645,COMPLETION,53.735282,HIGH,778,732,100,COMPLIANCE,32.0,Strongest actionable compliance result REVIEW/STRONG_WARNING under rule MPLADS-11.2-COMPLETION-UC.,PAYMENT_EXECUTION,14.863913,Capped payment/execution family: payment severity score 0.0; positive fund-progress score 74.320; persistence boost 10 points.,ANOMALY,6.871369,Within-lifecycle statistical unusualness percentile 85.892; not a probability.,False,True,True,False,False,False,False
W-002111,COMPLETION,53.730975,HIGH,779,733,100,COMPLIANCE,32.0,Strongest actionable compliance result REVIEW/STRONG_WARNING under rule MPLADS-11.2-COMPLETION-UC.,PAYMENT_EXECUTION,14.213947,Capped payment/execution family: payment severity score 0.0; positive fund-progress score 71.070; persistence boost 10 points.,ANOMALY,5.709544,Within-lifecycle statistical unusualness percentile 71.369; not a probability.,False,True,True,False,False,False,False
W-002188,COMPLETION,53.703339,HIGH,780,734,100,COMPLIANCE,32.0,Strongest actionable compliance result REVIEW/STRONG_WARNING under rule MPLADS-11.2-COMPLETION-UC.,OPERATIONAL_TREND_CONTEXT,8.248175,state_name=Odisha|district=Odisha Demo District 4 context; strongest metric progress_report_count; signed robust z 21.696.,ANOMALY,7.643154,Within-lifecycle statistical unusualness percentile 95.539; not a probability.,False,False,True,False,False,False,False
W-002951,COMPLETION,53.701396,HIGH,781,735,100,COMPLIANCE,32.0,Strongest actionable compliance result REVIEW/STRONG_WARNING under rule MPLADS-11.2-COMPLETION-UC.,PAYMENT_EXECUTION,12.0,Capped payment/execution family: payment severity score 60.0; positive fund-progress score 31.530; persistence boost 10 points.,OPERATIONAL_TREND_CONTEXT,8.029197,state_name=Odisha|district=Odisha Demo District 2 context; strongest metric progress_report_count; signed robust z 20.347.,False,True,True,False,False,False,False
W-000315,COMPLETION,53.700064,HIGH,782,736,100,COMPLIANCE,32.0,Strongest actionable compliance result REVIEW/STRONG_WARNING under rule MPLADS-11.2-COMPLETION-UC.,PAYMENT_EXECUTION,12.0,Capped payment/execution family: payment severity score 60.0; positive fund-progress score 0.000; persistence boost 0 points.,OPERATIONAL_TREND_CONTEXT,7.372263,state_name=Andhra Pradesh|district=Andhra Pradesh Demo District 4|sector=Education context; strongest metric progress_report_count; signed robust z 17.537.,False,True,True,False,False,False,False
W-002947,COMPLETION,53.677908,HIGH,783,737,100,COMPLIANCE,32.0,Strongest actionable compliance result REVIEW/STRONG_WARNING under rule MPLADS-11.2-COMPLETION-UC.,PAYMENT_EXECUTION,12.0,Capped payment/execution family: payment severity score 60.0; positive fund-progress score 10.000; persistence boost 10 points.,OPERATIONAL_TREND_CONTEXT,5.20073,state_name=Maharashtra|district=Maharashtra Demo District 1|sector=Sanitation context; strongest metric progress_report_count; signed robust z 11.129.,False,True,True,False,False,False,False
W-001036,COMPLETION,53.67207,HIGH,784,738,100,COMPLIANCE,32.0,Strongest actionable compliance result REVIEW/STRONG_WARNING under rule MPLADS-11.2-COMPLETION-UC.,PAYMENT_EXECUTION,8.720379,Capped payment/execution family: payment severity score 0.0; positive fund-progress score 43.602; persistence boost 0 points.,OPERATIONAL_TREND_CONTEXT,8.686131,state_name=Rajasthan|district=Rajasthan Demo District 2 context; strongest metric progress_report_count; signed robust z 25.631.,False,True,True,False,False,False,False
W-000697,COMPLETION,53.667081,HIGH,785,739,100,COMPLIANCE,32.0,Strongest actionable compliance result REVIEW/STRONG_WARNING under rule MPLADS-11.2-COMPLETION-UC.,PAYMENT_EXECUTION,12.0,Capped payment/execution family: payment severity score 60.0; positive fund-progress score 59.966; persistence boost 10 points.,OPERATIONAL_TREND_CONTEXT,8.613139,state_name=Odisha|district=Odisha Demo District 3|sector=Sanitation context; strongest metric progress_report_count; signed robust z 23.607.,False,True,True,False,False,False,False
W-000449,COMPLETION,53.664547,HIGH,786,740,100,COMPLIANCE,32.0,Strongest actionable compliance result REVIEW/STRONG_WARNING under rule MPLADS-11.2-COMPLETION-UC.,PAYMENT_EXECUTION,13.033175,Capped payment/execution family: payment severity score 60.0; positive fund-progress score 65.166; persistence boost 0 points.,OPERATIONAL_TREND_CONTEXT,5.328467,state_name=Karnataka|district=Karnataka Demo District 1|sector=Sanitation context; strongest metric progress_report_count; signed robust z 11.466.,False,True,True,False,False,False,False
W-002163,COMPLETION,53.662579,HIGH,787,741,100,COMPLIANCE,32.0,Strongest actionable compliance result REVIEW/STRONG_WARNING under rule MPLADS-11.2-COMPLETION-UC.,PAYMENT_EXECUTION,12.0,Capped payment/execution family: payment severity score 60.0; positive fund-progress score 57.752; persistence boost 0 points.,ANOMALY,7.012448,Within-lifecycle statistical unusualness percentile 87.656; not a probability.,False,True,True,False,False,False,False
W-000743,COMPLETION,53.658963,HIGH,788,742,100,COMPLIANCE,32.0,Strongest actionable compliance result REVIEW/STRONG_WARNING under rule MPLADS-11.2-COMPLETION-UC.,PAYMENT_EXECUTION,12.0,Capped payment/execution family: payment severity score 60.0; positive fund-progress score 49.607; persistence boost 10 points.,OPERATIONAL_TREND_CONTEXT,8.248175,state_name=Odisha|district=Odisha Demo District 4 context; strongest metric progress_report_count; signed robust z 21.696.,False,True,True,False,False,False,False
W-000312,COMPLETION,53.648423,HIGH,789,743,100,COMPLIANCE,32.0,Strongest actionable compliance result REVIEW/STRONG_WARNING under rule MPLADS-11.2-COMPLETION-UC.,PAYMENT_EXECUTION,12.0,Capped payment/execution family: payment severity score 60.0; positive fund-progress score 31.259; persistence boost 10 points.,OPERATIONAL_TREND_CONTEXT,9.416058,state_name=Andhra Pradesh|district=Andhra Pradesh Demo District 2|sector=Renewable Energy context; strongest metric progress_report_count; signed robust z 33.050.,False,True,True,False,False,False,False
W-002377,COMPLETION,53.64214,HIGH,790,744,100,COMPLIANCE,32.0,Strongest actionable compliance result REVIEW/STRONG_WARNING under rule MPLADS-11.2-COMPLETION-UC.,PAYMENT_EXECUTION,16.136764,Capped payment/execution family: payment severity score 0.0; positive fund-progress score 80.684; persistence boost 10 points.,OPERATIONAL_TREND_CONTEXT,5.036496,state_name=Maharashtra|district=Maharashtra Demo District 4 context; strongest metric released_payment_count; signed robust z 10.792.,False,True,True,False,False,False,False
W-000206,COMPLETION,53.638459,HIGH,791,745,100,COMPLIANCE,32.0,Strongest actionable compliance result REVIEW/STRONG_WARNING under rule MPLADS-11.2-COMPLETION-UC.,PAYMENT_EXECUTION,12.0,Capped payment/execution family: payment severity score 60.0; positive fund-progress score 10.000; persistence boost 10 points.,OPERATIONAL_TREND_CONTEXT,6.094891,state_name=Rajasthan|district=Rajasthan Demo District 3 context; strongest metric progress_report_count; signed robust z 13.288.,False,True,True,False,False,False,False
W-001221,COMPLETION,53.611079,HIGH,792,746,100,COMPLIANCE,32.0,Strongest actionable compliance result REVIEW/STRONG_WARNING under rule MPLADS-11.2-COMPLETION-UC.,PAYMENT_EXECUTION,12.0,Capped payment/execution family: payment severity score 60.0; positive fund-progress score 10.000; persistence boost 10 points.,ANOMALY,5.195021,Within-lifecycle statistical unusualness percentile 64.938; not a probability.,False,True,True,False,False,False,False
W-000997,COMPLETION,53.610711,HIGH,793,747,100,COMPLIANCE,32.0,Strongest actionable compliance result REVIEW/STRONG_WARNING under rule MPLADS-11.2-COMPLETION-UC.,PAYMENT_EXECUTION,11.049425,Capped payment/execution family: payment severity score 0.0; positive fund-progress score 55.247; persistence boost 0 points.,ANOMALY,6.145228,Within-lifecycle statistical unusualness percentile 76.815; not a probability.,False,True,True,False,False,False,False
W-000863,COMPLETION,53.583527,HIGH,794,748,100,COMPLIANCE,32.0,Strongest actionable compliance result REVIEW/STRONG_WARNING under rule MPLADS-11.2-COMPLETION-UC.,PAYMENT_EXECUTION,14.613406,Capped payment/execution family: payment severity score 0.0; positive fund-progress score 73.067; persistence boost 10 points.,ANOMALY,3.630705,Within-lifecycle statistical unusualness percentile 45.384; not a probability.,False,True,True,False,False,False,False
W-002701,COMPLETION,53.581364,HIGH,795,749,100,COMPLIANCE,32.0,Strongest actionable compliance result REVIEW/STRONG_WARNING under rule MPLADS-11.2-COMPLETION-UC.,PAYMENT_EXECUTION,11.234936,Capped payment/execution family: payment severity score 0.0; positive fund-progress score 56.175; persistence boost 10 points.,OPERATIONAL_TREND_CONTEXT,7.591241,state_name=Karnataka|district=Karnataka Demo District 2|sector=Drinking Water context; strongest metric progress_report_count; signed robust z 18.212.,False,True,True,False,False,False,False
W-002028,COMPLETION,53.580125,HIGH,796,750,100,COMPLIANCE,32.0,Strongest actionable compliance result REVIEW/STRONG_WARNING under rule MPLADS-11.2-COMPLETION-UC.,PAYMENT_EXECUTION,12.0,Capped payment/execution family: payment severity score 60.0; positive fund-progress score 0.000; persistence boost 0 points.,OPERATIONAL_TREND_CONTEXT,8.248175,state_name=Odisha|district=Odisha Demo District 4 context; strongest metric progress_report_count; signed robust z 21.696.,False,True,True,False,False,False,False
W-002642,COMPLETION,53.575744,HIGH,797,751,100,COMPLIANCE,32.0,Strongest actionable compliance result REVIEW/STRONG_WARNING under rule MPLADS-11.2-COMPLETION-UC.,PAYMENT_EXECUTION,15.033175,Capped payment/execution family: payment severity score 60.0; positive fund-progress score 75.166; persistence boost 10 points.,ANOMALY,4.53527,Within-lifecycle statistical unusualness percentile 56.691; not a probability.,False,True,True,False,False,False,False
W-000860,COMPLETION,53.569676,HIGH,798,752,100,COMPLIANCE,32.0,Strongest actionable compliance result REVIEW/STRONG_WARNING under rule MPLADS-11.2-COMPLETION-UC.,OPERATIONAL_TREND_CONTEXT,9.233577,state_name=Odisha|district=Odisha Demo District 3 context; strongest metric progress_report_count; signed robust z 31.196.,ANOMALY,4.680498,Within-lifecycle statistical unusualness percentile 58.506; not a probability.,False,True,True,False,False,False,False
W-001197,COMPLETION,53.556789,HIGH,799,753,100,COMPLIANCE,32.0,Strongest actionable compliance result REVIEW/STRONG_WARNING under rule MPLADS-11.2-COMPLETION-UC.,PAYMENT_EXECUTION,9.343263,Capped payment/execution family: payment severity score 0.0; positive fund-progress score 46.716; persistence boost 0 points.,OPERATIONAL_TREND_CONTEXT,6.167883,state_name=Telangana|district=Telangana Demo District 3|sector=Roads & Bridges context; strongest metric progress_report_count; signed robust z 13.490.,False,True,True,False,False,False,False
W-000426,COMPLETION,53.534683,HIGH,800,754,100,COMPLIANCE,32.0,Strongest actionable compliance result REVIEW/STRONG_WARNING under rule MPLADS-11.2-COMPLETION-UC.,PAYMENT_EXECUTION,18.303318,Capped payment/execution family: payment severity score 0.0; positive fund-progress score 91.517; persistence boost 10 points.,OPERATIONAL_TREND_CONTEXT,2.007299,state_name=Odisha|district=Odisha Demo District 3|sector=Health context; strongest metric progress_report_count; signed robust z 5.621.,False,True,True,False,False,False,False
W-002257,COMPLETION,53.531806,HIGH,801,755,100,COMPLIANCE,32.0,Strongest actionable compliance result REVIEW/STRONG_WARNING under rule MPLADS-11.2-COMPLETION-UC.,PAYMENT_EXECUTION,17.129316,Capped payment/execution family: payment severity score 0.0; positive fund-progress score 85.647; persistence boost 0 points.,ANOMALY,4.40249,Within-lifecycle statistical unusualness percentile 55.031; not a probability.,False,True,True,False,False,False,False
W-000652,EXECUTION,53.527685,HIGH,802,47,100,OBSERVED_CONDITIONS,17.04797,"Observed overdue=True (days=645.0, score=85.240); observed over sanction=False (overrun_pct=0.0, score=0.000).",PAYMENT_EXECUTION,15.0,Capped payment/execution family: payment severity score 60.0; positive fund-progress score 0.000; persistence boost 0 points.,ANOMALY,9.175,Within-lifecycle statistical unusualness percentile 91.750; not a probability.,False,True,False,False,True,False,True
W-002729,COMPLETION,53.525467,HIGH,803,756,100,COMPLIANCE,32.0,Strongest actionable compliance result REVIEW/STRONG_WARNING under rule MPLADS-11.2-COMPLETION-UC.,PAYMENT_EXECUTION,15.283683,Capped payment/execution family: payment severity score 0.0; positive fund-progress score 76.418; persistence boost 10 points.,OPERATIONAL_TREND_CONTEXT,4.416058,state_name=Telangana|district=Telangana Demo District 1|sector=Education context; strongest metric progress_report_count; signed robust z 9.443.,False,True,True,False,False,False,False
W-001204,COMPLETION,53.522812,HIGH,804,757,100,COMPLIANCE,32.0,Strongest actionable compliance result REVIEW/STRONG_WARNING under rule MPLADS-11.2-COMPLETION-UC.,PAYMENT_EXECUTION,10.196344,Capped payment/execution family: payment severity score 0.0; positive fund-progress score 50.982; persistence boost 0 points.,OPERATIONAL_TREND_CONTEXT,9.343066,state_name=Karnataka|district=Karnataka Demo District 1 context; strongest metric progress_report_count; signed robust z 31.836.,False,True,True,False,False,False,False
W-000410,COMPLETION,53.490747,HIGH,805,758,100,COMPLIANCE,32.0,Strongest actionable compliance result REVIEW/STRONG_WARNING under rule MPLADS-11.2-COMPLETION-UC.,PAYMENT_EXECUTION,12.0,Capped payment/execution family: payment severity score 60.0; positive fund-progress score 10.000; persistence boost 10 points.,ANOMALY,5.074689,Within-lifecycle statistical unusualness percentile 63.434; not a probability.,False,True,True,False,False,False,False
W-000368,COMPLETION,53.48147,HIGH,806,759,100,COMPLIANCE,32.0,Strongest actionable compliance result REVIEW/STRONG_WARNING under rule MPLADS-11.2-COMPLETION-UC.,PAYMENT_EXECUTION,13.604604,Capped payment/execution family: payment severity score 60.0; positive fund-progress score 68.023; persistence boost 10 points.,OPERATIONAL_TREND_CONTEXT,3.959854,state_name=Andhra Pradesh|district=Andhra Pradesh Demo District 1|sector=Renewable Energy context; strongest metric progress_report_count; signed robust z 8.768.,False,True,True,False,False,False,False
W-002096,COMPLETION,53.460746,HIGH,807,760,100,COMPLIANCE,32.0,Strongest actionable compliance result REVIEW/STRONG_WARNING under rule MPLADS-11.2-COMPLETION-UC.,PAYMENT_EXECUTION,15.297224,Capped payment/execution family: payment severity score 0.0; positive fund-progress score 76.486; persistence boost 10 points.,OPERATIONAL_TREND_CONTEXT,4.927007,state_name=Karnataka|district=Karnataka Demo District 4|sector=Drinking Water context; strongest metric progress_report_count; signed robust z 10.455.,False,True,True,False,False,False,False
W-000291,COMPLETION,53.445125,HIGH,808,761,100,COMPLIANCE,32.0,Strongest actionable compliance result REVIEW/STRONG_WARNING under rule MPLADS-11.2-COMPLETION-UC.,OPERATIONAL_TREND_CONTEXT,9.343066,state_name=Karnataka|district=Karnataka Demo District 1 context; strongest metric progress_report_count; signed robust z 31.836.,PAYMENT_EXECUTION,4.640487,Capped payment/execution family: payment severity score 0.0; positive fund-progress score 23.202; persistence boost 10 points.,False,True,True,False,False,False,False
W-001934,COMPLETION,53.438244,HIGH,809,762,100,COMPLIANCE,32.0,Strongest actionable compliance result REVIEW/STRONG_WARNING under rule MPLADS-11.2-COMPLETION-UC.,PAYMENT_EXECUTION,12.0,Capped payment/execution family: payment severity score 60.0; positive fund-progress score 26.520; persistence boost 10 points.,OPERATIONAL_TREND_CONTEXT,8.193431,state_name=Telangana|district=Telangana Demo District 1|sector=Sanitation context; strongest metric progress_report_count; signed robust z 21.584.,False,True,True,False,False,False,False
W-000714,COMPLETION,53.430617,HIGH,810,763,100,COMPLIANCE,32.0,Strongest actionable compliance result REVIEW/STRONG_WARNING under rule MPLADS-11.2-COMPLETION-UC.,OPERATIONAL_TREND_CONTEXT,9.051095,state_name=Andhra Pradesh|district=Andhra Pradesh Demo District 3 context; strongest metric progress_report_count; signed robust z 29.172.,ANOMALY,7.016598,Within-lifecycle statistical unusualness percentile 87.707; not a probability.,False,False,True,False,False,False,False
W-000702,COMPLETION,53.39531,HIGH,811,764,100,COMPLIANCE,32.0,Strongest actionable compliance result REVIEW/STRONG_WARNING under rule MPLADS-11.2-COMPLETION-UC.,PAYMENT_EXECUTION,9.014218,Capped payment/execution family: payment severity score 0.0; positive fund-progress score 45.071; persistence boost 10 points.,OPERATIONAL_TREND_CONTEXT,7.974453,state_name=Karnataka|district=Karnataka Demo District 4|sector=Sports context; strongest metric progress_report_count; signed robust z 20.235.,False,True,True,False,False,False,False
W-000021,COMPLETION,53.390879,HIGH,812,765,100,COMPLIANCE,32.0,Strongest actionable compliance result REVIEW/STRONG_WARNING under rule MPLADS-11.2-COMPLETION-UC.,PAYMENT_EXECUTION,11.776574,Capped payment/execution family: payment severity score 0.0; positive fund-progress score 58.883; persistence boost 10 points.,ANOMALY,6.676349,Within-lifecycle statistical unusualness percentile 83.454; not a probability.,False,True,True,False,False,False,False
W-000880,COMPLETION,53.384091,HIGH,813,766,100,COMPLIANCE,32.0,Strongest actionable compliance result REVIEW/STRONG_WARNING under rule MPLADS-11.2-COMPLETION-UC.,PAYMENT_EXECUTION,9.190251,Capped payment/execution family: payment severity score 0.0; positive fund-progress score 45.951; persistence boost 10 points.,OPERATIONAL_TREND_CONTEXT,7.372263,state_name=Telangana|district=Telangana Demo District 1|sector=Sports context; strongest metric progress_report_count; signed robust z 17.537.,False,True,True,False,False,False,False
W-001079,COMPLETION,53.374019,HIGH,814,767,100,COMPLIANCE,32.0,Strongest actionable compliance result REVIEW/STRONG_WARNING under rule MPLADS-11.2-COMPLETION-UC.,OPERATIONAL_TREND_CONTEXT,9.890511,state_name=Maharashtra|district=Maharashtra Demo District 2 context; strongest metric progress_report_count; signed robust z 59.356.,PAYMENT_EXECUTION,8.607989,Capped payment/execution family: payment severity score 0.0; positive fund-progress score 43.040; persistence boost 10 points.,False,True,True,False,False,False,False
W-002393,COMPLETION,53.351016,HIGH,815,768,100,COMPLIANCE,32.0,Strongest actionable compliance result REVIEW/STRONG_WARNING under rule MPLADS-11.2-COMPLETION-UC.,PAYMENT_EXECUTION,10.097495,Capped payment/execution family: payment severity score 0.0; positive fund-progress score 50.487; persistence boost 10 points.,ANOMALY,7.074689,Within-lifecycle statistical unusualness percentile 88.434; not a probability.,False,True,True,False,False,False,False
W-002893,COMPLETION,53.330769,HIGH,816,769,100,COMPLIANCE,32.0,Strongest actionable compliance result REVIEW/STRONG_WARNING under rule MPLADS-11.2-COMPLETION-UC.,PAYMENT_EXECUTION,12.0,Capped payment/execution family: payment severity score 60.0; positive fund-progress score 10.000; persistence boost 10 points.,OPERATIONAL_TREND_CONTEXT,7.372263,state_name=Rajasthan|district=Rajasthan Demo District 1|sector=Health context; strongest metric progress_report_count; signed robust z 17.537.,False,True,True,False,False,False,False
W-000123,EXECUTION,53.317374,HIGH,817,48,100,PAYMENT_EXECUTION,24.724103,Capped payment/execution family: payment severity score 0.0; positive fund-progress score 98.896; persistence boost 10 points.,OBSERVED_CONDITIONS,17.306273,"Observed overdue=True (days=672.0, score=86.531); observed over sanction=True (overrun_pct=0.6529850746268656, score=77.632).",ANOMALY,8.425,Within-lifecycle statistical unusualness percentile 84.250; not a probability.,False,True,False,False,True,True,True
W-002093,COMPLETION,53.313212,HIGH,818,770,100,COMPLIANCE,32.0,Strongest actionable compliance result REVIEW/STRONG_WARNING under rule MPLADS-11.2-COMPLETION-UC.,PAYMENT_EXECUTION,7.989167,Capped payment/execution family: payment severity score 0.0; positive fund-progress score 39.946; persistence boost 0 points.,ANOMALY,7.448133,Within-lifecycle statistical unusualness percentile 93.102; not a probability.,False,True,True,False,False,False,False
W-002723,COMPLETION,53.31061,HIGH,819,771,100,COMPLIANCE,32.0,Strongest actionable compliance result REVIEW/STRONG_WARNING under rule MPLADS-11.2-COMPLETION-UC.,PAYMENT_EXECUTION,13.703453,Capped payment/execution family: payment severity score 60.0; positive fund-progress score 68.517; persistence boost 0 points.,OPERATIONAL_TREND_CONTEXT,3.959854,state_name=Karnataka|district=Karnataka Demo District 3|sector=Health context; strongest metric progress_report_count; signed robust z 8.768.,False,True,True,False,False,False,False
W-000174,COMPLETION,53.2824,HIGH,820,772,100,COMPLIANCE,32.0,Strongest actionable compliance result REVIEW/STRONG_WARNING under rule MPLADS-11.2-COMPLETION-UC.,PAYMENT_EXECUTION,12.0,Capped payment/execution family: payment severity score 60.0; positive fund-progress score 10.000; persistence boost 10 points.,OPERATIONAL_TREND_CONTEXT,7.846715,state_name=Andhra Pradesh|district=Andhra Pradesh Demo District 2 context; strongest metric progress_report_count; signed robust z 18.802.,False,True,True,False,False,False,False
W-000085,COMPLETION,53.27969,HIGH,821,773,100,COMPLIANCE,32.0,Strongest actionable compliance result REVIEW/STRONG_WARNING under rule MPLADS-11.2-COMPLETION-UC.,PAYMENT_EXECUTION,12.0,Capped payment/execution family: payment severity score 60.0; positive fund-progress score 32.613; persistence boost 10 points.,ANOMALY,7.655602,Within-lifecycle statistical unusualness percentile 95.695; not a probability.,False,True,True,False,False,False,False
W-001354,COMPLETION,53.247085,HIGH,822,774,100,COMPLIANCE,32.0,Strongest actionable compliance result REVIEW/STRONG_WARNING under rule MPLADS-11.2-COMPLETION-UC.,OPERATIONAL_TREND_CONTEXT,8.722628,state_name=Telangana|district=Telangana Demo District 3 context; strongest metric progress_report_count; signed robust z 25.766.,PAYMENT_EXECUTION,6.955992,Capped payment/execution family: payment severity score 0.0; positive fund-progress score 34.780; persistence boost 10 points.,False,True,True,False,False,False,False
W-000672,COMPLETION,53.237881,HIGH,823,775,100,COMPLIANCE,32.0,Strongest actionable compliance result REVIEW/STRONG_WARNING under rule MPLADS-11.2-COMPLETION-UC.,PAYMENT_EXECUTION,9.542316,Capped payment/execution family: payment severity score 0.0; positive fund-progress score 47.712; persistence boost 10 points.,OPERATIONAL_TREND_CONTEXT,6.405109,state_name=Karnataka|district=Karnataka Demo District 2 context; strongest metric progress_report_count; signed robust z 14.030.,False,True,True,False,False,False,False
W-000443,COMPLETION,53.235334,HIGH,824,776,100,COMPLIANCE,32.0,Strongest actionable compliance result REVIEW/STRONG_WARNING under rule MPLADS-11.2-COMPLETION-UC.,PAYMENT_EXECUTION,12.0,Capped payment/execution family: payment severity score 60.0; positive fund-progress score 10.291; persistence boost 0 points.,OPERATIONAL_TREND_CONTEXT,7.372263,state_name=Telangana|district=Telangana Demo District 1|sector=Sports context; strongest metric progress_report_count; signed robust z 17.537.,False,True,True,False,False,False,False
W-002428,COMPLETION,53.234885,HIGH,825,777,100,COMPLIANCE,32.0,Strongest actionable compliance result REVIEW/STRONG_WARNING under rule MPLADS-11.2-COMPLETION-UC.,PAYMENT_EXECUTION,10.300609,Capped payment/execution family: payment severity score 0.0; positive fund-progress score 51.503; persistence boost 10 points.,ANOMALY,5.605809,Within-lifecycle statistical unusualness percentile 70.073; not a probability.,False,True,True,False,False,False,False
W-000788,COMPLETION,53.210671,HIGH,826,778,100,COMPLIANCE,32.0,Strongest actionable compliance result REVIEW/STRONG_WARNING under rule MPLADS-11.2-COMPLETION-UC.,PAYMENT_EXECUTION,12.186865,Capped payment/execution family: payment severity score 0.0; positive fund-progress score 60.934; persistence boost 0 points.,OPERATIONAL_TREND_CONTEXT,7.189781,state_name=Rajasthan|district=Rajasthan Demo District 4 context; strongest metric progress_report_count; signed robust z 16.778.,False,True,True,False,False,False,False
W-002436,COMPLETION,53.208429,HIGH,827,779,100,COMPLIANCE,32.0,Strongest actionable compliance result REVIEW/STRONG_WARNING under rule MPLADS-11.2-COMPLETION-UC.,PAYMENT_EXECUTION,10.544347,Capped payment/execution family: payment severity score 0.0; positive fund-progress score 52.722; persistence boost 10 points.,OPERATIONAL_TREND_CONTEXT,9.635036,state_name=Karnataka|district=Karnataka Demo District 3 context; strongest metric progress_report_count; signed robust z 37.435.,False,True,True,False,False,False,False
W-002106,COMPLETION,53.188842,HIGH,828,780,100,COMPLIANCE,32.0,Strongest actionable compliance result REVIEW/STRONG_WARNING under rule MPLADS-11.2-COMPLETION-UC.,PAYMENT_EXECUTION,10.59851,Capped payment/execution family: payment severity score 0.0; positive fund-progress score 52.993; persistence boost 10 points.,ANOMALY,6.174274,Within-lifecycle statistical unusualness percentile 77.178; not a probability.,False,True,True,False,False,False,False
W-001887,COMPLETION,53.180771,HIGH,829,781,100,COMPLIANCE,32.0,Strongest actionable compliance result REVIEW/STRONG_WARNING under rule MPLADS-11.2-COMPLETION-UC.,PAYMENT_EXECUTION,12.0,Capped payment/execution family: payment severity score 60.0; positive fund-progress score 10.000; persistence boost 10 points.,OPERATIONAL_TREND_CONTEXT,6.952555,state_name=Odisha|district=Odisha Demo District 1|sector=Education context; strongest metric progress_report_count; signed robust z 15.514.,False,True,True,False,False,False,False
W-000093,COMPLETION,53.164294,HIGH,830,782,100,COMPLIANCE,32.0,Strongest actionable compliance result REVIEW/STRONG_WARNING under rule MPLADS-11.2-COMPLETION-UC.,PAYMENT_EXECUTION,12.0,Capped payment/execution family: payment severity score 60.0; positive fund-progress score 57.732; persistence boost 10 points.,OPERATIONAL_TREND_CONTEXT,8.375912,state_name=Karnataka|district=Karnataka Demo District 2|sector=Sanitation context; strongest metric progress_report_count; signed robust z 22.258.,False,True,True,False,False,False,False
W-000209,COMPLETION,53.149014,HIGH,831,783,100,COMPLIANCE,32.0,Strongest actionable compliance result REVIEW/STRONG_WARNING under rule MPLADS-11.2-COMPLETION-UC.,PAYMENT_EXECUTION,12.0,Capped payment/execution family: payment severity score 60.0; positive fund-progress score 0.000; persistence boost 0 points.,OPERATIONAL_TREND_CONTEXT,5.729927,state_name=Odisha|district=Odisha Demo District 4|sector=Sports context; strongest metric progress_report_count; signed robust z 12.478.,False,True,True,False,False,False,False
W-000659,COMPLETION,53.11421,HIGH,832,784,100,COMPLIANCE,32.0,Strongest actionable compliance result REVIEW/STRONG_WARNING under rule MPLADS-11.2-COMPLETION-UC.,PAYMENT_EXECUTION,12.060934,Capped payment/execution family: payment severity score 0.0; positive fund-progress score 60.305; persistence boost 10 points.,OPERATIONAL_TREND_CONTEXT,4.671533,state_name=Telangana|district=Telangana Demo District 4|sector=Sanitation context; strongest metric progress_report_count; signed robust z 9.780.,False,True,True,False,False,False,False
W-002601,COMPLETION,53.106006,HIGH,833,785,100,COMPLIANCE,32.0,Strongest actionable compliance result REVIEW/STRONG_WARNING under rule MPLADS-11.2-COMPLETION-UC.,PAYMENT_EXECUTION,20.0,Capped payment/execution family: payment severity score 0.0; positive fund-progress score 100.000; persistence boost 10 points.,ANOMALY,0.66805,Within-lifecycle statistical unusualness percentile 8.351; not a probability.,False,True,True,False,False,False,False
W-000171,COMPLETION,53.105362,HIGH,834,786,100,COMPLIANCE,32.0,Strongest actionable compliance result REVIEW/STRONG_WARNING under rule MPLADS-11.2-COMPLETION-UC.,PAYMENT_EXECUTION,12.534868,Capped payment/execution family: payment severity score 0.0; positive fund-progress score 62.674; persistence boost 10 points.,OPERATIONAL_TREND_CONTEXT,7.591241,state_name=Karnataka|district=Karnataka Demo District 2|sector=Drinking Water context; strongest metric progress_report_count; signed robust z 18.212.,False,True,True,False,False,False,False
W-001408,COMPLETION,53.102282,HIGH,835,787,100,COMPLIANCE,32.0,Strongest actionable compliance result REVIEW/STRONG_WARNING under rule MPLADS-11.2-COMPLETION-UC.,PAYMENT_EXECUTION,17.870007,Capped payment/execution family: payment severity score 60.0; positive fund-progress score 89.350; persistence boost 10 points.,ANOMALY,3.049793,Within-lifecycle statistical unusualness percentile 38.122; not a probability.,False,True,True,False,False,False,False
W-002330,COMPLETION,53.093754,HIGH,836,788,100,COMPLIANCE,32.0,Strongest actionable compliance result REVIEW/STRONG_WARNING under rule MPLADS-11.2-COMPLETION-UC.,PAYMENT_EXECUTION,12.0,Capped payment/execution family: payment severity score 60.0; positive fund-progress score 10.000; persistence boost 10 points.,OPERATIONAL_TREND_CONTEXT,8.375912,state_name=Odisha|district=Odisha Demo District 1|sector=Drinking Water context; strongest metric progress_report_count; signed robust z 22.258.,False,True,True,False,False,False,False
W-002743,COMPLETION,53.085959,HIGH,837,789,100,COMPLIANCE,32.0,Strongest actionable compliance result REVIEW/STRONG_WARNING under rule MPLADS-11.2-COMPLETION-UC.,PAYMENT_EXECUTION,9.424509,Capped payment/execution family: payment severity score 0.0; positive fund-progress score 47.123; persistence boost 0 points.,OPERATIONAL_TREND_CONTEXT,9.233577,state_name=Odisha|district=Odisha Demo District 3 context; strongest metric progress_report_count; signed robust z 31.196.,False,True,True,False,False,False,False
W-001625,COMPLETION,53.061732,HIGH,838,790,100,COMPLIANCE,32.0,Strongest actionable compliance result REVIEW/STRONG_WARNING under rule MPLADS-11.2-COMPLETION-UC.,PAYMENT_EXECUTION,12.859851,Capped payment/execution family: payment severity score 0.0; positive fund-progress score 64.299; persistence boost 10 points.,ANOMALY,6.979253,Within-lifecycle statistical unusualness percentile 87.241; not a probability.,False,True,True,False,False,False,False
W-000257,COMPLETION,53.059681,HIGH,839,791,100,COMPLIANCE,32.0,Strongest actionable compliance result REVIEW/STRONG_WARNING under rule MPLADS-11.2-COMPLETION-UC.,PAYMENT_EXECUTION,12.0,Capped payment/execution family: payment severity score 60.0; positive fund-progress score 10.000; persistence boost 10 points.,ANOMALY,7.253112,Within-lifecycle statistical unusualness percentile 90.664; not a probability.,False,True,True,False,False,False,False
W-002334,COMPLETION,53.054578,HIGH,840,792,100,COMPLIANCE,32.0,Strongest actionable compliance result REVIEW/STRONG_WARNING under rule MPLADS-11.2-COMPLETION-UC.,PAYMENT_EXECUTION,12.0,Capped payment/execution family: payment severity score 60.0; positive fund-progress score 19.208; persistence boost 10 points.,OPERATIONAL_TREND_CONTEXT,8.722628,state_name=Telangana|district=Telangana Demo District 3 context; strongest metric progress_report_count; signed robust z 25.766.,False,True,True,False,False,False,False
W-002410,COMPLETION,53.052464,HIGH,841,793,100,COMPLIANCE,32.0,Strongest actionable compliance result REVIEW/STRONG_WARNING under rule MPLADS-11.2-COMPLETION-UC.,PAYMENT_EXECUTION,8.815166,Capped payment/execution family: payment severity score 0.0; positive fund-progress score 44.076; persistence boost 0 points.,ANOMALY,5.995851,Within-lifecycle statistical unusualness percentile 74.948; not a probability.,False,True,True,False,False,False,False
W-001713,COMPLETION,53.052017,HIGH,842,794,100,COMPLIANCE,32.0,Strongest actionable compliance result REVIEW/STRONG_WARNING under rule MPLADS-11.2-COMPLETION-UC.,PAYMENT_EXECUTION,16.123223,Capped payment/execution family: payment severity score 0.0; positive fund-progress score 80.616; persistence boost 10 points.,OPERATIONAL_TREND_CONTEXT,4.671533,state_name=Telangana|district=Telangana Demo District 4|sector=Sanitation context; strongest metric progress_report_count; signed robust z 9.780.,False,True,True,False,False,False,False
W-000028,COMPLETION,53.040937,HIGH,843,795,100,COMPLIANCE,32.0,Strongest actionable compliance result REVIEW/STRONG_WARNING under rule MPLADS-11.2-COMPLETION-UC.,PAYMENT_EXECUTION,15.486798,Capped payment/execution family: payment severity score 0.0; positive fund-progress score 77.434; persistence boost 10 points.,OPERATIONAL_TREND_CONTEXT,5.437956,state_name=Telangana|district=Telangana Demo District 2|sector=Drinking Water context; strongest metric progress_report_count; signed robust z 11.691.,False,True,True,False,False,False,False
W-000050,COMPLETION,53.040822,HIGH,844,796,100,COMPLIANCE,32.0,Strongest actionable compliance result REVIEW/STRONG_WARNING under rule MPLADS-11.2-COMPLETION-UC.,PAYMENT_EXECUTION,16.912661,Capped payment/execution family: payment severity score 0.0; positive fund-progress score 84.563; persistence boost 0 points.,OPERATIONAL_TREND_CONTEXT,2.609489,state_name=Rajasthan|district=Rajasthan Demo District 2|sector=Renewable Energy context; strongest metric progress_report_count; signed robust z 6.520.,False,True,True,False,False,False,False
W-002565,COMPLETION,53.02992,HIGH,845,797,100,COMPLIANCE,32.0,Strongest actionable compliance result REVIEW/STRONG_WARNING under rule MPLADS-11.2-COMPLETION-UC.,PAYMENT_EXECUTION,12.968179,Capped payment/execution family: payment severity score 0.0; positive fund-progress score 64.841; persistence boost 10 points.,ANOMALY,7.058091,Within-lifecycle statistical unusualness percentile 88.226; not a probability.,False,True,True,False,False,False,False
W-000044,COMPLETION,52.997732,HIGH,846,798,100,COMPLIANCE,32.0,Strongest actionable compliance result REVIEW/STRONG_WARNING under rule MPLADS-11.2-COMPLETION-UC.,PAYMENT_EXECUTION,12.765064,Capped payment/execution family: payment severity score 60.0; positive fund-progress score 63.825; persistence boost 10 points.,OPERATIONAL_TREND_CONTEXT,6.058394,state_name=Telangana|district=Telangana Demo District 1 context; strongest metric progress_report_count; signed robust z 13.153.,False,True,True,False,False,False,False
W-001253,COMPLETION,52.995826,HIGH,847,799,100,COMPLIANCE,32.0,Strongest actionable compliance result REVIEW/STRONG_WARNING under rule MPLADS-11.2-COMPLETION-UC.,PAYMENT_EXECUTION,12.0,Capped payment/execution family: payment severity score 60.0; positive fund-progress score 0.000; persistence boost 0 points.,ANOMALY,6.074689,Within-lifecycle statistical unusualness percentile 75.934; not a probability.,False,True,True,False,False,False,False
W-000668,COMPLETION,52.973422,HIGH,848,800,100,COMPLIANCE,32.0,Strongest actionable compliance result REVIEW/STRONG_WARNING under rule MPLADS-11.2-COMPLETION-UC.,PAYMENT_EXECUTION,12.0,Capped payment/execution family: payment severity score 60.0; positive fund-progress score 10.000; persistence boost 10 points.,OPERATIONAL_TREND_CONTEXT,8.375912,state_name=Odisha|district=Odisha Demo District 2|sector=Sanitation context; strongest metric progress_report_count; signed robust z 22.258.,False,True,True,False,False,False,False
W-002023,COMPLETION,52.961419,HIGH,849,801,100,COMPLIANCE,32.0,Strongest actionable compliance result REVIEW/STRONG_WARNING under rule MPLADS-11.2-COMPLETION-UC.,PAYMENT_EXECUTION,8.652674,Capped payment/execution family: payment severity score 0.0; positive fund-progress score 43.263; persistence boost 0 points.,OPERATIONAL_TREND_CONTEXT,6.167883,state_name=Rajasthan|district=Rajasthan Demo District 3|sector=Sanitation context; strongest metric progress_report_count; signed robust z 13.490.,False,True,True,False,False,False,False
W-001190,COMPLETION,52.957537,HIGH,850,802,100,COMPLIANCE,32.0,Strongest actionable compliance result REVIEW/STRONG_WARNING under rule MPLADS-11.2-COMPLETION-UC.,PAYMENT_EXECUTION,12.0,Capped payment/execution family: payment severity score 60.0; positive fund-progress score 0.000; persistence boost 0 points.,OPERATIONAL_TREND_CONTEXT,8.613139,state_name=Odisha|district=Odisha Demo District 3|sector=Sanitation context; strongest metric progress_report_count; signed robust z 23.607.,False,True,True,False,False,False,False
W-000285,COMPLETION,52.954538,HIGH,851,803,100,COMPLIANCE,32.0,Strongest actionable compliance result REVIEW/STRONG_WARNING under rule MPLADS-11.2-COMPLETION-UC.,PAYMENT_EXECUTION,12.0,Capped payment/execution family: payment severity score 60.0; positive fund-progress score 48.659; persistence boost 10 points.,OPERATIONAL_TREND_CONTEXT,4.635036,state_name=Karnataka|district=Karnataka Demo District 3|sector=Sanitation context; strongest metric progress_report_count; signed robust z 9.668.,False,True,True,False,False,False,False
W-002117,COMPLETION,52.94047,HIGH,852,804,100,COMPLIANCE,32.0,Strongest actionable compliance result REVIEW/STRONG_WARNING under rule MPLADS-11.2-COMPLETION-UC.,PAYMENT_EXECUTION,12.0,Capped payment/execution family: payment severity score 60.0; positive fund-progress score 0.000; persistence boost 0 points.,ANOMALY,7.717842,Within-lifecycle statistical unusualness percentile 96.473; not a probability.,False,True,True,False,False,False,False
W-001413,COMPLETION,52.93473,HIGH,853,805,100,COMPLIANCE,32.0,Strongest actionable compliance result REVIEW/STRONG_WARNING under rule MPLADS-11.2-COMPLETION-UC.,PAYMENT_EXECUTION,12.0,Capped payment/execution family: payment severity score 60.0; positive fund-progress score 10.000; persistence boost 10 points.,ANOMALY,4.518672,Within-lifecycle statistical unusualness percentile 56.483; not a probability.,False,True,True,False,False,False,False
W-000661,COMPLETION,52.917194,HIGH,854,806,100,COMPLIANCE,32.0,Strongest actionable compliance result REVIEW/STRONG_WARNING under rule MPLADS-11.2-COMPLETION-UC.,PAYMENT_EXECUTION,12.0,Capped payment/execution family: payment severity score 60.0; positive fund-progress score 25.572; persistence boost 10 points.,OPERATIONAL_TREND_CONTEXT,4.635036,state_name=Karnataka|district=Karnataka Demo District 3|sector=Sanitation context; strongest metric progress_report_count; signed robust z 9.668.,False,True,True,False,False,False,False
W-000077,COMPLETION,52.890435,HIGH,855,807,100,COMPLIANCE,32.0,Strongest actionable compliance result REVIEW/STRONG_WARNING under rule MPLADS-11.2-COMPLETION-UC.,PAYMENT_EXECUTION,12.0,Capped payment/execution family: payment severity score 60.0; positive fund-progress score 10.000; persistence boost 10 points.,OPERATIONAL_TREND_CONTEXT,8.375912,state_name=Odisha|district=Odisha Demo District 2|sector=Sanitation context; strongest metric progress_report_count; signed robust z 22.258.,False,True,True,False,False,False,False
W-002895,COMPLETION,52.879858,HIGH,856,808,100,COMPLIANCE,32.0,Strongest actionable compliance result REVIEW/STRONG_WARNING under rule MPLADS-11.2-COMPLETION-UC.,PAYMENT_EXECUTION,15.666892,Capped payment/execution family: payment severity score 0.0; positive fund-progress score 78.334; persistence boost 0 points.,OPERATIONAL_TREND_CONTEXT,3.959854,state_name=Rajasthan|district=Rajasthan Demo District 1|sector=Renewable Energy context; strongest metric progress_report_count; signed robust z 8.768.,False,True,True,False,False,False,False
W-002487,COMPLETION,52.876892,HIGH,857,809,100,COMPLIANCE,32.0,Strongest actionable compliance result REVIEW/STRONG_WARNING under rule MPLADS-11.2-COMPLETION-UC.,PAYMENT_EXECUTION,13.859174,Capped payment/execution family: payment severity score 0.0; positive fund-progress score 69.296; persistence boost 0 points.,OPERATIONAL_TREND_CONTEXT,4.416058,state_name=Rajasthan|district=Rajasthan Demo District 4|sector=Sports context; strongest metric progress_report_count; signed robust z 9.443.,False,True,True,False,False,False,False
W-000899,COMPLETION,52.873804,HIGH,858,810,100,COMPLIANCE,32.0,Strongest actionable compliance result REVIEW/STRONG_WARNING under rule MPLADS-11.2-COMPLETION-UC.,PAYMENT_EXECUTION,10.327691,Capped payment/execution family: payment severity score 0.0; positive fund-progress score 51.638; persistence boost 10 points.,ANOMALY,5.655602,Within-lifecycle statistical unusualness percentile 70.695; not a probability.,False,True,True,False,False,False,False
W-001847,COMPLETION,52.872717,HIGH,859,811,100,COMPLIANCE,32.0,Strongest actionable compliance result REVIEW/STRONG_WARNING under rule MPLADS-11.2-COMPLETION-UC.,PAYMENT_EXECUTION,12.0,Capped payment/execution family: payment severity score 60.0; positive fund-progress score 55.904; persistence boost 10 points.,ANOMALY,4.912863,Within-lifecycle statistical unusualness percentile 61.411; not a probability.,False,True,True,False,False,False,False
W-000409,COMPLETION,52.866387,HIGH,860,812,100,COMPLIANCE,32.0,Strongest actionable compliance result REVIEW/STRONG_WARNING under rule MPLADS-11.2-COMPLETION-UC.,PAYMENT_EXECUTION,12.0,Capped payment/execution family: payment severity score 60.0; positive fund-progress score 10.000; persistence boost 10 points.,ANOMALY,5.526971,Within-lifecycle statistical unusualness percentile 69.087; not a probability.,False,True,True,False,False,False,False
W-002321,COMPLETION,52.85724,HIGH,861,813,100,COMPLIANCE,32.0,Strongest actionable compliance result REVIEW/STRONG_WARNING under rule MPLADS-11.2-COMPLETION-UC.,PAYMENT_EXECUTION,12.0,Capped payment/execution family: payment severity score 60.0; positive fund-progress score 10.000; persistence boost 10 points.,OPERATIONAL_TREND_CONTEXT,8.375912,state_name=Karnataka|district=Karnataka Demo District 2|sector=Sanitation context; strongest metric progress_report_count; signed robust z 22.258.,False,True,True,False,False,False,False
W-001920,COMPLETION,52.853546,HIGH,862,814,100,COMPLIANCE,32.0,Strongest actionable compliance result REVIEW/STRONG_WARNING under rule MPLADS-11.2-COMPLETION-UC.,PAYMENT_EXECUTION,15.619499,Capped payment/execution family: payment severity score 60.0; positive fund-progress score 78.097; persistence boost 0 points.,ANOMALY,3.609959,Within-lifecycle statistical unusualness percentile 45.124; not a probability.,False,True,True,False,False,False,False
W-000773,COMPLETION,52.83616,HIGH,863,815,100,COMPLIANCE,32.0,Strongest actionable compliance result REVIEW/STRONG_WARNING under rule MPLADS-11.2-COMPLETION-UC.,PAYMENT_EXECUTION,13.540961,Capped payment/execution family: payment severity score 0.0; positive fund-progress score 67.705; persistence boost 0 points.,ANOMALY,4.86722,Within-lifecycle statistical unusualness percentile 60.840; not a probability.,False,True,True,False,False,False,False
W-002827,COMPLETION,52.833374,HIGH,864,816,100,COMPLIANCE,32.0,Strongest actionable compliance result REVIEW/STRONG_WARNING under rule MPLADS-11.2-COMPLETION-UC.,PAYMENT_EXECUTION,12.0,Capped payment/execution family: payment severity score 60.0; positive fund-progress score 23.338; persistence boost 10 points.,OPERATIONAL_TREND_CONTEXT,7.974453,state_name=Telangana|district=Telangana Demo District 3|sector=Sanitation context; strongest metric progress_report_count; signed robust z 20.235.,False,True,True,False,False,False,False
W-002608,COMPLETION,52.828194,HIGH,865,817,100,COMPLIANCE,32.0,Strongest actionable compliance result REVIEW/STRONG_WARNING under rule MPLADS-11.2-COMPLETION-UC.,PAYMENT_EXECUTION,12.0,Capped payment/execution family: payment severity score 60.0; positive fund-progress score 10.000; persistence boost 10 points.,OPERATIONAL_TREND_CONTEXT,8.375912,state_name=Karnataka|district=Karnataka Demo District 1|sector=Health context; strongest metric progress_report_count; signed robust z 22.258.,False,True,True,False,False,False,False
W-000369,COMPLETION,52.826877,HIGH,866,818,100,COMPLIANCE,32.0,Strongest actionable compliance result REVIEW/STRONG_WARNING under rule MPLADS-11.2-COMPLETION-UC.,PAYMENT_EXECUTION,12.0,Capped payment/execution family: payment severity score 60.0; positive fund-progress score 10.000; persistence boost 10 points.,OPERATIONAL_TREND_CONTEXT,6.021898,state_name=Rajasthan|district=Rajasthan Demo District 1|sector=Roads & Bridges context; strongest metric progress_report_count; signed robust z 13.153.,False,True,True,False,False,False,False
W-001012,COMPLETION,52.799028,HIGH,867,819,100,COMPLIANCE,32.0,Strongest actionable compliance result REVIEW/STRONG_WARNING under rule MPLADS-11.2-COMPLETION-UC.,PAYMENT_EXECUTION,12.0,Capped payment/execution family: payment severity score 60.0; positive fund-progress score 10.000; persistence boost 10 points.,OPERATIONAL_TREND_CONTEXT,6.952555,state_name=Rajasthan|district=Rajasthan Demo District 1|sector=Sanitation context; strongest metric progress_report_count; signed robust z 15.514.,False,True,True,False,False,False,False
W-002268,COMPLETION,52.79532,HIGH,868,820,100,COMPLIANCE,32.0,Strongest actionable compliance result REVIEW/STRONG_WARNING under rule MPLADS-11.2-COMPLETION-UC.,PAYMENT_EXECUTION,14.660799,Capped payment/execution family: payment severity score 60.0; positive fund-progress score 73.304; persistence boost 10 points.,OPERATIONAL_TREND_CONTEXT,4.835766,state_name=Telangana|district=Telangana Demo District 3|sector=Health context; strongest metric progress_report_count; signed robust z 10.117.,False,True,True,False,False,False,False
W-002050,COMPLETION,52.777629,HIGH,869,821,100,COMPLIANCE,32.0,Strongest actionable compliance result REVIEW/STRONG_WARNING under rule MPLADS-11.2-COMPLETION-UC.,PAYMENT_EXECUTION,12.0,Capped payment/execution family: payment severity score 60.0; positive fund-progress score 10.000; persistence boost 10 points.,OPERATIONAL_TREND_CONTEXT,4.927007,state_name=Karnataka|district=Karnataka Demo District 4|sector=Drinking Water context; strongest metric progress_report_count; signed robust z 10.455.,False,True,True,False,False,False,False
W-002232,COMPLETION,52.773816,HIGH,870,822,100,COMPLIANCE,32.0,Strongest actionable compliance result REVIEW/STRONG_WARNING under rule MPLADS-11.2-COMPLETION-UC.,PAYMENT_EXECUTION,11.428571,Capped payment/execution family: payment severity score 0.0; positive fund-progress score 57.143; persistence boost 0 points.,PEER_DEVIATION,4.733681,1 peer-outlier metric(s); strongest financial_overrun_pct_as_of has absolute robust deviation 7.242.,False,True,True,False,False,False,False
W-002725,COMPLETION,52.752435,HIGH,871,823,100,COMPLIANCE,32.0,Strongest actionable compliance result REVIEW/STRONG_WARNING under rule MPLADS-11.2-COMPLETION-UC.,PAYMENT_EXECUTION,16.245091,Capped payment/execution family: payment severity score 60.0; positive fund-progress score 81.225; persistence boost 10 points.,OPERATIONAL_TREND_CONTEXT,4.416058,state_name=Rajasthan|district=Rajasthan Demo District 4|sector=Sports context; strongest metric progress_report_count; signed robust z 9.443.,False,True,True,False,False,False,False
W-002315,COMPLETION,52.724317,HIGH,872,824,100,COMPLIANCE,32.0,Strongest actionable compliance result REVIEW/STRONG_WARNING under rule MPLADS-11.2-COMPLETION-UC.,PAYMENT_EXECUTION,10.395396,Capped payment/execution family: payment severity score 0.0; positive fund-progress score 51.977; persistence boost 10 points.,ANOMALY,5.912863,Within-lifecycle statistical unusualness percentile 73.911; not a probability.,False,True,True,False,False,False,False
W-000454,COMPLETION,52.701426,HIGH,873,825,100,COMPLIANCE,32.0,Strongest actionable compliance result REVIEW/STRONG_WARNING under rule MPLADS-11.2-COMPLETION-UC.,PAYMENT_EXECUTION,12.0,Capped payment/execution family: payment severity score 60.0; positive fund-progress score 46.967; persistence boost 10 points.,OPERATIONAL_TREND_CONTEXT,4.635036,state_name=Karnataka|district=Karnataka Demo District 3|sector=Sanitation context; strongest metric progress_report_count; signed robust z 9.668.,False,True,True,False,False,False,False
W-002000,COMPLETION,52.686813,HIGH,874,826,100,COMPLIANCE,32.0,Strongest actionable compliance result REVIEW/STRONG_WARNING under rule MPLADS-11.2-COMPLETION-UC.,PAYMENT_EXECUTION,12.0,Capped payment/execution family: payment severity score 60.0; positive fund-progress score 0.000; persistence boost 0 points.,ANOMALY,7.518672,Within-lifecycle statistical unusualness percentile 93.983; not a probability.,False,True,True,False,False,False,False
W-002348,EXECUTION,52.685371,HIGH,875,49,100,PAYMENT_EXECUTION,21.30501,Capped payment/execution family: payment severity score 60.0; positive fund-progress score 85.220; persistence boost 10 points.,OBSERVED_CONDITIONS,16.568266,"Observed overdue=True (days=604.0, score=82.841); observed over sanction=False (overrun_pct=0.0, score=0.000).",ANOMALY,6.8125,Within-lifecycle statistical unusualness percentile 68.125; not a probability.,False,True,False,False,True,False,True
W-001237,COMPLETION,52.665021,HIGH,876,827,100,COMPLIANCE,32.0,Strongest actionable compliance result REVIEW/STRONG_WARNING under rule MPLADS-11.2-COMPLETION-UC.,PAYMENT_EXECUTION,12.0,Capped payment/execution family: payment severity score 60.0; positive fund-progress score 19.411; persistence boost 10 points.,OPERATIONAL_TREND_CONTEXT,4.416058,state_name=Telangana|district=Telangana Demo District 1|sector=Education context; strongest metric progress_report_count; signed robust z 9.443.,False,True,True,False,False,False,False
W-001090,COMPLETION,52.660343,HIGH,877,828,100,COMPLIANCE,32.0,Strongest actionable compliance result REVIEW/STRONG_WARNING under rule MPLADS-11.2-COMPLETION-UC.,PAYMENT_EXECUTION,11.01828,Capped payment/execution family: payment severity score 0.0; positive fund-progress score 55.091; persistence boost 10 points.,OPERATIONAL_TREND_CONTEXT,7.189781,state_name=Rajasthan|district=Rajasthan Demo District 4 context; strongest metric progress_report_count; signed robust z 16.778.,False,True,True,False,False,False,False
W-000143,COMPLETION,52.653714,HIGH,878,829,100,COMPLIANCE,32.0,Strongest actionable compliance result REVIEW/STRONG_WARNING under rule MPLADS-11.2-COMPLETION-UC.,PAYMENT_EXECUTION,10.625592,Capped payment/execution family: payment severity score 0.0; positive fund-progress score 53.128; persistence boost 10 points.,OPERATIONAL_TREND_CONTEXT,8.521898,state_name=Odisha|district=Odisha Demo District 4|sector=Health context; strongest metric progress_report_count; signed robust z 22.933.,False,True,True,False,False,False,False
W-002512,COMPLETION,52.650434,HIGH,879,830,100,COMPLIANCE,32.0,Strongest actionable compliance result REVIEW/STRONG_WARNING under rule MPLADS-11.2-COMPLETION-UC.,PAYMENT_EXECUTION,11.15369,Capped payment/execution family: payment severity score 0.0; positive fund-progress score 55.768; persistence boost 10 points.,OPERATIONAL_TREND_CONTEXT,7.372263,state_name=Andhra Pradesh|district=Andhra Pradesh Demo District 4|sector=Education context; strongest metric progress_report_count; signed robust z 17.537.,False,True,True,False,False,False,False
W-002094,COMPLETION,52.643117,HIGH,880,831,100,COMPLIANCE,32.0,Strongest actionable compliance result REVIEW/STRONG_WARNING under rule MPLADS-11.2-COMPLETION-UC.,PAYMENT_EXECUTION,11.058903,Capped payment/execution family: payment severity score 0.0; positive fund-progress score 55.295; persistence boost 10 points.,OPERATIONAL_TREND_CONTEXT,5.036496,state_name=Rajasthan|district=Rajasthan Demo District 1|sector=Education context; strongest metric progress_report_count; signed robust z 10.792.,False,True,True,False,False,False,False
W-001889,COMPLETION,52.617258,HIGH,881,832,100,COMPLIANCE,32.0,Strongest actionable compliance result REVIEW/STRONG_WARNING under rule MPLADS-11.2-COMPLETION-UC.,PAYMENT_EXECUTION,12.0,Capped payment/execution family: payment severity score 60.0; positive fund-progress score 10.000; persistence boost 10 points.,ANOMALY,6.609959,Within-lifecycle statistical unusualness percentile 82.624; not a probability.,False,True,True,False,False,False,False
W-002086,COMPLETION,52.614508,HIGH,882,833,100,COMPLIANCE,32.0,Strongest actionable compliance result REVIEW/STRONG_WARNING under rule MPLADS-11.2-COMPLETION-UC.,PAYMENT_EXECUTION,9.979689,Capped payment/execution family: payment severity score 0.0; positive fund-progress score 49.898; persistence boost 0 points.,ANOMALY,6.946058,Within-lifecycle statistical unusualness percentile 86.826; not a probability.,False,True,True,False,False,False,False
W-000365,COMPLETION,52.610261,HIGH,883,834,100,COMPLIANCE,32.0,Strongest actionable compliance result REVIEW/STRONG_WARNING under rule MPLADS-11.2-COMPLETION-UC.,PAYMENT_EXECUTION,12.0,Capped payment/execution family: payment severity score 60.0; positive fund-progress score 41.144; persistence boost 10 points.,OPERATIONAL_TREND_CONTEXT,6.058394,state_name=Telangana|district=Telangana Demo District 1 context; strongest metric progress_report_count; signed robust z 13.153.,False,True,True,False,False,False,False
W-001905,COMPLETION,52.608675,HIGH,884,835,100,COMPLIANCE,32.0,Strongest actionable compliance result REVIEW/STRONG_WARNING under rule MPLADS-11.2-COMPLETION-UC.,PAYMENT_EXECUTION,13.509817,Capped payment/execution family: payment severity score 0.0; positive fund-progress score 67.549; persistence boost 10 points.,ANOMALY,5.639004,Within-lifecycle statistical unusualness percentile 70.488; not a probability.,False,True,True,False,False,False,False
W-000424,COMPLETION,52.59642,HIGH,885,836,100,COMPLIANCE,32.0,Strongest actionable compliance result REVIEW/STRONG_WARNING under rule MPLADS-11.2-COMPLETION-UC.,PAYMENT_EXECUTION,12.0,Capped payment/execution family: payment severity score 60.0; positive fund-progress score 0.000; persistence boost 0 points.,ANOMALY,6.406639,Within-lifecycle statistical unusualness percentile 80.083; not a probability.,False,True,True,False,False,False,False
W-002825,COMPLETION,52.568389,HIGH,886,837,100,COMPLIANCE,32.0,Strongest actionable compliance result REVIEW/STRONG_WARNING under rule MPLADS-11.2-COMPLETION-UC.,PAYMENT_EXECUTION,12.0,Capped payment/execution family: payment severity score 60.0; positive fund-progress score 10.000; persistence boost 10 points.,ANOMALY,5.082988,Within-lifecycle statistical unusualness percentile 63.537; not a probability.,False,True,True,False,False,False,False
W-001771,COMPLETION,52.557576,HIGH,887,838,100,COMPLIANCE,32.0,Strongest actionable compliance result REVIEW/STRONG_WARNING under rule MPLADS-11.2-COMPLETION-UC.,PAYMENT_EXECUTION,12.0,Capped payment/execution family: payment severity score 60.0; positive fund-progress score 25.504; persistence boost 10 points.,OPERATIONAL_TREND_CONTEXT,5.20073,state_name=Maharashtra|district=Maharashtra Demo District 1|sector=Sanitation context; strongest metric progress_report_count; signed robust z 11.129.,False,True,True,False,False,False,False
W-001780,COMPLETION,52.541448,HIGH,888,839,100,COMPLIANCE,32.0,Strongest actionable compliance result REVIEW/STRONG_WARNING under rule MPLADS-11.2-COMPLETION-UC.,PAYMENT_EXECUTION,12.0,Capped payment/execution family: payment severity score 60.0; positive fund-progress score 0.000; persistence boost 0 points.,OPERATIONAL_TREND_CONTEXT,7.591241,state_name=Maharashtra|district=Maharashtra Demo District 3|sector=Renewable Energy context; strongest metric progress_report_count; signed robust z 18.212.,False,True,True,False,False,False,False
W-000306,COMPLETION,52.541279,HIGH,889,840,100,COMPLIANCE,32.0,Strongest actionable compliance result REVIEW/STRONG_WARNING under rule MPLADS-11.2-COMPLETION-UC.,PAYMENT_EXECUTION,9.339201,Capped payment/execution family: payment severity score 0.0; positive fund-progress score 46.696; persistence boost 10 points.,OPERATIONAL_TREND_CONTEXT,9.160584,state_name=Maharashtra|district=Maharashtra Demo District 1|sector=Community Infrastructure context; strongest metric progress_report_count; signed robust z 30.352.,False,True,True,False,False,False,False
W-002968,COMPLETION,52.538571,HIGH,890,841,100,COMPLIANCE,32.0,Strongest actionable compliance result REVIEW/STRONG_WARNING under rule MPLADS-11.2-COMPLETION-UC.,PAYMENT_EXECUTION,12.0,Capped payment/execution family: payment severity score 60.0; positive fund-progress score 10.000; persistence boost 10 points.,OPERATIONAL_TREND_CONTEXT,5.036496,state_name=Maharashtra|district=Maharashtra Demo District 4 context; strongest metric released_payment_count; signed robust z 10.792.,False,True,True,False,False,False,False
W-001596,COMPLETION,52.537221,HIGH,891,842,100,COMPLIANCE,32.0,Strongest actionable compliance result REVIEW/STRONG_WARNING under rule MPLADS-11.2-COMPLETION-UC.,PAYMENT_EXECUTION,11.97021,Capped payment/execution family: payment severity score 0.0; positive fund-progress score 59.851; persistence boost 0 points.,OPERATIONAL_TREND_CONTEXT,7.919708,state_name=Maharashtra|district=Maharashtra Demo District 1|sector=Renewable Energy context; strongest metric progress_report_count; signed robust z 19.561.,False,True,True,False,False,False,False
W-001199,COMPLETION,52.530782,HIGH,892,843,100,COMPLIANCE,32.0,Strongest actionable compliance result REVIEW/STRONG_WARNING under rule MPLADS-11.2-COMPLETION-UC.,PAYMENT_EXECUTION,14.272173,Capped payment/execution family: payment severity score 0.0; positive fund-progress score 71.361; persistence boost 0 points.,OPERATIONAL_TREND_CONTEXT,3.959854,state_name=Rajasthan|district=Rajasthan Demo District 1|sector=Renewable Energy context; strongest metric progress_report_count; signed robust z 8.768.,False,True,True,False,False,False,False
W-000966,COMPLETION,52.527364,HIGH,893,844,100,COMPLIANCE,32.0,Strongest actionable compliance result REVIEW/STRONG_WARNING under rule MPLADS-11.2-COMPLETION-UC.,PAYMENT_EXECUTION,12.0,Capped payment/execution family: payment severity score 60.0; positive fund-progress score 10.000; persistence boost 10 points.,OPERATIONAL_TREND_CONTEXT,5.875912,state_name=Telangana|district=Telangana Demo District 3|sector=Sports context; strongest metric progress_report_count; signed robust z 12.816.,False,True,True,False,False,False,False
W-001041,COMPLETION,52.514033,HIGH,894,845,100,COMPLIANCE,32.0,Strongest actionable compliance result REVIEW/STRONG_WARNING under rule MPLADS-11.2-COMPLETION-UC.,PAYMENT_EXECUTION,15.033175,Capped payment/execution family: payment severity score 60.0; positive fund-progress score 75.166; persistence boost 10 points.,ANOMALY,2.871369,Within-lifecycle statistical unusualness percentile 35.892; not a probability.,False,True,True,False,False,False,False
W-002629,COMPLETION,52.512403,HIGH,895,846,100,COMPLIANCE,32.0,Strongest actionable compliance result REVIEW/STRONG_WARNING under rule MPLADS-11.2-COMPLETION-UC.,PAYMENT_EXECUTION,12.0,Capped payment/execution family: payment severity score 60.0; positive fund-progress score 14.083; persistence boost 0 points.,OPERATIONAL_TREND_CONTEXT,7.591241,state_name=Telangana|district=Telangana Demo District 2|sector=Education context; strongest metric progress_report_count; signed robust z 18.212.,False,True,True,False,False,False,False
W-002651,COMPLETION,52.502659,HIGH,896,847,100,COMPLIANCE,32.0,Strongest actionable compliance result REVIEW/STRONG_WARNING under rule MPLADS-11.2-COMPLETION-UC.,PAYMENT_EXECUTION,10.476642,Capped payment/execution family: payment severity score 0.0; positive fund-progress score 52.383; persistence boost 10 points.,OPERATIONAL_TREND_CONTEXT,9.416058,state_name=Andhra Pradesh|district=Andhra Pradesh Demo District 2|sector=Renewable Energy context; strongest metric progress_report_count; signed robust z 33.050.,False,True,True,False,False,False,False
W-000854,COMPLETION,52.494475,HIGH,897,848,100,COMPLIANCE,32.0,Strongest actionable compliance result REVIEW/STRONG_WARNING under rule MPLADS-11.2-COMPLETION-UC.,PAYMENT_EXECUTION,13.171293,Capped payment/execution family: payment severity score 0.0; positive fund-progress score 65.856; persistence boost 10 points.,ANOMALY,4.713693,Within-lifecycle statistical unusualness percentile 58.921; not a probability.,False,True,True,False,False,False,False
W-000227,COMPLETION,52.462337,HIGH,898,849,100,COMPLIANCE,32.0,Strongest actionable compliance result REVIEW/STRONG_WARNING under rule MPLADS-11.2-COMPLETION-UC.,PAYMENT_EXECUTION,12.0,Capped payment/execution family: payment severity score 60.0; positive fund-progress score 13.067; persistence boost 0 points.,OPERATIONAL_TREND_CONTEXT,8.138686,state_name=Maharashtra|district=Maharashtra Demo District 1|sector=Health context; strongest metric progress_report_count; signed robust z 20.910.,False,True,True,False,False,False,False
W-000218,COMPLETION,52.448678,HIGH,899,850,100,COMPLIANCE,32.0,Strongest actionable compliance result REVIEW/STRONG_WARNING under rule MPLADS-11.2-COMPLETION-UC.,PAYMENT_EXECUTION,12.088016,Capped payment/execution family: payment severity score 60.0; positive fund-progress score 60.440; persistence boost 10 points.,ANOMALY,6.024896,Within-lifecycle statistical unusualness percentile 75.311; not a probability.,False,True,True,False,False,False,False
W-001377,COMPLETION,52.448435,HIGH,900,851,100,COMPLIANCE,32.0,Strongest actionable compliance result REVIEW/STRONG_WARNING under rule MPLADS-11.2-COMPLETION-UC.,PAYMENT_EXECUTION,12.0,Capped payment/execution family: payment severity score 60.0; positive fund-progress score 10.000; persistence boost 10 points.,OPERATIONAL_TREND_CONTEXT,6.058394,state_name=Telangana|district=Telangana Demo District 1 context; strongest metric progress_report_count; signed robust z 13.153.,False,True,True,False,False,False,False
W-001522,COMPLETION,52.443833,HIGH,901,852,100,COMPLIANCE,32.0,Strongest actionable compliance result REVIEW/STRONG_WARNING under rule MPLADS-11.2-COMPLETION-UC.,PAYMENT_EXECUTION,10.273527,Capped payment/execution family: payment severity score 0.0; positive fund-progress score 51.368; persistence boost 10 points.,ANOMALY,5.53527,Within-lifecycle statistical unusualness percentile 69.191; not a probability.,False,True,True,False,False,False,False
W-001614,COMPLETION,52.44214,HIGH,902,853,100,COMPLIANCE,32.0,Strongest actionable compliance result REVIEW/STRONG_WARNING under rule MPLADS-11.2-COMPLETION-UC.,OPERATIONAL_TREND_CONTEXT,9.051095,state_name=Andhra Pradesh|district=Andhra Pradesh Demo District 3 context; strongest metric progress_report_count; signed robust z 29.172.,PAYMENT_EXECUTION,7.308057,Capped payment/execution family: payment severity score 0.0; positive fund-progress score 36.540; persistence boost 10 points.,False,True,True,False,False,False,False
W-000579,COMPLETION,52.439547,HIGH,903,854,100,COMPLIANCE,32.0,Strongest actionable compliance result REVIEW/STRONG_WARNING under rule MPLADS-11.2-COMPLETION-UC.,PAYMENT_EXECUTION,12.0,Capped payment/execution family: payment severity score 60.0; positive fund-progress score 10.000; persistence boost 10 points.,OPERATIONAL_TREND_CONTEXT,7.244526,state_name=Odisha|district=Odisha Demo District 1|sector=Roads & Bridges context; strongest metric progress_report_count; signed robust z 16.863.,False,True,True,False,False,False,False
W-002467,COMPLETION,52.424479,HIGH,904,855,100,COMPLIANCE,32.0,Strongest actionable compliance result REVIEW/STRONG_WARNING under rule MPLADS-11.2-COMPLETION-UC.,OPERATIONAL_TREND_CONTEXT,9.233577,state_name=Odisha|district=Odisha Demo District 3 context; strongest metric progress_report_count; signed robust z 31.196.,PAYMENT_EXECUTION,5.80501,Capped payment/execution family: payment severity score 0.0; positive fund-progress score 29.025; persistence boost 10 points.,False,True,True,False,False,False,False
W-001796,COMPLETION,52.415049,HIGH,905,856,100,COMPLIANCE,32.0,Strongest actionable compliance result REVIEW/STRONG_WARNING under rule MPLADS-11.2-COMPLETION-UC.,PAYMENT_EXECUTION,11.532837,Capped payment/execution family: payment severity score 0.0; positive fund-progress score 57.664; persistence boost 10 points.,OPERATIONAL_TREND_CONTEXT,4.890511,state_name=Maharashtra|district=Maharashtra Demo District 4|sector=Sports context; strongest metric progress_report_count; signed robust z 10.192.,False,True,True,False,False,False,False
W-001883,COMPLETION,52.40735,HIGH,906,857,100,COMPLIANCE,32.0,Strongest actionable compliance result REVIEW/STRONG_WARNING under rule MPLADS-11.2-COMPLETION-UC.,PAYMENT_EXECUTION,12.494245,Capped payment/execution family: payment severity score 60.0; positive fund-progress score 62.471; persistence boost 10 points.,OPERATIONAL_TREND_CONTEXT,7.846715,state_name=Andhra Pradesh|district=Andhra Pradesh Demo District 2 context; strongest metric progress_report_count; signed robust z 18.802.,False,True,True,False,False,False,False
W-001265,EXECUTION,52.403399,HIGH,907,50,100,OBSERVED_CONDITIONS,15.97786,"Observed overdue=True (days=551.0, score=79.889); observed over sanction=False (overrun_pct=0.0, score=0.000).",PAYMENT_EXECUTION,15.0,Capped payment/execution family: payment severity score 60.0; positive fund-progress score 0.000; persistence boost 0 points.,ANOMALY,9.2375,Within-lifecycle statistical unusualness percentile 92.375; not a probability.,False,True,False,False,True,False,True
W-001035,COMPLETION,52.385059,HIGH,908,858,100,COMPLIANCE,32.0,Strongest actionable compliance result REVIEW/STRONG_WARNING under rule MPLADS-11.2-COMPLETION-UC.,PAYMENT_EXECUTION,12.0,Capped payment/execution family: payment severity score 60.0; positive fund-progress score 10.000; persistence boost 10 points.,ANOMALY,5.045643,Within-lifecycle statistical unusualness percentile 63.071; not a probability.,False,True,True,False,False,False,False
W-000248,COMPLETION,52.34464,HIGH,909,859,100,COMPLIANCE,32.0,Strongest actionable compliance result REVIEW/STRONG_WARNING under rule MPLADS-11.2-COMPLETION-UC.,PAYMENT_EXECUTION,12.0,Capped payment/execution family: payment severity score 60.0; positive fund-progress score 36.608; persistence boost 10 points.,OPERATIONAL_TREND_CONTEXT,7.846715,state_name=Andhra Pradesh|district=Andhra Pradesh Demo District 2 context; strongest metric progress_report_count; signed robust z 18.802.,False,True,True,False,False,False,False
W-002529,EXECUTION,52.339715,HIGH,910,51,100,OBSERVED_CONDITIONS,18.00738,"Observed overdue=True (days=737.0, score=90.037); observed over sanction=False (overrun_pct=0.0, score=0.000).",PAYMENT_EXECUTION,15.0,Capped payment/execution family: payment severity score 60.0; positive fund-progress score 10.000; persistence boost 10 points.,PEER_DEVIATION,7.544379,2 peer-outlier metric(s); strongest days_since_last_payment_as_of has absolute robust deviation 14.911.,False,True,False,False,True,False,True
W-002397,COMPLETION,52.336079,HIGH,911,860,100,COMPLIANCE,32.0,Strongest actionable compliance result REVIEW/STRONG_WARNING under rule MPLADS-11.2-COMPLETION-UC.,PAYMENT_EXECUTION,12.467163,Capped payment/execution family: payment severity score 0.0; positive fund-progress score 62.336; persistence boost 10 points.,OPERATIONAL_TREND_CONTEXT,4.927007,state_name=Karnataka|district=Karnataka Demo District 4|sector=Drinking Water context; strongest metric progress_report_count; signed robust z 10.455.,False,True,True,False,False,False,False
W-001781,COMPLETION,52.335267,HIGH,912,861,100,COMPLIANCE,32.0,Strongest actionable compliance result REVIEW/STRONG_WARNING under rule MPLADS-11.2-COMPLETION-UC.,PAYMENT_EXECUTION,12.0,Capped payment/execution family: payment severity score 60.0; positive fund-progress score 10.000; persistence boost 10 points.,ANOMALY,4.995851,Within-lifecycle statistical unusualness percentile 62.448; not a probability.,False,True,True,False,False,False,False
W-001310,COMPLETION,52.330981,HIGH,913,862,100,COMPLIANCE,32.0,Strongest actionable compliance result REVIEW/STRONG_WARNING under rule MPLADS-11.2-COMPLETION-UC.,PAYMENT_EXECUTION,12.0,Capped payment/execution family: payment severity score 60.0; positive fund-progress score 0.000; persistence boost 0 points.,ANOMALY,4.717842,Within-lifecycle statistical unusualness percentile 58.973; not a probability.,False,True,True,False,False,False,False
W-000234,COMPLETION,52.316463,HIGH,914,863,100,COMPLIANCE,32.0,Strongest actionable compliance result REVIEW/STRONG_WARNING under rule MPLADS-11.2-COMPLETION-UC.,PAYMENT_EXECUTION,12.602573,Capped payment/execution family: payment severity score 0.0; positive fund-progress score 63.013; persistence boost 10 points.,ANOMALY,4.775934,Within-lifecycle statistical unusualness percentile 59.699; not a probability.,False,True,True,False,False,False,False
W-002943,COMPLETION,52.303041,HIGH,915,864,100,COMPLIANCE,32.0,Strongest actionable compliance result REVIEW/STRONG_WARNING under rule MPLADS-11.2-COMPLETION-UC.,OPERATIONAL_TREND_CONTEXT,8.99635,state_name=Telangana|district=Telangana Demo District 2|sector=Renewable Energy context; strongest metric progress_report_count; signed robust z 29.003.,PAYMENT_EXECUTION,6.468517,Capped payment/execution family: payment severity score 0.0; positive fund-progress score 32.343; persistence boost 10 points.,False,True,True,False,False,False,False
W-001163,COMPLETION,52.300439,HIGH,916,865,100,COMPLIANCE,32.0,Strongest actionable compliance result REVIEW/STRONG_WARNING under rule MPLADS-11.2-COMPLETION-UC.,OPERATIONAL_TREND_CONTEXT,7.974453,state_name=Karnataka|district=Karnataka Demo District 4|sector=Sports context; strongest metric progress_report_count; signed robust z 20.235.,PAYMENT_EXECUTION,7.63304,Capped payment/execution family: payment severity score 0.0; positive fund-progress score 38.165; persistence boost 10 points.,False,True,True,False,False,False,False
W-000569,COMPLETION,52.299945,HIGH,917,866,100,COMPLIANCE,32.0,Strongest actionable compliance result REVIEW/STRONG_WARNING under rule MPLADS-11.2-COMPLETION-UC.,PAYMENT_EXECUTION,9.031821,Capped payment/execution family: payment severity score 0.0; positive fund-progress score 45.159; persistence boost 0 points.,OPERATIONAL_TREND_CONTEXT,5.036496,state_name=Andhra Pradesh|district=Andhra Pradesh Demo District 4|sector=Drinking Water context; strongest metric progress_report_count; signed robust z 10.792.,False,True,True,False,False,False,False
W-001212,EXECUTION,52.293746,HIGH,918,52,100,OBSERVED_CONDITIONS,19.206642,"Observed overdue=True (days=860.0, score=96.033); observed over sanction=False (overrun_pct=0.0, score=0.000).",PAYMENT_EXECUTION,15.0,Capped payment/execution family: payment severity score 60.0; positive fund-progress score 10.000; persistence boost 10 points.,PEER_DEVIATION,8.313609,2 peer-outlier metric(s); strongest days_since_last_payment_as_of has absolute robust deviation 17.648.,False,True,False,False,True,False,True
W-001258,COMPLETION,52.279578,HIGH,919,867,100,COMPLIANCE,32.0,Strongest actionable compliance result REVIEW/STRONG_WARNING under rule MPLADS-11.2-COMPLETION-UC.,PAYMENT_EXECUTION,15.033175,Capped payment/execution family: payment severity score 0.0; positive fund-progress score 75.166; persistence boost 10 points.,ANOMALY,3.439834,Within-lifecycle statistical unusualness percentile 42.998; not a probability.,False,True,True,False,False,False,False
W-002378,COMPLETION,52.273208,HIGH,920,868,100,COMPLIANCE,32.0,Strongest actionable compliance result REVIEW/STRONG_WARNING under rule MPLADS-11.2-COMPLETION-UC.,PAYMENT_EXECUTION,12.0,Capped payment/execution family: payment severity score 60.0; positive fund-progress score 0.000; persistence boost 0 points.,OPERATIONAL_TREND_CONTEXT,7.974453,state_name=Telangana|district=Telangana Demo District 3|sector=Sanitation context; strongest metric progress_report_count; signed robust z 20.235.,False,True,True,False,False,False,False
W-002513,COMPLETION,52.261778,HIGH,921,869,100,COMPLIANCE,32.0,Strongest actionable compliance result REVIEW/STRONG_WARNING under rule MPLADS-11.2-COMPLETION-UC.,PAYMENT_EXECUTION,12.25457,Capped payment/execution family: payment severity score 60.0; positive fund-progress score 61.273; persistence boost 0 points.,OPERATIONAL_TREND_CONTEXT,7.189781,state_name=Rajasthan|district=Rajasthan Demo District 4 context; strongest metric progress_report_count; signed robust z 16.778.,False,True,True,False,False,False,False
W-000014,COMPLETION,52.255672,HIGH,922,870,100,COMPLIANCE,32.0,Strongest actionable compliance result REVIEW/STRONG_WARNING under rule MPLADS-11.2-COMPLETION-UC.,PAYMENT_EXECUTION,12.0,Capped payment/execution family: payment severity score 60.0; positive fund-progress score 19.567; persistence boost 0 points.,OPERATIONAL_TREND_CONTEXT,8.193431,state_name=Telangana|district=Telangana Demo District 1|sector=Sanitation context; strongest metric progress_report_count; signed robust z 21.584.,False,True,True,False,False,False,False
W-002599,COMPLETION,52.247372,HIGH,923,871,100,COMPLIANCE,32.0,Strongest actionable compliance result REVIEW/STRONG_WARNING under rule MPLADS-11.2-COMPLETION-UC.,OPERATIONAL_TREND_CONTEXT,9.890511,state_name=Maharashtra|district=Maharashtra Demo District 2 context; strongest metric progress_report_count; signed robust z 59.356.,PAYMENT_EXECUTION,5.547732,Capped payment/execution family: payment severity score 0.0; positive fund-progress score 27.739; persistence boost 10 points.,False,True,True,False,False,False,False
W-002025,COMPLETION,52.246403,HIGH,924,872,100,COMPLIANCE,32.0,Strongest actionable compliance result REVIEW/STRONG_WARNING under rule MPLADS-11.2-COMPLETION-UC.,PAYMENT_EXECUTION,12.0,Capped payment/execution family: payment severity score 60.0; positive fund-progress score 10.000; persistence boost 10 points.,ANOMALY,6.439834,Within-lifecycle statistical unusualness percentile 80.498; not a probability.,False,True,True,False,False,False,False
W-000977,COMPLETION,52.240596,HIGH,925,873,100,COMPLIANCE,32.0,Strongest actionable compliance result REVIEW/STRONG_WARNING under rule MPLADS-11.2-COMPLETION-UC.,PAYMENT_EXECUTION,11.465132,Capped payment/execution family: payment severity score 0.0; positive fund-progress score 57.326; persistence boost 10 points.,ANOMALY,6.165975,Within-lifecycle statistical unusualness percentile 77.075; not a probability.,False,True,True,False,False,False,False
W-002621,COMPLETION,52.226646,HIGH,926,874,100,COMPLIANCE,32.0,Strongest actionable compliance result REVIEW/STRONG_WARNING under rule MPLADS-11.2-COMPLETION-UC.,OPERATIONAL_TREND_CONTEXT,8.722628,state_name=Telangana|district=Telangana Demo District 3 context; strongest metric progress_report_count; signed robust z 25.766.,ANOMALY,6.497925,Within-lifecycle statistical unusualness percentile 81.224; not a probability.,False,True,True,False,False,False,False
W-002712,COMPLETION,52.204667,HIGH,927,875,100,COMPLIANCE,32.0,Strongest actionable compliance result REVIEW/STRONG_WARNING under rule MPLADS-11.2-COMPLETION-UC.,PAYMENT_EXECUTION,12.0,Capped payment/execution family: payment severity score 60.0; positive fund-progress score 10.000; persistence boost 10 points.,ANOMALY,4.244813,Within-lifecycle statistical unusualness percentile 53.060; not a probability.,False,True,True,False,False,False,False
W-002785,COMPLETION,52.194903,HIGH,928,876,100,COMPLIANCE,32.0,Strongest actionable compliance result REVIEW/STRONG_WARNING under rule MPLADS-11.2-COMPLETION-UC.,PAYMENT_EXECUTION,12.0,Capped payment/execution family: payment severity score 60.0; positive fund-progress score 11.036; persistence boost 0 points.,ANOMALY,5.033195,Within-lifecycle statistical unusualness percentile 62.915; not a probability.,False,True,True,False,False,False,False
W-001668,COMPLETION,52.193158,HIGH,929,877,100,COMPLIANCE,32.0,Strongest actionable compliance result REVIEW/STRONG_WARNING under rule MPLADS-11.2-COMPLETION-UC.,PAYMENT_EXECUTION,12.0,Capped payment/execution family: payment severity score 60.0; positive fund-progress score 10.000; persistence boost 10 points.,ANOMALY,4.452282,Within-lifecycle statistical unusualness percentile 55.654; not a probability.,False,True,True,False,False,False,False
W-001917,COMPLETION,52.178019,HIGH,930,878,100,COMPLIANCE,32.0,Strongest actionable compliance result REVIEW/STRONG_WARNING under rule MPLADS-11.2-COMPLETION-UC.,ANOMALY,7.248963,Within-lifecycle statistical unusualness percentile 90.612; not a probability.,OPERATIONAL_TREND_CONTEXT,6.952555,state_name=Odisha|district=Odisha Demo District 1|sector=Education context; strongest metric progress_report_count; signed robust z 15.514.,False,False,True,False,False,False,False
W-001538,COMPLETION,52.168544,HIGH,931,879,100,COMPLIANCE,32.0,Strongest actionable compliance result REVIEW/STRONG_WARNING under rule MPLADS-11.2-COMPLETION-UC.,PAYMENT_EXECUTION,13.52742,Capped payment/execution family: payment severity score 0.0; positive fund-progress score 67.637; persistence boost 0 points.,ANOMALY,4.232365,Within-lifecycle statistical unusualness percentile 52.905; not a probability.,False,True,True,False,False,False,False
W-000687,COMPLETION,52.147489,HIGH,932,880,100,COMPLIANCE,32.0,Strongest actionable compliance result REVIEW/STRONG_WARNING under rule MPLADS-11.2-COMPLETION-UC.,PAYMENT_EXECUTION,17.477319,Capped payment/execution family: payment severity score 0.0; positive fund-progress score 87.387; persistence boost 10 points.,OPERATIONAL_TREND_CONTEXT,2.408759,state_name=Odisha|district=Odisha Demo District 2|sector=Sports context; strongest metric progress_report_count; signed robust z 6.295.,False,True,True,False,False,False,False
W-001718,COMPLETION,52.141321,HIGH,933,881,100,COMPLIANCE,32.0,Strongest actionable compliance result REVIEW/STRONG_WARNING under rule MPLADS-11.2-COMPLETION-UC.,PAYMENT_EXECUTION,12.0,Capped payment/execution family: payment severity score 60.0; positive fund-progress score 0.000; persistence boost 0 points.,OPERATIONAL_TREND_CONTEXT,7.846715,state_name=Andhra Pradesh|district=Andhra Pradesh Demo District 2 context; strongest metric progress_report_count; signed robust z 18.802.,False,True,True,False,False,False,False
W-000948,COMPLETION,52.141003,HIGH,934,882,100,COMPLIANCE,32.0,Strongest actionable compliance result REVIEW/STRONG_WARNING under rule MPLADS-11.2-COMPLETION-UC.,PAYMENT_EXECUTION,12.0,Capped payment/execution family: payment severity score 60.0; positive fund-progress score 22.004; persistence boost 0 points.,ANOMALY,4.655602,Within-lifecycle statistical unusualness percentile 58.195; not a probability.,False,True,True,False,False,False,False
W-002948,COMPLETION,52.140745,HIGH,935,883,100,COMPLIANCE,32.0,Strongest actionable compliance result REVIEW/STRONG_WARNING under rule MPLADS-11.2-COMPLETION-UC.,PAYMENT_EXECUTION,12.0,Capped payment/execution family: payment severity score 60.0; positive fund-progress score 10.000; persistence boost 10 points.,ANOMALY,5.804979,Within-lifecycle statistical unusualness percentile 72.562; not a probability.,False,True,True,False,False,False,False
W-002047,COMPLETION,52.136642,HIGH,936,884,100,COMPLIANCE,32.0,Strongest actionable compliance result REVIEW/STRONG_WARNING under rule MPLADS-11.2-COMPLETION-UC.,PAYMENT_EXECUTION,12.0,Capped payment/execution family: payment severity score 60.0; positive fund-progress score 10.000; persistence boost 10 points.,OPERATIONAL_TREND_CONTEXT,7.244526,state_name=Odisha|district=Odisha Demo District 2|sector=Health context; strongest metric progress_report_count; signed robust z 16.863.,False,True,True,False,False,False,False
W-002391,COMPLETION,52.105731,HIGH,937,885,100,COMPLIANCE,32.0,Strongest actionable compliance result REVIEW/STRONG_WARNING under rule MPLADS-11.2-COMPLETION-UC.,OPERATIONAL_TREND_CONTEXT,8.99635,state_name=Andhra Pradesh|district=Andhra Pradesh Demo District 2|sector=Health context; strongest metric progress_report_count; signed robust z 29.003.,PAYMENT_EXECUTION,8.188219,Capped payment/execution family: payment severity score 0.0; positive fund-progress score 40.941; persistence boost 10 points.,False,True,True,False,False,False,False
W-002691,COMPLETION,52.080186,HIGH,938,886,100,COMPLIANCE,32.0,Strongest actionable compliance result REVIEW/STRONG_WARNING under rule MPLADS-11.2-COMPLETION-UC.,PAYMENT_EXECUTION,12.0,Capped payment/execution family: payment severity score 60.0; positive fund-progress score 18.213; persistence boost 0 points.,ANOMALY,4.120332,Within-lifecycle statistical unusualness percentile 51.504; not a probability.,False,True,True,False,False,False,False
W-002290,COMPLETION,52.072811,HIGH,939,887,100,COMPLIANCE,32.0,Strongest actionable compliance result REVIEW/STRONG_WARNING under rule MPLADS-11.2-COMPLETION-UC.,PAYMENT_EXECUTION,12.0,Capped payment/execution family: payment severity score 60.0; positive fund-progress score 0.000; persistence boost 0 points.,OPERATIONAL_TREND_CONTEXT,5.437956,state_name=Telangana|district=Telangana Demo District 2|sector=Drinking Water context; strongest metric progress_report_count; signed robust z 11.691.,False,True,True,False,False,False,False
W-001182,COMPLETION,52.045067,HIGH,940,888,100,COMPLIANCE,32.0,Strongest actionable compliance result REVIEW/STRONG_WARNING under rule MPLADS-11.2-COMPLETION-UC.,PAYMENT_EXECUTION,9.433988,Capped payment/execution family: payment severity score 0.0; positive fund-progress score 47.170; persistence boost 10 points.,ANOMALY,6.195021,Within-lifecycle statistical unusualness percentile 77.438; not a probability.,False,True,True,False,False,False,False
W-001443,COMPLETION,52.038181,HIGH,941,889,100,COMPLIANCE,32.0,Strongest actionable compliance result REVIEW/STRONG_WARNING under rule MPLADS-11.2-COMPLETION-UC.,PAYMENT_EXECUTION,12.0,Capped payment/execution family: payment severity score 60.0; positive fund-progress score 5.823; persistence boost 0 points.,ANOMALY,4.605809,Within-lifecycle statistical unusualness percentile 57.573; not a probability.,False,True,True,False,False,False,False
W-002401,COMPLETION,52.021768,HIGH,942,890,100,COMPLIANCE,32.0,Strongest actionable compliance result REVIEW/STRONG_WARNING under rule MPLADS-11.2-COMPLETION-UC.,PAYMENT_EXECUTION,9.207854,Capped payment/execution family: payment severity score 0.0; positive fund-progress score 46.039; persistence boost 0 points.,OPERATIONAL_TREND_CONTEXT,8.722628,state_name=Telangana|district=Telangana Demo District 3 context; strongest metric progress_report_count; signed robust z 25.766.,False,True,True,False,False,False,False
W-001774,COMPLETION,52.008207,HIGH,943,891,100,COMPLIANCE,32.0,Strongest actionable compliance result REVIEW/STRONG_WARNING under rule MPLADS-11.2-COMPLETION-UC.,PAYMENT_EXECUTION,15.531483,Capped payment/execution family: payment severity score 0.0; positive fund-progress score 77.657; persistence boost 0 points.,ANOMALY,3.564315,Within-lifecycle statistical unusualness percentile 44.554; not a probability.,False,True,True,False,False,False,False
W-002850,COMPLETION,51.995927,HIGH,944,892,100,COMPLIANCE,32.0,Strongest actionable compliance result REVIEW/STRONG_WARNING under rule MPLADS-11.2-COMPLETION-UC.,PAYMENT_EXECUTION,15.893026,Capped payment/execution family: payment severity score 60.0; positive fund-progress score 79.465; persistence boost 10 points.,OPERATIONAL_TREND_CONTEXT,3.339416,state_name=Telangana|district=Telangana Demo District 3|sector=Drinking Water context; strongest metric progress_report_count; signed robust z 7.644.,False,True,True,False,False,False,False
W-000764,COMPLETION,51.982305,HIGH,945,893,100,COMPLIANCE,32.0,Strongest actionable compliance result REVIEW/STRONG_WARNING under rule MPLADS-11.2-COMPLETION-UC.,OPERATIONAL_TREND_CONTEXT,8.686131,state_name=Rajasthan|district=Rajasthan Demo District 2 context; strongest metric progress_report_count; signed robust z 25.631.,PAYMENT_EXECUTION,5.926879,Capped payment/execution family: payment severity score 0.0; positive fund-progress score 29.634; persistence boost 10 points.,False,True,True,False,False,False,False
W-002488,COMPLETION,51.977811,HIGH,946,894,100,COMPLIANCE,32.0,Strongest actionable compliance result REVIEW/STRONG_WARNING under rule MPLADS-11.2-COMPLETION-UC.,ANOMALY,7.33195,Within-lifecycle statistical unusualness percentile 91.649; not a probability.,OPERATIONAL_TREND_CONTEXT,6.058394,state_name=Telangana|district=Telangana Demo District 1 context; strongest metric progress_report_count; signed robust z 13.153.,False,False,True,False,False,False,False
W-002987,COMPLETION,51.974359,HIGH,947,895,100,COMPLIANCE,32.0,Strongest actionable compliance result REVIEW/STRONG_WARNING under rule MPLADS-11.2-COMPLETION-UC.,PAYMENT_EXECUTION,14.241029,Capped payment/execution family: payment severity score 0.0; positive fund-progress score 71.205; persistence boost 10 points.,PEER_DEVIATION,4.770235,1 peer-outlier metric(s); strongest financial_overrun_pct_as_of has absolute robust deviation 7.360.,False,True,True,False,False,False,False
W-002439,COMPLETION,51.973537,HIGH,948,896,100,COMPLIANCE,32.0,Strongest actionable compliance result REVIEW/STRONG_WARNING under rule MPLADS-11.2-COMPLETION-UC.,OPERATIONAL_TREND_CONTEXT,7.189781,state_name=Rajasthan|district=Rajasthan Demo District 4 context; strongest metric progress_report_count; signed robust z 16.778.,PAYMENT_EXECUTION,5.998646,Capped payment/execution family: payment severity score 0.0; positive fund-progress score 29.993; persistence boost 0 points.,False,True,True,False,False,False,False
W-001876,COMPLETION,51.950657,HIGH,949,897,100,COMPLIANCE,32.0,Strongest actionable compliance result REVIEW/STRONG_WARNING under rule MPLADS-11.2-COMPLETION-UC.,PAYMENT_EXECUTION,15.924171,Capped payment/execution family: payment severity score 0.0; positive fund-progress score 79.621; persistence boost 0 points.,ANOMALY,2.219917,Within-lifecycle statistical unusualness percentile 27.749; not a probability.,False,True,True,False,False,False,False
W-001951,COMPLETION,51.936578,HIGH,950,898,100,COMPLIANCE,32.0,Strongest actionable compliance result REVIEW/STRONG_WARNING under rule MPLADS-11.2-COMPLETION-UC.,PAYMENT_EXECUTION,10.761002,Capped payment/execution family: payment severity score 0.0; positive fund-progress score 53.805; persistence boost 10 points.,OPERATIONAL_TREND_CONTEXT,9.051095,state_name=Andhra Pradesh|district=Andhra Pradesh Demo District 3 context; strongest metric progress_report_count; signed robust z 29.172.,False,True,True,False,False,False,False
W-002967,COMPLETION,51.9352,HIGH,951,899,100,COMPLIANCE,32.0,Strongest actionable compliance result REVIEW/STRONG_WARNING under rule MPLADS-11.2-COMPLETION-UC.,PAYMENT_EXECUTION,12.0,Capped payment/execution family: payment severity score 60.0; positive fund-progress score 0.000; persistence boost 0 points.,ANOMALY,6.128631,Within-lifecycle statistical unusualness percentile 76.608; not a probability.,False,True,True,False,False,False,False
W-001299,EXECUTION,51.924483,HIGH,952,53,100,PAYMENT_EXECUTION,23.155044,Capped payment/execution family: payment severity score 0.0; positive fund-progress score 92.620; persistence boost 0 points.,OBSERVED_CONDITIONS,16.315789,"Observed overdue=True (days=88.0, score=55.166); observed over sanction=True (overrun_pct=2.0257826887661143, score=81.579).",ANOMALY,7.2625,Within-lifecycle statistical unusualness percentile 72.625; not a probability.,False,True,False,False,True,True,True
W-000278,COMPLETION,51.915134,HIGH,953,900,100,COMPLIANCE,32.0,Strongest actionable compliance result REVIEW/STRONG_WARNING under rule MPLADS-11.2-COMPLETION-UC.,PAYMENT_EXECUTION,12.0,Capped payment/execution family: payment severity score 60.0; positive fund-progress score 0.000; persistence boost 0 points.,OPERATIONAL_TREND_CONTEXT,5.437956,state_name=Telangana|district=Telangana Demo District 2|sector=Drinking Water context; strongest metric progress_report_count; signed robust z 11.691.,False,True,True,False,False,False,False
W-000610,COMPLETION,51.875607,HIGH,954,901,100,COMPLIANCE,32.0,Strongest actionable compliance result REVIEW/STRONG_WARNING under rule MPLADS-11.2-COMPLETION-UC.,PAYMENT_EXECUTION,13.387949,Capped payment/execution family: payment severity score 0.0; positive fund-progress score 66.940; persistence boost 10 points.,ANOMALY,5.86722,Within-lifecycle statistical unusualness percentile 73.340; not a probability.,False,True,True,False,False,False,False
W-002710,COMPLETION,51.873537,HIGH,955,902,100,COMPLIANCE,32.0,Strongest actionable compliance result REVIEW/STRONG_WARNING under rule MPLADS-11.2-COMPLETION-UC.,OPERATIONAL_TREND_CONTEXT,8.99635,state_name=Telangana|district=Telangana Demo District 2|sector=Renewable Energy context; strongest metric progress_report_count; signed robust z 29.003.,PAYMENT_EXECUTION,5.470548,Capped payment/execution family: payment severity score 0.0; positive fund-progress score 27.353; persistence boost 0 points.,False,True,True,False,False,False,False
W-000204,COMPLETION,51.869175,HIGH,956,903,100,COMPLIANCE,32.0,Strongest actionable compliance result REVIEW/STRONG_WARNING under rule MPLADS-11.2-COMPLETION-UC.,OPERATIONAL_TREND_CONTEXT,8.029197,state_name=Odisha|district=Odisha Demo District 2 context; strongest metric progress_report_count; signed robust z 20.347.,PAYMENT_EXECUTION,7.528775,Capped payment/execution family: payment severity score 0.0; positive fund-progress score 37.644; persistence boost 0 points.,False,True,True,False,False,False,False
W-000140,COMPLETION,51.843267,HIGH,957,904,100,COMPLIANCE,32.0,Strongest actionable compliance result REVIEW/STRONG_WARNING under rule MPLADS-11.2-COMPLETION-UC.,PAYMENT_EXECUTION,11.695328,Capped payment/execution family: payment severity score 0.0; positive fund-progress score 58.477; persistence boost 10 points.,ANOMALY,6.925311,Within-lifecycle statistical unusualness percentile 86.566; not a probability.,False,True,True,False,False,False,False
W-002745,COMPLETION,51.824338,HIGH,958,905,100,COMPLIANCE,32.0,Strongest actionable compliance result REVIEW/STRONG_WARNING under rule MPLADS-11.2-COMPLETION-UC.,ANOMALY,7.286307,Within-lifecycle statistical unusualness percentile 91.079; not a probability.,PEER_DEVIATION,5.64752,2 peer-outlier metric(s); strongest sanction_to_estimate_ratio has absolute robust deviation 11.268.,False,False,True,False,False,False,False
W-000448,COMPLETION,51.82277,HIGH,959,906,100,COMPLIANCE,32.0,Strongest actionable compliance result REVIEW/STRONG_WARNING under rule MPLADS-11.2-COMPLETION-UC.,PAYMENT_EXECUTION,9.817197,Capped payment/execution family: payment severity score 0.0; positive fund-progress score 49.086; persistence boost 0 points.,OPERATIONAL_TREND_CONTEXT,5.474453,state_name=Karnataka|district=Karnataka Demo District 3|sector=Sports context; strongest metric progress_report_count; signed robust z 11.804.,False,True,True,False,False,False,False
W-002392,COMPLETION,51.813198,HIGH,960,907,100,COMPLIANCE,32.0,Strongest actionable compliance result REVIEW/STRONG_WARNING under rule MPLADS-11.2-COMPLETION-UC.,PAYMENT_EXECUTION,12.304672,Capped payment/execution family: payment severity score 60.0; positive fund-progress score 61.523; persistence boost 10 points.,OPERATIONAL_TREND_CONTEXT,7.043796,state_name=Maharashtra|district=Maharashtra Demo District 3 context; strongest metric progress_report_count; signed robust z 15.813.,False,True,True,False,False,False,False
W-001627,COMPLETION,51.812826,HIGH,961,908,100,COMPLIANCE,32.0,Strongest actionable compliance result REVIEW/STRONG_WARNING under rule MPLADS-11.2-COMPLETION-UC.,PAYMENT_EXECUTION,11.600542,Capped payment/execution family: payment severity score 0.0; positive fund-progress score 58.003; persistence boost 10 points.,OPERATIONAL_TREND_CONTEXT,5.328467,state_name=Karnataka|district=Karnataka Demo District 1|sector=Sanitation context; strongest metric progress_report_count; signed robust z 11.466.,False,True,True,False,False,False,False
W-001312,COMPLETION,51.799821,HIGH,962,909,100,COMPLIANCE,32.0,Strongest actionable compliance result REVIEW/STRONG_WARNING under rule MPLADS-11.2-COMPLETION-UC.,PAYMENT_EXECUTION,12.092079,Capped payment/execution family: payment severity score 0.0; positive fund-progress score 60.460; persistence boost 0 points.,OPERATIONAL_TREND_CONTEXT,6.952555,state_name=Maharashtra|district=Maharashtra Demo District 1|sector=Education context; strongest metric progress_report_count; signed robust z 15.514.,False,True,True,False,False,False,False
W-002834,COMPLETION,51.797674,HIGH,963,910,100,COMPLIANCE,32.0,Strongest actionable compliance result REVIEW/STRONG_WARNING under rule MPLADS-11.2-COMPLETION-UC.,PAYMENT_EXECUTION,10.832769,Capped payment/execution family: payment severity score 0.0; positive fund-progress score 54.164; persistence boost 0 points.,OPERATIONAL_TREND_CONTEXT,5.437956,state_name=Telangana|district=Telangana Demo District 2|sector=Drinking Water context; strongest metric progress_report_count; signed robust z 11.691.,False,True,True,False,False,False,False
W-001186,EXECUTION,51.79569,HIGH,964,54,100,OBSERVED_CONDITIONS,17.453875,"Observed overdue=True (days=686.0, score=87.269); observed over sanction=False (overrun_pct=0.0, score=0.000).",PAYMENT_EXECUTION,15.0,Capped payment/execution family: payment severity score 60.0; positive fund-progress score 0.000; persistence boost 0 points.,ANOMALY,7.075,Within-lifecycle statistical unusualness percentile 70.750; not a probability.,False,True,False,False,True,False,True
W-001286,COMPLETION,51.769665,HIGH,965,911,100,COMPLIANCE,32.0,Strongest actionable compliance result REVIEW/STRONG_WARNING under rule MPLADS-11.2-COMPLETION-UC.,PAYMENT_EXECUTION,13.983751,Capped payment/execution family: payment severity score 0.0; positive fund-progress score 69.919; persistence boost 10 points.,ANOMALY,4.161826,Within-lifecycle statistical unusualness percentile 52.023; not a probability.,False,True,True,False,False,False,False
W-001050,COMPLETION,51.767348,HIGH,966,912,100,COMPLIANCE,32.0,Strongest actionable compliance result REVIEW/STRONG_WARNING under rule MPLADS-11.2-COMPLETION-UC.,PAYMENT_EXECUTION,12.0,Capped payment/execution family: payment severity score 60.0; positive fund-progress score 37.420; persistence boost 10 points.,OPERATIONAL_TREND_CONTEXT,7.244526,state_name=Odisha|district=Odisha Demo District 2|sector=Health context; strongest metric progress_report_count; signed robust z 16.863.,False,True,True,False,False,False,False
W-002950,COMPLETION,51.763874,HIGH,967,913,100,COMPLIANCE,32.0,Strongest actionable compliance result REVIEW/STRONG_WARNING under rule MPLADS-11.2-COMPLETION-UC.,PAYMENT_EXECUTION,15.033175,Capped payment/execution family: payment severity score 0.0; positive fund-progress score 75.166; persistence boost 10 points.,OPERATIONAL_TREND_CONTEXT,4.178832,state_name=Maharashtra|district=Maharashtra Demo District 4|sector=Health context; strongest metric progress_report_count; signed robust z 9.106.,False,True,True,False,False,False,False
W-000247,COMPLETION,51.754706,HIGH,968,914,100,COMPLIANCE,32.0,Strongest actionable compliance result REVIEW/STRONG_WARNING under rule MPLADS-11.2-COMPLETION-UC.,OPERATIONAL_TREND_CONTEXT,8.284672,state_name=Rajasthan|district=Rajasthan Demo District 1 context; strongest metric progress_report_count; signed robust z 22.146.,PAYMENT_EXECUTION,7.623561,Capped payment/execution family: payment severity score 0.0; positive fund-progress score 38.118; persistence boost 0 points.,False,True,True,False,False,False,False
W-000483,COMPLETION,51.733591,HIGH,969,915,100,COMPLIANCE,32.0,Strongest actionable compliance result REVIEW/STRONG_WARNING under rule MPLADS-11.2-COMPLETION-UC.,PAYMENT_EXECUTION,12.0,Capped payment/execution family: payment severity score 60.0; positive fund-progress score 40.467; persistence boost 10 points.,OPERATIONAL_TREND_CONTEXT,5.036496,state_name=Andhra Pradesh|district=Andhra Pradesh Demo District 4|sector=Drinking Water context; strongest metric progress_report_count; signed robust z 10.792.,False,True,True,False,False,False,False
W-002609,COMPLETION,51.732671,HIGH,970,916,100,COMPLIANCE,32.0,Strongest actionable compliance result REVIEW/STRONG_WARNING under rule MPLADS-11.2-COMPLETION-UC.,PAYMENT_EXECUTION,15.721056,Capped payment/execution family: payment severity score 0.0; positive fund-progress score 78.605; persistence boost 0 points.,OPERATIONAL_TREND_CONTEXT,3.339416,state_name=Telangana|district=Telangana Demo District 3|sector=Drinking Water context; strongest metric progress_report_count; signed robust z 7.644.,False,True,True,False,False,False,False
W-002931,COMPLETION,51.721286,HIGH,971,917,100,COMPLIANCE,32.0,Strongest actionable compliance result REVIEW/STRONG_WARNING under rule MPLADS-11.2-COMPLETION-UC.,PAYMENT_EXECUTION,14.349357,Capped payment/execution family: payment severity score 0.0; positive fund-progress score 71.747; persistence boost 10 points.,OPERATIONAL_TREND_CONTEXT,4.708029,state_name=Telangana|district=Telangana Demo District 4|sector=Health context; strongest metric progress_report_count; signed robust z 9.893.,False,True,True,False,False,False,False
W-001470,COMPLETION,51.70059,HIGH,972,918,100,COMPLIANCE,32.0,Strongest actionable compliance result REVIEW/STRONG_WARNING under rule MPLADS-11.2-COMPLETION-UC.,PAYMENT_EXECUTION,15.274204,Capped payment/execution family: payment severity score 60.0; positive fund-progress score 76.371; persistence boost 0 points.,ANOMALY,2.419087,Within-lifecycle statistical unusualness percentile 30.239; not a probability.,False,True,True,False,False,False,False
W-000513,COMPLETION,51.695248,HIGH,973,919,100,COMPLIANCE,32.0,Strongest actionable compliance result REVIEW/STRONG_WARNING under rule MPLADS-11.2-COMPLETION-UC.,PAYMENT_EXECUTION,12.0,Capped payment/execution family: payment severity score 60.0; positive fund-progress score 34.733; persistence boost 0 points.,OPERATIONAL_TREND_CONTEXT,7.043796,state_name=Maharashtra|district=Maharashtra Demo District 3 context; strongest metric progress_report_count; signed robust z 15.813.,False,True,True,False,False,False,False
W-000463,COMPLETION,51.661985,HIGH,974,920,100,COMPLIANCE,32.0,Strongest actionable compliance result REVIEW/STRONG_WARNING under rule MPLADS-11.2-COMPLETION-UC.,PAYMENT_EXECUTION,8.90589,Capped payment/execution family: payment severity score 0.0; positive fund-progress score 44.529; persistence boost 10 points.,ANOMALY,7.580913,Within-lifecycle statistical unusualness percentile 94.761; not a probability.,False,True,True,False,False,False,False
W-000259,COMPLETION,51.653214,HIGH,975,921,100,COMPLIANCE,32.0,Strongest actionable compliance result REVIEW/STRONG_WARNING under rule MPLADS-11.2-COMPLETION-UC.,PAYMENT_EXECUTION,11.654705,Capped payment/execution family: payment severity score 0.0; positive fund-progress score 58.274; persistence boost 10 points.,OPERATIONAL_TREND_CONTEXT,5.875912,state_name=Telangana|district=Telangana Demo District 4|sector=Drinking Water context; strongest metric progress_report_count; signed robust z 12.816.,False,True,True,False,False,False,False
W-000100,COMPLETION,51.637781,HIGH,976,922,100,COMPLIANCE,32.0,Strongest actionable compliance result REVIEW/STRONG_WARNING under rule MPLADS-11.2-COMPLETION-UC.,ANOMALY,7.6639,Within-lifecycle statistical unusualness percentile 95.799; not a probability.,PEER_DEVIATION,6.634465,2 peer-outlier metric(s); strongest sanction_to_estimate_ratio has absolute robust deviation 19.232.,False,False,True,False,False,False,False
W-002880,COMPLETION,51.634908,HIGH,977,923,100,COMPLIANCE,32.0,Strongest actionable compliance result REVIEW/STRONG_WARNING under rule MPLADS-11.2-COMPLETION-UC.,OPERATIONAL_TREND_CONTEXT,9.416058,state_name=Andhra Pradesh|district=Andhra Pradesh Demo District 2|sector=Renewable Energy context; strongest metric progress_report_count; signed robust z 33.050.,ANOMALY,6.107884,Within-lifecycle statistical unusualness percentile 76.349; not a probability.,False,False,True,False,False,False,False
W-000337,COMPLETION,51.599449,HIGH,978,924,100,COMPLIANCE,32.0,Strongest actionable compliance result REVIEW/STRONG_WARNING under rule MPLADS-11.2-COMPLETION-UC.,PAYMENT_EXECUTION,12.0,Capped payment/execution family: payment severity score 60.0; positive fund-progress score 36.899; persistence boost 0 points.,ANOMALY,4.825726,Within-lifecycle statistical unusualness percentile 60.322; not a probability.,False,True,True,False,False,False,False
W-000318,COMPLETION,51.588121,HIGH,979,925,100,COMPLIANCE,32.0,Strongest actionable compliance result REVIEW/STRONG_WARNING under rule MPLADS-11.2-COMPLETION-UC.,PAYMENT_EXECUTION,12.0,Capped payment/execution family: payment severity score 60.0; positive fund-progress score 59.221; persistence boost 10 points.,OPERATIONAL_TREND_CONTEXT,7.189781,state_name=Rajasthan|district=Rajasthan Demo District 4 context; strongest metric progress_report_count; signed robust z 16.778.,False,True,True,False,False,False,False
W-000599,COMPLETION,51.572538,HIGH,980,926,100,COMPLIANCE,32.0,Strongest actionable compliance result REVIEW/STRONG_WARNING under rule MPLADS-11.2-COMPLETION-UC.,PAYMENT_EXECUTION,12.0,Capped payment/execution family: payment severity score 60.0; positive fund-progress score 20.900; persistence boost 10 points.,ANOMALY,4.087137,Within-lifecycle statistical unusualness percentile 51.089; not a probability.,False,True,True,False,False,False,False
W-002700,COMPLETION,51.537209,HIGH,981,927,100,COMPLIANCE,32.0,Strongest actionable compliance result REVIEW/STRONG_WARNING under rule MPLADS-11.2-COMPLETION-UC.,PAYMENT_EXECUTION,12.0,Capped payment/execution family: payment severity score 60.0; positive fund-progress score 15.301; persistence boost 0 points.,ANOMALY,4.941909,Within-lifecycle statistical unusualness percentile 61.774; not a probability.,False,True,True,False,False,False,False
W-000374,COMPLETION,51.521278,HIGH,982,928,100,COMPLIANCE,32.0,Strongest actionable compliance result REVIEW/STRONG_WARNING under rule MPLADS-11.2-COMPLETION-UC.,PAYMENT_EXECUTION,7.876777,Capped payment/execution family: payment severity score 0.0; positive fund-progress score 39.384; persistence boost 10 points.,ANOMALY,7.684647,Within-lifecycle statistical unusualness percentile 96.058; not a probability.,False,True,True,False,False,False,False
W-000918,COMPLETION,51.519081,HIGH,983,929,100,COMPLIANCE,32.0,Strongest actionable compliance result REVIEW/STRONG_WARNING under rule MPLADS-11.2-COMPLETION-UC.,PAYMENT_EXECUTION,12.0,Capped payment/execution family: payment severity score 60.0; positive fund-progress score 10.000; persistence boost 10 points.,OPERATIONAL_TREND_CONTEXT,4.178832,state_name=Andhra Pradesh|district=Andhra Pradesh Demo District 1|sector=Community Infrastructure context; strongest metric progress_report_count; signed robust z 9.106.,False,True,True,False,False,False,False
W-000521,COMPLETION,51.515734,HIGH,984,930,100,COMPLIANCE,32.0,Strongest actionable compliance result REVIEW/STRONG_WARNING under rule MPLADS-11.2-COMPLETION-UC.,OPERATIONAL_TREND_CONTEXT,8.065693,state_name=Andhra Pradesh|district=Andhra Pradesh Demo District 4 context; strongest metric progress_report_count; signed robust z 20.620.,PAYMENT_EXECUTION,7.781991,Capped payment/execution family: payment severity score 0.0; positive fund-progress score 38.910; persistence boost 10 points.,False,True,True,False,False,False,False
W-002037,COMPLETION,51.506712,HIGH,985,931,100,COMPLIANCE,32.0,Strongest actionable compliance result REVIEW/STRONG_WARNING under rule MPLADS-11.2-COMPLETION-UC.,PAYMENT_EXECUTION,8.878808,Capped payment/execution family: payment severity score 0.0; positive fund-progress score 44.394; persistence boost 10 points.,ANOMALY,6.66805,Within-lifecycle statistical unusualness percentile 83.351; not a probability.,False,True,True,False,False,False,False
W-002249,EXECUTION,51.501259,HIGH,986,55,100,OBSERVED_CONDITIONS,19.483395,"Observed overdue=True (days=878.0, score=97.417); observed over sanction=False (overrun_pct=0.0, score=0.000).",PAYMENT_EXECUTION,10.641503,Capped payment/execution family: payment severity score 0.0; positive fund-progress score 42.566; persistence boost 10 points.,PEER_DEVIATION,9.763314,4 peer-outlier metric(s); strongest max_physical_progress_drop_pct_as_of has absolute robust deviation 64.752.,False,False,False,False,True,False,True
W-001978,COMPLETION,51.492595,HIGH,987,932,100,COMPLIANCE,32.0,Strongest actionable compliance result REVIEW/STRONG_WARNING under rule MPLADS-11.2-COMPLETION-UC.,PAYMENT_EXECUTION,12.0,Capped payment/execution family: payment severity score 60.0; positive fund-progress score 44.259; persistence boost 10 points.,OPERATIONAL_TREND_CONTEXT,7.372263,state_name=Andhra Pradesh|district=Andhra Pradesh Demo District 4|sector=Education context; strongest metric progress_report_count; signed robust z 17.537.,False,True,True,False,False,False,False
W-000673,COMPLETION,51.482598,HIGH,988,933,100,COMPLIANCE,32.0,Strongest actionable compliance result REVIEW/STRONG_WARNING under rule MPLADS-11.2-COMPLETION-UC.,PAYMENT_EXECUTION,14.714963,Capped payment/execution family: payment severity score 0.0; positive fund-progress score 73.575; persistence boost 10 points.,ANOMALY,4.767635,Within-lifecycle statistical unusualness percentile 59.595; not a probability.,False,True,True,False,False,False,False
W-000927,COMPLETION,51.479219,HIGH,989,934,100,COMPLIANCE,32.0,Strongest actionable compliance result REVIEW/STRONG_WARNING under rule MPLADS-11.2-COMPLETION-UC.,PAYMENT_EXECUTION,14.132701,Capped payment/execution family: payment severity score 0.0; positive fund-progress score 70.664; persistence boost 10 points.,ANOMALY,2.937759,Within-lifecycle statistical unusualness percentile 36.722; not a probability.,False,True,True,False,False,False,False
W-002660,COMPLETION,51.475521,HIGH,990,935,100,COMPLIANCE,32.0,Strongest actionable compliance result REVIEW/STRONG_WARNING under rule MPLADS-11.2-COMPLETION-UC.,PAYMENT_EXECUTION,16.655383,Capped payment/execution family: payment severity score 0.0; positive fund-progress score 83.277; persistence boost 0 points.,ANOMALY,1.59751,Within-lifecycle statistical unusualness percentile 19.969; not a probability.,False,True,True,False,False,False,False
W-001390,COMPLETION,51.474351,HIGH,991,936,100,COMPLIANCE,32.0,Strongest actionable compliance result REVIEW/STRONG_WARNING under rule MPLADS-11.2-COMPLETION-UC.,PAYMENT_EXECUTION,10.358835,Capped payment/execution family: payment severity score 0.0; positive fund-progress score 51.794; persistence boost 0 points.,OPERATIONAL_TREND_CONTEXT,4.671533,state_name=Telangana|district=Telangana Demo District 4|sector=Sanitation context; strongest metric progress_report_count; signed robust z 9.780.,False,True,True,False,False,False,False
W-001181,COMPLETION,51.473224,HIGH,992,937,100,COMPLIANCE,32.0,Strongest actionable compliance result REVIEW/STRONG_WARNING under rule MPLADS-11.2-COMPLETION-UC.,PAYMENT_EXECUTION,12.0,Capped payment/execution family: payment severity score 60.0; positive fund-progress score 10.000; persistence boost 10 points.,ANOMALY,7.290456,Within-lifecycle statistical unusualness percentile 91.131; not a probability.,False,True,True,False,False,False,False
W-002246,COMPLETION,51.463,HIGH,993,938,100,COMPLIANCE,32.0,Strongest actionable compliance result REVIEW/STRONG_WARNING under rule MPLADS-11.2-COMPLETION-UC.,OPERATIONAL_TREND_CONTEXT,7.244526,state_name=Odisha|district=Odisha Demo District 2|sector=Health context; strongest metric progress_report_count; signed robust z 16.863.,ANOMALY,6.576763,Within-lifecycle statistical unusualness percentile 82.210; not a probability.,False,True,True,False,False,False,False
W-000688,COMPLETION,51.438305,HIGH,994,939,100,COMPLIANCE,32.0,Strongest actionable compliance result REVIEW/STRONG_WARNING under rule MPLADS-11.2-COMPLETION-UC.,PAYMENT_EXECUTION,7.375762,Capped payment/execution family: payment severity score 0.0; positive fund-progress score 36.879; persistence boost 10 points.,OPERATIONAL_TREND_CONTEXT,6.058394,state_name=Telangana|district=Telangana Demo District 1 context; strongest metric progress_report_count; signed robust z 13.153.,False,True,True,False,False,False,False
W-001285,COMPLETION,51.435608,HIGH,995,940,100,COMPLIANCE,32.0,Strongest actionable compliance result REVIEW/STRONG_WARNING under rule MPLADS-11.2-COMPLETION-UC.,PAYMENT_EXECUTION,12.0,Capped payment/execution family: payment severity score 60.0; positive fund-progress score 10.000; persistence boost 10 points.,ANOMALY,3.950207,Within-lifecycle statistical unusualness percentile 49.378; not a probability.,False,True,True,False,False,False,False
W-002963,COMPLETION,51.416124,HIGH,996,941,100,COMPLIANCE,32.0,Strongest actionable compliance result REVIEW/STRONG_WARNING under rule MPLADS-11.2-COMPLETION-UC.,PAYMENT_EXECUTION,10.86933,Capped payment/execution family: payment severity score 0.0; positive fund-progress score 54.347; persistence boost 10 points.,OPERATIONAL_TREND_CONTEXT,8.521898,state_name=Odisha|district=Odisha Demo District 4|sector=Health context; strongest metric progress_report_count; signed robust z 22.933.,False,True,True,False,False,False,False
W-000253,COMPLETION,51.411232,HIGH,997,942,100,COMPLIANCE,32.0,Strongest actionable compliance result REVIEW/STRONG_WARNING under rule MPLADS-11.2-COMPLETION-UC.,PAYMENT_EXECUTION,17.396073,Capped payment/execution family: payment severity score 0.0; positive fund-progress score 86.980; persistence boost 10 points.,OPERATIONAL_TREND_CONTEXT,1.222628,state_name=Odisha|district=Odisha Demo District 4|sector=Community Infrastructure context; strongest metric progress_report_count; signed robust z 4.721.,False,True,True,False,False,False,False
W-000909,COMPLETION,51.391061,HIGH,998,943,100,COMPLIANCE,32.0,Strongest actionable compliance result REVIEW/STRONG_WARNING under rule MPLADS-11.2-COMPLETION-UC.,PAYMENT_EXECUTION,12.0,Capped payment/execution family: payment severity score 60.0; positive fund-progress score 0.000; persistence boost 0 points.,ANOMALY,5.875519,Within-lifecycle statistical unusualness percentile 73.444; not a probability.,False,True,True,False,False,False,False
W-000331,COMPLETION,51.384124,HIGH,999,944,100,COMPLIANCE,32.0,Strongest actionable compliance result REVIEW/STRONG_WARNING under rule MPLADS-11.2-COMPLETION-UC.,PAYMENT_EXECUTION,9.867299,Capped payment/execution family: payment severity score 0.0; positive fund-progress score 49.336; persistence boost 10 points.,OPERATIONAL_TREND_CONTEXT,7.043796,state_name=Maharashtra|district=Maharashtra Demo District 3 context; strongest metric progress_report_count; signed robust z 15.813.,False,True,True,False,False,False,False
W-002113,COMPLETION,51.382064,HIGH,1000,945,100,COMPLIANCE,32.0,Strongest actionable compliance result REVIEW/STRONG_WARNING under rule MPLADS-11.2-COMPLETION-UC.,PAYMENT_EXECUTION,13.8348,Capped payment/execution family: payment severity score 0.0; positive fund-progress score 69.174; persistence boost 10 points.,ANOMALY,4.634855,Within-lifecycle statistical unusualness percentile 57.936; not a probability.,False,True,True,False,False,False,False
W-000627,COMPLETION,51.371641,HIGH,1001,946,100,COMPLIANCE,32.0,Strongest actionable compliance result REVIEW/STRONG_WARNING under rule MPLADS-11.2-COMPLETION-UC.,ANOMALY,7.0,Within-lifecycle statistical unusualness percentile 87.500; not a probability.,OPERATIONAL_TREND_CONTEXT,6.405109,state_name=Karnataka|district=Karnataka Demo District 2 context; strongest metric progress_report_count; signed robust z 14.030.,False,True,True,False,False,False,False
W-002572,COMPLETION,51.346943,HIGH,1002,947,100,COMPLIANCE,32.0,Strongest actionable compliance result REVIEW/STRONG_WARNING under rule MPLADS-11.2-COMPLETION-UC.,PAYMENT_EXECUTION,12.0,Capped payment/execution family: payment severity score 60.0; positive fund-progress score 10.000; persistence boost 10 points.,OPERATIONAL_TREND_CONTEXT,4.890511,state_name=Maharashtra|district=Maharashtra Demo District 4|sector=Sports context; strongest metric progress_report_count; signed robust z 10.192.,False,True,True,False,False,False,False
W-002688,COMPLETION,51.341369,HIGH,1003,948,100,COMPLIANCE,32.0,Strongest actionable compliance result REVIEW/STRONG_WARNING under rule MPLADS-11.2-COMPLETION-UC.,PAYMENT_EXECUTION,12.0,Capped payment/execution family: payment severity score 60.0; positive fund-progress score 0.000; persistence boost 0 points.,OPERATIONAL_TREND_CONTEXT,4.416058,state_name=Rajasthan|district=Rajasthan Demo District 3|sector=Community Infrastructure context; strongest metric progress_report_count; signed robust z 9.443.,False,True,True,False,False,False,False
W-001025,COMPLETION,51.336175,HIGH,1004,949,100,COMPLIANCE,32.0,Strongest actionable compliance result REVIEW/STRONG_WARNING under rule MPLADS-11.2-COMPLETION-UC.,OPERATIONAL_TREND_CONTEXT,8.649635,state_name=Maharashtra|district=Maharashtra Demo District 2|sector=Sanitation context; strongest metric progress_report_count; signed robust z 24.956.,ANOMALY,5.572614,Within-lifecycle statistical unusualness percentile 69.658; not a probability.,False,True,True,False,False,False,False
W-001899,COMPLETION,51.327042,HIGH,1005,950,100,COMPLIANCE,32.0,Strongest actionable compliance result REVIEW/STRONG_WARNING under rule MPLADS-11.2-COMPLETION-UC.,PAYMENT_EXECUTION,12.819228,Capped payment/execution family: payment severity score 0.0; positive fund-progress score 64.096; persistence boost 10 points.,ANOMALY,4.701245,Within-lifecycle statistical unusualness percentile 58.766; not a probability.,False,True,True,False,False,False,False
W-000083,COMPLETION,51.319912,HIGH,1006,951,100,COMPLIANCE,32.0,Strongest actionable compliance result REVIEW/STRONG_WARNING under rule MPLADS-11.2-COMPLETION-UC.,OPERATIONAL_TREND_CONTEXT,8.99635,state_name=Andhra Pradesh|district=Andhra Pradesh Demo District 2|sector=Health context; strongest metric progress_report_count; signed robust z 29.003.,ANOMALY,7.452282,Within-lifecycle statistical unusualness percentile 93.154; not a probability.,False,True,True,False,False,False,False
W-000841,COMPLETION,51.315162,HIGH,1007,952,100,COMPLIANCE,32.0,Strongest actionable compliance result REVIEW/STRONG_WARNING under rule MPLADS-11.2-COMPLETION-UC.,PAYMENT_EXECUTION,16.163846,Capped payment/execution family: payment severity score 0.0; positive fund-progress score 80.819; persistence boost 10 points.,OPERATIONAL_TREND_CONTEXT,2.773723,state_name=Karnataka|district=Karnataka Demo District 4|sector=Renewable Energy context; strongest metric progress_report_count; signed robust z 6.745.,False,True,True,False,False,False,False
W-002119,COMPLETION,51.305832,HIGH,1008,953,100,COMPLIANCE,32.0,Strongest actionable compliance result REVIEW/STRONG_WARNING under rule MPLADS-11.2-COMPLETION-UC.,PAYMENT_EXECUTION,11.184834,Capped payment/execution family: payment severity score 0.0; positive fund-progress score 55.924; persistence boost 0 points.,OPERATIONAL_TREND_CONTEXT,5.328467,state_name=Karnataka|district=Karnataka Demo District 1|sector=Sanitation context; strongest metric progress_report_count; signed robust z 11.466.,False,True,True,False,False,False,False
W-000122,COMPLETION,51.302723,HIGH,1009,954,100,COMPLIANCE,32.0,Strongest actionable compliance result REVIEW/STRONG_WARNING under rule MPLADS-11.2-COMPLETION-UC.,ANOMALY,7.244813,Within-lifecycle statistical unusualness percentile 90.560; not a probability.,PAYMENT_EXECUTION,5.723764,Capped payment/execution family: payment severity score 0.0; positive fund-progress score 28.619; persistence boost 10 points.,False,True,True,False,False,False,False
W-000737,COMPLETION,51.264046,HIGH,1010,955,100,COMPLIANCE,32.0,Strongest actionable compliance result REVIEW/STRONG_WARNING under rule MPLADS-11.2-COMPLETION-UC.,PAYMENT_EXECUTION,12.0,Capped payment/execution family: payment severity score 60.0; positive fund-progress score 20.697; persistence boost 10 points.,OPERATIONAL_TREND_CONTEXT,4.708029,state_name=Telangana|district=Telangana Demo District 4|sector=Health context; strongest metric progress_report_count; signed robust z 9.893.,False,True,True,False,False,False,False
W-000992,COMPLETION,51.260214,HIGH,1011,956,100,COMPLIANCE,32.0,Strongest actionable compliance result REVIEW/STRONG_WARNING under rule MPLADS-11.2-COMPLETION-UC.,PAYMENT_EXECUTION,8.106974,Capped payment/execution family: payment severity score 0.0; positive fund-progress score 40.535; persistence boost 10 points.,OPERATIONAL_TREND_CONTEXT,7.244526,state_name=Odisha|district=Odisha Demo District 2|sector=Health context; strongest metric progress_report_count; signed robust z 16.863.,False,True,True,False,False,False,False
W-000587,COMPLETION,51.259354,HIGH,1012,957,100,COMPLIANCE,32.0,Strongest actionable compliance result REVIEW/STRONG_WARNING under rule MPLADS-11.2-COMPLETION-UC.,OPERATIONAL_TREND_CONTEXT,9.854015,state_name=Telangana|district=Telangana Demo District 4 context; strongest metric progress_report_count; signed robust z 49.463.,ANOMALY,6.290456,Within-lifecycle statistical unusualness percentile 78.631; not a probability.,False,False,True,False,False,False,False
W-001697,COMPLETION,51.258609,HIGH,1013,958,100,COMPLIANCE,32.0,Strongest actionable compliance result REVIEW/STRONG_WARNING under rule MPLADS-11.2-COMPLETION-UC.,PAYMENT_EXECUTION,12.0,Capped payment/execution family: payment severity score 60.0; positive fund-progress score 58.409; persistence boost 10 points.,OPERATIONAL_TREND_CONTEXT,3.959854,state_name=Andhra Pradesh|district=Andhra Pradesh Demo District 3|sector=Community Infrastructure context; strongest metric progress_report_count; signed robust z 8.768.,False,True,True,False,False,False,False
W-001467,COMPLETION,51.25031,HIGH,1014,959,100,COMPLIANCE,32.0,Strongest actionable compliance result REVIEW/STRONG_WARNING under rule MPLADS-11.2-COMPLETION-UC.,PAYMENT_EXECUTION,12.0,Capped payment/execution family: payment severity score 60.0; positive fund-progress score 47.393; persistence boost 0 points.,OPERATIONAL_TREND_CONTEXT,3.959854,state_name=Telangana|district=Telangana Demo District 2|sector=Health context; strongest metric progress_report_count; signed robust z 8.768.,False,True,True,False,False,False,False
W-001929,COMPLETION,51.245207,HIGH,1015,960,100,COMPLIANCE,32.0,Strongest actionable compliance result REVIEW/STRONG_WARNING under rule MPLADS-11.2-COMPLETION-UC.,PAYMENT_EXECUTION,12.0,Capped payment/execution family: payment severity score 60.0; positive fund-progress score 10.000; persistence boost 10 points.,OPERATIONAL_TREND_CONTEXT,5.875912,state_name=Telangana|district=Telangana Demo District 4|sector=Drinking Water context; strongest metric progress_report_count; signed robust z 12.816.,False,True,True,False,False,False,False
W-001063,COMPLETION,51.236477,HIGH,1016,961,100,COMPLIANCE,32.0,Strongest actionable compliance result REVIEW/STRONG_WARNING under rule MPLADS-11.2-COMPLETION-UC.,PAYMENT_EXECUTION,13.933649,Capped payment/execution family: payment severity score 60.0; positive fund-progress score 69.668; persistence boost 0 points.,OPERATIONAL_TREND_CONTEXT,3.485401,state_name=Karnataka|district=Karnataka Demo District 2|sector=Sports context; strongest metric progress_report_count; signed robust z 8.094.,False,True,True,False,False,False,False
W-001918,COMPLETION,51.222933,HIGH,1017,962,100,COMPLIANCE,32.0,Strongest actionable compliance result REVIEW/STRONG_WARNING under rule MPLADS-11.2-COMPLETION-UC.,ANOMALY,7.141079,Within-lifecycle statistical unusualness percentile 89.263; not a probability.,PEER_DEVIATION,5.665796,2 peer-outlier metric(s); strongest sanction_to_estimate_ratio has absolute robust deviation 11.376.,False,False,True,False,False,False,False
W-001693,COMPLETION,51.216144,HIGH,1018,963,100,COMPLIANCE,32.0,Strongest actionable compliance result REVIEW/STRONG_WARNING under rule MPLADS-11.2-COMPLETION-UC.,PAYMENT_EXECUTION,11.492214,Capped payment/execution family: payment severity score 0.0; positive fund-progress score 57.461; persistence boost 10 points.,ANOMALY,4.950207,Within-lifecycle statistical unusualness percentile 61.878; not a probability.,False,True,True,False,False,False,False
W-001152,COMPLETION,51.213314,HIGH,1019,964,100,COMPLIANCE,32.0,Strongest actionable compliance result REVIEW/STRONG_WARNING under rule MPLADS-11.2-COMPLETION-UC.,PAYMENT_EXECUTION,12.0,Capped payment/execution family: payment severity score 60.0; positive fund-progress score 10.000; persistence boost 10 points.,OPERATIONAL_TREND_CONTEXT,4.927007,state_name=Karnataka|district=Karnataka Demo District 4|sector=Drinking Water context; strongest metric progress_report_count; signed robust z 10.455.,False,True,True,False,False,False,False
W-001169,COMPLETION,51.19917,HIGH,1020,965,100,COMPLIANCE,32.0,Strongest actionable compliance result REVIEW/STRONG_WARNING under rule MPLADS-11.2-COMPLETION-UC.,PAYMENT_EXECUTION,12.0,Capped payment/execution family: payment severity score 60.0; positive fund-progress score 0.000; persistence boost 0 points.,ANOMALY,7.19917,Within-lifecycle statistical unusualness percentile 89.990; not a probability.,False,True,True,False,False,False,False
W-001068,COMPLETION,51.194484,HIGH,1021,966,100,COMPLIANCE,32.0,Strongest actionable compliance result REVIEW/STRONG_WARNING under rule MPLADS-11.2-COMPLETION-UC.,PAYMENT_EXECUTION,10.31415,Capped payment/execution family: payment severity score 0.0; positive fund-progress score 51.571; persistence boost 10 points.,OPERATIONAL_TREND_CONTEXT,5.328467,state_name=Karnataka|district=Karnataka Demo District 1|sector=Sanitation context; strongest metric progress_report_count; signed robust z 11.466.,False,True,True,False,False,False,False
W-000796,COMPLETION,51.190922,HIGH,1022,967,100,COMPLIANCE,32.0,Strongest actionable compliance result REVIEW/STRONG_WARNING under rule MPLADS-11.2-COMPLETION-UC.,PAYMENT_EXECUTION,16.05958,Capped payment/execution family: payment severity score 0.0; positive fund-progress score 80.298; persistence boost 0 points.,ANOMALY,1.908714,Within-lifecycle statistical unusualness percentile 23.859; not a probability.,False,True,True,False,False,False,False
W-000485,COMPLETION,51.184817,HIGH,1023,968,100,COMPLIANCE,32.0,Strongest actionable compliance result REVIEW/STRONG_WARNING under rule MPLADS-11.2-COMPLETION-UC.,PAYMENT_EXECUTION,11.627624,Capped payment/execution family: payment severity score 0.0; positive fund-progress score 58.138; persistence boost 10 points.,PEER_DEVIATION,3.801567,1 peer-outlier metric(s); strongest financial_overrun_pct_as_of has absolute robust deviation 5.963.,False,True,True,False,False,False,False
W-000947,COMPLETION,51.183693,HIGH,1024,969,100,COMPLIANCE,32.0,Strongest actionable compliance result REVIEW/STRONG_WARNING under rule MPLADS-11.2-COMPLETION-UC.,PAYMENT_EXECUTION,12.0,Capped payment/execution family: payment severity score 60.0; positive fund-progress score 21.510; persistence boost 10 points.,OPERATIONAL_TREND_CONTEXT,4.416058,state_name=Karnataka|district=Karnataka Demo District 2|sector=Education context; strongest metric progress_report_count; signed robust z 9.443.,False,True,True,False,False,False,False
W-001552,COMPLETION,51.175,HIGH,1025,970,100,COMPLIANCE,32.0,Strongest actionable compliance result REVIEW/STRONG_WARNING under rule MPLADS-11.2-COMPLETION-UC.,PAYMENT_EXECUTION,8.770481,Capped payment/execution family: payment severity score 0.0; positive fund-progress score 43.852; persistence boost 10 points.,OPERATIONAL_TREND_CONTEXT,7.591241,state_name=Karnataka|district=Karnataka Demo District 2|sector=Drinking Water context; strongest metric progress_report_count; signed robust z 18.212.,False,True,True,False,False,False,False
W-001779,COMPLETION,51.1739,HIGH,1026,971,100,COMPLIANCE,32.0,Strongest actionable compliance result REVIEW/STRONG_WARNING under rule MPLADS-11.2-COMPLETION-UC.,PAYMENT_EXECUTION,8.788084,Capped payment/execution family: payment severity score 0.0; positive fund-progress score 43.940; persistence boost 0 points.,ANOMALY,6.900415,Within-lifecycle statistical unusualness percentile 86.255; not a probability.,False,True,True,False,False,False,False
W-001380,COMPLETION,51.167944,HIGH,1027,972,100,COMPLIANCE,32.0,Strongest actionable compliance result REVIEW/STRONG_WARNING under rule MPLADS-11.2-COMPLETION-UC.,PAYMENT_EXECUTION,13.821259,Capped payment/execution family: payment severity score 0.0; positive fund-progress score 69.106; persistence boost 10 points.,OPERATIONAL_TREND_CONTEXT,3.740876,state_name=Andhra Pradesh|district=Andhra Pradesh Demo District 4|sector=Roads & Bridges context; strongest metric progress_report_count; signed robust z 8.544.,False,True,True,False,False,False,False
W-000647,COMPLETION,51.159309,HIGH,1028,973,100,COMPLIANCE,32.0,Strongest actionable compliance result REVIEW/STRONG_WARNING under rule MPLADS-11.2-COMPLETION-UC.,PAYMENT_EXECUTION,13.638456,Capped payment/execution family: payment severity score 0.0; positive fund-progress score 68.192; persistence boost 10 points.,ANOMALY,4.900415,Within-lifecycle statistical unusualness percentile 61.255; not a probability.,False,True,True,False,False,False,False
W-000505,COMPLETION,51.13278,HIGH,1029,974,100,COMPLIANCE,32.0,Strongest actionable compliance result REVIEW/STRONG_WARNING under rule MPLADS-11.2-COMPLETION-UC.,PAYMENT_EXECUTION,12.0,Capped payment/execution family: payment severity score 60.0; positive fund-progress score 0.000; persistence boost 0 points.,ANOMALY,7.13278,Within-lifecycle statistical unusualness percentile 89.160; not a probability.,False,True,True,False,False,False,False
W-002489,COMPLETION,51.116241,HIGH,1030,975,100,COMPLIANCE,32.0,Strongest actionable compliance result REVIEW/STRONG_WARNING under rule MPLADS-11.2-COMPLETION-UC.,PAYMENT_EXECUTION,8.909953,Capped payment/execution family: payment severity score 0.0; positive fund-progress score 44.550; persistence boost 0 points.,OPERATIONAL_TREND_CONTEXT,7.372263,state_name=Andhra Pradesh|district=Andhra Pradesh Demo District 4|sector=Education context; strongest metric progress_report_count; signed robust z 17.537.,False,True,True,False,False,False,False
W-000115,EXECUTION,51.108605,HIGH,1031,56,100,PAYMENT_EXECUTION,15.0,Capped payment/execution family: payment severity score 60.0; positive fund-progress score 10.000; persistence boost 10 points.,OBSERVED_CONDITIONS,14.870849,"Observed overdue=True (days=441.0, score=74.354); observed over sanction=False (overrun_pct=0.0, score=0.000).",ANOMALY,8.95,Within-lifecycle statistical unusualness percentile 89.500; not a probability.,False,True,False,False,True,False,True
W-001327,COMPLETION,51.10416,HIGH,1032,976,100,COMPLIANCE,32.0,Strongest actionable compliance result REVIEW/STRONG_WARNING under rule MPLADS-11.2-COMPLETION-UC.,OPERATIONAL_TREND_CONTEXT,8.375912,state_name=Karnataka|district=Karnataka Demo District 1|sector=Health context; strongest metric progress_report_count; signed robust z 22.258.,ANOMALY,7.53112,Within-lifecycle statistical unusualness percentile 94.139; not a probability.,False,False,True,False,False,False,False
W-002687,COMPLETION,51.102376,HIGH,1033,977,100,COMPLIANCE,32.0,Strongest actionable compliance result REVIEW/STRONG_WARNING under rule MPLADS-11.2-COMPLETION-UC.,OPERATIONAL_TREND_CONTEXT,9.635036,state_name=Karnataka|district=Karnataka Demo District 3 context; strongest metric progress_report_count; signed robust z 37.435.,PAYMENT_EXECUTION,5.168585,Capped payment/execution family: payment severity score 0.0; positive fund-progress score 25.843; persistence boost 10 points.,False,True,True,False,False,False,False
W-001321,COMPLETION,51.093589,HIGH,1034,978,100,COMPLIANCE,32.0,Strongest actionable compliance result REVIEW/STRONG_WARNING under rule MPLADS-11.2-COMPLETION-UC.,PAYMENT_EXECUTION,12.0,Capped payment/execution family: payment severity score 60.0; positive fund-progress score 22.661; persistence boost 10 points.,OPERATIONAL_TREND_CONTEXT,7.043796,state_name=Maharashtra|district=Maharashtra Demo District 3 context; strongest metric progress_report_count; signed robust z 15.813.,False,True,True,False,False,False,False
W-002059,COMPLETION,51.004705,HIGH,1035,979,100,COMPLIANCE,32.0,Strongest actionable compliance result REVIEW/STRONG_WARNING under rule MPLADS-11.2-COMPLETION-UC.,PAYMENT_EXECUTION,14.782668,Capped payment/execution family: payment severity score 60.0; positive fund-progress score 73.913; persistence boost 10 points.,OPERATIONAL_TREND_CONTEXT,2.408759,state_name=Karnataka|district=Karnataka Demo District 1|sector=Roads & Bridges context; strongest metric progress_report_count; signed robust z 6.295.,False,True,True,False,False,False,False
W-000872,COMPLETION,51.003104,HIGH,1036,980,100,COMPLIANCE,32.0,Strongest actionable compliance result REVIEW/STRONG_WARNING under rule MPLADS-11.2-COMPLETION-UC.,PAYMENT_EXECUTION,9.668246,Capped payment/execution family: payment severity score 0.0; positive fund-progress score 48.341; persistence boost 0 points.,OPERATIONAL_TREND_CONTEXT,9.160584,state_name=Karnataka|district=Karnataka Demo District 1|sector=Sports context; strongest metric progress_report_count; signed robust z 30.352.,False,True,True,False,False,False,False
W-000402,COMPLETION,50.985476,HIGH,1037,981,100,COMPLIANCE,32.0,Strongest actionable compliance result REVIEW/STRONG_WARNING under rule MPLADS-11.2-COMPLETION-UC.,PAYMENT_EXECUTION,10.1652,Capped payment/execution family: payment severity score 0.0; positive fund-progress score 50.826; persistence boost 10 points.,OPERATIONAL_TREND_CONTEXT,3.959854,state_name=Maharashtra|district=Maharashtra Demo District 3|sector=Community Infrastructure context; strongest metric progress_report_count; signed robust z 8.768.,False,True,True,False,False,False,False
W-000472,COMPLETION,50.985008,HIGH,1038,982,100,COMPLIANCE,32.0,Strongest actionable compliance result REVIEW/STRONG_WARNING under rule MPLADS-11.2-COMPLETION-UC.,PAYMENT_EXECUTION,12.0,Capped payment/execution family: payment severity score 60.0; positive fund-progress score 32.410; persistence boost 10 points.,ANOMALY,6.875519,Within-lifecycle statistical unusualness percentile 85.944; not a probability.,False,True,True,False,False,False,False
W-002110,COMPLETION,50.977252,HIGH,1039,983,100,COMPLIANCE,32.0,Strongest actionable compliance result REVIEW/STRONG_WARNING under rule MPLADS-11.2-COMPLETION-UC.,OPERATIONAL_TREND_CONTEXT,8.99635,state_name=Telangana|district=Telangana Demo District 2|sector=Renewable Energy context; strongest metric progress_report_count; signed robust z 29.003.,PAYMENT_EXECUTION,8.503724,Capped payment/execution family: payment severity score 0.0; positive fund-progress score 42.519; persistence boost 0 points.,False,True,True,False,False,False,False
W-000175,COMPLETION,50.974269,HIGH,1040,984,100,COMPLIANCE,32.0,Strongest actionable compliance result REVIEW/STRONG_WARNING under rule MPLADS-11.2-COMPLETION-UC.,PAYMENT_EXECUTION,10.422478,Capped payment/execution family: payment severity score 0.0; positive fund-progress score 52.112; persistence boost 10 points.,ANOMALY,5.06639,Within-lifecycle statistical unusualness percentile 63.330; not a probability.,False,True,True,False,False,False,False
W-001225,COMPLETION,50.974188,HIGH,1041,985,100,COMPLIANCE,32.0,Strongest actionable compliance result REVIEW/STRONG_WARNING under rule MPLADS-11.2-COMPLETION-UC.,PAYMENT_EXECUTION,10.368314,Capped payment/execution family: payment severity score 0.0; positive fund-progress score 51.842; persistence boost 10 points.,ANOMALY,6.211618,Within-lifecycle statistical unusualness percentile 77.645; not a probability.,False,True,True,False,False,False,False
W-000970,COMPLETION,50.961139,HIGH,1042,986,100,COMPLIANCE,32.0,Strongest actionable compliance result REVIEW/STRONG_WARNING under rule MPLADS-11.2-COMPLETION-UC.,PAYMENT_EXECUTION,9.17671,Capped payment/execution family: payment severity score 0.0; positive fund-progress score 45.884; persistence boost 10 points.,ANOMALY,6.846473,Within-lifecycle statistical unusualness percentile 85.581; not a probability.,False,True,True,False,False,False,False
W-002616,COMPLETION,50.952334,HIGH,1043,987,100,COMPLIANCE,32.0,Strongest actionable compliance result REVIEW/STRONG_WARNING under rule MPLADS-11.2-COMPLETION-UC.,ANOMALY,7.672199,Within-lifecycle statistical unusualness percentile 95.902; not a probability.,PEER_DEVIATION,6.43342,2 peer-outlier metric(s); strongest sanction_to_estimate_ratio has absolute robust deviation 17.578.,False,False,True,False,False,False,False
W-001288,COMPLETION,50.899582,HIGH,1044,988,100,COMPLIANCE,32.0,Strongest actionable compliance result REVIEW/STRONG_WARNING under rule MPLADS-11.2-COMPLETION-UC.,OPERATIONAL_TREND_CONTEXT,8.375912,state_name=Odisha|district=Odisha Demo District 2|sector=Sanitation context; strongest metric progress_report_count; signed robust z 22.258.,PAYMENT_EXECUTION,8.283006,Capped payment/execution family: payment severity score 0.0; positive fund-progress score 41.415; persistence boost 10 points.,False,True,True,False,False,False,False
W-002775,COMPLETION,50.888396,HIGH,1045,989,100,COMPLIANCE,32.0,Strongest actionable compliance result REVIEW/STRONG_WARNING under rule MPLADS-11.2-COMPLETION-UC.,PAYMENT_EXECUTION,11.451591,Capped payment/execution family: payment severity score 0.0; positive fund-progress score 57.258; persistence boost 10 points.,OPERATIONAL_TREND_CONTEXT,4.416058,state_name=Andhra Pradesh|district=Andhra Pradesh Demo District 1|sector=Health context; strongest metric progress_report_count; signed robust z 9.443.,False,True,True,False,False,False,False
W-000212,COMPLETION,50.868216,HIGH,1046,990,100,COMPLIANCE,32.0,Strongest actionable compliance result REVIEW/STRONG_WARNING under rule MPLADS-11.2-COMPLETION-UC.,PAYMENT_EXECUTION,14.295193,Capped payment/execution family: payment severity score 0.0; positive fund-progress score 71.476; persistence boost 10 points.,OPERATIONAL_TREND_CONTEXT,4.178832,state_name=Andhra Pradesh|district=Andhra Pradesh Demo District 1|sector=Community Infrastructure context; strongest metric progress_report_count; signed robust z 9.106.,False,True,True,False,False,False,False
W-000926,COMPLETION,50.858149,HIGH,1047,991,100,COMPLIANCE,32.0,Strongest actionable compliance result REVIEW/STRONG_WARNING under rule MPLADS-11.2-COMPLETION-UC.,PAYMENT_EXECUTION,12.0,Capped payment/execution family: payment severity score 60.0; positive fund-progress score 10.000; persistence boost 10 points.,ANOMALY,5.307054,Within-lifecycle statistical unusualness percentile 66.338; not a probability.,False,True,True,False,False,False,False
W-002285,COMPLETION,50.844005,HIGH,1048,992,100,COMPLIANCE,32.0,Strongest actionable compliance result REVIEW/STRONG_WARNING under rule MPLADS-11.2-COMPLETION-UC.,PAYMENT_EXECUTION,12.0,Capped payment/execution family: payment severity score 60.0; positive fund-progress score 29.722; persistence boost 0 points.,ANOMALY,5.219917,Within-lifecycle statistical unusualness percentile 65.249; not a probability.,False,True,True,False,False,False,False
W-002724,COMPLETION,50.830593,HIGH,1049,993,100,COMPLIANCE,32.0,Strongest actionable compliance result REVIEW/STRONG_WARNING under rule MPLADS-11.2-COMPLETION-UC.,PAYMENT_EXECUTION,11.347326,Capped payment/execution family: payment severity score 0.0; positive fund-progress score 56.737; persistence boost 0 points.,ANOMALY,4.709544,Within-lifecycle statistical unusualness percentile 58.869; not a probability.,False,True,True,False,False,False,False
W-001296,COMPLETION,50.821756,HIGH,1050,994,100,COMPLIANCE,32.0,Strongest actionable compliance result REVIEW/STRONG_WARNING under rule MPLADS-11.2-COMPLETION-UC.,PAYMENT_EXECUTION,13.807718,Capped payment/execution family: payment severity score 60.0; positive fund-progress score 69.039; persistence boost 10 points.,ANOMALY,3.207469,Within-lifecycle statistical unusualness percentile 40.093; not a probability.,False,True,True,False,False,False,False
W-002866,COMPLETION,50.821284,HIGH,1051,995,100,COMPLIANCE,32.0,Strongest actionable compliance result REVIEW/STRONG_WARNING under rule MPLADS-11.2-COMPLETION-UC.,PAYMENT_EXECUTION,14.701422,Capped payment/execution family: payment severity score 60.0; positive fund-progress score 73.507; persistence boost 10 points.,OPERATIONAL_TREND_CONTEXT,2.609489,state_name=Rajasthan|district=Rajasthan Demo District 2|sector=Renewable Energy context; strongest metric progress_report_count; signed robust z 6.520.,False,True,True,False,False,False,False
W-002876,COMPLETION,50.819699,HIGH,1052,996,100,COMPLIANCE,32.0,Strongest actionable compliance result REVIEW/STRONG_WARNING under rule MPLADS-11.2-COMPLETION-UC.,PAYMENT_EXECUTION,12.0,Capped payment/execution family: payment severity score 60.0; positive fund-progress score 56.919; persistence boost 10 points.,OPERATIONAL_TREND_CONTEXT,5.437956,state_name=Telangana|district=Telangana Demo District 2|sector=Drinking Water context; strongest metric progress_report_count; signed robust z 11.691.,False,True,True,False,False,False,False
W-002624,COMPLETION,50.787399,HIGH,1053,997,100,COMPLIANCE,32.0,Strongest actionable compliance result REVIEW/STRONG_WARNING under rule MPLADS-11.2-COMPLETION-UC.,ANOMALY,7.79668,Within-lifecycle statistical unusualness percentile 97.459; not a probability.,OPERATIONAL_TREND_CONTEXT,7.591241,state_name=Karnataka|district=Karnataka Demo District 2|sector=Drinking Water context; strongest metric progress_report_count; signed robust z 18.212.,False,False,True,False,False,False,False
W-002800,COMPLETION,50.757647,HIGH,1054,998,100,COMPLIANCE,32.0,Strongest actionable compliance result REVIEW/STRONG_WARNING under rule MPLADS-11.2-COMPLETION-UC.,OPERATIONAL_TREND_CONTEXT,9.051095,state_name=Andhra Pradesh|district=Andhra Pradesh Demo District 3 context; strongest metric progress_report_count; signed robust z 29.172.,PAYMENT_EXECUTION,6.333108,Capped payment/execution family: payment severity score 0.0; positive fund-progress score 31.666; persistence boost 10 points.,False,True,True,False,False,False,False
W-001432,COMPLETION,50.716528,HIGH,1055,999,100,COMPLIANCE,32.0,Strongest actionable compliance result REVIEW/STRONG_WARNING under rule MPLADS-11.2-COMPLETION-UC.,PAYMENT_EXECUTION,10.264049,Capped payment/execution family: payment severity score 0.0; positive fund-progress score 51.320; persistence boost 0 points.,ANOMALY,5.514523,Within-lifecycle statistical unusualness percentile 68.932; not a probability.,False,True,True,False,False,False,False
W-000455,COMPLETION,50.648333,HIGH,1056,1000,100,COMPLIANCE,32.0,Strongest actionable compliance result REVIEW/STRONG_WARNING under rule MPLADS-11.2-COMPLETION-UC.,ANOMALY,7.863071,Within-lifecycle statistical unusualness percentile 98.288; not a probability.,PEER_DEVIATION,5.044386,1 peer-outlier metric(s); strongest physical_progress_velocity_pct_per_30d has absolute robust deviation 8.028.,False,False,True,False,False,False,False
W-001731,COMPLETION,50.566269,HIGH,1057,1001,100,COMPLIANCE,32.0,Strongest actionable compliance result REVIEW/STRONG_WARNING under rule MPLADS-11.2-COMPLETION-UC.,PAYMENT_EXECUTION,10.842248,Capped payment/execution family: payment severity score 0.0; positive fund-progress score 54.211; persistence boost 10 points.,OPERATIONAL_TREND_CONTEXT,7.591241,state_name=Maharashtra|district=Maharashtra Demo District 3|sector=Renewable Energy context; strongest metric progress_report_count; signed robust z 18.212.,False,True,True,False,False,False,False
W-000530,COMPLETION,50.5646,HIGH,1058,1002,100,COMPLIANCE,32.0,Strongest actionable compliance result REVIEW/STRONG_WARNING under rule MPLADS-11.2-COMPLETION-UC.,PAYMENT_EXECUTION,16.610697,Capped payment/execution family: payment severity score 60.0; positive fund-progress score 83.053; persistence boost 10 points.,ANOMALY,1.041494,Within-lifecycle statistical unusualness percentile 13.019; not a probability.,False,True,True,False,False,False,False
W-001427,COMPLETION,50.561756,HIGH,1059,1003,100,COMPLIANCE,32.0,Strongest actionable compliance result REVIEW/STRONG_WARNING under rule MPLADS-11.2-COMPLETION-UC.,PAYMENT_EXECUTION,12.0,Capped payment/execution family: payment severity score 60.0; positive fund-progress score 13.947; persistence boost 0 points.,ANOMALY,4.755187,Within-lifecycle statistical unusualness percentile 59.440; not a probability.,False,True,True,False,False,False,False
W-000233,COMPLETION,50.559667,HIGH,1060,1004,100,COMPLIANCE,32.0,Strongest actionable compliance result REVIEW/STRONG_WARNING under rule MPLADS-11.2-COMPLETION-UC.,PAYMENT_EXECUTION,12.0,Capped payment/execution family: payment severity score 60.0; positive fund-progress score 34.868; persistence boost 0 points.,ANOMALY,5.556017,Within-lifecycle statistical unusualness percentile 69.450; not a probability.,False,True,True,False,False,False,False
W-002387,COMPLETION,50.545835,HIGH,1061,1005,100,COMPLIANCE,32.0,Strongest actionable compliance result REVIEW/STRONG_WARNING under rule MPLADS-11.2-COMPLETION-UC.,PAYMENT_EXECUTION,10.896412,Capped payment/execution family: payment severity score 0.0; positive fund-progress score 54.482; persistence boost 10 points.,ANOMALY,5.240664,Within-lifecycle statistical unusualness percentile 65.508; not a probability.,False,True,True,False,False,False,False
W-000850,COMPLETION,50.530888,HIGH,1062,1006,100,COMPLIANCE,32.0,Strongest actionable compliance result REVIEW/STRONG_WARNING under rule MPLADS-11.2-COMPLETION-UC.,OPERATIONAL_TREND_CONTEXT,8.613139,state_name=Odisha|district=Odisha Demo District 3|sector=Sanitation context; strongest metric progress_report_count; signed robust z 23.607.,PAYMENT_EXECUTION,4.897766,Capped payment/execution family: payment severity score 0.0; positive fund-progress score 24.489; persistence boost 10 points.,False,True,True,False,False,False,False
W-000722,COMPLETION,50.505224,HIGH,1063,1007,100,COMPLIANCE,32.0,Strongest actionable compliance result REVIEW/STRONG_WARNING under rule MPLADS-11.2-COMPLETION-UC.,PAYMENT_EXECUTION,12.0,Capped payment/execution family: payment severity score 60.0; positive fund-progress score 0.000; persistence boost 0 points.,ANOMALY,4.497925,Within-lifecycle statistical unusualness percentile 56.224; not a probability.,False,True,True,False,False,False,False
W-002587,COMPLETION,50.494814,HIGH,1064,1008,100,COMPLIANCE,32.0,Strongest actionable compliance result REVIEW/STRONG_WARNING under rule MPLADS-11.2-COMPLETION-UC.,PAYMENT_EXECUTION,9.30264,Capped payment/execution family: payment severity score 0.0; positive fund-progress score 46.513; persistence boost 0 points.,OPERATIONAL_TREND_CONTEXT,9.051095,state_name=Andhra Pradesh|district=Andhra Pradesh Demo District 3 context; strongest metric progress_report_count; signed robust z 29.172.,False,True,True,False,False,False,False
W-002650,COMPLETION,50.493706,HIGH,1065,1009,100,COMPLIANCE,32.0,Strongest actionable compliance result REVIEW/STRONG_WARNING under rule MPLADS-11.2-COMPLETION-UC.,PAYMENT_EXECUTION,14.67434,Capped payment/execution family: payment severity score 60.0; positive fund-progress score 73.372; persistence boost 10 points.,OPERATIONAL_TREND_CONTEXT,2.773723,state_name=Karnataka|district=Karnataka Demo District 4|sector=Renewable Energy context; strongest metric progress_report_count; signed robust z 6.745.,False,True,True,False,False,False,False
W-002359,COMPLETION,50.47,HIGH,1066,1010,100,COMPLIANCE,32.0,Strongest actionable compliance result REVIEW/STRONG_WARNING under rule MPLADS-11.2-COMPLETION-UC.,PAYMENT_EXECUTION,12.0,Capped payment/execution family: payment severity score 60.0; positive fund-progress score 12.167; persistence boost 10 points.,OPERATIONAL_TREND_CONTEXT,4.416058,state_name=Karnataka|district=Karnataka Demo District 2|sector=Education context; strongest metric progress_report_count; signed robust z 9.443.,False,True,True,False,False,False,False
W-002916,COMPLETION,50.469822,HIGH,1067,1011,100,COMPLIANCE,32.0,Strongest actionable compliance result REVIEW/STRONG_WARNING under rule MPLADS-11.2-COMPLETION-UC.,PAYMENT_EXECUTION,10.287068,Capped payment/execution family: payment severity score 0.0; positive fund-progress score 51.435; persistence boost 10 points.,OPERATIONAL_TREND_CONTEXT,4.635036,state_name=Karnataka|district=Karnataka Demo District 3|sector=Sanitation context; strongest metric progress_report_count; signed robust z 9.668.,False,True,True,False,False,False,False
W-002580,COMPLETION,50.459824,HIGH,1068,1012,100,COMPLIANCE,32.0,Strongest actionable compliance result REVIEW/STRONG_WARNING under rule MPLADS-11.2-COMPLETION-UC.,OPERATIONAL_TREND_CONTEXT,9.854015,state_name=Telangana|district=Telangana Demo District 4 context; strongest metric progress_report_count; signed robust z 49.463.,ANOMALY,6.605809,Within-lifecycle statistical unusualness percentile 82.573; not a probability.,False,False,True,False,False,False,False
W-000975,COMPLETION,50.448057,HIGH,1069,1013,100,COMPLIANCE,32.0,Strongest actionable compliance result REVIEW/STRONG_WARNING under rule MPLADS-11.2-COMPLETION-UC.,PAYMENT_EXECUTION,12.0,Capped payment/execution family: payment severity score 60.0; positive fund-progress score 0.000; persistence boost 0 points.,OPERATIONAL_TREND_CONTEXT,3.485401,state_name=Andhra Pradesh|district=Andhra Pradesh Demo District 2|sector=Community Infrastructure context; strongest metric progress_report_count; signed robust z 8.094.,False,True,True,False,False,False,False
W-001635,EXECUTION,50.442625,HIGH,1070,57,100,OBSERVED_CONDITIONS,18.726937,"Observed overdue=True (days=815.0, score=93.635); observed over sanction=False (overrun_pct=0.0, score=0.000).",ANOMALY,9.6875,Within-lifecycle statistical unusualness percentile 96.875; not a probability.,COMPLIANCE,6.0,Strongest actionable compliance result REVIEW/WARNING under rule MPLADS-3.2.12-COMPLETION-LIMIT.,False,False,True,False,True,False,True
W-000132,COMPLETION,50.4405,HIGH,1071,1014,100,COMPLIANCE,32.0,Strongest actionable compliance result REVIEW/STRONG_WARNING under rule MPLADS-11.2-COMPLETION-UC.,PAYMENT_EXECUTION,12.0,Capped payment/execution family: payment severity score 60.0; positive fund-progress score 10.000; persistence boost 10 points.,OPERATIONAL_TREND_CONTEXT,5.328467,state_name=Andhra Pradesh|district=Andhra Pradesh Demo District 1|sector=Drinking Water context; strongest metric progress_report_count; signed robust z 11.466.,False,True,True,False,False,False,False
W-002638,COMPLETION,50.431929,HIGH,1072,1015,100,COMPLIANCE,32.0,Strongest actionable compliance result REVIEW/STRONG_WARNING under rule MPLADS-11.2-COMPLETION-UC.,PAYMENT_EXECUTION,12.0,Capped payment/execution family: payment severity score 60.0; positive fund-progress score 10.000; persistence boost 10 points.,OPERATIONAL_TREND_CONTEXT,5.875912,state_name=Telangana|district=Telangana Demo District 3|sector=Sports context; strongest metric progress_report_count; signed robust z 12.816.,False,True,True,False,False,False,False
W-001206,COMPLETION,50.40424,HIGH,1073,1016,100,COMPLIANCE,32.0,Strongest actionable compliance result REVIEW/STRONG_WARNING under rule MPLADS-11.2-COMPLETION-UC.,OPERATIONAL_TREND_CONTEXT,8.613139,state_name=Odisha|district=Odisha Demo District 3|sector=Sanitation context; strongest metric progress_report_count; signed robust z 23.607.,ANOMALY,6.46473,Within-lifecycle statistical unusualness percentile 80.809; not a probability.,False,False,True,False,False,False,False
W-000836,COMPLETION,50.401057,HIGH,1074,1017,100,COMPLIANCE,32.0,Strongest actionable compliance result REVIEW/STRONG_WARNING under rule MPLADS-11.2-COMPLETION-UC.,PAYMENT_EXECUTION,15.419093,Capped payment/execution family: payment severity score 0.0; positive fund-progress score 77.095; persistence boost 10 points.,ANOMALY,1.759336,Within-lifecycle statistical unusualness percentile 21.992; not a probability.,False,True,True,False,False,False,False
W-000690,COMPLETION,50.376574,HIGH,1075,1018,100,COMPLIANCE,32.0,Strongest actionable compliance result REVIEW/STRONG_WARNING under rule MPLADS-11.2-COMPLETION-UC.,PAYMENT_EXECUTION,17.098172,Capped payment/execution family: payment severity score 0.0; positive fund-progress score 85.491; persistence boost 10 points.,OPERATIONAL_TREND_CONTEXT,0.875912,state_name=Odisha|district=Odisha Demo District 3|sector=Sports context; strongest metric progress_report_count; signed robust z 4.272.,False,True,True,False,False,False,False
W-002213,COMPLETION,50.375843,HIGH,1076,1019,100,COMPLIANCE,32.0,Strongest actionable compliance result REVIEW/STRONG_WARNING under rule MPLADS-11.2-COMPLETION-UC.,PAYMENT_EXECUTION,11.790115,Capped payment/execution family: payment severity score 0.0; positive fund-progress score 58.951; persistence boost 10 points.,OPERATIONAL_TREND_CONTEXT,5.328467,state_name=Karnataka|district=Karnataka Demo District 1|sector=Sanitation context; strongest metric progress_report_count; signed robust z 11.466.,False,True,True,False,False,False,False
W-002092,EXECUTION,50.356303,HIGH,1077,58,100,OBSERVED_CONDITIONS,18.247232,"Observed overdue=True (days=751.0, score=91.236); observed over sanction=False (overrun_pct=0.0, score=0.000).",PAYMENT_EXECUTION,11.352404,Capped payment/execution family: payment severity score 0.0; positive fund-progress score 45.410; persistence boost 10 points.,ANOMALY,6.7,Within-lifecycle statistical unusualness percentile 67.000; not a probability.,False,False,False,False,True,False,True
W-000829,COMPLETION,50.346685,HIGH,1078,1020,100,COMPLIANCE,32.0,Strongest actionable compliance result REVIEW/STRONG_WARNING under rule MPLADS-11.2-COMPLETION-UC.,PAYMENT_EXECUTION,12.0,Capped payment/execution family: payment severity score 60.0; positive fund-progress score 0.000; persistence boost 0 points.,OPERATIONAL_TREND_CONTEXT,3.740876,state_name=Andhra Pradesh|district=Andhra Pradesh Demo District 1|sector=Sports context; strongest metric progress_report_count; signed robust z 8.544.,False,True,True,False,False,False,False
W-000470,COMPLETION,50.322683,HIGH,1079,1021,100,COMPLIANCE,32.0,Strongest actionable compliance result REVIEW/STRONG_WARNING under rule MPLADS-11.2-COMPLETION-UC.,PAYMENT_EXECUTION,12.0,Capped payment/execution family: payment severity score 60.0; positive fund-progress score 10.000; persistence boost 10 points.,OPERATIONAL_TREND_CONTEXT,3.613139,state_name=Andhra Pradesh|district=Andhra Pradesh Demo District 1|sector=Sanitation context; strongest metric progress_report_count; signed robust z 8.431.,False,True,True,False,False,False,False
W-000290,COMPLETION,50.316744,HIGH,1080,1022,100,COMPLIANCE,32.0,Strongest actionable compliance result REVIEW/STRONG_WARNING under rule MPLADS-11.2-COMPLETION-UC.,PAYMENT_EXECUTION,10.341232,Capped payment/execution family: payment severity score 0.0; positive fund-progress score 51.706; persistence boost 10 points.,OPERATIONAL_TREND_CONTEXT,4.178832,state_name=Andhra Pradesh|district=Andhra Pradesh Demo District 1|sector=Community Infrastructure context; strongest metric progress_report_count; signed robust z 9.106.,False,True,True,False,False,False,False
W-002189,COMPLETION,50.296152,HIGH,1081,1023,100,COMPLIANCE,32.0,Strongest actionable compliance result REVIEW/STRONG_WARNING under rule MPLADS-11.2-COMPLETION-UC.,OPERATIONAL_TREND_CONTEXT,9.635036,state_name=Karnataka|district=Karnataka Demo District 3 context; strongest metric progress_report_count; signed robust z 37.435.,ANOMALY,5.381743,Within-lifecycle statistical unusualness percentile 67.272; not a probability.,False,False,True,False,False,False,False
W-001896,COMPLETION,50.282671,HIGH,1082,1024,100,COMPLIANCE,32.0,Strongest actionable compliance result REVIEW/STRONG_WARNING under rule MPLADS-11.2-COMPLETION-UC.,PAYMENT_EXECUTION,12.737982,Capped payment/execution family: payment severity score 0.0; positive fund-progress score 63.690; persistence boost 10 points.,OPERATIONAL_TREND_CONTEXT,4.416058,state_name=Rajasthan|district=Rajasthan Demo District 3|sector=Community Infrastructure context; strongest metric progress_report_count; signed robust z 9.443.,False,True,True,False,False,False,False
W-000380,COMPLETION,50.27404,HIGH,1083,1025,100,COMPLIANCE,32.0,Strongest actionable compliance result REVIEW/STRONG_WARNING under rule MPLADS-11.2-COMPLETION-UC.,OPERATIONAL_TREND_CONTEXT,9.635036,state_name=Karnataka|district=Karnataka Demo District 3 context; strongest metric progress_report_count; signed robust z 37.435.,ANOMALY,6.639004,Within-lifecycle statistical unusualness percentile 82.988; not a probability.,False,False,True,False,False,False,False
W-000541,COMPLETION,50.250568,HIGH,1084,1026,100,COMPLIANCE,32.0,Strongest actionable compliance result REVIEW/STRONG_WARNING under rule MPLADS-11.2-COMPLETION-UC.,PAYMENT_EXECUTION,12.0,Capped payment/execution family: payment severity score 60.0; positive fund-progress score 27.536; persistence boost 10 points.,ANOMALY,6.141079,Within-lifecycle statistical unusualness percentile 76.763; not a probability.,False,True,True,False,False,False,False
W-002029,COMPLETION,50.218917,HIGH,1085,1027,100,COMPLIANCE,32.0,Strongest actionable compliance result REVIEW/STRONG_WARNING under rule MPLADS-11.2-COMPLETION-UC.,PAYMENT_EXECUTION,12.0,Capped payment/execution family: payment severity score 60.0; positive fund-progress score 10.000; persistence boost 10 points.,ANOMALY,4.211618,Within-lifecycle statistical unusualness percentile 52.645; not a probability.,False,True,True,False,False,False,False
W-001144,COMPLETION,50.215574,HIGH,1086,1028,100,COMPLIANCE,32.0,Strongest actionable compliance result REVIEW/STRONG_WARNING under rule MPLADS-11.2-COMPLETION-UC.,ANOMALY,6.344398,Within-lifecycle statistical unusualness percentile 79.305; not a probability.,PEER_DEVIATION,6.305483,1 peer-outlier metric(s); strongest physical_progress_velocity_pct_per_30d has absolute robust deviation 15.807.,False,False,True,False,False,False,False
W-001746,COMPLETION,50.214683,HIGH,1087,1029,100,COMPLIANCE,32.0,Strongest actionable compliance result REVIEW/STRONG_WARNING under rule MPLADS-11.2-COMPLETION-UC.,PAYMENT_EXECUTION,9.555856,Capped payment/execution family: payment severity score 0.0; positive fund-progress score 47.779; persistence boost 10 points.,OPERATIONAL_TREND_CONTEXT,8.521898,state_name=Karnataka|district=Karnataka Demo District 2|sector=Roads & Bridges context; strongest metric progress_report_count; signed robust z 22.933.,False,True,True,False,False,False,False
W-001894,COMPLETION,50.19141,HIGH,1088,1030,100,COMPLIANCE,32.0,Strongest actionable compliance result REVIEW/STRONG_WARNING under rule MPLADS-11.2-COMPLETION-UC.,OPERATIONAL_TREND_CONTEXT,8.521898,state_name=Odisha|district=Odisha Demo District 4|sector=Health context; strongest metric progress_report_count; signed robust z 22.933.,ANOMALY,6.298755,Within-lifecycle statistical unusualness percentile 78.734; not a probability.,False,False,True,False,False,False,False
W-001964,COMPLETION,50.189313,HIGH,1089,1031,100,COMPLIANCE,32.0,Strongest actionable compliance result REVIEW/STRONG_WARNING under rule MPLADS-11.2-COMPLETION-UC.,ANOMALY,5.59751,Within-lifecycle statistical unusualness percentile 69.969; not a probability.,OPERATIONAL_TREND_CONTEXT,5.565693,state_name=Odisha|district=Odisha Demo District 1|sector=Renewable Energy context; strongest metric progress_report_count; signed robust z 12.141.,False,False,True,False,False,False,False
W-000310,COMPLETION,50.170448,HIGH,1090,1032,100,COMPLIANCE,32.0,Strongest actionable compliance result REVIEW/STRONG_WARNING under rule MPLADS-11.2-COMPLETION-UC.,OPERATIONAL_TREND_CONTEXT,8.613139,state_name=Odisha|district=Odisha Demo District 3|sector=Sanitation context; strongest metric progress_report_count; signed robust z 23.607.,PAYMENT_EXECUTION,6.391334,Capped payment/execution family: payment severity score 0.0; positive fund-progress score 31.957; persistence boost 0 points.,False,True,True,False,False,False,False
W-002141,COMPLETION,50.168586,HIGH,1091,1033,100,COMPLIANCE,32.0,Strongest actionable compliance result REVIEW/STRONG_WARNING under rule MPLADS-11.2-COMPLETION-UC.,PAYMENT_EXECUTION,12.115098,Capped payment/execution family: payment severity score 60.0; positive fund-progress score 60.575; persistence boost 10 points.,ANOMALY,5.141079,Within-lifecycle statistical unusualness percentile 64.263; not a probability.,False,True,True,False,False,False,False
W-002365,COMPLETION,50.120241,HIGH,1092,1034,100,COMPLIANCE,32.0,Strongest actionable compliance result REVIEW/STRONG_WARNING under rule MPLADS-11.2-COMPLETION-UC.,OPERATIONAL_TREND_CONTEXT,7.591241,state_name=Karnataka|district=Karnataka Demo District 2|sector=Drinking Water context; strongest metric progress_report_count; signed robust z 18.212.,PAYMENT_EXECUTION,6.292485,Capped payment/execution family: payment severity score 0.0; positive fund-progress score 31.462; persistence boost 10 points.,False,True,True,False,False,False,False
W-001503,COMPLETION,50.105721,HIGH,1093,1035,100,COMPLIANCE,32.0,Strongest actionable compliance result REVIEW/STRONG_WARNING under rule MPLADS-11.2-COMPLETION-UC.,PAYMENT_EXECUTION,14.078538,Capped payment/execution family: payment severity score 0.0; positive fund-progress score 70.393; persistence boost 10 points.,OPERATIONAL_TREND_CONTEXT,3.740876,state_name=Andhra Pradesh|district=Andhra Pradesh Demo District 4|sector=Roads & Bridges context; strongest metric progress_report_count; signed robust z 8.544.,False,True,True,False,False,False,False
W-001250,COMPLETION,50.105082,HIGH,1094,1036,100,COMPLIANCE,32.0,Strongest actionable compliance result REVIEW/STRONG_WARNING under rule MPLADS-11.2-COMPLETION-UC.,PAYMENT_EXECUTION,12.0,Capped payment/execution family: payment severity score 60.0; positive fund-progress score 10.000; persistence boost 10 points.,OPERATIONAL_TREND_CONTEXT,3.959854,state_name=Andhra Pradesh|district=Andhra Pradesh Demo District 3|sector=Community Infrastructure context; strongest metric progress_report_count; signed robust z 8.768.,False,True,True,False,False,False,False
W-002588,EXECUTION,50.095427,HIGH,1095,59,100,OBSERVED_CONDITIONS,18.247232,"Observed overdue=True (days=751.0, score=91.236); observed over sanction=False (overrun_pct=0.0, score=0.000).",PEER_DEVIATION,9.171598,4 peer-outlier metric(s); strongest days_since_last_payment_as_of has absolute robust deviation 24.313.,ANOMALY,8.3125,Within-lifecycle statistical unusualness percentile 83.125; not a probability.,False,False,True,False,True,False,True
W-000363,COMPLETION,50.088485,HIGH,1096,1037,100,COMPLIANCE,32.0,Strongest actionable compliance result REVIEW/STRONG_WARNING under rule MPLADS-11.2-COMPLETION-UC.,PAYMENT_EXECUTION,12.0,Capped payment/execution family: payment severity score 60.0; positive fund-progress score 12.458; persistence boost 0 points.,OPERATIONAL_TREND_CONTEXT,3.959854,state_name=Andhra Pradesh|district=Andhra Pradesh Demo District 3|sector=Community Infrastructure context; strongest metric progress_report_count; signed robust z 8.768.,False,True,True,False,False,False,False
W-002593,COMPLETION,50.084199,HIGH,1097,1038,100,COMPLIANCE,32.0,Strongest actionable compliance result REVIEW/STRONG_WARNING under rule MPLADS-11.2-COMPLETION-UC.,OPERATIONAL_TREND_CONTEXT,9.233577,state_name=Odisha|district=Odisha Demo District 3 context; strongest metric progress_report_count; signed robust z 31.196.,ANOMALY,6.850622,Within-lifecycle statistical unusualness percentile 85.633; not a probability.,False,False,True,False,False,False,False
W-001956,COMPLETION,50.083427,HIGH,1098,1039,100,COMPLIANCE,32.0,Strongest actionable compliance result REVIEW/STRONG_WARNING under rule MPLADS-11.2-COMPLETION-UC.,PAYMENT_EXECUTION,12.0,Capped payment/execution family: payment severity score 60.0; positive fund-progress score 0.000; persistence boost 0 points.,ANOMALY,5.298755,Within-lifecycle statistical unusualness percentile 66.234; not a probability.,False,True,True,False,False,False,False
W-002689,COMPLETION,50.081086,HIGH,1099,1040,100,COMPLIANCE,32.0,Strongest actionable compliance result REVIEW/STRONG_WARNING under rule MPLADS-11.2-COMPLETION-UC.,OPERATIONAL_TREND_CONTEXT,8.138686,state_name=Maharashtra|district=Maharashtra Demo District 1|sector=Health context; strongest metric progress_report_count; signed robust z 20.910.,PAYMENT_EXECUTION,6.170616,Capped payment/execution family: payment severity score 0.0; positive fund-progress score 30.853; persistence boost 10 points.,False,True,True,False,False,False,False
W-002082,COMPLETION,50.040042,HIGH,1100,1041,100,COMPLIANCE,32.0,Strongest actionable compliance result REVIEW/STRONG_WARNING under rule MPLADS-11.2-COMPLETION-UC.,OPERATIONAL_TREND_CONTEXT,9.160584,state_name=Maharashtra|district=Maharashtra Demo District 1|sector=Community Infrastructure context; strongest metric progress_report_count; signed robust z 30.352.,PAYMENT_EXECUTION,6.784022,Capped payment/execution family: payment severity score 0.0; positive fund-progress score 33.920; persistence boost 0 points.,False,True,True,False,False,False,False
W-001959,COMPLETION,50.039889,HIGH,1101,1042,100,COMPLIANCE,32.0,Strongest actionable compliance result REVIEW/STRONG_WARNING under rule MPLADS-11.2-COMPLETION-UC.,PAYMENT_EXECUTION,12.0,Capped payment/execution family: payment severity score 60.0; positive fund-progress score 59.831; persistence boost 10 points.,OPERATIONAL_TREND_CONTEXT,4.890511,state_name=Maharashtra|district=Maharashtra Demo District 4|sector=Sports context; strongest metric progress_report_count; signed robust z 10.192.,False,True,True,False,False,False,False
W-001469,COMPLETION,50.035906,HIGH,1102,1043,100,COMPLIANCE,32.0,Strongest actionable compliance result REVIEW/STRONG_WARNING under rule MPLADS-11.2-COMPLETION-UC.,PAYMENT_EXECUTION,12.0,Capped payment/execution family: payment severity score 60.0; positive fund-progress score 0.000; persistence boost 0 points.,ANOMALY,4.813278,Within-lifecycle statistical unusualness percentile 60.166; not a probability.,False,True,True,False,False,False,False
W-002424,COMPLETION,50.032529,HIGH,1103,1044,100,COMPLIANCE,32.0,Strongest actionable compliance result REVIEW/STRONG_WARNING under rule MPLADS-11.2-COMPLETION-UC.,PAYMENT_EXECUTION,12.0,Capped payment/execution family: payment severity score 60.0; positive fund-progress score 0.000; persistence boost 0 points.,OPERATIONAL_TREND_CONTEXT,4.671533,state_name=Telangana|district=Telangana Demo District 4|sector=Sanitation context; strongest metric progress_report_count; signed robust z 9.780.,False,True,True,False,False,False,False
W-002884,COMPLETION,50.01585,HIGH,1104,1045,100,COMPLIANCE,32.0,Strongest actionable compliance result REVIEW/STRONG_WARNING under rule MPLADS-11.2-COMPLETION-UC.,PAYMENT_EXECUTION,8.418416,Capped payment/execution family: payment severity score 0.0; positive fund-progress score 42.092; persistence boost 10 points.,ANOMALY,6.112033,Within-lifecycle statistical unusualness percentile 76.400; not a probability.,False,True,True,False,False,False,False
