asset_id,work_id,asset_type,asset_register_status,handover_status,public_use_status,audit_status,source_type,synthetic_demo_data
ASSET-V2-0000001,W-000009,Health,RECORDED,RECORDED,RECORDED,VERIFIED,SYNTHETIC_V2,True
ASSET-V2-0000002,W-000011,Education,RECORDED,RECORDED,RECORDED,VERIFIED,SYNTHETIC_V2,True
ASSET-V2-0000003,W-000012,Roads,RECORDED,RECORDED,RECORDED,VERIFIED,SYNTHETIC_V2,True
ASSET-V2-0000004,W-000013,Others,RECORDED,RECORDED,RECORDED,VERIFIED,SYNTHETIC_V2,True
ASSET-V2-0000005,W-000014,Community Infrastructure,RECORDED,RECORDED,RECORDED,VERIFIED,SYNTHETIC_V2,True
ASSET-V2-0000006,W-000015,Health,RECORDED,RECORDED,RECORDED,VERIFIED,SYNTHETIC_V2,True
ASSET-V2-0000007,W-000016,Drinking Water,RECORDED,RECORDED,RECORDED,VERIFIED,SYNTHETIC_V2,True
ASSET-V2-0000008,W-000017,Drinking Water,RECORDED,RECORDED,RECORDED,VERIFIED,SYNTHETIC_V2,True
ASSET-V2-0000009,W-000018,Education,RECORDED,RECORDED,RECORDED,VERIFIED,SYNTHETIC_V2,True
ASSET-V2-0000010,W-000019,Roads,RECORDED,RECORDED,RECORDED,VERIFIED,SYNTHETIC_V2,True
ASSET-V2-0000011,W-000029,Drinking Water,RECORDED,RECORDED,RECORDED,VERIFIED,SYNTHETIC_V2,True
ASSET-V2-0000012,W-000030,Education,RECORDED,RECORDED,RECORDED,VERIFIED,SYNTHETIC_V2,True
ASSET-V2-0000013,W-000031,Roads,RECORDED,RECORDED,RECORDED,VERIFIED,SYNTHETIC_V2,True
ASSET-V2-0000014,W-000032,Others,RECORDED,RECORDED,RECORDED,VERIFIED,SYNTHETIC_V2,True
ASSET-V2-0000015,W-000033,Community Infrastructure,RECORDED,RECORDED,RECORDED,VERIFIED,SYNTHETIC_V2,True
ASSET-V2-0000016,W-000034,Community Infrastructure,RECORDED,RECORDED,RECORDED,VERIFIED,SYNTHETIC_V2,True
ASSET-V2-0000017,W-000035,Health,RECORDED,RECORDED,RECORDED,VERIFIED,SYNTHETIC_V2,True
ASSET-V2-0000018,W-000036,Drinking Water,RECORDED,RECORDED,RECORDED,VERIFIED,SYNTHETIC_V2,True
ASSET-V2-0000019,W-000037,Education,RECORDED,RECORDED,RECORDED,VERIFIED,SYNTHETIC_V2,True
ASSET-V2-0000020,W-000038,Roads,RECORDED,RECORDED,RECORDED,VERIFIED,SYNTHETIC_V2,True
ASSET-V2-0000021,W-000049,Education,RECORDED,RECORDED,RECORDED,VERIFIED,SYNTHETIC_V2,True
ASSET-V2-0000022,W-000050,Roads,RECORDED,RECORDED,RECORDED,VERIFIED,SYNTHETIC_V2,True
ASSET-V2-0000023,W-000052,Others,RECORDED,RECORDED,RECORDED,VERIFIED,SYNTHETIC_V2,True
ASSET-V2-0000024,W-000053,Community Infrastructure,RECORDED,RECORDED,RECORDED,VERIFIED,SYNTHETIC_V2,True
ASSET-V2-0000025,W-000054,Health,RECORDED,RECORDED,RECORDED,VERIFIED,SYNTHETIC_V2,True
ASSET-V2-0000026,W-000055,Drinking Water,RECORDED,RECORDED,RECORDED,VERIFIED,SYNTHETIC_V2,True
ASSET-V2-0000027,W-000056,Education,RECORDED,RECORDED,RECORDED,VERIFIED,SYNTHETIC_V2,True
ASSET-V2-0000028,W-000057,Roads,RECORDED,RECORDED,RECORDED,VERIFIED,SYNTHETIC_V2,True
ASSET-V2-0000029,W-000058,Others,RECORDED,RECORDED,RECORDED,VERIFIED,SYNTHETIC_V2,True
ASSET-V2-0000030,W-000059,Community Infrastructure,RECORDED,RECORDED,RECORDED,VERIFIED,SYNTHETIC_V2,True
ASSET-V2-0000031,W-000069,Education,RECORDED,RECORDED,RECORDED,VERIFIED,SYNTHETIC_V2,True
ASSET-V2-0000032,W-000070,Roads,RECORDED,RECORDED,RECORDED,VERIFIED,SYNTHETIC_V2,True
ASSET-V2-0000033,W-000072,Community Infrastructure,RECORDED,RECORDED,RECORDED,VERIFIED,SYNTHETIC_V2,True
ASSET-V2-0000034,W-000073,Health,RECORDED,RECORDED,RECORDED,VERIFIED,SYNTHETIC_V2,True
ASSET-V2-0000035,W-000074,Drinking Water,RECORDED,RECORDED,RECORDED,VERIFIED,SYNTHETIC_V2,True
ASSET-V2-0000036,W-000075,Education,RECORDED,RECORDED,RECORDED,VERIFIED,SYNTHETIC_V2,True
ASSET-V2-0000037,W-000076,Roads,RECORDED,RECORDED,RECORDED,VERIFIED,SYNTHETIC_V2,True
ASSET-V2-0000038,W-000077,Others,RECORDED,RECORDED,RECORDED,VERIFIED,SYNTHETIC_V2,True
ASSET-V2-0000039,W-000078,Community Infrastructure,RECORDED,RECORDED,RECORDED,VERIFIED,SYNTHETIC_V2,True
ASSET-V2-0000040,W-000079,Health,RECORDED,RECORDED,RECORDED,VERIFIED,SYNTHETIC_V2,True
ASSET-V2-0000041,W-000089,Roads,RECORDED,RECORDED,RECORDED,VERIFIED,SYNTHETIC_V2,True
ASSET-V2-0000042,W-000090,Others,RECORDED,RECORDED,RECORDED,VERIFIED,SYNTHETIC_V2,True
ASSET-V2-0000043,W-000091,Community Infrastructure,RECORDED,RECORDED,RECORDED,VERIFIED,SYNTHETIC_V2,True
ASSET-V2-0000044,W-000092,Health,RECORDED,RECORDED,RECORDED,VERIFIED,SYNTHETIC_V2,True
ASSET-V2-0000045,W-000093,Drinking Water,RECORDED,RECORDED,RECORDED,VERIFIED,SYNTHETIC_V2,True
ASSET-V2-0000046,W-000094,Education,RECORDED,RECORDED,RECORDED,VERIFIED,SYNTHETIC_V2,True
ASSET-V2-0000047,W-000095,Roads,RECORDED,RECORDED,RECORDED,VERIFIED,SYNTHETIC_V2,True
ASSET-V2-0000048,W-000096,Others,RECORDED,RECORDED,RECORDED,VERIFIED,SYNTHETIC_V2,True
ASSET-V2-0000049,W-000097,Community Infrastructure,RECORDED,RECORDED,RECORDED,VERIFIED,SYNTHETIC_V2,True
ASSET-V2-0000050,W-000099,Drinking Water,RECORDED,RECORDED,RECORDED,VERIFIED,SYNTHETIC_V2,True
ASSET-V2-0000051,W-000101,Roads,RECORDED,RECORDED,RECORDED,VERIFIED,SYNTHETIC_V2,True
ASSET-V2-0000052,W-000109,Others,RECORDED,RECORDED,RECORDED,VERIFIED,SYNTHETIC_V2,True
ASSET-V2-0000053,W-000110,Community Infrastructure,RECORDED,RECORDED,RECORDED,VERIFIED,SYNTHETIC_V2,True
ASSET-V2-0000054,W-000111,Health,RECORDED,RECORDED,RECORDED,VERIFIED,SYNTHETIC_V2,True
ASSET-V2-0000055,W-000112,Drinking Water,RECORDED,RECORDED,RECORDED,VERIFIED,SYNTHETIC_V2,True
ASSET-V2-0000056,W-000113,Education,RECORDED,RECORDED,RECORDED,VERIFIED,SYNTHETIC_V2,True
ASSET-V2-0000057,W-000115,Others,RECORDED,RECORDED,RECORDED,VERIFIED,SYNTHETIC_V2,True
ASSET-V2-0000058,W-000116,Community Infrastructure,RECORDED,RECORDED,RECORDED,VERIFIED,SYNTHETIC_V2,True
ASSET-V2-0000059,W-000117,Health,RECORDED,RECORDED,RECORDED,VERIFIED,SYNTHETIC_V2,True
ASSET-V2-0000060,W-000118,Drinking Water,RECORDED,RECORDED,RECORDED,VERIFIED,SYNTHETIC_V2,True
ASSET-V2-0000061,W-000119,Drinking Water,RECORDED,RECORDED,RECORDED,VERIFIED,SYNTHETIC_V2,True
ASSET-V2-0000062,W-000130,Health,RECORDED,RECORDED,RECORDED,VERIFIED,SYNTHETIC_V2,True
ASSET-V2-0000063,W-000131,Drinking Water,RECORDED,RECORDED,RECORDED,VERIFIED,SYNTHETIC_V2,True
ASSET-V2-0000064,W-000132,Education,RECORDED,RECORDED,RECORDED,VERIFIED,SYNTHETIC_V2,True
ASSET-V2-0000065,W-000133,Roads,RECORDED,RECORDED,RECORDED,VERIFIED,SYNTHETIC_V2,True
ASSET-V2-0000066,W-000134,Others,RECORDED,RECORDED,RECORDED,VERIFIED,SYNTHETIC_V2,True
ASSET-V2-0000067,W-000135,Community Infrastructure,RECORDED,RECORDED,RECORDED,VERIFIED,SYNTHETIC_V2,True
ASSET-V2-0000068,W-000136,Community Infrastructure,RECORDED,RECORDED,RECORDED,VERIFIED,SYNTHETIC_V2,True
ASSET-V2-0000069,W-000137,Health,RECORDED,RECORDED,RECORDED,VERIFIED,SYNTHETIC_V2,True
ASSET-V2-0000070,W-000138,Drinking Water,RECORDED,RECORDED,RECORDED,VERIFIED,SYNTHETIC_V2,True
ASSET-V2-0000071,W-000139,Education,RECORDED,RECORDED,RECORDED,VERIFIED,SYNTHETIC_V2,True
ASSET-V2-0000072,W-000149,Health,RECORDED,RECORDED,RECORDED,VERIFIED,SYNTHETIC_V2,True
ASSET-V2-0000073,W-000150,Drinking Water,RECORDED,RECORDED,RECORDED,VERIFIED,SYNTHETIC_V2,True
ASSET-V2-0000074,W-000151,Education,RECORDED,RECORDED,RECORDED,VERIFIED,SYNTHETIC_V2,True
ASSET-V2-0000075,W-000152,Roads,RECORDED,RECORDED,RECORDED,VERIFIED,SYNTHETIC_V2,True
ASSET-V2-0000076,W-000153,Roads,RECORDED,RECORDED,RECORDED,VERIFIED,SYNTHETIC_V2,True
ASSET-V2-0000077,W-000154,Others,RECORDED,RECORDED,RECORDED,VERIFIED,SYNTHETIC_V2,True
ASSET-V2-0000078,W-000155,Community Infrastructure,RECORDED,RECORDED,RECORDED,VERIFIED,SYNTHETIC_V2,True
ASSET-V2-0000079,W-000156,Health,RECORDED,RECORDED,RECORDED,VERIFIED,SYNTHETIC_V2,True
ASSET-V2-0000080,W-000157,Drinking Water,RECORDED,RECORDED,RECORDED,VERIFIED,SYNTHETIC_V2,True
ASSET-V2-0000081,W-000159,Roads,RECORDED,RECORDED,RECORDED,VERIFIED,SYNTHETIC_V2,True
ASSET-V2-0000082,W-000169,Drinking Water,RECORDED,RECORDED,RECORDED,VERIFIED,SYNTHETIC_V2,True
ASSET-V2-0000083,W-000170,Drinking Water,RECORDED,RECORDED,RECORDED,VERIFIED,SYNTHETIC_V2,True
ASSET-V2-0000084,W-000171,Education,RECORDED,RECORDED,RECORDED,VERIFIED,SYNTHETIC_V2,True
ASSET-V2-0000085,W-000172,Roads,RECORDED,RECORDED,RECORDED,VERIFIED,SYNTHETIC_V2,True
ASSET-V2-0000086,W-000173,Others,RECORDED,RECORDED,RECORDED,VERIFIED,SYNTHETIC_V2,True
ASSET-V2-0000087,W-000174,Community Infrastructure,RECORDED,RECORDED,RECORDED,VERIFIED,SYNTHETIC_V2,True
ASSET-V2-0000088,W-000176,Drinking Water,RECORDED,RECORDED,RECORDED,VERIFIED,SYNTHETIC_V2,True
ASSET-V2-0000089,W-000177,Education,RECORDED,RECORDED,RECORDED,VERIFIED,SYNTHETIC_V2,True
ASSET-V2-0000090,W-000178,Roads,RECORDED,RECORDED,RECORDED,VERIFIED,SYNTHETIC_V2,True
ASSET-V2-0000091,W-000179,Others,RECORDED,RECORDED,RECORDED,VERIFIED,SYNTHETIC_V2,True
ASSET-V2-0000092,W-000189,Drinking Water,RECORDED,RECORDED,RECORDED,VERIFIED,SYNTHETIC_V2,True
ASSET-V2-0000093,W-000190,Education,RECORDED,RECORDED,RECORDED,VERIFIED,SYNTHETIC_V2,True
ASSET-V2-0000094,W-000191,Roads,RECORDED,RECORDED,RECORDED,VERIFIED,SYNTHETIC_V2,True
ASSET-V2-0000095,W-000192,Others,RECORDED,RECORDED,RECORDED,VERIFIED,SYNTHETIC_V2,True
ASSET-V2-0000096,W-000193,Community Infrastructure,RECORDED,RECORDED,RECORDED,VERIFIED,SYNTHETIC_V2,True
ASSET-V2-0000097,W-000194,Health,RECORDED,RECORDED,RECORDED,VERIFIED,SYNTHETIC_V2,True
ASSET-V2-0000098,W-000195,Drinking Water,RECORDED,RECORDED,RECORDED,VERIFIED,SYNTHETIC_V2,True
ASSET-V2-0000099,W-000196,Education,RECORDED,RECORDED,RECORDED,VERIFIED,SYNTHETIC_V2,True
ASSET-V2-0000100,W-000197,Roads,RECORDED,RECORDED,RECORDED,VERIFIED,SYNTHETIC_V2,True
ASSET-V2-0000101,W-000198,Others,RECORDED,RECORDED,RECORDED,VERIFIED,SYNTHETIC_V2,True
ASSET-V2-0000102,W-000199,Community Infrastructure,RECORDED,RECORDED,RECORDED,VERIFIED,SYNTHETIC_V2,True
ASSET-V2-0000103,W-000209,Education,RECORDED,RECORDED,RECORDED,VERIFIED,SYNTHETIC_V2,True
ASSET-V2-0000104,W-000210,Roads,RECORDED,RECORDED,RECORDED,VERIFIED,SYNTHETIC_V2,True
ASSET-V2-0000105,W-000211,Others,RECORDED,RECORDED,RECORDED,VERIFIED,SYNTHETIC_V2,True
ASSET-V2-0000106,W-000212,Community Infrastructure,RECORDED,RECORDED,RECORDED,VERIFIED,SYNTHETIC_V2,True
ASSET-V2-0000107,W-000213,Health,RECORDED,RECORDED,RECORDED,VERIFIED,SYNTHETIC_V2,True
ASSET-V2-0000108,W-000214,Drinking Water,RECORDED,RECORDED,RECORDED,VERIFIED,SYNTHETIC_V2,True
ASSET-V2-0000109,W-000215,Education,RECORDED,RECORDED,RECORDED,VERIFIED,SYNTHETIC_V2,True
ASSET-V2-0000110,W-000216,Roads,RECORDED,RECORDED,RECORDED,VERIFIED,SYNTHETIC_V2,True
ASSET-V2-0000111,W-000217,Others,RECORDED,RECORDED,RECORDED,VERIFIED,SYNTHETIC_V2,True
ASSET-V2-0000112,W-000218,Community Infrastructure,RECORDED,RECORDED,RECORDED,VERIFIED,SYNTHETIC_V2,True
ASSET-V2-0000113,W-000219,Health,RECORDED,RECORDED,RECORDED,VERIFIED,SYNTHETIC_V2,True
ASSET-V2-0000114,W-000229,Roads,RECORDED,RECORDED,RECORDED,VERIFIED,SYNTHETIC_V2,True
ASSET-V2-0000115,W-000230,Others,RECORDED,RECORDED,RECORDED,VERIFIED,SYNTHETIC_V2,True
ASSET-V2-0000116,W-000231,Community Infrastructure,RECORDED,RECORDED,RECORDED,VERIFIED,SYNTHETIC_V2,True
ASSET-V2-0000117,W-000232,Health,RECORDED,RECORDED,RECORDED,VERIFIED,SYNTHETIC_V2,True
ASSET-V2-0000118,W-000233,Drinking Water,RECORDED,RECORDED,RECORDED,VERIFIED,SYNTHETIC_V2,True
ASSET-V2-0000119,W-000234,Education,RECORDED,RECORDED,RECORDED,VERIFIED,SYNTHETIC_V2,True
ASSET-V2-0000120,W-000235,Roads,RECORDED,RECORDED,RECORDED,VERIFIED,SYNTHETIC_V2,True
ASSET-V2-0000121,W-000236,Others,RECORDED,RECORDED,RECORDED,VERIFIED,SYNTHETIC_V2,True
ASSET-V2-0000122,W-000237,Community Infrastructure,RECORDED,RECORDED,RECORDED,VERIFIED,SYNTHETIC_V2,True
ASSET-V2-0000123,W-000238,Community Infrastructure,RECORDED,RECORDED,RECORDED,VERIFIED,SYNTHETIC_V2,True
ASSET-V2-0000124,W-000239,Health,RECORDED,RECORDED,RECORDED,VERIFIED,SYNTHETIC_V2,True
ASSET-V2-0000125,W-000249,Others,RECORDED,RECORDED,RECORDED,VERIFIED,SYNTHETIC_V2,True
ASSET-V2-0000126,W-000250,Community Infrastructure,RECORDED,RECORDED,RECORDED,VERIFIED,SYNTHETIC_V2,True
ASSET-V2-0000127,W-000251,Health,RECORDED,RECORDED,RECORDED,VERIFIED,SYNTHETIC_V2,True
ASSET-V2-0000128,W-000252,Drinking Water,RECORDED,RECORDED,RECORDED,VERIFIED,SYNTHETIC_V2,True
ASSET-V2-0000129,W-000253,Education,RECORDED,RECORDED,RECORDED,VERIFIED,SYNTHETIC_V2,True
ASSET-V2-0000130,W-000254,Roads,RECORDED,RECORDED,RECORDED,VERIFIED,SYNTHETIC_V2,True
ASSET-V2-0000131,W-000255,Roads,RECORDED,RECORDED,RECORDED,VERIFIED,SYNTHETIC_V2,True
ASSET-V2-0000132,W-000256,Others,RECORDED,RECORDED,RECORDED,VERIFIED,SYNTHETIC_V2,True
ASSET-V2-0000133,W-000257,Community Infrastructure,RECORDED,RECORDED,RECORDED,VERIFIED,SYNTHETIC_V2,True
ASSET-V2-0000134,W-000258,Health,RECORDED,RECORDED,RECORDED,VERIFIED,SYNTHETIC_V2,True
ASSET-V2-0000135,W-000259,Drinking Water,RECORDED,RECORDED,RECORDED,VERIFIED,SYNTHETIC_V2,True
ASSET-V2-0000136,W-000269,Community Infrastructure,RECORDED,RECORDED,RECORDED,VERIFIED,SYNTHETIC_V2,True
ASSET-V2-0000137,W-000270,Health,RECORDED,RECORDED,RECORDED,VERIFIED,SYNTHETIC_V2,True
ASSET-V2-0000138,W-000271,Drinking Water,RECORDED,RECORDED,RECORDED,VERIFIED,SYNTHETIC_V2,True
ASSET-V2-0000139,W-000272,Drinking Water,RECORDED,RECORDED,RECORDED,VERIFIED,SYNTHETIC_V2,True
ASSET-V2-0000140,W-000273,Education,RECORDED,RECORDED,RECORDED,VERIFIED,SYNTHETIC_V2,True
ASSET-V2-0000141,W-000274,Roads,RECORDED,RECORDED,RECORDED,VERIFIED,SYNTHETIC_V2,True
ASSET-V2-0000142,W-000275,Others,RECORDED,RECORDED,RECORDED,VERIFIED,SYNTHETIC_V2,True
ASSET-V2-0000143,W-000276,Community Infrastructure,RECORDED,RECORDED,RECORDED,VERIFIED,SYNTHETIC_V2,True
ASSET-V2-0000144,W-000277,Health,RECORDED,RECORDED,RECORDED,VERIFIED,SYNTHETIC_V2,True
ASSET-V2-0000145,W-000278,Drinking Water,RECORDED,RECORDED,RECORDED,VERIFIED,SYNTHETIC_V2,True
ASSET-V2-0000146,W-000279,Education,RECORDED,RECORDED,RECORDED,VERIFIED,SYNTHETIC_V2,True
ASSET-V2-0000147,W-000289,Community Infrastructure,RECORDED,RECORDED,RECORDED,VERIFIED,SYNTHETIC_V2,True
ASSET-V2-0000148,W-000291,Drinking Water,RECORDED,RECORDED,RECORDED,VERIFIED,SYNTHETIC_V2,True
ASSET-V2-0000149,W-000292,Education,RECORDED,RECORDED,RECORDED,VERIFIED,SYNTHETIC_V2,True
ASSET-V2-0000150,W-000293,Roads,RECORDED,RECORDED,RECORDED,VERIFIED,SYNTHETIC_V2,True
ASSET-V2-0000151,W-000294,Others,RECORDED,RECORDED,RECORDED,VERIFIED,SYNTHETIC_V2,True
ASSET-V2-0000152,W-000295,Community Infrastructure,RECORDED,RECORDED,RECORDED,VERIFIED,SYNTHETIC_V2,True
ASSET-V2-0000153,W-000296,Health,RECORDED,RECORDED,RECORDED,VERIFIED,SYNTHETIC_V2,True
ASSET-V2-0000154,W-000297,Drinking Water,RECORDED,RECORDED,RECORDED,VERIFIED,SYNTHETIC_V2,True
ASSET-V2-0000155,W-000298,Education,RECORDED,RECORDED,RECORDED,VERIFIED,SYNTHETIC_V2,True
ASSET-V2-0000156,W-000299,Roads,RECORDED,RECORDED,RECORDED,VERIFIED,SYNTHETIC_V2,True
ASSET-V2-0000157,W-000309,Health,RECORDED,RECORDED,RECORDED,VERIFIED,SYNTHETIC_V2,True
ASSET-V2-0000158,W-000310,Drinking Water,RECORDED,RECORDED,RECORDED,VERIFIED,SYNTHETIC_V2,True
ASSET-V2-0000159,W-000311,Education,RECORDED,RECORDED,RECORDED,VERIFIED,SYNTHETIC_V2,True
ASSET-V2-0000160,W-000313,Others,RECORDED,RECORDED,RECORDED,VERIFIED,SYNTHETIC_V2,True
ASSET-V2-0000161,W-000314,Community Infrastructure,RECORDED,RECORDED,RECORDED,VERIFIED,SYNTHETIC_V2,True
ASSET-V2-0000162,W-000315,Health,RECORDED,RECORDED,RECORDED,VERIFIED,SYNTHETIC_V2,True
ASSET-V2-0000163,W-000316,Drinking Water,RECORDED,RECORDED,RECORDED,VERIFIED,SYNTHETIC_V2,True
ASSET-V2-0000164,W-000317,Education,RECORDED,RECORDED,RECORDED,VERIFIED,SYNTHETIC_V2,True
ASSET-V2-0000165,W-000318,Roads,RECORDED,RECORDED,RECORDED,VERIFIED,SYNTHETIC_V2,True
ASSET-V2-0000166,W-000319,Others,RECORDED,RECORDED,RECORDED,VERIFIED,SYNTHETIC_V2,True
ASSET-V2-0000167,W-000329,Drinking Water,RECORDED,RECORDED,RECORDED,VERIFIED,SYNTHETIC_V2,True
ASSET-V2-0000168,W-000330,Education,RECORDED,RECORDED,RECORDED,VERIFIED,SYNTHETIC_V2,True
ASSET-V2-0000169,W-000331,Roads,RECORDED,RECORDED,RECORDED,VERIFIED,SYNTHETIC_V2,True
ASSET-V2-0000170,W-000332,Others,RECORDED,RECORDED,RECORDED,VERIFIED,SYNTHETIC_V2,True
ASSET-V2-0000171,W-000333,Community Infrastructure,RECORDED,RECORDED,RECORDED,VERIFIED,SYNTHETIC_V2,True
ASSET-V2-0000172,W-000334,Health,RECORDED,RECORDED,RECORDED,VERIFIED,SYNTHETIC_V2,True
ASSET-V2-0000173,W-000335,Drinking Water,RECORDED,RECORDED,RECORDED,VERIFIED,SYNTHETIC_V2,True
ASSET-V2-0000174,W-000336,Education,RECORDED,RECORDED,RECORDED,VERIFIED,SYNTHETIC_V2,True
ASSET-V2-0000175,W-000337,Roads,RECORDED,RECORDED,RECORDED,VERIFIED,SYNTHETIC_V2,True
ASSET-V2-0000176,W-000338,Others,RECORDED,RECORDED,RECORDED,VERIFIED,SYNTHETIC_V2,True
ASSET-V2-0000177,W-000339,Community Infrastructure,RECORDED,RECORDED,RECORDED,VERIFIED,SYNTHETIC_V2,True
ASSET-V2-0000178,W-000349,Education,RECORDED,RECORDED,RECORDED,VERIFIED,SYNTHETIC_V2,True
ASSET-V2-0000179,W-000350,Roads,RECORDED,RECORDED,RECORDED,VERIFIED,SYNTHETIC_V2,True
ASSET-V2-0000180,W-000351,Others,RECORDED,RECORDED,RECORDED,VERIFIED,SYNTHETIC_V2,True
ASSET-V2-0000181,W-000352,Community Infrastructure,RECORDED,RECORDED,RECORDED,VERIFIED,SYNTHETIC_V2,True
ASSET-V2-0000182,W-000353,Health,RECORDED,RECORDED,RECORDED,VERIFIED,SYNTHETIC_V2,True
ASSET-V2-0000183,W-000354,Drinking Water,RECORDED,RECORDED,RECORDED,VERIFIED,SYNTHETIC_V2,True
ASSET-V2-0000184,W-000355,Education,RECORDED,RECORDED,RECORDED,VERIFIED,SYNTHETIC_V2,True
ASSET-V2-0000185,W-000356,Roads,RECORDED,RECORDED,RECORDED,VERIFIED,SYNTHETIC_V2,True
ASSET-V2-0000186,W-000357,Roads,RECORDED,RECORDED,RECORDED,VERIFIED,SYNTHETIC_V2,True
ASSET-V2-0000187,W-000358,Others,RECORDED,RECORDED,RECORDED,VERIFIED,SYNTHETIC_V2,True
ASSET-V2-0000188,W-000359,Community Infrastructure,RECORDED,RECORDED,RECORDED,VERIFIED,SYNTHETIC_V2,True
ASSET-V2-0000189,W-000369,Roads,RECORDED,RECORDED,RECORDED,VERIFIED,SYNTHETIC_V2,True
ASSET-V2-0000190,W-000370,Others,RECORDED,RECORDED,RECORDED,VERIFIED,SYNTHETIC_V2,True
ASSET-V2-0000191,W-000371,Community Infrastructure,RECORDED,RECORDED,RECORDED,VERIFIED,SYNTHETIC_V2,True
ASSET-V2-0000192,W-000372,Health,RECORDED,RECORDED,RECORDED,VERIFIED,SYNTHETIC_V2,True
ASSET-V2-0000193,W-000373,Drinking Water,RECORDED,RECORDED,RECORDED,VERIFIED,SYNTHETIC_V2,True
ASSET-V2-0000194,W-000374,Drinking Water,RECORDED,RECORDED,RECORDED,VERIFIED,SYNTHETIC_V2,True
ASSET-V2-0000195,W-000375,Education,RECORDED,RECORDED,RECORDED,VERIFIED,SYNTHETIC_V2,True
ASSET-V2-0000196,W-000376,Roads,RECORDED,RECORDED,RECORDED,VERIFIED,SYNTHETIC_V2,True
ASSET-V2-0000197,W-000377,Others,RECORDED,RECORDED,RECORDED,VERIFIED,SYNTHETIC_V2,True
ASSET-V2-0000198,W-000378,Community Infrastructure,RECORDED,RECORDED,RECORDED,VERIFIED,SYNTHETIC_V2,True
ASSET-V2-0000199,W-000379,Health,RECORDED,RECORDED,RECORDED,VERIFIED,SYNTHETIC_V2,True
ASSET-V2-0000200,W-000389,Others,RECORDED,RECORDED,RECORDED,VERIFIED,SYNTHETIC_V2,True
ASSET-V2-0000201,W-000390,Community Infrastructure,RECORDED,RECORDED,RECORDED,VERIFIED,SYNTHETIC_V2,True
ASSET-V2-0000202,W-000391,Community Infrastructure,RECORDED,RECORDED,RECORDED,VERIFIED,SYNTHETIC_V2,True
ASSET-V2-0000203,W-000392,Health,RECORDED,RECORDED,RECORDED,VERIFIED,SYNTHETIC_V2,True
ASSET-V2-0000204,W-000393,Drinking Water,RECORDED,RECORDED,RECORDED,VERIFIED,SYNTHETIC_V2,True
ASSET-V2-0000205,W-000394,Education,RECORDED,RECORDED,RECORDED,VERIFIED,SYNTHETIC_V2,True
ASSET-V2-0000206,W-000395,Roads,RECORDED,RECORDED,RECORDED,VERIFIED,SYNTHETIC_V2,True
ASSET-V2-0000207,W-000396,Others,RECORDED,RECORDED,RECORDED,VERIFIED,SYNTHETIC_V2,True
ASSET-V2-0000208,W-000397,Community Infrastructure,RECORDED,RECORDED,RECORDED,VERIFIED,SYNTHETIC_V2,True
ASSET-V2-0000209,W-000398,Health,RECORDED,RECORDED,RECORDED,VERIFIED,SYNTHETIC_V2,True
ASSET-V2-0000210,W-000399,Drinking Water,RECORDED,RECORDED,RECORDED,VERIFIED,SYNTHETIC_V2,True
ASSET-V2-0000211,W-000409,Others,RECORDED,RECORDED,RECORDED,VERIFIED,SYNTHETIC_V2,True
ASSET-V2-0000212,W-000410,Community Infrastructure,RECORDED,RECORDED,RECORDED,VERIFIED,SYNTHETIC_V2,True
ASSET-V2-0000213,W-000411,Health,RECORDED,RECORDED,RECORDED,VERIFIED,SYNTHETIC_V2,True
ASSET-V2-0000214,W-000412,Drinking Water,RECORDED,RECORDED,RECORDED,VERIFIED,SYNTHETIC_V2,True
ASSET-V2-0000215,W-000413,Education,RECORDED,RECORDED,RECORDED,VERIFIED,SYNTHETIC_V2,True
ASSET-V2-0000216,W-000414,Roads,RECORDED,RECORDED,RECORDED,VERIFIED,SYNTHETIC_V2,True
ASSET-V2-0000217,W-000415,Others,RECORDED,RECORDED,RECORDED,VERIFIED,SYNTHETIC_V2,True
ASSET-V2-0000218,W-000416,Community Infrastructure,RECORDED,RECORDED,RECORDED,VERIFIED,SYNTHETIC_V2,True
ASSET-V2-0000219,W-000417,Health,RECORDED,RECORDED,RECORDED,VERIFIED,SYNTHETIC_V2,True
ASSET-V2-0000220,W-000418,Drinking Water,RECORDED,RECORDED,RECORDED,VERIFIED,SYNTHETIC_V2,True
ASSET-V2-0000221,W-000419,Education,RECORDED,RECORDED,RECORDED,VERIFIED,SYNTHETIC_V2,True
ASSET-V2-0000222,W-000429,Community Infrastructure,RECORDED,RECORDED,RECORDED,VERIFIED,SYNTHETIC_V2,True
ASSET-V2-0000223,W-000430,Health,RECORDED,RECORDED,RECORDED,VERIFIED,SYNTHETIC_V2,True
ASSET-V2-0000224,W-000431,Drinking Water,RECORDED,RECORDED,RECORDED,VERIFIED,SYNTHETIC_V2,True
ASSET-V2-0000225,W-000432,Education,RECORDED,RECORDED,RECORDED,VERIFIED,SYNTHETIC_V2,True
ASSET-V2-0000226,W-000433,Roads,RECORDED,RECORDED,RECORDED,VERIFIED,SYNTHETIC_V2,True
ASSET-V2-0000227,W-000434,Others,RECORDED,RECORDED,RECORDED,VERIFIED,SYNTHETIC_V2,True
ASSET-V2-0000228,W-000435,Community Infrastructure,RECORDED,RECORDED,RECORDED,VERIFIED,SYNTHETIC_V2,True
ASSET-V2-0000229,W-000436,Health,RECORDED,RECORDED,RECORDED,VERIFIED,SYNTHETIC_V2,True
ASSET-V2-0000230,W-000437,Drinking Water,RECORDED,RECORDED,RECORDED,VERIFIED,SYNTHETIC_V2,True
ASSET-V2-0000231,W-000438,Education,RECORDED,RECORDED,RECORDED,VERIFIED,SYNTHETIC_V2,True
ASSET-V2-0000232,W-000439,Roads,RECORDED,RECORDED,RECORDED,VERIFIED,SYNTHETIC_V2,True
ASSET-V2-0000233,W-000449,Health,RECORDED,RECORDED,RECORDED,VERIFIED,SYNTHETIC_V2,True
ASSET-V2-0000234,W-000450,Drinking Water,RECORDED,RECORDED,RECORDED,VERIFIED,SYNTHETIC_V2,True
ASSET-V2-0000235,W-000451,Education,RECORDED,RECORDED,RECORDED,VERIFIED,SYNTHETIC_V2,True
ASSET-V2-0000236,W-000452,Roads,RECORDED,RECORDED,RECORDED,VERIFIED,SYNTHETIC_V2,True
ASSET-V2-0000237,W-000453,Others,RECORDED,RECORDED,RECORDED,VERIFIED,SYNTHETIC_V2,True
ASSET-V2-0000238,W-000454,Community Infrastructure,RECORDED,RECORDED,RECORDED,VERIFIED,SYNTHETIC_V2,True
ASSET-V2-0000239,W-000455,Health,RECORDED,RECORDED,RECORDED,VERIFIED,SYNTHETIC_V2,True
ASSET-V2-0000240,W-000456,Drinking Water,RECORDED,RECORDED,RECORDED,VERIFIED,SYNTHETIC_V2,True
ASSET-V2-0000241,W-000457,Education,RECORDED,RECORDED,RECORDED,VERIFIED,SYNTHETIC_V2,True
ASSET-V2-0000242,W-000458,Roads,RECORDED,RECORDED,RECORDED,VERIFIED,SYNTHETIC_V2,True
ASSET-V2-0000243,W-000459,Roads,RECORDED,RECORDED,RECORDED,VERIFIED,SYNTHETIC_V2,True
ASSET-V2-0000244,W-000469,Drinking Water,RECORDED,RECORDED,RECORDED,VERIFIED,SYNTHETIC_V2,True
ASSET-V2-0000245,W-000470,Education,RECORDED,RECORDED,RECORDED,VERIFIED,SYNTHETIC_V2,True
ASSET-V2-0000246,W-000471,Roads,RECORDED,RECORDED,RECORDED,VERIFIED,SYNTHETIC_V2,True
ASSET-V2-0000247,W-000472,Others,RECORDED,RECORDED,RECORDED,VERIFIED,SYNTHETIC_V2,True
ASSET-V2-0000248,W-000473,Community Infrastructure,RECORDED,RECORDED,RECORDED,VERIFIED,SYNTHETIC_V2,True
ASSET-V2-0000249,W-000474,Health,RECORDED,RECORDED,RECORDED,VERIFIED,SYNTHETIC_V2,True
ASSET-V2-0000250,W-000475,Drinking Water,RECORDED,RECORDED,RECORDED,VERIFIED,SYNTHETIC_V2,True
ASSET-V2-0000251,W-000476,Drinking Water,RECORDED,RECORDED,RECORDED,VERIFIED,SYNTHETIC_V2,True
ASSET-V2-0000252,W-000477,Education,RECORDED,RECORDED,RECORDED,VERIFIED,SYNTHETIC_V2,True
ASSET-V2-0000253,W-000478,Roads,RECORDED,RECORDED,RECORDED,VERIFIED,SYNTHETIC_V2,True
ASSET-V2-0000254,W-000479,Others,RECORDED,RECORDED,RECORDED,VERIFIED,SYNTHETIC_V2,True
ASSET-V2-0000255,W-000489,Education,RECORDED,RECORDED,RECORDED,VERIFIED,SYNTHETIC_V2,True
ASSET-V2-0000256,W-000490,Roads,RECORDED,RECORDED,RECORDED,VERIFIED,SYNTHETIC_V2,True
ASSET-V2-0000257,W-000491,Others,RECORDED,RECORDED,RECORDED,VERIFIED,SYNTHETIC_V2,True
ASSET-V2-0000258,W-000492,Community Infrastructure,RECORDED,RECORDED,RECORDED,VERIFIED,SYNTHETIC_V2,True
ASSET-V2-0000259,W-000493,Community Infrastructure,RECORDED,RECORDED,RECORDED,VERIFIED,SYNTHETIC_V2,True
ASSET-V2-0000260,W-000494,Health,RECORDED,RECORDED,RECORDED,VERIFIED,SYNTHETIC_V2,True
ASSET-V2-0000261,W-000495,Drinking Water,RECORDED,RECORDED,RECORDED,VERIFIED,SYNTHETIC_V2,True
ASSET-V2-0000262,W-000496,Education,RECORDED,RECORDED,RECORDED,VERIFIED,SYNTHETIC_V2,True
ASSET-V2-0000263,W-000497,Roads,RECORDED,RECORDED,RECORDED,VERIFIED,SYNTHETIC_V2,True
ASSET-V2-0000264,W-000498,Others,RECORDED,RECORDED,RECORDED,VERIFIED,SYNTHETIC_V2,True
ASSET-V2-0000265,W-000499,Community Infrastructure,RECORDED,RECORDED,RECORDED,VERIFIED,SYNTHETIC_V2,True
ASSET-V2-0000266,W-000505,Community Infrastructure,RECORDED,RECORDED,RECORDED,VERIFIED,SYNTHETIC_V2,True
ASSET-V2-0000267,W-000509,Roads,RECORDED,RECORDED,RECORDED,VERIFIED,SYNTHETIC_V2,True
ASSET-V2-0000268,W-000510,Roads,RECORDED,RECORDED,RECORDED,VERIFIED,SYNTHETIC_V2,True
ASSET-V2-0000269,W-000511,Others,RECORDED,RECORDED,RECORDED,VERIFIED,SYNTHETIC_V2,True
ASSET-V2-0000270,W-000512,Community Infrastructure,RECORDED,RECORDED,RECORDED,VERIFIED,SYNTHETIC_V2,True
ASSET-V2-0000271,W-000513,Health,RECORDED,RECORDED,RECORDED,VERIFIED,SYNTHETIC_V2,True
ASSET-V2-0000272,W-000514,Drinking Water,RECORDED,RECORDED,RECORDED,VERIFIED,SYNTHETIC_V2,True
ASSET-V2-0000273,W-000515,Education,RECORDED,RECORDED,RECORDED,VERIFIED,SYNTHETIC_V2,True
ASSET-V2-0000274,W-000516,Roads,RECORDED,RECORDED,RECORDED,VERIFIED,SYNTHETIC_V2,True
ASSET-V2-0000275,W-000517,Others,RECORDED,RECORDED,RECORDED,VERIFIED,SYNTHETIC_V2,True
ASSET-V2-0000276,W-000518,Community Infrastructure,RECORDED,RECORDED,RECORDED,VERIFIED,SYNTHETIC_V2,True
ASSET-V2-0000277,W-000519,Health,RECORDED,RECORDED,RECORDED,VERIFIED,SYNTHETIC_V2,True
ASSET-V2-0000278,W-000529,Roads,RECORDED,RECORDED,RECORDED,VERIFIED,SYNTHETIC_V2,True
ASSET-V2-0000279,W-000530,Others,RECORDED,RECORDED,RECORDED,VERIFIED,SYNTHETIC_V2,True
ASSET-V2-0000280,W-000531,Community Infrastructure,RECORDED,RECORDED,RECORDED,VERIFIED,SYNTHETIC_V2,True
ASSET-V2-0000281,W-000532,Health,RECORDED,RECORDED,RECORDED,VERIFIED,SYNTHETIC_V2,True
ASSET-V2-0000282,W-000533,Drinking Water,RECORDED,RECORDED,RECORDED,VERIFIED,SYNTHETIC_V2,True
ASSET-V2-0000283,W-000534,Education,RECORDED,RECORDED,RECORDED,VERIFIED,SYNTHETIC_V2,True
ASSET-V2-0000284,W-000535,Roads,RECORDED,RECORDED,RECORDED,VERIFIED,SYNTHETIC_V2,True
ASSET-V2-0000285,W-000536,Others,RECORDED,RECORDED,RECORDED,VERIFIED,SYNTHETIC_V2,True
ASSET-V2-0000286,W-000537,Community Infrastructure,RECORDED,RECORDED,RECORDED,VERIFIED,SYNTHETIC_V2,True
ASSET-V2-0000287,W-000538,Health,RECORDED,RECORDED,RECORDED,VERIFIED,SYNTHETIC_V2,True
ASSET-V2-0000288,W-000539,Drinking Water,RECORDED,RECORDED,RECORDED,VERIFIED,SYNTHETIC_V2,True
ASSET-V2-0000289,W-000549,Others,RECORDED,RECORDED,RECORDED,VERIFIED,SYNTHETIC_V2,True
ASSET-V2-0000290,W-000550,Community Infrastructure,RECORDED,RECORDED,RECORDED,VERIFIED,SYNTHETIC_V2,True
ASSET-V2-0000291,W-000551,Health,RECORDED,RECORDED,RECORDED,VERIFIED,SYNTHETIC_V2,True
ASSET-V2-0000292,W-000552,Drinking Water,RECORDED,RECORDED,RECORDED,VERIFIED,SYNTHETIC_V2,True
ASSET-V2-0000293,W-000553,Education,RECORDED,RECORDED,RECORDED,VERIFIED,SYNTHETIC_V2,True
ASSET-V2-0000294,W-000554,Roads,RECORDED,RECORDED,RECORDED,VERIFIED,SYNTHETIC_V2,True
ASSET-V2-0000295,W-000555,Others,RECORDED,RECORDED,RECORDED,VERIFIED,SYNTHETIC_V2,True
ASSET-V2-0000296,W-000556,Community Infrastructure,RECORDED,RECORDED,RECORDED,VERIFIED,SYNTHETIC_V2,True
ASSET-V2-0000297,W-000557,Health,RECORDED,RECORDED,RECORDED,VERIFIED,SYNTHETIC_V2,True
ASSET-V2-0000298,W-000558,Drinking Water,RECORDED,RECORDED,RECORDED,VERIFIED,SYNTHETIC_V2,True
ASSET-V2-0000299,W-000559,Education,RECORDED,RECORDED,RECORDED,VERIFIED,SYNTHETIC_V2,True
ASSET-V2-0000300,W-000569,Community Infrastructure,RECORDED,RECORDED,RECORDED,VERIFIED,SYNTHETIC_V2,True
ASSET-V2-0000301,W-000570,Health,RECORDED,RECORDED,RECORDED,VERIFIED,SYNTHETIC_V2,True
ASSET-V2-0000302,W-000571,Drinking Water,RECORDED,RECORDED,RECORDED,VERIFIED,SYNTHETIC_V2,True
ASSET-V2-0000303,W-000572,Education,RECORDED,RECORDED,RECORDED,VERIFIED,SYNTHETIC_V2,True
ASSET-V2-0000304,W-000573,Roads,RECORDED,RECORDED,RECORDED,VERIFIED,SYNTHETIC_V2,True
ASSET-V2-0000305,W-000574,Others,RECORDED,RECORDED,RECORDED,VERIFIED,SYNTHETIC_V2,True
ASSET-V2-0000306,W-000575,Community Infrastructure,RECORDED,RECORDED,RECORDED,VERIFIED,SYNTHETIC_V2,True
ASSET-V2-0000307,W-000576,Health,RECORDED,RECORDED,RECORDED,VERIFIED,SYNTHETIC_V2,True
ASSET-V2-0000308,W-000577,Drinking Water,RECORDED,RECORDED,RECORDED,VERIFIED,SYNTHETIC_V2,True
ASSET-V2-0000309,W-000578,Drinking Water,RECORDED,RECORDED,RECORDED,VERIFIED,SYNTHETIC_V2,True
ASSET-V2-0000310,W-000579,Education,RECORDED,RECORDED,RECORDED,VERIFIED,SYNTHETIC_V2,True
ASSET-V2-0000311,W-000589,Health,RECORDED,RECORDED,RECORDED,VERIFIED,SYNTHETIC_V2,True
ASSET-V2-0000312,W-000590,Drinking Water,RECORDED,RECORDED,RECORDED,VERIFIED,SYNTHETIC_V2,True
ASSET-V2-0000313,W-000591,Education,RECORDED,RECORDED,RECORDED,VERIFIED,SYNTHETIC_V2,True
ASSET-V2-0000314,W-000592,Roads,RECORDED,RECORDED,RECORDED,VERIFIED,SYNTHETIC_V2,True
ASSET-V2-0000315,W-000593,Others,RECORDED,RECORDED,RECORDED,VERIFIED,SYNTHETIC_V2,True
ASSET-V2-0000316,W-000594,Community Infrastructure,RECORDED,RECORDED,RECORDED,VERIFIED,SYNTHETIC_V2,True
ASSET-V2-0000317,W-000595,Community Infrastructure,RECORDED,RECORDED,RECORDED,VERIFIED,SYNTHETIC_V2,True
ASSET-V2-0000318,W-000596,Health,RECORDED,RECORDED,RECORDED,VERIFIED,SYNTHETIC_V2,True
ASSET-V2-0000319,W-000597,Drinking Water,RECORDED,RECORDED,RECORDED,VERIFIED,SYNTHETIC_V2,True
ASSET-V2-0000320,W-000598,Education,RECORDED,RECORDED,RECORDED,VERIFIED,SYNTHETIC_V2,True
ASSET-V2-0000321,W-000599,Roads,RECORDED,RECORDED,RECORDED,VERIFIED,SYNTHETIC_V2,True
ASSET-V2-0000322,W-000609,Drinking Water,RECORDED,RECORDED,RECORDED,VERIFIED,SYNTHETIC_V2,True
ASSET-V2-0000323,W-000610,Education,RECORDED,RECORDED,RECORDED,VERIFIED,SYNTHETIC_V2,True
ASSET-V2-0000324,W-000611,Roads,RECORDED,RECORDED,RECORDED,VERIFIED,SYNTHETIC_V2,True
ASSET-V2-0000325,W-000612,Roads,RECORDED,RECORDED,RECORDED,VERIFIED,SYNTHETIC_V2,True
ASSET-V2-0000326,W-000613,Others,RECORDED,RECORDED,RECORDED,VERIFIED,SYNTHETIC_V2,True
ASSET-V2-0000327,W-000614,Community Infrastructure,RECORDED,RECORDED,RECORDED,VERIFIED,SYNTHETIC_V2,True
ASSET-V2-0000328,W-000615,Health,RECORDED,RECORDED,RECORDED,VERIFIED,SYNTHETIC_V2,True
ASSET-V2-0000329,W-000616,Drinking Water,RECORDED,RECORDED,RECORDED,VERIFIED,SYNTHETIC_V2,True
ASSET-V2-0000330,W-000617,Education,RECORDED,RECORDED,RECORDED,VERIFIED,SYNTHETIC_V2,True
ASSET-V2-0000331,W-000618,Roads,RECORDED,RECORDED,RECORDED,VERIFIED,SYNTHETIC_V2,True
ASSET-V2-0000332,W-000619,Others,RECORDED,RECORDED,RECORDED,VERIFIED,SYNTHETIC_V2,True
ASSET-V2-0000333,W-000629,Drinking Water,RECORDED,RECORDED,RECORDED,VERIFIED,SYNTHETIC_V2,True
ASSET-V2-0000334,W-000630,Education,RECORDED,RECORDED,RECORDED,VERIFIED,SYNTHETIC_V2,True
ASSET-V2-0000335,W-000632,Others,RECORDED,RECORDED,RECORDED,VERIFIED,SYNTHETIC_V2,True
ASSET-V2-0000336,W-000633,Community Infrastructure,RECORDED,RECORDED,RECORDED,VERIFIED,SYNTHETIC_V2,True
ASSET-V2-0000337,W-000635,Drinking Water,RECORDED,RECORDED,RECORDED,VERIFIED,SYNTHETIC_V2,True
ASSET-V2-0000338,W-000636,Education,RECORDED,RECORDED,RECORDED,VERIFIED,SYNTHETIC_V2,True
ASSET-V2-0000339,W-000637,Roads,RECORDED,RECORDED,RECORDED,VERIFIED,SYNTHETIC_V2,True
ASSET-V2-0000340,W-000638,Others,RECORDED,RECORDED,RECORDED,VERIFIED,SYNTHETIC_V2,True
ASSET-V2-0000341,W-000639,Community Infrastructure,RECORDED,RECORDED,RECORDED,VERIFIED,SYNTHETIC_V2,True
ASSET-V2-0000342,W-000649,Education,RECORDED,RECORDED,RECORDED,VERIFIED,SYNTHETIC_V2,True
ASSET-V2-0000343,W-000651,Others,RECORDED,RECORDED,RECORDED,VERIFIED,SYNTHETIC_V2,True
ASSET-V2-0000344,W-000652,Community Infrastructure,RECORDED,RECORDED,RECORDED,VERIFIED,SYNTHETIC_V2,True
ASSET-V2-0000345,W-000653,Health,RECORDED,RECORDED,RECORDED,VERIFIED,SYNTHETIC_V2,True
ASSET-V2-0000346,W-000654,Drinking Water,RECORDED,RECORDED,RECORDED,VERIFIED,SYNTHETIC_V2,True
ASSET-V2-0000347,W-000655,Education,RECORDED,RECORDED,RECORDED,VERIFIED,SYNTHETIC_V2,True
ASSET-V2-0000348,W-000656,Roads,RECORDED,RECORDED,RECORDED,VERIFIED,SYNTHETIC_V2,True
ASSET-V2-0000349,W-000657,Others,RECORDED,RECORDED,RECORDED,VERIFIED,SYNTHETIC_V2,True
ASSET-V2-0000350,W-000658,Community Infrastructure,RECORDED,RECORDED,RECORDED,VERIFIED,SYNTHETIC_V2,True
ASSET-V2-0000351,W-000659,Health,RECORDED,RECORDED,RECORDED,VERIFIED,SYNTHETIC_V2,True
ASSET-V2-0000352,W-000669,Roads,RECORDED,RECORDED,RECORDED,VERIFIED,SYNTHETIC_V2,True
ASSET-V2-0000353,W-000670,Others,RECORDED,RECORDED,RECORDED,VERIFIED,SYNTHETIC_V2,True
ASSET-V2-0000354,W-000671,Community Infrastructure,RECORDED,RECORDED,RECORDED,VERIFIED,SYNTHETIC_V2,True
ASSET-V2-0000355,W-000672,Health,RECORDED,RECORDED,RECORDED,VERIFIED,SYNTHETIC_V2,True
ASSET-V2-0000356,W-000673,Drinking Water,RECORDED,RECORDED,RECORDED,VERIFIED,SYNTHETIC_V2,True
ASSET-V2-0000357,W-000674,Education,RECORDED,RECORDED,RECORDED,VERIFIED,SYNTHETIC_V2,True
ASSET-V2-0000358,W-000675,Roads,RECORDED,RECORDED,RECORDED,VERIFIED,SYNTHETIC_V2,True
ASSET-V2-0000359,W-000676,Others,RECORDED,RECORDED,RECORDED,VERIFIED,SYNTHETIC_V2,True
ASSET-V2-0000360,W-000677,Community Infrastructure,RECORDED,RECORDED,RECORDED,VERIFIED,SYNTHETIC_V2,True
ASSET-V2-0000361,W-000678,Health,RECORDED,RECORDED,RECORDED,VERIFIED,SYNTHETIC_V2,True
ASSET-V2-0000362,W-000679,Drinking Water,RECORDED,RECORDED,RECORDED,VERIFIED,SYNTHETIC_V2,True
ASSET-V2-0000363,W-000689,Others,RECORDED,RECORDED,RECORDED,VERIFIED,SYNTHETIC_V2,True
ASSET-V2-0000364,W-000690,Community Infrastructure,RECORDED,RECORDED,RECORDED,VERIFIED,SYNTHETIC_V2,True
ASSET-V2-0000365,W-000691,Health,RECORDED,RECORDED,RECORDED,VERIFIED,SYNTHETIC_V2,True
ASSET-V2-0000366,W-000692,Drinking Water,RECORDED,RECORDED,RECORDED,VERIFIED,SYNTHETIC_V2,True
ASSET-V2-0000367,W-000693,Education,RECORDED,RECORDED,RECORDED,VERIFIED,SYNTHETIC_V2,True
ASSET-V2-0000368,W-000694,Roads,RECORDED,RECORDED,RECORDED,VERIFIED,SYNTHETIC_V2,True
ASSET-V2-0000369,W-000695,Others,RECORDED,RECORDED,RECORDED,VERIFIED,SYNTHETIC_V2,True
ASSET-V2-0000370,W-000696,Community Infrastructure,RECORDED,RECORDED,RECORDED,VERIFIED,SYNTHETIC_V2,True
ASSET-V2-0000371,W-000697,Community Infrastructure,RECORDED,RECORDED,RECORDED,VERIFIED,SYNTHETIC_V2,True
ASSET-V2-0000372,W-000698,Health,RECORDED,RECORDED,RECORDED,VERIFIED,SYNTHETIC_V2,True
ASSET-V2-0000373,W-000699,Drinking Water,RECORDED,RECORDED,RECORDED,VERIFIED,SYNTHETIC_V2,True
ASSET-V2-0000374,W-000707,Drinking Water,RECORDED,RECORDED,RECORDED,VERIFIED,SYNTHETIC_V2,True
ASSET-V2-0000375,W-000708,Drinking Water,RECORDED,RECORDED,RECORDED,VERIFIED,SYNTHETIC_V2,True
ASSET-V2-0000376,W-000709,Community Infrastructure,RECORDED,RECORDED,RECORDED,VERIFIED,SYNTHETIC_V2,True
ASSET-V2-0000377,W-000710,Health,RECORDED,RECORDED,RECORDED,VERIFIED,SYNTHETIC_V2,True
ASSET-V2-0000378,W-000711,Drinking Water,RECORDED,RECORDED,RECORDED,VERIFIED,SYNTHETIC_V2,True
ASSET-V2-0000379,W-000712,Education,RECORDED,RECORDED,RECORDED,VERIFIED,SYNTHETIC_V2,True
ASSET-V2-0000380,W-000713,Roads,RECORDED,RECORDED,RECORDED,VERIFIED,SYNTHETIC_V2,True
ASSET-V2-0000381,W-000714,Roads,RECORDED,RECORDED,RECORDED,VERIFIED,SYNTHETIC_V2,True
ASSET-V2-0000382,W-000715,Others,RECORDED,RECORDED,RECORDED,VERIFIED,SYNTHETIC_V2,True
ASSET-V2-0000383,W-000716,Community Infrastructure,RECORDED,RECORDED,RECORDED,VERIFIED,SYNTHETIC_V2,True
ASSET-V2-0000384,W-000717,Health,RECORDED,RECORDED,RECORDED,VERIFIED,SYNTHETIC_V2,True
ASSET-V2-0000385,W-000718,Drinking Water,RECORDED,RECORDED,RECORDED,VERIFIED,SYNTHETIC_V2,True
ASSET-V2-0000386,W-000719,Education,RECORDED,RECORDED,RECORDED,VERIFIED,SYNTHETIC_V2,True
ASSET-V2-0000387,W-000729,Health,RECORDED,RECORDED,RECORDED,VERIFIED,SYNTHETIC_V2,True
ASSET-V2-0000388,W-000730,Drinking Water,RECORDED,RECORDED,RECORDED,VERIFIED,SYNTHETIC_V2,True
ASSET-V2-0000389,W-000731,Drinking Water,RECORDED,RECORDED,RECORDED,VERIFIED,SYNTHETIC_V2,True
ASSET-V2-0000390,W-000732,Education,RECORDED,RECORDED,RECORDED,VERIFIED,SYNTHETIC_V2,True
ASSET-V2-0000391,W-000733,Roads,RECORDED,RECORDED,RECORDED,VERIFIED,SYNTHETIC_V2,True
ASSET-V2-0000392,W-000735,Community Infrastructure,RECORDED,RECORDED,RECORDED,VERIFIED,SYNTHETIC_V2,True
ASSET-V2-0000393,W-000736,Health,RECORDED,RECORDED,RECORDED,VERIFIED,SYNTHETIC_V2,True
ASSET-V2-0000394,W-000737,Drinking Water,RECORDED,RECORDED,RECORDED,VERIFIED,SYNTHETIC_V2,True
ASSET-V2-0000395,W-000738,Education,RECORDED,RECORDED,RECORDED,VERIFIED,SYNTHETIC_V2,True
ASSET-V2-0000396,W-000739,Roads,RECORDED,RECORDED,RECORDED,VERIFIED,SYNTHETIC_V2,True
ASSET-V2-0000397,W-000749,Health,RECORDED,RECORDED,RECORDED,VERIFIED,SYNTHETIC_V2,True
ASSET-V2-0000398,W-000750,Drinking Water,RECORDED,RECORDED,RECORDED,VERIFIED,SYNTHETIC_V2,True
ASSET-V2-0000399,W-000751,Education,RECORDED,RECORDED,RECORDED,VERIFIED,SYNTHETIC_V2,True
ASSET-V2-0000400,W-000752,Roads,RECORDED,RECORDED,RECORDED,VERIFIED,SYNTHETIC_V2,True
ASSET-V2-0000401,W-000753,Others,RECORDED,RECORDED,RECORDED,VERIFIED,SYNTHETIC_V2,True
ASSET-V2-0000402,W-000754,Community Infrastructure,RECORDED,RECORDED,RECORDED,VERIFIED,SYNTHETIC_V2,True
ASSET-V2-0000403,W-000755,Health,RECORDED,RECORDED,RECORDED,VERIFIED,SYNTHETIC_V2,True
ASSET-V2-0000404,W-000756,Drinking Water,RECORDED,RECORDED,RECORDED,VERIFIED,SYNTHETIC_V2,True
ASSET-V2-0000405,W-000757,Education,RECORDED,RECORDED,RECORDED,VERIFIED,SYNTHETIC_V2,True
ASSET-V2-0000406,W-000758,Roads,RECORDED,RECORDED,RECORDED,VERIFIED,SYNTHETIC_V2,True
ASSET-V2-0000407,W-000759,Others,RECORDED,RECORDED,RECORDED,VERIFIED,SYNTHETIC_V2,True
ASSET-V2-0000408,W-000769,Drinking Water,RECORDED,RECORDED,RECORDED,VERIFIED,SYNTHETIC_V2,True
ASSET-V2-0000409,W-000770,Education,RECORDED,RECORDED,RECORDED,VERIFIED,SYNTHETIC_V2,True
ASSET-V2-0000410,W-000771,Roads,RECORDED,RECORDED,RECORDED,VERIFIED,SYNTHETIC_V2,True
ASSET-V2-0000411,W-000772,Others,RECORDED,RECORDED,RECORDED,VERIFIED,SYNTHETIC_V2,True
ASSET-V2-0000412,W-000773,Community Infrastructure,RECORDED,RECORDED,RECORDED,VERIFIED,SYNTHETIC_V2,True
ASSET-V2-0000413,W-000774,Health,RECORDED,RECORDED,RECORDED,VERIFIED,SYNTHETIC_V2,True
ASSET-V2-0000414,W-000775,Drinking Water,RECORDED,RECORDED,RECORDED,VERIFIED,SYNTHETIC_V2,True
ASSET-V2-0000415,W-000776,Education,RECORDED,RECORDED,RECORDED,VERIFIED,SYNTHETIC_V2,True
ASSET-V2-0000416,W-000777,Roads,RECORDED,RECORDED,RECORDED,VERIFIED,SYNTHETIC_V2,True
ASSET-V2-0000417,W-000778,Others,RECORDED,RECORDED,RECORDED,VERIFIED,SYNTHETIC_V2,True
ASSET-V2-0000418,W-000779,Community Infrastructure,RECORDED,RECORDED,RECORDED,VERIFIED,SYNTHETIC_V2,True
ASSET-V2-0000419,W-000789,Education,RECORDED,RECORDED,RECORDED,VERIFIED,SYNTHETIC_V2,True
ASSET-V2-0000420,W-000790,Roads,RECORDED,RECORDED,RECORDED,VERIFIED,SYNTHETIC_V2,True
ASSET-V2-0000421,W-000791,Others,RECORDED,RECORDED,RECORDED,VERIFIED,SYNTHETIC_V2,True
ASSET-V2-0000422,W-000792,Community Infrastructure,RECORDED,RECORDED,RECORDED,VERIFIED,SYNTHETIC_V2,True
ASSET-V2-0000423,W-000794,Drinking Water,RECORDED,RECORDED,RECORDED,VERIFIED,SYNTHETIC_V2,True
ASSET-V2-0000424,W-000795,Education,RECORDED,RECORDED,RECORDED,VERIFIED,SYNTHETIC_V2,True
ASSET-V2-0000425,W-000796,Roads,RECORDED,RECORDED,RECORDED,VERIFIED,SYNTHETIC_V2,True
ASSET-V2-0000426,W-000797,Others,RECORDED,RECORDED,RECORDED,VERIFIED,SYNTHETIC_V2,True
ASSET-V2-0000427,W-000798,Community Infrastructure,RECORDED,RECORDED,RECORDED,VERIFIED,SYNTHETIC_V2,True
ASSET-V2-0000428,W-000799,Community Infrastructure,RECORDED,RECORDED,RECORDED,VERIFIED,SYNTHETIC_V2,True
ASSET-V2-0000429,W-000809,Roads,RECORDED,RECORDED,RECORDED,VERIFIED,SYNTHETIC_V2,True
ASSET-V2-0000430,W-000810,Others,RECORDED,RECORDED,RECORDED,VERIFIED,SYNTHETIC_V2,True
ASSET-V2-0000431,W-000811,Community Infrastructure,RECORDED,RECORDED,RECORDED,VERIFIED,SYNTHETIC_V2,True
ASSET-V2-0000432,W-000812,Health,RECORDED,RECORDED,RECORDED,VERIFIED,SYNTHETIC_V2,True
ASSET-V2-0000433,W-000813,Drinking Water,RECORDED,RECORDED,RECORDED,VERIFIED,SYNTHETIC_V2,True
ASSET-V2-0000434,W-000815,Roads,RECORDED,RECORDED,RECORDED,VERIFIED,SYNTHETIC_V2,True
ASSET-V2-0000435,W-000816,Roads,RECORDED,RECORDED,RECORDED,VERIFIED,SYNTHETIC_V2,True
ASSET-V2-0000436,W-000817,Others,RECORDED,RECORDED,RECORDED,VERIFIED,SYNTHETIC_V2,True
ASSET-V2-0000437,W-000818,Community Infrastructure,RECORDED,RECORDED,RECORDED,VERIFIED,SYNTHETIC_V2,True
ASSET-V2-0000438,W-000819,Health,RECORDED,RECORDED,RECORDED,VERIFIED,SYNTHETIC_V2,True
ASSET-V2-0000439,W-000829,Others,RECORDED,RECORDED,RECORDED,VERIFIED,SYNTHETIC_V2,True
ASSET-V2-0000440,W-000830,Community Infrastructure,RECORDED,RECORDED,RECORDED,VERIFIED,SYNTHETIC_V2,True
ASSET-V2-0000441,W-000831,Health,RECORDED,RECORDED,RECORDED,VERIFIED,SYNTHETIC_V2,True
ASSET-V2-0000442,W-000832,Drinking Water,RECORDED,RECORDED,RECORDED,VERIFIED,SYNTHETIC_V2,True
ASSET-V2-0000443,W-000833,Drinking Water,RECORDED,RECORDED,RECORDED,VERIFIED,SYNTHETIC_V2,True
ASSET-V2-0000444,W-000834,Education,RECORDED,RECORDED,RECORDED,VERIFIED,SYNTHETIC_V2,True
ASSET-V2-0000445,W-000836,Others,RECORDED,RECORDED,RECORDED,VERIFIED,SYNTHETIC_V2,True
ASSET-V2-0000446,W-000837,Community Infrastructure,RECORDED,RECORDED,RECORDED,VERIFIED,SYNTHETIC_V2,True
ASSET-V2-0000447,W-000838,Health,RECORDED,RECORDED,RECORDED,VERIFIED,SYNTHETIC_V2,True
ASSET-V2-0000448,W-000839,Drinking Water,RECORDED,RECORDED,RECORDED,VERIFIED,SYNTHETIC_V2,True
ASSET-V2-0000449,W-000849,Community Infrastructure,RECORDED,RECORDED,RECORDED,VERIFIED,SYNTHETIC_V2,True
ASSET-V2-0000450,W-000851,Health,RECORDED,RECORDED,RECORDED,VERIFIED,SYNTHETIC_V2,True
ASSET-V2-0000451,W-000852,Drinking Water,RECORDED,RECORDED,RECORDED,VERIFIED,SYNTHETIC_V2,True
ASSET-V2-0000452,W-000853,Education,RECORDED,RECORDED,RECORDED,VERIFIED,SYNTHETIC_V2,True
ASSET-V2-0000453,W-000854,Roads,RECORDED,RECORDED,RECORDED,VERIFIED,SYNTHETIC_V2,True
ASSET-V2-0000454,W-000855,Others,RECORDED,RECORDED,RECORDED,VERIFIED,SYNTHETIC_V2,True
ASSET-V2-0000455,W-000856,Community Infrastructure,RECORDED,RECORDED,RECORDED,VERIFIED,SYNTHETIC_V2,True
ASSET-V2-0000456,W-000857,Health,RECORDED,RECORDED,RECORDED,VERIFIED,SYNTHETIC_V2,True
ASSET-V2-0000457,W-000858,Drinking Water,RECORDED,RECORDED,RECORDED,VERIFIED,SYNTHETIC_V2,True
ASSET-V2-0000458,W-000859,Education,RECORDED,RECORDED,RECORDED,VERIFIED,SYNTHETIC_V2,True
ASSET-V2-0000459,W-000869,Community Infrastructure,RECORDED,RECORDED,RECORDED,VERIFIED,SYNTHETIC_V2,True
ASSET-V2-0000460,W-000870,Health,RECORDED,RECORDED,RECORDED,VERIFIED,SYNTHETIC_V2,True
ASSET-V2-0000461,W-000871,Drinking Water,RECORDED,RECORDED,RECORDED,VERIFIED,SYNTHETIC_V2,True
ASSET-V2-0000462,W-000872,Education,RECORDED,RECORDED,RECORDED,VERIFIED,SYNTHETIC_V2,True
ASSET-V2-0000463,W-000873,Roads,RECORDED,RECORDED,RECORDED,VERIFIED,SYNTHETIC_V2,True
ASSET-V2-0000464,W-000874,Others,RECORDED,RECORDED,RECORDED,VERIFIED,SYNTHETIC_V2,True
ASSET-V2-0000465,W-000875,Community Infrastructure,RECORDED,RECORDED,RECORDED,VERIFIED,SYNTHETIC_V2,True
ASSET-V2-0000466,W-000876,Health,RECORDED,RECORDED,RECORDED,VERIFIED,SYNTHETIC_V2,True
ASSET-V2-0000467,W-000877,Drinking Water,RECORDED,RECORDED,RECORDED,VERIFIED,SYNTHETIC_V2,True
ASSET-V2-0000468,W-000878,Education,RECORDED,RECORDED,RECORDED,VERIFIED,SYNTHETIC_V2,True
ASSET-V2-0000469,W-000879,Roads,RECORDED,RECORDED,RECORDED,VERIFIED,SYNTHETIC_V2,True
ASSET-V2-0000470,W-000889,Health,RECORDED,RECORDED,RECORDED,VERIFIED,SYNTHETIC_V2,True
ASSET-V2-0000471,W-000890,Drinking Water,RECORDED,RECORDED,RECORDED,VERIFIED,SYNTHETIC_V2,True
ASSET-V2-0000472,W-000891,Education,RECORDED,RECORDED,RECORDED,VERIFIED,SYNTHETIC_V2,True
ASSET-V2-0000473,W-000892,Roads,RECORDED,RECORDED,RECORDED,VERIFIED,SYNTHETIC_V2,True
ASSET-V2-0000474,W-000893,Others,RECORDED,RECORDED,RECORDED,VERIFIED,SYNTHETIC_V2,True
ASSET-V2-0000475,W-000894,Community Infrastructure,RECORDED,RECORDED,RECORDED,VERIFIED,SYNTHETIC_V2,True
ASSET-V2-0000476,W-000895,Health,RECORDED,RECORDED,RECORDED,VERIFIED,SYNTHETIC_V2,True
ASSET-V2-0000477,W-000896,Drinking Water,RECORDED,RECORDED,RECORDED,VERIFIED,SYNTHETIC_V2,True
ASSET-V2-0000478,W-000897,Education,RECORDED,RECORDED,RECORDED,VERIFIED,SYNTHETIC_V2,True
ASSET-V2-0000479,W-000898,Roads,RECORDED,RECORDED,RECORDED,VERIFIED,SYNTHETIC_V2,True
ASSET-V2-0000480,W-000899,Others,RECORDED,RECORDED,RECORDED,VERIFIED,SYNTHETIC_V2,True
ASSET-V2-0000481,W-000910,Education,RECORDED,RECORDED,RECORDED,VERIFIED,SYNTHETIC_V2,True
ASSET-V2-0000482,W-000911,Roads,RECORDED,RECORDED,RECORDED,VERIFIED,SYNTHETIC_V2,True
ASSET-V2-0000483,W-000912,Others,RECORDED,RECORDED,RECORDED,VERIFIED,SYNTHETIC_V2,True
ASSET-V2-0000484,W-000913,Community Infrastructure,RECORDED,RECORDED,RECORDED,VERIFIED,SYNTHETIC_V2,True
ASSET-V2-0000485,W-000914,Health,RECORDED,RECORDED,RECORDED,VERIFIED,SYNTHETIC_V2,True
ASSET-V2-0000486,W-000915,Drinking Water,RECORDED,RECORDED,RECORDED,VERIFIED,SYNTHETIC_V2,True
ASSET-V2-0000487,W-000917,Roads,RECORDED,RECORDED,RECORDED,VERIFIED,SYNTHETIC_V2,True
ASSET-V2-0000488,W-000919,Others,RECORDED,RECORDED,RECORDED,VERIFIED,SYNTHETIC_V2,True
ASSET-V2-0000489,W-000929,Education,RECORDED,RECORDED,RECORDED,VERIFIED,SYNTHETIC_V2,True
ASSET-V2-0000490,W-000930,Roads,RECORDED,RECORDED,RECORDED,VERIFIED,SYNTHETIC_V2,True
ASSET-V2-0000491,W-000931,Others,RECORDED,RECORDED,RECORDED,VERIFIED,SYNTHETIC_V2,True
ASSET-V2-0000492,W-000932,Community Infrastructure,RECORDED,RECORDED,RECORDED,VERIFIED,SYNTHETIC_V2,True
ASSET-V2-0000493,W-000933,Health,RECORDED,RECORDED,RECORDED,VERIFIED,SYNTHETIC_V2,True
ASSET-V2-0000494,W-000934,Drinking Water,RECORDED,RECORDED,RECORDED,VERIFIED,SYNTHETIC_V2,True
ASSET-V2-0000495,W-000935,Drinking Water,RECORDED,RECORDED,RECORDED,VERIFIED,SYNTHETIC_V2,True
ASSET-V2-0000496,W-000936,Education,RECORDED,RECORDED,RECORDED,VERIFIED,SYNTHETIC_V2,True
ASSET-V2-0000497,W-000937,Roads,RECORDED,RECORDED,RECORDED,VERIFIED,SYNTHETIC_V2,True
ASSET-V2-0000498,W-000938,Others,RECORDED,RECORDED,RECORDED,VERIFIED,SYNTHETIC_V2,True
ASSET-V2-0000499,W-000939,Community Infrastructure,RECORDED,RECORDED,RECORDED,VERIFIED,SYNTHETIC_V2,True
ASSET-V2-0000500,W-000949,Roads,RECORDED,RECORDED,RECORDED,VERIFIED,SYNTHETIC_V2,True
ASSET-V2-0000501,W-000950,Others,RECORDED,RECORDED,RECORDED,VERIFIED,SYNTHETIC_V2,True
ASSET-V2-0000502,W-000951,Community Infrastructure,RECORDED,RECORDED,RECORDED,VERIFIED,SYNTHETIC_V2,True
ASSET-V2-0000503,W-000952,Community Infrastructure,RECORDED,RECORDED,RECORDED,VERIFIED,SYNTHETIC_V2,True
ASSET-V2-0000504,W-000953,Health,RECORDED,RECORDED,RECORDED,VERIFIED,SYNTHETIC_V2,True
ASSET-V2-0000505,W-000954,Drinking Water,RECORDED,RECORDED,RECORDED,VERIFIED,SYNTHETIC_V2,True
ASSET-V2-0000506,W-000955,Education,RECORDED,RECORDED,RECORDED,VERIFIED,SYNTHETIC_V2,True
ASSET-V2-0000507,W-000956,Roads,RECORDED,RECORDED,RECORDED,VERIFIED,SYNTHETIC_V2,True
ASSET-V2-0000508,W-000957,Others,RECORDED,RECORDED,RECORDED,VERIFIED,SYNTHETIC_V2,True
ASSET-V2-0000509,W-000958,Community Infrastructure,RECORDED,RECORDED,RECORDED,VERIFIED,SYNTHETIC_V2,True
ASSET-V2-0000510,W-000959,Health,RECORDED,RECORDED,RECORDED,VERIFIED,SYNTHETIC_V2,True
ASSET-V2-0000511,W-000969,Roads,RECORDED,RECORDED,RECORDED,VERIFIED,SYNTHETIC_V2,True
ASSET-V2-0000512,W-000970,Others,RECORDED,RECORDED,RECORDED,VERIFIED,SYNTHETIC_V2,True
ASSET-V2-0000513,W-000971,Community Infrastructure,RECORDED,RECORDED,RECORDED,VERIFIED,SYNTHETIC_V2,True
ASSET-V2-0000514,W-000972,Health,RECORDED,RECORDED,RECORDED,VERIFIED,SYNTHETIC_V2,True
ASSET-V2-0000515,W-000973,Drinking Water,RECORDED,RECORDED,RECORDED,VERIFIED,SYNTHETIC_V2,True
ASSET-V2-0000516,W-000974,Education,RECORDED,RECORDED,RECORDED,VERIFIED,SYNTHETIC_V2,True
ASSET-V2-0000517,W-000975,Roads,RECORDED,RECORDED,RECORDED,VERIFIED,SYNTHETIC_V2,True
ASSET-V2-0000518,W-000976,Others,RECORDED,RECORDED,RECORDED,VERIFIED,SYNTHETIC_V2,True
ASSET-V2-0000519,W-000977,Community Infrastructure,RECORDED,RECORDED,RECORDED,VERIFIED,SYNTHETIC_V2,True
ASSET-V2-0000520,W-000979,Drinking Water,RECORDED,RECORDED,RECORDED,VERIFIED,SYNTHETIC_V2,True
ASSET-V2-0000521,W-000989,Others,RECORDED,RECORDED,RECORDED,VERIFIED,SYNTHETIC_V2,True
ASSET-V2-0000522,W-000990,Community Infrastructure,RECORDED,RECORDED,RECORDED,VERIFIED,SYNTHETIC_V2,True
ASSET-V2-0000523,W-000991,Health,RECORDED,RECORDED,RECORDED,VERIFIED,SYNTHETIC_V2,True
ASSET-V2-0000524,W-000992,Drinking Water,RECORDED,RECORDED,RECORDED,VERIFIED,SYNTHETIC_V2,True
ASSET-V2-0000525,W-000993,Education,RECORDED,RECORDED,RECORDED,VERIFIED,SYNTHETIC_V2,True
ASSET-V2-0000526,W-000994,Roads,RECORDED,RECORDED,RECORDED,VERIFIED,SYNTHETIC_V2,True
ASSET-V2-0000527,W-000995,Others,RECORDED,RECORDED,RECORDED,VERIFIED,SYNTHETIC_V2,True
ASSET-V2-0000528,W-000996,Community Infrastructure,RECORDED,RECORDED,RECORDED,VERIFIED,SYNTHETIC_V2,True
ASSET-V2-0000529,W-000997,Health,RECORDED,RECORDED,RECORDED,VERIFIED,SYNTHETIC_V2,True
ASSET-V2-0000530,W-000998,Drinking Water,RECORDED,RECORDED,RECORDED,VERIFIED,SYNTHETIC_V2,True
ASSET-V2-0000531,W-000999,Education,RECORDED,RECORDED,RECORDED,VERIFIED,SYNTHETIC_V2,True
ASSET-V2-0000532,W-001009,Community Infrastructure,RECORDED,RECORDED,RECORDED,VERIFIED,SYNTHETIC_V2,True
ASSET-V2-0000533,W-001011,Drinking Water,RECORDED,RECORDED,RECORDED,VERIFIED,SYNTHETIC_V2,True
ASSET-V2-0000534,W-001013,Roads,RECORDED,RECORDED,RECORDED,VERIFIED,SYNTHETIC_V2,True
ASSET-V2-0000535,W-001014,Others,RECORDED,RECORDED,RECORDED,VERIFIED,SYNTHETIC_V2,True
ASSET-V2-0000536,W-001015,Community Infrastructure,RECORDED,RECORDED,RECORDED,VERIFIED,SYNTHETIC_V2,True
ASSET-V2-0000537,W-001016,Health,RECORDED,RECORDED,RECORDED,VERIFIED,SYNTHETIC_V2,True
ASSET-V2-0000538,W-001017,Drinking Water,RECORDED,RECORDED,RECORDED,VERIFIED,SYNTHETIC_V2,True
ASSET-V2-0000539,W-001019,Roads,RECORDED,RECORDED,RECORDED,VERIFIED,SYNTHETIC_V2,True
ASSET-V2-0000540,W-001029,Health,RECORDED,RECORDED,RECORDED,VERIFIED,SYNTHETIC_V2,True
ASSET-V2-0000541,W-001030,Drinking Water,RECORDED,RECORDED,RECORDED,VERIFIED,SYNTHETIC_V2,True
ASSET-V2-0000542,W-001031,Education,RECORDED,RECORDED,RECORDED,VERIFIED,SYNTHETIC_V2,True
ASSET-V2-0000543,W-001032,Roads,RECORDED,RECORDED,RECORDED,VERIFIED,SYNTHETIC_V2,True
ASSET-V2-0000544,W-001033,Others,RECORDED,RECORDED,RECORDED,VERIFIED,SYNTHETIC_V2,True
ASSET-V2-0000545,W-001034,Community Infrastructure,RECORDED,RECORDED,RECORDED,VERIFIED,SYNTHETIC_V2,True
ASSET-V2-0000546,W-001035,Health,RECORDED,RECORDED,RECORDED,VERIFIED,SYNTHETIC_V2,True
ASSET-V2-0000547,W-001036,Drinking Water,RECORDED,RECORDED,RECORDED,VERIFIED,SYNTHETIC_V2,True
ASSET-V2-0000548,W-001037,Drinking Water,RECORDED,RECORDED,RECORDED,VERIFIED,SYNTHETIC_V2,True
ASSET-V2-0000549,W-001038,Education,RECORDED,RECORDED,RECORDED,VERIFIED,SYNTHETIC_V2,True
ASSET-V2-0000550,W-001039,Roads,RECORDED,RECORDED,RECORDED,VERIFIED,SYNTHETIC_V2,True
ASSET-V2-0000551,W-001049,Drinking Water,RECORDED,RECORDED,RECORDED,VERIFIED,SYNTHETIC_V2,True
ASSET-V2-0000552,W-001051,Roads,RECORDED,RECORDED,RECORDED,VERIFIED,SYNTHETIC_V2,True
ASSET-V2-0000553,W-001052,Others,RECORDED,RECORDED,RECORDED,VERIFIED,SYNTHETIC_V2,True
ASSET-V2-0000554,W-001053,Community Infrastructure,RECORDED,RECORDED,RECORDED,VERIFIED,SYNTHETIC_V2,True
ASSET-V2-0000555,W-001054,Community Infrastructure,RECORDED,RECORDED,RECORDED,VERIFIED,SYNTHETIC_V2,True
ASSET-V2-0000556,W-001055,Health,RECORDED,RECORDED,RECORDED,VERIFIED,SYNTHETIC_V2,True
ASSET-V2-0000557,W-001056,Drinking Water,RECORDED,RECORDED,RECORDED,VERIFIED,SYNTHETIC_V2,True
ASSET-V2-0000558,W-001057,Education,RECORDED,RECORDED,RECORDED,VERIFIED,SYNTHETIC_V2,True
ASSET-V2-0000559,W-001058,Roads,RECORDED,RECORDED,RECORDED,VERIFIED,SYNTHETIC_V2,True
ASSET-V2-0000560,W-001059,Others,RECORDED,RECORDED,RECORDED,VERIFIED,SYNTHETIC_V2,True
ASSET-V2-0000561,W-001069,Education,RECORDED,RECORDED,RECORDED,VERIFIED,SYNTHETIC_V2,True
ASSET-V2-0000562,W-001070,Roads,RECORDED,RECORDED,RECORDED,VERIFIED,SYNTHETIC_V2,True
ASSET-V2-0000563,W-001071,Roads,RECORDED,RECORDED,RECORDED,VERIFIED,SYNTHETIC_V2,True
ASSET-V2-0000564,W-001072,Others,RECORDED,RECORDED,RECORDED,VERIFIED,SYNTHETIC_V2,True
ASSET-V2-0000565,W-001073,Community Infrastructure,RECORDED,RECORDED,RECORDED,VERIFIED,SYNTHETIC_V2,True
ASSET-V2-0000566,W-001074,Health,RECORDED,RECORDED,RECORDED,VERIFIED,SYNTHETIC_V2,True
ASSET-V2-0000567,W-001075,Drinking Water,RECORDED,RECORDED,RECORDED,VERIFIED,SYNTHETIC_V2,True
ASSET-V2-0000568,W-001076,Education,RECORDED,RECORDED,RECORDED,VERIFIED,SYNTHETIC_V2,True
ASSET-V2-0000569,W-001077,Roads,RECORDED,RECORDED,RECORDED,VERIFIED,SYNTHETIC_V2,True
ASSET-V2-0000570,W-001078,Others,RECORDED,RECORDED,RECORDED,VERIFIED,SYNTHETIC_V2,True
ASSET-V2-0000571,W-001079,Community Infrastructure,RECORDED,RECORDED,RECORDED,VERIFIED,SYNTHETIC_V2,True
ASSET-V2-0000572,W-001089,Education,RECORDED,RECORDED,RECORDED,VERIFIED,SYNTHETIC_V2,True
ASSET-V2-0000573,W-001090,Roads,RECORDED,RECORDED,RECORDED,VERIFIED,SYNTHETIC_V2,True
ASSET-V2-0000574,W-001091,Others,RECORDED,RECORDED,RECORDED,VERIFIED,SYNTHETIC_V2,True
ASSET-V2-0000575,W-001092,Community Infrastructure,RECORDED,RECORDED,RECORDED,VERIFIED,SYNTHETIC_V2,True
ASSET-V2-0000576,W-001093,Health,RECORDED,RECORDED,RECORDED,VERIFIED,SYNTHETIC_V2,True
ASSET-V2-0000577,W-001094,Drinking Water,RECORDED,RECORDED,RECORDED,VERIFIED,SYNTHETIC_V2,True
ASSET-V2-0000578,W-001095,Education,RECORDED,RECORDED,RECORDED,VERIFIED,SYNTHETIC_V2,True
ASSET-V2-0000579,W-001096,Roads,RECORDED,RECORDED,RECORDED,VERIFIED,SYNTHETIC_V2,True
ASSET-V2-0000580,W-001097,Others,RECORDED,RECORDED,RECORDED,VERIFIED,SYNTHETIC_V2,True
ASSET-V2-0000581,W-001098,Community Infrastructure,RECORDED,RECORDED,RECORDED,VERIFIED,SYNTHETIC_V2,True
ASSET-V2-0000582,W-001099,Health,RECORDED,RECORDED,RECORDED,VERIFIED,SYNTHETIC_V2,True
ASSET-V2-0000583,W-001109,Roads,RECORDED,RECORDED,RECORDED,VERIFIED,SYNTHETIC_V2,True
ASSET-V2-0000584,W-001110,Others,RECORDED,RECORDED,RECORDED,VERIFIED,SYNTHETIC_V2,True
ASSET-V2-0000585,W-001111,Community Infrastructure,RECORDED,RECORDED,RECORDED,VERIFIED,SYNTHETIC_V2,True
ASSET-V2-0000586,W-001112,Health,RECORDED,RECORDED,RECORDED,VERIFIED,SYNTHETIC_V2,True
ASSET-V2-0000587,W-001113,Drinking Water,RECORDED,RECORDED,RECORDED,VERIFIED,SYNTHETIC_V2,True
ASSET-V2-0000588,W-001114,Education,RECORDED,RECORDED,RECORDED,VERIFIED,SYNTHETIC_V2,True
ASSET-V2-0000589,W-001116,Others,RECORDED,RECORDED,RECORDED,VERIFIED,SYNTHETIC_V2,True
ASSET-V2-0000590,W-001117,Community Infrastructure,RECORDED,RECORDED,RECORDED,VERIFIED,SYNTHETIC_V2,True
ASSET-V2-0000591,W-001118,Health,RECORDED,RECORDED,RECORDED,VERIFIED,SYNTHETIC_V2,True
ASSET-V2-0000592,W-001119,Drinking Water,RECORDED,RECORDED,RECORDED,VERIFIED,SYNTHETIC_V2,True
ASSET-V2-0000593,W-001130,Community Infrastructure,RECORDED,RECORDED,RECORDED,VERIFIED,SYNTHETIC_V2,True
ASSET-V2-0000594,W-001131,Health,RECORDED,RECORDED,RECORDED,VERIFIED,SYNTHETIC_V2,True
ASSET-V2-0000595,W-001132,Drinking Water,RECORDED,RECORDED,RECORDED,VERIFIED,SYNTHETIC_V2,True
ASSET-V2-0000596,W-001133,Education,RECORDED,RECORDED,RECORDED,VERIFIED,SYNTHETIC_V2,True
ASSET-V2-0000597,W-001134,Roads,RECORDED,RECORDED,RECORDED,VERIFIED,SYNTHETIC_V2,True
ASSET-V2-0000598,W-001135,Others,RECORDED,RECORDED,RECORDED,VERIFIED,SYNTHETIC_V2,True
ASSET-V2-0000599,W-001136,Community Infrastructure,RECORDED,RECORDED,RECORDED,VERIFIED,SYNTHETIC_V2,True
ASSET-V2-0000600,W-001137,Health,RECORDED,RECORDED,RECORDED,VERIFIED,SYNTHETIC_V2,True
ASSET-V2-0000601,W-001138,Drinking Water,RECORDED,RECORDED,RECORDED,VERIFIED,SYNTHETIC_V2,True
ASSET-V2-0000602,W-001139,Drinking Water,RECORDED,RECORDED,RECORDED,VERIFIED,SYNTHETIC_V2,True
ASSET-V2-0000603,W-001149,Community Infrastructure,RECORDED,RECORDED,RECORDED,VERIFIED,SYNTHETIC_V2,True
ASSET-V2-0000604,W-001150,Health,RECORDED,RECORDED,RECORDED,VERIFIED,SYNTHETIC_V2,True
ASSET-V2-0000605,W-001151,Drinking Water,RECORDED,RECORDED,RECORDED,VERIFIED,SYNTHETIC_V2,True
ASSET-V2-0000606,W-001152,Education,RECORDED,RECORDED,RECORDED,VERIFIED,SYNTHETIC_V2,True
ASSET-V2-0000607,W-001153,Roads,RECORDED,RECORDED,RECORDED,VERIFIED,SYNTHETIC_V2,True
ASSET-V2-0000608,W-001154,Others,RECORDED,RECORDED,RECORDED,VERIFIED,SYNTHETIC_V2,True
ASSET-V2-0000609,W-001155,Community Infrastructure,RECORDED,RECORDED,RECORDED,VERIFIED,SYNTHETIC_V2,True
ASSET-V2-0000610,W-001156,Community Infrastructure,RECORDED,RECORDED,RECORDED,VERIFIED,SYNTHETIC_V2,True
ASSET-V2-0000611,W-001157,Health,RECORDED,RECORDED,RECORDED,VERIFIED,SYNTHETIC_V2,True
ASSET-V2-0000612,W-001158,Drinking Water,RECORDED,RECORDED,RECORDED,VERIFIED,SYNTHETIC_V2,True
ASSET-V2-0000613,W-001159,Education,RECORDED,RECORDED,RECORDED,VERIFIED,SYNTHETIC_V2,True
ASSET-V2-0000614,W-001169,Health,RECORDED,RECORDED,RECORDED,VERIFIED,SYNTHETIC_V2,True
ASSET-V2-0000615,W-001172,Roads,RECORDED,RECORDED,RECORDED,VERIFIED,SYNTHETIC_V2,True
ASSET-V2-0000616,W-001174,Others,RECORDED,RECORDED,RECORDED,VERIFIED,SYNTHETIC_V2,True
ASSET-V2-0000617,W-001175,Community Infrastructure,RECORDED,RECORDED,RECORDED,VERIFIED,SYNTHETIC_V2,True
ASSET-V2-0000618,W-001176,Health,RECORDED,RECORDED,RECORDED,VERIFIED,SYNTHETIC_V2,True
ASSET-V2-0000619,W-001177,Drinking Water,RECORDED,RECORDED,RECORDED,VERIFIED,SYNTHETIC_V2,True
ASSET-V2-0000620,W-001179,Roads,RECORDED,RECORDED,RECORDED,VERIFIED,SYNTHETIC_V2,True
ASSET-V2-0000621,W-001189,Drinking Water,RECORDED,RECORDED,RECORDED,VERIFIED,SYNTHETIC_V2,True
ASSET-V2-0000622,W-001190,Drinking Water,RECORDED,RECORDED,RECORDED,VERIFIED,SYNTHETIC_V2,True
ASSET-V2-0000623,W-001192,Roads,RECORDED,RECORDED,RECORDED,VERIFIED,SYNTHETIC_V2,True
ASSET-V2-0000624,W-001193,Others,RECORDED,RECORDED,RECORDED,VERIFIED,SYNTHETIC_V2,True
ASSET-V2-0000625,W-001194,Community Infrastructure,RECORDED,RECORDED,RECORDED,VERIFIED,SYNTHETIC_V2,True
ASSET-V2-0000626,W-001195,Health,RECORDED,RECORDED,RECORDED,VERIFIED,SYNTHETIC_V2,True
ASSET-V2-0000627,W-001196,Drinking Water,RECORDED,RECORDED,RECORDED,VERIFIED,SYNTHETIC_V2,True
ASSET-V2-0000628,W-001197,Education,RECORDED,RECORDED,RECORDED,VERIFIED,SYNTHETIC_V2,True
ASSET-V2-0000629,W-001198,Roads,RECORDED,RECORDED,RECORDED,VERIFIED,SYNTHETIC_V2,True
ASSET-V2-0000630,W-001199,Others,RECORDED,RECORDED,RECORDED,VERIFIED,SYNTHETIC_V2,True
ASSET-V2-0000631,W-001209,Drinking Water,RECORDED,RECORDED,RECORDED,VERIFIED,SYNTHETIC_V2,True
ASSET-V2-0000632,W-001210,Education,RECORDED,RECORDED,RECORDED,VERIFIED,SYNTHETIC_V2,True
ASSET-V2-0000633,W-001211,Roads,RECORDED,RECORDED,RECORDED,VERIFIED,SYNTHETIC_V2,True
ASSET-V2-0000634,W-001213,Community Infrastructure,RECORDED,RECORDED,RECORDED,VERIFIED,SYNTHETIC_V2,True
ASSET-V2-0000635,W-001214,Health,RECORDED,RECORDED,RECORDED,VERIFIED,SYNTHETIC_V2,True
ASSET-V2-0000636,W-001215,Drinking Water,RECORDED,RECORDED,RECORDED,VERIFIED,SYNTHETIC_V2,True
ASSET-V2-0000637,W-001216,Education,RECORDED,RECORDED,RECORDED,VERIFIED,SYNTHETIC_V2,True
ASSET-V2-0000638,W-001217,Roads,RECORDED,RECORDED,RECORDED,VERIFIED,SYNTHETIC_V2,True
ASSET-V2-0000639,W-001218,Others,RECORDED,RECORDED,RECORDED,VERIFIED,SYNTHETIC_V2,True
ASSET-V2-0000640,W-001219,Community Infrastructure,RECORDED,RECORDED,RECORDED,VERIFIED,SYNTHETIC_V2,True
ASSET-V2-0000641,W-001229,Education,RECORDED,RECORDED,RECORDED,VERIFIED,SYNTHETIC_V2,True
ASSET-V2-0000642,W-001230,Roads,RECORDED,RECORDED,RECORDED,VERIFIED,SYNTHETIC_V2,True
ASSET-V2-0000643,W-001231,Others,RECORDED,RECORDED,RECORDED,VERIFIED,SYNTHETIC_V2,True
ASSET-V2-0000644,W-001232,Community Infrastructure,RECORDED,RECORDED,RECORDED,VERIFIED,SYNTHETIC_V2,True
ASSET-V2-0000645,W-001233,Health,RECORDED,RECORDED,RECORDED,VERIFIED,SYNTHETIC_V2,True
ASSET-V2-0000646,W-001235,Education,RECORDED,RECORDED,RECORDED,VERIFIED,SYNTHETIC_V2,True
ASSET-V2-0000647,W-001236,Roads,RECORDED,RECORDED,RECORDED,VERIFIED,SYNTHETIC_V2,True
ASSET-V2-0000648,W-001237,Others,RECORDED,RECORDED,RECORDED,VERIFIED,SYNTHETIC_V2,True
ASSET-V2-0000649,W-001238,Community Infrastructure,RECORDED,RECORDED,RECORDED,VERIFIED,SYNTHETIC_V2,True
ASSET-V2-0000650,W-001239,Health,RECORDED,RECORDED,RECORDED,VERIFIED,SYNTHETIC_V2,True
ASSET-V2-0000651,W-001249,Roads,RECORDED,RECORDED,RECORDED,VERIFIED,SYNTHETIC_V2,True
ASSET-V2-0000652,W-001250,Others,RECORDED,RECORDED,RECORDED,VERIFIED,SYNTHETIC_V2,True
ASSET-V2-0000653,W-001251,Community Infrastructure,RECORDED,RECORDED,RECORDED,VERIFIED,SYNTHETIC_V2,True
ASSET-V2-0000654,W-001252,Health,RECORDED,RECORDED,RECORDED,VERIFIED,SYNTHETIC_V2,True
ASSET-V2-0000655,W-001253,Drinking Water,RECORDED,RECORDED,RECORDED,VERIFIED,SYNTHETIC_V2,True
ASSET-V2-0000656,W-001254,Education,RECORDED,RECORDED,RECORDED,VERIFIED,SYNTHETIC_V2,True
ASSET-V2-0000657,W-001255,Roads,RECORDED,RECORDED,RECORDED,VERIFIED,SYNTHETIC_V2,True
ASSET-V2-0000658,W-001256,Others,RECORDED,RECORDED,RECORDED,VERIFIED,SYNTHETIC_V2,True
ASSET-V2-0000659,W-001257,Community Infrastructure,RECORDED,RECORDED,RECORDED,VERIFIED,SYNTHETIC_V2,True
ASSET-V2-0000660,W-001258,Community Infrastructure,RECORDED,RECORDED,RECORDED,VERIFIED,SYNTHETIC_V2,True
ASSET-V2-0000661,W-001259,Health,RECORDED,RECORDED,RECORDED,VERIFIED,SYNTHETIC_V2,True
ASSET-V2-0000662,W-001269,Others,RECORDED,RECORDED,RECORDED,VERIFIED,SYNTHETIC_V2,True
ASSET-V2-0000663,W-001270,Community Infrastructure,RECORDED,RECORDED,RECORDED,VERIFIED,SYNTHETIC_V2,True
ASSET-V2-0000664,W-001271,Health,RECORDED,RECORDED,RECORDED,VERIFIED,SYNTHETIC_V2,True
ASSET-V2-0000665,W-001272,Drinking Water,RECORDED,RECORDED,RECORDED,VERIFIED,SYNTHETIC_V2,True
ASSET-V2-0000666,W-001273,Education,RECORDED,RECORDED,RECORDED,VERIFIED,SYNTHETIC_V2,True
ASSET-V2-0000667,W-001274,Roads,RECORDED,RECORDED,RECORDED,VERIFIED,SYNTHETIC_V2,True
ASSET-V2-0000668,W-001275,Roads,RECORDED,RECORDED,RECORDED,VERIFIED,SYNTHETIC_V2,True
ASSET-V2-0000669,W-001277,Community Infrastructure,RECORDED,RECORDED,RECORDED,VERIFIED,SYNTHETIC_V2,True
ASSET-V2-0000670,W-001278,Health,RECORDED,RECORDED,RECORDED,VERIFIED,SYNTHETIC_V2,True
ASSET-V2-0000671,W-001279,Drinking Water,RECORDED,RECORDED,RECORDED,VERIFIED,SYNTHETIC_V2,True
ASSET-V2-0000672,W-001289,Community Infrastructure,RECORDED,RECORDED,RECORDED,VERIFIED,SYNTHETIC_V2,True
ASSET-V2-0000673,W-001290,Health,RECORDED,RECORDED,RECORDED,VERIFIED,SYNTHETIC_V2,True
ASSET-V2-0000674,W-001291,Drinking Water,RECORDED,RECORDED,RECORDED,VERIFIED,SYNTHETIC_V2,True
ASSET-V2-0000675,W-001292,Drinking Water,RECORDED,RECORDED,RECORDED,VERIFIED,SYNTHETIC_V2,True
ASSET-V2-0000676,W-001293,Education,RECORDED,RECORDED,RECORDED,VERIFIED,SYNTHETIC_V2,True
ASSET-V2-0000677,W-001294,Roads,RECORDED,RECORDED,RECORDED,VERIFIED,SYNTHETIC_V2,True
ASSET-V2-0000678,W-001295,Others,RECORDED,RECORDED,RECORDED,VERIFIED,SYNTHETIC_V2,True
ASSET-V2-0000679,W-001296,Community Infrastructure,RECORDED,RECORDED,RECORDED,VERIFIED,SYNTHETIC_V2,True
ASSET-V2-0000680,W-001297,Health,RECORDED,RECORDED,RECORDED,VERIFIED,SYNTHETIC_V2,True
ASSET-V2-0000681,W-001298,Drinking Water,RECORDED,RECORDED,RECORDED,VERIFIED,SYNTHETIC_V2,True
ASSET-V2-0000682,W-001299,Education,RECORDED,RECORDED,RECORDED,VERIFIED,SYNTHETIC_V2,True
ASSET-V2-0000683,W-001309,Community Infrastructure,RECORDED,RECORDED,RECORDED,VERIFIED,SYNTHETIC_V2,True
ASSET-V2-0000684,W-001310,Health,RECORDED,RECORDED,RECORDED,VERIFIED,SYNTHETIC_V2,True
ASSET-V2-0000685,W-001311,Drinking Water,RECORDED,RECORDED,RECORDED,VERIFIED,SYNTHETIC_V2,True
ASSET-V2-0000686,W-001312,Education,RECORDED,RECORDED,RECORDED,VERIFIED,SYNTHETIC_V2,True
ASSET-V2-0000687,W-001314,Others,RECORDED,RECORDED,RECORDED,VERIFIED,SYNTHETIC_V2,True
ASSET-V2-0000688,W-001315,Community Infrastructure,RECORDED,RECORDED,RECORDED,VERIFIED,SYNTHETIC_V2,True
ASSET-V2-0000689,W-001316,Health,RECORDED,RECORDED,RECORDED,VERIFIED,SYNTHETIC_V2,True
ASSET-V2-0000690,W-001317,Drinking Water,RECORDED,RECORDED,RECORDED,VERIFIED,SYNTHETIC_V2,True
ASSET-V2-0000691,W-001318,Education,RECORDED,RECORDED,RECORDED,VERIFIED,SYNTHETIC_V2,True
ASSET-V2-0000692,W-001319,Roads,RECORDED,RECORDED,RECORDED,VERIFIED,SYNTHETIC_V2,True
ASSET-V2-0000693,W-001329,Health,RECORDED,RECORDED,RECORDED,VERIFIED,SYNTHETIC_V2,True
ASSET-V2-0000694,W-001330,Drinking Water,RECORDED,RECORDED,RECORDED,VERIFIED,SYNTHETIC_V2,True
ASSET-V2-0000695,W-001331,Education,RECORDED,RECORDED,RECORDED,VERIFIED,SYNTHETIC_V2,True
ASSET-V2-0000696,W-001332,Roads,RECORDED,RECORDED,RECORDED,VERIFIED,SYNTHETIC_V2,True
ASSET-V2-0000697,W-001333,Others,RECORDED,RECORDED,RECORDED,VERIFIED,SYNTHETIC_V2,True
ASSET-V2-0000698,W-001334,Community Infrastructure,RECORDED,RECORDED,RECORDED,VERIFIED,SYNTHETIC_V2,True
ASSET-V2-0000699,W-001335,Health,RECORDED,RECORDED,RECORDED,VERIFIED,SYNTHETIC_V2,True
ASSET-V2-0000700,W-001336,Drinking Water,RECORDED,RECORDED,RECORDED,VERIFIED,SYNTHETIC_V2,True
ASSET-V2-0000701,W-001337,Education,RECORDED,RECORDED,RECORDED,VERIFIED,SYNTHETIC_V2,True
ASSET-V2-0000702,W-001338,Roads,RECORDED,RECORDED,RECORDED,VERIFIED,SYNTHETIC_V2,True
ASSET-V2-0000703,W-001339,Others,RECORDED,RECORDED,RECORDED,VERIFIED,SYNTHETIC_V2,True
ASSET-V2-0000704,W-001350,Education,RECORDED,RECORDED,RECORDED,VERIFIED,SYNTHETIC_V2,True
ASSET-V2-0000705,W-001351,Roads,RECORDED,RECORDED,RECORDED,VERIFIED,SYNTHETIC_V2,True
ASSET-V2-0000706,W-001352,Others,RECORDED,RECORDED,RECORDED,VERIFIED,SYNTHETIC_V2,True
ASSET-V2-0000707,W-001353,Community Infrastructure,RECORDED,RECORDED,RECORDED,VERIFIED,SYNTHETIC_V2,True
ASSET-V2-0000708,W-001354,Health,RECORDED,RECORDED,RECORDED,VERIFIED,SYNTHETIC_V2,True
ASSET-V2-0000709,W-001355,Drinking Water,RECORDED,RECORDED,RECORDED,VERIFIED,SYNTHETIC_V2,True
ASSET-V2-0000710,W-001356,Education,RECORDED,RECORDED,RECORDED,VERIFIED,SYNTHETIC_V2,True
ASSET-V2-0000711,W-001357,Roads,RECORDED,RECORDED,RECORDED,VERIFIED,SYNTHETIC_V2,True
ASSET-V2-0000712,W-001358,Others,RECORDED,RECORDED,RECORDED,VERIFIED,SYNTHETIC_V2,True
ASSET-V2-0000713,W-001359,Community Infrastructure,RECORDED,RECORDED,RECORDED,VERIFIED,SYNTHETIC_V2,True
ASSET-V2-0000714,W-001369,Education,RECORDED,RECORDED,RECORDED,VERIFIED,SYNTHETIC_V2,True
ASSET-V2-0000715,W-001370,Roads,RECORDED,RECORDED,RECORDED,VERIFIED,SYNTHETIC_V2,True
ASSET-V2-0000716,W-001371,Others,RECORDED,RECORDED,RECORDED,VERIFIED,SYNTHETIC_V2,True
ASSET-V2-0000717,W-001372,Community Infrastructure,RECORDED,RECORDED,RECORDED,VERIFIED,SYNTHETIC_V2,True
ASSET-V2-0000718,W-001373,Health,RECORDED,RECORDED,RECORDED,VERIFIED,SYNTHETIC_V2,True
ASSET-V2-0000719,W-001374,Drinking Water,RECORDED,RECORDED,RECORDED,VERIFIED,SYNTHETIC_V2,True
ASSET-V2-0000720,W-001375,Education,RECORDED,RECORDED,RECORDED,VERIFIED,SYNTHETIC_V2,True
ASSET-V2-0000721,W-001376,Roads,RECORDED,RECORDED,RECORDED,VERIFIED,SYNTHETIC_V2,True
ASSET-V2-0000722,W-001377,Roads,RECORDED,RECORDED,RECORDED,VERIFIED,SYNTHETIC_V2,True
ASSET-V2-0000723,W-001378,Others,RECORDED,RECORDED,RECORDED,VERIFIED,SYNTHETIC_V2,True
ASSET-V2-0000724,W-001379,Community Infrastructure,RECORDED,RECORDED,RECORDED,VERIFIED,SYNTHETIC_V2,True
ASSET-V2-0000725,W-001389,Roads,RECORDED,RECORDED,RECORDED,VERIFIED,SYNTHETIC_V2,True
ASSET-V2-0000726,W-001391,Community Infrastructure,RECORDED,RECORDED,RECORDED,VERIFIED,SYNTHETIC_V2,True
ASSET-V2-0000727,W-001392,Health,RECORDED,RECORDED,RECORDED,VERIFIED,SYNTHETIC_V2,True
ASSET-V2-0000728,W-001393,Drinking Water,RECORDED,RECORDED,RECORDED,VERIFIED,SYNTHETIC_V2,True
ASSET-V2-0000729,W-001394,Drinking Water,RECORDED,RECORDED,RECORDED,VERIFIED,SYNTHETIC_V2,True
ASSET-V2-0000730,W-001395,Education,RECORDED,RECORDED,RECORDED,VERIFIED,SYNTHETIC_V2,True
ASSET-V2-0000731,W-001396,Roads,RECORDED,RECORDED,RECORDED,VERIFIED,SYNTHETIC_V2,True
ASSET-V2-0000732,W-001397,Others,RECORDED,RECORDED,RECORDED,VERIFIED,SYNTHETIC_V2,True
ASSET-V2-0000733,W-001398,Community Infrastructure,RECORDED,RECORDED,RECORDED,VERIFIED,SYNTHETIC_V2,True
ASSET-V2-0000734,W-001399,Health,RECORDED,RECORDED,RECORDED,VERIFIED,SYNTHETIC_V2,True
ASSET-V2-0000735,W-001409,Others,RECORDED,RECORDED,RECORDED,VERIFIED,SYNTHETIC_V2,True
ASSET-V2-0000736,W-001410,Community Infrastructure,RECORDED,RECORDED,RECORDED,VERIFIED,SYNTHETIC_V2,True
ASSET-V2-0000737,W-001411,Community Infrastructure,RECORDED,RECORDED,RECORDED,VERIFIED,SYNTHETIC_V2,True
ASSET-V2-0000738,W-001412,Health,RECORDED,RECORDED,RECORDED,VERIFIED,SYNTHETIC_V2,True
ASSET-V2-0000739,W-001413,Drinking Water,RECORDED,RECORDED,RECORDED,VERIFIED,SYNTHETIC_V2,True
ASSET-V2-0000740,W-001414,Education,RECORDED,RECORDED,RECORDED,VERIFIED,SYNTHETIC_V2,True
ASSET-V2-0000741,W-001415,Roads,RECORDED,RECORDED,RECORDED,VERIFIED,SYNTHETIC_V2,True
ASSET-V2-0000742,W-001416,Others,RECORDED,RECORDED,RECORDED,VERIFIED,SYNTHETIC_V2,True
ASSET-V2-0000743,W-001417,Community Infrastructure,RECORDED,RECORDED,RECORDED,VERIFIED,SYNTHETIC_V2,True
ASSET-V2-0000744,W-001418,Health,RECORDED,RECORDED,RECORDED,VERIFIED,SYNTHETIC_V2,True
ASSET-V2-0000745,W-001419,Drinking Water,RECORDED,RECORDED,RECORDED,VERIFIED,SYNTHETIC_V2,True
ASSET-V2-0000746,W-001429,Others,RECORDED,RECORDED,RECORDED,VERIFIED,SYNTHETIC_V2,True
ASSET-V2-0000747,W-001430,Community Infrastructure,RECORDED,RECORDED,RECORDED,VERIFIED,SYNTHETIC_V2,True
ASSET-V2-0000748,W-001431,Health,RECORDED,RECORDED,RECORDED,VERIFIED,SYNTHETIC_V2,True
ASSET-V2-0000749,W-001432,Drinking Water,RECORDED,RECORDED,RECORDED,VERIFIED,SYNTHETIC_V2,True
ASSET-V2-0000750,W-001433,Education,RECORDED,RECORDED,RECORDED,VERIFIED,SYNTHETIC_V2,True
ASSET-V2-0000751,W-001434,Roads,RECORDED,RECORDED,RECORDED,VERIFIED,SYNTHETIC_V2,True
ASSET-V2-0000752,W-001435,Others,RECORDED,RECORDED,RECORDED,VERIFIED,SYNTHETIC_V2,True
ASSET-V2-0000753,W-001436,Community Infrastructure,RECORDED,RECORDED,RECORDED,VERIFIED,SYNTHETIC_V2,True
ASSET-V2-0000754,W-001437,Health,RECORDED,RECORDED,RECORDED,VERIFIED,SYNTHETIC_V2,True
ASSET-V2-0000755,W-001438,Drinking Water,RECORDED,RECORDED,RECORDED,VERIFIED,SYNTHETIC_V2,True
ASSET-V2-0000756,W-001439,Education,RECORDED,RECORDED,RECORDED,VERIFIED,SYNTHETIC_V2,True
ASSET-V2-0000757,W-001449,Community Infrastructure,RECORDED,RECORDED,RECORDED,VERIFIED,SYNTHETIC_V2,True
ASSET-V2-0000758,W-001450,Health,RECORDED,RECORDED,RECORDED,VERIFIED,SYNTHETIC_V2,True
ASSET-V2-0000759,W-001451,Drinking Water,RECORDED,RECORDED,RECORDED,VERIFIED,SYNTHETIC_V2,True
ASSET-V2-0000760,W-001452,Education,RECORDED,RECORDED,RECORDED,VERIFIED,SYNTHETIC_V2,True
ASSET-V2-0000761,W-001453,Roads,RECORDED,RECORDED,RECORDED,VERIFIED,SYNTHETIC_V2,True
ASSET-V2-0000762,W-001454,Others,RECORDED,RECORDED,RECORDED,VERIFIED,SYNTHETIC_V2,True
ASSET-V2-0000763,W-001455,Community Infrastructure,RECORDED,RECORDED,RECORDED,VERIFIED,SYNTHETIC_V2,True
ASSET-V2-0000764,W-001456,Health,RECORDED,RECORDED,RECORDED,VERIFIED,SYNTHETIC_V2,True
ASSET-V2-0000765,W-001457,Drinking Water,RECORDED,RECORDED,RECORDED,VERIFIED,SYNTHETIC_V2,True
ASSET-V2-0000766,W-001458,Education,RECORDED,RECORDED,RECORDED,VERIFIED,SYNTHETIC_V2,True
ASSET-V2-0000767,W-001459,Roads,RECORDED,RECORDED,RECORDED,VERIFIED,SYNTHETIC_V2,True
ASSET-V2-0000768,W-001469,Health,RECORDED,RECORDED,RECORDED,VERIFIED,SYNTHETIC_V2,True
ASSET-V2-0000769,W-001470,Drinking Water,RECORDED,RECORDED,RECORDED,VERIFIED,SYNTHETIC_V2,True
ASSET-V2-0000770,W-001472,Roads,RECORDED,RECORDED,RECORDED,VERIFIED,SYNTHETIC_V2,True
ASSET-V2-0000771,W-001473,Others,RECORDED,RECORDED,RECORDED,VERIFIED,SYNTHETIC_V2,True
ASSET-V2-0000772,W-001474,Community Infrastructure,RECORDED,RECORDED,RECORDED,VERIFIED,SYNTHETIC_V2,True
ASSET-V2-0000773,W-001475,Health,RECORDED,RECORDED,RECORDED,VERIFIED,SYNTHETIC_V2,True
ASSET-V2-0000774,W-001476,Drinking Water,RECORDED,RECORDED,RECORDED,VERIFIED,SYNTHETIC_V2,True
ASSET-V2-0000775,W-001478,Roads,RECORDED,RECORDED,RECORDED,VERIFIED,SYNTHETIC_V2,True
ASSET-V2-0000776,W-001479,Roads,RECORDED,RECORDED,RECORDED,VERIFIED,SYNTHETIC_V2,True
ASSET-V2-0000777,W-001489,Drinking Water,RECORDED,RECORDED,RECORDED,VERIFIED,SYNTHETIC_V2,True
ASSET-V2-0000778,W-001490,Education,RECORDED,RECORDED,RECORDED,VERIFIED,SYNTHETIC_V2,True
ASSET-V2-0000779,W-001491,Roads,RECORDED,RECORDED,RECORDED,VERIFIED,SYNTHETIC_V2,True
ASSET-V2-0000780,W-001492,Others,RECORDED,RECORDED,RECORDED,VERIFIED,SYNTHETIC_V2,True
ASSET-V2-0000781,W-001493,Community Infrastructure,RECORDED,RECORDED,RECORDED,VERIFIED,SYNTHETIC_V2,True
ASSET-V2-0000782,W-001494,Health,RECORDED,RECORDED,RECORDED,VERIFIED,SYNTHETIC_V2,True
ASSET-V2-0000783,W-001495,Drinking Water,RECORDED,RECORDED,RECORDED,VERIFIED,SYNTHETIC_V2,True
ASSET-V2-0000784,W-001496,Drinking Water,RECORDED,RECORDED,RECORDED,VERIFIED,SYNTHETIC_V2,True
ASSET-V2-0000785,W-001497,Education,RECORDED,RECORDED,RECORDED,VERIFIED,SYNTHETIC_V2,True
ASSET-V2-0000786,W-001498,Roads,RECORDED,RECORDED,RECORDED,VERIFIED,SYNTHETIC_V2,True
ASSET-V2-0000787,W-001499,Others,RECORDED,RECORDED,RECORDED,VERIFIED,SYNTHETIC_V2,True
ASSET-V2-0000788,W-001509,Education,RECORDED,RECORDED,RECORDED,VERIFIED,SYNTHETIC_V2,True
ASSET-V2-0000789,W-001510,Roads,RECORDED,RECORDED,RECORDED,VERIFIED,SYNTHETIC_V2,True
ASSET-V2-0000790,W-001511,Others,RECORDED,RECORDED,RECORDED,VERIFIED,SYNTHETIC_V2,True
ASSET-V2-0000791,W-001512,Community Infrastructure,RECORDED,RECORDED,RECORDED,VERIFIED,SYNTHETIC_V2,True
ASSET-V2-0000792,W-001513,Community Infrastructure,RECORDED,RECORDED,RECORDED,VERIFIED,SYNTHETIC_V2,True
ASSET-V2-0000793,W-001514,Health,RECORDED,RECORDED,RECORDED,VERIFIED,SYNTHETIC_V2,True
ASSET-V2-0000794,W-001515,Drinking Water,RECORDED,RECORDED,RECORDED,VERIFIED,SYNTHETIC_V2,True
ASSET-V2-0000795,W-001516,Education,RECORDED,RECORDED,RECORDED,VERIFIED,SYNTHETIC_V2,True
ASSET-V2-0000796,W-001517,Roads,RECORDED,RECORDED,RECORDED,VERIFIED,SYNTHETIC_V2,True
ASSET-V2-0000797,W-001518,Others,RECORDED,RECORDED,RECORDED,VERIFIED,SYNTHETIC_V2,True
ASSET-V2-0000798,W-001519,Community Infrastructure,RECORDED,RECORDED,RECORDED,VERIFIED,SYNTHETIC_V2,True
ASSET-V2-0000799,W-001529,Roads,RECORDED,RECORDED,RECORDED,VERIFIED,SYNTHETIC_V2,True
ASSET-V2-0000800,W-001530,Roads,RECORDED,RECORDED,RECORDED,VERIFIED,SYNTHETIC_V2,True
ASSET-V2-0000801,W-001531,Others,RECORDED,RECORDED,RECORDED,VERIFIED,SYNTHETIC_V2,True
ASSET-V2-0000802,W-001532,Community Infrastructure,RECORDED,RECORDED,RECORDED,VERIFIED,SYNTHETIC_V2,True
ASSET-V2-0000803,W-001533,Health,RECORDED,RECORDED,RECORDED,VERIFIED,SYNTHETIC_V2,True
ASSET-V2-0000804,W-001534,Drinking Water,RECORDED,RECORDED,RECORDED,VERIFIED,SYNTHETIC_V2,True
ASSET-V2-0000805,W-001535,Education,RECORDED,RECORDED,RECORDED,VERIFIED,SYNTHETIC_V2,True
ASSET-V2-0000806,W-001536,Roads,RECORDED,RECORDED,RECORDED,VERIFIED,SYNTHETIC_V2,True
ASSET-V2-0000807,W-001537,Others,RECORDED,RECORDED,RECORDED,VERIFIED,SYNTHETIC_V2,True
ASSET-V2-0000808,W-001538,Community Infrastructure,RECORDED,RECORDED,RECORDED,VERIFIED,SYNTHETIC_V2,True
ASSET-V2-0000809,W-001539,Health,RECORDED,RECORDED,RECORDED,VERIFIED,SYNTHETIC_V2,True
ASSET-V2-0000810,W-001549,Roads,RECORDED,RECORDED,RECORDED,VERIFIED,SYNTHETIC_V2,True
ASSET-V2-0000811,W-001550,Others,RECORDED,RECORDED,RECORDED,VERIFIED,SYNTHETIC_V2,True
ASSET-V2-0000812,W-001551,Community Infrastructure,RECORDED,RECORDED,RECORDED,VERIFIED,SYNTHETIC_V2,True
ASSET-V2-0000813,W-001552,Health,RECORDED,RECORDED,RECORDED,VERIFIED,SYNTHETIC_V2,True
ASSET-V2-0000814,W-001553,Drinking Water,RECORDED,RECORDED,RECORDED,VERIFIED,SYNTHETIC_V2,True
ASSET-V2-0000815,W-001554,Education,RECORDED,RECORDED,RECORDED,VERIFIED,SYNTHETIC_V2,True
ASSET-V2-0000816,W-001555,Roads,RECORDED,RECORDED,RECORDED,VERIFIED,SYNTHETIC_V2,True
ASSET-V2-0000817,W-001556,Others,RECORDED,RECORDED,RECORDED,VERIFIED,SYNTHETIC_V2,True
ASSET-V2-0000818,W-001557,Community Infrastructure,RECORDED,RECORDED,RECORDED,VERIFIED,SYNTHETIC_V2,True
ASSET-V2-0000819,W-001559,Drinking Water,RECORDED,RECORDED,RECORDED,VERIFIED,SYNTHETIC_V2,True
ASSET-V2-0000820,W-001569,Others,RECORDED,RECORDED,RECORDED,VERIFIED,SYNTHETIC_V2,True
ASSET-V2-0000821,W-001570,Community Infrastructure,RECORDED,RECORDED,RECORDED,VERIFIED,SYNTHETIC_V2,True
ASSET-V2-0000822,W-001571,Health,RECORDED,RECORDED,RECORDED,VERIFIED,SYNTHETIC_V2,True
ASSET-V2-0000823,W-001573,Education,RECORDED,RECORDED,RECORDED,VERIFIED,SYNTHETIC_V2,True
ASSET-V2-0000824,W-001574,Roads,RECORDED,RECORDED,RECORDED,VERIFIED,SYNTHETIC_V2,True
ASSET-V2-0000825,W-001575,Others,RECORDED,RECORDED,RECORDED,VERIFIED,SYNTHETIC_V2,True
ASSET-V2-0000826,W-001576,Community Infrastructure,RECORDED,RECORDED,RECORDED,VERIFIED,SYNTHETIC_V2,True
ASSET-V2-0000827,W-001577,Health,RECORDED,RECORDED,RECORDED,VERIFIED,SYNTHETIC_V2,True
ASSET-V2-0000828,W-001579,Education,RECORDED,RECORDED,RECORDED,VERIFIED,SYNTHETIC_V2,True
ASSET-V2-0000829,W-001589,Community Infrastructure,RECORDED,RECORDED,RECORDED,VERIFIED,SYNTHETIC_V2,True
ASSET-V2-0000830,W-001590,Health,RECORDED,RECORDED,RECORDED,VERIFIED,SYNTHETIC_V2,True
ASSET-V2-0000831,W-001591,Drinking Water,RECORDED,RECORDED,RECORDED,VERIFIED,SYNTHETIC_V2,True
ASSET-V2-0000832,W-001592,Education,RECORDED,RECORDED,RECORDED,VERIFIED,SYNTHETIC_V2,True
ASSET-V2-0000833,W-001593,Roads,RECORDED,RECORDED,RECORDED,VERIFIED,SYNTHETIC_V2,True
ASSET-V2-0000834,W-001594,Others,RECORDED,RECORDED,RECORDED,VERIFIED,SYNTHETIC_V2,True
ASSET-V2-0000835,W-001595,Community Infrastructure,RECORDED,RECORDED,RECORDED,VERIFIED,SYNTHETIC_V2,True
ASSET-V2-0000836,W-001596,Health,RECORDED,RECORDED,RECORDED,VERIFIED,SYNTHETIC_V2,True
ASSET-V2-0000837,W-001597,Drinking Water,RECORDED,RECORDED,RECORDED,VERIFIED,SYNTHETIC_V2,True
ASSET-V2-0000838,W-001598,Drinking Water,RECORDED,RECORDED,RECORDED,VERIFIED,SYNTHETIC_V2,True
ASSET-V2-0000839,W-001599,Education,RECORDED,RECORDED,RECORDED,VERIFIED,SYNTHETIC_V2,True
ASSET-V2-0000840,W-001609,Health,RECORDED,RECORDED,RECORDED,VERIFIED,SYNTHETIC_V2,True
ASSET-V2-0000841,W-001610,Drinking Water,RECORDED,RECORDED,RECORDED,VERIFIED,SYNTHETIC_V2,True
ASSET-V2-0000842,W-001611,Education,RECORDED,RECORDED,RECORDED,VERIFIED,SYNTHETIC_V2,True
ASSET-V2-0000843,W-001612,Roads,RECORDED,RECORDED,RECORDED,VERIFIED,SYNTHETIC_V2,True
ASSET-V2-0000844,W-001613,Others,RECORDED,RECORDED,RECORDED,VERIFIED,SYNTHETIC_V2,True
ASSET-V2-0000845,W-001614,Community Infrastructure,RECORDED,RECORDED,RECORDED,VERIFIED,SYNTHETIC_V2,True
ASSET-V2-0000846,W-001615,Community Infrastructure,RECORDED,RECORDED,RECORDED,VERIFIED,SYNTHETIC_V2,True
ASSET-V2-0000847,W-001616,Health,RECORDED,RECORDED,RECORDED,VERIFIED,SYNTHETIC_V2,True
ASSET-V2-0000848,W-001617,Drinking Water,RECORDED,RECORDED,RECORDED,VERIFIED,SYNTHETIC_V2,True
ASSET-V2-0000849,W-001618,Education,RECORDED,RECORDED,RECORDED,VERIFIED,SYNTHETIC_V2,True
ASSET-V2-0000850,W-001619,Roads,RECORDED,RECORDED,RECORDED,VERIFIED,SYNTHETIC_V2,True
ASSET-V2-0000851,W-001629,Drinking Water,RECORDED,RECORDED,RECORDED,VERIFIED,SYNTHETIC_V2,True
ASSET-V2-0000852,W-001630,Education,RECORDED,RECORDED,RECORDED,VERIFIED,SYNTHETIC_V2,True
ASSET-V2-0000853,W-001631,Roads,RECORDED,RECORDED,RECORDED,VERIFIED,SYNTHETIC_V2,True
ASSET-V2-0000854,W-001632,Roads,RECORDED,RECORDED,RECORDED,VERIFIED,SYNTHETIC_V2,True
ASSET-V2-0000855,W-001633,Others,RECORDED,RECORDED,RECORDED,VERIFIED,SYNTHETIC_V2,True
ASSET-V2-0000856,W-001634,Community Infrastructure,RECORDED,RECORDED,RECORDED,VERIFIED,SYNTHETIC_V2,True
ASSET-V2-0000857,W-001635,Health,RECORDED,RECORDED,RECORDED,VERIFIED,SYNTHETIC_V2,True
ASSET-V2-0000858,W-001637,Education,RECORDED,RECORDED,RECORDED,VERIFIED,SYNTHETIC_V2,True
ASSET-V2-0000859,W-001639,Others,RECORDED,RECORDED,RECORDED,VERIFIED,SYNTHETIC_V2,True
ASSET-V2-0000860,W-001649,Drinking Water,RECORDED,RECORDED,RECORDED,VERIFIED,SYNTHETIC_V2,True
ASSET-V2-0000861,W-001650,Education,RECORDED,RECORDED,RECORDED,VERIFIED,SYNTHETIC_V2,True
ASSET-V2-0000862,W-001651,Roads,RECORDED,RECORDED,RECORDED,VERIFIED,SYNTHETIC_V2,True
ASSET-V2-0000863,W-001652,Others,RECORDED,RECORDED,RECORDED,VERIFIED,SYNTHETIC_V2,True
ASSET-V2-0000864,W-001653,Community Infrastructure,RECORDED,RECORDED,RECORDED,VERIFIED,SYNTHETIC_V2,True
ASSET-V2-0000865,W-001654,Health,RECORDED,RECORDED,RECORDED,VERIFIED,SYNTHETIC_V2,True
ASSET-V2-0000866,W-001655,Drinking Water,RECORDED,RECORDED,RECORDED,VERIFIED,SYNTHETIC_V2,True
ASSET-V2-0000867,W-001656,Education,RECORDED,RECORDED,RECORDED,VERIFIED,SYNTHETIC_V2,True
ASSET-V2-0000868,W-001657,Roads,RECORDED,RECORDED,RECORDED,VERIFIED,SYNTHETIC_V2,True
ASSET-V2-0000869,W-001658,Others,RECORDED,RECORDED,RECORDED,VERIFIED,SYNTHETIC_V2,True
ASSET-V2-0000870,W-001669,Education,RECORDED,RECORDED,RECORDED,VERIFIED,SYNTHETIC_V2,True
ASSET-V2-0000871,W-001670,Roads,RECORDED,RECORDED,RECORDED,VERIFIED,SYNTHETIC_V2,True
ASSET-V2-0000872,W-001671,Others,RECORDED,RECORDED,RECORDED,VERIFIED,SYNTHETIC_V2,True
ASSET-V2-0000873,W-001672,Community Infrastructure,RECORDED,RECORDED,RECORDED,VERIFIED,SYNTHETIC_V2,True
ASSET-V2-0000874,W-001673,Health,RECORDED,RECORDED,RECORDED,VERIFIED,SYNTHETIC_V2,True
ASSET-V2-0000875,W-001674,Drinking Water,RECORDED,RECORDED,RECORDED,VERIFIED,SYNTHETIC_V2,True
ASSET-V2-0000876,W-001675,Education,RECORDED,RECORDED,RECORDED,VERIFIED,SYNTHETIC_V2,True
ASSET-V2-0000877,W-001676,Roads,RECORDED,RECORDED,RECORDED,VERIFIED,SYNTHETIC_V2,True
ASSET-V2-0000878,W-001677,Others,RECORDED,RECORDED,RECORDED,VERIFIED,SYNTHETIC_V2,True
ASSET-V2-0000879,W-001678,Community Infrastructure,RECORDED,RECORDED,RECORDED,VERIFIED,SYNTHETIC_V2,True
ASSET-V2-0000880,W-001679,Health,RECORDED,RECORDED,RECORDED,VERIFIED,SYNTHETIC_V2,True
ASSET-V2-0000881,W-001689,Roads,RECORDED,RECORDED,RECORDED,VERIFIED,SYNTHETIC_V2,True
ASSET-V2-0000882,W-001690,Others,RECORDED,RECORDED,RECORDED,VERIFIED,SYNTHETIC_V2,True
ASSET-V2-0000883,W-001691,Community Infrastructure,RECORDED,RECORDED,RECORDED,VERIFIED,SYNTHETIC_V2,True
ASSET-V2-0000884,W-001692,Health,RECORDED,RECORDED,RECORDED,VERIFIED,SYNTHETIC_V2,True
ASSET-V2-0000885,W-001693,Drinking Water,RECORDED,RECORDED,RECORDED,VERIFIED,SYNTHETIC_V2,True
ASSET-V2-0000886,W-001694,Education,RECORDED,RECORDED,RECORDED,VERIFIED,SYNTHETIC_V2,True
ASSET-V2-0000887,W-001695,Roads,RECORDED,RECORDED,RECORDED,VERIFIED,SYNTHETIC_V2,True
ASSET-V2-0000888,W-001696,Others,RECORDED,RECORDED,RECORDED,VERIFIED,SYNTHETIC_V2,True
ASSET-V2-0000889,W-001697,Community Infrastructure,RECORDED,RECORDED,RECORDED,VERIFIED,SYNTHETIC_V2,True
ASSET-V2-0000890,W-001698,Health,RECORDED,RECORDED,RECORDED,VERIFIED,SYNTHETIC_V2,True
ASSET-V2-0000891,W-001699,Drinking Water,RECORDED,RECORDED,RECORDED,VERIFIED,SYNTHETIC_V2,True
ASSET-V2-0000892,W-001709,Others,RECORDED,RECORDED,RECORDED,VERIFIED,SYNTHETIC_V2,True
ASSET-V2-0000893,W-001710,Community Infrastructure,RECORDED,RECORDED,RECORDED,VERIFIED,SYNTHETIC_V2,True
ASSET-V2-0000894,W-001712,Drinking Water,RECORDED,RECORDED,RECORDED,VERIFIED,SYNTHETIC_V2,True
ASSET-V2-0000895,W-001713,Education,RECORDED,RECORDED,RECORDED,VERIFIED,SYNTHETIC_V2,True
ASSET-V2-0000896,W-001714,Roads,RECORDED,RECORDED,RECORDED,VERIFIED,SYNTHETIC_V2,True
ASSET-V2-0000897,W-001715,Others,RECORDED,RECORDED,RECORDED,VERIFIED,SYNTHETIC_V2,True
ASSET-V2-0000898,W-001717,Community Infrastructure,RECORDED,RECORDED,RECORDED,VERIFIED,SYNTHETIC_V2,True
ASSET-V2-0000899,W-001718,Health,RECORDED,RECORDED,RECORDED,VERIFIED,SYNTHETIC_V2,True
ASSET-V2-0000900,W-001719,Drinking Water,RECORDED,RECORDED,RECORDED,VERIFIED,SYNTHETIC_V2,True
ASSET-V2-0000901,W-001729,Community Infrastructure,RECORDED,RECORDED,RECORDED,VERIFIED,SYNTHETIC_V2,True
ASSET-V2-0000902,W-001730,Health,RECORDED,RECORDED,RECORDED,VERIFIED,SYNTHETIC_V2,True
ASSET-V2-0000903,W-001731,Drinking Water,RECORDED,RECORDED,RECORDED,VERIFIED,SYNTHETIC_V2,True
ASSET-V2-0000904,W-001732,Education,RECORDED,RECORDED,RECORDED,VERIFIED,SYNTHETIC_V2,True
ASSET-V2-0000905,W-001733,Roads,RECORDED,RECORDED,RECORDED,VERIFIED,SYNTHETIC_V2,True
ASSET-V2-0000906,W-001734,Roads,RECORDED,RECORDED,RECORDED,VERIFIED,SYNTHETIC_V2,True
ASSET-V2-0000907,W-001735,Others,RECORDED,RECORDED,RECORDED,VERIFIED,SYNTHETIC_V2,True
ASSET-V2-0000908,W-001736,Community Infrastructure,RECORDED,RECORDED,RECORDED,VERIFIED,SYNTHETIC_V2,True
ASSET-V2-0000909,W-001737,Health,RECORDED,RECORDED,RECORDED,VERIFIED,SYNTHETIC_V2,True
ASSET-V2-0000910,W-001738,Drinking Water,RECORDED,RECORDED,RECORDED,VERIFIED,SYNTHETIC_V2,True
ASSET-V2-0000911,W-001739,Education,RECORDED,RECORDED,RECORDED,VERIFIED,SYNTHETIC_V2,True
ASSET-V2-0000912,W-001749,Health,RECORDED,RECORDED,RECORDED,VERIFIED,SYNTHETIC_V2,True
ASSET-V2-0000913,W-001750,Drinking Water,RECORDED,RECORDED,RECORDED,VERIFIED,SYNTHETIC_V2,True
ASSET-V2-0000914,W-001751,Drinking Water,RECORDED,RECORDED,RECORDED,VERIFIED,SYNTHETIC_V2,True
ASSET-V2-0000915,W-001752,Education,RECORDED,RECORDED,RECORDED,VERIFIED,SYNTHETIC_V2,True
ASSET-V2-0000916,W-001753,Roads,RECORDED,RECORDED,RECORDED,VERIFIED,SYNTHETIC_V2,True
ASSET-V2-0000917,W-001754,Others,RECORDED,RECORDED,RECORDED,VERIFIED,SYNTHETIC_V2,True
ASSET-V2-0000918,W-001755,Community Infrastructure,RECORDED,RECORDED,RECORDED,VERIFIED,SYNTHETIC_V2,True
ASSET-V2-0000919,W-001756,Health,RECORDED,RECORDED,RECORDED,VERIFIED,SYNTHETIC_V2,True
ASSET-V2-0000920,W-001757,Drinking Water,RECORDED,RECORDED,RECORDED,VERIFIED,SYNTHETIC_V2,True
ASSET-V2-0000921,W-001758,Education,RECORDED,RECORDED,RECORDED,VERIFIED,SYNTHETIC_V2,True
ASSET-V2-0000922,W-001759,Roads,RECORDED,RECORDED,RECORDED,VERIFIED,SYNTHETIC_V2,True
ASSET-V2-0000923,W-001769,Health,RECORDED,RECORDED,RECORDED,VERIFIED,SYNTHETIC_V2,True
ASSET-V2-0000924,W-001770,Drinking Water,RECORDED,RECORDED,RECORDED,VERIFIED,SYNTHETIC_V2,True
ASSET-V2-0000925,W-001771,Education,RECORDED,RECORDED,RECORDED,VERIFIED,SYNTHETIC_V2,True
ASSET-V2-0000926,W-001772,Roads,RECORDED,RECORDED,RECORDED,VERIFIED,SYNTHETIC_V2,True
ASSET-V2-0000927,W-001773,Others,RECORDED,RECORDED,RECORDED,VERIFIED,SYNTHETIC_V2,True
ASSET-V2-0000928,W-001774,Community Infrastructure,RECORDED,RECORDED,RECORDED,VERIFIED,SYNTHETIC_V2,True
ASSET-V2-0000929,W-001775,Health,RECORDED,RECORDED,RECORDED,VERIFIED,SYNTHETIC_V2,True
ASSET-V2-0000930,W-001776,Drinking Water,RECORDED,RECORDED,RECORDED,VERIFIED,SYNTHETIC_V2,True
ASSET-V2-0000931,W-001777,Education,RECORDED,RECORDED,RECORDED,VERIFIED,SYNTHETIC_V2,True
ASSET-V2-0000932,W-001778,Roads,RECORDED,RECORDED,RECORDED,VERIFIED,SYNTHETIC_V2,True
ASSET-V2-0000933,W-001779,Others,RECORDED,RECORDED,RECORDED,VERIFIED,SYNTHETIC_V2,True
ASSET-V2-0000934,W-001789,Drinking Water,RECORDED,RECORDED,RECORDED,VERIFIED,SYNTHETIC_V2,True
ASSET-V2-0000935,W-001790,Education,RECORDED,RECORDED,RECORDED,VERIFIED,SYNTHETIC_V2,True
ASSET-V2-0000936,W-001791,Roads,RECORDED,RECORDED,RECORDED,VERIFIED,SYNTHETIC_V2,True
ASSET-V2-0000937,W-001792,Others,RECORDED,RECORDED,RECORDED,VERIFIED,SYNTHETIC_V2,True
ASSET-V2-0000938,W-001793,Community Infrastructure,RECORDED,RECORDED,RECORDED,VERIFIED,SYNTHETIC_V2,True
ASSET-V2-0000939,W-001794,Health,RECORDED,RECORDED,RECORDED,VERIFIED,SYNTHETIC_V2,True
ASSET-V2-0000940,W-001795,Drinking Water,RECORDED,RECORDED,RECORDED,VERIFIED,SYNTHETIC_V2,True
ASSET-V2-0000941,W-001796,Education,RECORDED,RECORDED,RECORDED,VERIFIED,SYNTHETIC_V2,True
ASSET-V2-0000942,W-001797,Roads,RECORDED,RECORDED,RECORDED,VERIFIED,SYNTHETIC_V2,True
ASSET-V2-0000943,W-001798,Others,RECORDED,RECORDED,RECORDED,VERIFIED,SYNTHETIC_V2,True
ASSET-V2-0000944,W-001799,Community Infrastructure,RECORDED,RECORDED,RECORDED,VERIFIED,SYNTHETIC_V2,True
ASSET-V2-0000945,W-001809,Education,RECORDED,RECORDED,RECORDED,VERIFIED,SYNTHETIC_V2,True
ASSET-V2-0000946,W-001810,Roads,RECORDED,RECORDED,RECORDED,VERIFIED,SYNTHETIC_V2,True
ASSET-V2-0000947,W-001811,Others,RECORDED,RECORDED,RECORDED,VERIFIED,SYNTHETIC_V2,True
ASSET-V2-0000948,W-001812,Community Infrastructure,RECORDED,RECORDED,RECORDED,VERIFIED,SYNTHETIC_V2,True
ASSET-V2-0000949,W-001813,Health,RECORDED,RECORDED,RECORDED,VERIFIED,SYNTHETIC_V2,True
ASSET-V2-0000950,W-001814,Drinking Water,RECORDED,RECORDED,RECORDED,VERIFIED,SYNTHETIC_V2,True
ASSET-V2-0000951,W-001815,Education,RECORDED,RECORDED,RECORDED,VERIFIED,SYNTHETIC_V2,True
ASSET-V2-0000952,W-001816,Roads,RECORDED,RECORDED,RECORDED,VERIFIED,SYNTHETIC_V2,True
ASSET-V2-0000953,W-001817,Others,RECORDED,RECORDED,RECORDED,VERIFIED,SYNTHETIC_V2,True
ASSET-V2-0000954,W-001818,Community Infrastructure,RECORDED,RECORDED,RECORDED,VERIFIED,SYNTHETIC_V2,True
ASSET-V2-0000955,W-001819,Community Infrastructure,RECORDED,RECORDED,RECORDED,VERIFIED,SYNTHETIC_V2,True
ASSET-V2-0000956,W-001829,Roads,RECORDED,RECORDED,RECORDED,VERIFIED,SYNTHETIC_V2,True
ASSET-V2-0000957,W-001830,Others,RECORDED,RECORDED,RECORDED,VERIFIED,SYNTHETIC_V2,True
ASSET-V2-0000958,W-001831,Community Infrastructure,RECORDED,RECORDED,RECORDED,VERIFIED,SYNTHETIC_V2,True
ASSET-V2-0000959,W-001832,Health,RECORDED,RECORDED,RECORDED,VERIFIED,SYNTHETIC_V2,True
ASSET-V2-0000960,W-001833,Drinking Water,RECORDED,RECORDED,RECORDED,VERIFIED,SYNTHETIC_V2,True
ASSET-V2-0000961,W-001834,Education,RECORDED,RECORDED,RECORDED,VERIFIED,SYNTHETIC_V2,True
ASSET-V2-0000962,W-001835,Roads,RECORDED,RECORDED,RECORDED,VERIFIED,SYNTHETIC_V2,True
ASSET-V2-0000963,W-001836,Roads,RECORDED,RECORDED,RECORDED,VERIFIED,SYNTHETIC_V2,True
ASSET-V2-0000964,W-001837,Others,RECORDED,RECORDED,RECORDED,VERIFIED,SYNTHETIC_V2,True
ASSET-V2-0000965,W-001838,Community Infrastructure,RECORDED,RECORDED,RECORDED,VERIFIED,SYNTHETIC_V2,True
ASSET-V2-0000966,W-001839,Health,RECORDED,RECORDED,RECORDED,VERIFIED,SYNTHETIC_V2,True
ASSET-V2-0000967,W-001849,Others,RECORDED,RECORDED,RECORDED,VERIFIED,SYNTHETIC_V2,True
ASSET-V2-0000968,W-001850,Community Infrastructure,RECORDED,RECORDED,RECORDED,VERIFIED,SYNTHETIC_V2,True
ASSET-V2-0000969,W-001851,Health,RECORDED,RECORDED,RECORDED,VERIFIED,SYNTHETIC_V2,True
ASSET-V2-0000970,W-001852,Drinking Water,RECORDED,RECORDED,RECORDED,VERIFIED,SYNTHETIC_V2,True
ASSET-V2-0000971,W-001853,Drinking Water,RECORDED,RECORDED,RECORDED,VERIFIED,SYNTHETIC_V2,True
ASSET-V2-0000972,W-001854,Education,RECORDED,RECORDED,RECORDED,VERIFIED,SYNTHETIC_V2,True
ASSET-V2-0000973,W-001855,Roads,RECORDED,RECORDED,RECORDED,VERIFIED,SYNTHETIC_V2,True
ASSET-V2-0000974,W-001856,Others,RECORDED,RECORDED,RECORDED,VERIFIED,SYNTHETIC_V2,True
ASSET-V2-0000975,W-001857,Community Infrastructure,RECORDED,RECORDED,RECORDED,VERIFIED,SYNTHETIC_V2,True
ASSET-V2-0000976,W-001858,Health,RECORDED,RECORDED,RECORDED,VERIFIED,SYNTHETIC_V2,True
ASSET-V2-0000977,W-001859,Drinking Water,RECORDED,RECORDED,RECORDED,VERIFIED,SYNTHETIC_V2,True
ASSET-V2-0000978,W-001869,Community Infrastructure,RECORDED,RECORDED,RECORDED,VERIFIED,SYNTHETIC_V2,True
ASSET-V2-0000979,W-001870,Community Infrastructure,RECORDED,RECORDED,RECORDED,VERIFIED,SYNTHETIC_V2,True
ASSET-V2-0000980,W-001871,Health,RECORDED,RECORDED,RECORDED,VERIFIED,SYNTHETIC_V2,True
ASSET-V2-0000981,W-001872,Drinking Water,RECORDED,RECORDED,RECORDED,VERIFIED,SYNTHETIC_V2,True
ASSET-V2-0000982,W-001873,Education,RECORDED,RECORDED,RECORDED,VERIFIED,SYNTHETIC_V2,True
ASSET-V2-0000983,W-001874,Roads,RECORDED,RECORDED,RECORDED,VERIFIED,SYNTHETIC_V2,True
ASSET-V2-0000984,W-001875,Others,RECORDED,RECORDED,RECORDED,VERIFIED,SYNTHETIC_V2,True
ASSET-V2-0000985,W-001876,Community Infrastructure,RECORDED,RECORDED,RECORDED,VERIFIED,SYNTHETIC_V2,True
ASSET-V2-0000986,W-001877,Health,RECORDED,RECORDED,RECORDED,VERIFIED,SYNTHETIC_V2,True
ASSET-V2-0000987,W-001878,Drinking Water,RECORDED,RECORDED,RECORDED,VERIFIED,SYNTHETIC_V2,True
ASSET-V2-0000988,W-001879,Education,RECORDED,RECORDED,RECORDED,VERIFIED,SYNTHETIC_V2,True
ASSET-V2-0000989,W-001889,Community Infrastructure,RECORDED,RECORDED,RECORDED,VERIFIED,SYNTHETIC_V2,True
ASSET-V2-0000990,W-001890,Health,RECORDED,RECORDED,RECORDED,VERIFIED,SYNTHETIC_V2,True
ASSET-V2-0000991,W-001891,Drinking Water,RECORDED,RECORDED,RECORDED,VERIFIED,SYNTHETIC_V2,True
ASSET-V2-0000992,W-001892,Education,RECORDED,RECORDED,RECORDED,VERIFIED,SYNTHETIC_V2,True
ASSET-V2-0000993,W-001893,Roads,RECORDED,RECORDED,RECORDED,VERIFIED,SYNTHETIC_V2,True
ASSET-V2-0000994,W-001894,Others,RECORDED,RECORDED,RECORDED,VERIFIED,SYNTHETIC_V2,True
ASSET-V2-0000995,W-001896,Health,RECORDED,RECORDED,RECORDED,VERIFIED,SYNTHETIC_V2,True
ASSET-V2-0000996,W-001897,Drinking Water,RECORDED,RECORDED,RECORDED,VERIFIED,SYNTHETIC_V2,True
ASSET-V2-0000997,W-001898,Education,RECORDED,RECORDED,RECORDED,VERIFIED,SYNTHETIC_V2,True
ASSET-V2-0000998,W-001899,Roads,RECORDED,RECORDED,RECORDED,VERIFIED,SYNTHETIC_V2,True
ASSET-V2-0000999,W-001909,Health,RECORDED,RECORDED,RECORDED,VERIFIED,SYNTHETIC_V2,True
ASSET-V2-0001000,W-001910,Drinking Water,RECORDED,RECORDED,RECORDED,VERIFIED,SYNTHETIC_V2,True
ASSET-V2-0001001,W-001911,Education,RECORDED,RECORDED,RECORDED,VERIFIED,SYNTHETIC_V2,True
ASSET-V2-0001002,W-001912,Roads,RECORDED,RECORDED,RECORDED,VERIFIED,SYNTHETIC_V2,True
ASSET-V2-0001003,W-001913,Others,RECORDED,RECORDED,RECORDED,VERIFIED,SYNTHETIC_V2,True
ASSET-V2-0001004,W-001914,Community Infrastructure,RECORDED,RECORDED,RECORDED,VERIFIED,SYNTHETIC_V2,True
ASSET-V2-0001005,W-001915,Health,RECORDED,RECORDED,RECORDED,VERIFIED,SYNTHETIC_V2,True
ASSET-V2-0001006,W-001916,Drinking Water,RECORDED,RECORDED,RECORDED,VERIFIED,SYNTHETIC_V2,True
ASSET-V2-0001007,W-001917,Education,RECORDED,RECORDED,RECORDED,VERIFIED,SYNTHETIC_V2,True
ASSET-V2-0001008,W-001918,Roads,RECORDED,RECORDED,RECORDED,VERIFIED,SYNTHETIC_V2,True
ASSET-V2-0001009,W-001919,Others,RECORDED,RECORDED,RECORDED,VERIFIED,SYNTHETIC_V2,True
ASSET-V2-0001010,W-001929,Drinking Water,RECORDED,RECORDED,RECORDED,VERIFIED,SYNTHETIC_V2,True
ASSET-V2-0001011,W-001930,Education,RECORDED,RECORDED,RECORDED,VERIFIED,SYNTHETIC_V2,True
ASSET-V2-0001012,W-001931,Roads,RECORDED,RECORDED,RECORDED,VERIFIED,SYNTHETIC_V2,True
ASSET-V2-0001013,W-001932,Others,RECORDED,RECORDED,RECORDED,VERIFIED,SYNTHETIC_V2,True
ASSET-V2-0001014,W-001933,Community Infrastructure,RECORDED,RECORDED,RECORDED,VERIFIED,SYNTHETIC_V2,True
ASSET-V2-0001015,W-001934,Health,RECORDED,RECORDED,RECORDED,VERIFIED,SYNTHETIC_V2,True
ASSET-V2-0001016,W-001935,Drinking Water,RECORDED,RECORDED,RECORDED,VERIFIED,SYNTHETIC_V2,True
ASSET-V2-0001017,W-001936,Education,RECORDED,RECORDED,RECORDED,VERIFIED,SYNTHETIC_V2,True
ASSET-V2-0001018,W-001937,Roads,RECORDED,RECORDED,RECORDED,VERIFIED,SYNTHETIC_V2,True
ASSET-V2-0001019,W-001939,Others,RECORDED,RECORDED,RECORDED,VERIFIED,SYNTHETIC_V2,True
ASSET-V2-0001020,W-001949,Education,RECORDED,RECORDED,RECORDED,VERIFIED,SYNTHETIC_V2,True
ASSET-V2-0001021,W-001950,Roads,RECORDED,RECORDED,RECORDED,VERIFIED,SYNTHETIC_V2,True
ASSET-V2-0001022,W-001951,Others,RECORDED,RECORDED,RECORDED,VERIFIED,SYNTHETIC_V2,True
ASSET-V2-0001023,W-001952,Community Infrastructure,RECORDED,RECORDED,RECORDED,VERIFIED,SYNTHETIC_V2,True
ASSET-V2-0001024,W-001953,Health,RECORDED,RECORDED,RECORDED,VERIFIED,SYNTHETIC_V2,True
ASSET-V2-0001025,W-001954,Drinking Water,RECORDED,RECORDED,RECORDED,VERIFIED,SYNTHETIC_V2,True
ASSET-V2-0001026,W-001955,Drinking Water,RECORDED,RECORDED,RECORDED,VERIFIED,SYNTHETIC_V2,True
ASSET-V2-0001027,W-001956,Education,RECORDED,RECORDED,RECORDED,VERIFIED,SYNTHETIC_V2,True
ASSET-V2-0001028,W-001957,Roads,RECORDED,RECORDED,RECORDED,VERIFIED,SYNTHETIC_V2,True
ASSET-V2-0001029,W-001958,Others,RECORDED,RECORDED,RECORDED,VERIFIED,SYNTHETIC_V2,True
ASSET-V2-0001030,W-001959,Community Infrastructure,RECORDED,RECORDED,RECORDED,VERIFIED,SYNTHETIC_V2,True
ASSET-V2-0001031,W-001969,Roads,RECORDED,RECORDED,RECORDED,VERIFIED,SYNTHETIC_V2,True
ASSET-V2-0001032,W-001970,Others,RECORDED,RECORDED,RECORDED,VERIFIED,SYNTHETIC_V2,True
ASSET-V2-0001033,W-001971,Community Infrastructure,RECORDED,RECORDED,RECORDED,VERIFIED,SYNTHETIC_V2,True
ASSET-V2-0001034,W-001972,Community Infrastructure,RECORDED,RECORDED,RECORDED,VERIFIED,SYNTHETIC_V2,True
ASSET-V2-0001035,W-001973,Health,RECORDED,RECORDED,RECORDED,VERIFIED,SYNTHETIC_V2,True
ASSET-V2-0001036,W-001974,Drinking Water,RECORDED,RECORDED,RECORDED,VERIFIED,SYNTHETIC_V2,True
ASSET-V2-0001037,W-001975,Education,RECORDED,RECORDED,RECORDED,VERIFIED,SYNTHETIC_V2,True
ASSET-V2-0001038,W-001976,Roads,RECORDED,RECORDED,RECORDED,VERIFIED,SYNTHETIC_V2,True
ASSET-V2-0001039,W-001977,Others,RECORDED,RECORDED,RECORDED,VERIFIED,SYNTHETIC_V2,True
ASSET-V2-0001040,W-001978,Community Infrastructure,RECORDED,RECORDED,RECORDED,VERIFIED,SYNTHETIC_V2,True
ASSET-V2-0001041,W-001979,Health,RECORDED,RECORDED,RECORDED,VERIFIED,SYNTHETIC_V2,True
ASSET-V2-0001042,W-001990,Others,RECORDED,RECORDED,RECORDED,VERIFIED,SYNTHETIC_V2,True
ASSET-V2-0001043,W-001991,Community Infrastructure,RECORDED,RECORDED,RECORDED,VERIFIED,SYNTHETIC_V2,True
ASSET-V2-0001044,W-001992,Health,RECORDED,RECORDED,RECORDED,VERIFIED,SYNTHETIC_V2,True
ASSET-V2-0001045,W-001993,Drinking Water,RECORDED,RECORDED,RECORDED,VERIFIED,SYNTHETIC_V2,True
ASSET-V2-0001046,W-001994,Education,RECORDED,RECORDED,RECORDED,VERIFIED,SYNTHETIC_V2,True
ASSET-V2-0001047,W-001995,Roads,RECORDED,RECORDED,RECORDED,VERIFIED,SYNTHETIC_V2,True
ASSET-V2-0001048,W-001996,Others,RECORDED,RECORDED,RECORDED,VERIFIED,SYNTHETIC_V2,True
ASSET-V2-0001049,W-001997,Community Infrastructure,RECORDED,RECORDED,RECORDED,VERIFIED,SYNTHETIC_V2,True
ASSET-V2-0001050,W-001998,Health,RECORDED,RECORDED,RECORDED,VERIFIED,SYNTHETIC_V2,True
ASSET-V2-0001051,W-001999,Drinking Water,RECORDED,RECORDED,RECORDED,VERIFIED,SYNTHETIC_V2,True
ASSET-V2-0001052,W-002009,Others,RECORDED,RECORDED,RECORDED,VERIFIED,SYNTHETIC_V2,True
ASSET-V2-0001053,W-002010,Community Infrastructure,RECORDED,RECORDED,RECORDED,VERIFIED,SYNTHETIC_V2,True
ASSET-V2-0001054,W-002011,Health,RECORDED,RECORDED,RECORDED,VERIFIED,SYNTHETIC_V2,True
ASSET-V2-0001055,W-002012,Drinking Water,RECORDED,RECORDED,RECORDED,VERIFIED,SYNTHETIC_V2,True
ASSET-V2-0001056,W-002013,Education,RECORDED,RECORDED,RECORDED,VERIFIED,SYNTHETIC_V2,True
ASSET-V2-0001057,W-002015,Others,RECORDED,RECORDED,RECORDED,VERIFIED,SYNTHETIC_V2,True
ASSET-V2-0001058,W-002016,Community Infrastructure,RECORDED,RECORDED,RECORDED,VERIFIED,SYNTHETIC_V2,True
ASSET-V2-0001059,W-002018,Drinking Water,RECORDED,RECORDED,RECORDED,VERIFIED,SYNTHETIC_V2,True
ASSET-V2-0001060,W-002019,Education,RECORDED,RECORDED,RECORDED,VERIFIED,SYNTHETIC_V2,True
ASSET-V2-0001061,W-002029,Community Infrastructure,RECORDED,RECORDED,RECORDED,VERIFIED,SYNTHETIC_V2,True
ASSET-V2-0001062,W-002030,Health,RECORDED,RECORDED,RECORDED,VERIFIED,SYNTHETIC_V2,True
ASSET-V2-0001063,W-002031,Drinking Water,RECORDED,RECORDED,RECORDED,VERIFIED,SYNTHETIC_V2,True
ASSET-V2-0001064,W-002032,Education,RECORDED,RECORDED,RECORDED,VERIFIED,SYNTHETIC_V2,True
ASSET-V2-0001065,W-002033,Roads,RECORDED,RECORDED,RECORDED,VERIFIED,SYNTHETIC_V2,True
ASSET-V2-0001066,W-002034,Others,RECORDED,RECORDED,RECORDED,VERIFIED,SYNTHETIC_V2,True
ASSET-V2-0001067,W-002035,Community Infrastructure,RECORDED,RECORDED,RECORDED,VERIFIED,SYNTHETIC_V2,True
ASSET-V2-0001068,W-002036,Health,RECORDED,RECORDED,RECORDED,VERIFIED,SYNTHETIC_V2,True
ASSET-V2-0001069,W-002037,Drinking Water,RECORDED,RECORDED,RECORDED,VERIFIED,SYNTHETIC_V2,True
ASSET-V2-0001070,W-002038,Education,RECORDED,RECORDED,RECORDED,VERIFIED,SYNTHETIC_V2,True
ASSET-V2-0001071,W-002039,Roads,RECORDED,RECORDED,RECORDED,VERIFIED,SYNTHETIC_V2,True
ASSET-V2-0001072,W-002049,Health,RECORDED,RECORDED,RECORDED,VERIFIED,SYNTHETIC_V2,True
ASSET-V2-0001073,W-002050,Drinking Water,RECORDED,RECORDED,RECORDED,VERIFIED,SYNTHETIC_V2,True
ASSET-V2-0001074,W-002051,Education,RECORDED,RECORDED,RECORDED,VERIFIED,SYNTHETIC_V2,True
ASSET-V2-0001075,W-002052,Roads,RECORDED,RECORDED,RECORDED,VERIFIED,SYNTHETIC_V2,True
ASSET-V2-0001076,W-002053,Others,RECORDED,RECORDED,RECORDED,VERIFIED,SYNTHETIC_V2,True
ASSET-V2-0001077,W-002054,Community Infrastructure,RECORDED,RECORDED,RECORDED,VERIFIED,SYNTHETIC_V2,True
ASSET-V2-0001078,W-002056,Drinking Water,RECORDED,RECORDED,RECORDED,VERIFIED,SYNTHETIC_V2,True
ASSET-V2-0001079,W-002057,Drinking Water,RECORDED,RECORDED,RECORDED,VERIFIED,SYNTHETIC_V2,True
ASSET-V2-0001080,W-002058,Education,RECORDED,RECORDED,RECORDED,VERIFIED,SYNTHETIC_V2,True
ASSET-V2-0001081,W-002059,Roads,RECORDED,RECORDED,RECORDED,VERIFIED,SYNTHETIC_V2,True
ASSET-V2-0001082,W-002069,Drinking Water,RECORDED,RECORDED,RECORDED,VERIFIED,SYNTHETIC_V2,True
ASSET-V2-0001083,W-002070,Education,RECORDED,RECORDED,RECORDED,VERIFIED,SYNTHETIC_V2,True
ASSET-V2-0001084,W-002071,Roads,RECORDED,RECORDED,RECORDED,VERIFIED,SYNTHETIC_V2,True
ASSET-V2-0001085,W-002072,Others,RECORDED,RECORDED,RECORDED,VERIFIED,SYNTHETIC_V2,True
ASSET-V2-0001086,W-002073,Community Infrastructure,RECORDED,RECORDED,RECORDED,VERIFIED,SYNTHETIC_V2,True
ASSET-V2-0001087,W-002074,Community Infrastructure,RECORDED,RECORDED,RECORDED,VERIFIED,SYNTHETIC_V2,True
ASSET-V2-0001088,W-002075,Health,RECORDED,RECORDED,RECORDED,VERIFIED,SYNTHETIC_V2,True
ASSET-V2-0001089,W-002076,Drinking Water,RECORDED,RECORDED,RECORDED,VERIFIED,SYNTHETIC_V2,True
ASSET-V2-0001090,W-002077,Education,RECORDED,RECORDED,RECORDED,VERIFIED,SYNTHETIC_V2,True
ASSET-V2-0001091,W-002078,Roads,RECORDED,RECORDED,RECORDED,VERIFIED,SYNTHETIC_V2,True
ASSET-V2-0001092,W-002079,Others,RECORDED,RECORDED,RECORDED,VERIFIED,SYNTHETIC_V2,True
ASSET-V2-0001093,W-002089,Education,RECORDED,RECORDED,RECORDED,VERIFIED,SYNTHETIC_V2,True
ASSET-V2-0001094,W-002090,Roads,RECORDED,RECORDED,RECORDED,VERIFIED,SYNTHETIC_V2,True
ASSET-V2-0001095,W-002091,Roads,RECORDED,RECORDED,RECORDED,VERIFIED,SYNTHETIC_V2,True
ASSET-V2-0001096,W-002093,Community Infrastructure,RECORDED,RECORDED,RECORDED,VERIFIED,SYNTHETIC_V2,True
ASSET-V2-0001097,W-002094,Health,RECORDED,RECORDED,RECORDED,VERIFIED,SYNTHETIC_V2,True
ASSET-V2-0001098,W-002095,Drinking Water,RECORDED,RECORDED,RECORDED,VERIFIED,SYNTHETIC_V2,True
ASSET-V2-0001099,W-002096,Education,RECORDED,RECORDED,RECORDED,VERIFIED,SYNTHETIC_V2,True
ASSET-V2-0001100,W-002097,Roads,RECORDED,RECORDED,RECORDED,VERIFIED,SYNTHETIC_V2,True
ASSET-V2-0001101,W-002098,Others,RECORDED,RECORDED,RECORDED,VERIFIED,SYNTHETIC_V2,True
ASSET-V2-0001102,W-002099,Community Infrastructure,RECORDED,RECORDED,RECORDED,VERIFIED,SYNTHETIC_V2,True
ASSET-V2-0001103,W-002109,Education,RECORDED,RECORDED,RECORDED,VERIFIED,SYNTHETIC_V2,True
ASSET-V2-0001104,W-002110,Roads,RECORDED,RECORDED,RECORDED,VERIFIED,SYNTHETIC_V2,True
ASSET-V2-0001105,W-002111,Others,RECORDED,RECORDED,RECORDED,VERIFIED,SYNTHETIC_V2,True
ASSET-V2-0001106,W-002112,Community Infrastructure,RECORDED,RECORDED,RECORDED,VERIFIED,SYNTHETIC_V2,True
ASSET-V2-0001107,W-002114,Drinking Water,RECORDED,RECORDED,RECORDED,VERIFIED,SYNTHETIC_V2,True
ASSET-V2-0001108,W-002115,Education,RECORDED,RECORDED,RECORDED,VERIFIED,SYNTHETIC_V2,True
ASSET-V2-0001109,W-002116,Roads,RECORDED,RECORDED,RECORDED,VERIFIED,SYNTHETIC_V2,True
ASSET-V2-0001110,W-002117,Others,RECORDED,RECORDED,RECORDED,VERIFIED,SYNTHETIC_V2,True
ASSET-V2-0001111,W-002118,Community Infrastructure,RECORDED,RECORDED,RECORDED,VERIFIED,SYNTHETIC_V2,True
ASSET-V2-0001112,W-002119,Health,RECORDED,RECORDED,RECORDED,VERIFIED,SYNTHETIC_V2,True
ASSET-V2-0001113,W-002129,Roads,RECORDED,RECORDED,RECORDED,VERIFIED,SYNTHETIC_V2,True
ASSET-V2-0001114,W-002130,Others,RECORDED,RECORDED,RECORDED,VERIFIED,SYNTHETIC_V2,True
ASSET-V2-0001115,W-002131,Community Infrastructure,RECORDED,RECORDED,RECORDED,VERIFIED,SYNTHETIC_V2,True
ASSET-V2-0001116,W-002132,Health,RECORDED,RECORDED,RECORDED,VERIFIED,SYNTHETIC_V2,True
ASSET-V2-0001117,W-002133,Drinking Water,RECORDED,RECORDED,RECORDED,VERIFIED,SYNTHETIC_V2,True
ASSET-V2-0001118,W-002134,Education,RECORDED,RECORDED,RECORDED,VERIFIED,SYNTHETIC_V2,True
ASSET-V2-0001119,W-002135,Roads,RECORDED,RECORDED,RECORDED,VERIFIED,SYNTHETIC_V2,True
ASSET-V2-0001120,W-002136,Others,RECORDED,RECORDED,RECORDED,VERIFIED,SYNTHETIC_V2,True
ASSET-V2-0001121,W-002137,Community Infrastructure,RECORDED,RECORDED,RECORDED,VERIFIED,SYNTHETIC_V2,True
ASSET-V2-0001122,W-002138,Health,RECORDED,RECORDED,RECORDED,VERIFIED,SYNTHETIC_V2,True
ASSET-V2-0001123,W-002139,Drinking Water,RECORDED,RECORDED,RECORDED,VERIFIED,SYNTHETIC_V2,True
ASSET-V2-0001124,W-002149,Others,RECORDED,RECORDED,RECORDED,VERIFIED,SYNTHETIC_V2,True
ASSET-V2-0001125,W-002150,Community Infrastructure,RECORDED,RECORDED,RECORDED,VERIFIED,SYNTHETIC_V2,True
ASSET-V2-0001126,W-002151,Health,RECORDED,RECORDED,RECORDED,VERIFIED,SYNTHETIC_V2,True
ASSET-V2-0001127,W-002152,Drinking Water,RECORDED,RECORDED,RECORDED,VERIFIED,SYNTHETIC_V2,True
ASSET-V2-0001128,W-002154,Roads,RECORDED,RECORDED,RECORDED,VERIFIED,SYNTHETIC_V2,True
ASSET-V2-0001129,W-002155,Others,RECORDED,RECORDED,RECORDED,VERIFIED,SYNTHETIC_V2,True
ASSET-V2-0001130,W-002156,Community Infrastructure,RECORDED,RECORDED,RECORDED,VERIFIED,SYNTHETIC_V2,True
ASSET-V2-0001131,W-002157,Health,RECORDED,RECORDED,RECORDED,VERIFIED,SYNTHETIC_V2,True
ASSET-V2-0001132,W-002158,Drinking Water,RECORDED,RECORDED,RECORDED,VERIFIED,SYNTHETIC_V2,True
ASSET-V2-0001133,W-002159,Drinking Water,RECORDED,RECORDED,RECORDED,VERIFIED,SYNTHETIC_V2,True
ASSET-V2-0001134,W-002169,Community Infrastructure,RECORDED,RECORDED,RECORDED,VERIFIED,SYNTHETIC_V2,True
ASSET-V2-0001135,W-002170,Health,RECORDED,RECORDED,RECORDED,VERIFIED,SYNTHETIC_V2,True
ASSET-V2-0001136,W-002171,Drinking Water,RECORDED,RECORDED,RECORDED,VERIFIED,SYNTHETIC_V2,True
ASSET-V2-0001137,W-002172,Education,RECORDED,RECORDED,RECORDED,VERIFIED,SYNTHETIC_V2,True
ASSET-V2-0001138,W-002173,Roads,RECORDED,RECORDED,RECORDED,VERIFIED,SYNTHETIC_V2,True
ASSET-V2-0001139,W-002176,Community Infrastructure,RECORDED,RECORDED,RECORDED,VERIFIED,SYNTHETIC_V2,True
ASSET-V2-0001140,W-002177,Health,RECORDED,RECORDED,RECORDED,VERIFIED,SYNTHETIC_V2,True
ASSET-V2-0001141,W-002179,Education,RECORDED,RECORDED,RECORDED,VERIFIED,SYNTHETIC_V2,True
ASSET-V2-0001142,W-002189,Health,RECORDED,RECORDED,RECORDED,VERIFIED,SYNTHETIC_V2,True
ASSET-V2-0001143,W-002191,Education,RECORDED,RECORDED,RECORDED,VERIFIED,SYNTHETIC_V2,True
ASSET-V2-0001144,W-002193,Roads,RECORDED,RECORDED,RECORDED,VERIFIED,SYNTHETIC_V2,True
ASSET-V2-0001145,W-002194,Others,RECORDED,RECORDED,RECORDED,VERIFIED,SYNTHETIC_V2,True
ASSET-V2-0001146,W-002195,Community Infrastructure,RECORDED,RECORDED,RECORDED,VERIFIED,SYNTHETIC_V2,True
ASSET-V2-0001147,W-002196,Health,RECORDED,RECORDED,RECORDED,VERIFIED,SYNTHETIC_V2,True
ASSET-V2-0001148,W-002197,Drinking Water,RECORDED,RECORDED,RECORDED,VERIFIED,SYNTHETIC_V2,True
ASSET-V2-0001149,W-002198,Education,RECORDED,RECORDED,RECORDED,VERIFIED,SYNTHETIC_V2,True
ASSET-V2-0001150,W-002199,Roads,RECORDED,RECORDED,RECORDED,VERIFIED,SYNTHETIC_V2,True
ASSET-V2-0001151,W-002209,Drinking Water,RECORDED,RECORDED,RECORDED,VERIFIED,SYNTHETIC_V2,True
ASSET-V2-0001152,W-002210,Drinking Water,RECORDED,RECORDED,RECORDED,VERIFIED,SYNTHETIC_V2,True
ASSET-V2-0001153,W-002211,Education,RECORDED,RECORDED,RECORDED,VERIFIED,SYNTHETIC_V2,True
ASSET-V2-0001154,W-002212,Roads,RECORDED,RECORDED,RECORDED,VERIFIED,SYNTHETIC_V2,True
ASSET-V2-0001155,W-002213,Others,RECORDED,RECORDED,RECORDED,VERIFIED,SYNTHETIC_V2,True
ASSET-V2-0001156,W-002214,Community Infrastructure,RECORDED,RECORDED,RECORDED,VERIFIED,SYNTHETIC_V2,True
ASSET-V2-0001157,W-002215,Health,RECORDED,RECORDED,RECORDED,VERIFIED,SYNTHETIC_V2,True
ASSET-V2-0001158,W-002217,Education,RECORDED,RECORDED,RECORDED,VERIFIED,SYNTHETIC_V2,True
ASSET-V2-0001159,W-002218,Roads,RECORDED,RECORDED,RECORDED,VERIFIED,SYNTHETIC_V2,True
ASSET-V2-0001160,W-002219,Others,RECORDED,RECORDED,RECORDED,VERIFIED,SYNTHETIC_V2,True
ASSET-V2-0001161,W-002229,Drinking Water,RECORDED,RECORDED,RECORDED,VERIFIED,SYNTHETIC_V2,True
ASSET-V2-0001162,W-002230,Education,RECORDED,RECORDED,RECORDED,VERIFIED,SYNTHETIC_V2,True
ASSET-V2-0001163,W-002231,Roads,RECORDED,RECORDED,RECORDED,VERIFIED,SYNTHETIC_V2,True
ASSET-V2-0001164,W-002232,Others,RECORDED,RECORDED,RECORDED,VERIFIED,SYNTHETIC_V2,True
ASSET-V2-0001165,W-002233,Community Infrastructure,RECORDED,RECORDED,RECORDED,VERIFIED,SYNTHETIC_V2,True
ASSET-V2-0001166,W-002234,Health,RECORDED,RECORDED,RECORDED,VERIFIED,SYNTHETIC_V2,True
ASSET-V2-0001167,W-002235,Drinking Water,RECORDED,RECORDED,RECORDED,VERIFIED,SYNTHETIC_V2,True
ASSET-V2-0001168,W-002236,Education,RECORDED,RECORDED,RECORDED,VERIFIED,SYNTHETIC_V2,True
ASSET-V2-0001169,W-002237,Roads,RECORDED,RECORDED,RECORDED,VERIFIED,SYNTHETIC_V2,True
ASSET-V2-0001170,W-002238,Others,RECORDED,RECORDED,RECORDED,VERIFIED,SYNTHETIC_V2,True
ASSET-V2-0001171,W-002239,Community Infrastructure,RECORDED,RECORDED,RECORDED,VERIFIED,SYNTHETIC_V2,True
ASSET-V2-0001172,W-002249,Education,RECORDED,RECORDED,RECORDED,VERIFIED,SYNTHETIC_V2,True
ASSET-V2-0001173,W-002252,Community Infrastructure,RECORDED,RECORDED,RECORDED,VERIFIED,SYNTHETIC_V2,True
ASSET-V2-0001174,W-002253,Health,RECORDED,RECORDED,RECORDED,VERIFIED,SYNTHETIC_V2,True
ASSET-V2-0001175,W-002254,Drinking Water,RECORDED,RECORDED,RECORDED,VERIFIED,SYNTHETIC_V2,True
ASSET-V2-0001176,W-002255,Education,RECORDED,RECORDED,RECORDED,VERIFIED,SYNTHETIC_V2,True
ASSET-V2-0001177,W-002256,Roads,RECORDED,RECORDED,RECORDED,VERIFIED,SYNTHETIC_V2,True
ASSET-V2-0001178,W-002257,Others,RECORDED,RECORDED,RECORDED,VERIFIED,SYNTHETIC_V2,True
ASSET-V2-0001179,W-002258,Community Infrastructure,RECORDED,RECORDED,RECORDED,VERIFIED,SYNTHETIC_V2,True
ASSET-V2-0001180,W-002259,Health,RECORDED,RECORDED,RECORDED,VERIFIED,SYNTHETIC_V2,True
ASSET-V2-0001181,W-002269,Roads,RECORDED,RECORDED,RECORDED,VERIFIED,SYNTHETIC_V2,True
ASSET-V2-0001182,W-002271,Community Infrastructure,RECORDED,RECORDED,RECORDED,VERIFIED,SYNTHETIC_V2,True
ASSET-V2-0001183,W-002273,Drinking Water,RECORDED,RECORDED,RECORDED,VERIFIED,SYNTHETIC_V2,True
ASSET-V2-0001184,W-002274,Education,RECORDED,RECORDED,RECORDED,VERIFIED,SYNTHETIC_V2,True
ASSET-V2-0001185,W-002275,Roads,RECORDED,RECORDED,RECORDED,VERIFIED,SYNTHETIC_V2,True
ASSET-V2-0001186,W-002276,Others,RECORDED,RECORDED,RECORDED,VERIFIED,SYNTHETIC_V2,True
ASSET-V2-0001187,W-002277,Community Infrastructure,RECORDED,RECORDED,RECORDED,VERIFIED,SYNTHETIC_V2,True
ASSET-V2-0001188,W-002278,Community Infrastructure,RECORDED,RECORDED,RECORDED,VERIFIED,SYNTHETIC_V2,True
ASSET-V2-0001189,W-002279,Health,RECORDED,RECORDED,RECORDED,VERIFIED,SYNTHETIC_V2,True
ASSET-V2-0001190,W-002289,Others,RECORDED,RECORDED,RECORDED,VERIFIED,SYNTHETIC_V2,True
ASSET-V2-0001191,W-002292,Drinking Water,RECORDED,RECORDED,RECORDED,VERIFIED,SYNTHETIC_V2,True
ASSET-V2-0001192,W-002293,Education,RECORDED,RECORDED,RECORDED,VERIFIED,SYNTHETIC_V2,True
ASSET-V2-0001193,W-002294,Roads,RECORDED,RECORDED,RECORDED,VERIFIED,SYNTHETIC_V2,True
ASSET-V2-0001194,W-002295,Roads,RECORDED,RECORDED,RECORDED,VERIFIED,SYNTHETIC_V2,True
ASSET-V2-0001195,W-002296,Others,RECORDED,RECORDED,RECORDED,VERIFIED,SYNTHETIC_V2,True
ASSET-V2-0001196,W-002297,Community Infrastructure,RECORDED,RECORDED,RECORDED,VERIFIED,SYNTHETIC_V2,True
ASSET-V2-0001197,W-002298,Health,RECORDED,RECORDED,RECORDED,VERIFIED,SYNTHETIC_V2,True
ASSET-V2-0001198,W-002299,Drinking Water,RECORDED,RECORDED,RECORDED,VERIFIED,SYNTHETIC_V2,True
ASSET-V2-0001199,W-002309,Community Infrastructure,RECORDED,RECORDED,RECORDED,VERIFIED,SYNTHETIC_V2,True
ASSET-V2-0001200,W-002310,Health,RECORDED,RECORDED,RECORDED,VERIFIED,SYNTHETIC_V2,True
ASSET-V2-0001201,W-002311,Drinking Water,RECORDED,RECORDED,RECORDED,VERIFIED,SYNTHETIC_V2,True
ASSET-V2-0001202,W-002312,Drinking Water,RECORDED,RECORDED,RECORDED,VERIFIED,SYNTHETIC_V2,True
ASSET-V2-0001203,W-002313,Education,RECORDED,RECORDED,RECORDED,VERIFIED,SYNTHETIC_V2,True
ASSET-V2-0001204,W-002314,Roads,RECORDED,RECORDED,RECORDED,VERIFIED,SYNTHETIC_V2,True
ASSET-V2-0001205,W-002315,Others,RECORDED,RECORDED,RECORDED,VERIFIED,SYNTHETIC_V2,True
ASSET-V2-0001206,W-002316,Community Infrastructure,RECORDED,RECORDED,RECORDED,VERIFIED,SYNTHETIC_V2,True
ASSET-V2-0001207,W-002317,Health,RECORDED,RECORDED,RECORDED,VERIFIED,SYNTHETIC_V2,True
ASSET-V2-0001208,W-002318,Drinking Water,RECORDED,RECORDED,RECORDED,VERIFIED,SYNTHETIC_V2,True
ASSET-V2-0001209,W-002319,Education,RECORDED,RECORDED,RECORDED,VERIFIED,SYNTHETIC_V2,True
ASSET-V2-0001210,W-002329,Community Infrastructure,RECORDED,RECORDED,RECORDED,VERIFIED,SYNTHETIC_V2,True
ASSET-V2-0001211,W-002330,Health,RECORDED,RECORDED,RECORDED,VERIFIED,SYNTHETIC_V2,True
ASSET-V2-0001212,W-002331,Drinking Water,RECORDED,RECORDED,RECORDED,VERIFIED,SYNTHETIC_V2,True
ASSET-V2-0001213,W-002332,Education,RECORDED,RECORDED,RECORDED,VERIFIED,SYNTHETIC_V2,True
ASSET-V2-0001214,W-002333,Roads,RECORDED,RECORDED,RECORDED,VERIFIED,SYNTHETIC_V2,True
ASSET-V2-0001215,W-002334,Others,RECORDED,RECORDED,RECORDED,VERIFIED,SYNTHETIC_V2,True
ASSET-V2-0001216,W-002335,Community Infrastructure,RECORDED,RECORDED,RECORDED,VERIFIED,SYNTHETIC_V2,True
ASSET-V2-0001217,W-002336,Health,RECORDED,RECORDED,RECORDED,VERIFIED,SYNTHETIC_V2,True
ASSET-V2-0001218,W-002337,Drinking Water,RECORDED,RECORDED,RECORDED,VERIFIED,SYNTHETIC_V2,True
ASSET-V2-0001219,W-002338,Education,RECORDED,RECORDED,RECORDED,VERIFIED,SYNTHETIC_V2,True
ASSET-V2-0001220,W-002339,Roads,RECORDED,RECORDED,RECORDED,VERIFIED,SYNTHETIC_V2,True
ASSET-V2-0001221,W-002349,Health,RECORDED,RECORDED,RECORDED,VERIFIED,SYNTHETIC_V2,True
ASSET-V2-0001222,W-002350,Drinking Water,RECORDED,RECORDED,RECORDED,VERIFIED,SYNTHETIC_V2,True
ASSET-V2-0001223,W-002351,Education,RECORDED,RECORDED,RECORDED,VERIFIED,SYNTHETIC_V2,True
ASSET-V2-0001224,W-002352,Roads,RECORDED,RECORDED,RECORDED,VERIFIED,SYNTHETIC_V2,True
ASSET-V2-0001225,W-002353,Others,RECORDED,RECORDED,RECORDED,VERIFIED,SYNTHETIC_V2,True
ASSET-V2-0001226,W-002354,Community Infrastructure,RECORDED,RECORDED,RECORDED,VERIFIED,SYNTHETIC_V2,True
ASSET-V2-0001227,W-002355,Health,RECORDED,RECORDED,RECORDED,VERIFIED,SYNTHETIC_V2,True
ASSET-V2-0001228,W-002357,Education,RECORDED,RECORDED,RECORDED,VERIFIED,SYNTHETIC_V2,True
ASSET-V2-0001229,W-002358,Roads,RECORDED,RECORDED,RECORDED,VERIFIED,SYNTHETIC_V2,True
ASSET-V2-0001230,W-002359,Others,RECORDED,RECORDED,RECORDED,VERIFIED,SYNTHETIC_V2,True
ASSET-V2-0001231,W-002369,Drinking Water,RECORDED,RECORDED,RECORDED,VERIFIED,SYNTHETIC_V2,True
ASSET-V2-0001232,W-002370,Education,RECORDED,RECORDED,RECORDED,VERIFIED,SYNTHETIC_V2,True
ASSET-V2-0001233,W-002373,Community Infrastructure,RECORDED,RECORDED,RECORDED,VERIFIED,SYNTHETIC_V2,True
ASSET-V2-0001234,W-002374,Health,RECORDED,RECORDED,RECORDED,VERIFIED,SYNTHETIC_V2,True
ASSET-V2-0001235,W-002375,Drinking Water,RECORDED,RECORDED,RECORDED,VERIFIED,SYNTHETIC_V2,True
ASSET-V2-0001236,W-002376,Education,RECORDED,RECORDED,RECORDED,VERIFIED,SYNTHETIC_V2,True
ASSET-V2-0001237,W-002377,Roads,RECORDED,RECORDED,RECORDED,VERIFIED,SYNTHETIC_V2,True
ASSET-V2-0001238,W-002378,Others,RECORDED,RECORDED,RECORDED,VERIFIED,SYNTHETIC_V2,True
ASSET-V2-0001239,W-002379,Community Infrastructure,RECORDED,RECORDED,RECORDED,VERIFIED,SYNTHETIC_V2,True
ASSET-V2-0001240,W-002389,Education,RECORDED,RECORDED,RECORDED,VERIFIED,SYNTHETIC_V2,True
ASSET-V2-0001241,W-002390,Roads,RECORDED,RECORDED,RECORDED,VERIFIED,SYNTHETIC_V2,True
ASSET-V2-0001242,W-002391,Others,RECORDED,RECORDED,RECORDED,VERIFIED,SYNTHETIC_V2,True
ASSET-V2-0001243,W-002392,Community Infrastructure,RECORDED,RECORDED,RECORDED,VERIFIED,SYNTHETIC_V2,True
ASSET-V2-0001244,W-002393,Health,RECORDED,RECORDED,RECORDED,VERIFIED,SYNTHETIC_V2,True
ASSET-V2-0001245,W-002394,Drinking Water,RECORDED,RECORDED,RECORDED,VERIFIED,SYNTHETIC_V2,True
ASSET-V2-0001246,W-002395,Education,RECORDED,RECORDED,RECORDED,VERIFIED,SYNTHETIC_V2,True
ASSET-V2-0001247,W-002396,Roads,RECORDED,RECORDED,RECORDED,VERIFIED,SYNTHETIC_V2,True
ASSET-V2-0001248,W-002397,Roads,RECORDED,RECORDED,RECORDED,VERIFIED,SYNTHETIC_V2,True
ASSET-V2-0001249,W-002398,Others,RECORDED,RECORDED,RECORDED,VERIFIED,SYNTHETIC_V2,True
ASSET-V2-0001250,W-002399,Community Infrastructure,RECORDED,RECORDED,RECORDED,VERIFIED,SYNTHETIC_V2,True
ASSET-V2-0001251,W-002409,Roads,RECORDED,RECORDED,RECORDED,VERIFIED,SYNTHETIC_V2,True
ASSET-V2-0001252,W-002410,Others,RECORDED,RECORDED,RECORDED,VERIFIED,SYNTHETIC_V2,True
ASSET-V2-0001253,W-002411,Community Infrastructure,RECORDED,RECORDED,RECORDED,VERIFIED,SYNTHETIC_V2,True
ASSET-V2-0001254,W-002412,Health,RECORDED,RECORDED,RECORDED,VERIFIED,SYNTHETIC_V2,True
ASSET-V2-0001255,W-002413,Drinking Water,RECORDED,RECORDED,RECORDED,VERIFIED,SYNTHETIC_V2,True
ASSET-V2-0001256,W-002414,Drinking Water,RECORDED,RECORDED,RECORDED,VERIFIED,SYNTHETIC_V2,True
ASSET-V2-0001257,W-002415,Education,RECORDED,RECORDED,RECORDED,VERIFIED,SYNTHETIC_V2,True
ASSET-V2-0001258,W-002416,Roads,RECORDED,RECORDED,RECORDED,VERIFIED,SYNTHETIC_V2,True
ASSET-V2-0001259,W-002417,Others,RECORDED,RECORDED,RECORDED,VERIFIED,SYNTHETIC_V2,True
ASSET-V2-0001260,W-002418,Community Infrastructure,RECORDED,RECORDED,RECORDED,VERIFIED,SYNTHETIC_V2,True
ASSET-V2-0001261,W-002419,Health,RECORDED,RECORDED,RECORDED,VERIFIED,SYNTHETIC_V2,True
ASSET-V2-0001262,W-002429,Others,RECORDED,RECORDED,RECORDED,VERIFIED,SYNTHETIC_V2,True
ASSET-V2-0001263,W-002430,Community Infrastructure,RECORDED,RECORDED,RECORDED,VERIFIED,SYNTHETIC_V2,True
ASSET-V2-0001264,W-002431,Community Infrastructure,RECORDED,RECORDED,RECORDED,VERIFIED,SYNTHETIC_V2,True
ASSET-V2-0001265,W-002432,Health,RECORDED,RECORDED,RECORDED,VERIFIED,SYNTHETIC_V2,True
ASSET-V2-0001266,W-002433,Drinking Water,RECORDED,RECORDED,RECORDED,VERIFIED,SYNTHETIC_V2,True
ASSET-V2-0001267,W-002434,Education,RECORDED,RECORDED,RECORDED,VERIFIED,SYNTHETIC_V2,True
ASSET-V2-0001268,W-002435,Roads,RECORDED,RECORDED,RECORDED,VERIFIED,SYNTHETIC_V2,True
ASSET-V2-0001269,W-002436,Others,RECORDED,RECORDED,RECORDED,VERIFIED,SYNTHETIC_V2,True
ASSET-V2-0001270,W-002437,Community Infrastructure,RECORDED,RECORDED,RECORDED,VERIFIED,SYNTHETIC_V2,True
ASSET-V2-0001271,W-002438,Health,RECORDED,RECORDED,RECORDED,VERIFIED,SYNTHETIC_V2,True
ASSET-V2-0001272,W-002450,Community Infrastructure,RECORDED,RECORDED,RECORDED,VERIFIED,SYNTHETIC_V2,True
ASSET-V2-0001273,W-002451,Health,RECORDED,RECORDED,RECORDED,VERIFIED,SYNTHETIC_V2,True
ASSET-V2-0001274,W-002452,Drinking Water,RECORDED,RECORDED,RECORDED,VERIFIED,SYNTHETIC_V2,True
ASSET-V2-0001275,W-002454,Roads,RECORDED,RECORDED,RECORDED,VERIFIED,SYNTHETIC_V2,True
ASSET-V2-0001276,W-002455,Others,RECORDED,RECORDED,RECORDED,VERIFIED,SYNTHETIC_V2,True
ASSET-V2-0001277,W-002456,Community Infrastructure,RECORDED,RECORDED,RECORDED,VERIFIED,SYNTHETIC_V2,True
ASSET-V2-0001278,W-002457,Health,RECORDED,RECORDED,RECORDED,VERIFIED,SYNTHETIC_V2,True
ASSET-V2-0001279,W-002458,Drinking Water,RECORDED,RECORDED,RECORDED,VERIFIED,SYNTHETIC_V2,True
ASSET-V2-0001280,W-002459,Education,RECORDED,RECORDED,RECORDED,VERIFIED,SYNTHETIC_V2,True
ASSET-V2-0001281,W-002469,Community Infrastructure,RECORDED,RECORDED,RECORDED,VERIFIED,SYNTHETIC_V2,True
ASSET-V2-0001282,W-002470,Health,RECORDED,RECORDED,RECORDED,VERIFIED,SYNTHETIC_V2,True
ASSET-V2-0001283,W-002471,Drinking Water,RECORDED,RECORDED,RECORDED,VERIFIED,SYNTHETIC_V2,True
ASSET-V2-0001284,W-002472,Education,RECORDED,RECORDED,RECORDED,VERIFIED,SYNTHETIC_V2,True
ASSET-V2-0001285,W-002473,Roads,RECORDED,RECORDED,RECORDED,VERIFIED,SYNTHETIC_V2,True
ASSET-V2-0001286,W-002474,Others,RECORDED,RECORDED,RECORDED,VERIFIED,SYNTHETIC_V2,True
ASSET-V2-0001287,W-002475,Community Infrastructure,RECORDED,RECORDED,RECORDED,VERIFIED,SYNTHETIC_V2,True
ASSET-V2-0001288,W-002476,Health,RECORDED,RECORDED,RECORDED,VERIFIED,SYNTHETIC_V2,True
ASSET-V2-0001289,W-002477,Drinking Water,RECORDED,RECORDED,RECORDED,VERIFIED,SYNTHETIC_V2,True
ASSET-V2-0001290,W-002478,Education,RECORDED,RECORDED,RECORDED,VERIFIED,SYNTHETIC_V2,True
ASSET-V2-0001291,W-002479,Roads,RECORDED,RECORDED,RECORDED,VERIFIED,SYNTHETIC_V2,True
ASSET-V2-0001292,W-002489,Health,RECORDED,RECORDED,RECORDED,VERIFIED,SYNTHETIC_V2,True
ASSET-V2-0001293,W-002490,Drinking Water,RECORDED,RECORDED,RECORDED,VERIFIED,SYNTHETIC_V2,True
ASSET-V2-0001294,W-002491,Education,RECORDED,RECORDED,RECORDED,VERIFIED,SYNTHETIC_V2,True
ASSET-V2-0001295,W-002492,Roads,RECORDED,RECORDED,RECORDED,VERIFIED,SYNTHETIC_V2,True
ASSET-V2-0001296,W-002493,Others,RECORDED,RECORDED,RECORDED,VERIFIED,SYNTHETIC_V2,True
ASSET-V2-0001297,W-002494,Community Infrastructure,RECORDED,RECORDED,RECORDED,VERIFIED,SYNTHETIC_V2,True
ASSET-V2-0001298,W-002495,Health,RECORDED,RECORDED,RECORDED,VERIFIED,SYNTHETIC_V2,True
ASSET-V2-0001299,W-002496,Drinking Water,RECORDED,RECORDED,RECORDED,VERIFIED,SYNTHETIC_V2,True
ASSET-V2-0001300,W-002497,Education,RECORDED,RECORDED,RECORDED,VERIFIED,SYNTHETIC_V2,True
ASSET-V2-0001301,W-002498,Roads,RECORDED,RECORDED,RECORDED,VERIFIED,SYNTHETIC_V2,True
ASSET-V2-0001302,W-002509,Drinking Water,RECORDED,RECORDED,RECORDED,VERIFIED,SYNTHETIC_V2,True
ASSET-V2-0001303,W-002511,Roads,RECORDED,RECORDED,RECORDED,VERIFIED,SYNTHETIC_V2,True
ASSET-V2-0001304,W-002512,Others,RECORDED,RECORDED,RECORDED,VERIFIED,SYNTHETIC_V2,True
ASSET-V2-0001305,W-002513,Community Infrastructure,RECORDED,RECORDED,RECORDED,VERIFIED,SYNTHETIC_V2,True
ASSET-V2-0001306,W-002514,Health,RECORDED,RECORDED,RECORDED,VERIFIED,SYNTHETIC_V2,True
ASSET-V2-0001307,W-002515,Drinking Water,RECORDED,RECORDED,RECORDED,VERIFIED,SYNTHETIC_V2,True
ASSET-V2-0001308,W-002516,Drinking Water,RECORDED,RECORDED,RECORDED,VERIFIED,SYNTHETIC_V2,True
ASSET-V2-0001309,W-002517,Education,RECORDED,RECORDED,RECORDED,VERIFIED,SYNTHETIC_V2,True
ASSET-V2-0001310,W-002518,Roads,RECORDED,RECORDED,RECORDED,VERIFIED,SYNTHETIC_V2,True
ASSET-V2-0001311,W-002519,Others,RECORDED,RECORDED,RECORDED,VERIFIED,SYNTHETIC_V2,True
ASSET-V2-0001312,W-002529,Education,RECORDED,RECORDED,RECORDED,VERIFIED,SYNTHETIC_V2,True
ASSET-V2-0001313,W-002530,Roads,RECORDED,RECORDED,RECORDED,VERIFIED,SYNTHETIC_V2,True
ASSET-V2-0001314,W-002531,Others,RECORDED,RECORDED,RECORDED,VERIFIED,SYNTHETIC_V2,True
ASSET-V2-0001315,W-002532,Community Infrastructure,RECORDED,RECORDED,RECORDED,VERIFIED,SYNTHETIC_V2,True
ASSET-V2-0001316,W-002533,Community Infrastructure,RECORDED,RECORDED,RECORDED,VERIFIED,SYNTHETIC_V2,True
ASSET-V2-0001317,W-002534,Health,RECORDED,RECORDED,RECORDED,VERIFIED,SYNTHETIC_V2,True
ASSET-V2-0001318,W-002535,Drinking Water,RECORDED,RECORDED,RECORDED,VERIFIED,SYNTHETIC_V2,True
ASSET-V2-0001319,W-002536,Education,RECORDED,RECORDED,RECORDED,VERIFIED,SYNTHETIC_V2,True
ASSET-V2-0001320,W-002537,Roads,RECORDED,RECORDED,RECORDED,VERIFIED,SYNTHETIC_V2,True
ASSET-V2-0001321,W-002538,Others,RECORDED,RECORDED,RECORDED,VERIFIED,SYNTHETIC_V2,True
ASSET-V2-0001322,W-002549,Roads,RECORDED,RECORDED,RECORDED,VERIFIED,SYNTHETIC_V2,True
ASSET-V2-0001323,W-002550,Roads,RECORDED,RECORDED,RECORDED,VERIFIED,SYNTHETIC_V2,True
ASSET-V2-0001324,W-002551,Others,RECORDED,RECORDED,RECORDED,VERIFIED,SYNTHETIC_V2,True
ASSET-V2-0001325,W-002552,Community Infrastructure,RECORDED,RECORDED,RECORDED,VERIFIED,SYNTHETIC_V2,True
ASSET-V2-0001326,W-002553,Health,RECORDED,RECORDED,RECORDED,VERIFIED,SYNTHETIC_V2,True
ASSET-V2-0001327,W-002555,Education,RECORDED,RECORDED,RECORDED,VERIFIED,SYNTHETIC_V2,True
ASSET-V2-0001328,W-002556,Roads,RECORDED,RECORDED,RECORDED,VERIFIED,SYNTHETIC_V2,True
ASSET-V2-0001329,W-002557,Others,RECORDED,RECORDED,RECORDED,VERIFIED,SYNTHETIC_V2,True
ASSET-V2-0001330,W-002558,Community Infrastructure,RECORDED,RECORDED,RECORDED,VERIFIED,SYNTHETIC_V2,True
ASSET-V2-0001331,W-002559,Health,RECORDED,RECORDED,RECORDED,VERIFIED,SYNTHETIC_V2,True
ASSET-V2-0001332,W-002569,Roads,RECORDED,RECORDED,RECORDED,VERIFIED,SYNTHETIC_V2,True
ASSET-V2-0001333,W-002570,Others,RECORDED,RECORDED,RECORDED,VERIFIED,SYNTHETIC_V2,True
ASSET-V2-0001334,W-002571,Community Infrastructure,RECORDED,RECORDED,RECORDED,VERIFIED,SYNTHETIC_V2,True
ASSET-V2-0001335,W-002572,Health,RECORDED,RECORDED,RECORDED,VERIFIED,SYNTHETIC_V2,True
ASSET-V2-0001336,W-002573,Drinking Water,RECORDED,RECORDED,RECORDED,VERIFIED,SYNTHETIC_V2,True
ASSET-V2-0001337,W-002574,Education,RECORDED,RECORDED,RECORDED,VERIFIED,SYNTHETIC_V2,True
ASSET-V2-0001338,W-002575,Roads,RECORDED,RECORDED,RECORDED,VERIFIED,SYNTHETIC_V2,True
ASSET-V2-0001339,W-002576,Others,RECORDED,RECORDED,RECORDED,VERIFIED,SYNTHETIC_V2,True
ASSET-V2-0001340,W-002577,Community Infrastructure,RECORDED,RECORDED,RECORDED,VERIFIED,SYNTHETIC_V2,True
ASSET-V2-0001341,W-002578,Health,RECORDED,RECORDED,RECORDED,VERIFIED,SYNTHETIC_V2,True
ASSET-V2-0001342,W-002579,Drinking Water,RECORDED,RECORDED,RECORDED,VERIFIED,SYNTHETIC_V2,True
ASSET-V2-0001343,W-002589,Others,RECORDED,RECORDED,RECORDED,VERIFIED,SYNTHETIC_V2,True
ASSET-V2-0001344,W-002590,Community Infrastructure,RECORDED,RECORDED,RECORDED,VERIFIED,SYNTHETIC_V2,True
ASSET-V2-0001345,W-002591,Health,RECORDED,RECORDED,RECORDED,VERIFIED,SYNTHETIC_V2,True
ASSET-V2-0001346,W-002592,Drinking Water,RECORDED,RECORDED,RECORDED,VERIFIED,SYNTHETIC_V2,True
ASSET-V2-0001347,W-002594,Roads,RECORDED,RECORDED,RECORDED,VERIFIED,SYNTHETIC_V2,True
ASSET-V2-0001348,W-002595,Others,RECORDED,RECORDED,RECORDED,VERIFIED,SYNTHETIC_V2,True
ASSET-V2-0001349,W-002596,Community Infrastructure,RECORDED,RECORDED,RECORDED,VERIFIED,SYNTHETIC_V2,True
ASSET-V2-0001350,W-002597,Health,RECORDED,RECORDED,RECORDED,VERIFIED,SYNTHETIC_V2,True
ASSET-V2-0001351,W-002598,Drinking Water,RECORDED,RECORDED,RECORDED,VERIFIED,SYNTHETIC_V2,True
ASSET-V2-0001352,W-002599,Education,RECORDED,RECORDED,RECORDED,VERIFIED,SYNTHETIC_V2,True
ASSET-V2-0001353,W-002610,Health,RECORDED,RECORDED,RECORDED,VERIFIED,SYNTHETIC_V2,True
ASSET-V2-0001354,W-002611,Drinking Water,RECORDED,RECORDED,RECORDED,VERIFIED,SYNTHETIC_V2,True
ASSET-V2-0001355,W-002612,Education,RECORDED,RECORDED,RECORDED,VERIFIED,SYNTHETIC_V2,True
ASSET-V2-0001356,W-002613,Roads,RECORDED,RECORDED,RECORDED,VERIFIED,SYNTHETIC_V2,True
ASSET-V2-0001357,W-002614,Others,RECORDED,RECORDED,RECORDED,VERIFIED,SYNTHETIC_V2,True
ASSET-V2-0001358,W-002615,Community Infrastructure,RECORDED,RECORDED,RECORDED,VERIFIED,SYNTHETIC_V2,True
ASSET-V2-0001359,W-002616,Health,RECORDED,RECORDED,RECORDED,VERIFIED,SYNTHETIC_V2,True
ASSET-V2-0001360,W-002617,Drinking Water,RECORDED,RECORDED,RECORDED,VERIFIED,SYNTHETIC_V2,True
ASSET-V2-0001361,W-002618,Drinking Water,RECORDED,RECORDED,RECORDED,VERIFIED,SYNTHETIC_V2,True
ASSET-V2-0001362,W-002619,Education,RECORDED,RECORDED,RECORDED,VERIFIED,SYNTHETIC_V2,True
ASSET-V2-0001363,W-002629,Health,RECORDED,RECORDED,RECORDED,VERIFIED,SYNTHETIC_V2,True
ASSET-V2-0001364,W-002630,Drinking Water,RECORDED,RECORDED,RECORDED,VERIFIED,SYNTHETIC_V2,True
ASSET-V2-0001365,W-002631,Education,RECORDED,RECORDED,RECORDED,VERIFIED,SYNTHETIC_V2,True
ASSET-V2-0001366,W-002633,Others,RECORDED,RECORDED,RECORDED,VERIFIED,SYNTHETIC_V2,True
ASSET-V2-0001367,W-002634,Community Infrastructure,RECORDED,RECORDED,RECORDED,VERIFIED,SYNTHETIC_V2,True
ASSET-V2-0001368,W-002635,Community Infrastructure,RECORDED,RECORDED,RECORDED,VERIFIED,SYNTHETIC_V2,True
ASSET-V2-0001369,W-002636,Health,RECORDED,RECORDED,RECORDED,VERIFIED,SYNTHETIC_V2,True
ASSET-V2-0001370,W-002637,Drinking Water,RECORDED,RECORDED,RECORDED,VERIFIED,SYNTHETIC_V2,True
ASSET-V2-0001371,W-002638,Education,RECORDED,RECORDED,RECORDED,VERIFIED,SYNTHETIC_V2,True
ASSET-V2-0001372,W-002639,Roads,RECORDED,RECORDED,RECORDED,VERIFIED,SYNTHETIC_V2,True
ASSET-V2-0001373,W-002649,Drinking Water,RECORDED,RECORDED,RECORDED,VERIFIED,SYNTHETIC_V2,True
ASSET-V2-0001374,W-002650,Education,RECORDED,RECORDED,RECORDED,VERIFIED,SYNTHETIC_V2,True
ASSET-V2-0001375,W-002651,Roads,RECORDED,RECORDED,RECORDED,VERIFIED,SYNTHETIC_V2,True
ASSET-V2-0001376,W-002652,Roads,RECORDED,RECORDED,RECORDED,VERIFIED,SYNTHETIC_V2,True
ASSET-V2-0001377,W-002653,Others,RECORDED,RECORDED,RECORDED,VERIFIED,SYNTHETIC_V2,True
ASSET-V2-0001378,W-002654,Community Infrastructure,RECORDED,RECORDED,RECORDED,VERIFIED,SYNTHETIC_V2,True
ASSET-V2-0001379,W-002655,Health,RECORDED,RECORDED,RECORDED,VERIFIED,SYNTHETIC_V2,True
ASSET-V2-0001380,W-002656,Drinking Water,RECORDED,RECORDED,RECORDED,VERIFIED,SYNTHETIC_V2,True
ASSET-V2-0001381,W-002658,Roads,RECORDED,RECORDED,RECORDED,VERIFIED,SYNTHETIC_V2,True
ASSET-V2-0001382,W-002659,Others,RECORDED,RECORDED,RECORDED,VERIFIED,SYNTHETIC_V2,True
ASSET-V2-0001383,W-002669,Drinking Water,RECORDED,RECORDED,RECORDED,VERIFIED,SYNTHETIC_V2,True
ASSET-V2-0001384,W-002670,Education,RECORDED,RECORDED,RECORDED,VERIFIED,SYNTHETIC_V2,True
ASSET-V2-0001385,W-002671,Roads,RECORDED,RECORDED,RECORDED,VERIFIED,SYNTHETIC_V2,True
ASSET-V2-0001386,W-002672,Others,RECORDED,RECORDED,RECORDED,VERIFIED,SYNTHETIC_V2,True
ASSET-V2-0001387,W-002673,Community Infrastructure,RECORDED,RECORDED,RECORDED,VERIFIED,SYNTHETIC_V2,True
ASSET-V2-0001388,W-002674,Health,RECORDED,RECORDED,RECORDED,VERIFIED,SYNTHETIC_V2,True
ASSET-V2-0001389,W-002675,Drinking Water,RECORDED,RECORDED,RECORDED,VERIFIED,SYNTHETIC_V2,True
ASSET-V2-0001390,W-002676,Education,RECORDED,RECORDED,RECORDED,VERIFIED,SYNTHETIC_V2,True
ASSET-V2-0001391,W-002677,Roads,RECORDED,RECORDED,RECORDED,VERIFIED,SYNTHETIC_V2,True
ASSET-V2-0001392,W-002678,Others,RECORDED,RECORDED,RECORDED,VERIFIED,SYNTHETIC_V2,True
ASSET-V2-0001393,W-002679,Community Infrastructure,RECORDED,RECORDED,RECORDED,VERIFIED,SYNTHETIC_V2,True
ASSET-V2-0001394,W-002689,Education,RECORDED,RECORDED,RECORDED,VERIFIED,SYNTHETIC_V2,True
ASSET-V2-0001395,W-002690,Roads,RECORDED,RECORDED,RECORDED,VERIFIED,SYNTHETIC_V2,True
ASSET-V2-0001396,W-002692,Community Infrastructure,RECORDED,RECORDED,RECORDED,VERIFIED,SYNTHETIC_V2,True
ASSET-V2-0001397,W-002693,Health,RECORDED,RECORDED,RECORDED,VERIFIED,SYNTHETIC_V2,True
ASSET-V2-0001398,W-002694,Drinking Water,RECORDED,RECORDED,RECORDED,VERIFIED,SYNTHETIC_V2,True
ASSET-V2-0001399,W-002695,Education,RECORDED,RECORDED,RECORDED,VERIFIED,SYNTHETIC_V2,True
ASSET-V2-0001400,W-002696,Roads,RECORDED,RECORDED,RECORDED,VERIFIED,SYNTHETIC_V2,True
ASSET-V2-0001401,W-002697,Others,RECORDED,RECORDED,RECORDED,VERIFIED,SYNTHETIC_V2,True
ASSET-V2-0001402,W-002698,Community Infrastructure,RECORDED,RECORDED,RECORDED,VERIFIED,SYNTHETIC_V2,True
ASSET-V2-0001403,W-002699,Health,RECORDED,RECORDED,RECORDED,VERIFIED,SYNTHETIC_V2,True
ASSET-V2-0001404,W-002709,Roads,RECORDED,RECORDED,RECORDED,VERIFIED,SYNTHETIC_V2,True
ASSET-V2-0001405,W-002710,Others,RECORDED,RECORDED,RECORDED,VERIFIED,SYNTHETIC_V2,True
ASSET-V2-0001406,W-002711,Community Infrastructure,RECORDED,RECORDED,RECORDED,VERIFIED,SYNTHETIC_V2,True
ASSET-V2-0001407,W-002712,Health,RECORDED,RECORDED,RECORDED,VERIFIED,SYNTHETIC_V2,True
ASSET-V2-0001408,W-002713,Drinking Water,RECORDED,RECORDED,RECORDED,VERIFIED,SYNTHETIC_V2,True
ASSET-V2-0001409,W-002714,Education,RECORDED,RECORDED,RECORDED,VERIFIED,SYNTHETIC_V2,True
ASSET-V2-0001410,W-002715,Roads,RECORDED,RECORDED,RECORDED,VERIFIED,SYNTHETIC_V2,True
ASSET-V2-0001411,W-002716,Others,RECORDED,RECORDED,RECORDED,VERIFIED,SYNTHETIC_V2,True
ASSET-V2-0001412,W-002717,Community Infrastructure,RECORDED,RECORDED,RECORDED,VERIFIED,SYNTHETIC_V2,True
ASSET-V2-0001413,W-002718,Health,RECORDED,RECORDED,RECORDED,VERIFIED,SYNTHETIC_V2,True
ASSET-V2-0001414,W-002719,Drinking Water,RECORDED,RECORDED,RECORDED,VERIFIED,SYNTHETIC_V2,True
ASSET-V2-0001415,W-002729,Others,RECORDED,RECORDED,RECORDED,VERIFIED,SYNTHETIC_V2,True
ASSET-V2-0001416,W-002730,Community Infrastructure,RECORDED,RECORDED,RECORDED,VERIFIED,SYNTHETIC_V2,True
ASSET-V2-0001417,W-002731,Health,RECORDED,RECORDED,RECORDED,VERIFIED,SYNTHETIC_V2,True
ASSET-V2-0001418,W-002732,Drinking Water,RECORDED,RECORDED,RECORDED,VERIFIED,SYNTHETIC_V2,True
ASSET-V2-0001419,W-002733,Education,RECORDED,RECORDED,RECORDED,VERIFIED,SYNTHETIC_V2,True
ASSET-V2-0001420,W-002734,Roads,RECORDED,RECORDED,RECORDED,VERIFIED,SYNTHETIC_V2,True
ASSET-V2-0001421,W-002735,Others,RECORDED,RECORDED,RECORDED,VERIFIED,SYNTHETIC_V2,True
ASSET-V2-0001422,W-002736,Community Infrastructure,RECORDED,RECORDED,RECORDED,VERIFIED,SYNTHETIC_V2,True
ASSET-V2-0001423,W-002737,Community Infrastructure,RECORDED,RECORDED,RECORDED,VERIFIED,SYNTHETIC_V2,True
ASSET-V2-0001424,W-002738,Health,RECORDED,RECORDED,RECORDED,VERIFIED,SYNTHETIC_V2,True
ASSET-V2-0001425,W-002739,Drinking Water,RECORDED,RECORDED,RECORDED,VERIFIED,SYNTHETIC_V2,True
ASSET-V2-0001426,W-002749,Community Infrastructure,RECORDED,RECORDED,RECORDED,VERIFIED,SYNTHETIC_V2,True
ASSET-V2-0001427,W-002750,Health,RECORDED,RECORDED,RECORDED,VERIFIED,SYNTHETIC_V2,True
ASSET-V2-0001428,W-002751,Drinking Water,RECORDED,RECORDED,RECORDED,VERIFIED,SYNTHETIC_V2,True
ASSET-V2-0001429,W-002752,Education,RECORDED,RECORDED,RECORDED,VERIFIED,SYNTHETIC_V2,True
ASSET-V2-0001430,W-002753,Roads,RECORDED,RECORDED,RECORDED,VERIFIED,SYNTHETIC_V2,True
ASSET-V2-0001431,W-002754,Roads,RECORDED,RECORDED,RECORDED,VERIFIED,SYNTHETIC_V2,True
ASSET-V2-0001432,W-002755,Others,RECORDED,RECORDED,RECORDED,VERIFIED,SYNTHETIC_V2,True
ASSET-V2-0001433,W-002756,Community Infrastructure,RECORDED,RECORDED,RECORDED,VERIFIED,SYNTHETIC_V2,True
ASSET-V2-0001434,W-002757,Health,RECORDED,RECORDED,RECORDED,VERIFIED,SYNTHETIC_V2,True
ASSET-V2-0001435,W-002758,Drinking Water,RECORDED,RECORDED,RECORDED,VERIFIED,SYNTHETIC_V2,True
ASSET-V2-0001436,W-002759,Education,RECORDED,RECORDED,RECORDED,VERIFIED,SYNTHETIC_V2,True
ASSET-V2-0001437,W-002769,Health,RECORDED,RECORDED,RECORDED,VERIFIED,SYNTHETIC_V2,True
ASSET-V2-0001438,W-002770,Drinking Water,RECORDED,RECORDED,RECORDED,VERIFIED,SYNTHETIC_V2,True
ASSET-V2-0001439,W-002771,Drinking Water,RECORDED,RECORDED,RECORDED,VERIFIED,SYNTHETIC_V2,True
ASSET-V2-0001440,W-002772,Education,RECORDED,RECORDED,RECORDED,VERIFIED,SYNTHETIC_V2,True
ASSET-V2-0001441,W-002773,Roads,RECORDED,RECORDED,RECORDED,VERIFIED,SYNTHETIC_V2,True
ASSET-V2-0001442,W-002774,Others,RECORDED,RECORDED,RECORDED,VERIFIED,SYNTHETIC_V2,True
ASSET-V2-0001443,W-002775,Community Infrastructure,RECORDED,RECORDED,RECORDED,VERIFIED,SYNTHETIC_V2,True
ASSET-V2-0001444,W-002776,Health,RECORDED,RECORDED,RECORDED,VERIFIED,SYNTHETIC_V2,True
ASSET-V2-0001445,W-002777,Drinking Water,RECORDED,RECORDED,RECORDED,VERIFIED,SYNTHETIC_V2,True
ASSET-V2-0001446,W-002778,Education,RECORDED,RECORDED,RECORDED,VERIFIED,SYNTHETIC_V2,True
ASSET-V2-0001447,W-002779,Roads,RECORDED,RECORDED,RECORDED,VERIFIED,SYNTHETIC_V2,True
ASSET-V2-0001448,W-002789,Health,RECORDED,RECORDED,RECORDED,VERIFIED,SYNTHETIC_V2,True
ASSET-V2-0001449,W-002790,Drinking Water,RECORDED,RECORDED,RECORDED,VERIFIED,SYNTHETIC_V2,True
ASSET-V2-0001450,W-002791,Education,RECORDED,RECORDED,RECORDED,VERIFIED,SYNTHETIC_V2,True
ASSET-V2-0001451,W-002792,Roads,RECORDED,RECORDED,RECORDED,VERIFIED,SYNTHETIC_V2,True
ASSET-V2-0001452,W-002793,Others,RECORDED,RECORDED,RECORDED,VERIFIED,SYNTHETIC_V2,True
ASSET-V2-0001453,W-002794,Community Infrastructure,RECORDED,RECORDED,RECORDED,VERIFIED,SYNTHETIC_V2,True
ASSET-V2-0001454,W-002795,Health,RECORDED,RECORDED,RECORDED,VERIFIED,SYNTHETIC_V2,True
ASSET-V2-0001455,W-002796,Drinking Water,RECORDED,RECORDED,RECORDED,VERIFIED,SYNTHETIC_V2,True
ASSET-V2-0001456,W-002797,Education,RECORDED,RECORDED,RECORDED,VERIFIED,SYNTHETIC_V2,True
ASSET-V2-0001457,W-002798,Roads,RECORDED,RECORDED,RECORDED,VERIFIED,SYNTHETIC_V2,True
ASSET-V2-0001458,W-002799,Others,RECORDED,RECORDED,RECORDED,VERIFIED,SYNTHETIC_V2,True
ASSET-V2-0001459,W-002809,Drinking Water,RECORDED,RECORDED,RECORDED,VERIFIED,SYNTHETIC_V2,True
ASSET-V2-0001460,W-002810,Education,RECORDED,RECORDED,RECORDED,VERIFIED,SYNTHETIC_V2,True
ASSET-V2-0001461,W-002811,Roads,RECORDED,RECORDED,RECORDED,VERIFIED,SYNTHETIC_V2,True
ASSET-V2-0001462,W-002812,Others,RECORDED,RECORDED,RECORDED,VERIFIED,SYNTHETIC_V2,True
ASSET-V2-0001463,W-002813,Community Infrastructure,RECORDED,RECORDED,RECORDED,VERIFIED,SYNTHETIC_V2,True
ASSET-V2-0001464,W-002814,Health,RECORDED,RECORDED,RECORDED,VERIFIED,SYNTHETIC_V2,True
ASSET-V2-0001465,W-002815,Drinking Water,RECORDED,RECORDED,RECORDED,VERIFIED,SYNTHETIC_V2,True
ASSET-V2-0001466,W-002816,Education,RECORDED,RECORDED,RECORDED,VERIFIED,SYNTHETIC_V2,True
ASSET-V2-0001467,W-002817,Roads,RECORDED,RECORDED,RECORDED,VERIFIED,SYNTHETIC_V2,True
ASSET-V2-0001468,W-002818,Others,RECORDED,RECORDED,RECORDED,VERIFIED,SYNTHETIC_V2,True
ASSET-V2-0001469,W-002819,Community Infrastructure,RECORDED,RECORDED,RECORDED,VERIFIED,SYNTHETIC_V2,True
ASSET-V2-0001470,W-002829,Education,RECORDED,RECORDED,RECORDED,VERIFIED,SYNTHETIC_V2,True
ASSET-V2-0001471,W-002830,Roads,RECORDED,RECORDED,RECORDED,VERIFIED,SYNTHETIC_V2,True
ASSET-V2-0001472,W-002831,Others,RECORDED,RECORDED,RECORDED,VERIFIED,SYNTHETIC_V2,True
ASSET-V2-0001473,W-002832,Community Infrastructure,RECORDED,RECORDED,RECORDED,VERIFIED,SYNTHETIC_V2,True
ASSET-V2-0001474,W-002833,Health,RECORDED,RECORDED,RECORDED,VERIFIED,SYNTHETIC_V2,True
ASSET-V2-0001475,W-002834,Drinking Water,RECORDED,RECORDED,RECORDED,VERIFIED,SYNTHETIC_V2,True
ASSET-V2-0001476,W-002835,Education,RECORDED,RECORDED,RECORDED,VERIFIED,SYNTHETIC_V2,True
ASSET-V2-0001477,W-002836,Roads,RECORDED,RECORDED,RECORDED,VERIFIED,SYNTHETIC_V2,True
ASSET-V2-0001478,W-002837,Others,RECORDED,RECORDED,RECORDED,VERIFIED,SYNTHETIC_V2,True
ASSET-V2-0001479,W-002838,Community Infrastructure,RECORDED,RECORDED,RECORDED,VERIFIED,SYNTHETIC_V2,True
ASSET-V2-0001480,W-002839,Community Infrastructure,RECORDED,RECORDED,RECORDED,VERIFIED,SYNTHETIC_V2,True
ASSET-V2-0001481,W-002849,Roads,RECORDED,RECORDED,RECORDED,VERIFIED,SYNTHETIC_V2,True
ASSET-V2-0001482,W-002850,Others,RECORDED,RECORDED,RECORDED,VERIFIED,SYNTHETIC_V2,True
ASSET-V2-0001483,W-002851,Community Infrastructure,RECORDED,RECORDED,RECORDED,VERIFIED,SYNTHETIC_V2,True
ASSET-V2-0001484,W-002852,Health,RECORDED,RECORDED,RECORDED,VERIFIED,SYNTHETIC_V2,True
ASSET-V2-0001485,W-002853,Drinking Water,RECORDED,RECORDED,RECORDED,VERIFIED,SYNTHETIC_V2,True
ASSET-V2-0001486,W-002854,Education,RECORDED,RECORDED,RECORDED,VERIFIED,SYNTHETIC_V2,True
ASSET-V2-0001487,W-002855,Roads,RECORDED,RECORDED,RECORDED,VERIFIED,SYNTHETIC_V2,True
ASSET-V2-0001488,W-002856,Roads,RECORDED,RECORDED,RECORDED,VERIFIED,SYNTHETIC_V2,True
ASSET-V2-0001489,W-002857,Others,RECORDED,RECORDED,RECORDED,VERIFIED,SYNTHETIC_V2,True
ASSET-V2-0001490,W-002858,Community Infrastructure,RECORDED,RECORDED,RECORDED,VERIFIED,SYNTHETIC_V2,True
ASSET-V2-0001491,W-002859,Health,RECORDED,RECORDED,RECORDED,VERIFIED,SYNTHETIC_V2,True
ASSET-V2-0001492,W-002869,Others,RECORDED,RECORDED,RECORDED,VERIFIED,SYNTHETIC_V2,True
ASSET-V2-0001493,W-002870,Community Infrastructure,RECORDED,RECORDED,RECORDED,VERIFIED,SYNTHETIC_V2,True
ASSET-V2-0001494,W-002871,Health,RECORDED,RECORDED,RECORDED,VERIFIED,SYNTHETIC_V2,True
ASSET-V2-0001495,W-002872,Drinking Water,RECORDED,RECORDED,RECORDED,VERIFIED,SYNTHETIC_V2,True
ASSET-V2-0001496,W-002873,Drinking Water,RECORDED,RECORDED,RECORDED,VERIFIED,SYNTHETIC_V2,True
ASSET-V2-0001497,W-002874,Education,RECORDED,RECORDED,RECORDED,VERIFIED,SYNTHETIC_V2,True
ASSET-V2-0001498,W-002876,Others,RECORDED,RECORDED,RECORDED,VERIFIED,SYNTHETIC_V2,True
ASSET-V2-0001499,W-002877,Community Infrastructure,RECORDED,RECORDED,RECORDED,VERIFIED,SYNTHETIC_V2,True
ASSET-V2-0001500,W-002878,Health,RECORDED,RECORDED,RECORDED,VERIFIED,SYNTHETIC_V2,True
ASSET-V2-0001501,W-002879,Drinking Water,RECORDED,RECORDED,RECORDED,VERIFIED,SYNTHETIC_V2,True
ASSET-V2-0001502,W-002889,Community Infrastructure,RECORDED,RECORDED,RECORDED,VERIFIED,SYNTHETIC_V2,True
ASSET-V2-0001503,W-002890,Community Infrastructure,RECORDED,RECORDED,RECORDED,VERIFIED,SYNTHETIC_V2,True
ASSET-V2-0001504,W-002891,Health,RECORDED,RECORDED,RECORDED,VERIFIED,SYNTHETIC_V2,True
ASSET-V2-0001505,W-002892,Drinking Water,RECORDED,RECORDED,RECORDED,VERIFIED,SYNTHETIC_V2,True
ASSET-V2-0001506,W-002893,Education,RECORDED,RECORDED,RECORDED,VERIFIED,SYNTHETIC_V2,True
ASSET-V2-0001507,W-002894,Roads,RECORDED,RECORDED,RECORDED,VERIFIED,SYNTHETIC_V2,True
ASSET-V2-0001508,W-002895,Others,RECORDED,RECORDED,RECORDED,VERIFIED,SYNTHETIC_V2,True
ASSET-V2-0001509,W-002896,Community Infrastructure,RECORDED,RECORDED,RECORDED,VERIFIED,SYNTHETIC_V2,True
ASSET-V2-0001510,W-002897,Health,RECORDED,RECORDED,RECORDED,VERIFIED,SYNTHETIC_V2,True
ASSET-V2-0001511,W-002898,Drinking Water,RECORDED,RECORDED,RECORDED,VERIFIED,SYNTHETIC_V2,True
ASSET-V2-0001512,W-002899,Education,RECORDED,RECORDED,RECORDED,VERIFIED,SYNTHETIC_V2,True
ASSET-V2-0001513,W-002909,Community Infrastructure,RECORDED,RECORDED,RECORDED,VERIFIED,SYNTHETIC_V2,True
ASSET-V2-0001514,W-002910,Health,RECORDED,RECORDED,RECORDED,VERIFIED,SYNTHETIC_V2,True
ASSET-V2-0001515,W-002911,Drinking Water,RECORDED,RECORDED,RECORDED,VERIFIED,SYNTHETIC_V2,True
ASSET-V2-0001516,W-002912,Education,RECORDED,RECORDED,RECORDED,VERIFIED,SYNTHETIC_V2,True
ASSET-V2-0001517,W-002913,Roads,RECORDED,RECORDED,RECORDED,VERIFIED,SYNTHETIC_V2,True
ASSET-V2-0001518,W-002914,Others,RECORDED,RECORDED,RECORDED,VERIFIED,SYNTHETIC_V2,True
ASSET-V2-0001519,W-002915,Community Infrastructure,RECORDED,RECORDED,RECORDED,VERIFIED,SYNTHETIC_V2,True
ASSET-V2-0001520,W-002916,Health,RECORDED,RECORDED,RECORDED,VERIFIED,SYNTHETIC_V2,True
ASSET-V2-0001521,W-002917,Drinking Water,RECORDED,RECORDED,RECORDED,VERIFIED,SYNTHETIC_V2,True
ASSET-V2-0001522,W-002918,Education,RECORDED,RECORDED,RECORDED,VERIFIED,SYNTHETIC_V2,True
ASSET-V2-0001523,W-002919,Roads,RECORDED,RECORDED,RECORDED,VERIFIED,SYNTHETIC_V2,True
ASSET-V2-0001524,W-002929,Health,RECORDED,RECORDED,RECORDED,VERIFIED,SYNTHETIC_V2,True
ASSET-V2-0001525,W-002930,Drinking Water,RECORDED,RECORDED,RECORDED,VERIFIED,SYNTHETIC_V2,True
ASSET-V2-0001526,W-002932,Roads,RECORDED,RECORDED,RECORDED,VERIFIED,SYNTHETIC_V2,True
ASSET-V2-0001527,W-002933,Others,RECORDED,RECORDED,RECORDED,VERIFIED,SYNTHETIC_V2,True
ASSET-V2-0001528,W-002934,Community Infrastructure,RECORDED,RECORDED,RECORDED,VERIFIED,SYNTHETIC_V2,True
ASSET-V2-0001529,W-002935,Health,RECORDED,RECORDED,RECORDED,VERIFIED,SYNTHETIC_V2,True
ASSET-V2-0001530,W-002936,Drinking Water,RECORDED,RECORDED,RECORDED,VERIFIED,SYNTHETIC_V2,True
ASSET-V2-0001531,W-002937,Education,RECORDED,RECORDED,RECORDED,VERIFIED,SYNTHETIC_V2,True
ASSET-V2-0001532,W-002938,Roads,RECORDED,RECORDED,RECORDED,VERIFIED,SYNTHETIC_V2,True
ASSET-V2-0001533,W-002939,Others,RECORDED,RECORDED,RECORDED,VERIFIED,SYNTHETIC_V2,True
ASSET-V2-0001534,W-002949,Drinking Water,RECORDED,RECORDED,RECORDED,VERIFIED,SYNTHETIC_V2,True
ASSET-V2-0001535,W-002950,Education,RECORDED,RECORDED,RECORDED,VERIFIED,SYNTHETIC_V2,True
ASSET-V2-0001536,W-002951,Roads,RECORDED,RECORDED,RECORDED,VERIFIED,SYNTHETIC_V2,True
ASSET-V2-0001537,W-002952,Others,RECORDED,RECORDED,RECORDED,VERIFIED,SYNTHETIC_V2,True
ASSET-V2-0001538,W-002953,Community Infrastructure,RECORDED,RECORDED,RECORDED,VERIFIED,SYNTHETIC_V2,True
ASSET-V2-0001539,W-002954,Health,RECORDED,RECORDED,RECORDED,VERIFIED,SYNTHETIC_V2,True
ASSET-V2-0001540,W-002955,Drinking Water,RECORDED,RECORDED,RECORDED,VERIFIED,SYNTHETIC_V2,True
ASSET-V2-0001541,W-002956,Education,RECORDED,RECORDED,RECORDED,VERIFIED,SYNTHETIC_V2,True
ASSET-V2-0001542,W-002957,Roads,RECORDED,RECORDED,RECORDED,VERIFIED,SYNTHETIC_V2,True
ASSET-V2-0001543,W-002958,Roads,RECORDED,RECORDED,RECORDED,VERIFIED,SYNTHETIC_V2,True
ASSET-V2-0001544,W-002959,Others,RECORDED,RECORDED,RECORDED,VERIFIED,SYNTHETIC_V2,True
ASSET-V2-0001545,W-002969,Education,RECORDED,RECORDED,RECORDED,VERIFIED,SYNTHETIC_V2,True
ASSET-V2-0001546,W-002970,Roads,RECORDED,RECORDED,RECORDED,VERIFIED,SYNTHETIC_V2,True
ASSET-V2-0001547,W-002971,Others,RECORDED,RECORDED,RECORDED,VERIFIED,SYNTHETIC_V2,True
ASSET-V2-0001548,W-002972,Community Infrastructure,RECORDED,RECORDED,RECORDED,VERIFIED,SYNTHETIC_V2,True
ASSET-V2-0001549,W-002973,Health,RECORDED,RECORDED,RECORDED,VERIFIED,SYNTHETIC_V2,True
ASSET-V2-0001550,W-002974,Drinking Water,RECORDED,RECORDED,RECORDED,VERIFIED,SYNTHETIC_V2,True
ASSET-V2-0001551,W-002975,Drinking Water,RECORDED,RECORDED,RECORDED,VERIFIED,SYNTHETIC_V2,True
ASSET-V2-0001552,W-002976,Education,RECORDED,RECORDED,RECORDED,VERIFIED,SYNTHETIC_V2,True
ASSET-V2-0001553,W-002977,Roads,RECORDED,RECORDED,RECORDED,VERIFIED,SYNTHETIC_V2,True
ASSET-V2-0001554,W-002978,Others,RECORDED,RECORDED,RECORDED,VERIFIED,SYNTHETIC_V2,True
ASSET-V2-0001555,W-002979,Community Infrastructure,RECORDED,RECORDED,RECORDED,VERIFIED,SYNTHETIC_V2,True
ASSET-V2-0001556,W-002989,Roads,RECORDED,RECORDED,RECORDED,VERIFIED,SYNTHETIC_V2,True
ASSET-V2-0001557,W-002990,Others,RECORDED,RECORDED,RECORDED,VERIFIED,SYNTHETIC_V2,True
ASSET-V2-0001558,W-002991,Community Infrastructure,RECORDED,RECORDED,RECORDED,VERIFIED,SYNTHETIC_V2,True
ASSET-V2-0001559,W-002992,Community Infrastructure,RECORDED,RECORDED,RECORDED,VERIFIED,SYNTHETIC_V2,True
ASSET-V2-0001560,W-002993,Health,RECORDED,RECORDED,RECORDED,VERIFIED,SYNTHETIC_V2,True
ASSET-V2-0001561,W-002994,Drinking Water,RECORDED,RECORDED,RECORDED,VERIFIED,SYNTHETIC_V2,True
ASSET-V2-0001562,W-002995,Education,RECORDED,RECORDED,RECORDED,VERIFIED,SYNTHETIC_V2,True
ASSET-V2-0001563,W-002996,Roads,RECORDED,RECORDED,RECORDED,VERIFIED,SYNTHETIC_V2,True
ASSET-V2-0001564,W-002997,Others,RECORDED,RECORDED,RECORDED,VERIFIED,SYNTHETIC_V2,True
ASSET-V2-0001565,W-002998,Community Infrastructure,RECORDED,RECORDED,RECORDED,VERIFIED,SYNTHETIC_V2,True
ASSET-V2-0001566,W-002999,Health,RECORDED,RECORDED,RECORDED,VERIFIED,SYNTHETIC_V2,True
ASSET-V2-0001567,W-003009,Roads,RECORDED,RECORDED,RECORDED,VERIFIED,SYNTHETIC_V2,True
ASSET-V2-0001568,W-003010,Others,RECORDED,RECORDED,RECORDED,VERIFIED,SYNTHETIC_V2,True
ASSET-V2-0001569,W-003011,Community Infrastructure,RECORDED,RECORDED,RECORDED,VERIFIED,SYNTHETIC_V2,True
ASSET-V2-0001570,W-003012,Health,RECORDED,RECORDED,RECORDED,VERIFIED,SYNTHETIC_V2,True
ASSET-V2-0001571,W-003013,Drinking Water,RECORDED,RECORDED,RECORDED,VERIFIED,SYNTHETIC_V2,True
ASSET-V2-0001572,W-003014,Education,RECORDED,RECORDED,RECORDED,VERIFIED,SYNTHETIC_V2,True
ASSET-V2-0001573,W-003015,Roads,RECORDED,RECORDED,RECORDED,VERIFIED,SYNTHETIC_V2,True
ASSET-V2-0001574,W-003016,Others,RECORDED,RECORDED,RECORDED,VERIFIED,SYNTHETIC_V2,True
ASSET-V2-0001575,W-003017,Community Infrastructure,RECORDED,RECORDED,RECORDED,VERIFIED,SYNTHETIC_V2,True
ASSET-V2-0001576,W-003018,Health,RECORDED,RECORDED,RECORDED,VERIFIED,SYNTHETIC_V2,True
ASSET-V2-0001577,W-003019,Drinking Water,RECORDED,RECORDED,RECORDED,VERIFIED,SYNTHETIC_V2,True
ASSET-V2-0001578,W-003029,Others,RECORDED,RECORDED,RECORDED,VERIFIED,SYNTHETIC_V2,True
ASSET-V2-0001579,W-003030,Community Infrastructure,RECORDED,RECORDED,RECORDED,VERIFIED,SYNTHETIC_V2,True
ASSET-V2-0001580,W-003031,Health,RECORDED,RECORDED,RECORDED,VERIFIED,SYNTHETIC_V2,True
ASSET-V2-0001581,W-003032,Drinking Water,RECORDED,RECORDED,RECORDED,VERIFIED,SYNTHETIC_V2,True
ASSET-V2-0001582,W-003033,Education,RECORDED,RECORDED,RECORDED,VERIFIED,SYNTHETIC_V2,True
ASSET-V2-0001583,W-003034,Roads,RECORDED,RECORDED,RECORDED,VERIFIED,SYNTHETIC_V2,True
ASSET-V2-0001584,W-003035,Others,RECORDED,RECORDED,RECORDED,VERIFIED,SYNTHETIC_V2,True
ASSET-V2-0001585,W-003036,Community Infrastructure,RECORDED,RECORDED,RECORDED,VERIFIED,SYNTHETIC_V2,True
ASSET-V2-0001586,W-003037,Health,RECORDED,RECORDED,RECORDED,VERIFIED,SYNTHETIC_V2,True
ASSET-V2-0001587,W-003038,Drinking Water,RECORDED,RECORDED,RECORDED,VERIFIED,SYNTHETIC_V2,True
ASSET-V2-0001588,W-003039,Education,RECORDED,RECORDED,RECORDED,VERIFIED,SYNTHETIC_V2,True
ASSET-V2-0001589,W-003049,Community Infrastructure,RECORDED,RECORDED,RECORDED,VERIFIED,SYNTHETIC_V2,True
ASSET-V2-0001590,W-003050,Health,RECORDED,RECORDED,RECORDED,VERIFIED,SYNTHETIC_V2,True
ASSET-V2-0001591,W-003051,Drinking Water,RECORDED,RECORDED,RECORDED,VERIFIED,SYNTHETIC_V2,True
ASSET-V2-0001592,W-003052,Education,RECORDED,RECORDED,RECORDED,VERIFIED,SYNTHETIC_V2,True
ASSET-V2-0001593,W-003053,Roads,RECORDED,RECORDED,RECORDED,VERIFIED,SYNTHETIC_V2,True
ASSET-V2-0001594,W-003054,Others,RECORDED,RECORDED,RECORDED,VERIFIED,SYNTHETIC_V2,True
ASSET-V2-0001595,W-003055,Community Infrastructure,RECORDED,RECORDED,RECORDED,VERIFIED,SYNTHETIC_V2,True
ASSET-V2-0001596,W-003056,Health,RECORDED,RECORDED,RECORDED,VERIFIED,SYNTHETIC_V2,True
ASSET-V2-0001597,W-003057,Drinking Water,RECORDED,RECORDED,RECORDED,VERIFIED,SYNTHETIC_V2,True
ASSET-V2-0001598,W-003058,Education,RECORDED,RECORDED,RECORDED,VERIFIED,SYNTHETIC_V2,True
ASSET-V2-0001599,W-003059,Roads,RECORDED,RECORDED,RECORDED,VERIFIED,SYNTHETIC_V2,True
ASSET-V2-0001600,W-003069,Health,RECORDED,RECORDED,RECORDED,VERIFIED,SYNTHETIC_V2,True
ASSET-V2-0001601,W-003070,Drinking Water,RECORDED,RECORDED,RECORDED,VERIFIED,SYNTHETIC_V2,True
ASSET-V2-0001602,W-003071,Education,RECORDED,RECORDED,RECORDED,VERIFIED,SYNTHETIC_V2,True
ASSET-V2-0001603,W-003072,Roads,RECORDED,RECORDED,RECORDED,VERIFIED,SYNTHETIC_V2,True
ASSET-V2-0001604,W-003073,Others,RECORDED,RECORDED,RECORDED,VERIFIED,SYNTHETIC_V2,True
ASSET-V2-0001605,W-003074,Community Infrastructure,RECORDED,RECORDED,RECORDED,VERIFIED,SYNTHETIC_V2,True
ASSET-V2-0001606,W-003075,Health,RECORDED,RECORDED,RECORDED,VERIFIED,SYNTHETIC_V2,True
ASSET-V2-0001607,W-003076,Drinking Water,RECORDED,RECORDED,RECORDED,VERIFIED,SYNTHETIC_V2,True
ASSET-V2-0001608,W-003077,Drinking Water,RECORDED,RECORDED,RECORDED,VERIFIED,SYNTHETIC_V2,True
ASSET-V2-0001609,W-003078,Education,RECORDED,RECORDED,RECORDED,VERIFIED,SYNTHETIC_V2,True
ASSET-V2-0001610,W-003079,Roads,RECORDED,RECORDED,RECORDED,VERIFIED,SYNTHETIC_V2,True
ASSET-V2-0001611,W-003089,Drinking Water,RECORDED,RECORDED,RECORDED,VERIFIED,SYNTHETIC_V2,True
ASSET-V2-0001612,W-003090,Education,RECORDED,RECORDED,RECORDED,VERIFIED,SYNTHETIC_V2,True
ASSET-V2-0001613,W-003091,Roads,RECORDED,RECORDED,RECORDED,VERIFIED,SYNTHETIC_V2,True
ASSET-V2-0001614,W-003092,Others,RECORDED,RECORDED,RECORDED,VERIFIED,SYNTHETIC_V2,True
ASSET-V2-0001615,W-003093,Community Infrastructure,RECORDED,RECORDED,RECORDED,VERIFIED,SYNTHETIC_V2,True
ASSET-V2-0001616,W-003095,Health,RECORDED,RECORDED,RECORDED,VERIFIED,SYNTHETIC_V2,True
ASSET-V2-0001617,W-003096,Drinking Water,RECORDED,RECORDED,RECORDED,VERIFIED,SYNTHETIC_V2,True
ASSET-V2-0001618,W-003097,Education,RECORDED,RECORDED,RECORDED,VERIFIED,SYNTHETIC_V2,True
ASSET-V2-0001619,W-003098,Roads,RECORDED,RECORDED,RECORDED,VERIFIED,SYNTHETIC_V2,True
ASSET-V2-0001620,W-003099,Others,RECORDED,RECORDED,RECORDED,VERIFIED,SYNTHETIC_V2,True
ASSET-V2-0001621,W-003109,Education,RECORDED,RECORDED,RECORDED,VERIFIED,SYNTHETIC_V2,True
ASSET-V2-0001622,W-003110,Roads,RECORDED,RECORDED,RECORDED,VERIFIED,SYNTHETIC_V2,True
ASSET-V2-0001623,W-003111,Roads,RECORDED,RECORDED,RECORDED,VERIFIED,SYNTHETIC_V2,True
ASSET-V2-0001624,W-003112,Others,RECORDED,RECORDED,RECORDED,VERIFIED,SYNTHETIC_V2,True
ASSET-V2-0001625,W-003113,Community Infrastructure,RECORDED,RECORDED,RECORDED,VERIFIED,SYNTHETIC_V2,True
ASSET-V2-0001626,W-003115,Drinking Water,RECORDED,RECORDED,RECORDED,VERIFIED,SYNTHETIC_V2,True
ASSET-V2-0001627,W-003116,Education,RECORDED,RECORDED,RECORDED,VERIFIED,SYNTHETIC_V2,True
ASSET-V2-0001628,W-003117,Roads,RECORDED,RECORDED,RECORDED,VERIFIED,SYNTHETIC_V2,True
ASSET-V2-0001629,W-003118,Others,RECORDED,RECORDED,RECORDED,VERIFIED,SYNTHETIC_V2,True
ASSET-V2-0001630,W-003119,Community Infrastructure,RECORDED,RECORDED,RECORDED,VERIFIED,SYNTHETIC_V2,True
ASSET-V2-0001631,W-003129,Education,RECORDED,RECORDED,RECORDED,VERIFIED,SYNTHETIC_V2,True
ASSET-V2-0001632,W-003130,Roads,RECORDED,RECORDED,RECORDED,VERIFIED,SYNTHETIC_V2,True
ASSET-V2-0001633,W-003131,Others,RECORDED,RECORDED,RECORDED,VERIFIED,SYNTHETIC_V2,True
ASSET-V2-0001634,W-003132,Community Infrastructure,RECORDED,RECORDED,RECORDED,VERIFIED,SYNTHETIC_V2,True
ASSET-V2-0001635,W-003133,Health,RECORDED,RECORDED,RECORDED,VERIFIED,SYNTHETIC_V2,True
ASSET-V2-0001636,W-003134,Drinking Water,RECORDED,RECORDED,RECORDED,VERIFIED,SYNTHETIC_V2,True
ASSET-V2-0001637,W-003135,Education,RECORDED,RECORDED,RECORDED,VERIFIED,SYNTHETIC_V2,True
ASSET-V2-0001638,W-003136,Roads,RECORDED,RECORDED,RECORDED,VERIFIED,SYNTHETIC_V2,True
ASSET-V2-0001639,W-003137,Others,RECORDED,RECORDED,RECORDED,VERIFIED,SYNTHETIC_V2,True
ASSET-V2-0001640,W-003138,Community Infrastructure,RECORDED,RECORDED,RECORDED,VERIFIED,SYNTHETIC_V2,True
ASSET-V2-0001641,W-003139,Health,RECORDED,RECORDED,RECORDED,VERIFIED,SYNTHETIC_V2,True
ASSET-V2-0001642,W-003149,Roads,RECORDED,RECORDED,RECORDED,VERIFIED,SYNTHETIC_V2,True
ASSET-V2-0001643,W-003150,Others,RECORDED,RECORDED,RECORDED,VERIFIED,SYNTHETIC_V2,True
ASSET-V2-0001644,W-003151,Community Infrastructure,RECORDED,RECORDED,RECORDED,VERIFIED,SYNTHETIC_V2,True
ASSET-V2-0001645,W-003152,Health,RECORDED,RECORDED,RECORDED,VERIFIED,SYNTHETIC_V2,True
ASSET-V2-0001646,W-003153,Drinking Water,RECORDED,RECORDED,RECORDED,VERIFIED,SYNTHETIC_V2,True
ASSET-V2-0001647,W-003154,Education,RECORDED,RECORDED,RECORDED,VERIFIED,SYNTHETIC_V2,True
ASSET-V2-0001648,W-003155,Roads,RECORDED,RECORDED,RECORDED,VERIFIED,SYNTHETIC_V2,True
ASSET-V2-0001649,W-003156,Others,RECORDED,RECORDED,RECORDED,VERIFIED,SYNTHETIC_V2,True
ASSET-V2-0001650,W-003157,Community Infrastructure,RECORDED,RECORDED,RECORDED,VERIFIED,SYNTHETIC_V2,True
ASSET-V2-0001651,W-003158,Health,RECORDED,RECORDED,RECORDED,VERIFIED,SYNTHETIC_V2,True
ASSET-V2-0001652,W-003159,Drinking Water,RECORDED,RECORDED,RECORDED,VERIFIED,SYNTHETIC_V2,True
ASSET-V2-0001653,W-003169,Others,RECORDED,RECORDED,RECORDED,VERIFIED,SYNTHETIC_V2,True
ASSET-V2-0001654,W-003170,Community Infrastructure,RECORDED,RECORDED,RECORDED,VERIFIED,SYNTHETIC_V2,True
ASSET-V2-0001655,W-003171,Health,RECORDED,RECORDED,RECORDED,VERIFIED,SYNTHETIC_V2,True
ASSET-V2-0001656,W-003172,Drinking Water,RECORDED,RECORDED,RECORDED,VERIFIED,SYNTHETIC_V2,True
ASSET-V2-0001657,W-003173,Education,RECORDED,RECORDED,RECORDED,VERIFIED,SYNTHETIC_V2,True
ASSET-V2-0001658,W-003174,Roads,RECORDED,RECORDED,RECORDED,VERIFIED,SYNTHETIC_V2,True
ASSET-V2-0001659,W-003175,Others,RECORDED,RECORDED,RECORDED,VERIFIED,SYNTHETIC_V2,True
ASSET-V2-0001660,W-003176,Community Infrastructure,RECORDED,RECORDED,RECORDED,VERIFIED,SYNTHETIC_V2,True
ASSET-V2-0001661,W-003177,Health,RECORDED,RECORDED,RECORDED,VERIFIED,SYNTHETIC_V2,True
ASSET-V2-0001662,W-003178,Drinking Water,RECORDED,RECORDED,RECORDED,VERIFIED,SYNTHETIC_V2,True
ASSET-V2-0001663,W-003179,Drinking Water,RECORDED,RECORDED,RECORDED,VERIFIED,SYNTHETIC_V2,True
ASSET-V2-0001664,W-003189,Community Infrastructure,RECORDED,RECORDED,RECORDED,VERIFIED,SYNTHETIC_V2,True
ASSET-V2-0001665,W-003190,Health,RECORDED,RECORDED,RECORDED,VERIFIED,SYNTHETIC_V2,True
ASSET-V2-0001666,W-003191,Drinking Water,RECORDED,RECORDED,RECORDED,VERIFIED,SYNTHETIC_V2,True
ASSET-V2-0001667,W-003193,Roads,RECORDED,RECORDED,RECORDED,VERIFIED,SYNTHETIC_V2,True
ASSET-V2-0001668,W-003194,Others,RECORDED,RECORDED,RECORDED,VERIFIED,SYNTHETIC_V2,True
ASSET-V2-0001669,W-003195,Community Infrastructure,RECORDED,RECORDED,RECORDED,VERIFIED,SYNTHETIC_V2,True
ASSET-V2-0001670,W-003196,Community Infrastructure,RECORDED,RECORDED,RECORDED,VERIFIED,SYNTHETIC_V2,True
ASSET-V2-0001671,W-003198,Drinking Water,RECORDED,RECORDED,RECORDED,VERIFIED,SYNTHETIC_V2,True
ASSET-V2-0001672,W-003199,Education,RECORDED,RECORDED,RECORDED,VERIFIED,SYNTHETIC_V2,True
ASSET-V2-0001673,W-003209,Health,RECORDED,RECORDED,RECORDED,VERIFIED,SYNTHETIC_V2,True
ASSET-V2-0001674,W-003211,Education,RECORDED,RECORDED,RECORDED,VERIFIED,SYNTHETIC_V2,True
ASSET-V2-0001675,W-003212,Roads,RECORDED,RECORDED,RECORDED,VERIFIED,SYNTHETIC_V2,True
ASSET-V2-0001676,W-003213,Roads,RECORDED,RECORDED,RECORDED,VERIFIED,SYNTHETIC_V2,True
ASSET-V2-0001677,W-003214,Others,RECORDED,RECORDED,RECORDED,VERIFIED,SYNTHETIC_V2,True
ASSET-V2-0001678,W-003215,Community Infrastructure,RECORDED,RECORDED,RECORDED,VERIFIED,SYNTHETIC_V2,True
ASSET-V2-0001679,W-003216,Health,RECORDED,RECORDED,RECORDED,VERIFIED,SYNTHETIC_V2,True
ASSET-V2-0001680,W-003217,Drinking Water,RECORDED,RECORDED,RECORDED,VERIFIED,SYNTHETIC_V2,True
ASSET-V2-0001681,W-003218,Education,RECORDED,RECORDED,RECORDED,VERIFIED,SYNTHETIC_V2,True
ASSET-V2-0001682,W-003229,Drinking Water,RECORDED,RECORDED,RECORDED,VERIFIED,SYNTHETIC_V2,True
ASSET-V2-0001683,W-003230,Drinking Water,RECORDED,RECORDED,RECORDED,VERIFIED,SYNTHETIC_V2,True
ASSET-V2-0001684,W-003231,Education,RECORDED,RECORDED,RECORDED,VERIFIED,SYNTHETIC_V2,True
ASSET-V2-0001685,W-003232,Roads,RECORDED,RECORDED,RECORDED,VERIFIED,SYNTHETIC_V2,True
ASSET-V2-0001686,W-003233,Others,RECORDED,RECORDED,RECORDED,VERIFIED,SYNTHETIC_V2,True
ASSET-V2-0001687,W-003234,Community Infrastructure,RECORDED,RECORDED,RECORDED,VERIFIED,SYNTHETIC_V2,True
ASSET-V2-0001688,W-003236,Drinking Water,RECORDED,RECORDED,RECORDED,VERIFIED,SYNTHETIC_V2,True
ASSET-V2-0001689,W-003237,Education,RECORDED,RECORDED,RECORDED,VERIFIED,SYNTHETIC_V2,True
ASSET-V2-0001690,W-003238,Roads,RECORDED,RECORDED,RECORDED,VERIFIED,SYNTHETIC_V2,True
ASSET-V2-0001691,W-003239,Others,RECORDED,RECORDED,RECORDED,VERIFIED,SYNTHETIC_V2,True
ASSET-V2-0001692,W-003249,Drinking Water,RECORDED,RECORDED,RECORDED,VERIFIED,SYNTHETIC_V2,True
ASSET-V2-0001693,W-003250,Education,RECORDED,RECORDED,RECORDED,VERIFIED,SYNTHETIC_V2,True
ASSET-V2-0001694,W-003251,Roads,RECORDED,RECORDED,RECORDED,VERIFIED,SYNTHETIC_V2,True
ASSET-V2-0001695,W-003252,Others,RECORDED,RECORDED,RECORDED,VERIFIED,SYNTHETIC_V2,True
ASSET-V2-0001696,W-003253,Community Infrastructure,RECORDED,RECORDED,RECORDED,VERIFIED,SYNTHETIC_V2,True
ASSET-V2-0001697,W-003254,Health,RECORDED,RECORDED,RECORDED,VERIFIED,SYNTHETIC_V2,True
ASSET-V2-0001698,W-003255,Drinking Water,RECORDED,RECORDED,RECORDED,VERIFIED,SYNTHETIC_V2,True
ASSET-V2-0001699,W-003256,Education,RECORDED,RECORDED,RECORDED,VERIFIED,SYNTHETIC_V2,True
ASSET-V2-0001700,W-003257,Roads,RECORDED,RECORDED,RECORDED,VERIFIED,SYNTHETIC_V2,True
ASSET-V2-0001701,W-003258,Others,RECORDED,RECORDED,RECORDED,VERIFIED,SYNTHETIC_V2,True
ASSET-V2-0001702,W-003259,Community Infrastructure,RECORDED,RECORDED,RECORDED,VERIFIED,SYNTHETIC_V2,True
ASSET-V2-0001703,W-003269,Education,RECORDED,RECORDED,RECORDED,VERIFIED,SYNTHETIC_V2,True
ASSET-V2-0001704,W-003270,Roads,RECORDED,RECORDED,RECORDED,VERIFIED,SYNTHETIC_V2,True
ASSET-V2-0001705,W-003271,Others,RECORDED,RECORDED,RECORDED,VERIFIED,SYNTHETIC_V2,True
ASSET-V2-0001706,W-003272,Community Infrastructure,RECORDED,RECORDED,RECORDED,VERIFIED,SYNTHETIC_V2,True
ASSET-V2-0001707,W-003273,Health,RECORDED,RECORDED,RECORDED,VERIFIED,SYNTHETIC_V2,True
ASSET-V2-0001708,W-003274,Drinking Water,RECORDED,RECORDED,RECORDED,VERIFIED,SYNTHETIC_V2,True
ASSET-V2-0001709,W-003275,Education,RECORDED,RECORDED,RECORDED,VERIFIED,SYNTHETIC_V2,True
ASSET-V2-0001710,W-003277,Others,RECORDED,RECORDED,RECORDED,VERIFIED,SYNTHETIC_V2,True
ASSET-V2-0001711,W-003278,Community Infrastructure,RECORDED,RECORDED,RECORDED,VERIFIED,SYNTHETIC_V2,True
ASSET-V2-0001712,W-003279,Health,RECORDED,RECORDED,RECORDED,VERIFIED,SYNTHETIC_V2,True
ASSET-V2-0001713,W-003289,Roads,RECORDED,RECORDED,RECORDED,VERIFIED,SYNTHETIC_V2,True
ASSET-V2-0001714,W-003290,Others,RECORDED,RECORDED,RECORDED,VERIFIED,SYNTHETIC_V2,True
ASSET-V2-0001715,W-003291,Community Infrastructure,RECORDED,RECORDED,RECORDED,VERIFIED,SYNTHETIC_V2,True
ASSET-V2-0001716,W-003292,Health,RECORDED,RECORDED,RECORDED,VERIFIED,SYNTHETIC_V2,True
ASSET-V2-0001717,W-003293,Drinking Water,RECORDED,RECORDED,RECORDED,VERIFIED,SYNTHETIC_V2,True
ASSET-V2-0001718,W-003294,Education,RECORDED,RECORDED,RECORDED,VERIFIED,SYNTHETIC_V2,True
ASSET-V2-0001719,W-003295,Roads,RECORDED,RECORDED,RECORDED,VERIFIED,SYNTHETIC_V2,True
ASSET-V2-0001720,W-003296,Others,RECORDED,RECORDED,RECORDED,VERIFIED,SYNTHETIC_V2,True
ASSET-V2-0001721,W-003298,Community Infrastructure,RECORDED,RECORDED,RECORDED,VERIFIED,SYNTHETIC_V2,True
ASSET-V2-0001722,W-003299,Health,RECORDED,RECORDED,RECORDED,VERIFIED,SYNTHETIC_V2,True
ASSET-V2-0001723,W-003309,Others,RECORDED,RECORDED,RECORDED,VERIFIED,SYNTHETIC_V2,True
ASSET-V2-0001724,W-003311,Health,RECORDED,RECORDED,RECORDED,VERIFIED,SYNTHETIC_V2,True
ASSET-V2-0001725,W-003312,Drinking Water,RECORDED,RECORDED,RECORDED,VERIFIED,SYNTHETIC_V2,True
ASSET-V2-0001726,W-003313,Education,RECORDED,RECORDED,RECORDED,VERIFIED,SYNTHETIC_V2,True
ASSET-V2-0001727,W-003314,Roads,RECORDED,RECORDED,RECORDED,VERIFIED,SYNTHETIC_V2,True
ASSET-V2-0001728,W-003315,Roads,RECORDED,RECORDED,RECORDED,VERIFIED,SYNTHETIC_V2,True
ASSET-V2-0001729,W-003317,Community Infrastructure,RECORDED,RECORDED,RECORDED,VERIFIED,SYNTHETIC_V2,True
ASSET-V2-0001730,W-003318,Health,RECORDED,RECORDED,RECORDED,VERIFIED,SYNTHETIC_V2,True
ASSET-V2-0001731,W-003319,Drinking Water,RECORDED,RECORDED,RECORDED,VERIFIED,SYNTHETIC_V2,True
ASSET-V2-0001732,W-003329,Community Infrastructure,RECORDED,RECORDED,RECORDED,VERIFIED,SYNTHETIC_V2,True
ASSET-V2-0001733,W-003330,Health,RECORDED,RECORDED,RECORDED,VERIFIED,SYNTHETIC_V2,True
ASSET-V2-0001734,W-003331,Drinking Water,RECORDED,RECORDED,RECORDED,VERIFIED,SYNTHETIC_V2,True
ASSET-V2-0001735,W-003332,Drinking Water,RECORDED,RECORDED,RECORDED,VERIFIED,SYNTHETIC_V2,True
ASSET-V2-0001736,W-003333,Education,RECORDED,RECORDED,RECORDED,VERIFIED,SYNTHETIC_V2,True
ASSET-V2-0001737,W-003334,Roads,RECORDED,RECORDED,RECORDED,VERIFIED,SYNTHETIC_V2,True
ASSET-V2-0001738,W-003335,Others,RECORDED,RECORDED,RECORDED,VERIFIED,SYNTHETIC_V2,True
ASSET-V2-0001739,W-003336,Community Infrastructure,RECORDED,RECORDED,RECORDED,VERIFIED,SYNTHETIC_V2,True
ASSET-V2-0001740,W-003337,Health,RECORDED,RECORDED,RECORDED,VERIFIED,SYNTHETIC_V2,True
ASSET-V2-0001741,W-003338,Drinking Water,RECORDED,RECORDED,RECORDED,VERIFIED,SYNTHETIC_V2,True
ASSET-V2-0001742,W-003339,Education,RECORDED,RECORDED,RECORDED,VERIFIED,SYNTHETIC_V2,True
ASSET-V2-0001743,W-003349,Community Infrastructure,RECORDED,RECORDED,RECORDED,VERIFIED,SYNTHETIC_V2,True
ASSET-V2-0001744,W-003350,Health,RECORDED,RECORDED,RECORDED,VERIFIED,SYNTHETIC_V2,True
ASSET-V2-0001745,W-003351,Drinking Water,RECORDED,RECORDED,RECORDED,VERIFIED,SYNTHETIC_V2,True
ASSET-V2-0001746,W-003352,Education,RECORDED,RECORDED,RECORDED,VERIFIED,SYNTHETIC_V2,True
ASSET-V2-0001747,W-003353,Roads,RECORDED,RECORDED,RECORDED,VERIFIED,SYNTHETIC_V2,True
ASSET-V2-0001748,W-003354,Others,RECORDED,RECORDED,RECORDED,VERIFIED,SYNTHETIC_V2,True
ASSET-V2-0001749,W-003355,Community Infrastructure,RECORDED,RECORDED,RECORDED,VERIFIED,SYNTHETIC_V2,True
ASSET-V2-0001750,W-003356,Health,RECORDED,RECORDED,RECORDED,VERIFIED,SYNTHETIC_V2,True
ASSET-V2-0001751,W-003357,Drinking Water,RECORDED,RECORDED,RECORDED,VERIFIED,SYNTHETIC_V2,True
ASSET-V2-0001752,W-003358,Education,RECORDED,RECORDED,RECORDED,VERIFIED,SYNTHETIC_V2,True
ASSET-V2-0001753,W-003359,Roads,RECORDED,RECORDED,RECORDED,VERIFIED,SYNTHETIC_V2,True
ASSET-V2-0001754,W-003369,Health,RECORDED,RECORDED,RECORDED,VERIFIED,SYNTHETIC_V2,True
ASSET-V2-0001755,W-003370,Drinking Water,RECORDED,RECORDED,RECORDED,VERIFIED,SYNTHETIC_V2,True
ASSET-V2-0001756,W-003372,Roads,RECORDED,RECORDED,RECORDED,VERIFIED,SYNTHETIC_V2,True
ASSET-V2-0001757,W-003373,Others,RECORDED,RECORDED,RECORDED,VERIFIED,SYNTHETIC_V2,True
ASSET-V2-0001758,W-003374,Community Infrastructure,RECORDED,RECORDED,RECORDED,VERIFIED,SYNTHETIC_V2,True
ASSET-V2-0001759,W-003375,Health,RECORDED,RECORDED,RECORDED,VERIFIED,SYNTHETIC_V2,True
ASSET-V2-0001760,W-003377,Education,RECORDED,RECORDED,RECORDED,VERIFIED,SYNTHETIC_V2,True
ASSET-V2-0001761,W-003378,Roads,RECORDED,RECORDED,RECORDED,VERIFIED,SYNTHETIC_V2,True
ASSET-V2-0001762,W-003379,Others,RECORDED,RECORDED,RECORDED,VERIFIED,SYNTHETIC_V2,True
ASSET-V2-0001763,W-003389,Drinking Water,RECORDED,RECORDED,RECORDED,VERIFIED,SYNTHETIC_V2,True
ASSET-V2-0001764,W-003390,Education,RECORDED,RECORDED,RECORDED,VERIFIED,SYNTHETIC_V2,True
ASSET-V2-0001765,W-003391,Roads,RECORDED,RECORDED,RECORDED,VERIFIED,SYNTHETIC_V2,True
ASSET-V2-0001766,W-003393,Community Infrastructure,RECORDED,RECORDED,RECORDED,VERIFIED,SYNTHETIC_V2,True
ASSET-V2-0001767,W-003394,Health,RECORDED,RECORDED,RECORDED,VERIFIED,SYNTHETIC_V2,True
ASSET-V2-0001768,W-003395,Drinking Water,RECORDED,RECORDED,RECORDED,VERIFIED,SYNTHETIC_V2,True
ASSET-V2-0001769,W-003396,Education,RECORDED,RECORDED,RECORDED,VERIFIED,SYNTHETIC_V2,True
ASSET-V2-0001770,W-003398,Others,RECORDED,RECORDED,RECORDED,VERIFIED,SYNTHETIC_V2,True
ASSET-V2-0001771,W-003399,Community Infrastructure,RECORDED,RECORDED,RECORDED,VERIFIED,SYNTHETIC_V2,True
ASSET-V2-0001772,W-003409,Education,RECORDED,RECORDED,RECORDED,VERIFIED,SYNTHETIC_V2,True
ASSET-V2-0001773,W-003410,Roads,RECORDED,RECORDED,RECORDED,VERIFIED,SYNTHETIC_V2,True
ASSET-V2-0001774,W-003411,Others,RECORDED,RECORDED,RECORDED,VERIFIED,SYNTHETIC_V2,True
ASSET-V2-0001775,W-003412,Community Infrastructure,RECORDED,RECORDED,RECORDED,VERIFIED,SYNTHETIC_V2,True
ASSET-V2-0001776,W-003413,Health,RECORDED,RECORDED,RECORDED,VERIFIED,SYNTHETIC_V2,True
ASSET-V2-0001777,W-003414,Drinking Water,RECORDED,RECORDED,RECORDED,VERIFIED,SYNTHETIC_V2,True
ASSET-V2-0001778,W-003415,Education,RECORDED,RECORDED,RECORDED,VERIFIED,SYNTHETIC_V2,True
ASSET-V2-0001779,W-003416,Roads,RECORDED,RECORDED,RECORDED,VERIFIED,SYNTHETIC_V2,True
ASSET-V2-0001780,W-003417,Roads,RECORDED,RECORDED,RECORDED,VERIFIED,SYNTHETIC_V2,True
ASSET-V2-0001781,W-003418,Others,RECORDED,RECORDED,RECORDED,VERIFIED,SYNTHETIC_V2,True
ASSET-V2-0001782,W-003419,Community Infrastructure,RECORDED,RECORDED,RECORDED,VERIFIED,SYNTHETIC_V2,True
ASSET-V2-0001783,W-003429,Roads,RECORDED,RECORDED,RECORDED,VERIFIED,SYNTHETIC_V2,True
ASSET-V2-0001784,W-003430,Others,RECORDED,RECORDED,RECORDED,VERIFIED,SYNTHETIC_V2,True
ASSET-V2-0001785,W-003431,Community Infrastructure,RECORDED,RECORDED,RECORDED,VERIFIED,SYNTHETIC_V2,True
ASSET-V2-0001786,W-003432,Health,RECORDED,RECORDED,RECORDED,VERIFIED,SYNTHETIC_V2,True
ASSET-V2-0001787,W-003434,Drinking Water,RECORDED,RECORDED,RECORDED,VERIFIED,SYNTHETIC_V2,True
ASSET-V2-0001788,W-003435,Education,RECORDED,RECORDED,RECORDED,VERIFIED,SYNTHETIC_V2,True
ASSET-V2-0001789,W-003436,Roads,RECORDED,RECORDED,RECORDED,VERIFIED,SYNTHETIC_V2,True
ASSET-V2-0001790,W-003437,Others,RECORDED,RECORDED,RECORDED,VERIFIED,SYNTHETIC_V2,True
ASSET-V2-0001791,W-003438,Community Infrastructure,RECORDED,RECORDED,RECORDED,VERIFIED,SYNTHETIC_V2,True
ASSET-V2-0001792,W-003449,Others,RECORDED,RECORDED,RECORDED,VERIFIED,SYNTHETIC_V2,True
ASSET-V2-0001793,W-003450,Community Infrastructure,RECORDED,RECORDED,RECORDED,VERIFIED,SYNTHETIC_V2,True
ASSET-V2-0001794,W-003451,Community Infrastructure,RECORDED,RECORDED,RECORDED,VERIFIED,SYNTHETIC_V2,True
ASSET-V2-0001795,W-003452,Health,RECORDED,RECORDED,RECORDED,VERIFIED,SYNTHETIC_V2,True
ASSET-V2-0001796,W-003453,Drinking Water,RECORDED,RECORDED,RECORDED,VERIFIED,SYNTHETIC_V2,True
ASSET-V2-0001797,W-003454,Education,RECORDED,RECORDED,RECORDED,VERIFIED,SYNTHETIC_V2,True
ASSET-V2-0001798,W-003455,Roads,RECORDED,RECORDED,RECORDED,VERIFIED,SYNTHETIC_V2,True
ASSET-V2-0001799,W-003456,Others,RECORDED,RECORDED,RECORDED,VERIFIED,SYNTHETIC_V2,True
ASSET-V2-0001800,W-003457,Community Infrastructure,RECORDED,RECORDED,RECORDED,VERIFIED,SYNTHETIC_V2,True
ASSET-V2-0001801,W-003458,Health,RECORDED,RECORDED,RECORDED,VERIFIED,SYNTHETIC_V2,True
ASSET-V2-0001802,W-003459,Drinking Water,RECORDED,RECORDED,RECORDED,VERIFIED,SYNTHETIC_V2,True
ASSET-V2-0001803,W-003469,Others,RECORDED,RECORDED,RECORDED,VERIFIED,SYNTHETIC_V2,True
ASSET-V2-0001804,W-003471,Health,RECORDED,RECORDED,RECORDED,VERIFIED,SYNTHETIC_V2,True
ASSET-V2-0001805,W-003472,Drinking Water,RECORDED,RECORDED,RECORDED,VERIFIED,SYNTHETIC_V2,True
ASSET-V2-0001806,W-003473,Education,RECORDED,RECORDED,RECORDED,VERIFIED,SYNTHETIC_V2,True
ASSET-V2-0001807,W-003474,Roads,RECORDED,RECORDED,RECORDED,VERIFIED,SYNTHETIC_V2,True
ASSET-V2-0001808,W-003475,Others,RECORDED,RECORDED,RECORDED,VERIFIED,SYNTHETIC_V2,True
ASSET-V2-0001809,W-003476,Community Infrastructure,RECORDED,RECORDED,RECORDED,VERIFIED,SYNTHETIC_V2,True
ASSET-V2-0001810,W-003477,Health,RECORDED,RECORDED,RECORDED,VERIFIED,SYNTHETIC_V2,True
ASSET-V2-0001811,W-003478,Drinking Water,RECORDED,RECORDED,RECORDED,VERIFIED,SYNTHETIC_V2,True
ASSET-V2-0001812,W-003479,Education,RECORDED,RECORDED,RECORDED,VERIFIED,SYNTHETIC_V2,True
ASSET-V2-0001813,W-003489,Community Infrastructure,RECORDED,RECORDED,RECORDED,VERIFIED,SYNTHETIC_V2,True
ASSET-V2-0001814,W-003490,Health,RECORDED,RECORDED,RECORDED,VERIFIED,SYNTHETIC_V2,True
ASSET-V2-0001815,W-003491,Drinking Water,RECORDED,RECORDED,RECORDED,VERIFIED,SYNTHETIC_V2,True
ASSET-V2-0001816,W-003492,Education,RECORDED,RECORDED,RECORDED,VERIFIED,SYNTHETIC_V2,True
ASSET-V2-0001817,W-003493,Roads,RECORDED,RECORDED,RECORDED,VERIFIED,SYNTHETIC_V2,True
ASSET-V2-0001818,W-003494,Others,RECORDED,RECORDED,RECORDED,VERIFIED,SYNTHETIC_V2,True
ASSET-V2-0001819,W-003495,Community Infrastructure,RECORDED,RECORDED,RECORDED,VERIFIED,SYNTHETIC_V2,True
ASSET-V2-0001820,W-003496,Health,RECORDED,RECORDED,RECORDED,VERIFIED,SYNTHETIC_V2,True
ASSET-V2-0001821,W-003497,Drinking Water,RECORDED,RECORDED,RECORDED,VERIFIED,SYNTHETIC_V2,True
ASSET-V2-0001822,W-003498,Education,RECORDED,RECORDED,RECORDED,VERIFIED,SYNTHETIC_V2,True
ASSET-V2-0001823,W-003499,Roads,RECORDED,RECORDED,RECORDED,VERIFIED,SYNTHETIC_V2,True
ASSET-V2-0001824,W-003509,Health,RECORDED,RECORDED,RECORDED,VERIFIED,SYNTHETIC_V2,True
ASSET-V2-0001825,W-003510,Drinking Water,RECORDED,RECORDED,RECORDED,VERIFIED,SYNTHETIC_V2,True
ASSET-V2-0001826,W-003511,Education,RECORDED,RECORDED,RECORDED,VERIFIED,SYNTHETIC_V2,True
ASSET-V2-0001827,W-003512,Roads,RECORDED,RECORDED,RECORDED,VERIFIED,SYNTHETIC_V2,True
ASSET-V2-0001828,W-003513,Others,RECORDED,RECORDED,RECORDED,VERIFIED,SYNTHETIC_V2,True
ASSET-V2-0001829,W-003514,Community Infrastructure,RECORDED,RECORDED,RECORDED,VERIFIED,SYNTHETIC_V2,True
ASSET-V2-0001830,W-003515,Health,RECORDED,RECORDED,RECORDED,VERIFIED,SYNTHETIC_V2,True
ASSET-V2-0001831,W-003516,Drinking Water,RECORDED,RECORDED,RECORDED,VERIFIED,SYNTHETIC_V2,True
ASSET-V2-0001832,W-003518,Roads,RECORDED,RECORDED,RECORDED,VERIFIED,SYNTHETIC_V2,True
ASSET-V2-0001833,W-003519,Roads,RECORDED,RECORDED,RECORDED,VERIFIED,SYNTHETIC_V2,True
ASSET-V2-0001834,W-003529,Drinking Water,RECORDED,RECORDED,RECORDED,VERIFIED,SYNTHETIC_V2,True
ASSET-V2-0001835,W-003530,Education,RECORDED,RECORDED,RECORDED,VERIFIED,SYNTHETIC_V2,True
ASSET-V2-0001836,W-003531,Roads,RECORDED,RECORDED,RECORDED,VERIFIED,SYNTHETIC_V2,True
ASSET-V2-0001837,W-003533,Community Infrastructure,RECORDED,RECORDED,RECORDED,VERIFIED,SYNTHETIC_V2,True
ASSET-V2-0001838,W-003534,Health,RECORDED,RECORDED,RECORDED,VERIFIED,SYNTHETIC_V2,True
ASSET-V2-0001839,W-003535,Drinking Water,RECORDED,RECORDED,RECORDED,VERIFIED,SYNTHETIC_V2,True
ASSET-V2-0001840,W-003536,Drinking Water,RECORDED,RECORDED,RECORDED,VERIFIED,SYNTHETIC_V2,True
ASSET-V2-0001841,W-003537,Education,RECORDED,RECORDED,RECORDED,VERIFIED,SYNTHETIC_V2,True
ASSET-V2-0001842,W-003538,Roads,RECORDED,RECORDED,RECORDED,VERIFIED,SYNTHETIC_V2,True
ASSET-V2-0001843,W-003539,Others,RECORDED,RECORDED,RECORDED,VERIFIED,SYNTHETIC_V2,True
ASSET-V2-0001844,W-003549,Education,RECORDED,RECORDED,RECORDED,VERIFIED,SYNTHETIC_V2,True
ASSET-V2-0001845,W-003550,Roads,RECORDED,RECORDED,RECORDED,VERIFIED,SYNTHETIC_V2,True
ASSET-V2-0001846,W-003551,Others,RECORDED,RECORDED,RECORDED,VERIFIED,SYNTHETIC_V2,True
ASSET-V2-0001847,W-003552,Community Infrastructure,RECORDED,RECORDED,RECORDED,VERIFIED,SYNTHETIC_V2,True
ASSET-V2-0001848,W-003553,Community Infrastructure,RECORDED,RECORDED,RECORDED,VERIFIED,SYNTHETIC_V2,True
ASSET-V2-0001849,W-003554,Health,RECORDED,RECORDED,RECORDED,VERIFIED,SYNTHETIC_V2,True
ASSET-V2-0001850,W-003555,Drinking Water,RECORDED,RECORDED,RECORDED,VERIFIED,SYNTHETIC_V2,True
ASSET-V2-0001851,W-003556,Education,RECORDED,RECORDED,RECORDED,VERIFIED,SYNTHETIC_V2,True
ASSET-V2-0001852,W-003557,Roads,RECORDED,RECORDED,RECORDED,VERIFIED,SYNTHETIC_V2,True
ASSET-V2-0001853,W-003558,Others,RECORDED,RECORDED,RECORDED,VERIFIED,SYNTHETIC_V2,True
ASSET-V2-0001854,W-003559,Community Infrastructure,RECORDED,RECORDED,RECORDED,VERIFIED,SYNTHETIC_V2,True
ASSET-V2-0001855,W-003569,Roads,RECORDED,RECORDED,RECORDED,VERIFIED,SYNTHETIC_V2,True
ASSET-V2-0001856,W-003570,Roads,RECORDED,RECORDED,RECORDED,VERIFIED,SYNTHETIC_V2,True
ASSET-V2-0001857,W-003571,Others,RECORDED,RECORDED,RECORDED,VERIFIED,SYNTHETIC_V2,True
ASSET-V2-0001858,W-003572,Community Infrastructure,RECORDED,RECORDED,RECORDED,VERIFIED,SYNTHETIC_V2,True
ASSET-V2-0001859,W-003573,Health,RECORDED,RECORDED,RECORDED,VERIFIED,SYNTHETIC_V2,True
ASSET-V2-0001860,W-003574,Drinking Water,RECORDED,RECORDED,RECORDED,VERIFIED,SYNTHETIC_V2,True
ASSET-V2-0001861,W-003575,Education,RECORDED,RECORDED,RECORDED,VERIFIED,SYNTHETIC_V2,True
ASSET-V2-0001862,W-003576,Roads,RECORDED,RECORDED,RECORDED,VERIFIED,SYNTHETIC_V2,True
ASSET-V2-0001863,W-003577,Others,RECORDED,RECORDED,RECORDED,VERIFIED,SYNTHETIC_V2,True
ASSET-V2-0001864,W-003578,Community Infrastructure,RECORDED,RECORDED,RECORDED,VERIFIED,SYNTHETIC_V2,True
ASSET-V2-0001865,W-003579,Health,RECORDED,RECORDED,RECORDED,VERIFIED,SYNTHETIC_V2,True
ASSET-V2-0001866,W-003590,Others,RECORDED,RECORDED,RECORDED,VERIFIED,SYNTHETIC_V2,True
ASSET-V2-0001867,W-003591,Community Infrastructure,RECORDED,RECORDED,RECORDED,VERIFIED,SYNTHETIC_V2,True
ASSET-V2-0001868,W-003593,Drinking Water,RECORDED,RECORDED,RECORDED,VERIFIED,SYNTHETIC_V2,True
ASSET-V2-0001869,W-003594,Education,RECORDED,RECORDED,RECORDED,VERIFIED,SYNTHETIC_V2,True
ASSET-V2-0001870,W-003595,Roads,RECORDED,RECORDED,RECORDED,VERIFIED,SYNTHETIC_V2,True
ASSET-V2-0001871,W-003596,Others,RECORDED,RECORDED,RECORDED,VERIFIED,SYNTHETIC_V2,True
ASSET-V2-0001872,W-003597,Community Infrastructure,RECORDED,RECORDED,RECORDED,VERIFIED,SYNTHETIC_V2,True
ASSET-V2-0001873,W-003598,Health,RECORDED,RECORDED,RECORDED,VERIFIED,SYNTHETIC_V2,True
ASSET-V2-0001874,W-003599,Drinking Water,RECORDED,RECORDED,RECORDED,VERIFIED,SYNTHETIC_V2,True
ASSET-V2-0001875,W-003609,Others,RECORDED,RECORDED,RECORDED,VERIFIED,SYNTHETIC_V2,True
ASSET-V2-0001876,W-003611,Health,RECORDED,RECORDED,RECORDED,VERIFIED,SYNTHETIC_V2,True
ASSET-V2-0001877,W-003612,Drinking Water,RECORDED,RECORDED,RECORDED,VERIFIED,SYNTHETIC_V2,True
ASSET-V2-0001878,W-003613,Education,RECORDED,RECORDED,RECORDED,VERIFIED,SYNTHETIC_V2,True
ASSET-V2-0001879,W-003614,Roads,RECORDED,RECORDED,RECORDED,VERIFIED,SYNTHETIC_V2,True
ASSET-V2-0001880,W-003615,Others,RECORDED,RECORDED,RECORDED,VERIFIED,SYNTHETIC_V2,True
ASSET-V2-0001881,W-003616,Community Infrastructure,RECORDED,RECORDED,RECORDED,VERIFIED,SYNTHETIC_V2,True
ASSET-V2-0001882,W-003617,Health,RECORDED,RECORDED,RECORDED,VERIFIED,SYNTHETIC_V2,True
ASSET-V2-0001883,W-003619,Education,RECORDED,RECORDED,RECORDED,VERIFIED,SYNTHETIC_V2,True
ASSET-V2-0001884,W-003629,Community Infrastructure,RECORDED,RECORDED,RECORDED,VERIFIED,SYNTHETIC_V2,True
ASSET-V2-0001885,W-003630,Health,RECORDED,RECORDED,RECORDED,VERIFIED,SYNTHETIC_V2,True
ASSET-V2-0001886,W-003631,Drinking Water,RECORDED,RECORDED,RECORDED,VERIFIED,SYNTHETIC_V2,True
ASSET-V2-0001887,W-003633,Roads,RECORDED,RECORDED,RECORDED,VERIFIED,SYNTHETIC_V2,True
ASSET-V2-0001888,W-003634,Others,RECORDED,RECORDED,RECORDED,VERIFIED,SYNTHETIC_V2,True
ASSET-V2-0001889,W-003635,Community Infrastructure,RECORDED,RECORDED,RECORDED,VERIFIED,SYNTHETIC_V2,True
ASSET-V2-0001890,W-003636,Health,RECORDED,RECORDED,RECORDED,VERIFIED,SYNTHETIC_V2,True
ASSET-V2-0001891,W-003637,Drinking Water,RECORDED,RECORDED,RECORDED,VERIFIED,SYNTHETIC_V2,True
ASSET-V2-0001892,W-003638,Drinking Water,RECORDED,RECORDED,RECORDED,VERIFIED,SYNTHETIC_V2,True
ASSET-V2-0001893,W-003649,Health,RECORDED,RECORDED,RECORDED,VERIFIED,SYNTHETIC_V2,True
ASSET-V2-0001894,W-003650,Drinking Water,RECORDED,RECORDED,RECORDED,VERIFIED,SYNTHETIC_V2,True
ASSET-V2-0001895,W-003651,Education,RECORDED,RECORDED,RECORDED,VERIFIED,SYNTHETIC_V2,True
ASSET-V2-0001896,W-003652,Roads,RECORDED,RECORDED,RECORDED,VERIFIED,SYNTHETIC_V2,True
ASSET-V2-0001897,W-003653,Others,RECORDED,RECORDED,RECORDED,VERIFIED,SYNTHETIC_V2,True
ASSET-V2-0001898,W-003654,Community Infrastructure,RECORDED,RECORDED,RECORDED,VERIFIED,SYNTHETIC_V2,True
ASSET-V2-0001899,W-003655,Community Infrastructure,RECORDED,RECORDED,RECORDED,VERIFIED,SYNTHETIC_V2,True
ASSET-V2-0001900,W-003657,Drinking Water,RECORDED,RECORDED,RECORDED,VERIFIED,SYNTHETIC_V2,True
ASSET-V2-0001901,W-003658,Education,RECORDED,RECORDED,RECORDED,VERIFIED,SYNTHETIC_V2,True
ASSET-V2-0001902,W-003659,Roads,RECORDED,RECORDED,RECORDED,VERIFIED,SYNTHETIC_V2,True
ASSET-V2-0001903,W-003669,Drinking Water,RECORDED,RECORDED,RECORDED,VERIFIED,SYNTHETIC_V2,True
ASSET-V2-0001904,W-003670,Education,RECORDED,RECORDED,RECORDED,VERIFIED,SYNTHETIC_V2,True
ASSET-V2-0001905,W-003671,Roads,RECORDED,RECORDED,RECORDED,VERIFIED,SYNTHETIC_V2,True
ASSET-V2-0001906,W-003673,Others,RECORDED,RECORDED,RECORDED,VERIFIED,SYNTHETIC_V2,True
ASSET-V2-0001907,W-003674,Community Infrastructure,RECORDED,RECORDED,RECORDED,VERIFIED,SYNTHETIC_V2,True
ASSET-V2-0001908,W-003675,Health,RECORDED,RECORDED,RECORDED,VERIFIED,SYNTHETIC_V2,True
ASSET-V2-0001909,W-003676,Drinking Water,RECORDED,RECORDED,RECORDED,VERIFIED,SYNTHETIC_V2,True
ASSET-V2-0001910,W-003677,Education,RECORDED,RECORDED,RECORDED,VERIFIED,SYNTHETIC_V2,True
ASSET-V2-0001911,W-003679,Others,RECORDED,RECORDED,RECORDED,VERIFIED,SYNTHETIC_V2,True
ASSET-V2-0001912,W-003689,Drinking Water,RECORDED,RECORDED,RECORDED,VERIFIED,SYNTHETIC_V2,True
ASSET-V2-0001913,W-003690,Education,RECORDED,RECORDED,RECORDED,VERIFIED,SYNTHETIC_V2,True
ASSET-V2-0001914,W-003691,Roads,RECORDED,RECORDED,RECORDED,VERIFIED,SYNTHETIC_V2,True
ASSET-V2-0001915,W-003692,Others,RECORDED,RECORDED,RECORDED,VERIFIED,SYNTHETIC_V2,True
ASSET-V2-0001916,W-003693,Community Infrastructure,RECORDED,RECORDED,RECORDED,VERIFIED,SYNTHETIC_V2,True
ASSET-V2-0001917,W-003695,Drinking Water,RECORDED,RECORDED,RECORDED,VERIFIED,SYNTHETIC_V2,True
ASSET-V2-0001918,W-003697,Roads,RECORDED,RECORDED,RECORDED,VERIFIED,SYNTHETIC_V2,True
ASSET-V2-0001919,W-003698,Others,RECORDED,RECORDED,RECORDED,VERIFIED,SYNTHETIC_V2,True
ASSET-V2-0001920,W-003699,Community Infrastructure,RECORDED,RECORDED,RECORDED,VERIFIED,SYNTHETIC_V2,True
ASSET-V2-0001921,W-003709,Education,RECORDED,RECORDED,RECORDED,VERIFIED,SYNTHETIC_V2,True
ASSET-V2-0001922,W-003710,Roads,RECORDED,RECORDED,RECORDED,VERIFIED,SYNTHETIC_V2,True
ASSET-V2-0001923,W-003711,Others,RECORDED,RECORDED,RECORDED,VERIFIED,SYNTHETIC_V2,True
ASSET-V2-0001924,W-003712,Community Infrastructure,RECORDED,RECORDED,RECORDED,VERIFIED,SYNTHETIC_V2,True
ASSET-V2-0001925,W-003713,Health,RECORDED,RECORDED,RECORDED,VERIFIED,SYNTHETIC_V2,True
ASSET-V2-0001926,W-003714,Drinking Water,RECORDED,RECORDED,RECORDED,VERIFIED,SYNTHETIC_V2,True
ASSET-V2-0001927,W-003715,Education,RECORDED,RECORDED,RECORDED,VERIFIED,SYNTHETIC_V2,True
ASSET-V2-0001928,W-003716,Roads,RECORDED,RECORDED,RECORDED,VERIFIED,SYNTHETIC_V2,True
ASSET-V2-0001929,W-003717,Others,RECORDED,RECORDED,RECORDED,VERIFIED,SYNTHETIC_V2,True
ASSET-V2-0001930,W-003718,Community Infrastructure,RECORDED,RECORDED,RECORDED,VERIFIED,SYNTHETIC_V2,True
ASSET-V2-0001931,W-003719,Health,RECORDED,RECORDED,RECORDED,VERIFIED,SYNTHETIC_V2,True
ASSET-V2-0001932,W-003729,Roads,RECORDED,RECORDED,RECORDED,VERIFIED,SYNTHETIC_V2,True
ASSET-V2-0001933,W-003730,Others,RECORDED,RECORDED,RECORDED,VERIFIED,SYNTHETIC_V2,True
ASSET-V2-0001934,W-003731,Community Infrastructure,RECORDED,RECORDED,RECORDED,VERIFIED,SYNTHETIC_V2,True
ASSET-V2-0001935,W-003732,Health,RECORDED,RECORDED,RECORDED,VERIFIED,SYNTHETIC_V2,True
ASSET-V2-0001936,W-003733,Drinking Water,RECORDED,RECORDED,RECORDED,VERIFIED,SYNTHETIC_V2,True
ASSET-V2-0001937,W-003735,Roads,RECORDED,RECORDED,RECORDED,VERIFIED,SYNTHETIC_V2,True
ASSET-V2-0001938,W-003736,Others,RECORDED,RECORDED,RECORDED,VERIFIED,SYNTHETIC_V2,True
ASSET-V2-0001939,W-003737,Community Infrastructure,RECORDED,RECORDED,RECORDED,VERIFIED,SYNTHETIC_V2,True
ASSET-V2-0001940,W-003738,Health,RECORDED,RECORDED,RECORDED,VERIFIED,SYNTHETIC_V2,True
ASSET-V2-0001941,W-003739,Drinking Water,RECORDED,RECORDED,RECORDED,VERIFIED,SYNTHETIC_V2,True
ASSET-V2-0001942,W-003749,Others,RECORDED,RECORDED,RECORDED,VERIFIED,SYNTHETIC_V2,True
ASSET-V2-0001943,W-003750,Community Infrastructure,RECORDED,RECORDED,RECORDED,VERIFIED,SYNTHETIC_V2,True
ASSET-V2-0001944,W-003751,Health,RECORDED,RECORDED,RECORDED,VERIFIED,SYNTHETIC_V2,True
ASSET-V2-0001945,W-003753,Education,RECORDED,RECORDED,RECORDED,VERIFIED,SYNTHETIC_V2,True
ASSET-V2-0001946,W-003754,Roads,RECORDED,RECORDED,RECORDED,VERIFIED,SYNTHETIC_V2,True
ASSET-V2-0001947,W-003755,Others,RECORDED,RECORDED,RECORDED,VERIFIED,SYNTHETIC_V2,True
ASSET-V2-0001948,W-003756,Community Infrastructure,RECORDED,RECORDED,RECORDED,VERIFIED,SYNTHETIC_V2,True
ASSET-V2-0001949,W-003757,Community Infrastructure,RECORDED,RECORDED,RECORDED,VERIFIED,SYNTHETIC_V2,True
ASSET-V2-0001950,W-003758,Health,RECORDED,RECORDED,RECORDED,VERIFIED,SYNTHETIC_V2,True
ASSET-V2-0001951,W-003759,Drinking Water,RECORDED,RECORDED,RECORDED,VERIFIED,SYNTHETIC_V2,True
ASSET-V2-0001952,W-003769,Community Infrastructure,RECORDED,RECORDED,RECORDED,VERIFIED,SYNTHETIC_V2,True
ASSET-V2-0001953,W-003770,Health,RECORDED,RECORDED,RECORDED,VERIFIED,SYNTHETIC_V2,True
ASSET-V2-0001954,W-003771,Drinking Water,RECORDED,RECORDED,RECORDED,VERIFIED,SYNTHETIC_V2,True
ASSET-V2-0001955,W-003772,Education,RECORDED,RECORDED,RECORDED,VERIFIED,SYNTHETIC_V2,True
ASSET-V2-0001956,W-003773,Roads,RECORDED,RECORDED,RECORDED,VERIFIED,SYNTHETIC_V2,True
ASSET-V2-0001957,W-003774,Roads,RECORDED,RECORDED,RECORDED,VERIFIED,SYNTHETIC_V2,True
ASSET-V2-0001958,W-003775,Others,RECORDED,RECORDED,RECORDED,VERIFIED,SYNTHETIC_V2,True
ASSET-V2-0001959,W-003776,Community Infrastructure,RECORDED,RECORDED,RECORDED,VERIFIED,SYNTHETIC_V2,True
ASSET-V2-0001960,W-003777,Health,RECORDED,RECORDED,RECORDED,VERIFIED,SYNTHETIC_V2,True
ASSET-V2-0001961,W-003778,Drinking Water,RECORDED,RECORDED,RECORDED,VERIFIED,SYNTHETIC_V2,True
ASSET-V2-0001962,W-003779,Education,RECORDED,RECORDED,RECORDED,VERIFIED,SYNTHETIC_V2,True
ASSET-V2-0001963,W-003789,Health,RECORDED,RECORDED,RECORDED,VERIFIED,SYNTHETIC_V2,True
ASSET-V2-0001964,W-003790,Drinking Water,RECORDED,RECORDED,RECORDED,VERIFIED,SYNTHETIC_V2,True
ASSET-V2-0001965,W-003791,Drinking Water,RECORDED,RECORDED,RECORDED,VERIFIED,SYNTHETIC_V2,True
ASSET-V2-0001966,W-003792,Education,RECORDED,RECORDED,RECORDED,VERIFIED,SYNTHETIC_V2,True
ASSET-V2-0001967,W-003793,Roads,RECORDED,RECORDED,RECORDED,VERIFIED,SYNTHETIC_V2,True
ASSET-V2-0001968,W-003794,Others,RECORDED,RECORDED,RECORDED,VERIFIED,SYNTHETIC_V2,True
ASSET-V2-0001969,W-003795,Community Infrastructure,RECORDED,RECORDED,RECORDED,VERIFIED,SYNTHETIC_V2,True
ASSET-V2-0001970,W-003796,Health,RECORDED,RECORDED,RECORDED,VERIFIED,SYNTHETIC_V2,True
ASSET-V2-0001971,W-003797,Drinking Water,RECORDED,RECORDED,RECORDED,VERIFIED,SYNTHETIC_V2,True
ASSET-V2-0001972,W-003798,Education,RECORDED,RECORDED,RECORDED,VERIFIED,SYNTHETIC_V2,True
ASSET-V2-0001973,W-003799,Roads,RECORDED,RECORDED,RECORDED,VERIFIED,SYNTHETIC_V2,True
ASSET-V2-0001974,W-003809,Health,RECORDED,RECORDED,RECORDED,VERIFIED,SYNTHETIC_V2,True
ASSET-V2-0001975,W-003810,Drinking Water,RECORDED,RECORDED,RECORDED,VERIFIED,SYNTHETIC_V2,True
ASSET-V2-0001976,W-003811,Education,RECORDED,RECORDED,RECORDED,VERIFIED,SYNTHETIC_V2,True
ASSET-V2-0001977,W-003812,Roads,RECORDED,RECORDED,RECORDED,VERIFIED,SYNTHETIC_V2,True
ASSET-V2-0001978,W-003813,Others,RECORDED,RECORDED,RECORDED,VERIFIED,SYNTHETIC_V2,True
ASSET-V2-0001979,W-003814,Community Infrastructure,RECORDED,RECORDED,RECORDED,VERIFIED,SYNTHETIC_V2,True
ASSET-V2-0001980,W-003815,Health,RECORDED,RECORDED,RECORDED,VERIFIED,SYNTHETIC_V2,True
ASSET-V2-0001981,W-003816,Drinking Water,RECORDED,RECORDED,RECORDED,VERIFIED,SYNTHETIC_V2,True
ASSET-V2-0001982,W-003817,Education,RECORDED,RECORDED,RECORDED,VERIFIED,SYNTHETIC_V2,True
ASSET-V2-0001983,W-003818,Roads,RECORDED,RECORDED,RECORDED,VERIFIED,SYNTHETIC_V2,True
ASSET-V2-0001984,W-003819,Others,RECORDED,RECORDED,RECORDED,VERIFIED,SYNTHETIC_V2,True
ASSET-V2-0001985,W-003829,Drinking Water,RECORDED,RECORDED,RECORDED,VERIFIED,SYNTHETIC_V2,True
ASSET-V2-0001986,W-003830,Education,RECORDED,RECORDED,RECORDED,VERIFIED,SYNTHETIC_V2,True
ASSET-V2-0001987,W-003831,Roads,RECORDED,RECORDED,RECORDED,VERIFIED,SYNTHETIC_V2,True
ASSET-V2-0001988,W-003832,Others,RECORDED,RECORDED,RECORDED,VERIFIED,SYNTHETIC_V2,True
ASSET-V2-0001989,W-003833,Community Infrastructure,RECORDED,RECORDED,RECORDED,VERIFIED,SYNTHETIC_V2,True
ASSET-V2-0001990,W-003834,Health,RECORDED,RECORDED,RECORDED,VERIFIED,SYNTHETIC_V2,True
ASSET-V2-0001991,W-003835,Drinking Water,RECORDED,RECORDED,RECORDED,VERIFIED,SYNTHETIC_V2,True
ASSET-V2-0001992,W-003836,Education,RECORDED,RECORDED,RECORDED,VERIFIED,SYNTHETIC_V2,True
ASSET-V2-0001993,W-003837,Roads,RECORDED,RECORDED,RECORDED,VERIFIED,SYNTHETIC_V2,True
ASSET-V2-0001994,W-003838,Others,RECORDED,RECORDED,RECORDED,VERIFIED,SYNTHETIC_V2,True
ASSET-V2-0001995,W-003839,Community Infrastructure,RECORDED,RECORDED,RECORDED,VERIFIED,SYNTHETIC_V2,True
ASSET-V2-0001996,W-003849,Education,RECORDED,RECORDED,RECORDED,VERIFIED,SYNTHETIC_V2,True
ASSET-V2-0001997,W-003850,Roads,RECORDED,RECORDED,RECORDED,VERIFIED,SYNTHETIC_V2,True
ASSET-V2-0001998,W-003851,Others,RECORDED,RECORDED,RECORDED,VERIFIED,SYNTHETIC_V2,True
ASSET-V2-0001999,W-003852,Community Infrastructure,RECORDED,RECORDED,RECORDED,VERIFIED,SYNTHETIC_V2,True
ASSET-V2-0002000,W-003853,Health,RECORDED,RECORDED,RECORDED,VERIFIED,SYNTHETIC_V2,True
ASSET-V2-0002001,W-003854,Drinking Water,RECORDED,RECORDED,RECORDED,VERIFIED,SYNTHETIC_V2,True
ASSET-V2-0002002,W-003855,Education,RECORDED,RECORDED,RECORDED,VERIFIED,SYNTHETIC_V2,True
ASSET-V2-0002003,W-003856,Roads,RECORDED,RECORDED,RECORDED,VERIFIED,SYNTHETIC_V2,True
ASSET-V2-0002004,W-003857,Others,RECORDED,RECORDED,RECORDED,VERIFIED,SYNTHETIC_V2,True
ASSET-V2-0002005,W-003858,Community Infrastructure,RECORDED,RECORDED,RECORDED,VERIFIED,SYNTHETIC_V2,True
ASSET-V2-0002006,W-003859,Community Infrastructure,RECORDED,RECORDED,RECORDED,VERIFIED,SYNTHETIC_V2,True
ASSET-V2-0002007,W-003869,Roads,RECORDED,RECORDED,RECORDED,VERIFIED,SYNTHETIC_V2,True
ASSET-V2-0002008,W-003870,Others,RECORDED,RECORDED,RECORDED,VERIFIED,SYNTHETIC_V2,True
ASSET-V2-0002009,W-003871,Community Infrastructure,RECORDED,RECORDED,RECORDED,VERIFIED,SYNTHETIC_V2,True
ASSET-V2-0002010,W-003872,Health,RECORDED,RECORDED,RECORDED,VERIFIED,SYNTHETIC_V2,True
ASSET-V2-0002011,W-003873,Drinking Water,RECORDED,RECORDED,RECORDED,VERIFIED,SYNTHETIC_V2,True
ASSET-V2-0002012,W-003874,Education,RECORDED,RECORDED,RECORDED,VERIFIED,SYNTHETIC_V2,True
ASSET-V2-0002013,W-003875,Roads,RECORDED,RECORDED,RECORDED,VERIFIED,SYNTHETIC_V2,True
ASSET-V2-0002014,W-003876,Roads,RECORDED,RECORDED,RECORDED,VERIFIED,SYNTHETIC_V2,True
ASSET-V2-0002015,W-003877,Others,RECORDED,RECORDED,RECORDED,VERIFIED,SYNTHETIC_V2,True
ASSET-V2-0002016,W-003878,Community Infrastructure,RECORDED,RECORDED,RECORDED,VERIFIED,SYNTHETIC_V2,True
ASSET-V2-0002017,W-003879,Health,RECORDED,RECORDED,RECORDED,VERIFIED,SYNTHETIC_V2,True
ASSET-V2-0002018,W-003889,Others,RECORDED,RECORDED,RECORDED,VERIFIED,SYNTHETIC_V2,True
ASSET-V2-0002019,W-003890,Community Infrastructure,RECORDED,RECORDED,RECORDED,VERIFIED,SYNTHETIC_V2,True
ASSET-V2-0002020,W-003891,Health,RECORDED,RECORDED,RECORDED,VERIFIED,SYNTHETIC_V2,True
ASSET-V2-0002021,W-003892,Drinking Water,RECORDED,RECORDED,RECORDED,VERIFIED,SYNTHETIC_V2,True
ASSET-V2-0002022,W-003893,Drinking Water,RECORDED,RECORDED,RECORDED,VERIFIED,SYNTHETIC_V2,True
ASSET-V2-0002023,W-003894,Education,RECORDED,RECORDED,RECORDED,VERIFIED,SYNTHETIC_V2,True
ASSET-V2-0002024,W-003895,Roads,RECORDED,RECORDED,RECORDED,VERIFIED,SYNTHETIC_V2,True
ASSET-V2-0002025,W-003896,Others,RECORDED,RECORDED,RECORDED,VERIFIED,SYNTHETIC_V2,True
ASSET-V2-0002026,W-003897,Community Infrastructure,RECORDED,RECORDED,RECORDED,VERIFIED,SYNTHETIC_V2,True
ASSET-V2-0002027,W-003898,Health,RECORDED,RECORDED,RECORDED,VERIFIED,SYNTHETIC_V2,True
ASSET-V2-0002028,W-003899,Drinking Water,RECORDED,RECORDED,RECORDED,VERIFIED,SYNTHETIC_V2,True
ASSET-V2-0002029,W-003909,Community Infrastructure,RECORDED,RECORDED,RECORDED,VERIFIED,SYNTHETIC_V2,True
ASSET-V2-0002030,W-003910,Community Infrastructure,RECORDED,RECORDED,RECORDED,VERIFIED,SYNTHETIC_V2,True
ASSET-V2-0002031,W-003911,Health,RECORDED,RECORDED,RECORDED,VERIFIED,SYNTHETIC_V2,True
ASSET-V2-0002032,W-003912,Drinking Water,RECORDED,RECORDED,RECORDED,VERIFIED,SYNTHETIC_V2,True
ASSET-V2-0002033,W-003913,Education,RECORDED,RECORDED,RECORDED,VERIFIED,SYNTHETIC_V2,True
ASSET-V2-0002034,W-003914,Roads,RECORDED,RECORDED,RECORDED,VERIFIED,SYNTHETIC_V2,True
ASSET-V2-0002035,W-003915,Others,RECORDED,RECORDED,RECORDED,VERIFIED,SYNTHETIC_V2,True
ASSET-V2-0002036,W-003916,Community Infrastructure,RECORDED,RECORDED,RECORDED,VERIFIED,SYNTHETIC_V2,True
ASSET-V2-0002037,W-003917,Health,RECORDED,RECORDED,RECORDED,VERIFIED,SYNTHETIC_V2,True
ASSET-V2-0002038,W-003918,Drinking Water,RECORDED,RECORDED,RECORDED,VERIFIED,SYNTHETIC_V2,True
ASSET-V2-0002039,W-003919,Education,RECORDED,RECORDED,RECORDED,VERIFIED,SYNTHETIC_V2,True
ASSET-V2-0002040,W-003929,Community Infrastructure,RECORDED,RECORDED,RECORDED,VERIFIED,SYNTHETIC_V2,True
ASSET-V2-0002041,W-003930,Health,RECORDED,RECORDED,RECORDED,VERIFIED,SYNTHETIC_V2,True
ASSET-V2-0002042,W-003931,Drinking Water,RECORDED,RECORDED,RECORDED,VERIFIED,SYNTHETIC_V2,True
ASSET-V2-0002043,W-003932,Education,RECORDED,RECORDED,RECORDED,VERIFIED,SYNTHETIC_V2,True
ASSET-V2-0002044,W-003933,Roads,RECORDED,RECORDED,RECORDED,VERIFIED,SYNTHETIC_V2,True
ASSET-V2-0002045,W-003934,Others,RECORDED,RECORDED,RECORDED,VERIFIED,SYNTHETIC_V2,True
ASSET-V2-0002046,W-003935,Community Infrastructure,RECORDED,RECORDED,RECORDED,VERIFIED,SYNTHETIC_V2,True
ASSET-V2-0002047,W-003936,Health,RECORDED,RECORDED,RECORDED,VERIFIED,SYNTHETIC_V2,True
ASSET-V2-0002048,W-003937,Drinking Water,RECORDED,RECORDED,RECORDED,VERIFIED,SYNTHETIC_V2,True
ASSET-V2-0002049,W-003938,Education,RECORDED,RECORDED,RECORDED,VERIFIED,SYNTHETIC_V2,True
ASSET-V2-0002050,W-003949,Health,RECORDED,RECORDED,RECORDED,VERIFIED,SYNTHETIC_V2,True
ASSET-V2-0002051,W-003950,Drinking Water,RECORDED,RECORDED,RECORDED,VERIFIED,SYNTHETIC_V2,True
ASSET-V2-0002052,W-003951,Education,RECORDED,RECORDED,RECORDED,VERIFIED,SYNTHETIC_V2,True
ASSET-V2-0002053,W-003952,Roads,RECORDED,RECORDED,RECORDED,VERIFIED,SYNTHETIC_V2,True
ASSET-V2-0002054,W-003953,Others,RECORDED,RECORDED,RECORDED,VERIFIED,SYNTHETIC_V2,True
ASSET-V2-0002055,W-003954,Community Infrastructure,RECORDED,RECORDED,RECORDED,VERIFIED,SYNTHETIC_V2,True
ASSET-V2-0002056,W-003955,Health,RECORDED,RECORDED,RECORDED,VERIFIED,SYNTHETIC_V2,True
ASSET-V2-0002057,W-003956,Drinking Water,RECORDED,RECORDED,RECORDED,VERIFIED,SYNTHETIC_V2,True
ASSET-V2-0002058,W-003957,Education,RECORDED,RECORDED,RECORDED,VERIFIED,SYNTHETIC_V2,True
ASSET-V2-0002059,W-003958,Roads,RECORDED,RECORDED,RECORDED,VERIFIED,SYNTHETIC_V2,True
ASSET-V2-0002060,W-003959,Others,RECORDED,RECORDED,RECORDED,VERIFIED,SYNTHETIC_V2,True
ASSET-V2-0002061,W-003969,Drinking Water,RECORDED,RECORDED,RECORDED,VERIFIED,SYNTHETIC_V2,True
ASSET-V2-0002062,W-003970,Education,RECORDED,RECORDED,RECORDED,VERIFIED,SYNTHETIC_V2,True
ASSET-V2-0002063,W-003971,Roads,RECORDED,RECORDED,RECORDED,VERIFIED,SYNTHETIC_V2,True
ASSET-V2-0002064,W-003972,Others,RECORDED,RECORDED,RECORDED,VERIFIED,SYNTHETIC_V2,True
ASSET-V2-0002065,W-003973,Community Infrastructure,RECORDED,RECORDED,RECORDED,VERIFIED,SYNTHETIC_V2,True
ASSET-V2-0002066,W-003974,Health,RECORDED,RECORDED,RECORDED,VERIFIED,SYNTHETIC_V2,True
ASSET-V2-0002067,W-003975,Drinking Water,RECORDED,RECORDED,RECORDED,VERIFIED,SYNTHETIC_V2,True
ASSET-V2-0002068,W-003976,Education,RECORDED,RECORDED,RECORDED,VERIFIED,SYNTHETIC_V2,True
ASSET-V2-0002069,W-003977,Roads,RECORDED,RECORDED,RECORDED,VERIFIED,SYNTHETIC_V2,True
ASSET-V2-0002070,W-003978,Roads,RECORDED,RECORDED,RECORDED,VERIFIED,SYNTHETIC_V2,True
ASSET-V2-0002071,W-003989,Education,RECORDED,RECORDED,RECORDED,VERIFIED,SYNTHETIC_V2,True
ASSET-V2-0002072,W-003990,Roads,RECORDED,RECORDED,RECORDED,VERIFIED,SYNTHETIC_V2,True
ASSET-V2-0002073,W-003991,Others,RECORDED,RECORDED,RECORDED,VERIFIED,SYNTHETIC_V2,True
ASSET-V2-0002074,W-003992,Community Infrastructure,RECORDED,RECORDED,RECORDED,VERIFIED,SYNTHETIC_V2,True
ASSET-V2-0002075,W-003993,Health,RECORDED,RECORDED,RECORDED,VERIFIED,SYNTHETIC_V2,True
ASSET-V2-0002076,W-003994,Drinking Water,RECORDED,RECORDED,RECORDED,VERIFIED,SYNTHETIC_V2,True
ASSET-V2-0002077,W-003995,Drinking Water,RECORDED,RECORDED,RECORDED,VERIFIED,SYNTHETIC_V2,True
ASSET-V2-0002078,W-003996,Education,RECORDED,RECORDED,RECORDED,VERIFIED,SYNTHETIC_V2,True
ASSET-V2-0002079,W-003997,Roads,RECORDED,RECORDED,RECORDED,VERIFIED,SYNTHETIC_V2,True
ASSET-V2-0002080,W-003998,Others,RECORDED,RECORDED,RECORDED,VERIFIED,SYNTHETIC_V2,True
ASSET-V2-0002081,W-003999,Community Infrastructure,RECORDED,RECORDED,RECORDED,VERIFIED,SYNTHETIC_V2,True
ASSET-V2-0002082,W-004009,Roads,RECORDED,RECORDED,RECORDED,VERIFIED,SYNTHETIC_V2,True
ASSET-V2-0002083,W-004010,Others,RECORDED,RECORDED,RECORDED,VERIFIED,SYNTHETIC_V2,True
ASSET-V2-0002084,W-004011,Community Infrastructure,RECORDED,RECORDED,RECORDED,VERIFIED,SYNTHETIC_V2,True
ASSET-V2-0002085,W-004012,Community Infrastructure,RECORDED,RECORDED,RECORDED,VERIFIED,SYNTHETIC_V2,True
ASSET-V2-0002086,W-004014,Drinking Water,RECORDED,RECORDED,RECORDED,VERIFIED,SYNTHETIC_V2,True
ASSET-V2-0002087,W-004015,Education,RECORDED,RECORDED,RECORDED,VERIFIED,SYNTHETIC_V2,True
ASSET-V2-0002088,W-004016,Roads,RECORDED,RECORDED,RECORDED,VERIFIED,SYNTHETIC_V2,True
ASSET-V2-0002089,W-004017,Others,RECORDED,RECORDED,RECORDED,VERIFIED,SYNTHETIC_V2,True
ASSET-V2-0002090,W-004018,Community Infrastructure,RECORDED,RECORDED,RECORDED,VERIFIED,SYNTHETIC_V2,True
ASSET-V2-0002091,W-004019,Health,RECORDED,RECORDED,RECORDED,VERIFIED,SYNTHETIC_V2,True
ASSET-V2-0002092,W-004029,Roads,RECORDED,RECORDED,RECORDED,VERIFIED,SYNTHETIC_V2,True
ASSET-V2-0002093,W-004030,Others,RECORDED,RECORDED,RECORDED,VERIFIED,SYNTHETIC_V2,True
ASSET-V2-0002094,W-004032,Health,RECORDED,RECORDED,RECORDED,VERIFIED,SYNTHETIC_V2,True
ASSET-V2-0002095,W-004033,Drinking Water,RECORDED,RECORDED,RECORDED,VERIFIED,SYNTHETIC_V2,True
ASSET-V2-0002096,W-004034,Education,RECORDED,RECORDED,RECORDED,VERIFIED,SYNTHETIC_V2,True
ASSET-V2-0002097,W-004035,Roads,RECORDED,RECORDED,RECORDED,VERIFIED,SYNTHETIC_V2,True
ASSET-V2-0002098,W-004036,Others,RECORDED,RECORDED,RECORDED,VERIFIED,SYNTHETIC_V2,True
ASSET-V2-0002099,W-004037,Community Infrastructure,RECORDED,RECORDED,RECORDED,VERIFIED,SYNTHETIC_V2,True
ASSET-V2-0002100,W-004038,Health,RECORDED,RECORDED,RECORDED,VERIFIED,SYNTHETIC_V2,True
ASSET-V2-0002101,W-004039,Drinking Water,RECORDED,RECORDED,RECORDED,VERIFIED,SYNTHETIC_V2,True
ASSET-V2-0002102,W-004051,Health,RECORDED,RECORDED,RECORDED,VERIFIED,SYNTHETIC_V2,True
ASSET-V2-0002103,W-004052,Drinking Water,RECORDED,RECORDED,RECORDED,VERIFIED,SYNTHETIC_V2,True
ASSET-V2-0002104,W-004053,Education,RECORDED,RECORDED,RECORDED,VERIFIED,SYNTHETIC_V2,True
ASSET-V2-0002105,W-004054,Roads,RECORDED,RECORDED,RECORDED,VERIFIED,SYNTHETIC_V2,True
ASSET-V2-0002106,W-004055,Others,RECORDED,RECORDED,RECORDED,VERIFIED,SYNTHETIC_V2,True
ASSET-V2-0002107,W-004057,Health,RECORDED,RECORDED,RECORDED,VERIFIED,SYNTHETIC_V2,True
ASSET-V2-0002108,W-004058,Drinking Water,RECORDED,RECORDED,RECORDED,VERIFIED,SYNTHETIC_V2,True
ASSET-V2-0002109,W-004059,Education,RECORDED,RECORDED,RECORDED,VERIFIED,SYNTHETIC_V2,True
ASSET-V2-0002110,W-004069,Community Infrastructure,RECORDED,RECORDED,RECORDED,VERIFIED,SYNTHETIC_V2,True
ASSET-V2-0002111,W-004070,Health,RECORDED,RECORDED,RECORDED,VERIFIED,SYNTHETIC_V2,True
ASSET-V2-0002112,W-004071,Drinking Water,RECORDED,RECORDED,RECORDED,VERIFIED,SYNTHETIC_V2,True
ASSET-V2-0002113,W-004072,Education,RECORDED,RECORDED,RECORDED,VERIFIED,SYNTHETIC_V2,True
ASSET-V2-0002114,W-004073,Roads,RECORDED,RECORDED,RECORDED,VERIFIED,SYNTHETIC_V2,True
ASSET-V2-0002115,W-004074,Others,RECORDED,RECORDED,RECORDED,VERIFIED,SYNTHETIC_V2,True
ASSET-V2-0002116,W-004075,Community Infrastructure,RECORDED,RECORDED,RECORDED,VERIFIED,SYNTHETIC_V2,True
ASSET-V2-0002117,W-004076,Health,RECORDED,RECORDED,RECORDED,VERIFIED,SYNTHETIC_V2,True
ASSET-V2-0002118,W-004077,Drinking Water,RECORDED,RECORDED,RECORDED,VERIFIED,SYNTHETIC_V2,True
ASSET-V2-0002119,W-004078,Education,RECORDED,RECORDED,RECORDED,VERIFIED,SYNTHETIC_V2,True
ASSET-V2-0002120,W-004079,Roads,RECORDED,RECORDED,RECORDED,VERIFIED,SYNTHETIC_V2,True
ASSET-V2-0002121,W-004089,Health,RECORDED,RECORDED,RECORDED,VERIFIED,SYNTHETIC_V2,True
ASSET-V2-0002122,W-004091,Education,RECORDED,RECORDED,RECORDED,VERIFIED,SYNTHETIC_V2,True
ASSET-V2-0002123,W-004092,Roads,RECORDED,RECORDED,RECORDED,VERIFIED,SYNTHETIC_V2,True
ASSET-V2-0002124,W-004093,Others,RECORDED,RECORDED,RECORDED,VERIFIED,SYNTHETIC_V2,True
ASSET-V2-0002125,W-004095,Health,RECORDED,RECORDED,RECORDED,VERIFIED,SYNTHETIC_V2,True
ASSET-V2-0002126,W-004096,Drinking Water,RECORDED,RECORDED,RECORDED,VERIFIED,SYNTHETIC_V2,True
ASSET-V2-0002127,W-004097,Drinking Water,RECORDED,RECORDED,RECORDED,VERIFIED,SYNTHETIC_V2,True
ASSET-V2-0002128,W-004098,Education,RECORDED,RECORDED,RECORDED,VERIFIED,SYNTHETIC_V2,True
ASSET-V2-0002129,W-004099,Roads,RECORDED,RECORDED,RECORDED,VERIFIED,SYNTHETIC_V2,True
ASSET-V2-0002130,W-004109,Drinking Water,RECORDED,RECORDED,RECORDED,VERIFIED,SYNTHETIC_V2,True
ASSET-V2-0002131,W-004110,Education,RECORDED,RECORDED,RECORDED,VERIFIED,SYNTHETIC_V2,True
ASSET-V2-0002132,W-004111,Roads,RECORDED,RECORDED,RECORDED,VERIFIED,SYNTHETIC_V2,True
ASSET-V2-0002133,W-004112,Others,RECORDED,RECORDED,RECORDED,VERIFIED,SYNTHETIC_V2,True
ASSET-V2-0002134,W-004113,Community Infrastructure,RECORDED,RECORDED,RECORDED,VERIFIED,SYNTHETIC_V2,True
ASSET-V2-0002135,W-004114,Community Infrastructure,RECORDED,RECORDED,RECORDED,VERIFIED,SYNTHETIC_V2,True
ASSET-V2-0002136,W-004115,Health,RECORDED,RECORDED,RECORDED,VERIFIED,SYNTHETIC_V2,True
ASSET-V2-0002137,W-004116,Drinking Water,RECORDED,RECORDED,RECORDED,VERIFIED,SYNTHETIC_V2,True
ASSET-V2-0002138,W-004117,Education,RECORDED,RECORDED,RECORDED,VERIFIED,SYNTHETIC_V2,True
ASSET-V2-0002139,W-004118,Roads,RECORDED,RECORDED,RECORDED,VERIFIED,SYNTHETIC_V2,True
ASSET-V2-0002140,W-004119,Others,RECORDED,RECORDED,RECORDED,VERIFIED,SYNTHETIC_V2,True
ASSET-V2-0002141,W-004129,Education,RECORDED,RECORDED,RECORDED,VERIFIED,SYNTHETIC_V2,True
ASSET-V2-0002142,W-004130,Roads,RECORDED,RECORDED,RECORDED,VERIFIED,SYNTHETIC_V2,True
ASSET-V2-0002143,W-004131,Roads,RECORDED,RECORDED,RECORDED,VERIFIED,SYNTHETIC_V2,True
ASSET-V2-0002144,W-004132,Others,RECORDED,RECORDED,RECORDED,VERIFIED,SYNTHETIC_V2,True
ASSET-V2-0002145,W-004133,Community Infrastructure,RECORDED,RECORDED,RECORDED,VERIFIED,SYNTHETIC_V2,True
ASSET-V2-0002146,W-004134,Health,RECORDED,RECORDED,RECORDED,VERIFIED,SYNTHETIC_V2,True
ASSET-V2-0002147,W-004135,Drinking Water,RECORDED,RECORDED,RECORDED,VERIFIED,SYNTHETIC_V2,True
ASSET-V2-0002148,W-004136,Education,RECORDED,RECORDED,RECORDED,VERIFIED,SYNTHETIC_V2,True
ASSET-V2-0002149,W-004137,Roads,RECORDED,RECORDED,RECORDED,VERIFIED,SYNTHETIC_V2,True
ASSET-V2-0002150,W-004138,Others,RECORDED,RECORDED,RECORDED,VERIFIED,SYNTHETIC_V2,True
ASSET-V2-0002151,W-004139,Community Infrastructure,RECORDED,RECORDED,RECORDED,VERIFIED,SYNTHETIC_V2,True
ASSET-V2-0002152,W-004149,Education,RECORDED,RECORDED,RECORDED,VERIFIED,SYNTHETIC_V2,True
ASSET-V2-0002153,W-004150,Roads,RECORDED,RECORDED,RECORDED,VERIFIED,SYNTHETIC_V2,True
ASSET-V2-0002154,W-004151,Others,RECORDED,RECORDED,RECORDED,VERIFIED,SYNTHETIC_V2,True
ASSET-V2-0002155,W-004152,Community Infrastructure,RECORDED,RECORDED,RECORDED,VERIFIED,SYNTHETIC_V2,True
ASSET-V2-0002156,W-004153,Health,RECORDED,RECORDED,RECORDED,VERIFIED,SYNTHETIC_V2,True
ASSET-V2-0002157,W-004154,Drinking Water,RECORDED,RECORDED,RECORDED,VERIFIED,SYNTHETIC_V2,True
ASSET-V2-0002158,W-004156,Roads,RECORDED,RECORDED,RECORDED,VERIFIED,SYNTHETIC_V2,True
ASSET-V2-0002159,W-004157,Others,RECORDED,RECORDED,RECORDED,VERIFIED,SYNTHETIC_V2,True
ASSET-V2-0002160,W-004159,Health,RECORDED,RECORDED,RECORDED,VERIFIED,SYNTHETIC_V2,True
ASSET-V2-0002161,W-004169,Roads,RECORDED,RECORDED,RECORDED,VERIFIED,SYNTHETIC_V2,True
ASSET-V2-0002162,W-004170,Others,RECORDED,RECORDED,RECORDED,VERIFIED,SYNTHETIC_V2,True
ASSET-V2-0002163,W-004171,Community Infrastructure,RECORDED,RECORDED,RECORDED,VERIFIED,SYNTHETIC_V2,True
ASSET-V2-0002164,W-004172,Health,RECORDED,RECORDED,RECORDED,VERIFIED,SYNTHETIC_V2,True
ASSET-V2-0002165,W-004173,Drinking Water,RECORDED,RECORDED,RECORDED,VERIFIED,SYNTHETIC_V2,True
ASSET-V2-0002166,W-004174,Education,RECORDED,RECORDED,RECORDED,VERIFIED,SYNTHETIC_V2,True
ASSET-V2-0002167,W-004175,Roads,RECORDED,RECORDED,RECORDED,VERIFIED,SYNTHETIC_V2,True
ASSET-V2-0002168,W-004176,Others,RECORDED,RECORDED,RECORDED,VERIFIED,SYNTHETIC_V2,True
ASSET-V2-0002169,W-004177,Community Infrastructure,RECORDED,RECORDED,RECORDED,VERIFIED,SYNTHETIC_V2,True
ASSET-V2-0002170,W-004178,Health,RECORDED,RECORDED,RECORDED,VERIFIED,SYNTHETIC_V2,True
ASSET-V2-0002171,W-004179,Drinking Water,RECORDED,RECORDED,RECORDED,VERIFIED,SYNTHETIC_V2,True
ASSET-V2-0002172,W-004189,Others,RECORDED,RECORDED,RECORDED,VERIFIED,SYNTHETIC_V2,True
ASSET-V2-0002173,W-004190,Community Infrastructure,RECORDED,RECORDED,RECORDED,VERIFIED,SYNTHETIC_V2,True
ASSET-V2-0002174,W-004192,Drinking Water,RECORDED,RECORDED,RECORDED,VERIFIED,SYNTHETIC_V2,True
ASSET-V2-0002175,W-004193,Education,RECORDED,RECORDED,RECORDED,VERIFIED,SYNTHETIC_V2,True
ASSET-V2-0002176,W-004194,Roads,RECORDED,RECORDED,RECORDED,VERIFIED,SYNTHETIC_V2,True
ASSET-V2-0002177,W-004195,Others,RECORDED,RECORDED,RECORDED,VERIFIED,SYNTHETIC_V2,True
ASSET-V2-0002178,W-004196,Community Infrastructure,RECORDED,RECORDED,RECORDED,VERIFIED,SYNTHETIC_V2,True
ASSET-V2-0002179,W-004197,Health,RECORDED,RECORDED,RECORDED,VERIFIED,SYNTHETIC_V2,True
ASSET-V2-0002180,W-004198,Drinking Water,RECORDED,RECORDED,RECORDED,VERIFIED,SYNTHETIC_V2,True
ASSET-V2-0002181,W-004199,Drinking Water,RECORDED,RECORDED,RECORDED,VERIFIED,SYNTHETIC_V2,True
ASSET-V2-0002182,W-004209,Community Infrastructure,RECORDED,RECORDED,RECORDED,VERIFIED,SYNTHETIC_V2,True
ASSET-V2-0002183,W-004210,Health,RECORDED,RECORDED,RECORDED,VERIFIED,SYNTHETIC_V2,True
ASSET-V2-0002184,W-004211,Drinking Water,RECORDED,RECORDED,RECORDED,VERIFIED,SYNTHETIC_V2,True
ASSET-V2-0002185,W-004212,Education,RECORDED,RECORDED,RECORDED,VERIFIED,SYNTHETIC_V2,True
ASSET-V2-0002186,W-004213,Roads,RECORDED,RECORDED,RECORDED,VERIFIED,SYNTHETIC_V2,True
ASSET-V2-0002187,W-004214,Others,RECORDED,RECORDED,RECORDED,VERIFIED,SYNTHETIC_V2,True
ASSET-V2-0002188,W-004215,Community Infrastructure,RECORDED,RECORDED,RECORDED,VERIFIED,SYNTHETIC_V2,True
ASSET-V2-0002189,W-004216,Community Infrastructure,RECORDED,RECORDED,RECORDED,VERIFIED,SYNTHETIC_V2,True
ASSET-V2-0002190,W-004217,Health,RECORDED,RECORDED,RECORDED,VERIFIED,SYNTHETIC_V2,True
ASSET-V2-0002191,W-004218,Drinking Water,RECORDED,RECORDED,RECORDED,VERIFIED,SYNTHETIC_V2,True
ASSET-V2-0002192,W-004219,Education,RECORDED,RECORDED,RECORDED,VERIFIED,SYNTHETIC_V2,True
ASSET-V2-0002193,W-004229,Health,RECORDED,RECORDED,RECORDED,VERIFIED,SYNTHETIC_V2,True
ASSET-V2-0002194,W-004230,Drinking Water,RECORDED,RECORDED,RECORDED,VERIFIED,SYNTHETIC_V2,True
ASSET-V2-0002195,W-004231,Education,RECORDED,RECORDED,RECORDED,VERIFIED,SYNTHETIC_V2,True
ASSET-V2-0002196,W-004232,Roads,RECORDED,RECORDED,RECORDED,VERIFIED,SYNTHETIC_V2,True
ASSET-V2-0002197,W-004233,Roads,RECORDED,RECORDED,RECORDED,VERIFIED,SYNTHETIC_V2,True
ASSET-V2-0002198,W-004234,Others,RECORDED,RECORDED,RECORDED,VERIFIED,SYNTHETIC_V2,True
ASSET-V2-0002199,W-004235,Community Infrastructure,RECORDED,RECORDED,RECORDED,VERIFIED,SYNTHETIC_V2,True
ASSET-V2-0002200,W-004236,Health,RECORDED,RECORDED,RECORDED,VERIFIED,SYNTHETIC_V2,True
ASSET-V2-0002201,W-004237,Drinking Water,RECORDED,RECORDED,RECORDED,VERIFIED,SYNTHETIC_V2,True
ASSET-V2-0002202,W-004238,Education,RECORDED,RECORDED,RECORDED,VERIFIED,SYNTHETIC_V2,True
ASSET-V2-0002203,W-004239,Roads,RECORDED,RECORDED,RECORDED,VERIFIED,SYNTHETIC_V2,True
ASSET-V2-0002204,W-004249,Drinking Water,RECORDED,RECORDED,RECORDED,VERIFIED,SYNTHETIC_V2,True
ASSET-V2-0002205,W-004250,Drinking Water,RECORDED,RECORDED,RECORDED,VERIFIED,SYNTHETIC_V2,True
ASSET-V2-0002206,W-004251,Education,RECORDED,RECORDED,RECORDED,VERIFIED,SYNTHETIC_V2,True
ASSET-V2-0002207,W-004252,Roads,RECORDED,RECORDED,RECORDED,VERIFIED,SYNTHETIC_V2,True
ASSET-V2-0002208,W-004253,Others,RECORDED,RECORDED,RECORDED,VERIFIED,SYNTHETIC_V2,True
ASSET-V2-0002209,W-004254,Community Infrastructure,RECORDED,RECORDED,RECORDED,VERIFIED,SYNTHETIC_V2,True
ASSET-V2-0002210,W-004255,Health,RECORDED,RECORDED,RECORDED,VERIFIED,SYNTHETIC_V2,True
ASSET-V2-0002211,W-004256,Drinking Water,RECORDED,RECORDED,RECORDED,VERIFIED,SYNTHETIC_V2,True
ASSET-V2-0002212,W-004257,Education,RECORDED,RECORDED,RECORDED,VERIFIED,SYNTHETIC_V2,True
ASSET-V2-0002213,W-004258,Roads,RECORDED,RECORDED,RECORDED,VERIFIED,SYNTHETIC_V2,True
ASSET-V2-0002214,W-004259,Others,RECORDED,RECORDED,RECORDED,VERIFIED,SYNTHETIC_V2,True
ASSET-V2-0002215,W-004269,Drinking Water,RECORDED,RECORDED,RECORDED,VERIFIED,SYNTHETIC_V2,True
ASSET-V2-0002216,W-004270,Education,RECORDED,RECORDED,RECORDED,VERIFIED,SYNTHETIC_V2,True
ASSET-V2-0002217,W-004271,Roads,RECORDED,RECORDED,RECORDED,VERIFIED,SYNTHETIC_V2,True
ASSET-V2-0002218,W-004272,Others,RECORDED,RECORDED,RECORDED,VERIFIED,SYNTHETIC_V2,True
ASSET-V2-0002219,W-004273,Community Infrastructure,RECORDED,RECORDED,RECORDED,VERIFIED,SYNTHETIC_V2,True
ASSET-V2-0002220,W-004274,Health,RECORDED,RECORDED,RECORDED,VERIFIED,SYNTHETIC_V2,True
ASSET-V2-0002221,W-004275,Drinking Water,RECORDED,RECORDED,RECORDED,VERIFIED,SYNTHETIC_V2,True
ASSET-V2-0002222,W-004276,Education,RECORDED,RECORDED,RECORDED,VERIFIED,SYNTHETIC_V2,True
ASSET-V2-0002223,W-004277,Roads,RECORDED,RECORDED,RECORDED,VERIFIED,SYNTHETIC_V2,True
ASSET-V2-0002224,W-004278,Others,RECORDED,RECORDED,RECORDED,VERIFIED,SYNTHETIC_V2,True
ASSET-V2-0002225,W-004279,Community Infrastructure,RECORDED,RECORDED,RECORDED,VERIFIED,SYNTHETIC_V2,True
ASSET-V2-0002226,W-004289,Education,RECORDED,RECORDED,RECORDED,VERIFIED,SYNTHETIC_V2,True
ASSET-V2-0002227,W-004290,Roads,RECORDED,RECORDED,RECORDED,VERIFIED,SYNTHETIC_V2,True
ASSET-V2-0002228,W-004291,Others,RECORDED,RECORDED,RECORDED,VERIFIED,SYNTHETIC_V2,True
ASSET-V2-0002229,W-004292,Community Infrastructure,RECORDED,RECORDED,RECORDED,VERIFIED,SYNTHETIC_V2,True
ASSET-V2-0002230,W-004293,Health,RECORDED,RECORDED,RECORDED,VERIFIED,SYNTHETIC_V2,True
ASSET-V2-0002231,W-004294,Drinking Water,RECORDED,RECORDED,RECORDED,VERIFIED,SYNTHETIC_V2,True
ASSET-V2-0002232,W-004295,Education,RECORDED,RECORDED,RECORDED,VERIFIED,SYNTHETIC_V2,True
ASSET-V2-0002233,W-004296,Roads,RECORDED,RECORDED,RECORDED,VERIFIED,SYNTHETIC_V2,True
ASSET-V2-0002234,W-004297,Others,RECORDED,RECORDED,RECORDED,VERIFIED,SYNTHETIC_V2,True
ASSET-V2-0002235,W-004298,Community Infrastructure,RECORDED,RECORDED,RECORDED,VERIFIED,SYNTHETIC_V2,True
ASSET-V2-0002236,W-004299,Health,RECORDED,RECORDED,RECORDED,VERIFIED,SYNTHETIC_V2,True
ASSET-V2-0002237,W-004309,Roads,RECORDED,RECORDED,RECORDED,VERIFIED,SYNTHETIC_V2,True
ASSET-V2-0002238,W-004310,Others,RECORDED,RECORDED,RECORDED,VERIFIED,SYNTHETIC_V2,True
ASSET-V2-0002239,W-004311,Community Infrastructure,RECORDED,RECORDED,RECORDED,VERIFIED,SYNTHETIC_V2,True
ASSET-V2-0002240,W-004312,Health,RECORDED,RECORDED,RECORDED,VERIFIED,SYNTHETIC_V2,True
ASSET-V2-0002241,W-004313,Drinking Water,RECORDED,RECORDED,RECORDED,VERIFIED,SYNTHETIC_V2,True
ASSET-V2-0002242,W-004314,Education,RECORDED,RECORDED,RECORDED,VERIFIED,SYNTHETIC_V2,True
ASSET-V2-0002243,W-004315,Roads,RECORDED,RECORDED,RECORDED,VERIFIED,SYNTHETIC_V2,True
ASSET-V2-0002244,W-004316,Others,RECORDED,RECORDED,RECORDED,VERIFIED,SYNTHETIC_V2,True
ASSET-V2-0002245,W-004317,Community Infrastructure,RECORDED,RECORDED,RECORDED,VERIFIED,SYNTHETIC_V2,True
ASSET-V2-0002246,W-004318,Community Infrastructure,RECORDED,RECORDED,RECORDED,VERIFIED,SYNTHETIC_V2,True
ASSET-V2-0002247,W-004319,Health,RECORDED,RECORDED,RECORDED,VERIFIED,SYNTHETIC_V2,True
ASSET-V2-0002248,W-004329,Others,RECORDED,RECORDED,RECORDED,VERIFIED,SYNTHETIC_V2,True
ASSET-V2-0002249,W-004330,Community Infrastructure,RECORDED,RECORDED,RECORDED,VERIFIED,SYNTHETIC_V2,True
ASSET-V2-0002250,W-004331,Health,RECORDED,RECORDED,RECORDED,VERIFIED,SYNTHETIC_V2,True
ASSET-V2-0002251,W-004332,Drinking Water,RECORDED,RECORDED,RECORDED,VERIFIED,SYNTHETIC_V2,True
ASSET-V2-0002252,W-004333,Education,RECORDED,RECORDED,RECORDED,VERIFIED,SYNTHETIC_V2,True
ASSET-V2-0002253,W-004334,Roads,RECORDED,RECORDED,RECORDED,VERIFIED,SYNTHETIC_V2,True
ASSET-V2-0002254,W-004335,Roads,RECORDED,RECORDED,RECORDED,VERIFIED,SYNTHETIC_V2,True
ASSET-V2-0002255,W-004336,Others,RECORDED,RECORDED,RECORDED,VERIFIED,SYNTHETIC_V2,True
ASSET-V2-0002256,W-004338,Health,RECORDED,RECORDED,RECORDED,VERIFIED,SYNTHETIC_V2,True
ASSET-V2-0002257,W-004339,Drinking Water,RECORDED,RECORDED,RECORDED,VERIFIED,SYNTHETIC_V2,True
ASSET-V2-0002258,W-004349,Community Infrastructure,RECORDED,RECORDED,RECORDED,VERIFIED,SYNTHETIC_V2,True
ASSET-V2-0002259,W-004350,Health,RECORDED,RECORDED,RECORDED,VERIFIED,SYNTHETIC_V2,True
ASSET-V2-0002260,W-004351,Drinking Water,RECORDED,RECORDED,RECORDED,VERIFIED,SYNTHETIC_V2,True
ASSET-V2-0002261,W-004352,Drinking Water,RECORDED,RECORDED,RECORDED,VERIFIED,SYNTHETIC_V2,True
ASSET-V2-0002262,W-004353,Education,RECORDED,RECORDED,RECORDED,VERIFIED,SYNTHETIC_V2,True
ASSET-V2-0002263,W-004355,Others,RECORDED,RECORDED,RECORDED,VERIFIED,SYNTHETIC_V2,True
ASSET-V2-0002264,W-004356,Community Infrastructure,RECORDED,RECORDED,RECORDED,VERIFIED,SYNTHETIC_V2,True
ASSET-V2-0002265,W-004357,Health,RECORDED,RECORDED,RECORDED,VERIFIED,SYNTHETIC_V2,True
ASSET-V2-0002266,W-004358,Drinking Water,RECORDED,RECORDED,RECORDED,VERIFIED,SYNTHETIC_V2,True
ASSET-V2-0002267,W-004359,Education,RECORDED,RECORDED,RECORDED,VERIFIED,SYNTHETIC_V2,True
ASSET-V2-0002268,W-004369,Community Infrastructure,RECORDED,RECORDED,RECORDED,VERIFIED,SYNTHETIC_V2,True
ASSET-V2-0002269,W-004370,Health,RECORDED,RECORDED,RECORDED,VERIFIED,SYNTHETIC_V2,True
ASSET-V2-0002270,W-004371,Drinking Water,RECORDED,RECORDED,RECORDED,VERIFIED,SYNTHETIC_V2,True
ASSET-V2-0002271,W-004372,Education,RECORDED,RECORDED,RECORDED,VERIFIED,SYNTHETIC_V2,True
ASSET-V2-0002272,W-004373,Roads,RECORDED,RECORDED,RECORDED,VERIFIED,SYNTHETIC_V2,True
ASSET-V2-0002273,W-004374,Others,RECORDED,RECORDED,RECORDED,VERIFIED,SYNTHETIC_V2,True
ASSET-V2-0002274,W-004375,Community Infrastructure,RECORDED,RECORDED,RECORDED,VERIFIED,SYNTHETIC_V2,True
ASSET-V2-0002275,W-004376,Health,RECORDED,RECORDED,RECORDED,VERIFIED,SYNTHETIC_V2,True
ASSET-V2-0002276,W-004377,Drinking Water,RECORDED,RECORDED,RECORDED,VERIFIED,SYNTHETIC_V2,True
ASSET-V2-0002277,W-004378,Education,RECORDED,RECORDED,RECORDED,VERIFIED,SYNTHETIC_V2,True
ASSET-V2-0002278,W-004379,Roads,RECORDED,RECORDED,RECORDED,VERIFIED,SYNTHETIC_V2,True
ASSET-V2-0002279,W-004389,Health,RECORDED,RECORDED,RECORDED,VERIFIED,SYNTHETIC_V2,True
ASSET-V2-0002280,W-004390,Drinking Water,RECORDED,RECORDED,RECORDED,VERIFIED,SYNTHETIC_V2,True
ASSET-V2-0002281,W-004391,Education,RECORDED,RECORDED,RECORDED,VERIFIED,SYNTHETIC_V2,True
ASSET-V2-0002282,W-004392,Roads,RECORDED,RECORDED,RECORDED,VERIFIED,SYNTHETIC_V2,True
ASSET-V2-0002283,W-004393,Others,RECORDED,RECORDED,RECORDED,VERIFIED,SYNTHETIC_V2,True
ASSET-V2-0002284,W-004394,Community Infrastructure,RECORDED,RECORDED,RECORDED,VERIFIED,SYNTHETIC_V2,True
ASSET-V2-0002285,W-004395,Health,RECORDED,RECORDED,RECORDED,VERIFIED,SYNTHETIC_V2,True
ASSET-V2-0002286,W-004396,Drinking Water,RECORDED,RECORDED,RECORDED,VERIFIED,SYNTHETIC_V2,True
ASSET-V2-0002287,W-004397,Education,RECORDED,RECORDED,RECORDED,VERIFIED,SYNTHETIC_V2,True
ASSET-V2-0002288,W-004398,Roads,RECORDED,RECORDED,RECORDED,VERIFIED,SYNTHETIC_V2,True
ASSET-V2-0002289,W-004399,Others,RECORDED,RECORDED,RECORDED,VERIFIED,SYNTHETIC_V2,True
ASSET-V2-0002290,W-004409,Drinking Water,RECORDED,RECORDED,RECORDED,VERIFIED,SYNTHETIC_V2,True
ASSET-V2-0002291,W-004410,Education,RECORDED,RECORDED,RECORDED,VERIFIED,SYNTHETIC_V2,True
ASSET-V2-0002292,W-004411,Roads,RECORDED,RECORDED,RECORDED,VERIFIED,SYNTHETIC_V2,True
ASSET-V2-0002293,W-004412,Others,RECORDED,RECORDED,RECORDED,VERIFIED,SYNTHETIC_V2,True
ASSET-V2-0002294,W-004413,Community Infrastructure,RECORDED,RECORDED,RECORDED,VERIFIED,SYNTHETIC_V2,True
ASSET-V2-0002295,W-004414,Health,RECORDED,RECORDED,RECORDED,VERIFIED,SYNTHETIC_V2,True
ASSET-V2-0002296,W-004415,Drinking Water,RECORDED,RECORDED,RECORDED,VERIFIED,SYNTHETIC_V2,True
ASSET-V2-0002297,W-004416,Education,RECORDED,RECORDED,RECORDED,VERIFIED,SYNTHETIC_V2,True
ASSET-V2-0002298,W-004418,Others,RECORDED,RECORDED,RECORDED,VERIFIED,SYNTHETIC_V2,True
ASSET-V2-0002299,W-004419,Community Infrastructure,RECORDED,RECORDED,RECORDED,VERIFIED,SYNTHETIC_V2,True
ASSET-V2-0002300,W-004429,Education,RECORDED,RECORDED,RECORDED,VERIFIED,SYNTHETIC_V2,True
ASSET-V2-0002301,W-004430,Roads,RECORDED,RECORDED,RECORDED,VERIFIED,SYNTHETIC_V2,True
ASSET-V2-0002302,W-004431,Others,RECORDED,RECORDED,RECORDED,VERIFIED,SYNTHETIC_V2,True
ASSET-V2-0002303,W-004432,Community Infrastructure,RECORDED,RECORDED,RECORDED,VERIFIED,SYNTHETIC_V2,True
ASSET-V2-0002304,W-004433,Health,RECORDED,RECORDED,RECORDED,VERIFIED,SYNTHETIC_V2,True
ASSET-V2-0002305,W-004434,Drinking Water,RECORDED,RECORDED,RECORDED,VERIFIED,SYNTHETIC_V2,True
ASSET-V2-0002306,W-004435,Education,RECORDED,RECORDED,RECORDED,VERIFIED,SYNTHETIC_V2,True
ASSET-V2-0002307,W-004436,Roads,RECORDED,RECORDED,RECORDED,VERIFIED,SYNTHETIC_V2,True
ASSET-V2-0002308,W-004437,Roads,RECORDED,RECORDED,RECORDED,VERIFIED,SYNTHETIC_V2,True
ASSET-V2-0002309,W-004438,Others,RECORDED,RECORDED,RECORDED,VERIFIED,SYNTHETIC_V2,True
ASSET-V2-0002310,W-004439,Community Infrastructure,RECORDED,RECORDED,RECORDED,VERIFIED,SYNTHETIC_V2,True
ASSET-V2-0002311,W-004449,Roads,RECORDED,RECORDED,RECORDED,VERIFIED,SYNTHETIC_V2,True
ASSET-V2-0002312,W-004450,Others,RECORDED,RECORDED,RECORDED,VERIFIED,SYNTHETIC_V2,True
ASSET-V2-0002313,W-004451,Community Infrastructure,RECORDED,RECORDED,RECORDED,VERIFIED,SYNTHETIC_V2,True
ASSET-V2-0002314,W-004452,Health,RECORDED,RECORDED,RECORDED,VERIFIED,SYNTHETIC_V2,True
ASSET-V2-0002315,W-004453,Drinking Water,RECORDED,RECORDED,RECORDED,VERIFIED,SYNTHETIC_V2,True
ASSET-V2-0002316,W-004454,Drinking Water,RECORDED,RECORDED,RECORDED,VERIFIED,SYNTHETIC_V2,True
ASSET-V2-0002317,W-004455,Education,RECORDED,RECORDED,RECORDED,VERIFIED,SYNTHETIC_V2,True
ASSET-V2-0002318,W-004456,Roads,RECORDED,RECORDED,RECORDED,VERIFIED,SYNTHETIC_V2,True
ASSET-V2-0002319,W-004458,Community Infrastructure,RECORDED,RECORDED,RECORDED,VERIFIED,SYNTHETIC_V2,True
ASSET-V2-0002320,W-004459,Health,RECORDED,RECORDED,RECORDED,VERIFIED,SYNTHETIC_V2,True
ASSET-V2-0002321,W-004469,Others,RECORDED,RECORDED,RECORDED,VERIFIED,SYNTHETIC_V2,True
ASSET-V2-0002322,W-004470,Community Infrastructure,RECORDED,RECORDED,RECORDED,VERIFIED,SYNTHETIC_V2,True
ASSET-V2-0002323,W-004472,Health,RECORDED,RECORDED,RECORDED,VERIFIED,SYNTHETIC_V2,True
ASSET-V2-0002324,W-004473,Drinking Water,RECORDED,RECORDED,RECORDED,VERIFIED,SYNTHETIC_V2,True
ASSET-V2-0002325,W-004474,Education,RECORDED,RECORDED,RECORDED,VERIFIED,SYNTHETIC_V2,True
ASSET-V2-0002326,W-004475,Roads,RECORDED,RECORDED,RECORDED,VERIFIED,SYNTHETIC_V2,True
ASSET-V2-0002327,W-004476,Others,RECORDED,RECORDED,RECORDED,VERIFIED,SYNTHETIC_V2,True
ASSET-V2-0002328,W-004477,Community Infrastructure,RECORDED,RECORDED,RECORDED,VERIFIED,SYNTHETIC_V2,True
ASSET-V2-0002329,W-004478,Health,RECORDED,RECORDED,RECORDED,VERIFIED,SYNTHETIC_V2,True
ASSET-V2-0002330,W-004479,Drinking Water,RECORDED,RECORDED,RECORDED,VERIFIED,SYNTHETIC_V2,True
ASSET-V2-0002331,W-004489,Others,RECORDED,RECORDED,RECORDED,VERIFIED,SYNTHETIC_V2,True
ASSET-V2-0002332,W-004490,Community Infrastructure,RECORDED,RECORDED,RECORDED,VERIFIED,SYNTHETIC_V2,True
ASSET-V2-0002333,W-004491,Health,RECORDED,RECORDED,RECORDED,VERIFIED,SYNTHETIC_V2,True
ASSET-V2-0002334,W-004492,Drinking Water,RECORDED,RECORDED,RECORDED,VERIFIED,SYNTHETIC_V2,True
ASSET-V2-0002335,W-004493,Education,RECORDED,RECORDED,RECORDED,VERIFIED,SYNTHETIC_V2,True
ASSET-V2-0002336,W-004494,Roads,RECORDED,RECORDED,RECORDED,VERIFIED,SYNTHETIC_V2,True
ASSET-V2-0002337,W-004495,Others,RECORDED,RECORDED,RECORDED,VERIFIED,SYNTHETIC_V2,True
ASSET-V2-0002338,W-004496,Community Infrastructure,RECORDED,RECORDED,RECORDED,VERIFIED,SYNTHETIC_V2,True
ASSET-V2-0002339,W-004497,Health,RECORDED,RECORDED,RECORDED,VERIFIED,SYNTHETIC_V2,True
ASSET-V2-0002340,W-004498,Drinking Water,RECORDED,RECORDED,RECORDED,VERIFIED,SYNTHETIC_V2,True
ASSET-V2-0002341,W-004509,Community Infrastructure,RECORDED,RECORDED,RECORDED,VERIFIED,SYNTHETIC_V2,True
ASSET-V2-0002342,W-004510,Health,RECORDED,RECORDED,RECORDED,VERIFIED,SYNTHETIC_V2,True
ASSET-V2-0002343,W-004511,Drinking Water,RECORDED,RECORDED,RECORDED,VERIFIED,SYNTHETIC_V2,True
ASSET-V2-0002344,W-004512,Education,RECORDED,RECORDED,RECORDED,VERIFIED,SYNTHETIC_V2,True
ASSET-V2-0002345,W-004513,Roads,RECORDED,RECORDED,RECORDED,VERIFIED,SYNTHETIC_V2,True
ASSET-V2-0002346,W-004514,Others,RECORDED,RECORDED,RECORDED,VERIFIED,SYNTHETIC_V2,True
ASSET-V2-0002347,W-004515,Community Infrastructure,RECORDED,RECORDED,RECORDED,VERIFIED,SYNTHETIC_V2,True
ASSET-V2-0002348,W-004516,Health,RECORDED,RECORDED,RECORDED,VERIFIED,SYNTHETIC_V2,True
ASSET-V2-0002349,W-004517,Drinking Water,RECORDED,RECORDED,RECORDED,VERIFIED,SYNTHETIC_V2,True
ASSET-V2-0002350,W-004518,Education,RECORDED,RECORDED,RECORDED,VERIFIED,SYNTHETIC_V2,True
ASSET-V2-0002351,W-004519,Roads,RECORDED,RECORDED,RECORDED,VERIFIED,SYNTHETIC_V2,True
ASSET-V2-0002352,W-004529,Health,RECORDED,RECORDED,RECORDED,VERIFIED,SYNTHETIC_V2,True
ASSET-V2-0002353,W-004530,Drinking Water,RECORDED,RECORDED,RECORDED,VERIFIED,SYNTHETIC_V2,True
ASSET-V2-0002354,W-004531,Education,RECORDED,RECORDED,RECORDED,VERIFIED,SYNTHETIC_V2,True
ASSET-V2-0002355,W-004532,Roads,RECORDED,RECORDED,RECORDED,VERIFIED,SYNTHETIC_V2,True
ASSET-V2-0002356,W-004533,Others,RECORDED,RECORDED,RECORDED,VERIFIED,SYNTHETIC_V2,True
ASSET-V2-0002357,W-004534,Community Infrastructure,RECORDED,RECORDED,RECORDED,VERIFIED,SYNTHETIC_V2,True
ASSET-V2-0002358,W-004535,Health,RECORDED,RECORDED,RECORDED,VERIFIED,SYNTHETIC_V2,True
ASSET-V2-0002359,W-004536,Drinking Water,RECORDED,RECORDED,RECORDED,VERIFIED,SYNTHETIC_V2,True
ASSET-V2-0002360,W-004537,Education,RECORDED,RECORDED,RECORDED,VERIFIED,SYNTHETIC_V2,True
ASSET-V2-0002361,W-004538,Roads,RECORDED,RECORDED,RECORDED,VERIFIED,SYNTHETIC_V2,True
ASSET-V2-0002362,W-004539,Roads,RECORDED,RECORDED,RECORDED,VERIFIED,SYNTHETIC_V2,True
ASSET-V2-0002363,W-004549,Drinking Water,RECORDED,RECORDED,RECORDED,VERIFIED,SYNTHETIC_V2,True
ASSET-V2-0002364,W-004550,Education,RECORDED,RECORDED,RECORDED,VERIFIED,SYNTHETIC_V2,True
ASSET-V2-0002365,W-004551,Roads,RECORDED,RECORDED,RECORDED,VERIFIED,SYNTHETIC_V2,True
ASSET-V2-0002366,W-004552,Others,RECORDED,RECORDED,RECORDED,VERIFIED,SYNTHETIC_V2,True
ASSET-V2-0002367,W-004553,Community Infrastructure,RECORDED,RECORDED,RECORDED,VERIFIED,SYNTHETIC_V2,True
ASSET-V2-0002368,W-004554,Health,RECORDED,RECORDED,RECORDED,VERIFIED,SYNTHETIC_V2,True
ASSET-V2-0002369,W-004555,Drinking Water,RECORDED,RECORDED,RECORDED,VERIFIED,SYNTHETIC_V2,True
ASSET-V2-0002370,W-004556,Drinking Water,RECORDED,RECORDED,RECORDED,VERIFIED,SYNTHETIC_V2,True
ASSET-V2-0002371,W-004557,Education,RECORDED,RECORDED,RECORDED,VERIFIED,SYNTHETIC_V2,True
ASSET-V2-0002372,W-004558,Roads,RECORDED,RECORDED,RECORDED,VERIFIED,SYNTHETIC_V2,True
ASSET-V2-0002373,W-004559,Others,RECORDED,RECORDED,RECORDED,VERIFIED,SYNTHETIC_V2,True
ASSET-V2-0002374,W-004569,Education,RECORDED,RECORDED,RECORDED,VERIFIED,SYNTHETIC_V2,True
ASSET-V2-0002375,W-004570,Roads,RECORDED,RECORDED,RECORDED,VERIFIED,SYNTHETIC_V2,True
ASSET-V2-0002376,W-004571,Others,RECORDED,RECORDED,RECORDED,VERIFIED,SYNTHETIC_V2,True
ASSET-V2-0002377,W-004572,Community Infrastructure,RECORDED,RECORDED,RECORDED,VERIFIED,SYNTHETIC_V2,True
ASSET-V2-0002378,W-004573,Community Infrastructure,RECORDED,RECORDED,RECORDED,VERIFIED,SYNTHETIC_V2,True
ASSET-V2-0002379,W-004574,Health,RECORDED,RECORDED,RECORDED,VERIFIED,SYNTHETIC_V2,True
ASSET-V2-0002380,W-004575,Drinking Water,RECORDED,RECORDED,RECORDED,VERIFIED,SYNTHETIC_V2,True
ASSET-V2-0002381,W-004576,Education,RECORDED,RECORDED,RECORDED,VERIFIED,SYNTHETIC_V2,True
ASSET-V2-0002382,W-004577,Roads,RECORDED,RECORDED,RECORDED,VERIFIED,SYNTHETIC_V2,True
ASSET-V2-0002383,W-004578,Others,RECORDED,RECORDED,RECORDED,VERIFIED,SYNTHETIC_V2,True
ASSET-V2-0002384,W-004579,Community Infrastructure,RECORDED,RECORDED,RECORDED,VERIFIED,SYNTHETIC_V2,True
ASSET-V2-0002385,W-004589,Roads,RECORDED,RECORDED,RECORDED,VERIFIED,SYNTHETIC_V2,True
ASSET-V2-0002386,W-004590,Roads,RECORDED,RECORDED,RECORDED,VERIFIED,SYNTHETIC_V2,True
ASSET-V2-0002387,W-004591,Others,RECORDED,RECORDED,RECORDED,VERIFIED,SYNTHETIC_V2,True
ASSET-V2-0002388,W-004592,Community Infrastructure,RECORDED,RECORDED,RECORDED,VERIFIED,SYNTHETIC_V2,True
ASSET-V2-0002389,W-004593,Health,RECORDED,RECORDED,RECORDED,VERIFIED,SYNTHETIC_V2,True
ASSET-V2-0002390,W-004594,Drinking Water,RECORDED,RECORDED,RECORDED,VERIFIED,SYNTHETIC_V2,True
ASSET-V2-0002391,W-004595,Education,RECORDED,RECORDED,RECORDED,VERIFIED,SYNTHETIC_V2,True
ASSET-V2-0002392,W-004596,Roads,RECORDED,RECORDED,RECORDED,VERIFIED,SYNTHETIC_V2,True
ASSET-V2-0002393,W-004597,Others,RECORDED,RECORDED,RECORDED,VERIFIED,SYNTHETIC_V2,True
ASSET-V2-0002394,W-004598,Community Infrastructure,RECORDED,RECORDED,RECORDED,VERIFIED,SYNTHETIC_V2,True
ASSET-V2-0002395,W-004599,Health,RECORDED,RECORDED,RECORDED,VERIFIED,SYNTHETIC_V2,True
ASSET-V2-0002396,W-004609,Roads,RECORDED,RECORDED,RECORDED,VERIFIED,SYNTHETIC_V2,True
ASSET-V2-0002397,W-004610,Others,RECORDED,RECORDED,RECORDED,VERIFIED,SYNTHETIC_V2,True
ASSET-V2-0002398,W-004611,Community Infrastructure,RECORDED,RECORDED,RECORDED,VERIFIED,SYNTHETIC_V2,True
ASSET-V2-0002399,W-004612,Health,RECORDED,RECORDED,RECORDED,VERIFIED,SYNTHETIC_V2,True
ASSET-V2-0002400,W-004613,Drinking Water,RECORDED,RECORDED,RECORDED,VERIFIED,SYNTHETIC_V2,True
ASSET-V2-0002401,W-004614,Education,RECORDED,RECORDED,RECORDED,VERIFIED,SYNTHETIC_V2,True
ASSET-V2-0002402,W-004615,Roads,RECORDED,RECORDED,RECORDED,VERIFIED,SYNTHETIC_V2,True
ASSET-V2-0002403,W-004616,Others,RECORDED,RECORDED,RECORDED,VERIFIED,SYNTHETIC_V2,True
ASSET-V2-0002404,W-004617,Community Infrastructure,RECORDED,RECORDED,RECORDED,VERIFIED,SYNTHETIC_V2,True
ASSET-V2-0002405,W-004618,Health,RECORDED,RECORDED,RECORDED,VERIFIED,SYNTHETIC_V2,True
ASSET-V2-0002406,W-004619,Drinking Water,RECORDED,RECORDED,RECORDED,VERIFIED,SYNTHETIC_V2,True
ASSET-V2-0002407,W-004629,Others,RECORDED,RECORDED,RECORDED,VERIFIED,SYNTHETIC_V2,True
ASSET-V2-0002408,W-004630,Community Infrastructure,RECORDED,RECORDED,RECORDED,VERIFIED,SYNTHETIC_V2,True
ASSET-V2-0002409,W-004631,Health,RECORDED,RECORDED,RECORDED,VERIFIED,SYNTHETIC_V2,True
ASSET-V2-0002410,W-004632,Drinking Water,RECORDED,RECORDED,RECORDED,VERIFIED,SYNTHETIC_V2,True
ASSET-V2-0002411,W-004633,Education,RECORDED,RECORDED,RECORDED,VERIFIED,SYNTHETIC_V2,True
ASSET-V2-0002412,W-004634,Roads,RECORDED,RECORDED,RECORDED,VERIFIED,SYNTHETIC_V2,True
ASSET-V2-0002413,W-004635,Others,RECORDED,RECORDED,RECORDED,VERIFIED,SYNTHETIC_V2,True
ASSET-V2-0002414,W-004636,Community Infrastructure,RECORDED,RECORDED,RECORDED,VERIFIED,SYNTHETIC_V2,True
ASSET-V2-0002415,W-004637,Health,RECORDED,RECORDED,RECORDED,VERIFIED,SYNTHETIC_V2,True
ASSET-V2-0002416,W-004638,Drinking Water,RECORDED,RECORDED,RECORDED,VERIFIED,SYNTHETIC_V2,True
ASSET-V2-0002417,W-004639,Education,RECORDED,RECORDED,RECORDED,VERIFIED,SYNTHETIC_V2,True
ASSET-V2-0002418,W-004649,Community Infrastructure,RECORDED,RECORDED,RECORDED,VERIFIED,SYNTHETIC_V2,True
ASSET-V2-0002419,W-004650,Health,RECORDED,RECORDED,RECORDED,VERIFIED,SYNTHETIC_V2,True
ASSET-V2-0002420,W-004651,Drinking Water,RECORDED,RECORDED,RECORDED,VERIFIED,SYNTHETIC_V2,True
ASSET-V2-0002421,W-004652,Education,RECORDED,RECORDED,RECORDED,VERIFIED,SYNTHETIC_V2,True
ASSET-V2-0002422,W-004654,Others,RECORDED,RECORDED,RECORDED,VERIFIED,SYNTHETIC_V2,True
ASSET-V2-0002423,W-004655,Community Infrastructure,RECORDED,RECORDED,RECORDED,VERIFIED,SYNTHETIC_V2,True
ASSET-V2-0002424,W-004656,Health,RECORDED,RECORDED,RECORDED,VERIFIED,SYNTHETIC_V2,True
ASSET-V2-0002425,W-004657,Drinking Water,RECORDED,RECORDED,RECORDED,VERIFIED,SYNTHETIC_V2,True
ASSET-V2-0002426,W-004658,Drinking Water,RECORDED,RECORDED,RECORDED,VERIFIED,SYNTHETIC_V2,True
ASSET-V2-0002427,W-004659,Education,RECORDED,RECORDED,RECORDED,VERIFIED,SYNTHETIC_V2,True
ASSET-V2-0002428,W-004669,Health,RECORDED,RECORDED,RECORDED,VERIFIED,SYNTHETIC_V2,True
ASSET-V2-0002429,W-004670,Drinking Water,RECORDED,RECORDED,RECORDED,VERIFIED,SYNTHETIC_V2,True
ASSET-V2-0002430,W-004671,Education,RECORDED,RECORDED,RECORDED,VERIFIED,SYNTHETIC_V2,True
ASSET-V2-0002431,W-004673,Others,RECORDED,RECORDED,RECORDED,VERIFIED,SYNTHETIC_V2,True
ASSET-V2-0002432,W-004674,Community Infrastructure,RECORDED,RECORDED,RECORDED,VERIFIED,SYNTHETIC_V2,True
ASSET-V2-0002433,W-004675,Community Infrastructure,RECORDED,RECORDED,RECORDED,VERIFIED,SYNTHETIC_V2,True
ASSET-V2-0002434,W-004676,Health,RECORDED,RECORDED,RECORDED,VERIFIED,SYNTHETIC_V2,True
ASSET-V2-0002435,W-004677,Drinking Water,RECORDED,RECORDED,RECORDED,VERIFIED,SYNTHETIC_V2,True
ASSET-V2-0002436,W-004678,Education,RECORDED,RECORDED,RECORDED,VERIFIED,SYNTHETIC_V2,True
ASSET-V2-0002437,W-004679,Roads,RECORDED,RECORDED,RECORDED,VERIFIED,SYNTHETIC_V2,True
ASSET-V2-0002438,W-004689,Drinking Water,RECORDED,RECORDED,RECORDED,VERIFIED,SYNTHETIC_V2,True
ASSET-V2-0002439,W-004690,Education,RECORDED,RECORDED,RECORDED,VERIFIED,SYNTHETIC_V2,True
ASSET-V2-0002440,W-004691,Roads,RECORDED,RECORDED,RECORDED,VERIFIED,SYNTHETIC_V2,True
ASSET-V2-0002441,W-004692,Roads,RECORDED,RECORDED,RECORDED,VERIFIED,SYNTHETIC_V2,True
ASSET-V2-0002442,W-004694,Community Infrastructure,RECORDED,RECORDED,RECORDED,VERIFIED,SYNTHETIC_V2,True
ASSET-V2-0002443,W-004695,Health,RECORDED,RECORDED,RECORDED,VERIFIED,SYNTHETIC_V2,True
ASSET-V2-0002444,W-004696,Drinking Water,RECORDED,RECORDED,RECORDED,VERIFIED,SYNTHETIC_V2,True
ASSET-V2-0002445,W-004697,Education,RECORDED,RECORDED,RECORDED,VERIFIED,SYNTHETIC_V2,True
ASSET-V2-0002446,W-004698,Roads,RECORDED,RECORDED,RECORDED,VERIFIED,SYNTHETIC_V2,True
ASSET-V2-0002447,W-004699,Others,RECORDED,RECORDED,RECORDED,VERIFIED,SYNTHETIC_V2,True
ASSET-V2-0002448,W-004709,Drinking Water,RECORDED,RECORDED,RECORDED,VERIFIED,SYNTHETIC_V2,True
ASSET-V2-0002449,W-004710,Education,RECORDED,RECORDED,RECORDED,VERIFIED,SYNTHETIC_V2,True
ASSET-V2-0002450,W-004711,Roads,RECORDED,RECORDED,RECORDED,VERIFIED,SYNTHETIC_V2,True
ASSET-V2-0002451,W-004712,Others,RECORDED,RECORDED,RECORDED,VERIFIED,SYNTHETIC_V2,True
ASSET-V2-0002452,W-004714,Health,RECORDED,RECORDED,RECORDED,VERIFIED,SYNTHETIC_V2,True
ASSET-V2-0002453,W-004715,Drinking Water,RECORDED,RECORDED,RECORDED,VERIFIED,SYNTHETIC_V2,True
ASSET-V2-0002454,W-004716,Education,RECORDED,RECORDED,RECORDED,VERIFIED,SYNTHETIC_V2,True
ASSET-V2-0002455,W-004717,Roads,RECORDED,RECORDED,RECORDED,VERIFIED,SYNTHETIC_V2,True
ASSET-V2-0002456,W-004718,Others,RECORDED,RECORDED,RECORDED,VERIFIED,SYNTHETIC_V2,True
ASSET-V2-0002457,W-004719,Community Infrastructure,RECORDED,RECORDED,RECORDED,VERIFIED,SYNTHETIC_V2,True
ASSET-V2-0002458,W-004729,Education,RECORDED,RECORDED,RECORDED,VERIFIED,SYNTHETIC_V2,True
ASSET-V2-0002459,W-004730,Roads,RECORDED,RECORDED,RECORDED,VERIFIED,SYNTHETIC_V2,True
ASSET-V2-0002460,W-004731,Others,RECORDED,RECORDED,RECORDED,VERIFIED,SYNTHETIC_V2,True
ASSET-V2-0002461,W-004732,Community Infrastructure,RECORDED,RECORDED,RECORDED,VERIFIED,SYNTHETIC_V2,True
ASSET-V2-0002462,W-004733,Health,RECORDED,RECORDED,RECORDED,VERIFIED,SYNTHETIC_V2,True
ASSET-V2-0002463,W-004734,Drinking Water,RECORDED,RECORDED,RECORDED,VERIFIED,SYNTHETIC_V2,True
ASSET-V2-0002464,W-004735,Education,RECORDED,RECORDED,RECORDED,VERIFIED,SYNTHETIC_V2,True
ASSET-V2-0002465,W-004736,Roads,RECORDED,RECORDED,RECORDED,VERIFIED,SYNTHETIC_V2,True
ASSET-V2-0002466,W-004737,Others,RECORDED,RECORDED,RECORDED,VERIFIED,SYNTHETIC_V2,True
ASSET-V2-0002467,W-004738,Community Infrastructure,RECORDED,RECORDED,RECORDED,VERIFIED,SYNTHETIC_V2,True
ASSET-V2-0002468,W-004739,Health,RECORDED,RECORDED,RECORDED,VERIFIED,SYNTHETIC_V2,True
ASSET-V2-0002469,W-004749,Roads,RECORDED,RECORDED,RECORDED,VERIFIED,SYNTHETIC_V2,True
ASSET-V2-0002470,W-004750,Others,RECORDED,RECORDED,RECORDED,VERIFIED,SYNTHETIC_V2,True
ASSET-V2-0002471,W-004751,Community Infrastructure,RECORDED,RECORDED,RECORDED,VERIFIED,SYNTHETIC_V2,True
ASSET-V2-0002472,W-004752,Health,RECORDED,RECORDED,RECORDED,VERIFIED,SYNTHETIC_V2,True
ASSET-V2-0002473,W-004753,Drinking Water,RECORDED,RECORDED,RECORDED,VERIFIED,SYNTHETIC_V2,True
ASSET-V2-0002474,W-004754,Education,RECORDED,RECORDED,RECORDED,VERIFIED,SYNTHETIC_V2,True
ASSET-V2-0002475,W-004755,Roads,RECORDED,RECORDED,RECORDED,VERIFIED,SYNTHETIC_V2,True
ASSET-V2-0002476,W-004756,Others,RECORDED,RECORDED,RECORDED,VERIFIED,SYNTHETIC_V2,True
ASSET-V2-0002477,W-004757,Community Infrastructure,RECORDED,RECORDED,RECORDED,VERIFIED,SYNTHETIC_V2,True
ASSET-V2-0002478,W-004758,Health,RECORDED,RECORDED,RECORDED,VERIFIED,SYNTHETIC_V2,True
ASSET-V2-0002479,W-004759,Drinking Water,RECORDED,RECORDED,RECORDED,VERIFIED,SYNTHETIC_V2,True
ASSET-V2-0002480,W-004769,Others,RECORDED,RECORDED,RECORDED,VERIFIED,SYNTHETIC_V2,True
ASSET-V2-0002481,W-004770,Community Infrastructure,RECORDED,RECORDED,RECORDED,VERIFIED,SYNTHETIC_V2,True
ASSET-V2-0002482,W-004774,Roads,RECORDED,RECORDED,RECORDED,VERIFIED,SYNTHETIC_V2,True
ASSET-V2-0002483,W-004775,Others,RECORDED,RECORDED,RECORDED,VERIFIED,SYNTHETIC_V2,True
ASSET-V2-0002484,W-004776,Community Infrastructure,RECORDED,RECORDED,RECORDED,VERIFIED,SYNTHETIC_V2,True
ASSET-V2-0002485,W-004777,Community Infrastructure,RECORDED,RECORDED,RECORDED,VERIFIED,SYNTHETIC_V2,True
ASSET-V2-0002486,W-004778,Health,RECORDED,RECORDED,RECORDED,VERIFIED,SYNTHETIC_V2,True
ASSET-V2-0002487,W-004779,Drinking Water,RECORDED,RECORDED,RECORDED,VERIFIED,SYNTHETIC_V2,True
ASSET-V2-0002488,W-004789,Community Infrastructure,RECORDED,RECORDED,RECORDED,VERIFIED,SYNTHETIC_V2,True
ASSET-V2-0002489,W-004790,Health,RECORDED,RECORDED,RECORDED,VERIFIED,SYNTHETIC_V2,True
ASSET-V2-0002490,W-004791,Drinking Water,RECORDED,RECORDED,RECORDED,VERIFIED,SYNTHETIC_V2,True
ASSET-V2-0002491,W-004792,Education,RECORDED,RECORDED,RECORDED,VERIFIED,SYNTHETIC_V2,True
ASSET-V2-0002492,W-004793,Roads,RECORDED,RECORDED,RECORDED,VERIFIED,SYNTHETIC_V2,True
ASSET-V2-0002493,W-004794,Roads,RECORDED,RECORDED,RECORDED,VERIFIED,SYNTHETIC_V2,True
ASSET-V2-0002494,W-004795,Others,RECORDED,RECORDED,RECORDED,VERIFIED,SYNTHETIC_V2,True
ASSET-V2-0002495,W-004796,Community Infrastructure,RECORDED,RECORDED,RECORDED,VERIFIED,SYNTHETIC_V2,True
ASSET-V2-0002496,W-004797,Health,RECORDED,RECORDED,RECORDED,VERIFIED,SYNTHETIC_V2,True
ASSET-V2-0002497,W-004798,Drinking Water,RECORDED,RECORDED,RECORDED,VERIFIED,SYNTHETIC_V2,True
ASSET-V2-0002498,W-004799,Education,RECORDED,RECORDED,RECORDED,VERIFIED,SYNTHETIC_V2,True
ASSET-V2-0002499,W-004809,Health,RECORDED,RECORDED,RECORDED,VERIFIED,SYNTHETIC_V2,True
ASSET-V2-0002500,W-004810,Drinking Water,RECORDED,RECORDED,RECORDED,VERIFIED,SYNTHETIC_V2,True
ASSET-V2-0002501,W-004811,Drinking Water,RECORDED,RECORDED,RECORDED,VERIFIED,SYNTHETIC_V2,True
ASSET-V2-0002502,W-004814,Others,RECORDED,RECORDED,RECORDED,VERIFIED,SYNTHETIC_V2,True
ASSET-V2-0002503,W-004815,Community Infrastructure,RECORDED,RECORDED,RECORDED,VERIFIED,SYNTHETIC_V2,True
ASSET-V2-0002504,W-004816,Health,RECORDED,RECORDED,RECORDED,VERIFIED,SYNTHETIC_V2,True
ASSET-V2-0002505,W-004817,Drinking Water,RECORDED,RECORDED,RECORDED,VERIFIED,SYNTHETIC_V2,True
ASSET-V2-0002506,W-004818,Education,RECORDED,RECORDED,RECORDED,VERIFIED,SYNTHETIC_V2,True
ASSET-V2-0002507,W-004819,Roads,RECORDED,RECORDED,RECORDED,VERIFIED,SYNTHETIC_V2,True
ASSET-V2-0002508,W-004829,Health,RECORDED,RECORDED,RECORDED,VERIFIED,SYNTHETIC_V2,True
ASSET-V2-0002509,W-004830,Drinking Water,RECORDED,RECORDED,RECORDED,VERIFIED,SYNTHETIC_V2,True
ASSET-V2-0002510,W-004831,Education,RECORDED,RECORDED,RECORDED,VERIFIED,SYNTHETIC_V2,True
ASSET-V2-0002511,W-004832,Roads,RECORDED,RECORDED,RECORDED,VERIFIED,SYNTHETIC_V2,True
ASSET-V2-0002512,W-004833,Others,RECORDED,RECORDED,RECORDED,VERIFIED,SYNTHETIC_V2,True
ASSET-V2-0002513,W-004834,Community Infrastructure,RECORDED,RECORDED,RECORDED,VERIFIED,SYNTHETIC_V2,True
ASSET-V2-0002514,W-004835,Health,RECORDED,RECORDED,RECORDED,VERIFIED,SYNTHETIC_V2,True
ASSET-V2-0002515,W-004836,Drinking Water,RECORDED,RECORDED,RECORDED,VERIFIED,SYNTHETIC_V2,True
ASSET-V2-0002516,W-004837,Education,RECORDED,RECORDED,RECORDED,VERIFIED,SYNTHETIC_V2,True
ASSET-V2-0002517,W-004838,Roads,RECORDED,RECORDED,RECORDED,VERIFIED,SYNTHETIC_V2,True
ASSET-V2-0002518,W-004839,Others,RECORDED,RECORDED,RECORDED,VERIFIED,SYNTHETIC_V2,True
ASSET-V2-0002519,W-004849,Drinking Water,RECORDED,RECORDED,RECORDED,VERIFIED,SYNTHETIC_V2,True
ASSET-V2-0002520,W-004850,Education,RECORDED,RECORDED,RECORDED,VERIFIED,SYNTHETIC_V2,True
ASSET-V2-0002521,W-004851,Roads,RECORDED,RECORDED,RECORDED,VERIFIED,SYNTHETIC_V2,True
ASSET-V2-0002522,W-004852,Others,RECORDED,RECORDED,RECORDED,VERIFIED,SYNTHETIC_V2,True
ASSET-V2-0002523,W-004853,Community Infrastructure,RECORDED,RECORDED,RECORDED,VERIFIED,SYNTHETIC_V2,True
ASSET-V2-0002524,W-004854,Health,RECORDED,RECORDED,RECORDED,VERIFIED,SYNTHETIC_V2,True
ASSET-V2-0002525,W-004855,Drinking Water,RECORDED,RECORDED,RECORDED,VERIFIED,SYNTHETIC_V2,True
ASSET-V2-0002526,W-004856,Education,RECORDED,RECORDED,RECORDED,VERIFIED,SYNTHETIC_V2,True
ASSET-V2-0002527,W-004857,Roads,RECORDED,RECORDED,RECORDED,VERIFIED,SYNTHETIC_V2,True
ASSET-V2-0002528,W-004858,Others,RECORDED,RECORDED,RECORDED,VERIFIED,SYNTHETIC_V2,True
ASSET-V2-0002529,W-004859,Community Infrastructure,RECORDED,RECORDED,RECORDED,VERIFIED,SYNTHETIC_V2,True
ASSET-V2-0002530,W-004869,Education,RECORDED,RECORDED,RECORDED,VERIFIED,SYNTHETIC_V2,True
ASSET-V2-0002531,W-004871,Others,RECORDED,RECORDED,RECORDED,VERIFIED,SYNTHETIC_V2,True
ASSET-V2-0002532,W-004872,Community Infrastructure,RECORDED,RECORDED,RECORDED,VERIFIED,SYNTHETIC_V2,True
ASSET-V2-0002533,W-004873,Health,RECORDED,RECORDED,RECORDED,VERIFIED,SYNTHETIC_V2,True
ASSET-V2-0002534,W-004874,Drinking Water,RECORDED,RECORDED,RECORDED,VERIFIED,SYNTHETIC_V2,True
ASSET-V2-0002535,W-004875,Education,RECORDED,RECORDED,RECORDED,VERIFIED,SYNTHETIC_V2,True
ASSET-V2-0002536,W-004876,Roads,RECORDED,RECORDED,RECORDED,VERIFIED,SYNTHETIC_V2,True
ASSET-V2-0002537,W-004877,Others,RECORDED,RECORDED,RECORDED,VERIFIED,SYNTHETIC_V2,True
ASSET-V2-0002538,W-004878,Community Infrastructure,RECORDED,RECORDED,RECORDED,VERIFIED,SYNTHETIC_V2,True
ASSET-V2-0002539,W-004879,Community Infrastructure,RECORDED,RECORDED,RECORDED,VERIFIED,SYNTHETIC_V2,True
ASSET-V2-0002540,W-004889,Roads,RECORDED,RECORDED,RECORDED,VERIFIED,SYNTHETIC_V2,True
ASSET-V2-0002541,W-004890,Others,RECORDED,RECORDED,RECORDED,VERIFIED,SYNTHETIC_V2,True
ASSET-V2-0002542,W-004891,Community Infrastructure,RECORDED,RECORDED,RECORDED,VERIFIED,SYNTHETIC_V2,True
ASSET-V2-0002543,W-004892,Health,RECORDED,RECORDED,RECORDED,VERIFIED,SYNTHETIC_V2,True
ASSET-V2-0002544,W-004893,Drinking Water,RECORDED,RECORDED,RECORDED,VERIFIED,SYNTHETIC_V2,True
ASSET-V2-0002545,W-004894,Education,RECORDED,RECORDED,RECORDED,VERIFIED,SYNTHETIC_V2,True
ASSET-V2-0002546,W-004895,Roads,RECORDED,RECORDED,RECORDED,VERIFIED,SYNTHETIC_V2,True
ASSET-V2-0002547,W-004896,Roads,RECORDED,RECORDED,RECORDED,VERIFIED,SYNTHETIC_V2,True
ASSET-V2-0002548,W-004897,Others,RECORDED,RECORDED,RECORDED,VERIFIED,SYNTHETIC_V2,True
ASSET-V2-0002549,W-004898,Community Infrastructure,RECORDED,RECORDED,RECORDED,VERIFIED,SYNTHETIC_V2,True
ASSET-V2-0002550,W-004899,Health,RECORDED,RECORDED,RECORDED,VERIFIED,SYNTHETIC_V2,True
ASSET-V2-0002551,W-004909,Others,RECORDED,RECORDED,RECORDED,VERIFIED,SYNTHETIC_V2,True
ASSET-V2-0002552,W-004910,Community Infrastructure,RECORDED,RECORDED,RECORDED,VERIFIED,SYNTHETIC_V2,True
ASSET-V2-0002553,W-004911,Health,RECORDED,RECORDED,RECORDED,VERIFIED,SYNTHETIC_V2,True
ASSET-V2-0002554,W-004912,Drinking Water,RECORDED,RECORDED,RECORDED,VERIFIED,SYNTHETIC_V2,True
ASSET-V2-0002555,W-004913,Drinking Water,RECORDED,RECORDED,RECORDED,VERIFIED,SYNTHETIC_V2,True
ASSET-V2-0002556,W-004914,Education,RECORDED,RECORDED,RECORDED,VERIFIED,SYNTHETIC_V2,True
ASSET-V2-0002557,W-004915,Roads,RECORDED,RECORDED,RECORDED,VERIFIED,SYNTHETIC_V2,True
ASSET-V2-0002558,W-004916,Others,RECORDED,RECORDED,RECORDED,VERIFIED,SYNTHETIC_V2,True
ASSET-V2-0002559,W-004917,Community Infrastructure,RECORDED,RECORDED,RECORDED,VERIFIED,SYNTHETIC_V2,True
ASSET-V2-0002560,W-004918,Health,RECORDED,RECORDED,RECORDED,VERIFIED,SYNTHETIC_V2,True
ASSET-V2-0002561,W-004919,Drinking Water,RECORDED,RECORDED,RECORDED,VERIFIED,SYNTHETIC_V2,True
ASSET-V2-0002562,W-004929,Community Infrastructure,RECORDED,RECORDED,RECORDED,VERIFIED,SYNTHETIC_V2,True
ASSET-V2-0002563,W-004930,Community Infrastructure,RECORDED,RECORDED,RECORDED,VERIFIED,SYNTHETIC_V2,True
ASSET-V2-0002564,W-004931,Health,RECORDED,RECORDED,RECORDED,VERIFIED,SYNTHETIC_V2,True
ASSET-V2-0002565,W-004932,Drinking Water,RECORDED,RECORDED,RECORDED,VERIFIED,SYNTHETIC_V2,True
ASSET-V2-0002566,W-004933,Education,RECORDED,RECORDED,RECORDED,VERIFIED,SYNTHETIC_V2,True
ASSET-V2-0002567,W-004934,Roads,RECORDED,RECORDED,RECORDED,VERIFIED,SYNTHETIC_V2,True
ASSET-V2-0002568,W-004935,Others,RECORDED,RECORDED,RECORDED,VERIFIED,SYNTHETIC_V2,True
ASSET-V2-0002569,W-004936,Community Infrastructure,RECORDED,RECORDED,RECORDED,VERIFIED,SYNTHETIC_V2,True
ASSET-V2-0002570,W-004937,Health,RECORDED,RECORDED,RECORDED,VERIFIED,SYNTHETIC_V2,True
ASSET-V2-0002571,W-004939,Education,RECORDED,RECORDED,RECORDED,VERIFIED,SYNTHETIC_V2,True
ASSET-V2-0002572,W-004949,Community Infrastructure,RECORDED,RECORDED,RECORDED,VERIFIED,SYNTHETIC_V2,True
ASSET-V2-0002573,W-004950,Health,RECORDED,RECORDED,RECORDED,VERIFIED,SYNTHETIC_V2,True
ASSET-V2-0002574,W-004951,Drinking Water,RECORDED,RECORDED,RECORDED,VERIFIED,SYNTHETIC_V2,True
ASSET-V2-0002575,W-004952,Education,RECORDED,RECORDED,RECORDED,VERIFIED,SYNTHETIC_V2,True
ASSET-V2-0002576,W-004953,Roads,RECORDED,RECORDED,RECORDED,VERIFIED,SYNTHETIC_V2,True
ASSET-V2-0002577,W-004954,Others,RECORDED,RECORDED,RECORDED,VERIFIED,SYNTHETIC_V2,True
ASSET-V2-0002578,W-004955,Community Infrastructure,RECORDED,RECORDED,RECORDED,VERIFIED,SYNTHETIC_V2,True
ASSET-V2-0002579,W-004956,Health,RECORDED,RECORDED,RECORDED,VERIFIED,SYNTHETIC_V2,True
ASSET-V2-0002580,W-004957,Drinking Water,RECORDED,RECORDED,RECORDED,VERIFIED,SYNTHETIC_V2,True
ASSET-V2-0002581,W-004958,Education,RECORDED,RECORDED,RECORDED,VERIFIED,SYNTHETIC_V2,True
ASSET-V2-0002582,W-004959,Roads,RECORDED,RECORDED,RECORDED,VERIFIED,SYNTHETIC_V2,True
ASSET-V2-0002583,W-004969,Health,RECORDED,RECORDED,RECORDED,VERIFIED,SYNTHETIC_V2,True
ASSET-V2-0002584,W-004970,Drinking Water,RECORDED,RECORDED,RECORDED,VERIFIED,SYNTHETIC_V2,True
ASSET-V2-0002585,W-004971,Education,RECORDED,RECORDED,RECORDED,VERIFIED,SYNTHETIC_V2,True
ASSET-V2-0002586,W-004972,Roads,RECORDED,RECORDED,RECORDED,VERIFIED,SYNTHETIC_V2,True
ASSET-V2-0002587,W-004973,Others,RECORDED,RECORDED,RECORDED,VERIFIED,SYNTHETIC_V2,True
ASSET-V2-0002588,W-004974,Community Infrastructure,RECORDED,RECORDED,RECORDED,VERIFIED,SYNTHETIC_V2,True
ASSET-V2-0002589,W-004975,Health,RECORDED,RECORDED,RECORDED,VERIFIED,SYNTHETIC_V2,True
ASSET-V2-0002590,W-004976,Drinking Water,RECORDED,RECORDED,RECORDED,VERIFIED,SYNTHETIC_V2,True
ASSET-V2-0002591,W-004977,Education,RECORDED,RECORDED,RECORDED,VERIFIED,SYNTHETIC_V2,True
ASSET-V2-0002592,W-004978,Roads,RECORDED,RECORDED,RECORDED,VERIFIED,SYNTHETIC_V2,True
ASSET-V2-0002593,W-004979,Others,RECORDED,RECORDED,RECORDED,VERIFIED,SYNTHETIC_V2,True
ASSET-V2-0002594,W-004989,Drinking Water,RECORDED,RECORDED,RECORDED,VERIFIED,SYNTHETIC_V2,True
ASSET-V2-0002595,W-004990,Education,RECORDED,RECORDED,RECORDED,VERIFIED,SYNTHETIC_V2,True
ASSET-V2-0002596,W-004991,Roads,RECORDED,RECORDED,RECORDED,VERIFIED,SYNTHETIC_V2,True
ASSET-V2-0002597,W-004992,Others,RECORDED,RECORDED,RECORDED,VERIFIED,SYNTHETIC_V2,True
ASSET-V2-0002598,W-004993,Community Infrastructure,RECORDED,RECORDED,RECORDED,VERIFIED,SYNTHETIC_V2,True
ASSET-V2-0002599,W-004994,Health,RECORDED,RECORDED,RECORDED,VERIFIED,SYNTHETIC_V2,True
ASSET-V2-0002600,W-004995,Drinking Water,RECORDED,RECORDED,RECORDED,VERIFIED,SYNTHETIC_V2,True
ASSET-V2-0002601,W-004996,Education,RECORDED,RECORDED,RECORDED,VERIFIED,SYNTHETIC_V2,True
ASSET-V2-0002602,W-004997,Roads,RECORDED,RECORDED,RECORDED,VERIFIED,SYNTHETIC_V2,True
ASSET-V2-0002603,W-004998,Roads,RECORDED,RECORDED,RECORDED,VERIFIED,SYNTHETIC_V2,True
ASSET-V2-0002604,W-004999,Others,RECORDED,RECORDED,RECORDED,VERIFIED,SYNTHETIC_V2,True
