work_id,completion_date,completion_marked_date,final_expenditure_inr,utilization_certificate_status,utilization_certificate_date,asset_id,asset_type,user_agency,asset_register_entry,handover_date,public_use_date,audit_status,audit_date,audit_observation_category,compliance_status,maintenance_agency,completion_photo_reference,source_type,synthetic_marker
W-000001,2026-08-31,2026-09-10,2471000,Submitted,2026-09-23,ASSET-W-000001,Playground Development,Demo Village 12 Demo User Agency,Yes,2026-09-10,2026-09-16,Completed,2026-11-05,None recorded,Compliant,Demo Village 12 Demo Local Body,demo://photos/W-000001/completion,SYNTHETIC_PROTOTYPE,True
W-000002,2026-08-31,2026-09-05,1630000,Submitted,2026-09-11,ASSET-W-000002,Open Gym,Demo Village 5 Demo User Agency,Yes,2026-09-18,2026-09-22,Completed,2026-10-02,None recorded,Compliant,Demo Village 5 Demo Local Body,demo://photos/W-000002/completion,SYNTHETIC_PROTOTYPE,True
W-000003,2026-08-31,2026-09-01,1690000,Submitted,2026-09-26,ASSET-W-000003,Bus Shelter,Demo Village 5 Demo User Agency,Yes,2026-09-03,2026-09-17,Completed,2027-01-08,None recorded,Compliant,Demo Village 5 Demo Local Body,demo://photos/W-000003/completion,SYNTHETIC_PROTOTYPE,True
W-000004,2026-08-31,2026-09-03,2646000,Submitted,2026-09-10,ASSET-W-000004,Pipeline Extension,Demo Village 3 Demo User Agency,Yes,2026-09-11,2026-09-18,Completed,2027-01-07,None recorded,Compliant,Demo Village 3 Demo Local Body,demo://photos/W-000004/completion,SYNTHETIC_PROTOTYPE,True
W-000006,2026-08-31,2026-09-09,2106000,Submitted,2026-09-11,ASSET-W-000006,Community Sanitation,Demo Village 8 Demo User Agency,Yes,2026-09-05,2026-09-17,Not Due,,None recorded,Compliant,Demo Village 8 Demo Local Body,demo://photos/W-000006/completion,SYNTHETIC_PROTOTYPE,True
W-000007,2026-08-31,2026-09-08,2235000,Submitted,2026-09-22,ASSET-W-000007,Public Toilet,Demo Village 3 Demo User Agency,Yes,2026-09-15,2026-09-24,Pending,,None recorded,Compliant,Demo Village 3 Demo Local Body,demo://photos/W-000007/completion,SYNTHETIC_PROTOTYPE,True
W-000009,2026-08-31,2026-09-01,1618000,Submitted,2026-09-23,ASSET-W-000009,Pipeline Extension,Demo Village 3 Demo User Agency,Yes,2026-09-16,2026-09-05,Completed,2027-02-24,None recorded,Compliant,Demo Village 3 Demo Local Body,demo://photos/W-000009/completion,SYNTHETIC_PROTOTYPE,True
W-000010,2026-08-31,2026-09-06,2187000,Submitted,2026-09-09,ASSET-W-000010,Solar Street Lights,Demo Village 8 Demo User Agency,Yes,2026-09-02,2026-09-15,Pending,,None recorded,Compliant,Demo Village 8 Demo Local Body,demo://photos/W-000010/completion,SYNTHETIC_PROTOTYPE,True
W-000011,2026-08-31,2026-09-04,1785000,Submitted,2026-10-14,ASSET-W-000011,Drainage,Demo Village 13 Demo User Agency,Yes,2026-09-11,2026-09-22,Pending,,None recorded,Compliant,Demo Village 13 Demo Local Body,demo://photos/W-000011/completion,SYNTHETIC_PROTOTYPE,True
W-000014,2026-08-31,2026-09-01,1665000,Submitted,2026-09-13,ASSET-W-000014,Solid Waste Shed,Demo Village 10 Demo User Agency,Yes,2026-09-11,2026-09-02,Not Due,,None recorded,Compliant,Demo Village 10 Demo Local Body,demo://photos/W-000014/completion,SYNTHETIC_PROTOTYPE,True
W-000018,2026-08-31,2026-09-07,2186000,Submitted,2026-10-11,ASSET-W-000018,Approach Road,Demo Village 34 Demo User Agency,Yes,2026-09-20,2026-09-22,Completed,2026-11-25,None recorded,Compliant,Demo Village 34 Demo Local Body,demo://photos/W-000018/completion,SYNTHETIC_PROTOTYPE,True
W-000019,2026-08-31,2026-09-06,960000,Submitted,2026-09-13,ASSET-W-000019,Solar Public Facility,Demo Village 27 Demo User Agency,Yes,2026-09-13,2026-09-22,Completed,2027-01-28,None recorded,Compliant,Demo Village 27 Demo Local Body,demo://photos/W-000019/completion,SYNTHETIC_PROTOTYPE,True
W-000020,2026-08-31,2026-09-01,1852000,Submitted,2026-10-06,ASSET-W-000020,Public Waiting Hall,Demo Village 29 Demo User Agency,Yes,2026-09-03,2026-09-23,Pending,,None recorded,Compliant,Demo Village 29 Demo Local Body,demo://photos/W-000020/completion,SYNTHETIC_PROTOTYPE,True
W-000021,2026-08-31,2026-09-03,4217000,Submitted,2026-09-29,ASSET-W-000021,Approach Road,Demo Village 8 Demo User Agency,Yes,2026-09-07,2026-09-30,Pending,,None recorded,Compliant,Demo Village 8 Demo Local Body,demo://photos/W-000021/completion,SYNTHETIC_PROTOTYPE,True
W-000022,2026-08-31,2026-09-03,2905000,Submitted,2026-10-13,ASSET-W-000022,Drainage,Demo Village 22 Demo User Agency,Yes,2026-09-14,2026-09-12,Completed,2026-11-15,None recorded,Compliant,Demo Village 22 Demo Local Body,demo://photos/W-000022/completion,SYNTHETIC_PROTOTYPE,True
W-000024,2026-08-31,2026-09-09,2077000,Submitted,2026-10-06,ASSET-W-000024,Small Bridge,Demo Village 29 Demo User Agency,Yes,2026-09-14,2026-09-03,Not Due,,None recorded,Compliant,Demo Village 29 Demo Local Body,demo://photos/W-000024/completion,SYNTHETIC_PROTOTYPE,True
W-000025,2026-08-31,2026-09-10,4269000,Submitted,2026-10-01,ASSET-W-000025,Small Bridge,Demo Village 2 Demo User Agency,Yes,2026-09-19,2026-09-28,Not Due,,None recorded,Compliant,Demo Village 2 Demo Local Body,demo://photos/W-000025/completion,SYNTHETIC_PROTOTYPE,True
W-000028,2026-08-31,2026-09-02,2181000,Submitted,2026-10-10,ASSET-W-000028,Water Tank,Demo Village 27 Demo User Agency,Yes,2026-09-08,2026-09-05,Completed,2026-11-27,None recorded,Compliant,Demo Village 27 Demo Local Body,demo://photos/W-000028/completion,SYNTHETIC_PROTOTYPE,True
W-000033,2026-08-31,2026-09-06,1339000,Submitted,2026-10-12,ASSET-W-000033,Water Tank,Demo Village 9 Demo User Agency,Yes,2026-09-04,2026-09-12,Completed,2027-01-27,None recorded,Compliant,Demo Village 9 Demo Local Body,demo://photos/W-000033/completion,SYNTHETIC_PROTOTYPE,True
W-000034,2026-08-31,2026-09-02,3350000,Submitted,2026-09-06,ASSET-W-000034,Library Room,Demo Village 19 Demo User Agency,Yes,2026-09-09,2026-09-19,Completed,2026-11-15,None recorded,Compliant,Demo Village 19 Demo Local Body,demo://photos/W-000034/completion,SYNTHETIC_PROTOTYPE,True
W-000035,2026-08-31,2026-09-03,2770000,Submitted,2026-09-28,ASSET-W-000035,Public Toilet,Demo Village 25 Demo User Agency,Yes,2026-09-10,2026-09-24,Pending,,None recorded,Compliant,Demo Village 25 Demo Local Body,demo://photos/W-000035/completion,SYNTHETIC_PROTOTYPE,True
W-000036,2026-08-31,2026-09-07,1608000,Submitted,2026-10-10,ASSET-W-000036,Rural Road,Demo Village 16 Demo User Agency,Yes,2026-09-14,2026-09-09,Completed,2027-01-11,None recorded,Compliant,Demo Village 16 Demo Local Body,demo://photos/W-000036/completion,SYNTHETIC_PROTOTYPE,True
W-000040,2026-08-31,2026-09-10,2116000,Submitted,2026-09-26,ASSET-W-000040,Indoor Sports Hall,Demo Village 16 Demo User Agency,Yes,2026-09-14,2026-09-23,Not Due,,None recorded,Compliant,Demo Village 16 Demo Local Body,demo://photos/W-000040/completion,SYNTHETIC_PROTOTYPE,True
W-000041,2026-08-31,2026-08-31,1334000,Pending,,ASSET-W-000041,Solid Waste Shed,Demo Village 10 Demo User Agency,Pending,2026-09-04,2026-09-08,Not Due,,Documentation / closure review,Review Required,Demo Village 10 Demo Local Body,demo://photos/W-000041/completion,SYNTHETIC_PROTOTYPE,True
W-000044,2026-08-31,2026-09-06,2951000,Submitted,2026-09-23,ASSET-W-000044,Anganwadi Building,Demo Village 7 Demo User Agency,Yes,2026-09-07,2026-09-03,Pending,,None recorded,Compliant,Demo Village 7 Demo Local Body,demo://photos/W-000044/completion,SYNTHETIC_PROTOTYPE,True
W-000046,2026-08-31,2026-09-09,2540000,Submitted,2026-09-19,ASSET-W-000046,Library Room,Demo Village 16 Demo User Agency,Yes,2026-09-11,2026-09-01,Completed,2026-11-18,None recorded,Compliant,Demo Village 16 Demo Local Body,demo://photos/W-000046/completion,SYNTHETIC_PROTOTYPE,True
W-000047,2026-08-31,2026-09-10,2213000,Submitted,2026-09-24,ASSET-W-000047,RO Water Plant,Demo Village 11 Demo User Agency,Yes,2026-09-08,2026-09-27,Pending,,None recorded,Compliant,Demo Village 11 Demo Local Body,demo://photos/W-000047/completion,SYNTHETIC_PROTOTYPE,True
W-000048,2026-08-31,2026-09-09,2032000,Submitted,2026-10-01,ASSET-W-000048,Community Hall,Demo Village 20 Demo User Agency,Yes,2026-09-03,2026-09-19,Not Due,,None recorded,Compliant,Demo Village 20 Demo Local Body,demo://photos/W-000048/completion,SYNTHETIC_PROTOTYPE,True
W-000049,2026-08-31,2026-09-10,2657000,Submitted,2026-09-10,ASSET-W-000049,Sports Equipment Facility,Demo Village 6 Demo User Agency,Yes,2026-09-17,2026-09-10,Completed,2027-02-11,None recorded,Compliant,Demo Village 6 Demo Local Body,demo://photos/W-000049/completion,SYNTHETIC_PROTOTYPE,True
W-000050,2026-08-31,2026-09-04,2670000,Submitted,2026-10-11,ASSET-W-000050,Solar Water System,Demo Village 12 Demo User Agency,Yes,2026-09-13,2026-09-18,Pending,,None recorded,Compliant,Demo Village 12 Demo Local Body,demo://photos/W-000050/completion,SYNTHETIC_PROTOTYPE,True
W-000051,2026-08-31,2026-08-31,2861000,Submitted,2026-10-01,ASSET-W-000051,Drainage,Demo Village 8 Demo User Agency,Yes,2026-09-03,2026-09-13,Pending,,None recorded,Compliant,Demo Village 8 Demo Local Body,demo://photos/W-000051/completion,SYNTHETIC_PROTOTYPE,True
W-000052,2026-08-31,2026-09-03,2832000,Submitted,2026-10-01,ASSET-W-000052,Water Tank,Demo Village 15 Demo User Agency,Yes,2026-09-03,2026-09-06,Not Due,,None recorded,Compliant,Demo Village 15 Demo Local Body,demo://photos/W-000052/completion,SYNTHETIC_PROTOTYPE,True
W-000054,2026-08-31,2026-09-08,1635000,Submitted,2026-09-12,ASSET-W-000054,Community Sanitation,Demo Village 26 Demo User Agency,Yes,2026-09-15,2026-09-11,Completed,2027-02-12,None recorded,Compliant,Demo Village 26 Demo Local Body,demo://photos/W-000054/completion,SYNTHETIC_PROTOTYPE,True
W-000057,2026-08-31,2026-09-02,2036000,Submitted,2026-09-25,ASSET-W-000057,Public Toilet,Demo Village 30 Demo User Agency,Yes,2026-09-05,2026-09-21,Pending,,None recorded,Compliant,Demo Village 30 Demo Local Body,demo://photos/W-000057/completion,SYNTHETIC_PROTOTYPE,True
W-000059,2026-08-31,2026-09-02,1126000,Submitted,2026-09-28,ASSET-W-000059,PHC Equipment Room,Demo Village 33 Demo User Agency,Yes,2026-09-15,2026-09-20,Pending,,None recorded,Compliant,Demo Village 33 Demo Local Body,demo://photos/W-000059/completion,SYNTHETIC_PROTOTYPE,True
W-000060,2026-08-31,2026-08-31,1532000,Submitted,2026-10-01,ASSET-W-000060,Pipeline Extension,Demo Village 26 Demo User Agency,Yes,2026-09-10,2026-09-03,Not Due,,None recorded,Compliant,Demo Village 26 Demo Local Body,demo://photos/W-000060/completion,SYNTHETIC_PROTOTYPE,True
W-000061,2026-08-31,2026-09-10,2288000,Submitted,2026-10-14,ASSET-W-000061,CC Road,Demo Village 1 Demo User Agency,Yes,2026-09-13,2026-09-19,Not Due,,None recorded,Compliant,Demo Village 1 Demo Local Body,demo://photos/W-000061/completion,SYNTHETIC_PROTOTYPE,True
W-000062,2026-08-31,2026-09-05,2768000,Submitted,2026-10-01,ASSET-W-000062,Anganwadi Building,Demo Village 16 Demo User Agency,Yes,2026-09-05,2026-09-23,Not Due,,None recorded,Compliant,Demo Village 16 Demo Local Body,demo://photos/W-000062/completion,SYNTHETIC_PROTOTYPE,True
W-000063,2026-08-31,2026-09-01,3491000,Submitted,2026-10-10,ASSET-W-000063,PHC Equipment Room,Demo Village 13 Demo User Agency,Yes,2026-09-02,2026-09-03,Completed,2026-10-24,None recorded,Compliant,Demo Village 13 Demo Local Body,demo://photos/W-000063/completion,SYNTHETIC_PROTOTYPE,True
W-000064,2026-08-31,2026-09-07,2786000,Pending,,ASSET-W-000064,Small Bridge,Demo Village 15 Demo User Agency,Pending,2026-09-05,2026-09-09,Not Due,,Documentation / closure review,Review Required,Demo Village 15 Demo Local Body,demo://photos/W-000064/completion,SYNTHETIC_PROTOTYPE,True
W-000065,2026-08-31,2026-09-03,2059000,Submitted,2026-10-15,ASSET-W-000065,RO Water Plant,Demo Village 3 Demo User Agency,Yes,2026-09-01,2026-09-30,Not Due,,None recorded,Compliant,Demo Village 3 Demo Local Body,demo://photos/W-000065/completion,SYNTHETIC_PROTOTYPE,True
W-000066,2026-08-31,2026-08-31,2072000,Submitted,2026-09-24,ASSET-W-000066,Borewell,Demo Village 33 Demo User Agency,Yes,2026-09-20,2026-09-18,Completed,2027-02-06,None recorded,Compliant,Demo Village 33 Demo Local Body,demo://photos/W-000066/completion,SYNTHETIC_PROTOTYPE,True
W-000067,2026-08-31,2026-09-05,1411000,Submitted,2026-10-01,ASSET-W-000067,PHC Equipment Room,Demo Village 22 Demo User Agency,Yes,2026-09-16,2026-09-14,Not Due,,None recorded,Compliant,Demo Village 22 Demo Local Body,demo://photos/W-000067/completion,SYNTHETIC_PROTOTYPE,True
W-000069,2026-08-31,2026-09-10,1381000,Submitted,2026-10-05,ASSET-W-000069,Solar Street Lights,Demo Village 5 Demo User Agency,Yes,2026-09-09,2026-09-15,Completed,2026-10-10,None recorded,Compliant,Demo Village 5 Demo Local Body,demo://photos/W-000069/completion,SYNTHETIC_PROTOTYPE,True
W-000070,2026-08-31,2026-09-02,1155000,Submitted,2026-09-22,ASSET-W-000070,Community Sanitation,Demo Village 19 Demo User Agency,Yes,2026-09-08,2026-09-17,Not Due,,None recorded,Compliant,Demo Village 19 Demo Local Body,demo://photos/W-000070/completion,SYNTHETIC_PROTOTYPE,True
W-000072,2026-08-31,2026-09-03,1428000,Submitted,2026-09-14,ASSET-W-000072,Solar Water System,Demo Village 26 Demo User Agency,Yes,2026-09-03,2026-09-19,Completed,2026-11-28,None recorded,Compliant,Demo Village 26 Demo Local Body,demo://photos/W-000072/completion,SYNTHETIC_PROTOTYPE,True
W-000073,2026-08-31,2026-09-08,1524000,Submitted,2026-09-29,ASSET-W-000073,Ambulance Shelter,Demo Village 6 Demo User Agency,Yes,2026-09-01,2026-09-06,Pending,,None recorded,Compliant,Demo Village 6 Demo Local Body,demo://photos/W-000073/completion,SYNTHETIC_PROTOTYPE,True
W-000077,2026-08-31,2026-09-08,1731000,Submitted,2026-09-12,ASSET-W-000077,Public Toilet,Demo Village 29 Demo User Agency,Yes,2026-09-06,2026-09-21,Not Due,,None recorded,Compliant,Demo Village 29 Demo Local Body,demo://photos/W-000077/completion,SYNTHETIC_PROTOTYPE,True
W-000078,2026-08-31,2026-09-04,1323000,Submitted,2026-09-11,ASSET-W-000078,Pipeline Extension,Demo Village 6 Demo User Agency,Yes,2026-09-16,2026-09-22,Pending,,None recorded,Compliant,Demo Village 6 Demo Local Body,demo://photos/W-000078/completion,SYNTHETIC_PROTOTYPE,True
W-000079,2026-08-31,2026-09-07,1133000,Submitted,2026-09-25,ASSET-W-000079,Borewell,Demo Village 2 Demo User Agency,Yes,2026-09-14,2026-09-17,Completed,2027-02-19,None recorded,Compliant,Demo Village 2 Demo Local Body,demo://photos/W-000079/completion,SYNTHETIC_PROTOTYPE,True
W-000081,2026-08-31,2026-08-31,1377000,Submitted,2026-09-20,ASSET-W-000081,Drainage,Demo Village 31 Demo User Agency,Yes,2026-09-04,2026-09-03,Not Due,,None recorded,Compliant,Demo Village 31 Demo Local Body,demo://photos/W-000081/completion,SYNTHETIC_PROTOTYPE,True
W-000082,2026-08-31,2026-09-01,1273000,Submitted,2026-10-14,ASSET-W-000082,Anganwadi Building,Demo Village 28 Demo User Agency,Yes,2026-09-12,2026-09-22,Pending,,None recorded,Compliant,Demo Village 28 Demo Local Body,demo://photos/W-000082/completion,SYNTHETIC_PROTOTYPE,True
W-000083,2026-08-31,2026-09-07,4021000,Pending,,ASSET-W-000083,Public Health Facility,Demo Village 24 Demo User Agency,Pending,2026-09-12,2026-09-25,Not Due,,Documentation / closure review,Review Required,Demo Village 24 Demo Local Body,demo://photos/W-000083/completion,SYNTHETIC_PROTOTYPE,True
W-000085,2026-08-31,2026-09-05,830000,Submitted,2026-09-14,ASSET-W-000085,Community Sanitation,Demo Village 11 Demo User Agency,Yes,2026-09-04,2026-09-23,Not Due,,None recorded,Compliant,Demo Village 11 Demo Local Body,demo://photos/W-000085/completion,SYNTHETIC_PROTOTYPE,True
W-000088,2026-08-31,2026-09-03,1095000,Submitted,2026-10-14,ASSET-W-000088,Library Room,Demo Village 9 Demo User Agency,Yes,2026-09-18,2026-09-02,Not Due,,None recorded,Compliant,Demo Village 9 Demo Local Body,demo://photos/W-000088/completion,SYNTHETIC_PROTOTYPE,True
W-000090,2026-08-31,2026-09-04,1068000,Submitted,2026-09-06,ASSET-W-000090,Playground Development,Demo Village 19 Demo User Agency,Yes,2026-09-15,2026-09-20,Not Due,,None recorded,Compliant,Demo Village 19 Demo Local Body,demo://photos/W-000090/completion,SYNTHETIC_PROTOTYPE,True
W-000091,2026-08-31,2026-09-03,1573000,Submitted,2026-09-27,ASSET-W-000091,Drainage,Demo Village 9 Demo User Agency,Yes,2026-09-14,2026-09-28,Completed,2026-10-01,None recorded,Compliant,Demo Village 9 Demo Local Body,demo://photos/W-000091/completion,SYNTHETIC_PROTOTYPE,True
W-000092,2026-08-31,2026-09-04,2220000,Submitted,2026-09-22,ASSET-W-000092,Approach Road,Demo Village 34 Demo User Agency,Yes,2026-09-03,2026-09-04,Completed,2026-10-08,None recorded,Compliant,Demo Village 34 Demo Local Body,demo://photos/W-000092/completion,SYNTHETIC_PROTOTYPE,True
W-000093,2026-08-31,2026-09-08,1934000,Submitted,2026-09-22,ASSET-W-000093,Public Toilet,Demo Village 29 Demo User Agency,Yes,2026-09-17,2026-09-06,Not Due,,None recorded,Compliant,Demo Village 29 Demo Local Body,demo://photos/W-000093/completion,SYNTHETIC_PROTOTYPE,True
W-000096,2026-08-31,2026-08-31,2271000,Submitted,2026-09-05,ASSET-W-000096,School Toilet,Demo Village 29 Demo User Agency,Yes,2026-09-10,2026-09-09,Completed,2026-10-11,None recorded,Compliant,Demo Village 29 Demo Local Body,demo://photos/W-000096/completion,SYNTHETIC_PROTOTYPE,True
W-000099,2026-08-31,2026-09-07,738000,Submitted,2026-09-19,ASSET-W-000099,Indoor Sports Hall,Demo Village 5 Demo User Agency,Yes,2026-09-06,2026-09-25,Not Due,,None recorded,Compliant,Demo Village 5 Demo Local Body,demo://photos/W-000099/completion,SYNTHETIC_PROTOTYPE,True
W-000100,2026-08-31,2026-09-08,3163000,Pending,,ASSET-W-000100,Borewell,Demo Village 16 Demo User Agency,No,2026-09-02,2026-09-01,Pending,,Documentation / closure review,Review Required,Demo Village 16 Demo Local Body,demo://photos/W-000100/completion,SYNTHETIC_PROTOTYPE,True
W-000103,2026-08-31,2026-09-04,2215000,Submitted,2026-10-13,ASSET-W-000103,Drainage,Demo Village 16 Demo User Agency,Yes,2026-09-11,2026-09-07,Not Due,,None recorded,Compliant,Demo Village 16 Demo Local Body,demo://photos/W-000103/completion,SYNTHETIC_PROTOTYPE,True
W-000107,2026-08-31,2026-08-31,1440000,Submitted,2026-09-30,ASSET-W-000107,CC Road,Demo Village 3 Demo User Agency,Yes,2026-09-03,2026-09-29,Completed,2026-10-10,None recorded,Compliant,Demo Village 3 Demo Local Body,demo://photos/W-000107/completion,SYNTHETIC_PROTOTYPE,True
W-000109,2026-08-31,2026-09-06,2120000,Submitted,2026-09-16,ASSET-W-000109,Health Sub-Centre,Demo Village 17 Demo User Agency,Yes,2026-09-06,2026-09-16,Pending,,None recorded,Compliant,Demo Village 17 Demo Local Body,demo://photos/W-000109/completion,SYNTHETIC_PROTOTYPE,True
W-000113,2026-08-31,2026-09-02,1839000,Submitted,2026-10-15,ASSET-W-000113,Digital Classroom,Demo Village 35 Demo User Agency,Yes,2026-09-01,2026-09-16,Completed,2027-01-24,None recorded,Compliant,Demo Village 35 Demo Local Body,demo://photos/W-000113/completion,SYNTHETIC_PROTOTYPE,True
W-000117,2026-08-31,2026-08-31,1033000,Submitted,2026-09-11,ASSET-W-000117,Health Sub-Centre,Demo Village 15 Demo User Agency,Yes,2026-09-10,2026-09-11,Completed,2026-12-06,None recorded,Compliant,Demo Village 15 Demo Local Body,demo://photos/W-000117/completion,SYNTHETIC_PROTOTYPE,True
W-000118,2026-08-31,2026-09-02,2648000,Submitted,2026-09-06,ASSET-W-000118,Solar Street Lights,Demo Village 1 Demo User Agency,Yes,2026-09-14,2026-09-07,Pending,,None recorded,Compliant,Demo Village 1 Demo Local Body,demo://photos/W-000118/completion,SYNTHETIC_PROTOTYPE,True
W-000120,2026-08-31,2026-09-01,2290000,Submitted,2026-09-24,ASSET-W-000120,Playground Development,Demo Village 13 Demo User Agency,Yes,2026-09-16,2026-09-04,Not Due,,None recorded,Compliant,Demo Village 13 Demo Local Body,demo://photos/W-000120/completion,SYNTHETIC_PROTOTYPE,True
W-000121,2026-08-31,2026-09-06,3829000,Submitted,2026-10-15,ASSET-W-000121,Approach Road,Demo Village 12 Demo User Agency,Yes,2026-09-15,2026-09-05,Completed,2027-02-17,None recorded,Compliant,Demo Village 12 Demo Local Body,demo://photos/W-000121/completion,SYNTHETIC_PROTOTYPE,True
W-000122,2026-08-31,2026-09-03,2793000,Submitted,2026-09-17,ASSET-W-000122,School Classroom,Demo Village 34 Demo User Agency,Yes,2026-09-05,2026-09-18,Not Due,,None recorded,Compliant,Demo Village 34 Demo Local Body,demo://photos/W-000122/completion,SYNTHETIC_PROTOTYPE,True
W-000127,2026-08-31,2026-08-31,1436000,Submitted,2026-10-09,ASSET-W-000127,Solar Community Lighting,Demo Village 16 Demo User Agency,Yes,2026-09-04,2026-09-12,Not Due,,None recorded,Compliant,Demo Village 16 Demo Local Body,demo://photos/W-000127/completion,SYNTHETIC_PROTOTYPE,True
W-000128,2026-08-31,2026-09-06,3024000,Submitted,2026-09-16,ASSET-W-000128,RO Water Plant,Demo Village 33 Demo User Agency,Yes,2026-09-12,2026-09-17,Not Due,,None recorded,Compliant,Demo Village 33 Demo Local Body,demo://photos/W-000128/completion,SYNTHETIC_PROTOTYPE,True
W-000130,2026-08-31,2026-09-08,1632000,Submitted,2026-10-08,ASSET-W-000130,Playground Development,Demo Village 1 Demo User Agency,Yes,2026-09-18,2026-09-03,Completed,2026-10-28,None recorded,Compliant,Demo Village 1 Demo Local Body,demo://photos/W-000130/completion,SYNTHETIC_PROTOTYPE,True
W-000131,2026-08-31,2026-08-31,2201000,Submitted,2026-09-24,ASSET-W-000131,Solar Street Lights,Demo Village 16 Demo User Agency,Yes,2026-09-06,2026-09-18,Completed,2026-10-17,None recorded,Compliant,Demo Village 16 Demo Local Body,demo://photos/W-000131/completion,SYNTHETIC_PROTOTYPE,True
W-000132,2026-08-31,2026-09-03,1911000,Submitted,2026-10-08,ASSET-W-000132,Borewell,Demo Village 27 Demo User Agency,Yes,2026-09-12,2026-09-22,Completed,2027-01-11,None recorded,Compliant,Demo Village 27 Demo Local Body,demo://photos/W-000132/completion,SYNTHETIC_PROTOTYPE,True
W-000133,2026-08-31,2026-09-05,851000,Submitted,2026-10-11,ASSET-W-000133,Community Hall,Demo Village 2 Demo User Agency,Yes,2026-09-20,2026-09-03,Not Due,,None recorded,Compliant,Demo Village 2 Demo Local Body,demo://photos/W-000133/completion,SYNTHETIC_PROTOTYPE,True
W-000135,2026-08-31,2026-09-04,2287000,Submitted,2026-09-24,ASSET-W-000135,Solar Community Lighting,Demo Village 26 Demo User Agency,Yes,2026-09-18,2026-09-20,Completed,2027-01-05,None recorded,Compliant,Demo Village 26 Demo Local Body,demo://photos/W-000135/completion,SYNTHETIC_PROTOTYPE,True
W-000136,2026-08-31,2026-09-05,660000,Submitted,2026-09-28,ASSET-W-000136,Public Toilet,Demo Village 18 Demo User Agency,Yes,2026-09-01,2026-09-07,Completed,2026-11-25,None recorded,Compliant,Demo Village 18 Demo Local Body,demo://photos/W-000136/completion,SYNTHETIC_PROTOTYPE,True
W-000137,2026-08-31,2026-09-03,2678000,Submitted,2026-10-02,ASSET-W-000137,Sports Equipment Facility,Demo Village 19 Demo User Agency,Yes,2026-09-04,2026-09-26,Pending,,None recorded,Compliant,Demo Village 19 Demo Local Body,demo://photos/W-000137/completion,SYNTHETIC_PROTOTYPE,True
W-000139,2026-08-31,2026-09-10,2145000,Pending,,ASSET-W-000139,Public Health Facility,Demo Village 9 Demo User Agency,Pending,2026-09-02,2026-09-12,Not Due,,Documentation / closure review,Review Required,Demo Village 9 Demo Local Body,demo://photos/W-000139/completion,SYNTHETIC_PROTOTYPE,True
W-000140,2026-08-31,2026-09-10,3693000,Submitted,2026-09-26,ASSET-W-000140,PHC Equipment Room,Demo Village 26 Demo User Agency,Yes,2026-09-03,2026-09-26,Not Due,,None recorded,Compliant,Demo Village 26 Demo Local Body,demo://photos/W-000140/completion,SYNTHETIC_PROTOTYPE,True
W-000141,2026-08-31,2026-08-31,3261000,Submitted,2026-10-03,ASSET-W-000141,Community Hall,Demo Village 11 Demo User Agency,Yes,2026-09-15,2026-09-14,Pending,,None recorded,Compliant,Demo Village 11 Demo Local Body,demo://photos/W-000141/completion,SYNTHETIC_PROTOTYPE,True
W-000142,2026-08-31,2026-09-09,1206000,Submitted,2026-09-28,ASSET-W-000142,Water Tank,Demo Village 6 Demo User Agency,Yes,2026-09-14,2026-09-29,Completed,2026-11-18,None recorded,Compliant,Demo Village 6 Demo Local Body,demo://photos/W-000142/completion,SYNTHETIC_PROTOTYPE,True
W-000143,2026-08-31,2026-09-01,977000,Submitted,2026-10-11,ASSET-W-000143,Public Health Facility,Demo Village 11 Demo User Agency,Yes,2026-09-18,2026-09-04,Pending,,None recorded,Compliant,Demo Village 11 Demo Local Body,demo://photos/W-000143/completion,SYNTHETIC_PROTOTYPE,True
W-000145,2026-08-31,2026-09-02,1449000,Submitted,2026-09-25,ASSET-W-000145,Community Sanitation,Demo Village 3 Demo User Agency,Yes,2026-09-07,2026-09-09,Completed,2026-10-11,None recorded,Compliant,Demo Village 3 Demo Local Body,demo://photos/W-000145/completion,SYNTHETIC_PROTOTYPE,True
W-000146,2026-08-31,2026-09-04,2224000,Submitted,2026-10-13,ASSET-W-000146,Digital Classroom,Demo Village 22 Demo User Agency,Yes,2026-09-16,2026-09-28,Not Due,,None recorded,Compliant,Demo Village 22 Demo Local Body,demo://photos/W-000146/completion,SYNTHETIC_PROTOTYPE,True
W-000147,2026-08-31,2026-09-05,2893000,Submitted,2026-09-30,ASSET-W-000147,Sports Equipment Facility,Demo Village 21 Demo User Agency,Yes,2026-09-14,2026-09-26,Pending,,None recorded,Compliant,Demo Village 21 Demo Local Body,demo://photos/W-000147/completion,SYNTHETIC_PROTOTYPE,True
W-000151,2026-08-31,2026-09-10,2250000,Submitted,2026-09-30,ASSET-W-000151,Solar Community Lighting,Demo Village 22 Demo User Agency,Yes,2026-09-01,2026-09-15,Pending,,None recorded,Compliant,Demo Village 22 Demo Local Body,demo://photos/W-000151/completion,SYNTHETIC_PROTOTYPE,True
W-000152,2026-08-31,2026-09-09,2490000,Submitted,2026-09-18,ASSET-W-000152,Sports Equipment Facility,Demo Village 21 Demo User Agency,Yes,2026-09-15,2026-09-23,Completed,2026-10-27,None recorded,Compliant,Demo Village 21 Demo Local Body,demo://photos/W-000152/completion,SYNTHETIC_PROTOTYPE,True
W-000154,2026-08-31,2026-09-04,3262000,Submitted,2026-09-22,ASSET-W-000154,School Classroom,Demo Village 28 Demo User Agency,Yes,2026-09-08,2026-09-11,Pending,,None recorded,Compliant,Demo Village 28 Demo Local Body,demo://photos/W-000154/completion,SYNTHETIC_PROTOTYPE,True
W-000157,2026-08-31,2026-09-01,999000,Submitted,2026-09-11,ASSET-W-000157,Digital Classroom,Demo Village 19 Demo User Agency,Yes,2026-09-11,2026-09-08,Pending,,None recorded,Compliant,Demo Village 19 Demo Local Body,demo://photos/W-000157/completion,SYNTHETIC_PROTOTYPE,True
W-000158,2026-08-31,2026-09-03,1561000,Submitted,2026-09-18,ASSET-W-000158,Drainage,Demo Village 20 Demo User Agency,Yes,2026-09-05,2026-09-14,Pending,,None recorded,Compliant,Demo Village 20 Demo Local Body,demo://photos/W-000158/completion,SYNTHETIC_PROTOTYPE,True
W-000159,2026-08-31,2026-08-31,1097000,Submitted,2026-09-28,ASSET-W-000159,Public Health Facility,Demo Village 21 Demo User Agency,Yes,2026-09-18,2026-09-24,Not Due,,None recorded,Compliant,Demo Village 21 Demo Local Body,demo://photos/W-000159/completion,SYNTHETIC_PROTOTYPE,True
W-000160,2026-08-31,2026-09-06,2465000,Submitted,2026-10-07,ASSET-W-000160,Public Waiting Hall,Demo Village 3 Demo User Agency,Yes,2026-09-08,2026-09-02,Pending,,None recorded,Compliant,Demo Village 3 Demo Local Body,demo://photos/W-000160/completion,SYNTHETIC_PROTOTYPE,True
W-000162,2026-08-31,2026-09-08,2033000,Submitted,2026-10-10,ASSET-W-000162,PHC Equipment Room,Demo Village 1 Demo User Agency,Yes,2026-09-10,2026-09-13,Pending,,None recorded,Compliant,Demo Village 1 Demo Local Body,demo://photos/W-000162/completion,SYNTHETIC_PROTOTYPE,True
W-000163,2026-08-31,2026-09-05,755000,Submitted,2026-10-08,ASSET-W-000163,Playground Development,Demo Village 16 Demo User Agency,Yes,2026-09-06,2026-09-12,Not Due,,None recorded,Compliant,Demo Village 16 Demo Local Body,demo://photos/W-000163/completion,SYNTHETIC_PROTOTYPE,True
W-000165,2026-08-31,2026-09-08,1429000,Submitted,2026-09-29,ASSET-W-000165,Ambulance Shelter,Demo Village 16 Demo User Agency,Yes,2026-09-03,2026-09-14,Pending,,None recorded,Compliant,Demo Village 16 Demo Local Body,demo://photos/W-000165/completion,SYNTHETIC_PROTOTYPE,True
W-000166,2026-08-31,2026-09-05,2160000,Submitted,2026-09-11,ASSET-W-000166,Solar Community Lighting,Demo Village 2 Demo User Agency,Yes,2026-09-09,2026-09-10,Pending,,None recorded,Compliant,Demo Village 2 Demo Local Body,demo://photos/W-000166/completion,SYNTHETIC_PROTOTYPE,True
W-000167,2026-08-31,2026-09-10,3583000,Submitted,2026-09-23,ASSET-W-000167,Public Health Facility,Demo Village 25 Demo User Agency,Yes,2026-09-09,2026-09-05,Pending,,None recorded,Compliant,Demo Village 25 Demo Local Body,demo://photos/W-000167/completion,SYNTHETIC_PROTOTYPE,True
W-000168,2026-08-31,2026-09-01,473000,Submitted,2026-09-08,ASSET-W-000168,Borewell,Demo Village 21 Demo User Agency,Yes,2026-09-12,2026-09-12,Not Due,,None recorded,Compliant,Demo Village 21 Demo Local Body,demo://photos/W-000168/completion,SYNTHETIC_PROTOTYPE,True
W-000171,2026-08-31,2026-08-31,2918000,Submitted,2026-10-15,ASSET-W-000171,Pipeline Extension,Demo Village 5 Demo User Agency,Yes,2026-09-06,2026-09-16,Pending,,None recorded,Compliant,Demo Village 5 Demo Local Body,demo://photos/W-000171/completion,SYNTHETIC_PROTOTYPE,True
W-000172,2026-08-31,2026-08-31,2214000,Submitted,2026-10-05,ASSET-W-000172,Approach Road,Demo Village 17 Demo User Agency,Yes,2026-09-04,2026-09-04,Completed,2027-02-15,None recorded,Compliant,Demo Village 17 Demo Local Body,demo://photos/W-000172/completion,SYNTHETIC_PROTOTYPE,True
W-000174,2026-08-31,2026-09-02,1798000,Submitted,2026-09-14,ASSET-W-000174,Indoor Sports Hall,Demo Village 11 Demo User Agency,Yes,2026-09-13,2026-09-03,Pending,,None recorded,Compliant,Demo Village 11 Demo Local Body,demo://photos/W-000174/completion,SYNTHETIC_PROTOTYPE,True
W-000175,2026-08-31,2026-09-07,2391000,Submitted,2026-10-10,ASSET-W-000175,CC Road,Demo Village 8 Demo User Agency,Yes,2026-09-11,2026-09-10,Completed,2026-10-15,None recorded,Compliant,Demo Village 8 Demo Local Body,demo://photos/W-000175/completion,SYNTHETIC_PROTOTYPE,True
W-000176,2026-08-31,2026-09-05,2374000,Submitted,2026-10-15,ASSET-W-000176,Sports Equipment Facility,Demo Village 19 Demo User Agency,Yes,2026-09-18,2026-09-20,Completed,2026-11-15,None recorded,Compliant,Demo Village 19 Demo Local Body,demo://photos/W-000176/completion,SYNTHETIC_PROTOTYPE,True
W-000178,2026-08-31,2026-09-10,1643000,Submitted,2026-09-09,ASSET-W-000178,Solar Water System,Demo Village 2 Demo User Agency,Yes,2026-09-20,2026-09-16,Pending,,None recorded,Compliant,Demo Village 2 Demo Local Body,demo://photos/W-000178/completion,SYNTHETIC_PROTOTYPE,True
W-000181,2026-08-31,2026-09-04,2689000,Submitted,2026-09-07,ASSET-W-000181,Public Health Facility,Demo Village 18 Demo User Agency,Yes,2026-09-05,2026-09-20,Completed,2026-10-15,None recorded,Compliant,Demo Village 18 Demo Local Body,demo://photos/W-000181/completion,SYNTHETIC_PROTOTYPE,True
W-000182,2026-08-31,2026-09-06,2286000,Submitted,2026-09-24,ASSET-W-000182,Digital Classroom,Demo Village 12 Demo User Agency,Yes,2026-09-02,2026-09-19,Completed,2026-12-02,None recorded,Compliant,Demo Village 12 Demo Local Body,demo://photos/W-000182/completion,SYNTHETIC_PROTOTYPE,True
W-000183,2026-08-31,2026-09-03,3598000,Submitted,2026-09-16,ASSET-W-000183,Rural Road,Demo Village 15 Demo User Agency,Yes,2026-09-17,2026-09-04,Pending,,None recorded,Compliant,Demo Village 15 Demo Local Body,demo://photos/W-000183/completion,SYNTHETIC_PROTOTYPE,True
W-000184,2026-08-31,2026-09-06,1477000,Submitted,2026-09-18,ASSET-W-000184,Public Toilet,Demo Village 12 Demo User Agency,Yes,2026-09-02,2026-09-13,Pending,,None recorded,Compliant,Demo Village 12 Demo Local Body,demo://photos/W-000184/completion,SYNTHETIC_PROTOTYPE,True
W-000187,2026-08-31,2026-09-04,2422000,Submitted,2026-09-15,ASSET-W-000187,Library Room,Demo Village 19 Demo User Agency,Yes,2026-09-11,2026-09-24,Not Due,,None recorded,Compliant,Demo Village 19 Demo Local Body,demo://photos/W-000187/completion,SYNTHETIC_PROTOTYPE,True
W-000190,2026-08-31,2026-09-02,2407000,Submitted,2026-10-06,ASSET-W-000190,School Classroom,Demo Village 25 Demo User Agency,Yes,2026-09-18,2026-09-15,Not Due,,None recorded,Compliant,Demo Village 25 Demo Local Body,demo://photos/W-000190/completion,SYNTHETIC_PROTOTYPE,True
W-000191,2026-08-31,2026-09-10,1137000,Submitted,2026-09-24,ASSET-W-000191,Solar Street Lights,Demo Village 21 Demo User Agency,Yes,2026-09-15,2026-09-09,Not Due,,None recorded,Compliant,Demo Village 21 Demo Local Body,demo://photos/W-000191/completion,SYNTHETIC_PROTOTYPE,True
W-000192,2026-08-31,2026-09-03,2133000,Submitted,2026-10-15,ASSET-W-000192,Solar Water System,Demo Village 14 Demo User Agency,Yes,2026-09-18,2026-09-10,Completed,2027-02-07,None recorded,Compliant,Demo Village 14 Demo Local Body,demo://photos/W-000192/completion,SYNTHETIC_PROTOTYPE,True
W-000194,2026-08-31,2026-09-05,2615000,Submitted,2026-09-28,ASSET-W-000194,Health Sub-Centre,Demo Village 17 Demo User Agency,Yes,2026-09-15,2026-09-17,Not Due,,None recorded,Compliant,Demo Village 17 Demo Local Body,demo://photos/W-000194/completion,SYNTHETIC_PROTOTYPE,True
W-000195,2026-08-31,2026-09-04,3067000,Submitted,2026-10-08,ASSET-W-000195,Public Health Facility,Demo Village 29 Demo User Agency,Yes,2026-09-16,2026-09-03,Not Due,,None recorded,Compliant,Demo Village 29 Demo Local Body,demo://photos/W-000195/completion,SYNTHETIC_PROTOTYPE,True
W-000197,2026-08-31,2026-09-10,1394000,Submitted,2026-09-18,ASSET-W-000197,Bus Shelter,Demo Village 20 Demo User Agency,Yes,2026-09-11,2026-09-18,Not Due,,None recorded,Compliant,Demo Village 20 Demo Local Body,demo://photos/W-000197/completion,SYNTHETIC_PROTOTYPE,True
W-000198,2026-08-31,2026-09-08,2551000,Submitted,2026-10-02,ASSET-W-000198,School Classroom,Demo Village 19 Demo User Agency,Yes,2026-09-20,2026-09-24,Not Due,,None recorded,Compliant,Demo Village 19 Demo Local Body,demo://photos/W-000198/completion,SYNTHETIC_PROTOTYPE,True
W-000199,2026-08-31,2026-09-04,2566000,Submitted,2026-10-15,ASSET-W-000199,Pipeline Extension,Demo Village 11 Demo User Agency,Yes,2026-09-04,2026-09-16,Not Due,,None recorded,Compliant,Demo Village 11 Demo Local Body,demo://photos/W-000199/completion,SYNTHETIC_PROTOTYPE,True
W-000200,2026-08-31,2026-09-06,1804000,Submitted,2026-09-10,ASSET-W-000200,Solar Public Facility,Demo Village 5 Demo User Agency,Yes,2026-09-02,2026-09-24,Pending,,None recorded,Compliant,Demo Village 5 Demo Local Body,demo://photos/W-000200/completion,SYNTHETIC_PROTOTYPE,True
W-000201,2026-08-31,2026-09-10,2026000,Submitted,2026-10-04,ASSET-W-000201,Rural Road,Demo Village 13 Demo User Agency,Yes,2026-09-08,2026-09-03,Not Due,,None recorded,Compliant,Demo Village 13 Demo Local Body,demo://photos/W-000201/completion,SYNTHETIC_PROTOTYPE,True
W-000202,2026-08-31,2026-09-04,1287000,Submitted,2026-10-07,ASSET-W-000202,Open Gym,Demo Village 34 Demo User Agency,Yes,2026-09-04,2026-09-10,Pending,,None recorded,Compliant,Demo Village 34 Demo Local Body,demo://photos/W-000202/completion,SYNTHETIC_PROTOTYPE,True
W-000203,2026-08-31,2026-09-06,3251000,Submitted,2026-09-06,ASSET-W-000203,Community Hall,Demo Village 12 Demo User Agency,Yes,2026-09-08,2026-09-06,Completed,2026-11-15,None recorded,Compliant,Demo Village 12 Demo Local Body,demo://photos/W-000203/completion,SYNTHETIC_PROTOTYPE,True
W-000204,2026-08-31,2026-09-07,2141000,Submitted,2026-10-07,ASSET-W-000204,Library Room,Demo Village 32 Demo User Agency,Yes,2026-09-16,2026-09-16,Pending,,None recorded,Compliant,Demo Village 32 Demo Local Body,demo://photos/W-000204/completion,SYNTHETIC_PROTOTYPE,True
W-000206,2026-08-31,2026-09-07,1308000,Submitted,2026-10-08,ASSET-W-000206,PHC Equipment Room,Demo Village 7 Demo User Agency,Yes,2026-09-05,2026-09-25,Not Due,,None recorded,Compliant,Demo Village 7 Demo Local Body,demo://photos/W-000206/completion,SYNTHETIC_PROTOTYPE,True
W-000207,2026-08-31,2026-09-02,2807000,Submitted,2026-09-11,ASSET-W-000207,RO Water Plant,Demo Village 15 Demo User Agency,Yes,2026-09-11,2026-09-12,Completed,2027-02-26,None recorded,Compliant,Demo Village 15 Demo Local Body,demo://photos/W-000207/completion,SYNTHETIC_PROTOTYPE,True
W-000208,2026-08-31,2026-09-04,3027000,Submitted,2026-09-18,ASSET-W-000208,Bus Shelter,Demo Village 15 Demo User Agency,Yes,2026-09-19,2026-09-04,Not Due,,None recorded,Compliant,Demo Village 15 Demo Local Body,demo://photos/W-000208/completion,SYNTHETIC_PROTOTYPE,True
W-000209,2026-08-31,2026-09-10,2491000,Submitted,2026-10-08,ASSET-W-000209,Sports Equipment Facility,Demo Village 4 Demo User Agency,Yes,2026-09-11,2026-09-10,Completed,2027-01-08,None recorded,Compliant,Demo Village 4 Demo Local Body,demo://photos/W-000209/completion,SYNTHETIC_PROTOTYPE,True
W-000212,2026-08-31,2026-09-08,2441000,Submitted,2026-09-07,ASSET-W-000212,Anganwadi Building,Demo Village 33 Demo User Agency,Yes,2026-09-11,2026-09-27,Pending,,None recorded,Compliant,Demo Village 33 Demo Local Body,demo://photos/W-000212/completion,SYNTHETIC_PROTOTYPE,True
W-000213,2026-08-31,2026-09-08,2043000,Submitted,2026-10-08,ASSET-W-000213,Sports Equipment Facility,Demo Village 24 Demo User Agency,Yes,2026-09-11,2026-09-05,Not Due,,None recorded,Compliant,Demo Village 24 Demo Local Body,demo://photos/W-000213/completion,SYNTHETIC_PROTOTYPE,True
W-000215,2026-08-31,2026-09-04,1257000,Submitted,2026-09-25,ASSET-W-000215,Solar Street Lights,Demo Village 32 Demo User Agency,Yes,2026-09-19,2026-09-27,Pending,,None recorded,Compliant,Demo Village 32 Demo Local Body,demo://photos/W-000215/completion,SYNTHETIC_PROTOTYPE,True
W-000216,2026-08-31,2026-09-08,631000,Submitted,2026-10-02,ASSET-W-000216,Borewell,Demo Village 17 Demo User Agency,Yes,2026-09-01,2026-09-25,Pending,,None recorded,Compliant,Demo Village 17 Demo Local Body,demo://photos/W-000216/completion,SYNTHETIC_PROTOTYPE,True
W-000217,2026-08-31,2026-09-01,5899000,Submitted,2026-10-14,ASSET-W-000217,Public Health Facility,Demo Village 16 Demo User Agency,Yes,2026-09-07,2026-09-17,Pending,,None recorded,Compliant,Demo Village 16 Demo Local Body,demo://photos/W-000217/completion,SYNTHETIC_PROTOTYPE,True
W-000218,2026-08-31,2026-09-05,1197000,Submitted,2026-09-09,ASSET-W-000218,Community Sanitation,Demo Village 11 Demo User Agency,Yes,2026-09-13,2026-09-24,Completed,2026-12-19,None recorded,Compliant,Demo Village 11 Demo Local Body,demo://photos/W-000218/completion,SYNTHETIC_PROTOTYPE,True
W-000220,2026-08-31,2026-08-31,2004000,Submitted,2026-09-12,ASSET-W-000220,Health Sub-Centre,Demo Village 22 Demo User Agency,Yes,2026-09-03,2026-09-21,Not Due,,None recorded,Compliant,Demo Village 22 Demo Local Body,demo://photos/W-000220/completion,SYNTHETIC_PROTOTYPE,True
W-000221,2026-08-31,2026-09-03,1864000,Submitted,2026-09-24,ASSET-W-000221,School Classroom,Demo Village 31 Demo User Agency,Yes,2026-09-10,2026-09-23,Not Due,,None recorded,Compliant,Demo Village 31 Demo Local Body,demo://photos/W-000221/completion,SYNTHETIC_PROTOTYPE,True
W-000222,2026-08-31,2026-09-06,2380000,Submitted,2026-10-09,ASSET-W-000222,Solar Street Lights,Demo Village 31 Demo User Agency,Yes,2026-09-19,2026-09-30,Not Due,,None recorded,Compliant,Demo Village 31 Demo Local Body,demo://photos/W-000222/completion,SYNTHETIC_PROTOTYPE,True
W-000224,2026-08-31,2026-09-07,2962000,Submitted,2026-09-07,ASSET-W-000224,PHC Equipment Room,Demo Village 18 Demo User Agency,Yes,2026-09-09,2026-09-04,Not Due,,None recorded,Compliant,Demo Village 18 Demo Local Body,demo://photos/W-000224/completion,SYNTHETIC_PROTOTYPE,True
W-000226,2026-08-31,2026-09-03,2392000,Submitted,2026-09-10,ASSET-W-000226,Playground Development,Demo Village 15 Demo User Agency,Yes,2026-09-06,2026-09-29,Pending,,None recorded,Compliant,Demo Village 15 Demo Local Body,demo://photos/W-000226/completion,SYNTHETIC_PROTOTYPE,True
W-000227,2026-08-31,2026-09-05,2752000,Submitted,2026-09-17,ASSET-W-000227,Public Health Facility,Demo Village 27 Demo User Agency,Yes,2026-09-16,2026-09-09,Not Due,,None recorded,Compliant,Demo Village 27 Demo Local Body,demo://photos/W-000227/completion,SYNTHETIC_PROTOTYPE,True
W-000228,2026-08-31,2026-09-06,1623000,Submitted,2026-09-09,ASSET-W-000228,Borewell,Demo Village 33 Demo User Agency,Yes,2026-09-04,2026-09-21,Completed,2027-02-19,None recorded,Compliant,Demo Village 33 Demo Local Body,demo://photos/W-000228/completion,SYNTHETIC_PROTOTYPE,True
W-000230,2026-08-31,2026-09-02,1413000,Submitted,2026-10-13,ASSET-W-000230,Solid Waste Shed,Demo Village 7 Demo User Agency,Yes,2026-09-18,2026-09-27,Completed,2026-11-17,None recorded,Compliant,Demo Village 7 Demo Local Body,demo://photos/W-000230/completion,SYNTHETIC_PROTOTYPE,True
W-000233,2026-08-31,2026-09-06,3372000,Submitted,2026-09-14,ASSET-W-000233,Ambulance Shelter,Demo Village 18 Demo User Agency,Yes,2026-09-12,2026-09-05,Pending,,None recorded,Compliant,Demo Village 18 Demo Local Body,demo://photos/W-000233/completion,SYNTHETIC_PROTOTYPE,True
W-000234,2026-08-31,2026-09-01,2217000,Submitted,2026-09-06,ASSET-W-000234,CC Road,Demo Village 8 Demo User Agency,Yes,2026-09-16,2026-09-27,Not Due,,None recorded,Compliant,Demo Village 8 Demo Local Body,demo://photos/W-000234/completion,SYNTHETIC_PROTOTYPE,True
W-000235,2026-08-31,2026-09-10,1175000,Submitted,2026-09-26,ASSET-W-000235,Solar Street Lights,Demo Village 2 Demo User Agency,Yes,2026-09-10,2026-09-14,Not Due,,None recorded,Compliant,Demo Village 2 Demo Local Body,demo://photos/W-000235/completion,SYNTHETIC_PROTOTYPE,True
W-000237,2026-08-31,2026-09-10,1881000,Submitted,2026-09-27,ASSET-W-000237,Drainage,Demo Village 6 Demo User Agency,Yes,2026-09-16,2026-09-15,Not Due,,None recorded,Compliant,Demo Village 6 Demo Local Body,demo://photos/W-000237/completion,SYNTHETIC_PROTOTYPE,True
W-000238,2026-08-31,2026-09-05,647000,Submitted,2026-10-06,ASSET-W-000238,Solid Waste Shed,Demo Village 18 Demo User Agency,Yes,2026-09-03,2026-09-30,Completed,2026-10-12,None recorded,Compliant,Demo Village 18 Demo Local Body,demo://photos/W-000238/completion,SYNTHETIC_PROTOTYPE,True
W-000239,2026-08-31,2026-09-02,1407000,Submitted,2026-09-18,ASSET-W-000239,Public Waiting Hall,Demo Village 15 Demo User Agency,Yes,2026-09-16,2026-09-01,Completed,2026-12-31,None recorded,Compliant,Demo Village 15 Demo Local Body,demo://photos/W-000239/completion,SYNTHETIC_PROTOTYPE,True
W-000240,2026-08-31,2026-09-08,2330000,Submitted,2026-09-26,ASSET-W-000240,Solar Public Facility,Demo Village 28 Demo User Agency,Yes,2026-09-06,2026-09-28,Not Due,,None recorded,Compliant,Demo Village 28 Demo Local Body,demo://photos/W-000240/completion,SYNTHETIC_PROTOTYPE,True
W-000245,2026-08-31,2026-09-09,1562000,Submitted,2026-09-20,ASSET-W-000245,RO Water Plant,Demo Village 33 Demo User Agency,Yes,2026-09-13,2026-09-14,Pending,,None recorded,Compliant,Demo Village 33 Demo Local Body,demo://photos/W-000245/completion,SYNTHETIC_PROTOTYPE,True
W-000246,2026-08-31,2026-09-08,1906000,Submitted,2026-09-18,ASSET-W-000246,Solar Community Lighting,Demo Village 12 Demo User Agency,Yes,2026-09-18,2026-09-15,Not Due,,None recorded,Compliant,Demo Village 12 Demo Local Body,demo://photos/W-000246/completion,SYNTHETIC_PROTOTYPE,True
W-000247,2026-08-31,2026-09-03,1639000,Submitted,2026-10-03,ASSET-W-000247,Playground Development,Demo Village 4 Demo User Agency,Yes,2026-09-13,2026-09-13,Pending,,None recorded,Compliant,Demo Village 4 Demo Local Body,demo://photos/W-000247/completion,SYNTHETIC_PROTOTYPE,True
W-000248,2026-08-31,2026-09-02,1115000,Pending,,ASSET-W-000248,Playground Development,Demo Village 10 Demo User Agency,Pending,2026-09-04,2026-09-29,Completed,2026-11-04,Documentation / closure review,Review Required,Demo Village 10 Demo Local Body,demo://photos/W-000248/completion,SYNTHETIC_PROTOTYPE,True
W-000249,2026-08-31,2026-09-05,1610000,Submitted,2026-10-01,ASSET-W-000249,Small Bridge,Demo Village 30 Demo User Agency,Yes,2026-09-04,2026-09-09,Pending,,None recorded,Compliant,Demo Village 30 Demo Local Body,demo://photos/W-000249/completion,SYNTHETIC_PROTOTYPE,True
W-000250,2026-08-31,2026-09-01,2721000,Submitted,2026-09-24,ASSET-W-000250,Approach Road,Demo Village 2 Demo User Agency,Yes,2026-09-11,2026-09-24,Not Due,,None recorded,Compliant,Demo Village 2 Demo Local Body,demo://photos/W-000250/completion,SYNTHETIC_PROTOTYPE,True
W-000251,2026-08-31,2026-09-09,2649000,Submitted,2026-09-20,ASSET-W-000251,RO Water Plant,Demo Village 6 Demo User Agency,Yes,2026-09-11,2026-09-01,Completed,2027-01-08,None recorded,Compliant,Demo Village 6 Demo Local Body,demo://photos/W-000251/completion,SYNTHETIC_PROTOTYPE,True
W-000252,2026-08-31,2026-09-08,2165000,Submitted,2026-10-15,ASSET-W-000252,School Toilet,Demo Village 8 Demo User Agency,Yes,2026-09-07,2026-09-14,Completed,2026-11-30,None recorded,Compliant,Demo Village 8 Demo Local Body,demo://photos/W-000252/completion,SYNTHETIC_PROTOTYPE,True
W-000253,2026-08-31,2026-09-05,1220000,Submitted,2026-09-28,ASSET-W-000253,Bus Shelter,Demo Village 8 Demo User Agency,Yes,2026-09-12,2026-09-13,Completed,2026-11-07,None recorded,Compliant,Demo Village 8 Demo Local Body,demo://photos/W-000253/completion,SYNTHETIC_PROTOTYPE,True
W-000254,2026-08-31,2026-09-09,2688000,Submitted,2026-10-09,ASSET-W-000254,Sports Equipment Facility,Demo Village 1 Demo User Agency,Yes,2026-09-05,2026-09-10,Pending,,None recorded,Compliant,Demo Village 1 Demo Local Body,demo://photos/W-000254/completion,SYNTHETIC_PROTOTYPE,True
W-000255,2026-08-31,2026-09-04,699000,Submitted,2026-09-12,ASSET-W-000255,Solid Waste Shed,Demo Village 20 Demo User Agency,Yes,2026-09-06,2026-09-30,Completed,2026-10-04,None recorded,Compliant,Demo Village 20 Demo Local Body,demo://photos/W-000255/completion,SYNTHETIC_PROTOTYPE,True
W-000257,2026-08-31,2026-09-10,2798000,Submitted,2026-09-16,ASSET-W-000257,Community Hall,Demo Village 26 Demo User Agency,Yes,2026-09-20,2026-09-29,Not Due,,None recorded,Compliant,Demo Village 26 Demo Local Body,demo://photos/W-000257/completion,SYNTHETIC_PROTOTYPE,True
W-000259,2026-08-31,2026-09-01,1842000,Submitted,2026-10-03,ASSET-W-000259,Borewell,Demo Village 28 Demo User Agency,Yes,2026-09-07,2026-09-28,Not Due,,None recorded,Compliant,Demo Village 28 Demo Local Body,demo://photos/W-000259/completion,SYNTHETIC_PROTOTYPE,True
W-000261,2026-08-31,2026-09-04,1538000,Submitted,2026-09-21,ASSET-W-000261,School Classroom,Demo Village 27 Demo User Agency,Yes,2026-09-03,2026-09-24,Not Due,,None recorded,Compliant,Demo Village 27 Demo Local Body,demo://photos/W-000261/completion,SYNTHETIC_PROTOTYPE,True
W-000264,2026-08-31,2026-09-06,1199000,Submitted,2026-09-29,ASSET-W-000264,Solar Water System,Demo Village 22 Demo User Agency,Yes,2026-09-06,2026-09-12,Pending,,None recorded,Compliant,Demo Village 22 Demo Local Body,demo://photos/W-000264/completion,SYNTHETIC_PROTOTYPE,True
W-000266,2026-08-31,2026-09-06,1572000,Submitted,2026-10-08,ASSET-W-000266,Public Toilet,Demo Village 26 Demo User Agency,Yes,2026-09-16,2026-09-15,Completed,2026-10-31,None recorded,Compliant,Demo Village 26 Demo Local Body,demo://photos/W-000266/completion,SYNTHETIC_PROTOTYPE,True
W-000267,2026-08-31,2026-09-04,972000,Submitted,2026-10-15,ASSET-W-000267,School Classroom,Demo Village 30 Demo User Agency,Yes,2026-09-01,2026-09-04,Pending,,None recorded,Compliant,Demo Village 30 Demo Local Body,demo://photos/W-000267/completion,SYNTHETIC_PROTOTYPE,True
W-000268,2026-08-31,2026-09-09,3960000,Submitted,2026-10-15,ASSET-W-000268,Water Tank,Demo Village 15 Demo User Agency,Yes,2026-09-16,2026-09-06,Not Due,,None recorded,Compliant,Demo Village 15 Demo Local Body,demo://photos/W-000268/completion,SYNTHETIC_PROTOTYPE,True
W-000271,2026-08-31,2026-09-03,595000,Submitted,2026-09-16,ASSET-W-000271,Playground Development,Demo Village 5 Demo User Agency,Yes,2026-09-14,2026-09-17,Not Due,,None recorded,Compliant,Demo Village 5 Demo Local Body,demo://photos/W-000271/completion,SYNTHETIC_PROTOTYPE,True
W-000272,2026-08-31,2026-09-07,2596000,Pending,,ASSET-W-000272,Ambulance Shelter,Demo Village 22 Demo User Agency,No,2026-09-15,2026-09-15,Not Due,,Documentation / closure review,Review Required,Demo Village 22 Demo Local Body,demo://photos/W-000272/completion,SYNTHETIC_PROTOTYPE,True
W-000274,2026-08-31,2026-09-06,3050000,Submitted,2026-09-12,ASSET-W-000274,Health Sub-Centre,Demo Village 31 Demo User Agency,Yes,2026-09-05,2026-09-09,Not Due,,None recorded,Compliant,Demo Village 31 Demo Local Body,demo://photos/W-000274/completion,SYNTHETIC_PROTOTYPE,True
W-000275,2026-08-31,2026-09-06,2346000,Submitted,2026-09-24,ASSET-W-000275,Water Tank,Demo Village 21 Demo User Agency,Yes,2026-09-15,2026-09-27,Not Due,,None recorded,Compliant,Demo Village 21 Demo Local Body,demo://photos/W-000275/completion,SYNTHETIC_PROTOTYPE,True
W-000276,2026-08-31,2026-09-08,2686000,Submitted,2026-10-15,ASSET-W-000276,Borewell,Demo Village 1 Demo User Agency,Yes,2026-09-04,2026-09-14,Completed,2026-12-03,None recorded,Compliant,Demo Village 1 Demo Local Body,demo://photos/W-000276/completion,SYNTHETIC_PROTOTYPE,True
W-000278,2026-08-31,2026-09-08,1798000,Submitted,2026-09-22,ASSET-W-000278,RO Water Plant,Demo Village 32 Demo User Agency,Yes,2026-09-18,2026-09-14,Completed,2026-10-27,None recorded,Compliant,Demo Village 32 Demo Local Body,demo://photos/W-000278/completion,SYNTHETIC_PROTOTYPE,True
W-000279,2026-08-31,2026-09-01,2165000,Submitted,2026-09-27,ASSET-W-000279,Solar Community Lighting,Demo Village 17 Demo User Agency,Yes,2026-09-12,2026-09-09,Pending,,None recorded,Compliant,Demo Village 17 Demo Local Body,demo://photos/W-000279/completion,SYNTHETIC_PROTOTYPE,True
W-000282,2026-08-31,2026-09-10,1920000,Submitted,2026-09-17,ASSET-W-000282,Library Room,Demo Village 23 Demo User Agency,Yes,2026-09-12,2026-09-22,Not Due,,None recorded,Compliant,Demo Village 23 Demo Local Body,demo://photos/W-000282/completion,SYNTHETIC_PROTOTYPE,True
W-000283,2026-08-31,2026-09-07,1085000,Submitted,2026-09-16,ASSET-W-000283,Bus Shelter,Demo Village 19 Demo User Agency,Yes,2026-09-11,2026-09-21,Not Due,,None recorded,Compliant,Demo Village 19 Demo Local Body,demo://photos/W-000283/completion,SYNTHETIC_PROTOTYPE,True
W-000284,2026-08-31,2026-09-03,1188000,Submitted,2026-09-14,ASSET-W-000284,Ambulance Shelter,Demo Village 25 Demo User Agency,Yes,2026-09-08,2026-09-14,Pending,,None recorded,Compliant,Demo Village 25 Demo Local Body,demo://photos/W-000284/completion,SYNTHETIC_PROTOTYPE,True
W-000285,2026-08-31,2026-09-04,2579000,Submitted,2026-09-17,ASSET-W-000285,Drainage,Demo Village 35 Demo User Agency,Yes,2026-09-13,2026-09-14,Not Due,,None recorded,Compliant,Demo Village 35 Demo Local Body,demo://photos/W-000285/completion,SYNTHETIC_PROTOTYPE,True
W-000287,2026-08-31,2026-09-04,1185000,Submitted,2026-09-16,ASSET-W-000287,RO Water Plant,Demo Village 15 Demo User Agency,Yes,2026-09-09,2026-09-24,Not Due,,None recorded,Compliant,Demo Village 15 Demo Local Body,demo://photos/W-000287/completion,SYNTHETIC_PROTOTYPE,True
W-000288,2026-08-31,2026-09-02,4050000,Submitted,2026-09-10,ASSET-W-000288,Rural Road,Demo Village 7 Demo User Agency,Yes,2026-09-18,2026-09-12,Not Due,,None recorded,Compliant,Demo Village 7 Demo Local Body,demo://photos/W-000288/completion,SYNTHETIC_PROTOTYPE,True
W-000289,2026-08-31,2026-09-06,925000,Not Submitted,,ASSET-W-000289,Library Room,Demo Village 15 Demo User Agency,Pending,2026-09-20,2026-09-27,Not Due,,Documentation / closure review,Review Required,Demo Village 15 Demo Local Body,demo://photos/W-000289/completion,SYNTHETIC_PROTOTYPE,True
W-000290,2026-08-31,2026-09-09,2678000,Submitted,2026-09-10,ASSET-W-000290,Community Hall,Demo Village 7 Demo User Agency,Yes,2026-09-14,2026-09-09,Completed,2026-10-12,None recorded,Compliant,Demo Village 7 Demo Local Body,demo://photos/W-000290/completion,SYNTHETIC_PROTOTYPE,True
W-000291,2026-08-31,2026-09-09,2007000,Submitted,2026-09-09,ASSET-W-000291,Community Hall,Demo Village 31 Demo User Agency,Yes,2026-09-19,2026-09-20,Pending,,None recorded,Compliant,Demo Village 31 Demo Local Body,demo://photos/W-000291/completion,SYNTHETIC_PROTOTYPE,True
W-000292,2026-08-31,2026-08-31,1494000,Submitted,2026-09-18,ASSET-W-000292,Indoor Sports Hall,Demo Village 16 Demo User Agency,Yes,2026-09-06,2026-09-23,Not Due,,None recorded,Compliant,Demo Village 16 Demo Local Body,demo://photos/W-000292/completion,SYNTHETIC_PROTOTYPE,True
W-000295,2026-08-31,2026-09-02,3685000,Submitted,2026-10-14,ASSET-W-000295,Digital Classroom,Demo Village 23 Demo User Agency,Yes,2026-09-08,2026-09-02,Completed,2027-01-10,None recorded,Compliant,Demo Village 23 Demo Local Body,demo://photos/W-000295/completion,SYNTHETIC_PROTOTYPE,True
W-000297,2026-08-31,2026-09-08,1581000,Submitted,2026-09-19,ASSET-W-000297,Borewell,Demo Village 8 Demo User Agency,Yes,2026-09-06,2026-09-26,Pending,,None recorded,Compliant,Demo Village 8 Demo Local Body,demo://photos/W-000297/completion,SYNTHETIC_PROTOTYPE,True
W-000299,2026-08-31,2026-09-02,4034000,Not Submitted,,ASSET-W-000299,Approach Road,Demo Village 22 Demo User Agency,No,2026-09-11,2026-09-20,Pending,,Documentation / closure review,Review Required,Demo Village 22 Demo Local Body,demo://photos/W-000299/completion,SYNTHETIC_PROTOTYPE,True
W-000300,2026-08-31,2026-09-07,1845000,Submitted,2026-10-13,ASSET-W-000300,Rural Road,Demo Village 1 Demo User Agency,Yes,2026-09-05,2026-09-09,Not Due,,None recorded,Compliant,Demo Village 1 Demo Local Body,demo://photos/W-000300/completion,SYNTHETIC_PROTOTYPE,True
W-000301,2026-08-31,2026-09-08,823000,Submitted,2026-10-13,ASSET-W-000301,Open Gym,Demo Village 8 Demo User Agency,Yes,2026-09-14,2026-09-07,Completed,2027-01-01,None recorded,Compliant,Demo Village 8 Demo Local Body,demo://photos/W-000301/completion,SYNTHETIC_PROTOTYPE,True
W-000306,2026-08-31,2026-08-31,1794000,Submitted,2026-09-17,ASSET-W-000306,Community Hall,Demo Village 23 Demo User Agency,Yes,2026-09-10,2026-09-30,Pending,,None recorded,Compliant,Demo Village 23 Demo Local Body,demo://photos/W-000306/completion,SYNTHETIC_PROTOTYPE,True
W-000307,2026-08-31,2026-09-03,567000,Submitted,2026-10-13,ASSET-W-000307,Open Gym,Demo Village 16 Demo User Agency,Yes,2026-09-08,2026-09-05,Completed,2026-11-02,None recorded,Compliant,Demo Village 16 Demo Local Body,demo://photos/W-000307/completion,SYNTHETIC_PROTOTYPE,True
W-000308,2026-08-31,2026-09-03,2347000,Submitted,2026-10-10,ASSET-W-000308,Community Hall,Demo Village 7 Demo User Agency,Yes,2026-09-14,2026-09-11,Completed,2027-01-17,None recorded,Compliant,Demo Village 7 Demo Local Body,demo://photos/W-000308/completion,SYNTHETIC_PROTOTYPE,True
W-000309,2026-08-31,2026-09-08,974000,Submitted,2026-09-10,ASSET-W-000309,Anganwadi Building,Demo Village 27 Demo User Agency,Yes,2026-09-10,2026-09-30,Not Due,,None recorded,Compliant,Demo Village 27 Demo Local Body,demo://photos/W-000309/completion,SYNTHETIC_PROTOTYPE,True
W-000310,2026-08-31,2026-09-07,1317000,Submitted,2026-10-09,ASSET-W-000310,Public Toilet,Demo Village 7 Demo User Agency,Yes,2026-09-13,2026-09-05,Not Due,,None recorded,Compliant,Demo Village 7 Demo Local Body,demo://photos/W-000310/completion,SYNTHETIC_PROTOTYPE,True
W-000312,2026-08-31,2026-09-01,1770000,Submitted,2026-09-28,ASSET-W-000312,Solar Public Facility,Demo Village 20 Demo User Agency,Yes,2026-09-02,2026-09-18,Completed,2026-10-04,None recorded,Compliant,Demo Village 20 Demo Local Body,demo://photos/W-000312/completion,SYNTHETIC_PROTOTYPE,True
W-000313,2026-08-31,2026-09-08,2392000,Submitted,2026-10-13,ASSET-W-000313,Solid Waste Shed,Demo Village 14 Demo User Agency,Yes,2026-09-04,2026-09-11,Completed,2027-01-11,None recorded,Compliant,Demo Village 14 Demo Local Body,demo://photos/W-000313/completion,SYNTHETIC_PROTOTYPE,True
W-000314,2026-08-31,2026-09-09,1367000,Submitted,2026-10-11,ASSET-W-000314,Borewell,Demo Village 7 Demo User Agency,Yes,2026-09-18,2026-09-27,Completed,2027-01-21,None recorded,Compliant,Demo Village 7 Demo Local Body,demo://photos/W-000314/completion,SYNTHETIC_PROTOTYPE,True
W-000315,2026-08-31,2026-09-03,2173000,Submitted,2026-09-30,ASSET-W-000315,Digital Classroom,Demo Village 21 Demo User Agency,Yes,2026-09-08,2026-09-13,Pending,,None recorded,Compliant,Demo Village 21 Demo Local Body,demo://photos/W-000315/completion,SYNTHETIC_PROTOTYPE,True
W-000318,2026-08-31,2026-09-09,2218000,Submitted,2026-10-15,ASSET-W-000318,RO Water Plant,Demo Village 15 Demo User Agency,Yes,2026-09-01,2026-09-03,Completed,2026-12-23,None recorded,Compliant,Demo Village 15 Demo Local Body,demo://photos/W-000318/completion,SYNTHETIC_PROTOTYPE,True
W-000319,2026-08-31,2026-09-04,3193000,Submitted,2026-09-23,ASSET-W-000319,Health Sub-Centre,Demo Village 21 Demo User Agency,Yes,2026-09-02,2026-09-05,Pending,,None recorded,Compliant,Demo Village 21 Demo Local Body,demo://photos/W-000319/completion,SYNTHETIC_PROTOTYPE,True
W-000321,2026-08-31,2026-09-05,2426000,Submitted,2026-09-09,ASSET-W-000321,Solar Public Facility,Demo Village 3 Demo User Agency,Yes,2026-09-05,2026-09-18,Pending,,None recorded,Compliant,Demo Village 3 Demo Local Body,demo://photos/W-000321/completion,SYNTHETIC_PROTOTYPE,True
W-000322,2026-08-31,2026-09-04,1829000,Submitted,2026-09-25,ASSET-W-000322,Rural Road,Demo Village 11 Demo User Agency,Yes,2026-09-08,2026-09-20,Pending,,None recorded,Compliant,Demo Village 11 Demo Local Body,demo://photos/W-000322/completion,SYNTHETIC_PROTOTYPE,True
W-000323,2026-08-31,2026-09-08,1312000,Submitted,2026-10-12,ASSET-W-000323,Solar Water System,Demo Village 13 Demo User Agency,Yes,2026-09-05,2026-09-11,Completed,2026-12-03,None recorded,Compliant,Demo Village 13 Demo Local Body,demo://photos/W-000323/completion,SYNTHETIC_PROTOTYPE,True
W-000324,2026-08-31,2026-09-06,1032000,Submitted,2026-09-13,ASSET-W-000324,Pipeline Extension,Demo Village 2 Demo User Agency,Yes,2026-09-06,2026-09-28,Pending,,None recorded,Compliant,Demo Village 2 Demo Local Body,demo://photos/W-000324/completion,SYNTHETIC_PROTOTYPE,True
W-000326,2026-08-31,2026-09-08,3395000,Submitted,2026-09-14,ASSET-W-000326,Anganwadi Building,Demo Village 28 Demo User Agency,Yes,2026-09-15,2026-09-26,Pending,,None recorded,Compliant,Demo Village 28 Demo Local Body,demo://photos/W-000326/completion,SYNTHETIC_PROTOTYPE,True
W-000327,2026-08-31,2026-09-06,3632000,Submitted,2026-10-07,ASSET-W-000327,PHC Equipment Room,Demo Village 14 Demo User Agency,Yes,2026-09-03,2026-09-25,Not Due,,None recorded,Compliant,Demo Village 14 Demo Local Body,demo://photos/W-000327/completion,SYNTHETIC_PROTOTYPE,True
W-000329,2026-08-31,2026-09-05,3979000,Submitted,2026-09-16,ASSET-W-000329,Ambulance Shelter,Demo Village 25 Demo User Agency,Yes,2026-09-20,2026-09-16,Completed,2027-02-27,None recorded,Compliant,Demo Village 25 Demo Local Body,demo://photos/W-000329/completion,SYNTHETIC_PROTOTYPE,True
W-000330,2026-08-31,2026-09-05,805000,Submitted,2026-09-07,ASSET-W-000330,Ambulance Shelter,Demo Village 20 Demo User Agency,Yes,2026-09-07,2026-09-11,Not Due,,None recorded,Compliant,Demo Village 20 Demo Local Body,demo://photos/W-000330/completion,SYNTHETIC_PROTOTYPE,True
W-000331,2026-08-31,2026-09-03,2292000,Submitted,2026-09-13,ASSET-W-000331,Ambulance Shelter,Demo Village 21 Demo User Agency,Yes,2026-09-18,2026-09-24,Pending,,None recorded,Compliant,Demo Village 21 Demo Local Body,demo://photos/W-000331/completion,SYNTHETIC_PROTOTYPE,True
W-000332,2026-08-31,2026-09-07,2348000,Submitted,2026-10-07,ASSET-W-000332,Sports Equipment Facility,Demo Village 7 Demo User Agency,Yes,2026-09-06,2026-09-25,Pending,,None recorded,Compliant,Demo Village 7 Demo Local Body,demo://photos/W-000332/completion,SYNTHETIC_PROTOTYPE,True
W-000333,2026-08-31,2026-08-31,3100000,Submitted,2026-09-23,ASSET-W-000333,School Classroom,Demo Village 34 Demo User Agency,Yes,2026-09-10,2026-09-05,Pending,,None recorded,Compliant,Demo Village 34 Demo Local Body,demo://photos/W-000333/completion,SYNTHETIC_PROTOTYPE,True
W-000335,2026-08-31,2026-08-31,1354000,Submitted,2026-09-29,ASSET-W-000335,Health Sub-Centre,Demo Village 16 Demo User Agency,Yes,2026-09-15,2026-09-11,Not Due,,None recorded,Compliant,Demo Village 16 Demo Local Body,demo://photos/W-000335/completion,SYNTHETIC_PROTOTYPE,True
W-000336,2026-08-31,2026-09-07,2413000,Submitted,2026-10-09,ASSET-W-000336,Solar Public Facility,Demo Village 14 Demo User Agency,Yes,2026-09-07,2026-09-06,Not Due,,None recorded,Compliant,Demo Village 14 Demo Local Body,demo://photos/W-000336/completion,SYNTHETIC_PROTOTYPE,True
W-000337,2026-08-31,2026-09-10,2453000,Submitted,2026-10-02,ASSET-W-000337,Open Gym,Demo Village 1 Demo User Agency,Yes,2026-09-02,2026-09-08,Completed,2027-02-01,None recorded,Compliant,Demo Village 1 Demo Local Body,demo://photos/W-000337/completion,SYNTHETIC_PROTOTYPE,True
W-000338,2026-08-31,2026-09-09,1242000,Submitted,2026-09-22,ASSET-W-000338,Health Sub-Centre,Demo Village 27 Demo User Agency,Yes,2026-09-13,2026-09-28,Not Due,,None recorded,Compliant,Demo Village 27 Demo Local Body,demo://photos/W-000338/completion,SYNTHETIC_PROTOTYPE,True
W-000340,2026-08-31,2026-09-06,2941000,Submitted,2026-10-03,ASSET-W-000340,Playground Development,Demo Village 31 Demo User Agency,Yes,2026-09-04,2026-09-22,Not Due,,None recorded,Compliant,Demo Village 31 Demo Local Body,demo://photos/W-000340/completion,SYNTHETIC_PROTOTYPE,True
W-000341,2026-08-31,2026-09-10,2166000,Submitted,2026-09-13,ASSET-W-000341,Pipeline Extension,Demo Village 35 Demo User Agency,Yes,2026-09-11,2026-09-21,Completed,2026-12-12,None recorded,Compliant,Demo Village 35 Demo Local Body,demo://photos/W-000341/completion,SYNTHETIC_PROTOTYPE,True
W-000342,2026-08-31,2026-09-02,673000,Submitted,2026-09-24,ASSET-W-000342,School Toilet,Demo Village 9 Demo User Agency,Yes,2026-09-05,2026-09-30,Not Due,,None recorded,Compliant,Demo Village 9 Demo Local Body,demo://photos/W-000342/completion,SYNTHETIC_PROTOTYPE,True
W-000343,2026-08-31,2026-09-08,2926000,Submitted,2026-09-26,ASSET-W-000343,Approach Road,Demo Village 31 Demo User Agency,Yes,2026-09-08,2026-09-03,Completed,2026-11-15,None recorded,Compliant,Demo Village 31 Demo Local Body,demo://photos/W-000343/completion,SYNTHETIC_PROTOTYPE,True
W-000345,2026-08-31,2026-09-06,2079000,Submitted,2026-09-16,ASSET-W-000345,Playground Development,Demo Village 29 Demo User Agency,Yes,2026-09-14,2026-09-29,Completed,2027-01-11,None recorded,Compliant,Demo Village 29 Demo Local Body,demo://photos/W-000345/completion,SYNTHETIC_PROTOTYPE,True
W-000346,2026-08-31,2026-09-07,2447000,Submitted,2026-10-08,ASSET-W-000346,Ambulance Shelter,Demo Village 27 Demo User Agency,Yes,2026-09-07,2026-09-06,Pending,,None recorded,Compliant,Demo Village 27 Demo Local Body,demo://photos/W-000346/completion,SYNTHETIC_PROTOTYPE,True
W-000347,2026-08-31,2026-09-05,2743000,Submitted,2026-09-27,ASSET-W-000347,Ambulance Shelter,Demo Village 25 Demo User Agency,Yes,2026-09-13,2026-09-22,Completed,2026-12-16,None recorded,Compliant,Demo Village 25 Demo Local Body,demo://photos/W-000347/completion,SYNTHETIC_PROTOTYPE,True
W-000350,2026-08-31,2026-09-04,1131000,Pending,,ASSET-W-000350,Bus Shelter,Demo Village 13 Demo User Agency,Pending,2026-09-14,2026-09-22,Not Due,,Documentation / closure review,Review Required,Demo Village 13 Demo Local Body,demo://photos/W-000350/completion,SYNTHETIC_PROTOTYPE,True
W-000354,2026-08-31,2026-09-08,1601000,Submitted,2026-09-30,ASSET-W-000354,RO Water Plant,Demo Village 2 Demo User Agency,Yes,2026-09-13,2026-09-24,Completed,2026-12-13,None recorded,Compliant,Demo Village 2 Demo Local Body,demo://photos/W-000354/completion,SYNTHETIC_PROTOTYPE,True
W-000356,2026-08-31,2026-09-08,2973000,Submitted,2026-10-09,ASSET-W-000356,Public Health Facility,Demo Village 33 Demo User Agency,Yes,2026-09-01,2026-09-02,Completed,2026-10-06,None recorded,Compliant,Demo Village 33 Demo Local Body,demo://photos/W-000356/completion,SYNTHETIC_PROTOTYPE,True
W-000357,2026-08-31,2026-09-03,1974000,Submitted,2026-09-23,ASSET-W-000357,School Classroom,Demo Village 31 Demo User Agency,Yes,2026-09-20,2026-09-11,Pending,,None recorded,Compliant,Demo Village 31 Demo Local Body,demo://photos/W-000357/completion,SYNTHETIC_PROTOTYPE,True
W-000358,2026-08-31,2026-09-08,1000000,Submitted,2026-09-16,ASSET-W-000358,Solar Community Lighting,Demo Village 34 Demo User Agency,Yes,2026-09-07,2026-09-09,Pending,,None recorded,Compliant,Demo Village 34 Demo Local Body,demo://photos/W-000358/completion,SYNTHETIC_PROTOTYPE,True
W-000359,2026-08-31,2026-09-01,846000,Submitted,2026-09-08,ASSET-W-000359,Public Waiting Hall,Demo Village 33 Demo User Agency,Yes,2026-09-15,2026-09-03,Not Due,,None recorded,Compliant,Demo Village 33 Demo Local Body,demo://photos/W-000359/completion,SYNTHETIC_PROTOTYPE,True
W-000362,2026-08-31,2026-09-01,1360000,Submitted,2026-09-28,ASSET-W-000362,Library Room,Demo Village 6 Demo User Agency,Yes,2026-09-20,2026-09-05,Completed,2026-11-25,None recorded,Compliant,Demo Village 6 Demo Local Body,demo://photos/W-000362/completion,SYNTHETIC_PROTOTYPE,True
W-000363,2026-08-31,2026-09-10,2259000,Submitted,2026-09-23,ASSET-W-000363,Bus Shelter,Demo Village 23 Demo User Agency,Yes,2026-09-14,2026-09-26,Pending,,None recorded,Compliant,Demo Village 23 Demo Local Body,demo://photos/W-000363/completion,SYNTHETIC_PROTOTYPE,True
W-000364,2026-08-31,2026-09-01,1074000,Submitted,2026-09-12,ASSET-W-000364,Borewell,Demo Village 9 Demo User Agency,Yes,2026-09-16,2026-09-17,Not Due,,None recorded,Compliant,Demo Village 9 Demo Local Body,demo://photos/W-000364/completion,SYNTHETIC_PROTOTYPE,True
W-000365,2026-08-31,2026-09-05,1724000,Submitted,2026-09-30,ASSET-W-000365,Water Tank,Demo Village 19 Demo User Agency,Yes,2026-09-13,2026-09-17,Completed,2026-10-24,None recorded,Compliant,Demo Village 19 Demo Local Body,demo://photos/W-000365/completion,SYNTHETIC_PROTOTYPE,True
W-000366,2026-08-31,2026-09-10,1946000,Submitted,2026-09-13,ASSET-W-000366,Public Toilet,Demo Village 29 Demo User Agency,Yes,2026-09-05,2026-09-01,Pending,,None recorded,Compliant,Demo Village 29 Demo Local Body,demo://photos/W-000366/completion,SYNTHETIC_PROTOTYPE,True
W-000367,2026-08-31,2026-09-07,1978000,Submitted,2026-09-05,ASSET-W-000367,Playground Development,Demo Village 10 Demo User Agency,Yes,2026-09-10,2026-09-08,Completed,2026-11-19,None recorded,Compliant,Demo Village 10 Demo Local Body,demo://photos/W-000367/completion,SYNTHETIC_PROTOTYPE,True
W-000368,2026-08-31,2026-09-04,973000,Submitted,2026-09-26,ASSET-W-000368,Solar Street Lights,Demo Village 2 Demo User Agency,Yes,2026-09-01,2026-09-01,Not Due,,None recorded,Compliant,Demo Village 2 Demo Local Body,demo://photos/W-000368/completion,SYNTHETIC_PROTOTYPE,True
W-000369,2026-08-31,2026-09-02,2667000,Submitted,2026-10-11,ASSET-W-000369,Rural Road,Demo Village 6 Demo User Agency,Yes,2026-09-06,2026-09-11,Completed,2027-01-03,None recorded,Compliant,Demo Village 6 Demo Local Body,demo://photos/W-000369/completion,SYNTHETIC_PROTOTYPE,True
W-000370,2026-08-31,2026-09-01,1405000,Submitted,2026-09-19,ASSET-W-000370,Solar Community Lighting,Demo Village 16 Demo User Agency,Yes,2026-09-03,2026-09-23,Pending,,None recorded,Compliant,Demo Village 16 Demo Local Body,demo://photos/W-000370/completion,SYNTHETIC_PROTOTYPE,True
W-000371,2026-08-31,2026-09-06,2657000,Submitted,2026-09-07,ASSET-W-000371,Open Gym,Demo Village 17 Demo User Agency,Yes,2026-09-04,2026-09-30,Pending,,None recorded,Compliant,Demo Village 17 Demo Local Body,demo://photos/W-000371/completion,SYNTHETIC_PROTOTYPE,True
W-000372,2026-08-31,2026-09-07,1787000,Submitted,2026-09-29,ASSET-W-000372,School Classroom,Demo Village 16 Demo User Agency,Yes,2026-09-17,2026-09-03,Completed,2027-01-27,None recorded,Compliant,Demo Village 16 Demo Local Body,demo://photos/W-000372/completion,SYNTHETIC_PROTOTYPE,True
W-000373,2026-08-31,2026-09-05,1955000,Submitted,2026-09-11,ASSET-W-000373,Solar Community Lighting,Demo Village 9 Demo User Agency,Yes,2026-09-06,2026-09-01,Pending,,None recorded,Compliant,Demo Village 9 Demo Local Body,demo://photos/W-000373/completion,SYNTHETIC_PROTOTYPE,True
W-000374,2026-08-31,2026-09-09,1758000,Submitted,2026-09-27,ASSET-W-000374,Digital Classroom,Demo Village 33 Demo User Agency,Yes,2026-09-20,2026-09-26,Pending,,None recorded,Compliant,Demo Village 33 Demo Local Body,demo://photos/W-000374/completion,SYNTHETIC_PROTOTYPE,True
W-000375,2026-08-31,2026-09-07,1717000,Submitted,2026-09-19,ASSET-W-000375,PHC Equipment Room,Demo Village 24 Demo User Agency,Yes,2026-09-18,2026-09-27,Pending,,None recorded,Compliant,Demo Village 24 Demo Local Body,demo://photos/W-000375/completion,SYNTHETIC_PROTOTYPE,True
W-000376,2026-08-31,2026-09-10,2480000,Submitted,2026-09-24,ASSET-W-000376,Indoor Sports Hall,Demo Village 13 Demo User Agency,Yes,2026-09-02,2026-09-30,Pending,,None recorded,Compliant,Demo Village 13 Demo Local Body,demo://photos/W-000376/completion,SYNTHETIC_PROTOTYPE,True
W-000377,2026-08-31,2026-09-06,1421000,Submitted,2026-09-18,ASSET-W-000377,Solar Water System,Demo Village 7 Demo User Agency,Yes,2026-09-06,2026-09-10,Pending,,None recorded,Compliant,Demo Village 7 Demo Local Body,demo://photos/W-000377/completion,SYNTHETIC_PROTOTYPE,True
W-000380,2026-08-31,2026-09-08,781000,Submitted,2026-10-13,ASSET-W-000380,Library Room,Demo Village 13 Demo User Agency,Yes,2026-09-10,2026-09-21,Not Due,,None recorded,Compliant,Demo Village 13 Demo Local Body,demo://photos/W-000380/completion,SYNTHETIC_PROTOTYPE,True
W-000381,2026-08-31,2026-09-10,4283000,Submitted,2026-09-25,ASSET-W-000381,Approach Road,Demo Village 2 Demo User Agency,Yes,2026-09-16,2026-09-14,Not Due,,None recorded,Compliant,Demo Village 2 Demo Local Body,demo://photos/W-000381/completion,SYNTHETIC_PROTOTYPE,True
W-000382,2026-08-31,2026-09-05,6219000,Submitted,2026-10-02,ASSET-W-000382,Approach Road,Demo Village 31 Demo User Agency,Yes,2026-09-10,2026-09-08,Pending,,None recorded,Compliant,Demo Village 31 Demo Local Body,demo://photos/W-000382/completion,SYNTHETIC_PROTOTYPE,True
W-000383,2026-08-31,2026-08-31,4275000,Submitted,2026-10-06,ASSET-W-000383,Rural Road,Demo Village 34 Demo User Agency,Yes,2026-09-01,2026-09-06,Not Due,,None recorded,Compliant,Demo Village 34 Demo Local Body,demo://photos/W-000383/completion,SYNTHETIC_PROTOTYPE,True
W-000385,2026-08-31,2026-09-09,618000,Submitted,2026-10-13,ASSET-W-000385,Playground Development,Demo Village 31 Demo User Agency,Yes,2026-09-18,2026-09-10,Completed,2026-12-29,None recorded,Compliant,Demo Village 31 Demo Local Body,demo://photos/W-000385/completion,SYNTHETIC_PROTOTYPE,True
W-000387,2026-08-31,2026-08-31,2707000,Submitted,2026-09-23,ASSET-W-000387,Anganwadi Building,Demo Village 21 Demo User Agency,Yes,2026-09-16,2026-09-28,Not Due,,None recorded,Compliant,Demo Village 21 Demo Local Body,demo://photos/W-000387/completion,SYNTHETIC_PROTOTYPE,True
W-000390,2026-08-31,2026-09-01,3321000,Submitted,2026-10-12,ASSET-W-000390,Public Waiting Hall,Demo Village 1 Demo User Agency,Yes,2026-09-08,2026-09-06,Completed,2027-02-07,None recorded,Compliant,Demo Village 1 Demo Local Body,demo://photos/W-000390/completion,SYNTHETIC_PROTOTYPE,True
W-000391,2026-08-31,2026-09-06,2417000,Submitted,2026-09-24,ASSET-W-000391,Community Sanitation,Demo Village 7 Demo User Agency,Yes,2026-09-10,2026-09-30,Not Due,,None recorded,Compliant,Demo Village 7 Demo Local Body,demo://photos/W-000391/completion,SYNTHETIC_PROTOTYPE,True
W-000392,2026-08-31,2026-09-03,1057000,Submitted,2026-09-08,ASSET-W-000392,Playground Development,Demo Village 33 Demo User Agency,Yes,2026-09-12,2026-09-09,Not Due,,None recorded,Compliant,Demo Village 33 Demo Local Body,demo://photos/W-000392/completion,SYNTHETIC_PROTOTYPE,True
W-000393,2026-08-31,2026-09-01,1665000,Submitted,2026-09-06,ASSET-W-000393,Anganwadi Building,Demo Village 9 Demo User Agency,Yes,2026-09-07,2026-09-06,Pending,,None recorded,Compliant,Demo Village 9 Demo Local Body,demo://photos/W-000393/completion,SYNTHETIC_PROTOTYPE,True
W-000397,2026-08-31,2026-09-01,2374000,Submitted,2026-10-01,ASSET-W-000397,Community Sanitation,Demo Village 4 Demo User Agency,Yes,2026-09-17,2026-09-23,Completed,2027-01-20,None recorded,Compliant,Demo Village 4 Demo Local Body,demo://photos/W-000397/completion,SYNTHETIC_PROTOTYPE,True
W-000399,2026-08-31,2026-09-01,3209000,Submitted,2026-10-05,ASSET-W-000399,Anganwadi Building,Demo Village 7 Demo User Agency,Yes,2026-09-16,2026-09-22,Not Due,,None recorded,Compliant,Demo Village 7 Demo Local Body,demo://photos/W-000399/completion,SYNTHETIC_PROTOTYPE,True
W-000400,2026-08-31,2026-09-09,2519000,Submitted,2026-10-02,ASSET-W-000400,School Toilet,Demo Village 31 Demo User Agency,Yes,2026-09-17,2026-09-02,Pending,,None recorded,Compliant,Demo Village 31 Demo Local Body,demo://photos/W-000400/completion,SYNTHETIC_PROTOTYPE,True
W-000401,2026-08-31,2026-09-06,1567000,Submitted,2026-09-28,ASSET-W-000401,Small Bridge,Demo Village 25 Demo User Agency,Yes,2026-09-03,2026-09-20,Completed,2026-10-12,None recorded,Compliant,Demo Village 25 Demo Local Body,demo://photos/W-000401/completion,SYNTHETIC_PROTOTYPE,True
W-000402,2026-08-31,2026-09-09,1307000,Submitted,2026-10-14,ASSET-W-000402,Anganwadi Building,Demo Village 10 Demo User Agency,Yes,2026-09-12,2026-09-23,Completed,2026-11-17,None recorded,Compliant,Demo Village 10 Demo Local Body,demo://photos/W-000402/completion,SYNTHETIC_PROTOTYPE,True
W-000404,2026-08-31,2026-09-02,1452000,Submitted,2026-10-06,ASSET-W-000404,Digital Classroom,Demo Village 24 Demo User Agency,Yes,2026-09-12,2026-09-08,Not Due,,None recorded,Compliant,Demo Village 24 Demo Local Body,demo://photos/W-000404/completion,SYNTHETIC_PROTOTYPE,True
W-000406,2026-08-31,2026-09-08,2145000,Submitted,2026-09-30,ASSET-W-000406,Solar Street Lights,Demo Village 24 Demo User Agency,Yes,2026-09-12,2026-09-08,Completed,2026-11-01,None recorded,Compliant,Demo Village 24 Demo Local Body,demo://photos/W-000406/completion,SYNTHETIC_PROTOTYPE,True
W-000408,2026-08-31,2026-08-31,2527000,Submitted,2026-09-06,ASSET-W-000408,Approach Road,Demo Village 32 Demo User Agency,Yes,2026-09-18,2026-09-10,Completed,2027-02-27,None recorded,Compliant,Demo Village 32 Demo Local Body,demo://photos/W-000408/completion,SYNTHETIC_PROTOTYPE,True
W-000409,2026-08-31,2026-09-09,3204000,Submitted,2026-10-06,ASSET-W-000409,Anganwadi Building,Demo Village 26 Demo User Agency,Yes,2026-09-08,2026-09-27,Completed,2026-11-18,None recorded,Compliant,Demo Village 26 Demo Local Body,demo://photos/W-000409/completion,SYNTHETIC_PROTOTYPE,True
W-000410,2026-08-31,2026-09-09,2345000,Submitted,2026-09-18,ASSET-W-000410,PHC Equipment Room,Demo Village 16 Demo User Agency,Yes,2026-09-20,2026-09-03,Completed,2026-11-16,None recorded,Compliant,Demo Village 16 Demo Local Body,demo://photos/W-000410/completion,SYNTHETIC_PROTOTYPE,True
W-000411,2026-08-31,2026-09-10,1577000,Submitted,2026-09-14,ASSET-W-000411,Solar Water System,Demo Village 18 Demo User Agency,Yes,2026-09-14,2026-09-25,Not Due,,None recorded,Compliant,Demo Village 18 Demo Local Body,demo://photos/W-000411/completion,SYNTHETIC_PROTOTYPE,True
W-000413,2026-08-31,2026-09-09,1019000,Not Submitted,,ASSET-W-000413,Water Tank,Demo Village 21 Demo User Agency,No,2026-09-03,2026-09-06,Pending,,Documentation / closure review,Review Required,Demo Village 21 Demo Local Body,demo://photos/W-000413/completion,SYNTHETIC_PROTOTYPE,True
W-000414,2026-08-31,2026-09-05,788000,Submitted,2026-09-25,ASSET-W-000414,Solar Street Lights,Demo Village 18 Demo User Agency,Yes,2026-09-19,2026-09-02,Completed,2026-11-06,None recorded,Compliant,Demo Village 18 Demo Local Body,demo://photos/W-000414/completion,SYNTHETIC_PROTOTYPE,True
W-000418,2026-08-31,2026-09-04,1831000,Submitted,2026-09-19,ASSET-W-000418,Community Sanitation,Demo Village 14 Demo User Agency,Yes,2026-09-13,2026-09-01,Completed,2027-02-06,None recorded,Compliant,Demo Village 14 Demo Local Body,demo://photos/W-000418/completion,SYNTHETIC_PROTOTYPE,True
W-000419,2026-08-31,2026-09-07,630000,Submitted,2026-09-24,ASSET-W-000419,Solid Waste Shed,Demo Village 33 Demo User Agency,Yes,2026-09-06,2026-09-16,Pending,,None recorded,Compliant,Demo Village 33 Demo Local Body,demo://photos/W-000419/completion,SYNTHETIC_PROTOTYPE,True
W-000420,2026-08-31,2026-09-08,2813000,Submitted,2026-09-11,ASSET-W-000420,Playground Development,Demo Village 32 Demo User Agency,Yes,2026-09-13,2026-09-28,Pending,,None recorded,Compliant,Demo Village 32 Demo Local Body,demo://photos/W-000420/completion,SYNTHETIC_PROTOTYPE,True
W-000421,2026-08-31,2026-09-02,2010000,Submitted,2026-10-01,ASSET-W-000421,Public Waiting Hall,Demo Village 9 Demo User Agency,Yes,2026-09-07,2026-09-23,Completed,2026-12-09,None recorded,Compliant,Demo Village 9 Demo Local Body,demo://photos/W-000421/completion,SYNTHETIC_PROTOTYPE,True
W-000423,2026-08-31,2026-09-01,520000,Submitted,2026-10-15,ASSET-W-000423,Public Toilet,Demo Village 17 Demo User Agency,Yes,2026-09-10,2026-09-14,Not Due,,None recorded,Compliant,Demo Village 17 Demo Local Body,demo://photos/W-000423/completion,SYNTHETIC_PROTOTYPE,True
W-000424,2026-08-31,2026-09-03,3171000,Submitted,2026-10-05,ASSET-W-000424,Rural Road,Demo Village 28 Demo User Agency,Yes,2026-09-09,2026-09-09,Not Due,,None recorded,Compliant,Demo Village 28 Demo Local Body,demo://photos/W-000424/completion,SYNTHETIC_PROTOTYPE,True
W-000425,2026-08-31,2026-09-01,2305000,Submitted,2026-09-07,ASSET-W-000425,School Toilet,Demo Village 26 Demo User Agency,Yes,2026-09-09,2026-09-19,Not Due,,None recorded,Compliant,Demo Village 26 Demo Local Body,demo://photos/W-000425/completion,SYNTHETIC_PROTOTYPE,True
W-000426,2026-08-31,2026-08-31,1536000,Submitted,2026-09-18,ASSET-W-000426,Public Health Facility,Demo Village 7 Demo User Agency,Yes,2026-09-19,2026-09-10,Completed,2027-01-28,None recorded,Compliant,Demo Village 7 Demo Local Body,demo://photos/W-000426/completion,SYNTHETIC_PROTOTYPE,True
W-000429,2026-08-31,2026-09-10,791000,Submitted,2026-09-16,ASSET-W-000429,Ambulance Shelter,Demo Village 31 Demo User Agency,Yes,2026-09-08,2026-09-18,Pending,,None recorded,Compliant,Demo Village 31 Demo Local Body,demo://photos/W-000429/completion,SYNTHETIC_PROTOTYPE,True
W-000431,2026-08-31,2026-09-01,3434000,Submitted,2026-10-01,ASSET-W-000431,Health Sub-Centre,Demo Village 20 Demo User Agency,Yes,2026-09-12,2026-09-22,Completed,2027-02-07,None recorded,Compliant,Demo Village 20 Demo Local Body,demo://photos/W-000431/completion,SYNTHETIC_PROTOTYPE,True
W-000432,2026-08-31,2026-09-03,1063000,Submitted,2026-10-08,ASSET-W-000432,RO Water Plant,Demo Village 4 Demo User Agency,Yes,2026-09-04,2026-09-13,Completed,2027-01-26,None recorded,Compliant,Demo Village 4 Demo Local Body,demo://photos/W-000432/completion,SYNTHETIC_PROTOTYPE,True
W-000434,2026-08-31,2026-09-02,739000,Submitted,2026-10-07,ASSET-W-000434,Drainage,Demo Village 27 Demo User Agency,Yes,2026-09-03,2026-09-19,Not Due,,None recorded,Compliant,Demo Village 27 Demo Local Body,demo://photos/W-000434/completion,SYNTHETIC_PROTOTYPE,True
W-000436,2026-08-31,2026-09-09,3122000,Submitted,2026-10-01,ASSET-W-000436,Bus Shelter,Demo Village 29 Demo User Agency,Yes,2026-09-02,2026-09-17,Completed,2026-09-30,None recorded,Compliant,Demo Village 29 Demo Local Body,demo://photos/W-000436/completion,SYNTHETIC_PROTOTYPE,True
W-000438,2026-08-31,2026-09-08,909000,Submitted,2026-09-19,ASSET-W-000438,Public Toilet,Demo Village 1 Demo User Agency,Yes,2026-09-17,2026-09-22,Not Due,,None recorded,Compliant,Demo Village 1 Demo Local Body,demo://photos/W-000438/completion,SYNTHETIC_PROTOTYPE,True
W-000439,2026-08-31,2026-09-06,2555000,Submitted,2026-09-08,ASSET-W-000439,School Toilet,Demo Village 3 Demo User Agency,Yes,2026-09-06,2026-09-09,Completed,2026-10-31,None recorded,Compliant,Demo Village 3 Demo Local Body,demo://photos/W-000439/completion,SYNTHETIC_PROTOTYPE,True
W-000440,2026-08-31,2026-08-31,1248000,Submitted,2026-09-24,ASSET-W-000440,Health Sub-Centre,Demo Village 17 Demo User Agency,Yes,2026-09-07,2026-09-14,Completed,2026-12-23,None recorded,Compliant,Demo Village 17 Demo Local Body,demo://photos/W-000440/completion,SYNTHETIC_PROTOTYPE,True
W-000441,2026-08-31,2026-09-05,3156000,Submitted,2026-09-07,ASSET-W-000441,CC Road,Demo Village 2 Demo User Agency,Yes,2026-09-18,2026-09-15,Completed,2027-01-25,None recorded,Compliant,Demo Village 2 Demo Local Body,demo://photos/W-000441/completion,SYNTHETIC_PROTOTYPE,True
W-000442,2026-08-31,2026-09-06,1719000,Submitted,2026-10-03,ASSET-W-000442,School Classroom,Demo Village 23 Demo User Agency,Yes,2026-09-08,2026-09-09,Completed,2026-10-30,None recorded,Compliant,Demo Village 23 Demo Local Body,demo://photos/W-000442/completion,SYNTHETIC_PROTOTYPE,True
W-000443,2026-08-31,2026-09-06,1974000,Submitted,2026-10-15,ASSET-W-000443,Open Gym,Demo Village 33 Demo User Agency,Yes,2026-09-14,2026-09-16,Pending,,None recorded,Compliant,Demo Village 33 Demo Local Body,demo://photos/W-000443/completion,SYNTHETIC_PROTOTYPE,True
W-000444,2026-08-31,2026-09-09,2330000,Submitted,2026-10-10,ASSET-W-000444,Anganwadi Building,Demo Village 16 Demo User Agency,Yes,2026-09-16,2026-09-11,Completed,2027-02-14,None recorded,Compliant,Demo Village 16 Demo Local Body,demo://photos/W-000444/completion,SYNTHETIC_PROTOTYPE,True
W-000445,2026-08-31,2026-09-01,975000,Submitted,2026-10-10,ASSET-W-000445,Sports Equipment Facility,Demo Village 2 Demo User Agency,Yes,2026-09-08,2026-09-17,Completed,2026-11-30,None recorded,Compliant,Demo Village 2 Demo Local Body,demo://photos/W-000445/completion,SYNTHETIC_PROTOTYPE,True
W-000446,2026-08-31,2026-09-01,4065000,Submitted,2026-10-13,ASSET-W-000446,Ambulance Shelter,Demo Village 35 Demo User Agency,Yes,2026-09-13,2026-09-26,Not Due,,None recorded,Compliant,Demo Village 35 Demo Local Body,demo://photos/W-000446/completion,SYNTHETIC_PROTOTYPE,True
W-000448,2026-08-31,2026-09-05,3263000,Submitted,2026-09-28,ASSET-W-000448,Sports Equipment Facility,Demo Village 32 Demo User Agency,Yes,2026-09-06,2026-09-21,Completed,2026-11-23,None recorded,Compliant,Demo Village 32 Demo Local Body,demo://photos/W-000448/completion,SYNTHETIC_PROTOTYPE,True
W-000449,2026-08-31,2026-09-08,2835000,Submitted,2026-09-05,ASSET-W-000449,Community Sanitation,Demo Village 27 Demo User Agency,Yes,2026-09-07,2026-09-03,Completed,2026-11-12,None recorded,Compliant,Demo Village 27 Demo Local Body,demo://photos/W-000449/completion,SYNTHETIC_PROTOTYPE,True
W-000451,2026-08-31,2026-09-10,2015000,Submitted,2026-10-03,ASSET-W-000451,Ambulance Shelter,Demo Village 22 Demo User Agency,Yes,2026-09-08,2026-09-09,Completed,2027-02-22,None recorded,Compliant,Demo Village 22 Demo Local Body,demo://photos/W-000451/completion,SYNTHETIC_PROTOTYPE,True
W-000454,2026-08-31,2026-09-01,1955000,Submitted,2026-09-08,ASSET-W-000454,Public Toilet,Demo Village 2 Demo User Agency,Yes,2026-09-08,2026-09-13,Pending,,None recorded,Compliant,Demo Village 2 Demo Local Body,demo://photos/W-000454/completion,SYNTHETIC_PROTOTYPE,True
W-000455,2026-08-31,2026-09-06,1254000,Submitted,2026-10-08,ASSET-W-000455,CC Road,Demo Village 24 Demo User Agency,Yes,2026-09-13,2026-09-25,Not Due,,None recorded,Compliant,Demo Village 24 Demo Local Body,demo://photos/W-000455/completion,SYNTHETIC_PROTOTYPE,True
W-000456,2026-08-31,2026-09-04,1138000,Submitted,2026-09-30,ASSET-W-000456,Anganwadi Building,Demo Village 23 Demo User Agency,Yes,2026-09-06,2026-09-23,Not Due,,None recorded,Compliant,Demo Village 23 Demo Local Body,demo://photos/W-000456/completion,SYNTHETIC_PROTOTYPE,True
W-000457,2026-08-31,2026-09-07,1167000,Submitted,2026-09-18,ASSET-W-000457,Playground Development,Demo Village 33 Demo User Agency,Yes,2026-09-14,2026-09-28,Not Due,,None recorded,Compliant,Demo Village 33 Demo Local Body,demo://photos/W-000457/completion,SYNTHETIC_PROTOTYPE,True
W-000460,2026-08-31,2026-09-09,1390000,Submitted,2026-09-28,ASSET-W-000460,Drainage,Demo Village 9 Demo User Agency,Yes,2026-09-03,2026-09-26,Completed,2027-01-28,None recorded,Compliant,Demo Village 9 Demo Local Body,demo://photos/W-000460/completion,SYNTHETIC_PROTOTYPE,True
W-000461,2026-08-31,2026-09-02,2966000,Submitted,2026-09-28,ASSET-W-000461,Water Tank,Demo Village 31 Demo User Agency,Yes,2026-09-13,2026-09-13,Completed,2026-12-07,None recorded,Compliant,Demo Village 31 Demo Local Body,demo://photos/W-000461/completion,SYNTHETIC_PROTOTYPE,True
W-000463,2026-08-31,2026-09-07,4337000,Submitted,2026-10-02,ASSET-W-000463,CC Road,Demo Village 22 Demo User Agency,Yes,2026-09-07,2026-09-07,Not Due,,None recorded,Compliant,Demo Village 22 Demo Local Body,demo://photos/W-000463/completion,SYNTHETIC_PROTOTYPE,True
W-000465,2026-08-31,2026-08-31,2240000,Submitted,2026-09-25,ASSET-W-000465,PHC Equipment Room,Demo Village 30 Demo User Agency,Yes,2026-09-12,2026-09-02,Not Due,,None recorded,Compliant,Demo Village 30 Demo Local Body,demo://photos/W-000465/completion,SYNTHETIC_PROTOTYPE,True
W-000466,2026-08-31,2026-09-10,2808000,Submitted,2026-09-26,ASSET-W-000466,Ambulance Shelter,Demo Village 15 Demo User Agency,Yes,2026-09-20,2026-09-10,Not Due,,None recorded,Compliant,Demo Village 15 Demo Local Body,demo://photos/W-000466/completion,SYNTHETIC_PROTOTYPE,True
W-000467,2026-08-31,2026-09-07,2532000,Submitted,2026-09-24,ASSET-W-000467,Digital Classroom,Demo Village 22 Demo User Agency,Yes,2026-09-09,2026-09-12,Completed,2026-11-23,None recorded,Compliant,Demo Village 22 Demo Local Body,demo://photos/W-000467/completion,SYNTHETIC_PROTOTYPE,True
W-000470,2026-08-31,2026-09-07,1984000,Submitted,2026-09-20,ASSET-W-000470,Solid Waste Shed,Demo Village 30 Demo User Agency,Yes,2026-09-14,2026-09-11,Completed,2027-01-05,None recorded,Compliant,Demo Village 30 Demo Local Body,demo://photos/W-000470/completion,SYNTHETIC_PROTOTYPE,True
W-000471,2026-08-31,2026-09-01,2587000,Submitted,2026-09-07,ASSET-W-000471,Digital Classroom,Demo Village 34 Demo User Agency,Yes,2026-09-03,2026-09-17,Pending,,None recorded,Compliant,Demo Village 34 Demo Local Body,demo://photos/W-000471/completion,SYNTHETIC_PROTOTYPE,True
W-000472,2026-08-31,2026-09-08,1113000,Submitted,2026-09-08,ASSET-W-000472,Sports Equipment Facility,Demo Village 35 Demo User Agency,Yes,2026-09-05,2026-09-01,Pending,,None recorded,Compliant,Demo Village 35 Demo Local Body,demo://photos/W-000472/completion,SYNTHETIC_PROTOTYPE,True
W-000473,2026-08-31,2026-09-01,1820000,Submitted,2026-09-24,ASSET-W-000473,Water Tank,Demo Village 34 Demo User Agency,Yes,2026-09-19,2026-09-21,Not Due,,None recorded,Compliant,Demo Village 34 Demo Local Body,demo://photos/W-000473/completion,SYNTHETIC_PROTOTYPE,True
W-000474,2026-08-31,2026-09-06,2567000,Submitted,2026-10-12,ASSET-W-000474,Anganwadi Building,Demo Village 14 Demo User Agency,Yes,2026-09-10,2026-09-16,Not Due,,None recorded,Compliant,Demo Village 14 Demo Local Body,demo://photos/W-000474/completion,SYNTHETIC_PROTOTYPE,True
W-000477,2026-08-31,2026-09-04,2312000,Submitted,2026-09-10,ASSET-W-000477,Solar Water System,Demo Village 9 Demo User Agency,Yes,2026-09-10,2026-09-18,Not Due,,None recorded,Compliant,Demo Village 9 Demo Local Body,demo://photos/W-000477/completion,SYNTHETIC_PROTOTYPE,True
W-000479,2026-08-31,2026-09-08,1111000,Submitted,2026-10-02,ASSET-W-000479,Borewell,Demo Village 7 Demo User Agency,Yes,2026-09-20,2026-09-08,Completed,2027-01-10,None recorded,Compliant,Demo Village 7 Demo Local Body,demo://photos/W-000479/completion,SYNTHETIC_PROTOTYPE,True
W-000480,2026-08-31,2026-08-31,2082000,Submitted,2026-09-30,ASSET-W-000480,RO Water Plant,Demo Village 3 Demo User Agency,Yes,2026-09-16,2026-09-17,Not Due,,None recorded,Compliant,Demo Village 3 Demo Local Body,demo://photos/W-000480/completion,SYNTHETIC_PROTOTYPE,True
W-000481,2026-08-31,2026-08-31,1072000,Submitted,2026-09-26,ASSET-W-000481,Community Hall,Demo Village 34 Demo User Agency,Yes,2026-09-17,2026-09-24,Completed,2026-11-14,None recorded,Compliant,Demo Village 34 Demo Local Body,demo://photos/W-000481/completion,SYNTHETIC_PROTOTYPE,True
W-000483,2026-08-31,2026-08-31,654000,Submitted,2026-09-28,ASSET-W-000483,Water Tank,Demo Village 14 Demo User Agency,Yes,2026-09-01,2026-09-21,Completed,2026-12-19,None recorded,Compliant,Demo Village 14 Demo Local Body,demo://photos/W-000483/completion,SYNTHETIC_PROTOTYPE,True
W-000485,2026-08-31,2026-09-01,758000,Submitted,2026-09-30,ASSET-W-000485,Solar Public Facility,Demo Village 17 Demo User Agency,Yes,2026-09-08,2026-09-07,Not Due,,None recorded,Compliant,Demo Village 17 Demo Local Body,demo://photos/W-000485/completion,SYNTHETIC_PROTOTYPE,True
W-000486,2026-08-31,2026-09-06,558000,Submitted,2026-10-10,ASSET-W-000486,Indoor Sports Hall,Demo Village 3 Demo User Agency,Yes,2026-09-16,2026-09-26,Pending,,None recorded,Compliant,Demo Village 3 Demo Local Body,demo://photos/W-000486/completion,SYNTHETIC_PROTOTYPE,True
W-000488,2026-08-31,2026-09-06,2079000,Submitted,2026-09-10,ASSET-W-000488,CC Road,Demo Village 34 Demo User Agency,Yes,2026-09-09,2026-09-18,Pending,,None recorded,Compliant,Demo Village 34 Demo Local Body,demo://photos/W-000488/completion,SYNTHETIC_PROTOTYPE,True
W-000489,2026-08-31,2026-09-01,2331000,Submitted,2026-09-11,ASSET-W-000489,Solid Waste Shed,Demo Village 29 Demo User Agency,Yes,2026-09-15,2026-09-27,Not Due,,None recorded,Compliant,Demo Village 29 Demo Local Body,demo://photos/W-000489/completion,SYNTHETIC_PROTOTYPE,True
W-000491,2026-08-31,2026-09-06,1983000,Submitted,2026-09-25,ASSET-W-000491,Public Waiting Hall,Demo Village 28 Demo User Agency,Yes,2026-09-07,2026-09-02,Not Due,,None recorded,Compliant,Demo Village 28 Demo Local Body,demo://photos/W-000491/completion,SYNTHETIC_PROTOTYPE,True
W-000493,2026-08-31,2026-09-05,2519000,Submitted,2026-09-16,ASSET-W-000493,School Toilet,Demo Village 17 Demo User Agency,Yes,2026-09-11,2026-09-06,Not Due,,None recorded,Compliant,Demo Village 17 Demo Local Body,demo://photos/W-000493/completion,SYNTHETIC_PROTOTYPE,True
W-000496,2026-08-31,2026-09-08,1585000,Submitted,2026-09-08,ASSET-W-000496,Open Gym,Demo Village 7 Demo User Agency,Yes,2026-09-14,2026-09-19,Completed,2026-11-18,None recorded,Compliant,Demo Village 7 Demo Local Body,demo://photos/W-000496/completion,SYNTHETIC_PROTOTYPE,True
W-000499,2026-08-31,2026-09-06,1052000,Submitted,2026-10-09,ASSET-W-000499,Sports Equipment Facility,Demo Village 6 Demo User Agency,Yes,2026-09-04,2026-09-05,Pending,,None recorded,Compliant,Demo Village 6 Demo Local Body,demo://photos/W-000499/completion,SYNTHETIC_PROTOTYPE,True
W-000501,2026-08-31,2026-09-08,1737000,Submitted,2026-09-12,ASSET-W-000501,Solar Community Lighting,Demo Village 34 Demo User Agency,Yes,2026-09-14,2026-09-25,Completed,2026-12-28,None recorded,Compliant,Demo Village 34 Demo Local Body,demo://photos/W-000501/completion,SYNTHETIC_PROTOTYPE,True
W-000503,2026-08-31,2026-08-31,759000,Submitted,2026-09-19,ASSET-W-000503,Borewell,Demo Village 11 Demo User Agency,Yes,2026-09-17,2026-09-21,Completed,2026-11-08,None recorded,Compliant,Demo Village 11 Demo Local Body,demo://photos/W-000503/completion,SYNTHETIC_PROTOTYPE,True
W-000505,2026-08-31,2026-09-09,3958000,Submitted,2026-10-07,ASSET-W-000505,Approach Road,Demo Village 25 Demo User Agency,Yes,2026-09-03,2026-09-21,Not Due,,None recorded,Compliant,Demo Village 25 Demo Local Body,demo://photos/W-000505/completion,SYNTHETIC_PROTOTYPE,True
W-000508,2026-08-31,2026-09-04,2693000,Submitted,2026-10-15,ASSET-W-000508,RO Water Plant,Demo Village 28 Demo User Agency,Yes,2026-09-20,2026-09-19,Not Due,,None recorded,Compliant,Demo Village 28 Demo Local Body,demo://photos/W-000508/completion,SYNTHETIC_PROTOTYPE,True
W-000510,2026-08-31,2026-09-08,1353000,Submitted,2026-09-05,ASSET-W-000510,Borewell,Demo Village 4 Demo User Agency,Yes,2026-09-04,2026-09-09,Not Due,,None recorded,Compliant,Demo Village 4 Demo Local Body,demo://photos/W-000510/completion,SYNTHETIC_PROTOTYPE,True
W-000512,2026-08-31,2026-08-31,1360000,Submitted,2026-09-08,ASSET-W-000512,Borewell,Demo Village 6 Demo User Agency,Yes,2026-09-05,2026-09-21,Pending,,None recorded,Compliant,Demo Village 6 Demo Local Body,demo://photos/W-000512/completion,SYNTHETIC_PROTOTYPE,True
W-000513,2026-08-31,2026-09-06,1878000,Submitted,2026-09-14,ASSET-W-000513,Public Toilet,Demo Village 35 Demo User Agency,Yes,2026-09-01,2026-09-19,Not Due,,None recorded,Compliant,Demo Village 35 Demo Local Body,demo://photos/W-000513/completion,SYNTHETIC_PROTOTYPE,True
W-000514,2026-08-31,2026-09-08,4020000,Submitted,2026-09-08,ASSET-W-000514,Rural Road,Demo Village 1 Demo User Agency,Yes,2026-09-15,2026-09-09,Completed,2027-01-14,None recorded,Compliant,Demo Village 1 Demo Local Body,demo://photos/W-000514/completion,SYNTHETIC_PROTOTYPE,True
W-000516,2026-08-31,2026-09-09,1762000,Submitted,2026-09-17,ASSET-W-000516,Solar Street Lights,Demo Village 14 Demo User Agency,Yes,2026-09-16,2026-09-23,Not Due,,None recorded,Compliant,Demo Village 14 Demo Local Body,demo://photos/W-000516/completion,SYNTHETIC_PROTOTYPE,True
W-000519,2026-08-31,2026-09-06,3545000,Submitted,2026-09-06,ASSET-W-000519,Library Room,Demo Village 12 Demo User Agency,Yes,2026-09-11,2026-09-21,Completed,2026-10-03,None recorded,Compliant,Demo Village 12 Demo Local Body,demo://photos/W-000519/completion,SYNTHETIC_PROTOTYPE,True
W-000521,2026-08-31,2026-08-31,640000,Submitted,2026-10-02,ASSET-W-000521,Sports Equipment Facility,Demo Village 20 Demo User Agency,Yes,2026-09-09,2026-09-17,Not Due,,None recorded,Compliant,Demo Village 20 Demo Local Body,demo://photos/W-000521/completion,SYNTHETIC_PROTOTYPE,True
W-000522,2026-08-31,2026-09-03,3222000,Submitted,2026-09-10,ASSET-W-000522,Water Tank,Demo Village 1 Demo User Agency,Yes,2026-09-11,2026-09-02,Pending,,None recorded,Compliant,Demo Village 1 Demo Local Body,demo://photos/W-000522/completion,SYNTHETIC_PROTOTYPE,True
W-000523,2026-08-31,2026-08-31,2683000,Submitted,2026-09-16,ASSET-W-000523,Library Room,Demo Village 15 Demo User Agency,Yes,2026-09-11,2026-09-21,Pending,,None recorded,Compliant,Demo Village 15 Demo Local Body,demo://photos/W-000523/completion,SYNTHETIC_PROTOTYPE,True
W-000524,2026-08-31,2026-09-08,1500000,Submitted,2026-09-25,ASSET-W-000524,Sports Equipment Facility,Demo Village 28 Demo User Agency,Yes,2026-09-02,2026-09-30,Pending,,None recorded,Compliant,Demo Village 28 Demo Local Body,demo://photos/W-000524/completion,SYNTHETIC_PROTOTYPE,True
W-000525,2026-08-31,2026-09-09,2518000,Submitted,2026-09-19,ASSET-W-000525,Digital Classroom,Demo Village 2 Demo User Agency,Yes,2026-09-07,2026-09-28,Not Due,,None recorded,Compliant,Demo Village 2 Demo Local Body,demo://photos/W-000525/completion,SYNTHETIC_PROTOTYPE,True
W-000526,2026-08-31,2026-09-05,4055000,Submitted,2026-10-15,ASSET-W-000526,Public Health Facility,Demo Village 21 Demo User Agency,Yes,2026-09-02,2026-09-17,Not Due,,None recorded,Compliant,Demo Village 21 Demo Local Body,demo://photos/W-000526/completion,SYNTHETIC_PROTOTYPE,True
W-000527,2026-08-31,2026-09-01,910000,Submitted,2026-09-22,ASSET-W-000527,Solar Water System,Demo Village 31 Demo User Agency,Yes,2026-09-13,2026-09-18,Not Due,,None recorded,Compliant,Demo Village 31 Demo Local Body,demo://photos/W-000527/completion,SYNTHETIC_PROTOTYPE,True
W-000528,2026-08-31,2026-09-06,702000,Submitted,2026-10-05,ASSET-W-000528,Open Gym,Demo Village 25 Demo User Agency,Yes,2026-09-10,2026-09-04,Not Due,,None recorded,Compliant,Demo Village 25 Demo Local Body,demo://photos/W-000528/completion,SYNTHETIC_PROTOTYPE,True
W-000529,2026-08-31,2026-09-07,559000,Submitted,2026-09-22,ASSET-W-000529,Playground Development,Demo Village 22 Demo User Agency,Yes,2026-09-01,2026-09-08,Not Due,,None recorded,Compliant,Demo Village 22 Demo Local Body,demo://photos/W-000529/completion,SYNTHETIC_PROTOTYPE,True
W-000530,2026-08-31,2026-09-03,2494000,Submitted,2026-09-19,ASSET-W-000530,Borewell,Demo Village 34 Demo User Agency,Yes,2026-09-03,2026-09-06,Pending,,None recorded,Compliant,Demo Village 34 Demo Local Body,demo://photos/W-000530/completion,SYNTHETIC_PROTOTYPE,True
W-000531,2026-08-31,2026-09-02,1962000,Not Submitted,,ASSET-W-000531,Public Health Facility,Demo Village 21 Demo User Agency,Pending,2026-09-07,2026-09-21,Not Due,,Documentation / closure review,Review Required,Demo Village 21 Demo Local Body,demo://photos/W-000531/completion,SYNTHETIC_PROTOTYPE,True
W-000532,2026-08-31,2026-09-05,1319000,Submitted,2026-09-14,ASSET-W-000532,Bus Shelter,Demo Village 22 Demo User Agency,Yes,2026-09-19,2026-09-06,Completed,2027-02-26,None recorded,Compliant,Demo Village 22 Demo Local Body,demo://photos/W-000532/completion,SYNTHETIC_PROTOTYPE,True
W-000533,2026-08-31,2026-08-31,2557000,Submitted,2026-09-17,ASSET-W-000533,School Classroom,Demo Village 24 Demo User Agency,Yes,2026-09-18,2026-09-14,Not Due,,None recorded,Compliant,Demo Village 24 Demo Local Body,demo://photos/W-000533/completion,SYNTHETIC_PROTOTYPE,True
W-000534,2026-08-31,2026-09-02,1168000,Submitted,2026-09-18,ASSET-W-000534,Indoor Sports Hall,Demo Village 27 Demo User Agency,Yes,2026-09-10,2026-09-13,Not Due,,None recorded,Compliant,Demo Village 27 Demo Local Body,demo://photos/W-000534/completion,SYNTHETIC_PROTOTYPE,True
W-000535,2026-08-31,2026-09-09,3076000,Submitted,2026-10-03,ASSET-W-000535,School Classroom,Demo Village 16 Demo User Agency,Yes,2026-09-13,2026-09-01,Pending,,None recorded,Compliant,Demo Village 16 Demo Local Body,demo://photos/W-000535/completion,SYNTHETIC_PROTOTYPE,True
W-000536,2026-08-31,2026-09-07,3459000,Submitted,2026-10-12,ASSET-W-000536,Health Sub-Centre,Demo Village 21 Demo User Agency,Yes,2026-09-17,2026-09-11,Not Due,,None recorded,Compliant,Demo Village 21 Demo Local Body,demo://photos/W-000536/completion,SYNTHETIC_PROTOTYPE,True
W-000538,2026-08-31,2026-09-01,3141000,Submitted,2026-09-09,ASSET-W-000538,Health Sub-Centre,Demo Village 2 Demo User Agency,Yes,2026-09-03,2026-09-04,Pending,,None recorded,Compliant,Demo Village 2 Demo Local Body,demo://photos/W-000538/completion,SYNTHETIC_PROTOTYPE,True
W-000541,2026-08-31,2026-09-09,2112000,Submitted,2026-09-30,ASSET-W-000541,Borewell,Demo Village 9 Demo User Agency,Yes,2026-09-06,2026-09-05,Completed,2027-02-18,None recorded,Compliant,Demo Village 9 Demo Local Body,demo://photos/W-000541/completion,SYNTHETIC_PROTOTYPE,True
W-000542,2026-08-31,2026-09-02,2032000,Submitted,2026-10-05,ASSET-W-000542,Health Sub-Centre,Demo Village 20 Demo User Agency,Yes,2026-09-17,2026-09-07,Completed,2027-01-16,None recorded,Compliant,Demo Village 20 Demo Local Body,demo://photos/W-000542/completion,SYNTHETIC_PROTOTYPE,True
W-000543,2026-08-31,2026-08-31,1092000,Submitted,2026-09-17,ASSET-W-000543,RO Water Plant,Demo Village 9 Demo User Agency,Yes,2026-09-07,2026-09-13,Completed,2026-10-15,None recorded,Compliant,Demo Village 9 Demo Local Body,demo://photos/W-000543/completion,SYNTHETIC_PROTOTYPE,True
W-000544,2026-08-31,2026-09-09,1548000,Submitted,2026-09-27,ASSET-W-000544,Solar Street Lights,Demo Village 28 Demo User Agency,Yes,2026-09-10,2026-09-15,Completed,2026-10-13,None recorded,Compliant,Demo Village 28 Demo Local Body,demo://photos/W-000544/completion,SYNTHETIC_PROTOTYPE,True
W-000545,2026-08-31,2026-09-04,2188000,Submitted,2026-09-15,ASSET-W-000545,Approach Road,Demo Village 7 Demo User Agency,Yes,2026-09-06,2026-09-30,Completed,2026-11-03,None recorded,Compliant,Demo Village 7 Demo Local Body,demo://photos/W-000545/completion,SYNTHETIC_PROTOTYPE,True
W-000546,2026-08-31,2026-09-07,963000,Submitted,2026-09-12,ASSET-W-000546,Solar Community Lighting,Demo Village 11 Demo User Agency,Yes,2026-09-09,2026-09-13,Completed,2026-10-24,None recorded,Compliant,Demo Village 11 Demo Local Body,demo://photos/W-000546/completion,SYNTHETIC_PROTOTYPE,True
W-000547,2026-08-31,2026-09-09,4066000,Submitted,2026-09-08,ASSET-W-000547,Public Health Facility,Demo Village 35 Demo User Agency,Yes,2026-09-16,2026-09-19,Completed,2027-02-25,None recorded,Compliant,Demo Village 35 Demo Local Body,demo://photos/W-000547/completion,SYNTHETIC_PROTOTYPE,True
W-000548,2026-08-31,2026-09-02,3783000,Submitted,2026-09-09,ASSET-W-000548,Small Bridge,Demo Village 34 Demo User Agency,Yes,2026-09-09,2026-09-10,Not Due,,None recorded,Compliant,Demo Village 34 Demo Local Body,demo://photos/W-000548/completion,SYNTHETIC_PROTOTYPE,True
W-000549,2026-08-31,2026-09-02,1406000,Submitted,2026-09-26,ASSET-W-000549,Water Tank,Demo Village 21 Demo User Agency,Yes,2026-09-13,2026-09-30,Pending,,None recorded,Compliant,Demo Village 21 Demo Local Body,demo://photos/W-000549/completion,SYNTHETIC_PROTOTYPE,True
W-000551,2026-08-31,2026-09-03,3791000,Submitted,2026-09-14,ASSET-W-000551,Rural Road,Demo Village 6 Demo User Agency,Yes,2026-09-05,2026-09-10,Not Due,,None recorded,Compliant,Demo Village 6 Demo Local Body,demo://photos/W-000551/completion,SYNTHETIC_PROTOTYPE,True
W-000552,2026-08-31,2026-09-06,3569000,Submitted,2026-09-15,ASSET-W-000552,Approach Road,Demo Village 35 Demo User Agency,Yes,2026-09-04,2026-09-08,Completed,2027-02-15,None recorded,Compliant,Demo Village 35 Demo Local Body,demo://photos/W-000552/completion,SYNTHETIC_PROTOTYPE,True
W-000554,2026-08-31,2026-09-01,1445000,Submitted,2026-09-06,ASSET-W-000554,Approach Road,Demo Village 22 Demo User Agency,Yes,2026-09-04,2026-09-09,Completed,2026-12-15,None recorded,Compliant,Demo Village 22 Demo Local Body,demo://photos/W-000554/completion,SYNTHETIC_PROTOTYPE,True
W-000555,2026-08-31,2026-08-31,1938000,Submitted,2026-09-18,ASSET-W-000555,Solid Waste Shed,Demo Village 11 Demo User Agency,Yes,2026-09-01,2026-09-16,Not Due,,None recorded,Compliant,Demo Village 11 Demo Local Body,demo://photos/W-000555/completion,SYNTHETIC_PROTOTYPE,True
W-000556,2026-08-31,2026-08-31,2913000,Submitted,2026-09-25,ASSET-W-000556,Community Hall,Demo Village 12 Demo User Agency,Yes,2026-09-16,2026-09-17,Pending,,None recorded,Compliant,Demo Village 12 Demo Local Body,demo://photos/W-000556/completion,SYNTHETIC_PROTOTYPE,True
W-000557,2026-08-31,2026-08-31,972000,Submitted,2026-09-30,ASSET-W-000557,Ambulance Shelter,Demo Village 15 Demo User Agency,Yes,2026-09-03,2026-09-17,Not Due,,None recorded,Compliant,Demo Village 15 Demo Local Body,demo://photos/W-000557/completion,SYNTHETIC_PROTOTYPE,True
W-000558,2026-08-31,2026-09-08,1461000,Submitted,2026-10-06,ASSET-W-000558,Pipeline Extension,Demo Village 29 Demo User Agency,Yes,2026-09-07,2026-09-01,Pending,,None recorded,Compliant,Demo Village 29 Demo Local Body,demo://photos/W-000558/completion,SYNTHETIC_PROTOTYPE,True
W-000559,2026-08-31,2026-09-09,771000,Submitted,2026-09-05,ASSET-W-000559,Drainage,Demo Village 30 Demo User Agency,Yes,2026-09-02,2026-09-23,Pending,,None recorded,Compliant,Demo Village 30 Demo Local Body,demo://photos/W-000559/completion,SYNTHETIC_PROTOTYPE,True
W-000560,2026-08-31,2026-09-07,2204000,Submitted,2026-10-15,ASSET-W-000560,Bus Shelter,Demo Village 28 Demo User Agency,Yes,2026-09-11,2026-09-30,Not Due,,None recorded,Compliant,Demo Village 28 Demo Local Body,demo://photos/W-000560/completion,SYNTHETIC_PROTOTYPE,True
W-000562,2026-08-31,2026-09-09,1234000,Submitted,2026-09-19,ASSET-W-000562,Solar Public Facility,Demo Village 2 Demo User Agency,Yes,2026-09-05,2026-09-06,Completed,2026-10-03,None recorded,Compliant,Demo Village 2 Demo Local Body,demo://photos/W-000562/completion,SYNTHETIC_PROTOTYPE,True
W-000564,2026-08-31,2026-09-05,2393000,Submitted,2026-09-09,ASSET-W-000564,Health Sub-Centre,Demo Village 20 Demo User Agency,Yes,2026-09-06,2026-09-02,Not Due,,None recorded,Compliant,Demo Village 20 Demo Local Body,demo://photos/W-000564/completion,SYNTHETIC_PROTOTYPE,True
W-000565,2026-08-31,2026-09-04,1295000,Submitted,2026-09-19,ASSET-W-000565,Library Room,Demo Village 29 Demo User Agency,Yes,2026-09-08,2026-09-02,Pending,,None recorded,Compliant,Demo Village 29 Demo Local Body,demo://photos/W-000565/completion,SYNTHETIC_PROTOTYPE,True
W-000566,2026-08-31,2026-09-10,2301000,Submitted,2026-10-01,ASSET-W-000566,Playground Development,Demo Village 2 Demo User Agency,Yes,2026-09-06,2026-09-08,Not Due,,None recorded,Compliant,Demo Village 2 Demo Local Body,demo://photos/W-000566/completion,SYNTHETIC_PROTOTYPE,True
W-000567,2026-08-31,2026-09-03,2828000,Submitted,2026-09-28,ASSET-W-000567,PHC Equipment Room,Demo Village 10 Demo User Agency,Yes,2026-09-14,2026-09-04,Not Due,,None recorded,Compliant,Demo Village 10 Demo Local Body,demo://photos/W-000567/completion,SYNTHETIC_PROTOTYPE,True
W-000569,2026-08-31,2026-09-06,1799000,Submitted,2026-10-02,ASSET-W-000569,Water Tank,Demo Village 31 Demo User Agency,Yes,2026-09-18,2026-09-18,Not Due,,None recorded,Compliant,Demo Village 31 Demo Local Body,demo://photos/W-000569/completion,SYNTHETIC_PROTOTYPE,True
W-000570,2026-08-31,2026-09-08,4186000,Submitted,2026-09-30,ASSET-W-000570,Community Hall,Demo Village 14 Demo User Agency,Yes,2026-09-13,2026-09-02,Pending,,None recorded,Compliant,Demo Village 14 Demo Local Body,demo://photos/W-000570/completion,SYNTHETIC_PROTOTYPE,True
W-000572,2026-08-31,2026-09-10,2128000,Submitted,2026-09-17,ASSET-W-000572,Digital Classroom,Demo Village 13 Demo User Agency,Yes,2026-09-14,2026-09-25,Pending,,None recorded,Compliant,Demo Village 13 Demo Local Body,demo://photos/W-000572/completion,SYNTHETIC_PROTOTYPE,True
W-000573,2026-08-31,2026-09-03,1952000,Submitted,2026-09-25,ASSET-W-000573,Water Tank,Demo Village 25 Demo User Agency,Yes,2026-09-09,2026-09-23,Pending,,None recorded,Compliant,Demo Village 25 Demo Local Body,demo://photos/W-000573/completion,SYNTHETIC_PROTOTYPE,True
W-000574,2026-08-31,2026-09-04,2236000,Submitted,2026-09-22,ASSET-W-000574,Bus Shelter,Demo Village 15 Demo User Agency,Yes,2026-09-04,2026-09-19,Pending,,None recorded,Compliant,Demo Village 15 Demo Local Body,demo://photos/W-000574/completion,SYNTHETIC_PROTOTYPE,True
W-000575,2026-08-31,2026-09-09,1380000,Submitted,2026-09-30,ASSET-W-000575,PHC Equipment Room,Demo Village 26 Demo User Agency,Yes,2026-09-04,2026-09-18,Not Due,,None recorded,Compliant,Demo Village 26 Demo Local Body,demo://photos/W-000575/completion,SYNTHETIC_PROTOTYPE,True
W-000577,2026-08-31,2026-09-01,3740000,Submitted,2026-09-27,ASSET-W-000577,CC Road,Demo Village 7 Demo User Agency,Yes,2026-09-14,2026-09-05,Pending,,None recorded,Compliant,Demo Village 7 Demo Local Body,demo://photos/W-000577/completion,SYNTHETIC_PROTOTYPE,True
W-000578,2026-08-31,2026-09-07,1574000,Submitted,2026-10-10,ASSET-W-000578,Playground Development,Demo Village 13 Demo User Agency,Yes,2026-09-15,2026-09-15,Pending,,None recorded,Compliant,Demo Village 13 Demo Local Body,demo://photos/W-000578/completion,SYNTHETIC_PROTOTYPE,True
W-000579,2026-08-31,2026-09-09,2778000,Submitted,2026-09-23,ASSET-W-000579,Approach Road,Demo Village 1 Demo User Agency,Yes,2026-09-06,2026-09-28,Pending,,None recorded,Compliant,Demo Village 1 Demo Local Body,demo://photos/W-000579/completion,SYNTHETIC_PROTOTYPE,True
W-000582,2026-08-31,2026-09-03,2900000,Submitted,2026-09-06,ASSET-W-000582,PHC Equipment Room,Demo Village 23 Demo User Agency,Yes,2026-09-08,2026-09-17,Not Due,,None recorded,Compliant,Demo Village 23 Demo Local Body,demo://photos/W-000582/completion,SYNTHETIC_PROTOTYPE,True
W-000583,2026-08-31,2026-09-02,2943000,Submitted,2026-09-24,ASSET-W-000583,Health Sub-Centre,Demo Village 16 Demo User Agency,Yes,2026-09-15,2026-09-25,Completed,2027-02-01,None recorded,Compliant,Demo Village 16 Demo Local Body,demo://photos/W-000583/completion,SYNTHETIC_PROTOTYPE,True
W-000584,2026-08-31,2026-09-05,2129000,Submitted,2026-09-26,ASSET-W-000584,Solar Community Lighting,Demo Village 29 Demo User Agency,Yes,2026-09-13,2026-09-29,Pending,,None recorded,Compliant,Demo Village 29 Demo Local Body,demo://photos/W-000584/completion,SYNTHETIC_PROTOTYPE,True
W-000586,2026-08-31,2026-09-03,3043000,Submitted,2026-09-30,ASSET-W-000586,CC Road,Demo Village 19 Demo User Agency,Yes,2026-09-10,2026-09-10,Completed,2026-11-28,None recorded,Compliant,Demo Village 19 Demo Local Body,demo://photos/W-000586/completion,SYNTHETIC_PROTOTYPE,True
W-000587,2026-08-31,2026-09-05,3282000,Submitted,2026-09-12,ASSET-W-000587,Bus Shelter,Demo Village 28 Demo User Agency,Yes,2026-09-14,2026-09-15,Not Due,,None recorded,Compliant,Demo Village 28 Demo Local Body,demo://photos/W-000587/completion,SYNTHETIC_PROTOTYPE,True
W-000590,2026-08-31,2026-08-31,825000,Submitted,2026-09-21,ASSET-W-000590,Public Toilet,Demo Village 22 Demo User Agency,Yes,2026-09-06,2026-09-05,Completed,2027-02-23,None recorded,Compliant,Demo Village 22 Demo Local Body,demo://photos/W-000590/completion,SYNTHETIC_PROTOTYPE,True
W-000591,2026-08-31,2026-09-06,2316000,Submitted,2026-10-06,ASSET-W-000591,Solar Community Lighting,Demo Village 28 Demo User Agency,Yes,2026-09-19,2026-09-21,Not Due,,None recorded,Compliant,Demo Village 28 Demo Local Body,demo://photos/W-000591/completion,SYNTHETIC_PROTOTYPE,True
W-000592,2026-08-31,2026-09-02,1232000,Submitted,2026-09-10,ASSET-W-000592,Anganwadi Building,Demo Village 4 Demo User Agency,Yes,2026-09-18,2026-09-21,Pending,,None recorded,Compliant,Demo Village 4 Demo Local Body,demo://photos/W-000592/completion,SYNTHETIC_PROTOTYPE,True
W-000593,2026-08-31,2026-09-02,1567000,Submitted,2026-10-09,ASSET-W-000593,Pipeline Extension,Demo Village 3 Demo User Agency,Yes,2026-09-15,2026-09-03,Pending,,None recorded,Compliant,Demo Village 3 Demo Local Body,demo://photos/W-000593/completion,SYNTHETIC_PROTOTYPE,True
W-000595,2026-08-31,2026-09-09,2038000,Submitted,2026-09-26,ASSET-W-000595,Health Sub-Centre,Demo Village 18 Demo User Agency,Yes,2026-09-01,2026-09-14,Not Due,,None recorded,Compliant,Demo Village 18 Demo Local Body,demo://photos/W-000595/completion,SYNTHETIC_PROTOTYPE,True
W-000597,2026-08-31,2026-09-04,2742000,Submitted,2026-09-18,ASSET-W-000597,Open Gym,Demo Village 21 Demo User Agency,Yes,2026-09-10,2026-09-27,Not Due,,None recorded,Compliant,Demo Village 21 Demo Local Body,demo://photos/W-000597/completion,SYNTHETIC_PROTOTYPE,True
W-000599,2026-08-31,2026-09-07,3198000,Submitted,2026-10-13,ASSET-W-000599,Anganwadi Building,Demo Village 24 Demo User Agency,Yes,2026-09-10,2026-09-18,Completed,2026-12-16,None recorded,Compliant,Demo Village 24 Demo Local Body,demo://photos/W-000599/completion,SYNTHETIC_PROTOTYPE,True
W-000600,2026-08-31,2026-09-10,2151000,Submitted,2026-09-10,ASSET-W-000600,Solar Water System,Demo Village 33 Demo User Agency,Yes,2026-09-05,2026-09-04,Pending,,None recorded,Compliant,Demo Village 33 Demo Local Body,demo://photos/W-000600/completion,SYNTHETIC_PROTOTYPE,True
W-000601,2026-08-31,2026-09-06,1127000,Submitted,2026-10-01,ASSET-W-000601,School Toilet,Demo Village 27 Demo User Agency,Yes,2026-09-04,2026-09-24,Not Due,,None recorded,Compliant,Demo Village 27 Demo Local Body,demo://photos/W-000601/completion,SYNTHETIC_PROTOTYPE,True
W-000602,2026-08-31,2026-09-01,1198000,Submitted,2026-09-18,ASSET-W-000602,Community Hall,Demo Village 26 Demo User Agency,Yes,2026-09-18,2026-09-18,Completed,2027-02-04,None recorded,Compliant,Demo Village 26 Demo Local Body,demo://photos/W-000602/completion,SYNTHETIC_PROTOTYPE,True
W-000603,2026-08-31,2026-09-08,861000,Submitted,2026-09-18,ASSET-W-000603,School Toilet,Demo Village 12 Demo User Agency,Yes,2026-09-11,2026-09-30,Pending,,None recorded,Compliant,Demo Village 12 Demo Local Body,demo://photos/W-000603/completion,SYNTHETIC_PROTOTYPE,True
W-000604,2026-08-31,2026-09-06,2060000,Submitted,2026-09-10,ASSET-W-000604,Drainage,Demo Village 32 Demo User Agency,Yes,2026-09-16,2026-09-19,Pending,,None recorded,Compliant,Demo Village 32 Demo Local Body,demo://photos/W-000604/completion,SYNTHETIC_PROTOTYPE,True
W-000607,2026-08-31,2026-09-05,838000,Submitted,2026-10-09,ASSET-W-000607,Library Room,Demo Village 14 Demo User Agency,Yes,2026-09-20,2026-09-28,Pending,,None recorded,Compliant,Demo Village 14 Demo Local Body,demo://photos/W-000607/completion,SYNTHETIC_PROTOTYPE,True
W-000609,2026-08-31,2026-09-10,1340000,Submitted,2026-09-11,ASSET-W-000609,Drainage,Demo Village 11 Demo User Agency,Yes,2026-09-20,2026-09-10,Completed,2027-01-26,None recorded,Compliant,Demo Village 11 Demo Local Body,demo://photos/W-000609/completion,SYNTHETIC_PROTOTYPE,True
W-000610,2026-08-31,2026-08-31,3871000,Submitted,2026-10-13,ASSET-W-000610,School Toilet,Demo Village 23 Demo User Agency,Yes,2026-09-13,2026-09-24,Pending,,None recorded,Compliant,Demo Village 23 Demo Local Body,demo://photos/W-000610/completion,SYNTHETIC_PROTOTYPE,True
W-000612,2026-08-31,2026-09-01,1513000,Submitted,2026-10-06,ASSET-W-000612,Pipeline Extension,Demo Village 33 Demo User Agency,Yes,2026-09-09,2026-09-19,Completed,2027-02-16,None recorded,Compliant,Demo Village 33 Demo Local Body,demo://photos/W-000612/completion,SYNTHETIC_PROTOTYPE,True
W-000613,2026-08-31,2026-09-06,1059000,Submitted,2026-09-25,ASSET-W-000613,RO Water Plant,Demo Village 14 Demo User Agency,Yes,2026-09-10,2026-09-14,Completed,2026-10-23,None recorded,Compliant,Demo Village 14 Demo Local Body,demo://photos/W-000613/completion,SYNTHETIC_PROTOTYPE,True
W-000614,2026-08-31,2026-09-05,1957000,Submitted,2026-09-18,ASSET-W-000614,Digital Classroom,Demo Village 31 Demo User Agency,Yes,2026-09-13,2026-09-23,Pending,,None recorded,Compliant,Demo Village 31 Demo Local Body,demo://photos/W-000614/completion,SYNTHETIC_PROTOTYPE,True
W-000619,2026-08-31,2026-09-04,1700000,Submitted,2026-10-07,ASSET-W-000619,Public Toilet,Demo Village 25 Demo User Agency,Yes,2026-09-10,2026-09-28,Not Due,,None recorded,Compliant,Demo Village 25 Demo Local Body,demo://photos/W-000619/completion,SYNTHETIC_PROTOTYPE,True
W-000620,2026-08-31,2026-09-09,1525000,Submitted,2026-09-23,ASSET-W-000620,Solar Community Lighting,Demo Village 11 Demo User Agency,Yes,2026-09-11,2026-09-06,Completed,2026-11-12,None recorded,Compliant,Demo Village 11 Demo Local Body,demo://photos/W-000620/completion,SYNTHETIC_PROTOTYPE,True
W-000623,2026-08-31,2026-09-05,995000,Submitted,2026-09-05,ASSET-W-000623,Drainage,Demo Village 8 Demo User Agency,Yes,2026-09-20,2026-09-09,Not Due,,None recorded,Compliant,Demo Village 8 Demo Local Body,demo://photos/W-000623/completion,SYNTHETIC_PROTOTYPE,True
W-000624,2026-08-31,2026-09-10,1672000,Submitted,2026-09-09,ASSET-W-000624,Solid Waste Shed,Demo Village 34 Demo User Agency,Yes,2026-09-16,2026-09-14,Completed,2027-01-12,None recorded,Compliant,Demo Village 34 Demo Local Body,demo://photos/W-000624/completion,SYNTHETIC_PROTOTYPE,True
W-000627,2026-08-31,2026-09-01,3091000,Submitted,2026-09-18,ASSET-W-000627,Public Waiting Hall,Demo Village 7 Demo User Agency,Yes,2026-09-08,2026-09-18,Completed,2026-11-01,None recorded,Compliant,Demo Village 7 Demo Local Body,demo://photos/W-000627/completion,SYNTHETIC_PROTOTYPE,True
W-000628,2026-08-31,2026-09-10,898000,Submitted,2026-10-10,ASSET-W-000628,Public Waiting Hall,Demo Village 12 Demo User Agency,Yes,2026-09-06,2026-09-29,Not Due,,None recorded,Compliant,Demo Village 12 Demo Local Body,demo://photos/W-000628/completion,SYNTHETIC_PROTOTYPE,True
W-000629,2026-08-31,2026-09-05,912000,Not Submitted,,ASSET-W-000629,Library Room,Demo Village 13 Demo User Agency,Pending,2026-09-10,2026-09-20,Pending,,Documentation / closure review,Review Required,Demo Village 13 Demo Local Body,demo://photos/W-000629/completion,SYNTHETIC_PROTOTYPE,True
W-000631,2026-08-31,2026-09-02,2769000,Submitted,2026-10-03,ASSET-W-000631,Digital Classroom,Demo Village 18 Demo User Agency,Yes,2026-09-05,2026-09-03,Pending,,None recorded,Compliant,Demo Village 18 Demo Local Body,demo://photos/W-000631/completion,SYNTHETIC_PROTOTYPE,True
W-000632,2026-08-31,2026-08-31,2924000,Submitted,2026-09-12,ASSET-W-000632,Library Room,Demo Village 19 Demo User Agency,Yes,2026-09-20,2026-09-17,Not Due,,None recorded,Compliant,Demo Village 19 Demo Local Body,demo://photos/W-000632/completion,SYNTHETIC_PROTOTYPE,True
W-000633,2026-08-31,2026-08-31,703000,Submitted,2026-10-11,ASSET-W-000633,Solar Water System,Demo Village 24 Demo User Agency,Yes,2026-09-17,2026-09-17,Not Due,,None recorded,Compliant,Demo Village 24 Demo Local Body,demo://photos/W-000633/completion,SYNTHETIC_PROTOTYPE,True
W-000634,2026-08-31,2026-09-05,1384000,Submitted,2026-10-02,ASSET-W-000634,Playground Development,Demo Village 30 Demo User Agency,Yes,2026-09-18,2026-09-03,Pending,,None recorded,Compliant,Demo Village 30 Demo Local Body,demo://photos/W-000634/completion,SYNTHETIC_PROTOTYPE,True
W-000635,2026-08-31,2026-09-05,1908000,Submitted,2026-09-09,ASSET-W-000635,Open Gym,Demo Village 10 Demo User Agency,Yes,2026-09-14,2026-09-06,Pending,,None recorded,Compliant,Demo Village 10 Demo Local Body,demo://photos/W-000635/completion,SYNTHETIC_PROTOTYPE,True
W-000638,2026-08-31,2026-09-02,1918000,Submitted,2026-10-13,ASSET-W-000638,Public Health Facility,Demo Village 14 Demo User Agency,Yes,2026-09-03,2026-09-08,Not Due,,None recorded,Compliant,Demo Village 14 Demo Local Body,demo://photos/W-000638/completion,SYNTHETIC_PROTOTYPE,True
W-000640,2026-08-31,2026-09-04,2167000,Submitted,2026-10-03,ASSET-W-000640,Public Toilet,Demo Village 10 Demo User Agency,Yes,2026-09-11,2026-09-07,Not Due,,None recorded,Compliant,Demo Village 10 Demo Local Body,demo://photos/W-000640/completion,SYNTHETIC_PROTOTYPE,True
W-000641,2026-08-31,2026-09-06,3085000,Submitted,2026-09-15,ASSET-W-000641,Playground Development,Demo Village 27 Demo User Agency,Yes,2026-09-14,2026-09-22,Completed,2026-10-26,None recorded,Compliant,Demo Village 27 Demo Local Body,demo://photos/W-000641/completion,SYNTHETIC_PROTOTYPE,True
W-000643,2026-08-31,2026-09-08,2189000,Submitted,2026-09-05,ASSET-W-000643,PHC Equipment Room,Demo Village 24 Demo User Agency,Yes,2026-09-19,2026-09-22,Not Due,,None recorded,Compliant,Demo Village 24 Demo Local Body,demo://photos/W-000643/completion,SYNTHETIC_PROTOTYPE,True
W-000644,2026-08-31,2026-09-04,3437000,Submitted,2026-09-17,ASSET-W-000644,Rural Road,Demo Village 10 Demo User Agency,Yes,2026-09-09,2026-09-03,Completed,2026-11-21,None recorded,Compliant,Demo Village 10 Demo Local Body,demo://photos/W-000644/completion,SYNTHETIC_PROTOTYPE,True
W-000645,2026-08-31,2026-09-06,4097000,Submitted,2026-10-08,ASSET-W-000645,Rural Road,Demo Village 35 Demo User Agency,Yes,2026-09-09,2026-09-30,Not Due,,None recorded,Compliant,Demo Village 35 Demo Local Body,demo://photos/W-000645/completion,SYNTHETIC_PROTOTYPE,True
W-000646,2026-08-31,2026-09-10,1419000,Submitted,2026-09-13,ASSET-W-000646,Solar Street Lights,Demo Village 34 Demo User Agency,Yes,2026-09-05,2026-09-23,Completed,2027-02-25,None recorded,Compliant,Demo Village 34 Demo Local Body,demo://photos/W-000646/completion,SYNTHETIC_PROTOTYPE,True
W-000647,2026-08-31,2026-09-01,1480000,Submitted,2026-10-03,ASSET-W-000647,School Toilet,Demo Village 18 Demo User Agency,Yes,2026-09-08,2026-09-03,Completed,2026-12-15,None recorded,Compliant,Demo Village 18 Demo Local Body,demo://photos/W-000647/completion,SYNTHETIC_PROTOTYPE,True
W-000648,2026-08-31,2026-09-07,1420000,Submitted,2026-10-09,ASSET-W-000648,Public Health Facility,Demo Village 1 Demo User Agency,Yes,2026-09-16,2026-09-04,Completed,2027-01-11,None recorded,Compliant,Demo Village 1 Demo Local Body,demo://photos/W-000648/completion,SYNTHETIC_PROTOTYPE,True
W-000649,2026-08-31,2026-09-02,1198000,Submitted,2026-09-17,ASSET-W-000649,Public Waiting Hall,Demo Village 4 Demo User Agency,Yes,2026-09-14,2026-09-29,Pending,,None recorded,Compliant,Demo Village 4 Demo Local Body,demo://photos/W-000649/completion,SYNTHETIC_PROTOTYPE,True
W-000650,2026-08-31,2026-09-04,1959000,Submitted,2026-10-04,ASSET-W-000650,Water Tank,Demo Village 17 Demo User Agency,Yes,2026-09-01,2026-09-30,Completed,2027-01-12,None recorded,Compliant,Demo Village 17 Demo Local Body,demo://photos/W-000650/completion,SYNTHETIC_PROTOTYPE,True
W-000651,2026-08-31,2026-09-03,694000,Submitted,2026-09-22,ASSET-W-000651,Borewell,Demo Village 16 Demo User Agency,Yes,2026-09-06,2026-09-05,Not Due,,None recorded,Compliant,Demo Village 16 Demo Local Body,demo://photos/W-000651/completion,SYNTHETIC_PROTOTYPE,True
W-000654,2026-08-31,2026-09-01,3463000,Submitted,2026-09-20,ASSET-W-000654,Public Waiting Hall,Demo Village 31 Demo User Agency,Yes,2026-09-13,2026-09-28,Not Due,,None recorded,Compliant,Demo Village 31 Demo Local Body,demo://photos/W-000654/completion,SYNTHETIC_PROTOTYPE,True
W-000655,2026-08-31,2026-09-08,1650000,Submitted,2026-10-15,ASSET-W-000655,Solar Water System,Demo Village 14 Demo User Agency,Yes,2026-09-13,2026-09-06,Not Due,,None recorded,Compliant,Demo Village 14 Demo Local Body,demo://photos/W-000655/completion,SYNTHETIC_PROTOTYPE,True
W-000656,2026-08-31,2026-09-07,2289000,Submitted,2026-10-02,ASSET-W-000656,Health Sub-Centre,Demo Village 20 Demo User Agency,Yes,2026-09-02,2026-09-08,Completed,2026-11-25,None recorded,Compliant,Demo Village 20 Demo Local Body,demo://photos/W-000656/completion,SYNTHETIC_PROTOTYPE,True
W-000659,2026-08-31,2026-09-03,599000,Submitted,2026-09-05,ASSET-W-000659,Solid Waste Shed,Demo Village 4 Demo User Agency,Yes,2026-09-03,2026-09-02,Pending,,None recorded,Compliant,Demo Village 4 Demo Local Body,demo://photos/W-000659/completion,SYNTHETIC_PROTOTYPE,True
W-000661,2026-08-31,2026-09-04,1372000,Submitted,2026-09-20,ASSET-W-000661,Solid Waste Shed,Demo Village 24 Demo User Agency,Yes,2026-09-18,2026-09-17,Not Due,,None recorded,Compliant,Demo Village 24 Demo Local Body,demo://photos/W-000661/completion,SYNTHETIC_PROTOTYPE,True
W-000662,2026-08-31,2026-09-02,1810000,Submitted,2026-09-05,ASSET-W-000662,Approach Road,Demo Village 15 Demo User Agency,Yes,2026-09-20,2026-09-08,Not Due,,None recorded,Compliant,Demo Village 15 Demo Local Body,demo://photos/W-000662/completion,SYNTHETIC_PROTOTYPE,True
W-000665,2026-08-31,2026-09-07,1255000,Submitted,2026-09-22,ASSET-W-000665,Community Sanitation,Demo Village 6 Demo User Agency,Yes,2026-09-03,2026-09-09,Completed,2026-11-28,None recorded,Compliant,Demo Village 6 Demo Local Body,demo://photos/W-000665/completion,SYNTHETIC_PROTOTYPE,True
W-000667,2026-08-31,2026-09-08,3894000,Submitted,2026-09-20,ASSET-W-000667,Rural Road,Demo Village 1 Demo User Agency,Yes,2026-09-15,2026-09-09,Completed,2026-10-14,None recorded,Compliant,Demo Village 1 Demo Local Body,demo://photos/W-000667/completion,SYNTHETIC_PROTOTYPE,True
W-000668,2026-08-31,2026-09-07,1211000,Pending,,ASSET-W-000668,Community Sanitation,Demo Village 24 Demo User Agency,Pending,2026-09-13,2026-09-03,Not Due,,Documentation / closure review,Review Required,Demo Village 24 Demo Local Body,demo://photos/W-000668/completion,SYNTHETIC_PROTOTYPE,True
W-000670,2026-08-31,2026-09-04,3678000,Submitted,2026-09-21,ASSET-W-000670,School Toilet,Demo Village 26 Demo User Agency,Yes,2026-09-13,2026-09-04,Not Due,,None recorded,Compliant,Demo Village 26 Demo Local Body,demo://photos/W-000670/completion,SYNTHETIC_PROTOTYPE,True
W-000672,2026-08-31,2026-09-08,3107000,Submitted,2026-09-17,ASSET-W-000672,Anganwadi Building,Demo Village 14 Demo User Agency,Yes,2026-09-15,2026-09-07,Not Due,,None recorded,Compliant,Demo Village 14 Demo Local Body,demo://photos/W-000672/completion,SYNTHETIC_PROTOTYPE,True
W-000673,2026-08-31,2026-09-03,2333000,Submitted,2026-10-06,ASSET-W-000673,Digital Classroom,Demo Village 4 Demo User Agency,Yes,2026-09-09,2026-09-08,Not Due,,None recorded,Compliant,Demo Village 4 Demo Local Body,demo://photos/W-000673/completion,SYNTHETIC_PROTOTYPE,True
W-000674,2026-08-31,2026-09-09,1399000,Submitted,2026-10-01,ASSET-W-000674,Drainage,Demo Village 7 Demo User Agency,Yes,2026-09-06,2026-09-21,Pending,,None recorded,Compliant,Demo Village 7 Demo Local Body,demo://photos/W-000674/completion,SYNTHETIC_PROTOTYPE,True
W-000675,2026-08-31,2026-09-04,6292000,Submitted,2026-09-13,ASSET-W-000675,Health Sub-Centre,Demo Village 30 Demo User Agency,Yes,2026-09-09,2026-09-22,Pending,,None recorded,Compliant,Demo Village 30 Demo Local Body,demo://photos/W-000675/completion,SYNTHETIC_PROTOTYPE,True
W-000677,2026-08-31,2026-09-05,2059000,Submitted,2026-09-16,ASSET-W-000677,Public Toilet,Demo Village 21 Demo User Agency,Yes,2026-09-18,2026-09-10,Pending,,None recorded,Compliant,Demo Village 21 Demo Local Body,demo://photos/W-000677/completion,SYNTHETIC_PROTOTYPE,True
W-000678,2026-08-31,2026-09-07,2614000,Submitted,2026-09-25,ASSET-W-000678,Pipeline Extension,Demo Village 22 Demo User Agency,Yes,2026-09-15,2026-09-03,Not Due,,None recorded,Compliant,Demo Village 22 Demo Local Body,demo://photos/W-000678/completion,SYNTHETIC_PROTOTYPE,True
W-000681,2026-08-31,2026-09-05,1943000,Submitted,2026-09-11,ASSET-W-000681,Drainage,Demo Village 11 Demo User Agency,Yes,2026-09-18,2026-09-17,Not Due,,None recorded,Compliant,Demo Village 11 Demo Local Body,demo://photos/W-000681/completion,SYNTHETIC_PROTOTYPE,True
W-000685,2026-08-31,2026-09-10,2134000,Submitted,2026-10-04,ASSET-W-000685,Open Gym,Demo Village 18 Demo User Agency,Yes,2026-09-12,2026-09-17,Not Due,,None recorded,Compliant,Demo Village 18 Demo Local Body,demo://photos/W-000685/completion,SYNTHETIC_PROTOTYPE,True
W-000686,2026-08-31,2026-09-08,1647000,Submitted,2026-09-24,ASSET-W-000686,Sports Equipment Facility,Demo Village 22 Demo User Agency,Yes,2026-09-19,2026-09-09,Completed,2026-11-02,None recorded,Compliant,Demo Village 22 Demo Local Body,demo://photos/W-000686/completion,SYNTHETIC_PROTOTYPE,True
W-000687,2026-08-31,2026-09-10,2158000,Submitted,2026-10-13,ASSET-W-000687,Sports Equipment Facility,Demo Village 18 Demo User Agency,Yes,2026-09-05,2026-09-11,Completed,2027-02-09,None recorded,Compliant,Demo Village 18 Demo Local Body,demo://photos/W-000687/completion,SYNTHETIC_PROTOTYPE,True
W-000688,2026-08-31,2026-09-01,2067000,Submitted,2026-09-18,ASSET-W-000688,Pipeline Extension,Demo Village 11 Demo User Agency,Yes,2026-09-07,2026-09-21,Not Due,,None recorded,Compliant,Demo Village 11 Demo Local Body,demo://photos/W-000688/completion,SYNTHETIC_PROTOTYPE,True
W-000690,2026-08-31,2026-09-01,2043000,Submitted,2026-09-06,ASSET-W-000690,Playground Development,Demo Village 21 Demo User Agency,Yes,2026-09-15,2026-09-22,Pending,,None recorded,Compliant,Demo Village 21 Demo Local Body,demo://photos/W-000690/completion,SYNTHETIC_PROTOTYPE,True
W-000691,2026-08-31,2026-09-04,2476000,Submitted,2026-10-12,ASSET-W-000691,Playground Development,Demo Village 20 Demo User Agency,Yes,2026-09-12,2026-09-18,Not Due,,None recorded,Compliant,Demo Village 20 Demo Local Body,demo://photos/W-000691/completion,SYNTHETIC_PROTOTYPE,True
W-000694,2026-08-31,2026-09-03,2579000,Submitted,2026-09-19,ASSET-W-000694,Water Tank,Demo Village 34 Demo User Agency,Yes,2026-09-07,2026-09-28,Pending,,None recorded,Compliant,Demo Village 34 Demo Local Body,demo://photos/W-000694/completion,SYNTHETIC_PROTOTYPE,True
W-000695,2026-08-31,2026-09-06,4162000,Submitted,2026-10-15,ASSET-W-000695,Approach Road,Demo Village 22 Demo User Agency,Yes,2026-09-02,2026-09-28,Pending,,None recorded,Compliant,Demo Village 22 Demo Local Body,demo://photos/W-000695/completion,SYNTHETIC_PROTOTYPE,True
W-000696,2026-08-31,2026-09-10,2240000,Submitted,2026-09-21,ASSET-W-000696,RO Water Plant,Demo Village 1 Demo User Agency,Yes,2026-09-20,2026-09-15,Completed,2026-12-14,None recorded,Compliant,Demo Village 1 Demo Local Body,demo://photos/W-000696/completion,SYNTHETIC_PROTOTYPE,True
W-000697,2026-08-31,2026-09-05,2719000,Submitted,2026-09-21,ASSET-W-000697,Solid Waste Shed,Demo Village 7 Demo User Agency,Yes,2026-09-09,2026-09-22,Pending,,None recorded,Compliant,Demo Village 7 Demo Local Body,demo://photos/W-000697/completion,SYNTHETIC_PROTOTYPE,True
W-000698,2026-08-31,2026-09-01,1800000,Submitted,2026-10-05,ASSET-W-000698,Water Tank,Demo Village 10 Demo User Agency,Yes,2026-09-05,2026-09-27,Not Due,,None recorded,Compliant,Demo Village 10 Demo Local Body,demo://photos/W-000698/completion,SYNTHETIC_PROTOTYPE,True
W-000699,2026-08-31,2026-09-09,2881000,Submitted,2026-10-14,ASSET-W-000699,Solid Waste Shed,Demo Village 8 Demo User Agency,Yes,2026-09-06,2026-09-02,Not Due,,None recorded,Compliant,Demo Village 8 Demo Local Body,demo://photos/W-000699/completion,SYNTHETIC_PROTOTYPE,True
W-000700,2026-08-31,2026-09-10,1409000,Submitted,2026-09-11,ASSET-W-000700,Bus Shelter,Demo Village 10 Demo User Agency,Yes,2026-09-04,2026-09-08,Not Due,,None recorded,Compliant,Demo Village 10 Demo Local Body,demo://photos/W-000700/completion,SYNTHETIC_PROTOTYPE,True
W-000701,2026-08-31,2026-09-03,1930000,Submitted,2026-09-25,ASSET-W-000701,Solar Water System,Demo Village 8 Demo User Agency,Yes,2026-09-16,2026-09-04,Pending,,None recorded,Compliant,Demo Village 8 Demo Local Body,demo://photos/W-000701/completion,SYNTHETIC_PROTOTYPE,True
W-000702,2026-08-31,2026-09-06,1073000,Submitted,2026-09-19,ASSET-W-000702,Indoor Sports Hall,Demo Village 17 Demo User Agency,Yes,2026-09-18,2026-09-08,Not Due,,None recorded,Compliant,Demo Village 17 Demo Local Body,demo://photos/W-000702/completion,SYNTHETIC_PROTOTYPE,True
W-000703,2026-08-31,2026-08-31,2951000,Submitted,2026-10-15,ASSET-W-000703,Public Waiting Hall,Demo Village 30 Demo User Agency,Yes,2026-09-11,2026-09-12,Completed,2026-12-16,None recorded,Compliant,Demo Village 30 Demo Local Body,demo://photos/W-000703/completion,SYNTHETIC_PROTOTYPE,True
W-000705,2026-08-31,2026-09-04,2219000,Submitted,2026-10-06,ASSET-W-000705,Public Toilet,Demo Village 19 Demo User Agency,Yes,2026-09-11,2026-09-10,Not Due,,None recorded,Compliant,Demo Village 19 Demo Local Body,demo://photos/W-000705/completion,SYNTHETIC_PROTOTYPE,True
W-000706,2026-08-31,2026-09-09,2626000,Not Submitted,,ASSET-W-000706,Health Sub-Centre,Demo Village 20 Demo User Agency,Pending,2026-09-01,2026-09-03,Pending,,Documentation / closure review,Review Required,Demo Village 20 Demo Local Body,demo://photos/W-000706/completion,SYNTHETIC_PROTOTYPE,True
W-000707,2026-08-31,2026-09-04,1419000,Submitted,2026-10-12,ASSET-W-000707,Solid Waste Shed,Demo Village 9 Demo User Agency,Yes,2026-09-03,2026-09-25,Pending,,None recorded,Compliant,Demo Village 9 Demo Local Body,demo://photos/W-000707/completion,SYNTHETIC_PROTOTYPE,True
W-000710,2026-08-31,2026-09-04,2262000,Submitted,2026-09-05,ASSET-W-000710,Solar Water System,Demo Village 33 Demo User Agency,Yes,2026-09-06,2026-09-26,Completed,2027-02-07,None recorded,Compliant,Demo Village 33 Demo Local Body,demo://photos/W-000710/completion,SYNTHETIC_PROTOTYPE,True
W-000712,2026-08-31,2026-09-10,2256000,Submitted,2026-10-05,ASSET-W-000712,Drainage,Demo Village 1 Demo User Agency,Yes,2026-09-01,2026-09-02,Not Due,,None recorded,Compliant,Demo Village 1 Demo Local Body,demo://photos/W-000712/completion,SYNTHETIC_PROTOTYPE,True
W-000714,2026-08-31,2026-09-05,520000,Submitted,2026-09-13,ASSET-W-000714,RO Water Plant,Demo Village 35 Demo User Agency,Yes,2026-09-04,2026-09-05,Completed,2027-02-26,None recorded,Compliant,Demo Village 35 Demo Local Body,demo://photos/W-000714/completion,SYNTHETIC_PROTOTYPE,True
W-000715,2026-08-31,2026-09-02,2273000,Submitted,2026-09-27,ASSET-W-000715,Solar Public Facility,Demo Village 29 Demo User Agency,Yes,2026-09-10,2026-09-06,Not Due,,None recorded,Compliant,Demo Village 29 Demo Local Body,demo://photos/W-000715/completion,SYNTHETIC_PROTOTYPE,True
W-000716,2026-08-31,2026-09-09,1934000,Submitted,2026-10-13,ASSET-W-000716,Small Bridge,Demo Village 12 Demo User Agency,Yes,2026-09-17,2026-09-12,Completed,2027-02-03,None recorded,Compliant,Demo Village 12 Demo Local Body,demo://photos/W-000716/completion,SYNTHETIC_PROTOTYPE,True
W-000717,2026-08-31,2026-09-03,1268000,Submitted,2026-10-09,ASSET-W-000717,RO Water Plant,Demo Village 13 Demo User Agency,Yes,2026-09-10,2026-09-04,Not Due,,None recorded,Compliant,Demo Village 13 Demo Local Body,demo://photos/W-000717/completion,SYNTHETIC_PROTOTYPE,True
W-000718,2026-08-31,2026-09-04,3194000,Submitted,2026-10-05,ASSET-W-000718,Approach Road,Demo Village 6 Demo User Agency,Yes,2026-09-02,2026-09-16,Completed,2027-02-18,None recorded,Compliant,Demo Village 6 Demo Local Body,demo://photos/W-000718/completion,SYNTHETIC_PROTOTYPE,True
W-000719,2026-08-31,2026-09-01,1969000,Submitted,2026-10-15,ASSET-W-000719,Open Gym,Demo Village 17 Demo User Agency,Yes,2026-09-10,2026-09-07,Completed,2027-01-12,None recorded,Compliant,Demo Village 17 Demo Local Body,demo://photos/W-000719/completion,SYNTHETIC_PROTOTYPE,True
W-000721,2026-08-31,2026-09-06,2128000,Submitted,2026-09-28,ASSET-W-000721,Solar Water System,Demo Village 16 Demo User Agency,Yes,2026-09-18,2026-09-09,Not Due,,None recorded,Compliant,Demo Village 16 Demo Local Body,demo://photos/W-000721/completion,SYNTHETIC_PROTOTYPE,True
W-000722,2026-08-31,2026-09-05,3224000,Submitted,2026-10-08,ASSET-W-000722,Small Bridge,Demo Village 22 Demo User Agency,Yes,2026-09-18,2026-09-14,Not Due,,None recorded,Compliant,Demo Village 22 Demo Local Body,demo://photos/W-000722/completion,SYNTHETIC_PROTOTYPE,True
W-000724,2026-08-31,2026-09-02,1038000,Submitted,2026-10-15,ASSET-W-000724,Solar Public Facility,Demo Village 12 Demo User Agency,Yes,2026-09-04,2026-09-23,Not Due,,None recorded,Compliant,Demo Village 12 Demo Local Body,demo://photos/W-000724/completion,SYNTHETIC_PROTOTYPE,True
W-000726,2026-08-31,2026-09-06,2172000,Not Submitted,,ASSET-W-000726,Solar Community Lighting,Demo Village 14 Demo User Agency,Pending,2026-09-14,2026-09-04,Pending,,Documentation / closure review,Review Required,Demo Village 14 Demo Local Body,demo://photos/W-000726/completion,SYNTHETIC_PROTOTYPE,True
W-000727,2026-08-31,2026-09-05,2676000,Submitted,2026-10-10,ASSET-W-000727,School Toilet,Demo Village 18 Demo User Agency,Yes,2026-09-19,2026-09-07,Not Due,,None recorded,Compliant,Demo Village 18 Demo Local Body,demo://photos/W-000727/completion,SYNTHETIC_PROTOTYPE,True
W-000729,2026-08-31,2026-08-31,1899000,Submitted,2026-09-17,ASSET-W-000729,Approach Road,Demo Village 10 Demo User Agency,Yes,2026-09-17,2026-09-04,Pending,,None recorded,Compliant,Demo Village 10 Demo Local Body,demo://photos/W-000729/completion,SYNTHETIC_PROTOTYPE,True
W-000730,2026-08-31,2026-09-03,470000,Submitted,2026-10-11,ASSET-W-000730,Borewell,Demo Village 19 Demo User Agency,Yes,2026-09-09,2026-09-21,Not Due,,None recorded,Compliant,Demo Village 19 Demo Local Body,demo://photos/W-000730/completion,SYNTHETIC_PROTOTYPE,True
W-000733,2026-08-31,2026-09-01,576000,Submitted,2026-10-06,ASSET-W-000733,Drainage,Demo Village 20 Demo User Agency,Yes,2026-09-18,2026-09-18,Pending,,None recorded,Compliant,Demo Village 20 Demo Local Body,demo://photos/W-000733/completion,SYNTHETIC_PROTOTYPE,True
W-000735,2026-08-31,2026-09-05,1275000,Submitted,2026-10-14,ASSET-W-000735,School Toilet,Demo Village 1 Demo User Agency,Yes,2026-09-02,2026-09-04,Pending,,None recorded,Compliant,Demo Village 1 Demo Local Body,demo://photos/W-000735/completion,SYNTHETIC_PROTOTYPE,True
W-000736,2026-08-31,2026-09-06,939000,Submitted,2026-09-17,ASSET-W-000736,Drainage,Demo Village 5 Demo User Agency,Yes,2026-09-08,2026-09-08,Pending,,None recorded,Compliant,Demo Village 5 Demo Local Body,demo://photos/W-000736/completion,SYNTHETIC_PROTOTYPE,True
W-000737,2026-08-31,2026-09-06,2828000,Submitted,2026-10-10,ASSET-W-000737,PHC Equipment Room,Demo Village 12 Demo User Agency,Yes,2026-09-15,2026-09-17,Completed,2027-01-19,None recorded,Compliant,Demo Village 12 Demo Local Body,demo://photos/W-000737/completion,SYNTHETIC_PROTOTYPE,True
W-000739,2026-08-31,2026-09-03,2022000,Submitted,2026-09-14,ASSET-W-000739,Pipeline Extension,Demo Village 5 Demo User Agency,Yes,2026-09-17,2026-09-24,Pending,,None recorded,Compliant,Demo Village 5 Demo Local Body,demo://photos/W-000739/completion,SYNTHETIC_PROTOTYPE,True
W-000741,2026-08-31,2026-09-10,1278000,Submitted,2026-09-14,ASSET-W-000741,Community Hall,Demo Village 25 Demo User Agency,Yes,2026-09-18,2026-09-30,Not Due,,None recorded,Compliant,Demo Village 25 Demo Local Body,demo://photos/W-000741/completion,SYNTHETIC_PROTOTYPE,True
W-000743,2026-08-31,2026-09-09,2905000,Submitted,2026-10-15,ASSET-W-000743,Pipeline Extension,Demo Village 7 Demo User Agency,Yes,2026-09-09,2026-09-09,Completed,2026-11-09,None recorded,Compliant,Demo Village 7 Demo Local Body,demo://photos/W-000743/completion,SYNTHETIC_PROTOTYPE,True
W-000744,2026-08-31,2026-09-06,627000,Submitted,2026-09-21,ASSET-W-000744,Pipeline Extension,Demo Village 23 Demo User Agency,Yes,2026-09-20,2026-09-04,Not Due,,None recorded,Compliant,Demo Village 23 Demo Local Body,demo://photos/W-000744/completion,SYNTHETIC_PROTOTYPE,True
W-000745,2026-08-31,2026-08-31,2016000,Submitted,2026-10-09,ASSET-W-000745,Community Sanitation,Demo Village 12 Demo User Agency,Yes,2026-09-07,2026-09-03,Not Due,,None recorded,Compliant,Demo Village 12 Demo Local Body,demo://photos/W-000745/completion,SYNTHETIC_PROTOTYPE,True
W-000746,2026-08-31,2026-09-08,533000,Submitted,2026-10-12,ASSET-W-000746,Drainage,Demo Village 8 Demo User Agency,Yes,2026-09-14,2026-09-05,Completed,2027-01-08,None recorded,Compliant,Demo Village 8 Demo Local Body,demo://photos/W-000746/completion,SYNTHETIC_PROTOTYPE,True
W-000748,2026-08-31,2026-09-10,1214000,Submitted,2026-09-13,ASSET-W-000748,Public Toilet,Demo Village 32 Demo User Agency,Yes,2026-09-03,2026-09-14,Completed,2026-12-03,None recorded,Compliant,Demo Village 32 Demo Local Body,demo://photos/W-000748/completion,SYNTHETIC_PROTOTYPE,True
W-000749,2026-08-31,2026-09-10,2758000,Submitted,2026-10-01,ASSET-W-000749,Solar Public Facility,Demo Village 12 Demo User Agency,Yes,2026-09-19,2026-09-11,Pending,,None recorded,Compliant,Demo Village 12 Demo Local Body,demo://photos/W-000749/completion,SYNTHETIC_PROTOTYPE,True
W-000750,2026-08-31,2026-09-01,2074000,Submitted,2026-09-14,ASSET-W-000750,Pipeline Extension,Demo Village 33 Demo User Agency,Yes,2026-09-02,2026-09-15,Completed,2027-01-23,None recorded,Compliant,Demo Village 33 Demo Local Body,demo://photos/W-000750/completion,SYNTHETIC_PROTOTYPE,True
W-000751,2026-08-31,2026-09-08,1851000,Submitted,2026-09-22,ASSET-W-000751,Solar Water System,Demo Village 14 Demo User Agency,Yes,2026-09-12,2026-09-21,Completed,2026-10-25,None recorded,Compliant,Demo Village 14 Demo Local Body,demo://photos/W-000751/completion,SYNTHETIC_PROTOTYPE,True
W-000752,2026-08-31,2026-09-01,1186000,Submitted,2026-10-08,ASSET-W-000752,Library Room,Demo Village 7 Demo User Agency,Yes,2026-09-02,2026-09-24,Pending,,None recorded,Compliant,Demo Village 7 Demo Local Body,demo://photos/W-000752/completion,SYNTHETIC_PROTOTYPE,True
W-000753,2026-08-31,2026-09-06,2823000,Submitted,2026-10-11,ASSET-W-000753,Open Gym,Demo Village 5 Demo User Agency,Yes,2026-09-12,2026-09-15,Completed,2027-01-19,None recorded,Compliant,Demo Village 5 Demo Local Body,demo://photos/W-000753/completion,SYNTHETIC_PROTOTYPE,True
W-000754,2026-08-31,2026-09-05,3256000,Submitted,2026-10-11,ASSET-W-000754,School Toilet,Demo Village 3 Demo User Agency,Yes,2026-09-10,2026-09-14,Completed,2026-10-16,None recorded,Compliant,Demo Village 3 Demo Local Body,demo://photos/W-000754/completion,SYNTHETIC_PROTOTYPE,True
W-000756,2026-08-31,2026-09-05,2270000,Submitted,2026-10-15,ASSET-W-000756,Indoor Sports Hall,Demo Village 24 Demo User Agency,Yes,2026-09-11,2026-09-24,Pending,,None recorded,Compliant,Demo Village 24 Demo Local Body,demo://photos/W-000756/completion,SYNTHETIC_PROTOTYPE,True
W-000757,2026-08-31,2026-09-10,1251000,Submitted,2026-09-08,ASSET-W-000757,RO Water Plant,Demo Village 12 Demo User Agency,Yes,2026-09-18,2026-09-17,Completed,2026-10-29,None recorded,Compliant,Demo Village 12 Demo Local Body,demo://photos/W-000757/completion,SYNTHETIC_PROTOTYPE,True
W-000759,2026-08-31,2026-09-10,3734000,Submitted,2026-09-30,ASSET-W-000759,Library Room,Demo Village 5 Demo User Agency,Yes,2026-09-18,2026-09-24,Completed,2027-01-01,None recorded,Compliant,Demo Village 5 Demo Local Body,demo://photos/W-000759/completion,SYNTHETIC_PROTOTYPE,True
W-000761,2026-08-31,2026-09-09,2760000,Submitted,2026-10-12,ASSET-W-000761,RO Water Plant,Demo Village 33 Demo User Agency,Yes,2026-09-08,2026-09-06,Completed,2027-02-02,None recorded,Compliant,Demo Village 33 Demo Local Body,demo://photos/W-000761/completion,SYNTHETIC_PROTOTYPE,True
W-000764,2026-08-31,2026-09-04,3352000,Submitted,2026-09-12,ASSET-W-000764,Public Waiting Hall,Demo Village 14 Demo User Agency,Yes,2026-09-12,2026-09-16,Pending,,None recorded,Compliant,Demo Village 14 Demo Local Body,demo://photos/W-000764/completion,SYNTHETIC_PROTOTYPE,True
W-000765,2026-08-31,2026-09-02,2487000,Submitted,2026-09-26,ASSET-W-000765,Library Room,Demo Village 33 Demo User Agency,Yes,2026-09-11,2026-09-23,Completed,2026-10-16,None recorded,Compliant,Demo Village 33 Demo Local Body,demo://photos/W-000765/completion,SYNTHETIC_PROTOTYPE,True
W-000767,2026-08-31,2026-09-05,2068000,Submitted,2026-10-09,ASSET-W-000767,Solar Public Facility,Demo Village 26 Demo User Agency,Yes,2026-09-02,2026-09-06,Not Due,,None recorded,Compliant,Demo Village 26 Demo Local Body,demo://photos/W-000767/completion,SYNTHETIC_PROTOTYPE,True
W-000769,2026-08-31,2026-09-06,3046000,Submitted,2026-09-09,ASSET-W-000769,Library Room,Demo Village 23 Demo User Agency,Yes,2026-09-05,2026-09-05,Not Due,,None recorded,Compliant,Demo Village 23 Demo Local Body,demo://photos/W-000769/completion,SYNTHETIC_PROTOTYPE,True
W-000772,2026-08-31,2026-09-10,3908000,Submitted,2026-09-19,ASSET-W-000772,Public Health Facility,Demo Village 19 Demo User Agency,Yes,2026-09-07,2026-09-18,Not Due,,None recorded,Compliant,Demo Village 19 Demo Local Body,demo://photos/W-000772/completion,SYNTHETIC_PROTOTYPE,True
W-000773,2026-08-31,2026-09-03,2034000,Submitted,2026-10-07,ASSET-W-000773,Bus Shelter,Demo Village 33 Demo User Agency,Yes,2026-09-12,2026-09-06,Not Due,,None recorded,Compliant,Demo Village 33 Demo Local Body,demo://photos/W-000773/completion,SYNTHETIC_PROTOTYPE,True
W-000774,2026-08-31,2026-09-04,1360000,Submitted,2026-09-20,ASSET-W-000774,Solid Waste Shed,Demo Village 35 Demo User Agency,Yes,2026-09-07,2026-09-05,Not Due,,None recorded,Compliant,Demo Village 35 Demo Local Body,demo://photos/W-000774/completion,SYNTHETIC_PROTOTYPE,True
W-000777,2026-08-31,2026-08-31,2087000,Submitted,2026-09-15,ASSET-W-000777,CC Road,Demo Village 33 Demo User Agency,Yes,2026-09-03,2026-09-25,Not Due,,None recorded,Compliant,Demo Village 33 Demo Local Body,demo://photos/W-000777/completion,SYNTHETIC_PROTOTYPE,True
W-000778,2026-08-31,2026-09-04,1418000,Submitted,2026-09-14,ASSET-W-000778,Solar Community Lighting,Demo Village 22 Demo User Agency,Yes,2026-09-11,2026-09-01,Pending,,None recorded,Compliant,Demo Village 22 Demo Local Body,demo://photos/W-000778/completion,SYNTHETIC_PROTOTYPE,True
W-000779,2026-08-31,2026-09-02,3260000,Submitted,2026-10-07,ASSET-W-000779,Sports Equipment Facility,Demo Village 35 Demo User Agency,Yes,2026-09-14,2026-09-24,Pending,,None recorded,Compliant,Demo Village 35 Demo Local Body,demo://photos/W-000779/completion,SYNTHETIC_PROTOTYPE,True
W-000780,2026-08-31,2026-09-04,2676000,Submitted,2026-09-06,ASSET-W-000780,PHC Equipment Room,Demo Village 4 Demo User Agency,Yes,2026-09-07,2026-09-19,Not Due,,None recorded,Compliant,Demo Village 4 Demo Local Body,demo://photos/W-000780/completion,SYNTHETIC_PROTOTYPE,True
W-000781,2026-08-31,2026-09-07,1061000,Submitted,2026-09-22,ASSET-W-000781,Library Room,Demo Village 33 Demo User Agency,Yes,2026-09-14,2026-09-20,Not Due,,None recorded,Compliant,Demo Village 33 Demo Local Body,demo://photos/W-000781/completion,SYNTHETIC_PROTOTYPE,True
W-000782,2026-08-31,2026-09-05,3392000,Submitted,2026-09-26,ASSET-W-000782,Health Sub-Centre,Demo Village 5 Demo User Agency,Yes,2026-09-16,2026-09-29,Not Due,,None recorded,Compliant,Demo Village 5 Demo Local Body,demo://photos/W-000782/completion,SYNTHETIC_PROTOTYPE,True
W-000785,2026-08-31,2026-09-04,555000,Submitted,2026-10-10,ASSET-W-000785,Community Sanitation,Demo Village 25 Demo User Agency,Yes,2026-09-09,2026-09-23,Completed,2027-02-20,None recorded,Compliant,Demo Village 25 Demo Local Body,demo://photos/W-000785/completion,SYNTHETIC_PROTOTYPE,True
W-000786,2026-08-31,2026-09-03,2388000,Submitted,2026-09-23,ASSET-W-000786,Bus Shelter,Demo Village 6 Demo User Agency,Yes,2026-09-16,2026-09-30,Not Due,,None recorded,Compliant,Demo Village 6 Demo Local Body,demo://photos/W-000786/completion,SYNTHETIC_PROTOTYPE,True
W-000787,2026-08-31,2026-08-31,1117000,Pending,,ASSET-W-000787,Digital Classroom,Demo Village 25 Demo User Agency,Pending,2026-09-17,2026-09-20,Pending,,Documentation / closure review,Review Required,Demo Village 25 Demo Local Body,demo://photos/W-000787/completion,SYNTHETIC_PROTOTYPE,True
W-000788,2026-08-31,2026-09-07,2653000,Submitted,2026-09-30,ASSET-W-000788,PHC Equipment Room,Demo Village 3 Demo User Agency,Yes,2026-09-07,2026-09-24,Pending,,None recorded,Compliant,Demo Village 3 Demo Local Body,demo://photos/W-000788/completion,SYNTHETIC_PROTOTYPE,True
W-000790,2026-08-31,2026-09-08,2702000,Submitted,2026-09-20,ASSET-W-000790,Community Hall,Demo Village 6 Demo User Agency,Yes,2026-09-01,2026-09-14,Not Due,,None recorded,Compliant,Demo Village 6 Demo Local Body,demo://photos/W-000790/completion,SYNTHETIC_PROTOTYPE,True
W-000791,2026-08-31,2026-09-03,2810000,Submitted,2026-10-14,ASSET-W-000791,School Classroom,Demo Village 11 Demo User Agency,Yes,2026-09-18,2026-09-27,Completed,2026-12-01,None recorded,Compliant,Demo Village 11 Demo Local Body,demo://photos/W-000791/completion,SYNTHETIC_PROTOTYPE,True
W-000792,2026-08-31,2026-09-01,3127000,Submitted,2026-09-11,ASSET-W-000792,Playground Development,Demo Village 26 Demo User Agency,Yes,2026-09-03,2026-09-20,Pending,,None recorded,Compliant,Demo Village 26 Demo Local Body,demo://photos/W-000792/completion,SYNTHETIC_PROTOTYPE,True
W-000794,2026-08-31,2026-09-04,1549000,Submitted,2026-10-01,ASSET-W-000794,PHC Equipment Room,Demo Village 13 Demo User Agency,Yes,2026-09-01,2026-09-02,Pending,,None recorded,Compliant,Demo Village 13 Demo Local Body,demo://photos/W-000794/completion,SYNTHETIC_PROTOTYPE,True
W-000795,2026-08-31,2026-09-05,1496000,Submitted,2026-09-27,ASSET-W-000795,Open Gym,Demo Village 32 Demo User Agency,Yes,2026-09-07,2026-09-19,Not Due,,None recorded,Compliant,Demo Village 32 Demo Local Body,demo://photos/W-000795/completion,SYNTHETIC_PROTOTYPE,True
W-000796,2026-08-31,2026-09-02,3093000,Submitted,2026-09-08,ASSET-W-000796,RO Water Plant,Demo Village 26 Demo User Agency,Yes,2026-09-20,2026-09-05,Pending,,None recorded,Compliant,Demo Village 26 Demo Local Body,demo://photos/W-000796/completion,SYNTHETIC_PROTOTYPE,True
W-000799,2026-08-31,2026-09-06,4336000,Submitted,2026-10-05,ASSET-W-000799,Rural Road,Demo Village 14 Demo User Agency,Yes,2026-09-05,2026-09-26,Pending,,None recorded,Compliant,Demo Village 14 Demo Local Body,demo://photos/W-000799/completion,SYNTHETIC_PROTOTYPE,True
W-000801,2026-08-31,2026-09-04,2047000,Submitted,2026-09-13,ASSET-W-000801,CC Road,Demo Village 30 Demo User Agency,Yes,2026-09-05,2026-09-04,Completed,2026-12-28,None recorded,Compliant,Demo Village 30 Demo Local Body,demo://photos/W-000801/completion,SYNTHETIC_PROTOTYPE,True
W-000802,2026-08-31,2026-09-01,1028000,Submitted,2026-10-05,ASSET-W-000802,RO Water Plant,Demo Village 16 Demo User Agency,Yes,2026-09-06,2026-09-09,Not Due,,None recorded,Compliant,Demo Village 16 Demo Local Body,demo://photos/W-000802/completion,SYNTHETIC_PROTOTYPE,True
W-000804,2026-08-31,2026-09-01,1526000,Submitted,2026-09-11,ASSET-W-000804,Solid Waste Shed,Demo Village 11 Demo User Agency,Yes,2026-09-07,2026-09-03,Completed,2026-11-23,None recorded,Compliant,Demo Village 11 Demo Local Body,demo://photos/W-000804/completion,SYNTHETIC_PROTOTYPE,True
W-000805,2026-08-31,2026-09-06,1939000,Submitted,2026-10-01,ASSET-W-000805,RO Water Plant,Demo Village 28 Demo User Agency,Yes,2026-09-15,2026-09-22,Not Due,,None recorded,Compliant,Demo Village 28 Demo Local Body,demo://photos/W-000805/completion,SYNTHETIC_PROTOTYPE,True
W-000807,2026-08-31,2026-09-04,2830000,Submitted,2026-09-17,ASSET-W-000807,Digital Classroom,Demo Village 24 Demo User Agency,Yes,2026-09-19,2026-09-08,Pending,,None recorded,Compliant,Demo Village 24 Demo Local Body,demo://photos/W-000807/completion,SYNTHETIC_PROTOTYPE,True
W-000810,2026-08-31,2026-08-31,2298000,Submitted,2026-09-26,ASSET-W-000810,PHC Equipment Room,Demo Village 27 Demo User Agency,Yes,2026-09-16,2026-09-03,Pending,,None recorded,Compliant,Demo Village 27 Demo Local Body,demo://photos/W-000810/completion,SYNTHETIC_PROTOTYPE,True
W-000812,2026-08-31,2026-08-31,624000,Submitted,2026-10-06,ASSET-W-000812,Solar Public Facility,Demo Village 1 Demo User Agency,Yes,2026-09-02,2026-09-02,Not Due,,None recorded,Compliant,Demo Village 1 Demo Local Body,demo://photos/W-000812/completion,SYNTHETIC_PROTOTYPE,True
W-000814,2026-08-31,2026-09-03,3697000,Submitted,2026-09-09,ASSET-W-000814,Digital Classroom,Demo Village 20 Demo User Agency,Yes,2026-09-09,2026-09-09,Completed,2027-01-06,None recorded,Compliant,Demo Village 20 Demo Local Body,demo://photos/W-000814/completion,SYNTHETIC_PROTOTYPE,True
W-000815,2026-08-31,2026-09-02,2026000,Submitted,2026-10-13,ASSET-W-000815,Bus Shelter,Demo Village 24 Demo User Agency,Yes,2026-09-07,2026-09-03,Not Due,,None recorded,Compliant,Demo Village 24 Demo Local Body,demo://photos/W-000815/completion,SYNTHETIC_PROTOTYPE,True
W-000816,2026-08-31,2026-09-09,888000,Submitted,2026-10-11,ASSET-W-000816,Public Waiting Hall,Demo Village 1 Demo User Agency,Yes,2026-09-19,2026-09-19,Pending,,None recorded,Compliant,Demo Village 1 Demo Local Body,demo://photos/W-000816/completion,SYNTHETIC_PROTOTYPE,True
W-000818,2026-08-31,2026-08-31,696000,Submitted,2026-10-09,ASSET-W-000818,Indoor Sports Hall,Demo Village 2 Demo User Agency,Yes,2026-09-16,2026-09-23,Not Due,,None recorded,Compliant,Demo Village 2 Demo Local Body,demo://photos/W-000818/completion,SYNTHETIC_PROTOTYPE,True
W-000819,2026-08-31,2026-09-07,771000,Submitted,2026-09-28,ASSET-W-000819,Solar Public Facility,Demo Village 24 Demo User Agency,Yes,2026-09-09,2026-09-02,Completed,2026-10-02,None recorded,Compliant,Demo Village 24 Demo Local Body,demo://photos/W-000819/completion,SYNTHETIC_PROTOTYPE,True
W-000821,2026-08-31,2026-09-08,1822000,Submitted,2026-09-22,ASSET-W-000821,Ambulance Shelter,Demo Village 16 Demo User Agency,Yes,2026-09-13,2026-09-06,Completed,2027-02-26,None recorded,Compliant,Demo Village 16 Demo Local Body,demo://photos/W-000821/completion,SYNTHETIC_PROTOTYPE,True
W-000823,2026-08-31,2026-09-07,839000,Submitted,2026-09-17,ASSET-W-000823,Bus Shelter,Demo Village 18 Demo User Agency,Yes,2026-09-17,2026-09-11,Not Due,,None recorded,Compliant,Demo Village 18 Demo Local Body,demo://photos/W-000823/completion,SYNTHETIC_PROTOTYPE,True
W-000824,2026-08-31,2026-09-05,1808000,Submitted,2026-10-09,ASSET-W-000824,Water Tank,Demo Village 18 Demo User Agency,Yes,2026-09-08,2026-09-28,Pending,,None recorded,Compliant,Demo Village 18 Demo Local Body,demo://photos/W-000824/completion,SYNTHETIC_PROTOTYPE,True
W-000825,2026-08-31,2026-09-08,2119000,Submitted,2026-10-02,ASSET-W-000825,Indoor Sports Hall,Demo Village 3 Demo User Agency,Yes,2026-09-16,2026-09-13,Not Due,,None recorded,Compliant,Demo Village 3 Demo Local Body,demo://photos/W-000825/completion,SYNTHETIC_PROTOTYPE,True
W-000828,2026-08-31,2026-09-05,2171000,Submitted,2026-09-12,ASSET-W-000828,School Toilet,Demo Village 6 Demo User Agency,Yes,2026-09-14,2026-09-02,Not Due,,None recorded,Compliant,Demo Village 6 Demo Local Body,demo://photos/W-000828/completion,SYNTHETIC_PROTOTYPE,True
W-000829,2026-08-31,2026-09-10,2141000,Submitted,2026-09-08,ASSET-W-000829,Playground Development,Demo Village 1 Demo User Agency,Yes,2026-09-01,2026-09-21,Pending,,None recorded,Compliant,Demo Village 1 Demo Local Body,demo://photos/W-000829/completion,SYNTHETIC_PROTOTYPE,True
W-000831,2026-08-31,2026-09-10,833000,Submitted,2026-09-25,ASSET-W-000831,Solid Waste Shed,Demo Village 19 Demo User Agency,Yes,2026-09-20,2026-09-14,Completed,2026-11-22,None recorded,Compliant,Demo Village 19 Demo Local Body,demo://photos/W-000831/completion,SYNTHETIC_PROTOTYPE,True
W-000832,2026-08-31,2026-09-03,3015000,Submitted,2026-10-08,ASSET-W-000832,Open Gym,Demo Village 21 Demo User Agency,Yes,2026-09-08,2026-09-14,Pending,,None recorded,Compliant,Demo Village 21 Demo Local Body,demo://photos/W-000832/completion,SYNTHETIC_PROTOTYPE,True
W-000834,2026-08-31,2026-09-05,1037000,Submitted,2026-10-04,ASSET-W-000834,Anganwadi Building,Demo Village 34 Demo User Agency,Yes,2026-09-01,2026-09-26,Not Due,,None recorded,Compliant,Demo Village 34 Demo Local Body,demo://photos/W-000834/completion,SYNTHETIC_PROTOTYPE,True
W-000836,2026-08-31,2026-09-04,3336000,Submitted,2026-10-10,ASSET-W-000836,Public Health Facility,Demo Village 32 Demo User Agency,Yes,2026-09-16,2026-09-06,Completed,2027-01-20,None recorded,Compliant,Demo Village 32 Demo Local Body,demo://photos/W-000836/completion,SYNTHETIC_PROTOTYPE,True
W-000838,2026-08-31,2026-09-03,1175000,Submitted,2026-09-13,ASSET-W-000838,Pipeline Extension,Demo Village 32 Demo User Agency,Yes,2026-09-12,2026-09-16,Completed,2027-01-13,None recorded,Compliant,Demo Village 32 Demo Local Body,demo://photos/W-000838/completion,SYNTHETIC_PROTOTYPE,True
W-000839,2026-08-31,2026-09-03,3110000,Submitted,2026-09-11,ASSET-W-000839,PHC Equipment Room,Demo Village 34 Demo User Agency,Yes,2026-09-14,2026-09-07,Completed,2027-02-23,None recorded,Compliant,Demo Village 34 Demo Local Body,demo://photos/W-000839/completion,SYNTHETIC_PROTOTYPE,True
W-000840,2026-08-31,2026-08-31,2409000,Submitted,2026-10-12,ASSET-W-000840,Solid Waste Shed,Demo Village 21 Demo User Agency,Yes,2026-09-14,2026-09-18,Completed,2027-02-20,None recorded,Compliant,Demo Village 21 Demo Local Body,demo://photos/W-000840/completion,SYNTHETIC_PROTOTYPE,True
W-000841,2026-08-31,2026-09-03,1820000,Submitted,2026-10-01,ASSET-W-000841,Solar Street Lights,Demo Village 3 Demo User Agency,Yes,2026-09-11,2026-09-16,Pending,,None recorded,Compliant,Demo Village 3 Demo Local Body,demo://photos/W-000841/completion,SYNTHETIC_PROTOTYPE,True
W-000842,2026-08-31,2026-09-09,893000,Submitted,2026-09-11,ASSET-W-000842,School Toilet,Demo Village 32 Demo User Agency,Yes,2026-09-06,2026-09-16,Not Due,,None recorded,Compliant,Demo Village 32 Demo Local Body,demo://photos/W-000842/completion,SYNTHETIC_PROTOTYPE,True
W-000843,2026-08-31,2026-09-05,2749000,Submitted,2026-10-02,ASSET-W-000843,Anganwadi Building,Demo Village 1 Demo User Agency,Yes,2026-09-14,2026-09-09,Pending,,None recorded,Compliant,Demo Village 1 Demo Local Body,demo://photos/W-000843/completion,SYNTHETIC_PROTOTYPE,True
W-000845,2026-08-31,2026-09-07,2708000,Submitted,2026-09-12,ASSET-W-000845,RO Water Plant,Demo Village 19 Demo User Agency,Yes,2026-09-02,2026-09-09,Completed,2026-12-18,None recorded,Compliant,Demo Village 19 Demo Local Body,demo://photos/W-000845/completion,SYNTHETIC_PROTOTYPE,True
W-000846,2026-08-31,2026-08-31,2211000,Submitted,2026-09-28,ASSET-W-000846,PHC Equipment Room,Demo Village 3 Demo User Agency,Yes,2026-09-16,2026-09-18,Not Due,,None recorded,Compliant,Demo Village 3 Demo Local Body,demo://photos/W-000846/completion,SYNTHETIC_PROTOTYPE,True
W-000847,2026-08-31,2026-09-09,2926000,Submitted,2026-09-11,ASSET-W-000847,Solar Public Facility,Demo Village 32 Demo User Agency,Yes,2026-09-04,2026-09-05,Not Due,,None recorded,Compliant,Demo Village 32 Demo Local Body,demo://photos/W-000847/completion,SYNTHETIC_PROTOTYPE,True
W-000848,2026-08-31,2026-09-02,3116000,Submitted,2026-09-13,ASSET-W-000848,Library Room,Demo Village 8 Demo User Agency,Yes,2026-09-03,2026-09-30,Not Due,,None recorded,Compliant,Demo Village 8 Demo Local Body,demo://photos/W-000848/completion,SYNTHETIC_PROTOTYPE,True
W-000849,2026-08-31,2026-09-03,4037000,Submitted,2026-09-07,ASSET-W-000849,Approach Road,Demo Village 26 Demo User Agency,Yes,2026-09-01,2026-09-25,Completed,2026-11-09,None recorded,Compliant,Demo Village 26 Demo Local Body,demo://photos/W-000849/completion,SYNTHETIC_PROTOTYPE,True
W-000850,2026-08-31,2026-09-02,950000,Submitted,2026-10-07,ASSET-W-000850,Solid Waste Shed,Demo Village 2 Demo User Agency,Yes,2026-09-09,2026-09-19,Not Due,,None recorded,Compliant,Demo Village 2 Demo Local Body,demo://photos/W-000850/completion,SYNTHETIC_PROTOTYPE,True
W-000851,2026-08-31,2026-09-02,2256000,Submitted,2026-09-10,ASSET-W-000851,CC Road,Demo Village 11 Demo User Agency,Yes,2026-09-05,2026-09-25,Pending,,None recorded,Compliant,Demo Village 11 Demo Local Body,demo://photos/W-000851/completion,SYNTHETIC_PROTOTYPE,True
W-000854,2026-08-31,2026-09-04,2203000,Submitted,2026-10-08,ASSET-W-000854,Solar Water System,Demo Village 10 Demo User Agency,Yes,2026-09-14,2026-09-26,Pending,,None recorded,Compliant,Demo Village 10 Demo Local Body,demo://photos/W-000854/completion,SYNTHETIC_PROTOTYPE,True
W-000856,2026-08-31,2026-09-08,1528000,Submitted,2026-10-15,ASSET-W-000856,Health Sub-Centre,Demo Village 14 Demo User Agency,Yes,2026-09-13,2026-09-29,Pending,,None recorded,Compliant,Demo Village 14 Demo Local Body,demo://photos/W-000856/completion,SYNTHETIC_PROTOTYPE,True
W-000857,2026-08-31,2026-09-10,2234000,Submitted,2026-09-06,ASSET-W-000857,Public Waiting Hall,Demo Village 12 Demo User Agency,Yes,2026-09-06,2026-09-05,Not Due,,None recorded,Compliant,Demo Village 12 Demo Local Body,demo://photos/W-000857/completion,SYNTHETIC_PROTOTYPE,True
W-000859,2026-08-31,2026-09-02,1568000,Submitted,2026-10-06,ASSET-W-000859,Indoor Sports Hall,Demo Village 25 Demo User Agency,Yes,2026-09-02,2026-09-07,Pending,,None recorded,Compliant,Demo Village 25 Demo Local Body,demo://photos/W-000859/completion,SYNTHETIC_PROTOTYPE,True
W-000860,2026-08-31,2026-09-06,2250000,Submitted,2026-09-11,ASSET-W-000860,Public Waiting Hall,Demo Village 31 Demo User Agency,Yes,2026-09-05,2026-09-11,Pending,,None recorded,Compliant,Demo Village 31 Demo Local Body,demo://photos/W-000860/completion,SYNTHETIC_PROTOTYPE,True
W-000861,2026-08-31,2026-09-05,682000,Submitted,2026-09-06,ASSET-W-000861,School Classroom,Demo Village 22 Demo User Agency,Yes,2026-09-15,2026-09-04,Pending,,None recorded,Compliant,Demo Village 22 Demo Local Body,demo://photos/W-000861/completion,SYNTHETIC_PROTOTYPE,True
W-000862,2026-08-31,2026-09-03,4103000,Submitted,2026-09-22,ASSET-W-000862,Small Bridge,Demo Village 18 Demo User Agency,Yes,2026-09-13,2026-09-19,Pending,,None recorded,Compliant,Demo Village 18 Demo Local Body,demo://photos/W-000862/completion,SYNTHETIC_PROTOTYPE,True
W-000863,2026-08-31,2026-09-03,2922000,Submitted,2026-09-26,ASSET-W-000863,Bus Shelter,Demo Village 19 Demo User Agency,Yes,2026-09-02,2026-09-14,Completed,2026-10-04,None recorded,Compliant,Demo Village 19 Demo Local Body,demo://photos/W-000863/completion,SYNTHETIC_PROTOTYPE,True
W-000864,2026-08-31,2026-09-07,2604000,Submitted,2026-09-15,ASSET-W-000864,Open Gym,Demo Village 10 Demo User Agency,Yes,2026-09-15,2026-09-03,Not Due,,None recorded,Compliant,Demo Village 10 Demo Local Body,demo://photos/W-000864/completion,SYNTHETIC_PROTOTYPE,True
W-000866,2026-08-31,2026-09-01,2741000,Submitted,2026-09-28,ASSET-W-000866,Approach Road,Demo Village 16 Demo User Agency,Yes,2026-09-06,2026-09-13,Not Due,,None recorded,Compliant,Demo Village 16 Demo Local Body,demo://photos/W-000866/completion,SYNTHETIC_PROTOTYPE,True
W-000868,2026-08-31,2026-09-01,3053000,Submitted,2026-10-04,ASSET-W-000868,School Classroom,Demo Village 18 Demo User Agency,Yes,2026-09-10,2026-09-09,Not Due,,None recorded,Compliant,Demo Village 18 Demo Local Body,demo://photos/W-000868/completion,SYNTHETIC_PROTOTYPE,True
W-000869,2026-08-31,2026-09-10,611000,Submitted,2026-09-13,ASSET-W-000869,Community Sanitation,Demo Village 25 Demo User Agency,Yes,2026-09-19,2026-09-27,Completed,2027-01-23,None recorded,Compliant,Demo Village 25 Demo Local Body,demo://photos/W-000869/completion,SYNTHETIC_PROTOTYPE,True
W-000870,2026-08-31,2026-09-07,3070000,Submitted,2026-09-17,ASSET-W-000870,Sports Equipment Facility,Demo Village 16 Demo User Agency,Yes,2026-09-17,2026-09-16,Pending,,None recorded,Compliant,Demo Village 16 Demo Local Body,demo://photos/W-000870/completion,SYNTHETIC_PROTOTYPE,True
W-000871,2026-08-31,2026-09-01,2801000,Submitted,2026-10-05,ASSET-W-000871,Sports Equipment Facility,Demo Village 18 Demo User Agency,Yes,2026-09-19,2026-09-15,Completed,2026-10-12,None recorded,Compliant,Demo Village 18 Demo Local Body,demo://photos/W-000871/completion,SYNTHETIC_PROTOTYPE,True
W-000872,2026-08-31,2026-09-06,2092000,Submitted,2026-09-18,ASSET-W-000872,Playground Development,Demo Village 31 Demo User Agency,Yes,2026-09-15,2026-09-04,Completed,2026-10-17,None recorded,Compliant,Demo Village 31 Demo Local Body,demo://photos/W-000872/completion,SYNTHETIC_PROTOTYPE,True
W-000874,2026-08-31,2026-09-02,3840000,Submitted,2026-10-11,ASSET-W-000874,Approach Road,Demo Village 21 Demo User Agency,Yes,2026-09-19,2026-09-16,Not Due,,None recorded,Compliant,Demo Village 21 Demo Local Body,demo://photos/W-000874/completion,SYNTHETIC_PROTOTYPE,True
W-000875,2026-08-31,2026-09-04,945000,Submitted,2026-09-22,ASSET-W-000875,School Toilet,Demo Village 24 Demo User Agency,Yes,2026-09-17,2026-09-18,Not Due,,None recorded,Compliant,Demo Village 24 Demo Local Body,demo://photos/W-000875/completion,SYNTHETIC_PROTOTYPE,True
W-000876,2026-08-31,2026-09-06,1736000,Submitted,2026-10-12,ASSET-W-000876,Solid Waste Shed,Demo Village 6 Demo User Agency,Yes,2026-09-12,2026-09-03,Completed,2026-12-25,None recorded,Compliant,Demo Village 6 Demo Local Body,demo://photos/W-000876/completion,SYNTHETIC_PROTOTYPE,True
W-000877,2026-08-31,2026-09-05,1301000,Submitted,2026-09-19,ASSET-W-000877,Playground Development,Demo Village 31 Demo User Agency,Yes,2026-09-19,2026-09-16,Pending,,None recorded,Compliant,Demo Village 31 Demo Local Body,demo://photos/W-000877/completion,SYNTHETIC_PROTOTYPE,True
W-000878,2026-08-31,2026-09-02,3919000,Submitted,2026-09-05,ASSET-W-000878,Approach Road,Demo Village 4 Demo User Agency,Yes,2026-09-01,2026-09-15,Pending,,None recorded,Compliant,Demo Village 4 Demo Local Body,demo://photos/W-000878/completion,SYNTHETIC_PROTOTYPE,True
W-000880,2026-08-31,2026-09-04,2705000,Submitted,2026-09-12,ASSET-W-000880,Open Gym,Demo Village 2 Demo User Agency,Yes,2026-09-18,2026-09-03,Pending,,None recorded,Compliant,Demo Village 2 Demo Local Body,demo://photos/W-000880/completion,SYNTHETIC_PROTOTYPE,True
W-000881,2026-08-31,2026-08-31,4041000,Submitted,2026-09-08,ASSET-W-000881,Ambulance Shelter,Demo Village 3 Demo User Agency,Yes,2026-09-05,2026-09-08,Not Due,,None recorded,Compliant,Demo Village 3 Demo Local Body,demo://photos/W-000881/completion,SYNTHETIC_PROTOTYPE,True
W-000882,2026-08-31,2026-09-07,2373000,Submitted,2026-09-26,ASSET-W-000882,Solar Public Facility,Demo Village 8 Demo User Agency,Yes,2026-09-08,2026-09-04,Completed,2027-01-14,None recorded,Compliant,Demo Village 8 Demo Local Body,demo://photos/W-000882/completion,SYNTHETIC_PROTOTYPE,True
W-000883,2026-08-31,2026-09-06,3720000,Submitted,2026-10-11,ASSET-W-000883,Public Waiting Hall,Demo Village 23 Demo User Agency,Yes,2026-09-05,2026-09-21,Pending,,None recorded,Compliant,Demo Village 23 Demo Local Body,demo://photos/W-000883/completion,SYNTHETIC_PROTOTYPE,True
W-000885,2026-08-31,2026-09-03,2288000,Submitted,2026-09-13,ASSET-W-000885,PHC Equipment Room,Demo Village 11 Demo User Agency,Yes,2026-09-07,2026-09-06,Not Due,,None recorded,Compliant,Demo Village 11 Demo Local Body,demo://photos/W-000885/completion,SYNTHETIC_PROTOTYPE,True
W-000886,2026-08-31,2026-09-09,831000,Submitted,2026-10-03,ASSET-W-000886,Sports Equipment Facility,Demo Village 5 Demo User Agency,Yes,2026-09-02,2026-09-19,Pending,,None recorded,Compliant,Demo Village 5 Demo Local Body,demo://photos/W-000886/completion,SYNTHETIC_PROTOTYPE,True
W-000888,2026-08-31,2026-09-01,2197000,Submitted,2026-10-14,ASSET-W-000888,Solar Community Lighting,Demo Village 28 Demo User Agency,Yes,2026-09-08,2026-09-14,Completed,2026-10-27,None recorded,Compliant,Demo Village 28 Demo Local Body,demo://photos/W-000888/completion,SYNTHETIC_PROTOTYPE,True
W-000889,2026-08-31,2026-09-10,4426000,Submitted,2026-09-14,ASSET-W-000889,Community Hall,Demo Village 10 Demo User Agency,Yes,2026-09-16,2026-09-13,Not Due,,None recorded,Compliant,Demo Village 10 Demo Local Body,demo://photos/W-000889/completion,SYNTHETIC_PROTOTYPE,True
W-000890,2026-08-31,2026-09-03,3500000,Submitted,2026-09-20,ASSET-W-000890,Library Room,Demo Village 32 Demo User Agency,Yes,2026-09-20,2026-09-10,Completed,2026-10-08,None recorded,Compliant,Demo Village 32 Demo Local Body,demo://photos/W-000890/completion,SYNTHETIC_PROTOTYPE,True
W-000892,2026-08-31,2026-09-05,1503000,Submitted,2026-09-11,ASSET-W-000892,Solid Waste Shed,Demo Village 9 Demo User Agency,Yes,2026-09-05,2026-09-29,Completed,2026-10-30,None recorded,Compliant,Demo Village 9 Demo Local Body,demo://photos/W-000892/completion,SYNTHETIC_PROTOTYPE,True
W-000893,2026-08-31,2026-09-05,2808000,Submitted,2026-10-08,ASSET-W-000893,Playground Development,Demo Village 4 Demo User Agency,Yes,2026-09-20,2026-09-03,Pending,,None recorded,Compliant,Demo Village 4 Demo Local Body,demo://photos/W-000893/completion,SYNTHETIC_PROTOTYPE,True
W-000896,2026-08-31,2026-09-06,1341000,Submitted,2026-10-08,ASSET-W-000896,Health Sub-Centre,Demo Village 23 Demo User Agency,Yes,2026-09-08,2026-09-14,Completed,2026-11-18,None recorded,Compliant,Demo Village 23 Demo Local Body,demo://photos/W-000896/completion,SYNTHETIC_PROTOTYPE,True
W-000897,2026-08-31,2026-09-08,2555000,Submitted,2026-09-30,ASSET-W-000897,School Toilet,Demo Village 30 Demo User Agency,Yes,2026-09-02,2026-09-23,Pending,,None recorded,Compliant,Demo Village 30 Demo Local Body,demo://photos/W-000897/completion,SYNTHETIC_PROTOTYPE,True
W-000899,2026-08-31,2026-09-10,625000,Submitted,2026-10-08,ASSET-W-000899,Playground Development,Demo Village 16 Demo User Agency,Yes,2026-09-14,2026-09-26,Completed,2026-12-09,None recorded,Compliant,Demo Village 16 Demo Local Body,demo://photos/W-000899/completion,SYNTHETIC_PROTOTYPE,True
W-000900,2026-08-31,2026-09-01,4276000,Submitted,2026-09-07,ASSET-W-000900,Rural Road,Demo Village 8 Demo User Agency,Yes,2026-09-02,2026-09-21,Not Due,,None recorded,Compliant,Demo Village 8 Demo Local Body,demo://photos/W-000900/completion,SYNTHETIC_PROTOTYPE,True
W-000904,2026-08-31,2026-09-09,1995000,Submitted,2026-10-12,ASSET-W-000904,Drainage,Demo Village 16 Demo User Agency,Yes,2026-09-01,2026-09-09,Pending,,None recorded,Compliant,Demo Village 16 Demo Local Body,demo://photos/W-000904/completion,SYNTHETIC_PROTOTYPE,True
W-000905,2026-08-31,2026-09-02,588000,Submitted,2026-09-22,ASSET-W-000905,Solar Street Lights,Demo Village 16 Demo User Agency,Yes,2026-09-07,2026-09-19,Pending,,None recorded,Compliant,Demo Village 16 Demo Local Body,demo://photos/W-000905/completion,SYNTHETIC_PROTOTYPE,True
W-000907,2026-08-31,2026-09-08,538000,Submitted,2026-10-10,ASSET-W-000907,Solar Public Facility,Demo Village 14 Demo User Agency,Yes,2026-09-13,2026-09-09,Pending,,None recorded,Compliant,Demo Village 14 Demo Local Body,demo://photos/W-000907/completion,SYNTHETIC_PROTOTYPE,True
W-000909,2026-08-31,2026-09-07,618000,Submitted,2026-09-06,ASSET-W-000909,Water Tank,Demo Village 13 Demo User Agency,Yes,2026-09-03,2026-09-27,Completed,2027-02-27,None recorded,Compliant,Demo Village 13 Demo Local Body,demo://photos/W-000909/completion,SYNTHETIC_PROTOTYPE,True
W-000912,2026-08-31,2026-09-09,1491000,Submitted,2026-09-19,ASSET-W-000912,CC Road,Demo Village 29 Demo User Agency,Yes,2026-09-11,2026-09-24,Not Due,,None recorded,Compliant,Demo Village 29 Demo Local Body,demo://photos/W-000912/completion,SYNTHETIC_PROTOTYPE,True
W-000914,2026-08-31,2026-09-02,2637000,Submitted,2026-09-27,ASSET-W-000914,Playground Development,Demo Village 34 Demo User Agency,Yes,2026-09-19,2026-09-29,Not Due,,None recorded,Compliant,Demo Village 34 Demo Local Body,demo://photos/W-000914/completion,SYNTHETIC_PROTOTYPE,True
W-000917,2026-08-31,2026-09-02,1079000,Submitted,2026-09-06,ASSET-W-000917,Community Sanitation,Demo Village 11 Demo User Agency,Yes,2026-09-04,2026-09-09,Pending,,None recorded,Compliant,Demo Village 11 Demo Local Body,demo://photos/W-000917/completion,SYNTHETIC_PROTOTYPE,True
W-000918,2026-08-31,2026-09-02,2856000,Submitted,2026-09-15,ASSET-W-000918,Community Hall,Demo Village 27 Demo User Agency,Yes,2026-09-20,2026-09-17,Not Due,,None recorded,Compliant,Demo Village 27 Demo Local Body,demo://photos/W-000918/completion,SYNTHETIC_PROTOTYPE,True
W-000919,2026-08-31,2026-09-02,2542000,Submitted,2026-09-23,ASSET-W-000919,RO Water Plant,Demo Village 9 Demo User Agency,Yes,2026-09-01,2026-09-11,Pending,,None recorded,Compliant,Demo Village 9 Demo Local Body,demo://photos/W-000919/completion,SYNTHETIC_PROTOTYPE,True
W-000921,2026-08-31,2026-09-01,1089000,Submitted,2026-09-08,ASSET-W-000921,Bus Shelter,Demo Village 20 Demo User Agency,Yes,2026-09-17,2026-09-10,Not Due,,None recorded,Compliant,Demo Village 20 Demo Local Body,demo://photos/W-000921/completion,SYNTHETIC_PROTOTYPE,True
W-000926,2026-08-31,2026-09-03,1524000,Submitted,2026-09-22,ASSET-W-000926,School Classroom,Demo Village 2 Demo User Agency,Yes,2026-09-14,2026-09-29,Completed,2027-01-19,None recorded,Compliant,Demo Village 2 Demo Local Body,demo://photos/W-000926/completion,SYNTHETIC_PROTOTYPE,True
W-000927,2026-08-31,2026-09-01,1411000,Submitted,2026-09-21,ASSET-W-000927,Small Bridge,Demo Village 19 Demo User Agency,Yes,2026-09-14,2026-09-27,Completed,2027-02-12,None recorded,Compliant,Demo Village 19 Demo Local Body,demo://photos/W-000927/completion,SYNTHETIC_PROTOTYPE,True
W-000929,2026-08-31,2026-08-31,966000,Submitted,2026-09-24,ASSET-W-000929,Water Tank,Demo Village 29 Demo User Agency,Yes,2026-09-16,2026-09-26,Not Due,,None recorded,Compliant,Demo Village 29 Demo Local Body,demo://photos/W-000929/completion,SYNTHETIC_PROTOTYPE,True
W-000930,2026-08-31,2026-09-05,1163000,Submitted,2026-10-14,ASSET-W-000930,Anganwadi Building,Demo Village 13 Demo User Agency,Yes,2026-09-13,2026-09-18,Pending,,None recorded,Compliant,Demo Village 13 Demo Local Body,demo://photos/W-000930/completion,SYNTHETIC_PROTOTYPE,True
W-000933,2026-08-31,2026-09-10,2399000,Pending,,ASSET-W-000933,PHC Equipment Room,Demo Village 33 Demo User Agency,No,2026-09-01,2026-09-18,Pending,,Documentation / closure review,Review Required,Demo Village 33 Demo Local Body,demo://photos/W-000933/completion,SYNTHETIC_PROTOTYPE,True
W-000934,2026-08-31,2026-09-05,1181000,Submitted,2026-10-12,ASSET-W-000934,Sports Equipment Facility,Demo Village 5 Demo User Agency,Yes,2026-09-01,2026-09-01,Completed,2026-12-10,None recorded,Compliant,Demo Village 5 Demo Local Body,demo://photos/W-000934/completion,SYNTHETIC_PROTOTYPE,True
W-000935,2026-08-31,2026-08-31,3050000,Submitted,2026-10-09,ASSET-W-000935,Public Waiting Hall,Demo Village 14 Demo User Agency,Yes,2026-09-08,2026-09-03,Pending,,None recorded,Compliant,Demo Village 14 Demo Local Body,demo://photos/W-000935/completion,SYNTHETIC_PROTOTYPE,True
W-000936,2026-08-31,2026-09-03,4365000,Submitted,2026-10-08,ASSET-W-000936,Rural Road,Demo Village 19 Demo User Agency,Yes,2026-09-11,2026-09-22,Pending,,None recorded,Compliant,Demo Village 19 Demo Local Body,demo://photos/W-000936/completion,SYNTHETIC_PROTOTYPE,True
W-000937,2026-08-31,2026-09-08,2941000,Submitted,2026-10-14,ASSET-W-000937,Open Gym,Demo Village 26 Demo User Agency,Yes,2026-09-05,2026-09-03,Completed,2027-01-31,None recorded,Compliant,Demo Village 26 Demo Local Body,demo://photos/W-000937/completion,SYNTHETIC_PROTOTYPE,True
W-000939,2026-08-31,2026-09-08,1467000,Submitted,2026-09-28,ASSET-W-000939,Public Waiting Hall,Demo Village 17 Demo User Agency,Yes,2026-09-12,2026-09-24,Completed,2026-10-30,None recorded,Compliant,Demo Village 17 Demo Local Body,demo://photos/W-000939/completion,SYNTHETIC_PROTOTYPE,True
W-000940,2026-08-31,2026-09-10,3565000,Submitted,2026-09-27,ASSET-W-000940,Anganwadi Building,Demo Village 12 Demo User Agency,Yes,2026-09-09,2026-09-24,Completed,2026-11-21,None recorded,Compliant,Demo Village 12 Demo Local Body,demo://photos/W-000940/completion,SYNTHETIC_PROTOTYPE,True
W-000941,2026-08-31,2026-08-31,1553000,Submitted,2026-09-08,ASSET-W-000941,Water Tank,Demo Village 24 Demo User Agency,Yes,2026-09-14,2026-09-18,Not Due,,None recorded,Compliant,Demo Village 24 Demo Local Body,demo://photos/W-000941/completion,SYNTHETIC_PROTOTYPE,True
W-000944,2026-08-31,2026-09-08,2772000,Submitted,2026-09-20,ASSET-W-000944,Community Sanitation,Demo Village 6 Demo User Agency,Yes,2026-09-18,2026-09-20,Pending,,None recorded,Compliant,Demo Village 6 Demo Local Body,demo://photos/W-000944/completion,SYNTHETIC_PROTOTYPE,True
W-000945,2026-08-31,2026-09-07,3329000,Submitted,2026-10-10,ASSET-W-000945,Library Room,Demo Village 2 Demo User Agency,Yes,2026-09-05,2026-09-08,Not Due,,None recorded,Compliant,Demo Village 2 Demo Local Body,demo://photos/W-000945/completion,SYNTHETIC_PROTOTYPE,True
W-000946,2026-08-31,2026-09-07,2730000,Submitted,2026-09-10,ASSET-W-000946,Drainage,Demo Village 18 Demo User Agency,Yes,2026-09-02,2026-09-05,Pending,,None recorded,Compliant,Demo Village 18 Demo Local Body,demo://photos/W-000946/completion,SYNTHETIC_PROTOTYPE,True
W-000947,2026-08-31,2026-09-07,2263000,Submitted,2026-10-12,ASSET-W-000947,Library Room,Demo Village 32 Demo User Agency,Yes,2026-09-06,2026-09-18,Pending,,None recorded,Compliant,Demo Village 32 Demo Local Body,demo://photos/W-000947/completion,SYNTHETIC_PROTOTYPE,True
W-000948,2026-08-31,2026-09-08,900000,Submitted,2026-09-15,ASSET-W-000948,Indoor Sports Hall,Demo Village 8 Demo User Agency,Yes,2026-09-05,2026-09-07,Completed,2027-01-06,None recorded,Compliant,Demo Village 8 Demo Local Body,demo://photos/W-000948/completion,SYNTHETIC_PROTOTYPE,True
W-000950,2026-08-31,2026-09-08,2154000,Submitted,2026-10-08,ASSET-W-000950,Public Health Facility,Demo Village 30 Demo User Agency,Yes,2026-09-10,2026-09-29,Completed,2026-12-09,None recorded,Compliant,Demo Village 30 Demo Local Body,demo://photos/W-000950/completion,SYNTHETIC_PROTOTYPE,True
W-000952,2026-08-31,2026-09-08,1257000,Submitted,2026-09-21,ASSET-W-000952,Library Room,Demo Village 33 Demo User Agency,Yes,2026-09-01,2026-09-01,Pending,,None recorded,Compliant,Demo Village 33 Demo Local Body,demo://photos/W-000952/completion,SYNTHETIC_PROTOTYPE,True
W-000953,2026-08-31,2026-09-03,1574000,Submitted,2026-09-10,ASSET-W-000953,Solar Water System,Demo Village 22 Demo User Agency,Yes,2026-09-03,2026-09-12,Pending,,None recorded,Compliant,Demo Village 22 Demo Local Body,demo://photos/W-000953/completion,SYNTHETIC_PROTOTYPE,True
W-000954,2026-08-31,2026-09-01,1233000,Submitted,2026-10-04,ASSET-W-000954,School Classroom,Demo Village 17 Demo User Agency,Yes,2026-09-15,2026-09-23,Completed,2027-01-13,None recorded,Compliant,Demo Village 17 Demo Local Body,demo://photos/W-000954/completion,SYNTHETIC_PROTOTYPE,True
W-000958,2026-08-31,2026-09-06,2065000,Submitted,2026-09-20,ASSET-W-000958,Rural Road,Demo Village 33 Demo User Agency,Yes,2026-09-05,2026-09-13,Completed,2026-11-04,None recorded,Compliant,Demo Village 33 Demo Local Body,demo://photos/W-000958/completion,SYNTHETIC_PROTOTYPE,True
W-000959,2026-08-31,2026-09-03,1566000,Submitted,2026-10-14,ASSET-W-000959,Bus Shelter,Demo Village 9 Demo User Agency,Yes,2026-09-19,2026-09-17,Pending,,None recorded,Compliant,Demo Village 9 Demo Local Body,demo://photos/W-000959/completion,SYNTHETIC_PROTOTYPE,True
W-000960,2026-08-31,2026-09-03,1822000,Submitted,2026-09-21,ASSET-W-000960,Sports Equipment Facility,Demo Village 5 Demo User Agency,Yes,2026-09-07,2026-09-02,Pending,,None recorded,Compliant,Demo Village 5 Demo Local Body,demo://photos/W-000960/completion,SYNTHETIC_PROTOTYPE,True
W-000961,2026-08-31,2026-08-31,1512000,Submitted,2026-09-17,ASSET-W-000961,Digital Classroom,Demo Village 7 Demo User Agency,Yes,2026-09-04,2026-09-19,Pending,,None recorded,Compliant,Demo Village 7 Demo Local Body,demo://photos/W-000961/completion,SYNTHETIC_PROTOTYPE,True
W-000964,2026-08-31,2026-09-04,1868000,Submitted,2026-09-24,ASSET-W-000964,Approach Road,Demo Village 33 Demo User Agency,Yes,2026-09-02,2026-09-03,Not Due,,None recorded,Compliant,Demo Village 33 Demo Local Body,demo://photos/W-000964/completion,SYNTHETIC_PROTOTYPE,True
W-000965,2026-08-31,2026-09-01,2631000,Submitted,2026-09-12,ASSET-W-000965,Drainage,Demo Village 25 Demo User Agency,Yes,2026-09-15,2026-09-02,Completed,2027-01-31,None recorded,Compliant,Demo Village 25 Demo Local Body,demo://photos/W-000965/completion,SYNTHETIC_PROTOTYPE,True
W-000966,2026-08-31,2026-09-08,2715000,Submitted,2026-09-26,ASSET-W-000966,Playground Development,Demo Village 30 Demo User Agency,Yes,2026-09-16,2026-09-23,Pending,,None recorded,Compliant,Demo Village 30 Demo Local Body,demo://photos/W-000966/completion,SYNTHETIC_PROTOTYPE,True
W-000967,2026-08-31,2026-09-07,3609000,Submitted,2026-09-25,ASSET-W-000967,Public Health Facility,Demo Village 27 Demo User Agency,Yes,2026-09-06,2026-09-23,Completed,2027-01-23,None recorded,Compliant,Demo Village 27 Demo Local Body,demo://photos/W-000967/completion,SYNTHETIC_PROTOTYPE,True
W-000968,2026-08-31,2026-09-09,2092000,Submitted,2026-09-14,ASSET-W-000968,Pipeline Extension,Demo Village 6 Demo User Agency,Yes,2026-09-01,2026-09-21,Pending,,None recorded,Compliant,Demo Village 6 Demo Local Body,demo://photos/W-000968/completion,SYNTHETIC_PROTOTYPE,True
W-000969,2026-08-31,2026-08-31,1262000,Submitted,2026-10-14,ASSET-W-000969,CC Road,Demo Village 32 Demo User Agency,Yes,2026-09-08,2026-09-24,Completed,2026-10-01,None recorded,Compliant,Demo Village 32 Demo Local Body,demo://photos/W-000969/completion,SYNTHETIC_PROTOTYPE,True
W-000970,2026-08-31,2026-09-01,4267000,Submitted,2026-10-08,ASSET-W-000970,Approach Road,Demo Village 35 Demo User Agency,Yes,2026-09-08,2026-09-01,Completed,2026-10-26,None recorded,Compliant,Demo Village 35 Demo Local Body,demo://photos/W-000970/completion,SYNTHETIC_PROTOTYPE,True
W-000972,2026-08-31,2026-09-06,1255000,Submitted,2026-10-02,ASSET-W-000972,School Toilet,Demo Village 8 Demo User Agency,Yes,2026-09-01,2026-09-10,Completed,2027-02-01,None recorded,Compliant,Demo Village 8 Demo Local Body,demo://photos/W-000972/completion,SYNTHETIC_PROTOTYPE,True
W-000974,2026-08-31,2026-09-01,2426000,Submitted,2026-09-25,ASSET-W-000974,Rural Road,Demo Village 22 Demo User Agency,Yes,2026-09-06,2026-09-25,Completed,2026-10-15,None recorded,Compliant,Demo Village 22 Demo Local Body,demo://photos/W-000974/completion,SYNTHETIC_PROTOTYPE,True
W-000975,2026-08-31,2026-09-05,1948000,Submitted,2026-09-07,ASSET-W-000975,Bus Shelter,Demo Village 11 Demo User Agency,Yes,2026-09-13,2026-09-09,Completed,2027-02-22,None recorded,Compliant,Demo Village 11 Demo Local Body,demo://photos/W-000975/completion,SYNTHETIC_PROTOTYPE,True
W-000976,2026-08-31,2026-08-31,3660000,Submitted,2026-09-20,ASSET-W-000976,School Toilet,Demo Village 13 Demo User Agency,Yes,2026-09-19,2026-09-19,Completed,2026-10-31,None recorded,Compliant,Demo Village 13 Demo Local Body,demo://photos/W-000976/completion,SYNTHETIC_PROTOTYPE,True
W-000977,2026-08-31,2026-09-09,1790000,Submitted,2026-10-08,ASSET-W-000977,Solar Public Facility,Demo Village 28 Demo User Agency,Yes,2026-09-01,2026-09-20,Completed,2026-11-18,None recorded,Compliant,Demo Village 28 Demo Local Body,demo://photos/W-000977/completion,SYNTHETIC_PROTOTYPE,True
W-000978,2026-08-31,2026-09-03,1454000,Submitted,2026-09-27,ASSET-W-000978,Solar Street Lights,Demo Village 24 Demo User Agency,Yes,2026-09-13,2026-09-20,Completed,2026-10-03,None recorded,Compliant,Demo Village 24 Demo Local Body,demo://photos/W-000978/completion,SYNTHETIC_PROTOTYPE,True
W-000980,2026-08-31,2026-09-01,1062000,Submitted,2026-10-07,ASSET-W-000980,Playground Development,Demo Village 35 Demo User Agency,Yes,2026-09-20,2026-09-11,Not Due,,None recorded,Compliant,Demo Village 35 Demo Local Body,demo://photos/W-000980/completion,SYNTHETIC_PROTOTYPE,True
W-000981,2026-08-31,2026-09-07,2719000,Submitted,2026-09-26,ASSET-W-000981,Bus Shelter,Demo Village 5 Demo User Agency,Yes,2026-09-08,2026-09-22,Pending,,None recorded,Compliant,Demo Village 5 Demo Local Body,demo://photos/W-000981/completion,SYNTHETIC_PROTOTYPE,True
W-000983,2026-08-31,2026-09-02,2454000,Submitted,2026-10-05,ASSET-W-000983,Borewell,Demo Village 23 Demo User Agency,Yes,2026-09-12,2026-09-09,Completed,2026-12-27,None recorded,Compliant,Demo Village 23 Demo Local Body,demo://photos/W-000983/completion,SYNTHETIC_PROTOTYPE,True
W-000986,2026-08-31,2026-08-31,1203000,Submitted,2026-10-13,ASSET-W-000986,Public Health Facility,Demo Village 20 Demo User Agency,Yes,2026-09-17,2026-09-24,Pending,,None recorded,Compliant,Demo Village 20 Demo Local Body,demo://photos/W-000986/completion,SYNTHETIC_PROTOTYPE,True
W-000988,2026-08-31,2026-09-09,1661000,Submitted,2026-10-13,ASSET-W-000988,Library Room,Demo Village 34 Demo User Agency,Yes,2026-09-11,2026-09-11,Not Due,,None recorded,Compliant,Demo Village 34 Demo Local Body,demo://photos/W-000988/completion,SYNTHETIC_PROTOTYPE,True
W-000989,2026-08-31,2026-09-07,2203000,Submitted,2026-10-01,ASSET-W-000989,Sports Equipment Facility,Demo Village 8 Demo User Agency,Yes,2026-09-12,2026-09-30,Completed,2027-02-10,None recorded,Compliant,Demo Village 8 Demo Local Body,demo://photos/W-000989/completion,SYNTHETIC_PROTOTYPE,True
W-000990,2026-08-31,2026-09-04,2383000,Submitted,2026-10-05,ASSET-W-000990,CC Road,Demo Village 12 Demo User Agency,Yes,2026-09-01,2026-09-22,Completed,2026-12-09,None recorded,Compliant,Demo Village 12 Demo Local Body,demo://photos/W-000990/completion,SYNTHETIC_PROTOTYPE,True
W-000991,2026-08-31,2026-09-04,686000,Submitted,2026-10-09,ASSET-W-000991,Open Gym,Demo Village 11 Demo User Agency,Yes,2026-09-20,2026-09-16,Not Due,,None recorded,Compliant,Demo Village 11 Demo Local Body,demo://photos/W-000991/completion,SYNTHETIC_PROTOTYPE,True
W-000992,2026-08-31,2026-09-01,980000,Submitted,2026-09-09,ASSET-W-000992,Public Health Facility,Demo Village 24 Demo User Agency,Yes,2026-09-16,2026-09-16,Not Due,,None recorded,Compliant,Demo Village 24 Demo Local Body,demo://photos/W-000992/completion,SYNTHETIC_PROTOTYPE,True
W-000993,2026-08-31,2026-09-04,1676000,Submitted,2026-09-17,ASSET-W-000993,Solar Street Lights,Demo Village 9 Demo User Agency,Yes,2026-09-18,2026-09-04,Not Due,,None recorded,Compliant,Demo Village 9 Demo Local Body,demo://photos/W-000993/completion,SYNTHETIC_PROTOTYPE,True
W-000994,2026-08-31,2026-09-09,2375000,Submitted,2026-09-21,ASSET-W-000994,Sports Equipment Facility,Demo Village 16 Demo User Agency,Yes,2026-09-03,2026-09-13,Pending,,None recorded,Compliant,Demo Village 16 Demo Local Body,demo://photos/W-000994/completion,SYNTHETIC_PROTOTYPE,True
W-000995,2026-08-31,2026-09-01,2076000,Submitted,2026-09-21,ASSET-W-000995,Open Gym,Demo Village 19 Demo User Agency,Yes,2026-09-14,2026-09-18,Pending,,None recorded,Compliant,Demo Village 19 Demo Local Body,demo://photos/W-000995/completion,SYNTHETIC_PROTOTYPE,True
W-000996,2026-08-31,2026-09-04,1028000,Submitted,2026-10-06,ASSET-W-000996,PHC Equipment Room,Demo Village 19 Demo User Agency,Yes,2026-09-10,2026-09-15,Not Due,,None recorded,Compliant,Demo Village 19 Demo Local Body,demo://photos/W-000996/completion,SYNTHETIC_PROTOTYPE,True
W-000997,2026-08-31,2026-09-10,3381000,Submitted,2026-09-07,ASSET-W-000997,Bus Shelter,Demo Village 6 Demo User Agency,Yes,2026-09-02,2026-09-21,Not Due,,None recorded,Compliant,Demo Village 6 Demo Local Body,demo://photos/W-000997/completion,SYNTHETIC_PROTOTYPE,True
W-000998,2026-08-31,2026-09-05,2055000,Submitted,2026-09-17,ASSET-W-000998,Drainage,Demo Village 34 Demo User Agency,Yes,2026-09-03,2026-09-21,Pending,,None recorded,Compliant,Demo Village 34 Demo Local Body,demo://photos/W-000998/completion,SYNTHETIC_PROTOTYPE,True
W-001000,2026-08-31,2026-09-09,3013000,Submitted,2026-09-30,ASSET-W-001000,Water Tank,Demo Village 32 Demo User Agency,Yes,2026-09-15,2026-09-11,Pending,,None recorded,Compliant,Demo Village 32 Demo Local Body,demo://photos/W-001000/completion,SYNTHETIC_PROTOTYPE,True
W-001001,2026-08-31,2026-09-09,1211000,Submitted,2026-09-09,ASSET-W-001001,PHC Equipment Room,Demo Village 24 Demo User Agency,Yes,2026-09-02,2026-09-10,Completed,2026-11-19,None recorded,Compliant,Demo Village 24 Demo Local Body,demo://photos/W-001001/completion,SYNTHETIC_PROTOTYPE,True
W-001002,2026-08-31,2026-09-05,2928000,Submitted,2026-10-10,ASSET-W-001002,School Toilet,Demo Village 18 Demo User Agency,Yes,2026-09-16,2026-09-17,Pending,,None recorded,Compliant,Demo Village 18 Demo Local Body,demo://photos/W-001002/completion,SYNTHETIC_PROTOTYPE,True
W-001003,2026-08-31,2026-08-31,432000,Submitted,2026-10-02,ASSET-W-001003,Solar Street Lights,Demo Village 31 Demo User Agency,Yes,2026-09-04,2026-09-27,Not Due,,None recorded,Compliant,Demo Village 31 Demo Local Body,demo://photos/W-001003/completion,SYNTHETIC_PROTOTYPE,True
W-001004,2026-08-31,2026-09-10,2576000,Submitted,2026-10-02,ASSET-W-001004,Bus Shelter,Demo Village 26 Demo User Agency,Yes,2026-09-12,2026-09-08,Pending,,None recorded,Compliant,Demo Village 26 Demo Local Body,demo://photos/W-001004/completion,SYNTHETIC_PROTOTYPE,True
W-001006,2026-08-31,2026-09-03,1327000,Submitted,2026-09-19,ASSET-W-001006,Public Health Facility,Demo Village 1 Demo User Agency,Yes,2026-09-02,2026-09-29,Not Due,,None recorded,Compliant,Demo Village 1 Demo Local Body,demo://photos/W-001006/completion,SYNTHETIC_PROTOTYPE,True
W-001007,2026-08-31,2026-09-05,1915000,Submitted,2026-09-24,ASSET-W-001007,Borewell,Demo Village 26 Demo User Agency,Yes,2026-09-16,2026-09-10,Not Due,,None recorded,Compliant,Demo Village 26 Demo Local Body,demo://photos/W-001007/completion,SYNTHETIC_PROTOTYPE,True
W-001009,2026-08-31,2026-09-02,988000,Submitted,2026-09-16,ASSET-W-001009,Health Sub-Centre,Demo Village 22 Demo User Agency,Yes,2026-09-19,2026-09-06,Not Due,,None recorded,Compliant,Demo Village 22 Demo Local Body,demo://photos/W-001009/completion,SYNTHETIC_PROTOTYPE,True
W-001010,2026-08-31,2026-09-09,1471000,Submitted,2026-09-30,ASSET-W-001010,Solid Waste Shed,Demo Village 10 Demo User Agency,Yes,2026-09-06,2026-09-22,Pending,,None recorded,Compliant,Demo Village 10 Demo Local Body,demo://photos/W-001010/completion,SYNTHETIC_PROTOTYPE,True
W-001011,2026-08-31,2026-09-10,813000,Submitted,2026-09-24,ASSET-W-001011,Pipeline Extension,Demo Village 29 Demo User Agency,Yes,2026-09-10,2026-09-15,Completed,2026-10-02,None recorded,Compliant,Demo Village 29 Demo Local Body,demo://photos/W-001011/completion,SYNTHETIC_PROTOTYPE,True
W-001012,2026-08-31,2026-09-10,2487000,Submitted,2026-10-05,ASSET-W-001012,Solid Waste Shed,Demo Village 30 Demo User Agency,Yes,2026-09-05,2026-09-27,Pending,,None recorded,Compliant,Demo Village 30 Demo Local Body,demo://photos/W-001012/completion,SYNTHETIC_PROTOTYPE,True
W-001014,2026-08-31,2026-09-08,2731000,Submitted,2026-10-08,ASSET-W-001014,Sports Equipment Facility,Demo Village 9 Demo User Agency,Yes,2026-09-11,2026-09-21,Pending,,None recorded,Compliant,Demo Village 9 Demo Local Body,demo://photos/W-001014/completion,SYNTHETIC_PROTOTYPE,True
W-001015,2026-08-31,2026-09-02,2895000,Submitted,2026-09-27,ASSET-W-001015,Drainage,Demo Village 27 Demo User Agency,Yes,2026-09-17,2026-09-03,Completed,2026-12-10,None recorded,Compliant,Demo Village 27 Demo Local Body,demo://photos/W-001015/completion,SYNTHETIC_PROTOTYPE,True
W-001016,2026-08-31,2026-09-05,4030000,Submitted,2026-10-07,ASSET-W-001016,Ambulance Shelter,Demo Village 20 Demo User Agency,Yes,2026-09-17,2026-09-13,Completed,2027-01-25,None recorded,Compliant,Demo Village 20 Demo Local Body,demo://photos/W-001016/completion,SYNTHETIC_PROTOTYPE,True
W-001017,2026-08-31,2026-09-07,2795000,Submitted,2026-09-07,ASSET-W-001017,RO Water Plant,Demo Village 28 Demo User Agency,Yes,2026-09-07,2026-09-09,Not Due,,None recorded,Compliant,Demo Village 28 Demo Local Body,demo://photos/W-001017/completion,SYNTHETIC_PROTOTYPE,True
W-001018,2026-08-31,2026-09-09,639000,Submitted,2026-09-29,ASSET-W-001018,Indoor Sports Hall,Demo Village 32 Demo User Agency,Yes,2026-09-06,2026-09-19,Completed,2026-10-18,None recorded,Compliant,Demo Village 32 Demo Local Body,demo://photos/W-001018/completion,SYNTHETIC_PROTOTYPE,True
W-001022,2026-08-31,2026-09-05,1706000,Submitted,2026-09-06,ASSET-W-001022,RO Water Plant,Demo Village 18 Demo User Agency,Yes,2026-09-07,2026-09-30,Completed,2027-02-03,None recorded,Compliant,Demo Village 18 Demo Local Body,demo://photos/W-001022/completion,SYNTHETIC_PROTOTYPE,True
W-001025,2026-08-31,2026-09-05,2830000,Submitted,2026-09-21,ASSET-W-001025,Community Sanitation,Demo Village 2 Demo User Agency,Yes,2026-09-16,2026-09-20,Completed,2026-10-24,None recorded,Compliant,Demo Village 2 Demo Local Body,demo://photos/W-001025/completion,SYNTHETIC_PROTOTYPE,True
W-001026,2026-08-31,2026-09-01,930000,Submitted,2026-09-24,ASSET-W-001026,Anganwadi Building,Demo Village 29 Demo User Agency,Yes,2026-09-10,2026-09-29,Completed,2026-11-15,None recorded,Compliant,Demo Village 29 Demo Local Body,demo://photos/W-001026/completion,SYNTHETIC_PROTOTYPE,True
W-001027,2026-08-31,2026-09-02,3859000,Submitted,2026-10-13,ASSET-W-001027,Public Waiting Hall,Demo Village 19 Demo User Agency,Yes,2026-09-13,2026-09-07,Pending,,None recorded,Compliant,Demo Village 19 Demo Local Body,demo://photos/W-001027/completion,SYNTHETIC_PROTOTYPE,True
W-001028,2026-08-31,2026-09-09,1325000,Submitted,2026-10-12,ASSET-W-001028,Solid Waste Shed,Demo Village 2 Demo User Agency,Yes,2026-09-09,2026-09-06,Not Due,,None recorded,Compliant,Demo Village 2 Demo Local Body,demo://photos/W-001028/completion,SYNTHETIC_PROTOTYPE,True
W-001030,2026-08-31,2026-09-05,1046000,Submitted,2026-09-05,ASSET-W-001030,Health Sub-Centre,Demo Village 34 Demo User Agency,Yes,2026-09-09,2026-09-19,Completed,2027-01-15,None recorded,Compliant,Demo Village 34 Demo Local Body,demo://photos/W-001030/completion,SYNTHETIC_PROTOTYPE,True
W-001033,2026-08-31,2026-09-05,2833000,Submitted,2026-09-15,ASSET-W-001033,Pipeline Extension,Demo Village 19 Demo User Agency,Yes,2026-09-01,2026-09-26,Completed,2026-12-28,None recorded,Compliant,Demo Village 19 Demo Local Body,demo://photos/W-001033/completion,SYNTHETIC_PROTOTYPE,True
W-001034,2026-08-31,2026-09-01,2622000,Submitted,2026-10-03,ASSET-W-001034,Borewell,Demo Village 4 Demo User Agency,Yes,2026-09-03,2026-09-25,Not Due,,None recorded,Compliant,Demo Village 4 Demo Local Body,demo://photos/W-001034/completion,SYNTHETIC_PROTOTYPE,True
W-001035,2026-08-31,2026-09-02,2844000,Submitted,2026-10-08,ASSET-W-001035,Pipeline Extension,Demo Village 6 Demo User Agency,Yes,2026-09-10,2026-09-01,Not Due,,None recorded,Compliant,Demo Village 6 Demo Local Body,demo://photos/W-001035/completion,SYNTHETIC_PROTOTYPE,True
W-001036,2026-08-31,2026-09-03,597000,Submitted,2026-09-16,ASSET-W-001036,Playground Development,Demo Village 30 Demo User Agency,Yes,2026-09-10,2026-09-13,Completed,2026-10-20,None recorded,Compliant,Demo Village 30 Demo Local Body,demo://photos/W-001036/completion,SYNTHETIC_PROTOTYPE,True
W-001038,2026-08-31,2026-09-08,3530000,Submitted,2026-10-14,ASSET-W-001038,CC Road,Demo Village 1 Demo User Agency,Yes,2026-09-06,2026-09-26,Completed,2027-02-25,None recorded,Compliant,Demo Village 1 Demo Local Body,demo://photos/W-001038/completion,SYNTHETIC_PROTOTYPE,True
W-001039,2026-08-31,2026-09-06,1197000,Submitted,2026-09-08,ASSET-W-001039,Rural Road,Demo Village 25 Demo User Agency,Yes,2026-09-08,2026-09-01,Pending,,None recorded,Compliant,Demo Village 25 Demo Local Body,demo://photos/W-001039/completion,SYNTHETIC_PROTOTYPE,True
W-001041,2026-08-31,2026-09-03,2100000,Submitted,2026-09-17,ASSET-W-001041,Solar Public Facility,Demo Village 34 Demo User Agency,Yes,2026-09-12,2026-09-11,Pending,,None recorded,Compliant,Demo Village 34 Demo Local Body,demo://photos/W-001041/completion,SYNTHETIC_PROTOTYPE,True
W-001042,2026-08-31,2026-09-09,1106000,Submitted,2026-10-12,ASSET-W-001042,Digital Classroom,Demo Village 16 Demo User Agency,Yes,2026-09-15,2026-09-06,Completed,2027-01-23,None recorded,Compliant,Demo Village 16 Demo Local Body,demo://photos/W-001042/completion,SYNTHETIC_PROTOTYPE,True
W-001043,2026-08-31,2026-08-31,2153000,Submitted,2026-09-21,ASSET-W-001043,Solar Community Lighting,Demo Village 12 Demo User Agency,Yes,2026-09-01,2026-09-14,Completed,2026-10-12,None recorded,Compliant,Demo Village 12 Demo Local Body,demo://photos/W-001043/completion,SYNTHETIC_PROTOTYPE,True
W-001044,2026-08-31,2026-08-31,2307000,Submitted,2026-09-18,ASSET-W-001044,Indoor Sports Hall,Demo Village 17 Demo User Agency,Yes,2026-09-01,2026-09-24,Completed,2026-10-01,None recorded,Compliant,Demo Village 17 Demo Local Body,demo://photos/W-001044/completion,SYNTHETIC_PROTOTYPE,True
W-001047,2026-08-31,2026-09-09,2434000,Submitted,2026-09-23,ASSET-W-001047,Small Bridge,Demo Village 7 Demo User Agency,Yes,2026-09-17,2026-09-04,Not Due,,None recorded,Compliant,Demo Village 7 Demo Local Body,demo://photos/W-001047/completion,SYNTHETIC_PROTOTYPE,True
W-001048,2026-08-31,2026-09-08,2330000,Submitted,2026-10-15,ASSET-W-001048,Sports Equipment Facility,Demo Village 9 Demo User Agency,Yes,2026-09-20,2026-09-21,Not Due,,None recorded,Compliant,Demo Village 9 Demo Local Body,demo://photos/W-001048/completion,SYNTHETIC_PROTOTYPE,True
W-001049,2026-08-31,2026-09-05,1624000,Submitted,2026-09-17,ASSET-W-001049,PHC Equipment Room,Demo Village 19 Demo User Agency,Yes,2026-09-17,2026-09-12,Pending,,None recorded,Compliant,Demo Village 19 Demo Local Body,demo://photos/W-001049/completion,SYNTHETIC_PROTOTYPE,True
W-001050,2026-08-31,2026-09-08,3193000,Submitted,2026-09-07,ASSET-W-001050,PHC Equipment Room,Demo Village 21 Demo User Agency,Yes,2026-09-17,2026-09-19,Completed,2026-12-08,None recorded,Compliant,Demo Village 21 Demo Local Body,demo://photos/W-001050/completion,SYNTHETIC_PROTOTYPE,True
W-001051,2026-08-31,2026-09-04,2901000,Submitted,2026-09-29,ASSET-W-001051,Playground Development,Demo Village 27 Demo User Agency,Yes,2026-09-15,2026-09-14,Pending,,None recorded,Compliant,Demo Village 27 Demo Local Body,demo://photos/W-001051/completion,SYNTHETIC_PROTOTYPE,True
W-001054,2026-08-31,2026-09-01,1670000,Submitted,2026-09-12,ASSET-W-001054,Water Tank,Demo Village 15 Demo User Agency,Yes,2026-09-05,2026-09-13,Not Due,,None recorded,Compliant,Demo Village 15 Demo Local Body,demo://photos/W-001054/completion,SYNTHETIC_PROTOTYPE,True
W-001055,2026-08-31,2026-09-01,3270000,Submitted,2026-10-06,ASSET-W-001055,Anganwadi Building,Demo Village 14 Demo User Agency,Yes,2026-09-03,2026-09-12,Not Due,,None recorded,Compliant,Demo Village 14 Demo Local Body,demo://photos/W-001055/completion,SYNTHETIC_PROTOTYPE,True
W-001057,2026-08-31,2026-09-04,1886000,Submitted,2026-09-08,ASSET-W-001057,Digital Classroom,Demo Village 8 Demo User Agency,Yes,2026-09-05,2026-09-22,Pending,,None recorded,Compliant,Demo Village 8 Demo Local Body,demo://photos/W-001057/completion,SYNTHETIC_PROTOTYPE,True
W-001060,2026-08-31,2026-09-09,3449000,Submitted,2026-10-13,ASSET-W-001060,PHC Equipment Room,Demo Village 5 Demo User Agency,Yes,2026-09-02,2026-09-21,Not Due,,None recorded,Compliant,Demo Village 5 Demo Local Body,demo://photos/W-001060/completion,SYNTHETIC_PROTOTYPE,True
W-001063,2026-08-31,2026-09-09,2345000,Submitted,2026-09-24,ASSET-W-001063,Sports Equipment Facility,Demo Village 1 Demo User Agency,Yes,2026-09-07,2026-09-29,Not Due,,None recorded,Compliant,Demo Village 1 Demo Local Body,demo://photos/W-001063/completion,SYNTHETIC_PROTOTYPE,True
W-001064,2026-08-31,2026-09-02,2690000,Submitted,2026-10-01,ASSET-W-001064,Solid Waste Shed,Demo Village 23 Demo User Agency,Yes,2026-09-02,2026-09-25,Pending,,None recorded,Compliant,Demo Village 23 Demo Local Body,demo://photos/W-001064/completion,SYNTHETIC_PROTOTYPE,True
W-001068,2026-08-31,2026-09-06,718000,Submitted,2026-10-15,ASSET-W-001068,Solid Waste Shed,Demo Village 6 Demo User Agency,Yes,2026-09-07,2026-09-14,Completed,2027-01-19,None recorded,Compliant,Demo Village 6 Demo Local Body,demo://photos/W-001068/completion,SYNTHETIC_PROTOTYPE,True
W-001069,2026-08-31,2026-09-07,2800000,Submitted,2026-10-05,ASSET-W-001069,RO Water Plant,Demo Village 27 Demo User Agency,Yes,2026-09-01,2026-09-22,Not Due,,None recorded,Compliant,Demo Village 27 Demo Local Body,demo://photos/W-001069/completion,SYNTHETIC_PROTOTYPE,True
W-001070,2026-08-31,2026-09-10,2110000,Submitted,2026-10-09,ASSET-W-001070,Solar Street Lights,Demo Village 25 Demo User Agency,Yes,2026-09-09,2026-09-12,Pending,,None recorded,Compliant,Demo Village 25 Demo Local Body,demo://photos/W-001070/completion,SYNTHETIC_PROTOTYPE,True
W-001072,2026-08-31,2026-09-02,579000,Submitted,2026-09-29,ASSET-W-001072,Indoor Sports Hall,Demo Village 23 Demo User Agency,Yes,2026-09-15,2026-09-26,Pending,,None recorded,Compliant,Demo Village 23 Demo Local Body,demo://photos/W-001072/completion,SYNTHETIC_PROTOTYPE,True
W-001073,2026-08-31,2026-09-01,3451000,Submitted,2026-09-19,ASSET-W-001073,Health Sub-Centre,Demo Village 4 Demo User Agency,Yes,2026-09-14,2026-09-20,Not Due,,None recorded,Compliant,Demo Village 4 Demo Local Body,demo://photos/W-001073/completion,SYNTHETIC_PROTOTYPE,True
W-001074,2026-08-31,2026-09-03,1183000,Submitted,2026-09-06,ASSET-W-001074,Community Sanitation,Demo Village 17 Demo User Agency,Yes,2026-09-17,2026-09-20,Pending,,None recorded,Compliant,Demo Village 17 Demo Local Body,demo://photos/W-001074/completion,SYNTHETIC_PROTOTYPE,True
W-001076,2026-08-31,2026-09-02,1164000,Submitted,2026-10-06,ASSET-W-001076,School Classroom,Demo Village 31 Demo User Agency,Yes,2026-09-06,2026-09-20,Not Due,,None recorded,Compliant,Demo Village 31 Demo Local Body,demo://photos/W-001076/completion,SYNTHETIC_PROTOTYPE,True
W-001077,2026-08-31,2026-09-04,2277000,Submitted,2026-09-17,ASSET-W-001077,Solar Water System,Demo Village 11 Demo User Agency,Yes,2026-09-10,2026-09-12,Completed,2027-01-02,None recorded,Compliant,Demo Village 11 Demo Local Body,demo://photos/W-001077/completion,SYNTHETIC_PROTOTYPE,True
W-001078,2026-08-31,2026-09-05,940000,Submitted,2026-09-25,ASSET-W-001078,Health Sub-Centre,Demo Village 35 Demo User Agency,Yes,2026-09-16,2026-09-21,Not Due,,None recorded,Compliant,Demo Village 35 Demo Local Body,demo://photos/W-001078/completion,SYNTHETIC_PROTOTYPE,True
W-001079,2026-08-31,2026-09-08,2868000,Submitted,2026-09-27,ASSET-W-001079,CC Road,Demo Village 13 Demo User Agency,Yes,2026-09-03,2026-09-07,Pending,,None recorded,Compliant,Demo Village 13 Demo Local Body,demo://photos/W-001079/completion,SYNTHETIC_PROTOTYPE,True
W-001080,2026-08-31,2026-09-08,3086000,Submitted,2026-09-09,ASSET-W-001080,Digital Classroom,Demo Village 3 Demo User Agency,Yes,2026-09-01,2026-09-28,Not Due,,None recorded,Compliant,Demo Village 3 Demo Local Body,demo://photos/W-001080/completion,SYNTHETIC_PROTOTYPE,True
W-001082,2026-08-31,2026-09-10,2349000,Submitted,2026-09-30,ASSET-W-001082,Solar Community Lighting,Demo Village 31 Demo User Agency,Yes,2026-09-11,2026-09-11,Pending,,None recorded,Compliant,Demo Village 31 Demo Local Body,demo://photos/W-001082/completion,SYNTHETIC_PROTOTYPE,True
W-001083,2026-08-31,2026-09-03,939000,Submitted,2026-10-10,ASSET-W-001083,Ambulance Shelter,Demo Village 19 Demo User Agency,Yes,2026-09-01,2026-09-30,Not Due,,None recorded,Compliant,Demo Village 19 Demo Local Body,demo://photos/W-001083/completion,SYNTHETIC_PROTOTYPE,True
W-001086,2026-08-31,2026-09-09,996000,Submitted,2026-10-15,ASSET-W-001086,RO Water Plant,Demo Village 7 Demo User Agency,Yes,2026-09-20,2026-09-20,Pending,,None recorded,Compliant,Demo Village 7 Demo Local Body,demo://photos/W-001086/completion,SYNTHETIC_PROTOTYPE,True
W-001087,2026-08-31,2026-08-31,835000,Submitted,2026-09-09,ASSET-W-001087,Playground Development,Demo Village 35 Demo User Agency,Yes,2026-09-06,2026-09-29,Not Due,,None recorded,Compliant,Demo Village 35 Demo Local Body,demo://photos/W-001087/completion,SYNTHETIC_PROTOTYPE,True
W-001089,2026-08-31,2026-09-08,1916000,Submitted,2026-09-24,ASSET-W-001089,Public Toilet,Demo Village 21 Demo User Agency,Yes,2026-09-04,2026-09-07,Pending,,None recorded,Compliant,Demo Village 21 Demo Local Body,demo://photos/W-001089/completion,SYNTHETIC_PROTOTYPE,True
W-001090,2026-08-31,2026-09-07,1773000,Submitted,2026-09-15,ASSET-W-001090,Anganwadi Building,Demo Village 30 Demo User Agency,Yes,2026-09-07,2026-09-03,Not Due,,None recorded,Compliant,Demo Village 30 Demo Local Body,demo://photos/W-001090/completion,SYNTHETIC_PROTOTYPE,True
W-001092,2026-08-31,2026-09-05,788000,Submitted,2026-09-24,ASSET-W-001092,Public Health Facility,Demo Village 8 Demo User Agency,Yes,2026-09-20,2026-09-11,Not Due,,None recorded,Compliant,Demo Village 8 Demo Local Body,demo://photos/W-001092/completion,SYNTHETIC_PROTOTYPE,True
W-001094,2026-08-31,2026-09-03,4279000,Submitted,2026-09-14,ASSET-W-001094,Small Bridge,Demo Village 22 Demo User Agency,Yes,2026-09-03,2026-09-09,Pending,,None recorded,Compliant,Demo Village 22 Demo Local Body,demo://photos/W-001094/completion,SYNTHETIC_PROTOTYPE,True
W-001095,2026-08-31,2026-09-09,1781000,Submitted,2026-10-04,ASSET-W-001095,Open Gym,Demo Village 18 Demo User Agency,Yes,2026-09-05,2026-09-10,Pending,,None recorded,Compliant,Demo Village 18 Demo Local Body,demo://photos/W-001095/completion,SYNTHETIC_PROTOTYPE,True
W-001096,2026-08-31,2026-09-05,3201000,Submitted,2026-10-09,ASSET-W-001096,Anganwadi Building,Demo Village 27 Demo User Agency,Yes,2026-09-12,2026-09-18,Not Due,,None recorded,Compliant,Demo Village 27 Demo Local Body,demo://photos/W-001096/completion,SYNTHETIC_PROTOTYPE,True
W-001097,2026-08-31,2026-09-10,1715000,Submitted,2026-10-07,ASSET-W-001097,School Classroom,Demo Village 16 Demo User Agency,Yes,2026-09-03,2026-09-28,Completed,2026-10-09,None recorded,Compliant,Demo Village 16 Demo Local Body,demo://photos/W-001097/completion,SYNTHETIC_PROTOTYPE,True
W-001098,2026-08-31,2026-09-02,1933000,Submitted,2026-09-20,ASSET-W-001098,Public Toilet,Demo Village 10 Demo User Agency,Yes,2026-09-05,2026-09-03,Pending,,None recorded,Compliant,Demo Village 10 Demo Local Body,demo://photos/W-001098/completion,SYNTHETIC_PROTOTYPE,True
W-001100,2026-08-31,2026-09-03,1112000,Submitted,2026-09-24,ASSET-W-001100,Public Toilet,Demo Village 14 Demo User Agency,Yes,2026-09-20,2026-09-13,Pending,,None recorded,Compliant,Demo Village 14 Demo Local Body,demo://photos/W-001100/completion,SYNTHETIC_PROTOTYPE,True
W-001102,2026-08-31,2026-09-07,884000,Submitted,2026-09-10,ASSET-W-001102,PHC Equipment Room,Demo Village 23 Demo User Agency,Yes,2026-09-14,2026-09-04,Completed,2027-01-18,None recorded,Compliant,Demo Village 23 Demo Local Body,demo://photos/W-001102/completion,SYNTHETIC_PROTOTYPE,True
W-001104,2026-08-31,2026-09-03,2971000,Submitted,2026-09-13,ASSET-W-001104,School Toilet,Demo Village 4 Demo User Agency,Yes,2026-09-16,2026-09-16,Not Due,,None recorded,Compliant,Demo Village 4 Demo Local Body,demo://photos/W-001104/completion,SYNTHETIC_PROTOTYPE,True
W-001105,2026-08-31,2026-09-03,1790000,Submitted,2026-10-13,ASSET-W-001105,Solar Public Facility,Demo Village 23 Demo User Agency,Yes,2026-09-13,2026-09-18,Completed,2026-11-13,None recorded,Compliant,Demo Village 23 Demo Local Body,demo://photos/W-001105/completion,SYNTHETIC_PROTOTYPE,True
W-001106,2026-08-31,2026-09-10,1110000,Submitted,2026-09-20,ASSET-W-001106,School Toilet,Demo Village 5 Demo User Agency,Yes,2026-09-20,2026-09-17,Not Due,,None recorded,Compliant,Demo Village 5 Demo Local Body,demo://photos/W-001106/completion,SYNTHETIC_PROTOTYPE,True
W-001108,2026-08-31,2026-08-31,2309000,Submitted,2026-10-06,ASSET-W-001108,Rural Road,Demo Village 31 Demo User Agency,Yes,2026-09-06,2026-09-26,Completed,2026-10-15,None recorded,Compliant,Demo Village 31 Demo Local Body,demo://photos/W-001108/completion,SYNTHETIC_PROTOTYPE,True
W-001109,2026-08-31,2026-09-08,3294000,Submitted,2026-09-22,ASSET-W-001109,Approach Road,Demo Village 32 Demo User Agency,Yes,2026-09-04,2026-09-04,Not Due,,None recorded,Compliant,Demo Village 32 Demo Local Body,demo://photos/W-001109/completion,SYNTHETIC_PROTOTYPE,True
W-001110,2026-08-31,2026-09-07,1925000,Submitted,2026-10-02,ASSET-W-001110,Community Sanitation,Demo Village 30 Demo User Agency,Yes,2026-09-07,2026-09-13,Pending,,None recorded,Compliant,Demo Village 30 Demo Local Body,demo://photos/W-001110/completion,SYNTHETIC_PROTOTYPE,True
W-001111,2026-08-31,2026-09-03,828000,Submitted,2026-10-13,ASSET-W-001111,Playground Development,Demo Village 11 Demo User Agency,Yes,2026-09-08,2026-09-24,Pending,,None recorded,Compliant,Demo Village 11 Demo Local Body,demo://photos/W-001111/completion,SYNTHETIC_PROTOTYPE,True
W-001112,2026-08-31,2026-09-03,1570000,Submitted,2026-10-06,ASSET-W-001112,Library Room,Demo Village 30 Demo User Agency,Yes,2026-09-12,2026-09-08,Pending,,None recorded,Compliant,Demo Village 30 Demo Local Body,demo://photos/W-001112/completion,SYNTHETIC_PROTOTYPE,True
W-001115,2026-08-31,2026-09-05,2533000,Submitted,2026-09-15,ASSET-W-001115,CC Road,Demo Village 3 Demo User Agency,Yes,2026-09-12,2026-09-29,Not Due,,None recorded,Compliant,Demo Village 3 Demo Local Body,demo://photos/W-001115/completion,SYNTHETIC_PROTOTYPE,True
W-001116,2026-08-31,2026-09-04,1602000,Submitted,2026-10-13,ASSET-W-001116,Water Tank,Demo Village 6 Demo User Agency,Yes,2026-09-02,2026-09-13,Completed,2026-10-01,None recorded,Compliant,Demo Village 6 Demo Local Body,demo://photos/W-001116/completion,SYNTHETIC_PROTOTYPE,True
W-001119,2026-08-31,2026-09-03,638000,Submitted,2026-09-29,ASSET-W-001119,Solar Water System,Demo Village 21 Demo User Agency,Yes,2026-09-07,2026-09-19,Not Due,,None recorded,Compliant,Demo Village 21 Demo Local Body,demo://photos/W-001119/completion,SYNTHETIC_PROTOTYPE,True
W-001121,2026-08-31,2026-09-08,801000,Submitted,2026-09-27,ASSET-W-001121,Pipeline Extension,Demo Village 3 Demo User Agency,Yes,2026-09-15,2026-09-19,Not Due,,None recorded,Compliant,Demo Village 3 Demo Local Body,demo://photos/W-001121/completion,SYNTHETIC_PROTOTYPE,True
W-001122,2026-08-31,2026-09-05,2319000,Submitted,2026-09-27,ASSET-W-001122,School Toilet,Demo Village 10 Demo User Agency,Yes,2026-09-11,2026-09-02,Completed,2027-01-03,None recorded,Compliant,Demo Village 10 Demo Local Body,demo://photos/W-001122/completion,SYNTHETIC_PROTOTYPE,True
W-001123,2026-08-31,2026-09-06,2204000,Submitted,2026-10-03,ASSET-W-001123,Approach Road,Demo Village 1 Demo User Agency,Yes,2026-09-10,2026-09-14,Completed,2026-11-28,None recorded,Compliant,Demo Village 1 Demo Local Body,demo://photos/W-001123/completion,SYNTHETIC_PROTOTYPE,True
W-001124,2026-08-31,2026-09-09,2172000,Submitted,2026-09-09,ASSET-W-001124,Anganwadi Building,Demo Village 6 Demo User Agency,Yes,2026-09-17,2026-09-25,Not Due,,None recorded,Compliant,Demo Village 6 Demo Local Body,demo://photos/W-001124/completion,SYNTHETIC_PROTOTYPE,True
W-001126,2026-08-31,2026-09-08,1510000,Submitted,2026-10-07,ASSET-W-001126,PHC Equipment Room,Demo Village 16 Demo User Agency,Yes,2026-09-04,2026-09-16,Completed,2027-01-11,None recorded,Compliant,Demo Village 16 Demo Local Body,demo://photos/W-001126/completion,SYNTHETIC_PROTOTYPE,True
W-001127,2026-08-31,2026-09-10,2640000,Submitted,2026-09-25,ASSET-W-001127,Small Bridge,Demo Village 33 Demo User Agency,Yes,2026-09-20,2026-09-19,Pending,,None recorded,Compliant,Demo Village 33 Demo Local Body,demo://photos/W-001127/completion,SYNTHETIC_PROTOTYPE,True
W-001130,2026-08-31,2026-09-08,1756000,Submitted,2026-09-13,ASSET-W-001130,Drainage,Demo Village 7 Demo User Agency,Yes,2026-09-06,2026-09-21,Not Due,,None recorded,Compliant,Demo Village 7 Demo Local Body,demo://photos/W-001130/completion,SYNTHETIC_PROTOTYPE,True
W-001131,2026-08-31,2026-09-08,644000,Submitted,2026-09-14,ASSET-W-001131,Pipeline Extension,Demo Village 30 Demo User Agency,Yes,2026-09-19,2026-09-02,Pending,,None recorded,Compliant,Demo Village 30 Demo Local Body,demo://photos/W-001131/completion,SYNTHETIC_PROTOTYPE,True
W-001132,2026-08-31,2026-09-06,1675000,Submitted,2026-10-09,ASSET-W-001132,Small Bridge,Demo Village 22 Demo User Agency,Yes,2026-09-19,2026-09-30,Completed,2026-10-16,None recorded,Compliant,Demo Village 22 Demo Local Body,demo://photos/W-001132/completion,SYNTHETIC_PROTOTYPE,True
W-001134,2026-08-31,2026-09-10,2163000,Submitted,2026-09-09,ASSET-W-001134,Solar Public Facility,Demo Village 17 Demo User Agency,Yes,2026-09-05,2026-09-11,Not Due,,None recorded,Compliant,Demo Village 17 Demo Local Body,demo://photos/W-001134/completion,SYNTHETIC_PROTOTYPE,True
W-001136,2026-08-31,2026-09-01,1108000,Submitted,2026-10-11,ASSET-W-001136,Pipeline Extension,Demo Village 20 Demo User Agency,Yes,2026-09-20,2026-09-20,Pending,,None recorded,Compliant,Demo Village 20 Demo Local Body,demo://photos/W-001136/completion,SYNTHETIC_PROTOTYPE,True
W-001138,2026-08-31,2026-09-02,621000,Submitted,2026-10-08,ASSET-W-001138,Solar Community Lighting,Demo Village 8 Demo User Agency,Yes,2026-09-18,2026-09-09,Pending,,None recorded,Compliant,Demo Village 8 Demo Local Body,demo://photos/W-001138/completion,SYNTHETIC_PROTOTYPE,True
W-001139,2026-08-31,2026-09-05,3365000,Submitted,2026-09-19,ASSET-W-001139,Digital Classroom,Demo Village 5 Demo User Agency,Yes,2026-09-10,2026-09-24,Completed,2026-10-25,None recorded,Compliant,Demo Village 5 Demo Local Body,demo://photos/W-001139/completion,SYNTHETIC_PROTOTYPE,True
W-001140,2026-08-31,2026-09-03,1020000,Submitted,2026-09-09,ASSET-W-001140,Public Toilet,Demo Village 31 Demo User Agency,Yes,2026-09-18,2026-09-24,Pending,,None recorded,Compliant,Demo Village 31 Demo Local Body,demo://photos/W-001140/completion,SYNTHETIC_PROTOTYPE,True
W-001141,2026-08-31,2026-09-07,1304000,Submitted,2026-10-06,ASSET-W-001141,RO Water Plant,Demo Village 9 Demo User Agency,Yes,2026-09-02,2026-09-26,Not Due,,None recorded,Compliant,Demo Village 9 Demo Local Body,demo://photos/W-001141/completion,SYNTHETIC_PROTOTYPE,True
W-001142,2026-08-31,2026-09-08,3247000,Submitted,2026-09-25,ASSET-W-001142,Community Hall,Demo Village 32 Demo User Agency,Yes,2026-09-17,2026-09-24,Pending,,None recorded,Compliant,Demo Village 32 Demo Local Body,demo://photos/W-001142/completion,SYNTHETIC_PROTOTYPE,True
W-001144,2026-08-31,2026-09-06,1734000,Submitted,2026-10-01,ASSET-W-001144,Water Tank,Demo Village 13 Demo User Agency,Yes,2026-09-10,2026-09-29,Completed,2027-02-05,None recorded,Compliant,Demo Village 13 Demo Local Body,demo://photos/W-001144/completion,SYNTHETIC_PROTOTYPE,True
W-001145,2026-08-31,2026-08-31,3093000,Submitted,2026-09-20,ASSET-W-001145,Health Sub-Centre,Demo Village 35 Demo User Agency,Yes,2026-09-03,2026-09-18,Completed,2026-11-09,None recorded,Compliant,Demo Village 35 Demo Local Body,demo://photos/W-001145/completion,SYNTHETIC_PROTOTYPE,True
W-001146,2026-08-31,2026-08-31,3427000,Submitted,2026-09-24,ASSET-W-001146,Health Sub-Centre,Demo Village 18 Demo User Agency,Yes,2026-09-05,2026-09-14,Not Due,,None recorded,Compliant,Demo Village 18 Demo Local Body,demo://photos/W-001146/completion,SYNTHETIC_PROTOTYPE,True
W-001148,2026-08-31,2026-09-05,886000,Submitted,2026-09-05,ASSET-W-001148,Drainage,Demo Village 10 Demo User Agency,Yes,2026-09-09,2026-09-06,Completed,2026-12-18,None recorded,Compliant,Demo Village 10 Demo Local Body,demo://photos/W-001148/completion,SYNTHETIC_PROTOTYPE,True
W-001150,2026-08-31,2026-09-03,2436000,Submitted,2026-10-01,ASSET-W-001150,Digital Classroom,Demo Village 3 Demo User Agency,Yes,2026-09-01,2026-09-24,Completed,2026-11-25,None recorded,Compliant,Demo Village 3 Demo Local Body,demo://photos/W-001150/completion,SYNTHETIC_PROTOTYPE,True
W-001152,2026-08-31,2026-09-08,904000,Submitted,2026-10-10,ASSET-W-001152,Pipeline Extension,Demo Village 8 Demo User Agency,Yes,2026-09-01,2026-09-15,Completed,2027-02-26,None recorded,Compliant,Demo Village 8 Demo Local Body,demo://photos/W-001152/completion,SYNTHETIC_PROTOTYPE,True
W-001153,2026-08-31,2026-09-03,1506000,Submitted,2026-10-09,ASSET-W-001153,Pipeline Extension,Demo Village 16 Demo User Agency,Yes,2026-09-09,2026-09-12,Completed,2027-02-07,None recorded,Compliant,Demo Village 16 Demo Local Body,demo://photos/W-001153/completion,SYNTHETIC_PROTOTYPE,True
W-001154,2026-08-31,2026-09-05,2544000,Submitted,2026-09-09,ASSET-W-001154,Playground Development,Demo Village 18 Demo User Agency,Yes,2026-09-01,2026-09-22,Completed,2026-12-29,None recorded,Compliant,Demo Village 18 Demo Local Body,demo://photos/W-001154/completion,SYNTHETIC_PROTOTYPE,True
W-001155,2026-08-31,2026-09-01,674000,Submitted,2026-09-26,ASSET-W-001155,Pipeline Extension,Demo Village 1 Demo User Agency,Yes,2026-09-20,2026-09-02,Completed,2027-01-11,None recorded,Compliant,Demo Village 1 Demo Local Body,demo://photos/W-001155/completion,SYNTHETIC_PROTOTYPE,True
W-001156,2026-08-31,2026-09-01,671000,Submitted,2026-09-21,ASSET-W-001156,Pipeline Extension,Demo Village 14 Demo User Agency,Yes,2026-09-18,2026-09-12,Completed,2026-11-10,None recorded,Compliant,Demo Village 14 Demo Local Body,demo://photos/W-001156/completion,SYNTHETIC_PROTOTYPE,True
W-001157,2026-08-31,2026-09-03,489000,Submitted,2026-10-15,ASSET-W-001157,Sports Equipment Facility,Demo Village 13 Demo User Agency,Yes,2026-09-03,2026-09-15,Pending,,None recorded,Compliant,Demo Village 13 Demo Local Body,demo://photos/W-001157/completion,SYNTHETIC_PROTOTYPE,True
W-001162,2026-08-31,2026-09-04,3069000,Submitted,2026-10-15,ASSET-W-001162,Anganwadi Building,Demo Village 13 Demo User Agency,Yes,2026-09-04,2026-09-08,Not Due,,None recorded,Compliant,Demo Village 13 Demo Local Body,demo://photos/W-001162/completion,SYNTHETIC_PROTOTYPE,True
W-001163,2026-08-31,2026-09-03,703000,Submitted,2026-10-07,ASSET-W-001163,Open Gym,Demo Village 17 Demo User Agency,Yes,2026-09-14,2026-09-05,Pending,,None recorded,Compliant,Demo Village 17 Demo Local Body,demo://photos/W-001163/completion,SYNTHETIC_PROTOTYPE,True
W-001165,2026-08-31,2026-09-05,1348000,Submitted,2026-09-17,ASSET-W-001165,Public Toilet,Demo Village 34 Demo User Agency,Yes,2026-09-08,2026-09-15,Not Due,,None recorded,Compliant,Demo Village 34 Demo Local Body,demo://photos/W-001165/completion,SYNTHETIC_PROTOTYPE,True
W-001166,2026-08-31,2026-09-05,1614000,Submitted,2026-09-16,ASSET-W-001166,Borewell,Demo Village 25 Demo User Agency,Yes,2026-09-17,2026-09-02,Completed,2026-10-16,None recorded,Compliant,Demo Village 25 Demo Local Body,demo://photos/W-001166/completion,SYNTHETIC_PROTOTYPE,True
W-001168,2026-08-31,2026-09-02,883000,Submitted,2026-09-09,ASSET-W-001168,School Toilet,Demo Village 25 Demo User Agency,Yes,2026-09-16,2026-09-06,Not Due,,None recorded,Compliant,Demo Village 25 Demo Local Body,demo://photos/W-001168/completion,SYNTHETIC_PROTOTYPE,True
W-001169,2026-08-31,2026-09-03,3931000,Submitted,2026-09-21,ASSET-W-001169,CC Road,Demo Village 25 Demo User Agency,Yes,2026-09-18,2026-09-25,Completed,2027-01-24,None recorded,Compliant,Demo Village 25 Demo Local Body,demo://photos/W-001169/completion,SYNTHETIC_PROTOTYPE,True
W-001171,2026-08-31,2026-09-03,2777000,Submitted,2026-09-09,ASSET-W-001171,Library Room,Demo Village 13 Demo User Agency,Yes,2026-09-02,2026-09-03,Not Due,,None recorded,Compliant,Demo Village 13 Demo Local Body,demo://photos/W-001171/completion,SYNTHETIC_PROTOTYPE,True
W-001174,2026-08-31,2026-09-03,754000,Submitted,2026-09-09,ASSET-W-001174,Pipeline Extension,Demo Village 1 Demo User Agency,Yes,2026-09-15,2026-09-22,Not Due,,None recorded,Compliant,Demo Village 1 Demo Local Body,demo://photos/W-001174/completion,SYNTHETIC_PROTOTYPE,True
W-001178,2026-08-31,2026-09-07,1778000,Submitted,2026-09-28,ASSET-W-001178,Drainage,Demo Village 20 Demo User Agency,Yes,2026-09-06,2026-09-24,Not Due,,None recorded,Compliant,Demo Village 20 Demo Local Body,demo://photos/W-001178/completion,SYNTHETIC_PROTOTYPE,True
W-001181,2026-08-31,2026-08-31,3405000,Submitted,2026-09-07,ASSET-W-001181,Rural Road,Demo Village 1 Demo User Agency,Yes,2026-09-18,2026-09-07,Pending,,None recorded,Compliant,Demo Village 1 Demo Local Body,demo://photos/W-001181/completion,SYNTHETIC_PROTOTYPE,True
W-001182,2026-08-31,2026-09-01,4220000,Submitted,2026-09-24,ASSET-W-001182,CC Road,Demo Village 28 Demo User Agency,Yes,2026-09-20,2026-09-21,Not Due,,None recorded,Compliant,Demo Village 28 Demo Local Body,demo://photos/W-001182/completion,SYNTHETIC_PROTOTYPE,True
W-001184,2026-08-31,2026-09-10,1937000,Submitted,2026-10-01,ASSET-W-001184,Solar Community Lighting,Demo Village 12 Demo User Agency,Yes,2026-09-10,2026-09-18,Completed,2026-10-29,None recorded,Compliant,Demo Village 12 Demo Local Body,demo://photos/W-001184/completion,SYNTHETIC_PROTOTYPE,True
W-001185,2026-08-31,2026-09-07,1313000,Submitted,2026-10-08,ASSET-W-001185,Solar Street Lights,Demo Village 8 Demo User Agency,Yes,2026-09-15,2026-09-29,Completed,2027-01-09,None recorded,Compliant,Demo Village 8 Demo Local Body,demo://photos/W-001185/completion,SYNTHETIC_PROTOTYPE,True
W-001188,2026-08-31,2026-09-02,3524000,Submitted,2026-09-06,ASSET-W-001188,CC Road,Demo Village 25 Demo User Agency,Yes,2026-09-20,2026-09-12,Completed,2026-12-27,None recorded,Compliant,Demo Village 25 Demo Local Body,demo://photos/W-001188/completion,SYNTHETIC_PROTOTYPE,True
W-001189,2026-08-31,2026-09-03,666000,Submitted,2026-10-01,ASSET-W-001189,Drainage,Demo Village 28 Demo User Agency,Yes,2026-09-18,2026-09-11,Not Due,,None recorded,Compliant,Demo Village 28 Demo Local Body,demo://photos/W-001189/completion,SYNTHETIC_PROTOTYPE,True
W-001190,2026-08-31,2026-09-10,2710000,Submitted,2026-10-02,ASSET-W-001190,Community Sanitation,Demo Village 35 Demo User Agency,Yes,2026-09-09,2026-09-25,Pending,,None recorded,Compliant,Demo Village 35 Demo Local Body,demo://photos/W-001190/completion,SYNTHETIC_PROTOTYPE,True
W-001191,2026-08-31,2026-09-04,1555000,Submitted,2026-10-01,ASSET-W-001191,Water Tank,Demo Village 3 Demo User Agency,Yes,2026-09-12,2026-09-27,Not Due,,None recorded,Compliant,Demo Village 3 Demo Local Body,demo://photos/W-001191/completion,SYNTHETIC_PROTOTYPE,True
W-001192,2026-08-31,2026-08-31,2488000,Submitted,2026-09-23,ASSET-W-001192,Borewell,Demo Village 35 Demo User Agency,Yes,2026-09-19,2026-09-26,Completed,2026-12-23,None recorded,Compliant,Demo Village 35 Demo Local Body,demo://photos/W-001192/completion,SYNTHETIC_PROTOTYPE,True
W-001193,2026-08-31,2026-09-06,763000,Pending,,ASSET-W-001193,Sports Equipment Facility,Demo Village 5 Demo User Agency,No,2026-09-13,2026-09-14,Completed,2027-02-14,Documentation / closure review,Review Required,Demo Village 5 Demo Local Body,demo://photos/W-001193/completion,SYNTHETIC_PROTOTYPE,True
W-001195,2026-08-31,2026-09-02,1934000,Submitted,2026-09-07,ASSET-W-001195,Approach Road,Demo Village 23 Demo User Agency,Yes,2026-09-19,2026-09-12,Pending,,None recorded,Compliant,Demo Village 23 Demo Local Body,demo://photos/W-001195/completion,SYNTHETIC_PROTOTYPE,True
W-001197,2026-08-31,2026-09-03,3840000,Submitted,2026-10-11,ASSET-W-001197,Rural Road,Demo Village 11 Demo User Agency,Yes,2026-09-15,2026-09-29,Pending,,None recorded,Compliant,Demo Village 11 Demo Local Body,demo://photos/W-001197/completion,SYNTHETIC_PROTOTYPE,True
W-001198,2026-08-31,2026-09-04,2464000,Submitted,2026-09-29,ASSET-W-001198,Solar Water System,Demo Village 29 Demo User Agency,Yes,2026-09-13,2026-09-27,Completed,2027-01-23,None recorded,Compliant,Demo Village 29 Demo Local Body,demo://photos/W-001198/completion,SYNTHETIC_PROTOTYPE,True
W-001199,2026-08-31,2026-09-08,1484000,Submitted,2026-09-29,ASSET-W-001199,Solar Community Lighting,Demo Village 24 Demo User Agency,Yes,2026-09-03,2026-09-19,Not Due,,None recorded,Compliant,Demo Village 24 Demo Local Body,demo://photos/W-001199/completion,SYNTHETIC_PROTOTYPE,True
W-001200,2026-08-31,2026-09-09,1067000,Submitted,2026-09-22,ASSET-W-001200,Pipeline Extension,Demo Village 5 Demo User Agency,Yes,2026-09-09,2026-09-16,Not Due,,None recorded,Compliant,Demo Village 5 Demo Local Body,demo://photos/W-001200/completion,SYNTHETIC_PROTOTYPE,True
W-001201,2026-08-31,2026-09-05,1794000,Submitted,2026-09-07,ASSET-W-001201,Solar Public Facility,Demo Village 22 Demo User Agency,Yes,2026-09-02,2026-09-23,Not Due,,None recorded,Compliant,Demo Village 22 Demo Local Body,demo://photos/W-001201/completion,SYNTHETIC_PROTOTYPE,True
W-001203,2026-08-31,2026-09-07,1997000,Submitted,2026-09-25,ASSET-W-001203,Borewell,Demo Village 4 Demo User Agency,Yes,2026-09-11,2026-09-20,Completed,2027-02-01,None recorded,Compliant,Demo Village 4 Demo Local Body,demo://photos/W-001203/completion,SYNTHETIC_PROTOTYPE,True
W-001204,2026-08-31,2026-09-01,2020000,Submitted,2026-10-12,ASSET-W-001204,Borewell,Demo Village 30 Demo User Agency,Yes,2026-09-18,2026-09-16,Pending,,None recorded,Compliant,Demo Village 30 Demo Local Body,demo://photos/W-001204/completion,SYNTHETIC_PROTOTYPE,True
W-001205,2026-08-31,2026-09-08,1447000,Submitted,2026-10-09,ASSET-W-001205,Solar Public Facility,Demo Village 32 Demo User Agency,Yes,2026-09-05,2026-09-30,Completed,2027-02-18,None recorded,Compliant,Demo Village 32 Demo Local Body,demo://photos/W-001205/completion,SYNTHETIC_PROTOTYPE,True
W-001206,2026-08-31,2026-08-31,2483000,Submitted,2026-10-06,ASSET-W-001206,Public Toilet,Demo Village 6 Demo User Agency,Yes,2026-09-03,2026-09-19,Completed,2026-12-18,None recorded,Compliant,Demo Village 6 Demo Local Body,demo://photos/W-001206/completion,SYNTHETIC_PROTOTYPE,True
W-001208,2026-08-31,2026-09-07,3422000,Submitted,2026-09-16,ASSET-W-001208,Health Sub-Centre,Demo Village 23 Demo User Agency,Yes,2026-09-15,2026-09-08,Completed,2027-02-07,None recorded,Compliant,Demo Village 23 Demo Local Body,demo://photos/W-001208/completion,SYNTHETIC_PROTOTYPE,True
W-001210,2026-08-31,2026-09-07,1891000,Submitted,2026-09-30,ASSET-W-001210,Pipeline Extension,Demo Village 3 Demo User Agency,Yes,2026-09-06,2026-09-05,Pending,,None recorded,Compliant,Demo Village 3 Demo Local Body,demo://photos/W-001210/completion,SYNTHETIC_PROTOTYPE,True
W-001215,2026-08-31,2026-09-08,2207000,Submitted,2026-09-20,ASSET-W-001215,Solar Community Lighting,Demo Village 35 Demo User Agency,Yes,2026-09-20,2026-09-28,Completed,2027-01-31,None recorded,Compliant,Demo Village 35 Demo Local Body,demo://photos/W-001215/completion,SYNTHETIC_PROTOTYPE,True
W-001217,2026-08-31,2026-09-07,1655000,Submitted,2026-10-10,ASSET-W-001217,Solar Public Facility,Demo Village 9 Demo User Agency,Yes,2026-09-08,2026-09-16,Not Due,,None recorded,Compliant,Demo Village 9 Demo Local Body,demo://photos/W-001217/completion,SYNTHETIC_PROTOTYPE,True
W-001219,2026-08-31,2026-09-03,2750000,Submitted,2026-10-03,ASSET-W-001219,School Classroom,Demo Village 34 Demo User Agency,Yes,2026-09-06,2026-09-29,Completed,2026-10-18,None recorded,Compliant,Demo Village 34 Demo Local Body,demo://photos/W-001219/completion,SYNTHETIC_PROTOTYPE,True
W-001221,2026-08-31,2026-09-06,2642000,Submitted,2026-09-10,ASSET-W-001221,Sports Equipment Facility,Demo Village 22 Demo User Agency,Yes,2026-09-15,2026-09-20,Completed,2026-11-16,None recorded,Compliant,Demo Village 22 Demo Local Body,demo://photos/W-001221/completion,SYNTHETIC_PROTOTYPE,True
W-001222,2026-08-31,2026-09-01,3260000,Submitted,2026-09-25,ASSET-W-001222,Rural Road,Demo Village 2 Demo User Agency,Yes,2026-09-04,2026-09-08,Completed,2027-01-03,None recorded,Compliant,Demo Village 2 Demo Local Body,demo://photos/W-001222/completion,SYNTHETIC_PROTOTYPE,True
W-001223,2026-08-31,2026-09-08,997000,Submitted,2026-10-09,ASSET-W-001223,Library Room,Demo Village 23 Demo User Agency,Yes,2026-09-19,2026-09-19,Pending,,None recorded,Compliant,Demo Village 23 Demo Local Body,demo://photos/W-001223/completion,SYNTHETIC_PROTOTYPE,True
W-001224,2026-08-31,2026-09-09,2171000,Submitted,2026-09-30,ASSET-W-001224,Borewell,Demo Village 4 Demo User Agency,Yes,2026-09-17,2026-09-05,Completed,2026-10-19,None recorded,Compliant,Demo Village 4 Demo Local Body,demo://photos/W-001224/completion,SYNTHETIC_PROTOTYPE,True
W-001225,2026-08-31,2026-09-02,1485000,Submitted,2026-09-20,ASSET-W-001225,Small Bridge,Demo Village 31 Demo User Agency,Yes,2026-09-11,2026-09-21,Pending,,None recorded,Compliant,Demo Village 31 Demo Local Body,demo://photos/W-001225/completion,SYNTHETIC_PROTOTYPE,True
W-001226,2026-08-31,2026-09-07,940000,Submitted,2026-10-09,ASSET-W-001226,Solar Public Facility,Demo Village 31 Demo User Agency,Yes,2026-09-09,2026-09-27,Pending,,None recorded,Compliant,Demo Village 31 Demo Local Body,demo://photos/W-001226/completion,SYNTHETIC_PROTOTYPE,True
W-001227,2026-08-31,2026-09-02,1634000,Submitted,2026-10-06,ASSET-W-001227,Community Hall,Demo Village 6 Demo User Agency,Yes,2026-09-07,2026-09-18,Pending,,None recorded,Compliant,Demo Village 6 Demo Local Body,demo://photos/W-001227/completion,SYNTHETIC_PROTOTYPE,True
W-001228,2026-08-31,2026-09-05,2444000,Submitted,2026-09-07,ASSET-W-001228,Community Sanitation,Demo Village 10 Demo User Agency,Yes,2026-09-03,2026-09-17,Not Due,,None recorded,Compliant,Demo Village 10 Demo Local Body,demo://photos/W-001228/completion,SYNTHETIC_PROTOTYPE,True
W-001233,2026-08-31,2026-09-10,1530000,Submitted,2026-09-16,ASSET-W-001233,Water Tank,Demo Village 21 Demo User Agency,Yes,2026-09-02,2026-09-01,Completed,2027-02-01,None recorded,Compliant,Demo Village 21 Demo Local Body,demo://photos/W-001233/completion,SYNTHETIC_PROTOTYPE,True
W-001234,2026-08-31,2026-09-05,1104000,Submitted,2026-09-21,ASSET-W-001234,Playground Development,Demo Village 3 Demo User Agency,Yes,2026-09-09,2026-09-04,Pending,,None recorded,Compliant,Demo Village 3 Demo Local Body,demo://photos/W-001234/completion,SYNTHETIC_PROTOTYPE,True
W-001235,2026-08-31,2026-09-07,924000,Submitted,2026-09-24,ASSET-W-001235,Solar Street Lights,Demo Village 33 Demo User Agency,Yes,2026-09-18,2026-09-22,Pending,,None recorded,Compliant,Demo Village 33 Demo Local Body,demo://photos/W-001235/completion,SYNTHETIC_PROTOTYPE,True
W-001236,2026-08-31,2026-09-08,3873000,Submitted,2026-09-07,ASSET-W-001236,Community Hall,Demo Village 31 Demo User Agency,Yes,2026-09-02,2026-09-30,Pending,,None recorded,Compliant,Demo Village 31 Demo Local Body,demo://photos/W-001236/completion,SYNTHETIC_PROTOTYPE,True
W-001237,2026-08-31,2026-09-01,943000,Submitted,2026-09-27,ASSET-W-001237,Library Room,Demo Village 29 Demo User Agency,Yes,2026-09-17,2026-09-25,Pending,,None recorded,Compliant,Demo Village 29 Demo Local Body,demo://photos/W-001237/completion,SYNTHETIC_PROTOTYPE,True
W-001238,2026-08-31,2026-09-09,2232000,Submitted,2026-09-14,ASSET-W-001238,Rural Road,Demo Village 21 Demo User Agency,Yes,2026-09-08,2026-09-21,Pending,,None recorded,Compliant,Demo Village 21 Demo Local Body,demo://photos/W-001238/completion,SYNTHETIC_PROTOTYPE,True
W-001239,2026-08-31,2026-09-10,1050000,Submitted,2026-09-27,ASSET-W-001239,Indoor Sports Hall,Demo Village 2 Demo User Agency,Yes,2026-09-16,2026-09-13,Completed,2026-12-24,None recorded,Compliant,Demo Village 2 Demo Local Body,demo://photos/W-001239/completion,SYNTHETIC_PROTOTYPE,True
W-001240,2026-08-31,2026-08-31,1421000,Submitted,2026-09-07,ASSET-W-001240,Anganwadi Building,Demo Village 15 Demo User Agency,Yes,2026-09-20,2026-09-19,Completed,2026-12-14,None recorded,Compliant,Demo Village 15 Demo Local Body,demo://photos/W-001240/completion,SYNTHETIC_PROTOTYPE,True
W-001241,2026-08-31,2026-09-04,2649000,Submitted,2026-09-07,ASSET-W-001241,Sports Equipment Facility,Demo Village 3 Demo User Agency,Yes,2026-09-07,2026-09-26,Completed,2026-12-29,None recorded,Compliant,Demo Village 3 Demo Local Body,demo://photos/W-001241/completion,SYNTHETIC_PROTOTYPE,True
W-001242,2026-08-31,2026-09-01,3270000,Submitted,2026-09-06,ASSET-W-001242,Library Room,Demo Village 23 Demo User Agency,Yes,2026-09-15,2026-09-19,Completed,2027-02-01,None recorded,Compliant,Demo Village 23 Demo Local Body,demo://photos/W-001242/completion,SYNTHETIC_PROTOTYPE,True
W-001243,2026-08-31,2026-08-31,648000,Submitted,2026-09-23,ASSET-W-001243,RO Water Plant,Demo Village 24 Demo User Agency,Yes,2026-09-13,2026-09-19,Completed,2027-02-14,None recorded,Compliant,Demo Village 24 Demo Local Body,demo://photos/W-001243/completion,SYNTHETIC_PROTOTYPE,True
W-001244,2026-08-31,2026-08-31,2563000,Submitted,2026-10-07,ASSET-W-001244,School Classroom,Demo Village 15 Demo User Agency,Yes,2026-09-20,2026-09-18,Completed,2027-01-30,None recorded,Compliant,Demo Village 15 Demo Local Body,demo://photos/W-001244/completion,SYNTHETIC_PROTOTYPE,True
W-001245,2026-08-31,2026-09-05,3039000,Submitted,2026-09-30,ASSET-W-001245,Bus Shelter,Demo Village 33 Demo User Agency,Yes,2026-09-15,2026-09-21,Pending,,None recorded,Compliant,Demo Village 33 Demo Local Body,demo://photos/W-001245/completion,SYNTHETIC_PROTOTYPE,True
W-001246,2026-08-31,2026-09-09,2625000,Submitted,2026-10-07,ASSET-W-001246,Sports Equipment Facility,Demo Village 2 Demo User Agency,Yes,2026-09-05,2026-09-09,Not Due,,None recorded,Compliant,Demo Village 2 Demo Local Body,demo://photos/W-001246/completion,SYNTHETIC_PROTOTYPE,True
W-001247,2026-08-31,2026-09-02,778000,Submitted,2026-09-25,ASSET-W-001247,Solar Street Lights,Demo Village 7 Demo User Agency,Yes,2026-09-07,2026-09-01,Pending,,None recorded,Compliant,Demo Village 7 Demo Local Body,demo://photos/W-001247/completion,SYNTHETIC_PROTOTYPE,True
W-001248,2026-08-31,2026-09-07,3714000,Submitted,2026-09-30,ASSET-W-001248,Anganwadi Building,Demo Village 11 Demo User Agency,Yes,2026-09-14,2026-09-16,Completed,2027-01-21,None recorded,Compliant,Demo Village 11 Demo Local Body,demo://photos/W-001248/completion,SYNTHETIC_PROTOTYPE,True
W-001250,2026-08-31,2026-08-31,2905000,Submitted,2026-10-07,ASSET-W-001250,Bus Shelter,Demo Village 14 Demo User Agency,Yes,2026-09-05,2026-09-25,Pending,,None recorded,Compliant,Demo Village 14 Demo Local Body,demo://photos/W-001250/completion,SYNTHETIC_PROTOTYPE,True
W-001253,2026-08-31,2026-09-09,1943000,Submitted,2026-10-02,ASSET-W-001253,Rural Road,Demo Village 29 Demo User Agency,Yes,2026-09-18,2026-09-19,Completed,2027-02-12,None recorded,Compliant,Demo Village 29 Demo Local Body,demo://photos/W-001253/completion,SYNTHETIC_PROTOTYPE,True
W-001254,2026-08-31,2026-09-09,2595000,Submitted,2026-09-23,ASSET-W-001254,Rural Road,Demo Village 33 Demo User Agency,Yes,2026-09-03,2026-09-11,Pending,,None recorded,Compliant,Demo Village 33 Demo Local Body,demo://photos/W-001254/completion,SYNTHETIC_PROTOTYPE,True
W-001256,2026-08-31,2026-09-03,2957000,Submitted,2026-09-19,ASSET-W-001256,Health Sub-Centre,Demo Village 21 Demo User Agency,Yes,2026-09-07,2026-09-19,Completed,2026-12-23,None recorded,Compliant,Demo Village 21 Demo Local Body,demo://photos/W-001256/completion,SYNTHETIC_PROTOTYPE,True
W-001257,2026-08-31,2026-09-01,2847000,Submitted,2026-10-13,ASSET-W-001257,School Toilet,Demo Village 33 Demo User Agency,Yes,2026-09-01,2026-09-03,Pending,,None recorded,Compliant,Demo Village 33 Demo Local Body,demo://photos/W-001257/completion,SYNTHETIC_PROTOTYPE,True
W-001258,2026-08-31,2026-09-03,3255000,Submitted,2026-10-07,ASSET-W-001258,Anganwadi Building,Demo Village 8 Demo User Agency,Yes,2026-09-11,2026-09-17,Pending,,None recorded,Compliant,Demo Village 8 Demo Local Body,demo://photos/W-001258/completion,SYNTHETIC_PROTOTYPE,True
W-001263,2026-08-31,2026-09-05,1266000,Submitted,2026-10-02,ASSET-W-001263,Solid Waste Shed,Demo Village 35 Demo User Agency,Yes,2026-09-01,2026-09-17,Pending,,None recorded,Compliant,Demo Village 35 Demo Local Body,demo://photos/W-001263/completion,SYNTHETIC_PROTOTYPE,True
W-001267,2026-08-31,2026-09-10,1580000,Submitted,2026-09-15,ASSET-W-001267,Sports Equipment Facility,Demo Village 19 Demo User Agency,Yes,2026-09-18,2026-09-23,Completed,2026-10-21,None recorded,Compliant,Demo Village 19 Demo Local Body,demo://photos/W-001267/completion,SYNTHETIC_PROTOTYPE,True
W-001268,2026-08-31,2026-09-01,1982000,Submitted,2026-10-11,ASSET-W-001268,Borewell,Demo Village 31 Demo User Agency,Yes,2026-09-07,2026-09-01,Completed,2026-11-18,None recorded,Compliant,Demo Village 31 Demo Local Body,demo://photos/W-001268/completion,SYNTHETIC_PROTOTYPE,True
W-001269,2026-08-31,2026-09-07,3867000,Submitted,2026-10-08,ASSET-W-001269,Approach Road,Demo Village 18 Demo User Agency,Yes,2026-09-14,2026-09-22,Completed,2026-11-10,None recorded,Compliant,Demo Village 18 Demo Local Body,demo://photos/W-001269/completion,SYNTHETIC_PROTOTYPE,True
W-001271,2026-08-31,2026-09-03,1881000,Submitted,2026-10-13,ASSET-W-001271,Public Toilet,Demo Village 1 Demo User Agency,Yes,2026-09-15,2026-09-25,Completed,2026-11-08,None recorded,Compliant,Demo Village 1 Demo Local Body,demo://photos/W-001271/completion,SYNTHETIC_PROTOTYPE,True
W-001272,2026-08-31,2026-09-03,2969000,Submitted,2026-09-16,ASSET-W-001272,PHC Equipment Room,Demo Village 26 Demo User Agency,Yes,2026-09-03,2026-09-19,Not Due,,None recorded,Compliant,Demo Village 26 Demo Local Body,demo://photos/W-001272/completion,SYNTHETIC_PROTOTYPE,True
W-001273,2026-08-31,2026-09-04,1414000,Submitted,2026-10-07,ASSET-W-001273,Sports Equipment Facility,Demo Village 27 Demo User Agency,Yes,2026-09-14,2026-09-11,Completed,2027-02-08,None recorded,Compliant,Demo Village 27 Demo Local Body,demo://photos/W-001273/completion,SYNTHETIC_PROTOTYPE,True
W-001274,2026-08-31,2026-09-09,3293000,Submitted,2026-09-19,ASSET-W-001274,Health Sub-Centre,Demo Village 15 Demo User Agency,Yes,2026-09-09,2026-09-27,Pending,,None recorded,Compliant,Demo Village 15 Demo Local Body,demo://photos/W-001274/completion,SYNTHETIC_PROTOTYPE,True
W-001277,2026-08-31,2026-09-02,1532000,Submitted,2026-09-13,ASSET-W-001277,Health Sub-Centre,Demo Village 17 Demo User Agency,Yes,2026-09-07,2026-09-04,Completed,2026-12-11,None recorded,Compliant,Demo Village 17 Demo Local Body,demo://photos/W-001277/completion,SYNTHETIC_PROTOTYPE,True
W-001278,2026-08-31,2026-09-05,2504000,Submitted,2026-10-01,ASSET-W-001278,Digital Classroom,Demo Village 14 Demo User Agency,Yes,2026-09-02,2026-09-23,Not Due,,None recorded,Compliant,Demo Village 14 Demo Local Body,demo://photos/W-001278/completion,SYNTHETIC_PROTOTYPE,True
W-001279,2026-08-31,2026-09-09,1858000,Submitted,2026-10-04,ASSET-W-001279,Open Gym,Demo Village 18 Demo User Agency,Yes,2026-09-11,2026-09-17,Not Due,,None recorded,Compliant,Demo Village 18 Demo Local Body,demo://photos/W-001279/completion,SYNTHETIC_PROTOTYPE,True
W-001280,2026-08-31,2026-09-05,1536000,Submitted,2026-10-09,ASSET-W-001280,Solar Water System,Demo Village 5 Demo User Agency,Yes,2026-09-03,2026-09-20,Completed,2026-10-28,None recorded,Compliant,Demo Village 5 Demo Local Body,demo://photos/W-001280/completion,SYNTHETIC_PROTOTYPE,True
W-001281,2026-08-31,2026-09-03,3734000,Submitted,2026-10-11,ASSET-W-001281,Small Bridge,Demo Village 31 Demo User Agency,Yes,2026-09-05,2026-09-07,Not Due,,None recorded,Compliant,Demo Village 31 Demo Local Body,demo://photos/W-001281/completion,SYNTHETIC_PROTOTYPE,True
W-001282,2026-08-31,2026-09-02,2046000,Submitted,2026-09-07,ASSET-W-001282,Library Room,Demo Village 4 Demo User Agency,Yes,2026-09-13,2026-09-03,Not Due,,None recorded,Compliant,Demo Village 4 Demo Local Body,demo://photos/W-001282/completion,SYNTHETIC_PROTOTYPE,True
W-001284,2026-08-31,2026-08-31,1820000,Submitted,2026-09-23,ASSET-W-001284,Public Health Facility,Demo Village 1 Demo User Agency,Yes,2026-09-06,2026-09-20,Completed,2027-01-10,None recorded,Compliant,Demo Village 1 Demo Local Body,demo://photos/W-001284/completion,SYNTHETIC_PROTOTYPE,True
W-001285,2026-08-31,2026-09-04,2753000,Submitted,2026-10-09,ASSET-W-001285,Anganwadi Building,Demo Village 21 Demo User Agency,Yes,2026-09-09,2026-09-20,Pending,,None recorded,Compliant,Demo Village 21 Demo Local Body,demo://photos/W-001285/completion,SYNTHETIC_PROTOTYPE,True
W-001286,2026-08-31,2026-09-08,822000,Submitted,2026-09-30,ASSET-W-001286,Solar Community Lighting,Demo Village 31 Demo User Agency,Yes,2026-09-20,2026-09-27,Pending,,None recorded,Compliant,Demo Village 31 Demo Local Body,demo://photos/W-001286/completion,SYNTHETIC_PROTOTYPE,True
W-001288,2026-08-31,2026-09-09,1143000,Submitted,2026-09-11,ASSET-W-001288,Public Toilet,Demo Village 22 Demo User Agency,Yes,2026-09-02,2026-09-04,Pending,,None recorded,Compliant,Demo Village 22 Demo Local Body,demo://photos/W-001288/completion,SYNTHETIC_PROTOTYPE,True
W-001289,2026-08-31,2026-09-06,1278000,Submitted,2026-09-23,ASSET-W-001289,Approach Road,Demo Village 6 Demo User Agency,Yes,2026-09-10,2026-09-21,Completed,2026-11-23,None recorded,Compliant,Demo Village 6 Demo Local Body,demo://photos/W-001289/completion,SYNTHETIC_PROTOTYPE,True
W-001291,2026-08-31,2026-09-06,1604000,Submitted,2026-10-12,ASSET-W-001291,PHC Equipment Room,Demo Village 14 Demo User Agency,Yes,2026-09-01,2026-09-28,Completed,2027-02-11,None recorded,Compliant,Demo Village 14 Demo Local Body,demo://photos/W-001291/completion,SYNTHETIC_PROTOTYPE,True
W-001292,2026-08-31,2026-09-06,2329000,Submitted,2026-09-05,ASSET-W-001292,Borewell,Demo Village 4 Demo User Agency,Yes,2026-09-11,2026-09-17,Pending,,None recorded,Compliant,Demo Village 4 Demo Local Body,demo://photos/W-001292/completion,SYNTHETIC_PROTOTYPE,True
W-001293,2026-08-31,2026-09-10,1676000,Submitted,2026-09-30,ASSET-W-001293,Pipeline Extension,Demo Village 29 Demo User Agency,Yes,2026-09-05,2026-09-11,Pending,,None recorded,Compliant,Demo Village 29 Demo Local Body,demo://photos/W-001293/completion,SYNTHETIC_PROTOTYPE,True
W-001294,2026-08-31,2026-09-10,2472000,Submitted,2026-09-21,ASSET-W-001294,Community Sanitation,Demo Village 18 Demo User Agency,Yes,2026-09-06,2026-09-10,Pending,,None recorded,Compliant,Demo Village 18 Demo Local Body,demo://photos/W-001294/completion,SYNTHETIC_PROTOTYPE,True
W-001295,2026-08-31,2026-09-07,1412000,Submitted,2026-09-15,ASSET-W-001295,Solid Waste Shed,Demo Village 32 Demo User Agency,Yes,2026-09-02,2026-09-11,Completed,2026-10-01,None recorded,Compliant,Demo Village 32 Demo Local Body,demo://photos/W-001295/completion,SYNTHETIC_PROTOTYPE,True
W-001296,2026-08-31,2026-09-09,1203000,Submitted,2026-09-30,ASSET-W-001296,Indoor Sports Hall,Demo Village 22 Demo User Agency,Yes,2026-09-18,2026-09-26,Completed,2027-02-15,None recorded,Compliant,Demo Village 22 Demo Local Body,demo://photos/W-001296/completion,SYNTHETIC_PROTOTYPE,True
W-001297,2026-08-31,2026-09-03,1770000,Submitted,2026-10-04,ASSET-W-001297,Public Waiting Hall,Demo Village 4 Demo User Agency,Yes,2026-09-01,2026-09-18,Not Due,,None recorded,Compliant,Demo Village 4 Demo Local Body,demo://photos/W-001297/completion,SYNTHETIC_PROTOTYPE,True
W-001298,2026-08-31,2026-09-06,1853000,Submitted,2026-09-18,ASSET-W-001298,Public Health Facility,Demo Village 7 Demo User Agency,Yes,2026-09-03,2026-09-07,Pending,,None recorded,Compliant,Demo Village 7 Demo Local Body,demo://photos/W-001298/completion,SYNTHETIC_PROTOTYPE,True
W-001300,2026-08-31,2026-09-02,1380000,Submitted,2026-09-16,ASSET-W-001300,School Classroom,Demo Village 30 Demo User Agency,Yes,2026-09-10,2026-09-08,Completed,2026-11-05,None recorded,Compliant,Demo Village 30 Demo Local Body,demo://photos/W-001300/completion,SYNTHETIC_PROTOTYPE,True
W-001301,2026-08-31,2026-09-07,2074000,Submitted,2026-09-23,ASSET-W-001301,Solar Community Lighting,Demo Village 29 Demo User Agency,Yes,2026-09-08,2026-09-21,Not Due,,None recorded,Compliant,Demo Village 29 Demo Local Body,demo://photos/W-001301/completion,SYNTHETIC_PROTOTYPE,True
W-001304,2026-08-31,2026-08-31,1939000,Submitted,2026-09-27,ASSET-W-001304,PHC Equipment Room,Demo Village 27 Demo User Agency,Yes,2026-09-13,2026-09-05,Pending,,None recorded,Compliant,Demo Village 27 Demo Local Body,demo://photos/W-001304/completion,SYNTHETIC_PROTOTYPE,True
W-001307,2026-08-31,2026-09-06,1509000,Submitted,2026-09-18,ASSET-W-001307,School Toilet,Demo Village 16 Demo User Agency,Yes,2026-09-20,2026-09-23,Pending,,None recorded,Compliant,Demo Village 16 Demo Local Body,demo://photos/W-001307/completion,SYNTHETIC_PROTOTYPE,True
W-001308,2026-08-31,2026-09-10,3665000,Submitted,2026-10-07,ASSET-W-001308,School Toilet,Demo Village 16 Demo User Agency,Yes,2026-09-02,2026-09-23,Completed,2026-12-12,None recorded,Compliant,Demo Village 16 Demo Local Body,demo://photos/W-001308/completion,SYNTHETIC_PROTOTYPE,True
W-001309,2026-08-31,2026-09-04,1553000,Submitted,2026-09-15,ASSET-W-001309,Solar Street Lights,Demo Village 16 Demo User Agency,Yes,2026-09-02,2026-09-17,Pending,,None recorded,Compliant,Demo Village 16 Demo Local Body,demo://photos/W-001309/completion,SYNTHETIC_PROTOTYPE,True
W-001310,2026-08-31,2026-09-05,2137000,Submitted,2026-10-01,ASSET-W-001310,Public Toilet,Demo Village 7 Demo User Agency,Yes,2026-09-19,2026-09-20,Completed,2027-02-02,None recorded,Compliant,Demo Village 7 Demo Local Body,demo://photos/W-001310/completion,SYNTHETIC_PROTOTYPE,True
W-001311,2026-08-31,2026-08-31,2083000,Submitted,2026-09-13,ASSET-W-001311,PHC Equipment Room,Demo Village 12 Demo User Agency,Yes,2026-09-19,2026-09-17,Not Due,,None recorded,Compliant,Demo Village 12 Demo Local Body,demo://photos/W-001311/completion,SYNTHETIC_PROTOTYPE,True
W-001312,2026-08-31,2026-09-06,1559000,Submitted,2026-09-18,ASSET-W-001312,Digital Classroom,Demo Village 23 Demo User Agency,Yes,2026-09-14,2026-09-17,Not Due,,None recorded,Compliant,Demo Village 23 Demo Local Body,demo://photos/W-001312/completion,SYNTHETIC_PROTOTYPE,True
W-001313,2026-08-31,2026-09-07,2397000,Submitted,2026-10-13,ASSET-W-001313,Pipeline Extension,Demo Village 12 Demo User Agency,Yes,2026-09-04,2026-09-27,Completed,2027-02-17,None recorded,Compliant,Demo Village 12 Demo Local Body,demo://photos/W-001313/completion,SYNTHETIC_PROTOTYPE,True
W-001315,2026-08-31,2026-09-09,931000,Submitted,2026-09-14,ASSET-W-001315,Health Sub-Centre,Demo Village 24 Demo User Agency,Yes,2026-09-19,2026-09-20,Not Due,,None recorded,Compliant,Demo Village 24 Demo Local Body,demo://photos/W-001315/completion,SYNTHETIC_PROTOTYPE,True
W-001316,2026-08-31,2026-09-01,1237000,Submitted,2026-10-05,ASSET-W-001316,Public Toilet,Demo Village 28 Demo User Agency,Yes,2026-09-17,2026-09-17,Completed,2027-01-31,None recorded,Compliant,Demo Village 28 Demo Local Body,demo://photos/W-001316/completion,SYNTHETIC_PROTOTYPE,True
W-001321,2026-08-31,2026-09-07,1677000,Submitted,2026-09-06,ASSET-W-001321,Solid Waste Shed,Demo Village 32 Demo User Agency,Yes,2026-09-14,2026-09-08,Completed,2027-01-22,None recorded,Compliant,Demo Village 32 Demo Local Body,demo://photos/W-001321/completion,SYNTHETIC_PROTOTYPE,True
W-001324,2026-08-31,2026-09-02,1703000,Submitted,2026-10-02,ASSET-W-001324,Public Health Facility,Demo Village 10 Demo User Agency,Yes,2026-09-06,2026-09-15,Completed,2026-10-21,None recorded,Compliant,Demo Village 10 Demo Local Body,demo://photos/W-001324/completion,SYNTHETIC_PROTOTYPE,True
W-001325,2026-08-31,2026-09-08,652000,Submitted,2026-09-10,ASSET-W-001325,Public Toilet,Demo Village 21 Demo User Agency,Yes,2026-09-15,2026-09-22,Not Due,,None recorded,Compliant,Demo Village 21 Demo Local Body,demo://photos/W-001325/completion,SYNTHETIC_PROTOTYPE,True
W-001326,2026-08-31,2026-09-10,757000,Submitted,2026-09-08,ASSET-W-001326,School Classroom,Demo Village 15 Demo User Agency,Yes,2026-09-03,2026-09-27,Pending,,None recorded,Compliant,Demo Village 15 Demo Local Body,demo://photos/W-001326/completion,SYNTHETIC_PROTOTYPE,True
W-001327,2026-08-31,2026-09-02,3386000,Submitted,2026-09-21,ASSET-W-001327,Ambulance Shelter,Demo Village 8 Demo User Agency,Yes,2026-09-09,2026-09-29,Not Due,,None recorded,Compliant,Demo Village 8 Demo Local Body,demo://photos/W-001327/completion,SYNTHETIC_PROTOTYPE,True
W-001328,2026-08-31,2026-09-01,4167000,Submitted,2026-09-17,ASSET-W-001328,CC Road,Demo Village 25 Demo User Agency,Yes,2026-09-04,2026-09-17,Completed,2026-11-23,None recorded,Compliant,Demo Village 25 Demo Local Body,demo://photos/W-001328/completion,SYNTHETIC_PROTOTYPE,True
W-001329,2026-08-31,2026-09-04,1113000,Not Submitted,,ASSET-W-001329,Anganwadi Building,Demo Village 15 Demo User Agency,No,2026-09-11,2026-09-27,Pending,,Documentation / closure review,Review Required,Demo Village 15 Demo Local Body,demo://photos/W-001329/completion,SYNTHETIC_PROTOTYPE,True
W-001330,2026-08-31,2026-09-01,1570000,Submitted,2026-10-09,ASSET-W-001330,Solid Waste Shed,Demo Village 4 Demo User Agency,Yes,2026-09-05,2026-09-22,Not Due,,None recorded,Compliant,Demo Village 4 Demo Local Body,demo://photos/W-001330/completion,SYNTHETIC_PROTOTYPE,True
W-001332,2026-08-31,2026-09-09,2730000,Submitted,2026-09-12,ASSET-W-001332,Community Sanitation,Demo Village 30 Demo User Agency,Yes,2026-09-16,2026-09-03,Completed,2026-10-28,None recorded,Compliant,Demo Village 30 Demo Local Body,demo://photos/W-001332/completion,SYNTHETIC_PROTOTYPE,True
W-001333,2026-08-31,2026-09-01,1599000,Submitted,2026-09-17,ASSET-W-001333,School Toilet,Demo Village 25 Demo User Agency,Yes,2026-09-15,2026-09-10,Completed,2026-10-16,None recorded,Compliant,Demo Village 25 Demo Local Body,demo://photos/W-001333/completion,SYNTHETIC_PROTOTYPE,True
W-001334,2026-08-31,2026-09-08,1826000,Submitted,2026-09-15,ASSET-W-001334,Public Toilet,Demo Village 28 Demo User Agency,Yes,2026-09-09,2026-09-11,Pending,,None recorded,Compliant,Demo Village 28 Demo Local Body,demo://photos/W-001334/completion,SYNTHETIC_PROTOTYPE,True
W-001335,2026-08-31,2026-08-31,4604000,Submitted,2026-09-12,ASSET-W-001335,Small Bridge,Demo Village 7 Demo User Agency,Yes,2026-09-09,2026-09-27,Pending,,None recorded,Compliant,Demo Village 7 Demo Local Body,demo://photos/W-001335/completion,SYNTHETIC_PROTOTYPE,True
W-001337,2026-08-31,2026-09-06,4582000,Submitted,2026-09-08,ASSET-W-001337,Public Health Facility,Demo Village 15 Demo User Agency,Yes,2026-09-06,2026-09-17,Not Due,,None recorded,Compliant,Demo Village 15 Demo Local Body,demo://photos/W-001337/completion,SYNTHETIC_PROTOTYPE,True
W-001338,2026-08-31,2026-09-07,1485000,Submitted,2026-09-18,ASSET-W-001338,Solar Community Lighting,Demo Village 20 Demo User Agency,Yes,2026-09-06,2026-09-08,Pending,,None recorded,Compliant,Demo Village 20 Demo Local Body,demo://photos/W-001338/completion,SYNTHETIC_PROTOTYPE,True
W-001340,2026-08-31,2026-09-01,4485000,Submitted,2026-10-09,ASSET-W-001340,Approach Road,Demo Village 11 Demo User Agency,Yes,2026-09-11,2026-09-12,Pending,,None recorded,Compliant,Demo Village 11 Demo Local Body,demo://photos/W-001340/completion,SYNTHETIC_PROTOTYPE,True
W-001341,2026-08-31,2026-09-05,1738000,Submitted,2026-09-12,ASSET-W-001341,Sports Equipment Facility,Demo Village 1 Demo User Agency,Yes,2026-09-04,2026-09-09,Not Due,,None recorded,Compliant,Demo Village 1 Demo Local Body,demo://photos/W-001341/completion,SYNTHETIC_PROTOTYPE,True
W-001342,2026-08-31,2026-09-09,1883000,Submitted,2026-10-15,ASSET-W-001342,Bus Shelter,Demo Village 9 Demo User Agency,Yes,2026-09-14,2026-09-02,Not Due,,None recorded,Compliant,Demo Village 9 Demo Local Body,demo://photos/W-001342/completion,SYNTHETIC_PROTOTYPE,True
W-001343,2026-08-31,2026-09-10,2492000,Submitted,2026-09-12,ASSET-W-001343,Solar Community Lighting,Demo Village 1 Demo User Agency,Yes,2026-09-11,2026-09-10,Pending,,None recorded,Compliant,Demo Village 1 Demo Local Body,demo://photos/W-001343/completion,SYNTHETIC_PROTOTYPE,True
W-001344,2026-08-31,2026-09-06,2089000,Submitted,2026-09-06,ASSET-W-001344,Borewell,Demo Village 31 Demo User Agency,Yes,2026-09-09,2026-09-20,Completed,2027-01-31,None recorded,Compliant,Demo Village 31 Demo Local Body,demo://photos/W-001344/completion,SYNTHETIC_PROTOTYPE,True
W-001348,2026-08-31,2026-09-04,2881000,Submitted,2026-10-15,ASSET-W-001348,Water Tank,Demo Village 14 Demo User Agency,Yes,2026-09-08,2026-09-10,Pending,,None recorded,Compliant,Demo Village 14 Demo Local Body,demo://photos/W-001348/completion,SYNTHETIC_PROTOTYPE,True
W-001349,2026-08-31,2026-09-08,3293000,Submitted,2026-10-02,ASSET-W-001349,School Toilet,Demo Village 12 Demo User Agency,Yes,2026-09-01,2026-09-22,Completed,2026-11-16,None recorded,Compliant,Demo Village 12 Demo Local Body,demo://photos/W-001349/completion,SYNTHETIC_PROTOTYPE,True
W-001350,2026-08-31,2026-09-08,2141000,Submitted,2026-09-26,ASSET-W-001350,Drainage,Demo Village 32 Demo User Agency,Yes,2026-09-06,2026-09-07,Pending,,None recorded,Compliant,Demo Village 32 Demo Local Body,demo://photos/W-001350/completion,SYNTHETIC_PROTOTYPE,True
W-001352,2026-08-31,2026-09-10,1295000,Submitted,2026-09-06,ASSET-W-001352,Solar Street Lights,Demo Village 23 Demo User Agency,Yes,2026-09-14,2026-09-18,Pending,,None recorded,Compliant,Demo Village 23 Demo Local Body,demo://photos/W-001352/completion,SYNTHETIC_PROTOTYPE,True
W-001353,2026-08-31,2026-09-05,2708000,Submitted,2026-09-28,ASSET-W-001353,Sports Equipment Facility,Demo Village 15 Demo User Agency,Yes,2026-09-08,2026-09-16,Pending,,None recorded,Compliant,Demo Village 15 Demo Local Body,demo://photos/W-001353/completion,SYNTHETIC_PROTOTYPE,True
W-001354,2026-08-31,2026-09-05,3769000,Submitted,2026-10-15,ASSET-W-001354,Bus Shelter,Demo Village 13 Demo User Agency,Yes,2026-09-07,2026-09-06,Not Due,,None recorded,Compliant,Demo Village 13 Demo Local Body,demo://photos/W-001354/completion,SYNTHETIC_PROTOTYPE,True
W-001355,2026-08-31,2026-09-01,1032000,Submitted,2026-09-11,ASSET-W-001355,Public Toilet,Demo Village 28 Demo User Agency,Yes,2026-09-12,2026-09-04,Pending,,None recorded,Compliant,Demo Village 28 Demo Local Body,demo://photos/W-001355/completion,SYNTHETIC_PROTOTYPE,True
W-001357,2026-08-31,2026-09-10,3095000,Submitted,2026-09-26,ASSET-W-001357,Anganwadi Building,Demo Village 11 Demo User Agency,Yes,2026-09-04,2026-09-19,Not Due,,None recorded,Compliant,Demo Village 11 Demo Local Body,demo://photos/W-001357/completion,SYNTHETIC_PROTOTYPE,True
W-001358,2026-08-31,2026-09-05,2542000,Submitted,2026-09-21,ASSET-W-001358,Community Hall,Demo Village 11 Demo User Agency,Yes,2026-09-01,2026-09-19,Not Due,,None recorded,Compliant,Demo Village 11 Demo Local Body,demo://photos/W-001358/completion,SYNTHETIC_PROTOTYPE,True
W-001359,2026-08-31,2026-09-07,1942000,Submitted,2026-10-09,ASSET-W-001359,Water Tank,Demo Village 22 Demo User Agency,Yes,2026-09-07,2026-09-09,Pending,,None recorded,Compliant,Demo Village 22 Demo Local Body,demo://photos/W-001359/completion,SYNTHETIC_PROTOTYPE,True
W-001360,2026-08-31,2026-09-08,1449000,Submitted,2026-10-08,ASSET-W-001360,Borewell,Demo Village 15 Demo User Agency,Yes,2026-09-01,2026-09-01,Not Due,,None recorded,Compliant,Demo Village 15 Demo Local Body,demo://photos/W-001360/completion,SYNTHETIC_PROTOTYPE,True
W-001362,2026-08-31,2026-09-10,1718000,Submitted,2026-09-30,ASSET-W-001362,Solid Waste Shed,Demo Village 25 Demo User Agency,Yes,2026-09-04,2026-09-07,Pending,,None recorded,Compliant,Demo Village 25 Demo Local Body,demo://photos/W-001362/completion,SYNTHETIC_PROTOTYPE,True
W-001363,2026-08-31,2026-09-08,1795000,Submitted,2026-09-26,ASSET-W-001363,Indoor Sports Hall,Demo Village 18 Demo User Agency,Yes,2026-09-18,2026-09-23,Not Due,,None recorded,Compliant,Demo Village 18 Demo Local Body,demo://photos/W-001363/completion,SYNTHETIC_PROTOTYPE,True
W-001364,2026-08-31,2026-09-03,1204000,Submitted,2026-09-10,ASSET-W-001364,Pipeline Extension,Demo Village 2 Demo User Agency,Yes,2026-09-18,2026-09-15,Completed,2027-02-23,None recorded,Compliant,Demo Village 2 Demo Local Body,demo://photos/W-001364/completion,SYNTHETIC_PROTOTYPE,True
W-001367,2026-08-31,2026-09-10,2356000,Submitted,2026-09-13,ASSET-W-001367,Bus Shelter,Demo Village 31 Demo User Agency,Yes,2026-09-10,2026-09-05,Completed,2026-11-01,None recorded,Compliant,Demo Village 31 Demo Local Body,demo://photos/W-001367/completion,SYNTHETIC_PROTOTYPE,True
W-001368,2026-08-31,2026-09-03,3973000,Submitted,2026-09-06,ASSET-W-001368,Approach Road,Demo Village 8 Demo User Agency,Yes,2026-09-03,2026-09-24,Pending,,None recorded,Compliant,Demo Village 8 Demo Local Body,demo://photos/W-001368/completion,SYNTHETIC_PROTOTYPE,True
W-001370,2026-08-31,2026-09-10,3652000,Submitted,2026-09-28,ASSET-W-001370,Ambulance Shelter,Demo Village 3 Demo User Agency,Yes,2026-09-18,2026-09-17,Not Due,,None recorded,Compliant,Demo Village 3 Demo Local Body,demo://photos/W-001370/completion,SYNTHETIC_PROTOTYPE,True
W-001372,2026-08-31,2026-09-07,1871000,Submitted,2026-10-12,ASSET-W-001372,Sports Equipment Facility,Demo Village 17 Demo User Agency,Yes,2026-09-12,2026-09-12,Pending,,None recorded,Compliant,Demo Village 17 Demo Local Body,demo://photos/W-001372/completion,SYNTHETIC_PROTOTYPE,True
W-001377,2026-08-31,2026-09-06,1238000,Submitted,2026-09-06,ASSET-W-001377,Bus Shelter,Demo Village 29 Demo User Agency,Yes,2026-09-11,2026-09-27,Pending,,None recorded,Compliant,Demo Village 29 Demo Local Body,demo://photos/W-001377/completion,SYNTHETIC_PROTOTYPE,True
W-001379,2026-08-31,2026-09-02,2013000,Submitted,2026-10-03,ASSET-W-001379,Open Gym,Demo Village 15 Demo User Agency,Yes,2026-09-11,2026-09-03,Pending,,None recorded,Compliant,Demo Village 15 Demo Local Body,demo://photos/W-001379/completion,SYNTHETIC_PROTOTYPE,True
W-001380,2026-08-31,2026-09-07,1435000,Submitted,2026-10-04,ASSET-W-001380,Approach Road,Demo Village 15 Demo User Agency,Yes,2026-09-07,2026-09-13,Completed,2027-01-18,None recorded,Compliant,Demo Village 15 Demo Local Body,demo://photos/W-001380/completion,SYNTHETIC_PROTOTYPE,True
W-001381,2026-08-31,2026-09-09,1605000,Submitted,2026-09-14,ASSET-W-001381,Small Bridge,Demo Village 19 Demo User Agency,Yes,2026-09-06,2026-09-11,Completed,2026-12-16,None recorded,Compliant,Demo Village 19 Demo Local Body,demo://photos/W-001381/completion,SYNTHETIC_PROTOTYPE,True
W-001383,2026-08-31,2026-09-08,1715000,Submitted,2026-09-09,ASSET-W-001383,Digital Classroom,Demo Village 23 Demo User Agency,Yes,2026-09-04,2026-09-19,Pending,,None recorded,Compliant,Demo Village 23 Demo Local Body,demo://photos/W-001383/completion,SYNTHETIC_PROTOTYPE,True
W-001384,2026-08-31,2026-09-04,1053000,Submitted,2026-09-22,ASSET-W-001384,Pipeline Extension,Demo Village 26 Demo User Agency,Yes,2026-09-19,2026-09-19,Pending,,None recorded,Compliant,Demo Village 26 Demo Local Body,demo://photos/W-001384/completion,SYNTHETIC_PROTOTYPE,True
W-001386,2026-08-31,2026-09-09,1490000,Submitted,2026-09-08,ASSET-W-001386,Solar Water System,Demo Village 6 Demo User Agency,Yes,2026-09-17,2026-09-13,Completed,2027-02-11,None recorded,Compliant,Demo Village 6 Demo Local Body,demo://photos/W-001386/completion,SYNTHETIC_PROTOTYPE,True
W-001387,2026-08-31,2026-09-04,1616000,Submitted,2026-10-05,ASSET-W-001387,Library Room,Demo Village 34 Demo User Agency,Yes,2026-09-05,2026-09-05,Not Due,,None recorded,Compliant,Demo Village 34 Demo Local Body,demo://photos/W-001387/completion,SYNTHETIC_PROTOTYPE,True
W-001389,2026-08-31,2026-09-05,3080000,Submitted,2026-09-13,ASSET-W-001389,Sports Equipment Facility,Demo Village 14 Demo User Agency,Yes,2026-09-11,2026-09-15,Pending,,None recorded,Compliant,Demo Village 14 Demo Local Body,demo://photos/W-001389/completion,SYNTHETIC_PROTOTYPE,True
W-001390,2026-08-31,2026-08-31,2089000,Submitted,2026-09-20,ASSET-W-001390,Drainage,Demo Village 24 Demo User Agency,Yes,2026-09-08,2026-09-01,Completed,2026-10-10,None recorded,Compliant,Demo Village 24 Demo Local Body,demo://photos/W-001390/completion,SYNTHETIC_PROTOTYPE,True
W-001392,2026-08-31,2026-09-02,4210000,Submitted,2026-10-07,ASSET-W-001392,Public Health Facility,Demo Village 6 Demo User Agency,Yes,2026-09-15,2026-09-10,Pending,,None recorded,Compliant,Demo Village 6 Demo Local Body,demo://photos/W-001392/completion,SYNTHETIC_PROTOTYPE,True
W-001393,2026-08-31,2026-08-31,3517000,Submitted,2026-09-16,ASSET-W-001393,Health Sub-Centre,Demo Village 24 Demo User Agency,Yes,2026-09-16,2026-09-07,Completed,2026-10-07,None recorded,Compliant,Demo Village 24 Demo Local Body,demo://photos/W-001393/completion,SYNTHETIC_PROTOTYPE,True
W-001394,2026-08-31,2026-09-02,2648000,Submitted,2026-09-19,ASSET-W-001394,Pipeline Extension,Demo Village 21 Demo User Agency,Yes,2026-09-16,2026-09-19,Completed,2026-10-20,None recorded,Compliant,Demo Village 21 Demo Local Body,demo://photos/W-001394/completion,SYNTHETIC_PROTOTYPE,True
W-001397,2026-08-31,2026-09-05,1223000,Submitted,2026-10-01,ASSET-W-001397,Public Waiting Hall,Demo Village 2 Demo User Agency,Yes,2026-09-16,2026-09-27,Not Due,,None recorded,Compliant,Demo Village 2 Demo Local Body,demo://photos/W-001397/completion,SYNTHETIC_PROTOTYPE,True
W-001398,2026-08-31,2026-09-07,1481000,Submitted,2026-10-12,ASSET-W-001398,Community Hall,Demo Village 18 Demo User Agency,Yes,2026-09-16,2026-09-07,Pending,,None recorded,Compliant,Demo Village 18 Demo Local Body,demo://photos/W-001398/completion,SYNTHETIC_PROTOTYPE,True
W-001401,2026-08-31,2026-09-01,722000,Submitted,2026-09-19,ASSET-W-001401,Solar Public Facility,Demo Village 30 Demo User Agency,Yes,2026-09-05,2026-09-17,Completed,2026-12-07,None recorded,Compliant,Demo Village 30 Demo Local Body,demo://photos/W-001401/completion,SYNTHETIC_PROTOTYPE,True
W-001402,2026-08-31,2026-09-10,1259000,Submitted,2026-10-13,ASSET-W-001402,Public Waiting Hall,Demo Village 2 Demo User Agency,Yes,2026-09-07,2026-09-06,Pending,,None recorded,Compliant,Demo Village 2 Demo Local Body,demo://photos/W-001402/completion,SYNTHETIC_PROTOTYPE,True
W-001406,2026-08-31,2026-09-05,2960000,Submitted,2026-09-25,ASSET-W-001406,Digital Classroom,Demo Village 25 Demo User Agency,Yes,2026-09-03,2026-09-17,Pending,,None recorded,Compliant,Demo Village 25 Demo Local Body,demo://photos/W-001406/completion,SYNTHETIC_PROTOTYPE,True
W-001407,2026-08-31,2026-09-07,1463000,Submitted,2026-09-10,ASSET-W-001407,Solar Community Lighting,Demo Village 13 Demo User Agency,Yes,2026-09-16,2026-09-06,Not Due,,None recorded,Compliant,Demo Village 13 Demo Local Body,demo://photos/W-001407/completion,SYNTHETIC_PROTOTYPE,True
W-001408,2026-08-31,2026-09-06,2436000,Submitted,2026-09-06,ASSET-W-001408,Ambulance Shelter,Demo Village 17 Demo User Agency,Yes,2026-09-19,2026-09-21,Not Due,,None recorded,Compliant,Demo Village 17 Demo Local Body,demo://photos/W-001408/completion,SYNTHETIC_PROTOTYPE,True
W-001409,2026-08-31,2026-09-02,2689000,Submitted,2026-09-09,ASSET-W-001409,Open Gym,Demo Village 34 Demo User Agency,Yes,2026-09-18,2026-09-28,Pending,,None recorded,Compliant,Demo Village 34 Demo Local Body,demo://photos/W-001409/completion,SYNTHETIC_PROTOTYPE,True
W-001412,2026-08-31,2026-09-07,1181000,Submitted,2026-09-17,ASSET-W-001412,Public Waiting Hall,Demo Village 2 Demo User Agency,Yes,2026-09-06,2026-09-21,Pending,,None recorded,Compliant,Demo Village 2 Demo Local Body,demo://photos/W-001412/completion,SYNTHETIC_PROTOTYPE,True
W-001413,2026-08-31,2026-08-31,741000,Submitted,2026-09-08,ASSET-W-001413,Digital Classroom,Demo Village 13 Demo User Agency,Yes,2026-09-03,2026-09-27,Not Due,,None recorded,Compliant,Demo Village 13 Demo Local Body,demo://photos/W-001413/completion,SYNTHETIC_PROTOTYPE,True
W-001414,2026-08-31,2026-09-08,1431000,Submitted,2026-09-07,ASSET-W-001414,Public Health Facility,Demo Village 23 Demo User Agency,Yes,2026-09-05,2026-09-28,Pending,,None recorded,Compliant,Demo Village 23 Demo Local Body,demo://photos/W-001414/completion,SYNTHETIC_PROTOTYPE,True
W-001415,2026-08-31,2026-09-01,3610000,Submitted,2026-09-18,ASSET-W-001415,Ambulance Shelter,Demo Village 31 Demo User Agency,Yes,2026-09-15,2026-09-13,Completed,2026-12-13,None recorded,Compliant,Demo Village 31 Demo Local Body,demo://photos/W-001415/completion,SYNTHETIC_PROTOTYPE,True
W-001417,2026-08-31,2026-09-02,1404000,Submitted,2026-09-18,ASSET-W-001417,Community Hall,Demo Village 33 Demo User Agency,Yes,2026-09-13,2026-09-17,Not Due,,None recorded,Compliant,Demo Village 33 Demo Local Body,demo://photos/W-001417/completion,SYNTHETIC_PROTOTYPE,True
W-001418,2026-08-31,2026-08-31,2865000,Submitted,2026-10-06,ASSET-W-001418,Ambulance Shelter,Demo Village 17 Demo User Agency,Yes,2026-09-11,2026-09-01,Pending,,None recorded,Compliant,Demo Village 17 Demo Local Body,demo://photos/W-001418/completion,SYNTHETIC_PROTOTYPE,True
W-001419,2026-08-31,2026-09-05,3612000,Submitted,2026-09-15,ASSET-W-001419,CC Road,Demo Village 28 Demo User Agency,Yes,2026-09-15,2026-09-29,Completed,2027-02-07,None recorded,Compliant,Demo Village 28 Demo Local Body,demo://photos/W-001419/completion,SYNTHETIC_PROTOTYPE,True
W-001421,2026-08-31,2026-09-06,3040000,Pending,,ASSET-W-001421,PHC Equipment Room,Demo Village 35 Demo User Agency,No,2026-09-13,2026-09-04,Not Due,,Documentation / closure review,Review Required,Demo Village 35 Demo Local Body,demo://photos/W-001421/completion,SYNTHETIC_PROTOTYPE,True
W-001422,2026-08-31,2026-09-05,1055000,Submitted,2026-09-27,ASSET-W-001422,Public Health Facility,Demo Village 22 Demo User Agency,Yes,2026-09-02,2026-09-16,Not Due,,None recorded,Compliant,Demo Village 22 Demo Local Body,demo://photos/W-001422/completion,SYNTHETIC_PROTOTYPE,True
W-001424,2026-08-31,2026-09-02,715000,Submitted,2026-09-24,ASSET-W-001424,Public Toilet,Demo Village 4 Demo User Agency,Yes,2026-09-09,2026-09-18,Completed,2026-10-20,None recorded,Compliant,Demo Village 4 Demo Local Body,demo://photos/W-001424/completion,SYNTHETIC_PROTOTYPE,True
W-001425,2026-08-31,2026-09-09,665000,Submitted,2026-10-10,ASSET-W-001425,RO Water Plant,Demo Village 20 Demo User Agency,Yes,2026-09-03,2026-09-25,Pending,,None recorded,Compliant,Demo Village 20 Demo Local Body,demo://photos/W-001425/completion,SYNTHETIC_PROTOTYPE,True
W-001427,2026-08-31,2026-09-07,3017000,Submitted,2026-09-20,ASSET-W-001427,Anganwadi Building,Demo Village 32 Demo User Agency,Yes,2026-09-03,2026-09-14,Completed,2026-12-19,None recorded,Compliant,Demo Village 32 Demo Local Body,demo://photos/W-001427/completion,SYNTHETIC_PROTOTYPE,True
W-001429,2026-08-31,2026-09-08,886000,Submitted,2026-10-04,ASSET-W-001429,Public Toilet,Demo Village 16 Demo User Agency,Yes,2026-09-18,2026-09-27,Pending,,None recorded,Compliant,Demo Village 16 Demo Local Body,demo://photos/W-001429/completion,SYNTHETIC_PROTOTYPE,True
W-001432,2026-08-31,2026-09-01,2904000,Submitted,2026-09-12,ASSET-W-001432,Small Bridge,Demo Village 1 Demo User Agency,Yes,2026-09-16,2026-09-13,Completed,2026-12-11,None recorded,Compliant,Demo Village 1 Demo Local Body,demo://photos/W-001432/completion,SYNTHETIC_PROTOTYPE,True
W-001434,2026-08-31,2026-09-01,3073000,Submitted,2026-10-14,ASSET-W-001434,Public Health Facility,Demo Village 22 Demo User Agency,Yes,2026-09-18,2026-09-04,Completed,2026-11-03,None recorded,Compliant,Demo Village 22 Demo Local Body,demo://photos/W-001434/completion,SYNTHETIC_PROTOTYPE,True
W-001435,2026-08-31,2026-09-06,2556000,Submitted,2026-10-13,ASSET-W-001435,Library Room,Demo Village 7 Demo User Agency,Yes,2026-09-20,2026-09-07,Not Due,,None recorded,Compliant,Demo Village 7 Demo Local Body,demo://photos/W-001435/completion,SYNTHETIC_PROTOTYPE,True
W-001436,2026-08-31,2026-09-09,601000,Submitted,2026-09-27,ASSET-W-001436,Solar Public Facility,Demo Village 15 Demo User Agency,Yes,2026-09-15,2026-09-11,Pending,,None recorded,Compliant,Demo Village 15 Demo Local Body,demo://photos/W-001436/completion,SYNTHETIC_PROTOTYPE,True
W-001443,2026-08-31,2026-09-04,2839000,Submitted,2026-09-12,ASSET-W-001443,Solid Waste Shed,Demo Village 27 Demo User Agency,Yes,2026-09-09,2026-09-18,Pending,,None recorded,Compliant,Demo Village 27 Demo Local Body,demo://photos/W-001443/completion,SYNTHETIC_PROTOTYPE,True
W-001444,2026-08-31,2026-09-07,2457000,Submitted,2026-10-08,ASSET-W-001444,Pipeline Extension,Demo Village 14 Demo User Agency,Yes,2026-09-20,2026-09-27,Not Due,,None recorded,Compliant,Demo Village 14 Demo Local Body,demo://photos/W-001444/completion,SYNTHETIC_PROTOTYPE,True
W-001445,2026-08-31,2026-09-08,2985000,Submitted,2026-10-09,ASSET-W-001445,Rural Road,Demo Village 5 Demo User Agency,Yes,2026-09-03,2026-09-10,Pending,,None recorded,Compliant,Demo Village 5 Demo Local Body,demo://photos/W-001445/completion,SYNTHETIC_PROTOTYPE,True
W-001446,2026-08-31,2026-09-10,1406000,Submitted,2026-09-08,ASSET-W-001446,Solar Public Facility,Demo Village 35 Demo User Agency,Yes,2026-09-11,2026-09-06,Pending,,None recorded,Compliant,Demo Village 35 Demo Local Body,demo://photos/W-001446/completion,SYNTHETIC_PROTOTYPE,True
W-001447,2026-08-31,2026-09-04,1507000,Submitted,2026-09-27,ASSET-W-001447,Solar Water System,Demo Village 7 Demo User Agency,Yes,2026-09-05,2026-09-08,Not Due,,None recorded,Compliant,Demo Village 7 Demo Local Body,demo://photos/W-001447/completion,SYNTHETIC_PROTOTYPE,True
W-001448,2026-08-31,2026-09-01,973000,Submitted,2026-10-14,ASSET-W-001448,Health Sub-Centre,Demo Village 35 Demo User Agency,Yes,2026-09-11,2026-09-19,Not Due,,None recorded,Compliant,Demo Village 35 Demo Local Body,demo://photos/W-001448/completion,SYNTHETIC_PROTOTYPE,True
W-001449,2026-08-31,2026-09-10,2619000,Submitted,2026-10-14,ASSET-W-001449,Public Waiting Hall,Demo Village 11 Demo User Agency,Yes,2026-09-11,2026-09-13,Pending,,None recorded,Compliant,Demo Village 11 Demo Local Body,demo://photos/W-001449/completion,SYNTHETIC_PROTOTYPE,True
W-001450,2026-08-31,2026-09-04,526000,Submitted,2026-10-05,ASSET-W-001450,Solar Public Facility,Demo Village 2 Demo User Agency,Yes,2026-09-19,2026-09-04,Completed,2026-11-18,None recorded,Compliant,Demo Village 2 Demo Local Body,demo://photos/W-001450/completion,SYNTHETIC_PROTOTYPE,True
W-001451,2026-08-31,2026-09-09,3203000,Submitted,2026-09-11,ASSET-W-001451,Small Bridge,Demo Village 25 Demo User Agency,Yes,2026-09-13,2026-09-04,Completed,2026-12-25,None recorded,Compliant,Demo Village 25 Demo Local Body,demo://photos/W-001451/completion,SYNTHETIC_PROTOTYPE,True
W-001452,2026-08-31,2026-09-06,1541000,Submitted,2026-09-14,ASSET-W-001452,Indoor Sports Hall,Demo Village 27 Demo User Agency,Yes,2026-09-07,2026-09-02,Pending,,None recorded,Compliant,Demo Village 27 Demo Local Body,demo://photos/W-001452/completion,SYNTHETIC_PROTOTYPE,True
W-001454,2026-08-31,2026-09-03,1464000,Submitted,2026-10-05,ASSET-W-001454,Solar Water System,Demo Village 1 Demo User Agency,Yes,2026-09-17,2026-09-24,Completed,2027-01-14,None recorded,Compliant,Demo Village 1 Demo Local Body,demo://photos/W-001454/completion,SYNTHETIC_PROTOTYPE,True
W-001455,2026-08-31,2026-09-06,2623000,Submitted,2026-09-18,ASSET-W-001455,Solar Public Facility,Demo Village 31 Demo User Agency,Yes,2026-09-19,2026-09-13,Pending,,None recorded,Compliant,Demo Village 31 Demo Local Body,demo://photos/W-001455/completion,SYNTHETIC_PROTOTYPE,True
W-001456,2026-08-31,2026-09-05,2563000,Submitted,2026-10-03,ASSET-W-001456,Digital Classroom,Demo Village 21 Demo User Agency,Yes,2026-09-11,2026-09-18,Pending,,None recorded,Compliant,Demo Village 21 Demo Local Body,demo://photos/W-001456/completion,SYNTHETIC_PROTOTYPE,True
W-001460,2026-08-31,2026-09-07,3444000,Submitted,2026-09-24,ASSET-W-001460,Digital Classroom,Demo Village 28 Demo User Agency,Yes,2026-09-13,2026-09-01,Completed,2026-11-21,None recorded,Compliant,Demo Village 28 Demo Local Body,demo://photos/W-001460/completion,SYNTHETIC_PROTOTYPE,True
W-001462,2026-08-31,2026-09-10,2790000,Submitted,2026-10-06,ASSET-W-001462,PHC Equipment Room,Demo Village 35 Demo User Agency,Yes,2026-09-13,2026-09-13,Completed,2027-02-22,None recorded,Compliant,Demo Village 35 Demo Local Body,demo://photos/W-001462/completion,SYNTHETIC_PROTOTYPE,True
W-001463,2026-08-31,2026-09-02,2026000,Submitted,2026-10-02,ASSET-W-001463,Borewell,Demo Village 10 Demo User Agency,Yes,2026-09-19,2026-09-23,Pending,,None recorded,Compliant,Demo Village 10 Demo Local Body,demo://photos/W-001463/completion,SYNTHETIC_PROTOTYPE,True
W-001464,2026-08-31,2026-09-08,1819000,Submitted,2026-09-25,ASSET-W-001464,Community Sanitation,Demo Village 25 Demo User Agency,Yes,2026-09-19,2026-09-10,Pending,,None recorded,Compliant,Demo Village 25 Demo Local Body,demo://photos/W-001464/completion,SYNTHETIC_PROTOTYPE,True
W-001467,2026-08-31,2026-09-10,1764000,Submitted,2026-09-29,ASSET-W-001467,Health Sub-Centre,Demo Village 33 Demo User Agency,Yes,2026-09-09,2026-09-17,Completed,2026-11-01,None recorded,Compliant,Demo Village 33 Demo Local Body,demo://photos/W-001467/completion,SYNTHETIC_PROTOTYPE,True
W-001468,2026-08-31,2026-09-05,846000,Pending,,ASSET-W-001468,Borewell,Demo Village 34 Demo User Agency,No,2026-09-14,2026-09-06,Completed,2026-11-28,Documentation / closure review,Review Required,Demo Village 34 Demo Local Body,demo://photos/W-001468/completion,SYNTHETIC_PROTOTYPE,True
W-001469,2026-08-31,2026-09-09,2936000,Submitted,2026-09-23,ASSET-W-001469,Indoor Sports Hall,Demo Village 19 Demo User Agency,Yes,2026-09-04,2026-09-07,Completed,2027-02-24,None recorded,Compliant,Demo Village 19 Demo Local Body,demo://photos/W-001469/completion,SYNTHETIC_PROTOTYPE,True
W-001470,2026-08-31,2026-09-01,2038000,Submitted,2026-09-06,ASSET-W-001470,Solar Street Lights,Demo Village 9 Demo User Agency,Yes,2026-09-06,2026-09-09,Pending,,None recorded,Compliant,Demo Village 9 Demo Local Body,demo://photos/W-001470/completion,SYNTHETIC_PROTOTYPE,True
W-001472,2026-08-31,2026-09-01,2492000,Submitted,2026-09-05,ASSET-W-001472,CC Road,Demo Village 2 Demo User Agency,Yes,2026-09-13,2026-09-25,Pending,,None recorded,Compliant,Demo Village 2 Demo Local Body,demo://photos/W-001472/completion,SYNTHETIC_PROTOTYPE,True
W-001473,2026-08-31,2026-09-03,1964000,Submitted,2026-09-10,ASSET-W-001473,Public Health Facility,Demo Village 27 Demo User Agency,Yes,2026-09-03,2026-09-07,Not Due,,None recorded,Compliant,Demo Village 27 Demo Local Body,demo://photos/W-001473/completion,SYNTHETIC_PROTOTYPE,True
W-001478,2026-08-31,2026-09-09,961000,Submitted,2026-09-20,ASSET-W-001478,Public Toilet,Demo Village 33 Demo User Agency,Yes,2026-09-20,2026-09-06,Pending,,None recorded,Compliant,Demo Village 33 Demo Local Body,demo://photos/W-001478/completion,SYNTHETIC_PROTOTYPE,True
W-001480,2026-08-31,2026-09-02,3492000,Submitted,2026-10-13,ASSET-W-001480,Health Sub-Centre,Demo Village 20 Demo User Agency,Yes,2026-09-11,2026-09-27,Pending,,None recorded,Compliant,Demo Village 20 Demo Local Body,demo://photos/W-001480/completion,SYNTHETIC_PROTOTYPE,True
W-001482,2026-08-31,2026-09-04,1417000,Submitted,2026-10-03,ASSET-W-001482,Public Toilet,Demo Village 24 Demo User Agency,Yes,2026-09-18,2026-09-28,Pending,,None recorded,Compliant,Demo Village 24 Demo Local Body,demo://photos/W-001482/completion,SYNTHETIC_PROTOTYPE,True
W-001483,2026-08-31,2026-09-05,2254000,Submitted,2026-09-09,ASSET-W-001483,Solar Water System,Demo Village 14 Demo User Agency,Yes,2026-09-07,2026-09-10,Completed,2026-10-29,None recorded,Compliant,Demo Village 14 Demo Local Body,demo://photos/W-001483/completion,SYNTHETIC_PROTOTYPE,True
W-001484,2026-08-31,2026-09-03,1398000,Submitted,2026-09-21,ASSET-W-001484,Playground Development,Demo Village 6 Demo User Agency,Yes,2026-09-17,2026-09-13,Pending,,None recorded,Compliant,Demo Village 6 Demo Local Body,demo://photos/W-001484/completion,SYNTHETIC_PROTOTYPE,True
W-001485,2026-08-31,2026-09-09,941000,Submitted,2026-09-23,ASSET-W-001485,Solar Street Lights,Demo Village 10 Demo User Agency,Yes,2026-09-17,2026-09-12,Not Due,,None recorded,Compliant,Demo Village 10 Demo Local Body,demo://photos/W-001485/completion,SYNTHETIC_PROTOTYPE,True
W-001486,2026-08-31,2026-09-02,2521000,Submitted,2026-09-11,ASSET-W-001486,Drainage,Demo Village 15 Demo User Agency,Yes,2026-09-12,2026-09-16,Pending,,None recorded,Compliant,Demo Village 15 Demo Local Body,demo://photos/W-001486/completion,SYNTHETIC_PROTOTYPE,True
W-001487,2026-08-31,2026-09-03,4083000,Submitted,2026-09-10,ASSET-W-001487,Small Bridge,Demo Village 31 Demo User Agency,Yes,2026-09-06,2026-09-01,Pending,,None recorded,Compliant,Demo Village 31 Demo Local Body,demo://photos/W-001487/completion,SYNTHETIC_PROTOTYPE,True
W-001490,2026-08-31,2026-09-08,2949000,Submitted,2026-09-30,ASSET-W-001490,CC Road,Demo Village 16 Demo User Agency,Yes,2026-09-02,2026-09-12,Completed,2026-12-05,None recorded,Compliant,Demo Village 16 Demo Local Body,demo://photos/W-001490/completion,SYNTHETIC_PROTOTYPE,True
W-001491,2026-08-31,2026-09-06,1203000,Submitted,2026-09-15,ASSET-W-001491,Approach Road,Demo Village 23 Demo User Agency,Yes,2026-09-09,2026-09-11,Not Due,,None recorded,Compliant,Demo Village 23 Demo Local Body,demo://photos/W-001491/completion,SYNTHETIC_PROTOTYPE,True
W-001492,2026-08-31,2026-09-08,1558000,Submitted,2026-09-15,ASSET-W-001492,Indoor Sports Hall,Demo Village 5 Demo User Agency,Yes,2026-09-08,2026-09-23,Completed,2026-10-01,None recorded,Compliant,Demo Village 5 Demo Local Body,demo://photos/W-001492/completion,SYNTHETIC_PROTOTYPE,True
W-001494,2026-08-31,2026-09-06,2595000,Submitted,2026-09-17,ASSET-W-001494,Solar Public Facility,Demo Village 18 Demo User Agency,Yes,2026-09-02,2026-09-09,Pending,,None recorded,Compliant,Demo Village 18 Demo Local Body,demo://photos/W-001494/completion,SYNTHETIC_PROTOTYPE,True
W-001495,2026-08-31,2026-09-10,2009000,Submitted,2026-10-13,ASSET-W-001495,Solar Street Lights,Demo Village 16 Demo User Agency,Yes,2026-09-10,2026-09-18,Pending,,None recorded,Compliant,Demo Village 16 Demo Local Body,demo://photos/W-001495/completion,SYNTHETIC_PROTOTYPE,True
W-001497,2026-08-31,2026-09-05,1782000,Submitted,2026-10-02,ASSET-W-001497,Pipeline Extension,Demo Village 16 Demo User Agency,Yes,2026-09-11,2026-09-14,Not Due,,None recorded,Compliant,Demo Village 16 Demo Local Body,demo://photos/W-001497/completion,SYNTHETIC_PROTOTYPE,True
W-001498,2026-08-31,2026-09-02,1397000,Submitted,2026-10-06,ASSET-W-001498,Solar Water System,Demo Village 34 Demo User Agency,Yes,2026-09-12,2026-09-13,Completed,2026-11-07,None recorded,Compliant,Demo Village 34 Demo Local Body,demo://photos/W-001498/completion,SYNTHETIC_PROTOTYPE,True
W-001499,2026-08-31,2026-09-10,2932000,Submitted,2026-10-12,ASSET-W-001499,Anganwadi Building,Demo Village 27 Demo User Agency,Yes,2026-09-19,2026-09-18,Not Due,,None recorded,Compliant,Demo Village 27 Demo Local Body,demo://photos/W-001499/completion,SYNTHETIC_PROTOTYPE,True
W-001500,2026-08-31,2026-09-04,1082000,Not Submitted,,ASSET-W-001500,Solid Waste Shed,Demo Village 23 Demo User Agency,No,2026-09-19,2026-09-26,Pending,,Documentation / closure review,Review Required,Demo Village 23 Demo Local Body,demo://photos/W-001500/completion,SYNTHETIC_PROTOTYPE,True
W-001501,2026-08-31,2026-09-10,1833000,Submitted,2026-10-13,ASSET-W-001501,Solid Waste Shed,Demo Village 28 Demo User Agency,Yes,2026-09-08,2026-09-22,Not Due,,None recorded,Compliant,Demo Village 28 Demo Local Body,demo://photos/W-001501/completion,SYNTHETIC_PROTOTYPE,True
W-001503,2026-08-31,2026-09-08,2739000,Submitted,2026-10-13,ASSET-W-001503,Rural Road,Demo Village 16 Demo User Agency,Yes,2026-09-13,2026-09-17,Pending,,None recorded,Compliant,Demo Village 16 Demo Local Body,demo://photos/W-001503/completion,SYNTHETIC_PROTOTYPE,True
W-001508,2026-08-31,2026-09-08,1338000,Submitted,2026-10-14,ASSET-W-001508,Sports Equipment Facility,Demo Village 20 Demo User Agency,Yes,2026-09-18,2026-09-09,Pending,,None recorded,Compliant,Demo Village 20 Demo Local Body,demo://photos/W-001508/completion,SYNTHETIC_PROTOTYPE,True
W-001511,2026-08-31,2026-08-31,1423000,Submitted,2026-09-11,ASSET-W-001511,Health Sub-Centre,Demo Village 29 Demo User Agency,Yes,2026-09-19,2026-09-24,Not Due,,None recorded,Compliant,Demo Village 29 Demo Local Body,demo://photos/W-001511/completion,SYNTHETIC_PROTOTYPE,True
W-001514,2026-08-31,2026-09-04,2352000,Submitted,2026-10-09,ASSET-W-001514,School Classroom,Demo Village 31 Demo User Agency,Yes,2026-09-12,2026-09-04,Completed,2027-02-22,None recorded,Compliant,Demo Village 31 Demo Local Body,demo://photos/W-001514/completion,SYNTHETIC_PROTOTYPE,True
W-001515,2026-08-31,2026-09-05,2486000,Submitted,2026-10-15,ASSET-W-001515,School Toilet,Demo Village 27 Demo User Agency,Yes,2026-09-07,2026-09-16,Pending,,None recorded,Compliant,Demo Village 27 Demo Local Body,demo://photos/W-001515/completion,SYNTHETIC_PROTOTYPE,True
W-001516,2026-08-31,2026-09-08,1764000,Submitted,2026-09-13,ASSET-W-001516,Anganwadi Building,Demo Village 9 Demo User Agency,Yes,2026-09-19,2026-09-27,Pending,,None recorded,Compliant,Demo Village 9 Demo Local Body,demo://photos/W-001516/completion,SYNTHETIC_PROTOTYPE,True
W-001517,2026-08-31,2026-09-05,1553000,Submitted,2026-09-08,ASSET-W-001517,RO Water Plant,Demo Village 16 Demo User Agency,Yes,2026-09-20,2026-09-12,Pending,,None recorded,Compliant,Demo Village 16 Demo Local Body,demo://photos/W-001517/completion,SYNTHETIC_PROTOTYPE,True
W-001519,2026-08-31,2026-09-02,2567000,Submitted,2026-10-02,ASSET-W-001519,Pipeline Extension,Demo Village 21 Demo User Agency,Yes,2026-09-10,2026-09-23,Completed,2026-10-09,None recorded,Compliant,Demo Village 21 Demo Local Body,demo://photos/W-001519/completion,SYNTHETIC_PROTOTYPE,True
W-001520,2026-08-31,2026-09-03,2775000,Submitted,2026-10-07,ASSET-W-001520,Community Hall,Demo Village 9 Demo User Agency,Yes,2026-09-14,2026-09-18,Pending,,None recorded,Compliant,Demo Village 9 Demo Local Body,demo://photos/W-001520/completion,SYNTHETIC_PROTOTYPE,True
W-001522,2026-08-31,2026-09-02,1799000,Submitted,2026-09-29,ASSET-W-001522,Solid Waste Shed,Demo Village 28 Demo User Agency,Yes,2026-09-19,2026-09-04,Pending,,None recorded,Compliant,Demo Village 28 Demo Local Body,demo://photos/W-001522/completion,SYNTHETIC_PROTOTYPE,True
W-001524,2026-08-31,2026-09-07,3105000,Submitted,2026-09-28,ASSET-W-001524,Indoor Sports Hall,Demo Village 14 Demo User Agency,Yes,2026-09-09,2026-09-09,Completed,2026-11-10,None recorded,Compliant,Demo Village 14 Demo Local Body,demo://photos/W-001524/completion,SYNTHETIC_PROTOTYPE,True
W-001525,2026-08-31,2026-09-09,3511000,Submitted,2026-09-16,ASSET-W-001525,Health Sub-Centre,Demo Village 14 Demo User Agency,Yes,2026-09-07,2026-09-15,Completed,2026-12-17,None recorded,Compliant,Demo Village 14 Demo Local Body,demo://photos/W-001525/completion,SYNTHETIC_PROTOTYPE,True
W-001529,2026-08-31,2026-09-07,1454000,Submitted,2026-09-12,ASSET-W-001529,PHC Equipment Room,Demo Village 25 Demo User Agency,Yes,2026-09-01,2026-09-03,Not Due,,None recorded,Compliant,Demo Village 25 Demo Local Body,demo://photos/W-001529/completion,SYNTHETIC_PROTOTYPE,True
W-001530,2026-08-31,2026-09-09,1053000,Submitted,2026-09-13,ASSET-W-001530,Digital Classroom,Demo Village 25 Demo User Agency,Yes,2026-09-13,2026-09-24,Pending,,None recorded,Compliant,Demo Village 25 Demo Local Body,demo://photos/W-001530/completion,SYNTHETIC_PROTOTYPE,True
W-001531,2026-08-31,2026-09-09,998000,Submitted,2026-10-06,ASSET-W-001531,Ambulance Shelter,Demo Village 3 Demo User Agency,Yes,2026-09-19,2026-09-21,Not Due,,None recorded,Compliant,Demo Village 3 Demo Local Body,demo://photos/W-001531/completion,SYNTHETIC_PROTOTYPE,True
W-001532,2026-08-31,2026-09-05,1921000,Submitted,2026-10-01,ASSET-W-001532,Borewell,Demo Village 4 Demo User Agency,Yes,2026-09-15,2026-09-29,Completed,2027-02-24,None recorded,Compliant,Demo Village 4 Demo Local Body,demo://photos/W-001532/completion,SYNTHETIC_PROTOTYPE,True
W-001533,2026-08-31,2026-09-02,1898000,Submitted,2026-10-11,ASSET-W-001533,Open Gym,Demo Village 17 Demo User Agency,Yes,2026-09-11,2026-09-13,Not Due,,None recorded,Compliant,Demo Village 17 Demo Local Body,demo://photos/W-001533/completion,SYNTHETIC_PROTOTYPE,True
W-001534,2026-08-31,2026-09-09,1000000,Submitted,2026-09-21,ASSET-W-001534,Playground Development,Demo Village 16 Demo User Agency,Yes,2026-09-03,2026-09-29,Completed,2026-10-26,None recorded,Compliant,Demo Village 16 Demo Local Body,demo://photos/W-001534/completion,SYNTHETIC_PROTOTYPE,True
W-001535,2026-08-31,2026-09-04,3893000,Submitted,2026-10-04,ASSET-W-001535,PHC Equipment Room,Demo Village 6 Demo User Agency,Yes,2026-09-05,2026-09-07,Completed,2027-01-01,None recorded,Compliant,Demo Village 6 Demo Local Body,demo://photos/W-001535/completion,SYNTHETIC_PROTOTYPE,True
W-001536,2026-08-31,2026-09-07,1220000,Submitted,2026-09-30,ASSET-W-001536,Health Sub-Centre,Demo Village 7 Demo User Agency,Yes,2026-09-15,2026-09-11,Completed,2027-01-31,None recorded,Compliant,Demo Village 7 Demo Local Body,demo://photos/W-001536/completion,SYNTHETIC_PROTOTYPE,True
W-001537,2026-08-31,2026-09-06,2399000,Submitted,2026-10-08,ASSET-W-001537,Drainage,Demo Village 9 Demo User Agency,Yes,2026-09-03,2026-09-25,Not Due,,None recorded,Compliant,Demo Village 9 Demo Local Body,demo://photos/W-001537/completion,SYNTHETIC_PROTOTYPE,True
W-001538,2026-08-31,2026-09-08,2726000,Submitted,2026-09-21,ASSET-W-001538,Approach Road,Demo Village 15 Demo User Agency,Yes,2026-09-11,2026-09-28,Not Due,,None recorded,Compliant,Demo Village 15 Demo Local Body,demo://photos/W-001538/completion,SYNTHETIC_PROTOTYPE,True
W-001539,2026-08-31,2026-08-31,2566000,Submitted,2026-09-09,ASSET-W-001539,PHC Equipment Room,Demo Village 10 Demo User Agency,Yes,2026-09-02,2026-09-07,Pending,,None recorded,Compliant,Demo Village 10 Demo Local Body,demo://photos/W-001539/completion,SYNTHETIC_PROTOTYPE,True
W-001540,2026-08-31,2026-09-03,1220000,Submitted,2026-09-16,ASSET-W-001540,Playground Development,Demo Village 34 Demo User Agency,Yes,2026-09-11,2026-09-05,Not Due,,None recorded,Compliant,Demo Village 34 Demo Local Body,demo://photos/W-001540/completion,SYNTHETIC_PROTOTYPE,True
W-001541,2026-08-31,2026-09-04,2689000,Submitted,2026-09-30,ASSET-W-001541,Digital Classroom,Demo Village 25 Demo User Agency,Yes,2026-09-10,2026-09-01,Not Due,,None recorded,Compliant,Demo Village 25 Demo Local Body,demo://photos/W-001541/completion,SYNTHETIC_PROTOTYPE,True
W-001542,2026-08-31,2026-09-01,2242000,Submitted,2026-09-27,ASSET-W-001542,Drainage,Demo Village 24 Demo User Agency,Yes,2026-09-12,2026-09-21,Pending,,None recorded,Compliant,Demo Village 24 Demo Local Body,demo://photos/W-001542/completion,SYNTHETIC_PROTOTYPE,True
W-001543,2026-08-31,2026-09-04,2145000,Submitted,2026-09-22,ASSET-W-001543,Public Waiting Hall,Demo Village 9 Demo User Agency,Yes,2026-09-16,2026-09-27,Not Due,,None recorded,Compliant,Demo Village 9 Demo Local Body,demo://photos/W-001543/completion,SYNTHETIC_PROTOTYPE,True
W-001545,2026-08-31,2026-09-08,3937000,Submitted,2026-10-12,ASSET-W-001545,CC Road,Demo Village 2 Demo User Agency,Yes,2026-09-05,2026-09-10,Not Due,,None recorded,Compliant,Demo Village 2 Demo Local Body,demo://photos/W-001545/completion,SYNTHETIC_PROTOTYPE,True
W-001548,2026-08-31,2026-09-04,2497000,Submitted,2026-10-07,ASSET-W-001548,Public Toilet,Demo Village 35 Demo User Agency,Yes,2026-09-17,2026-09-06,Pending,,None recorded,Compliant,Demo Village 35 Demo Local Body,demo://photos/W-001548/completion,SYNTHETIC_PROTOTYPE,True
W-001551,2026-08-31,2026-09-06,891000,Submitted,2026-09-11,ASSET-W-001551,Indoor Sports Hall,Demo Village 25 Demo User Agency,Yes,2026-09-11,2026-09-15,Not Due,,None recorded,Compliant,Demo Village 25 Demo Local Body,demo://photos/W-001551/completion,SYNTHETIC_PROTOTYPE,True
W-001552,2026-08-31,2026-09-02,1472000,Submitted,2026-09-17,ASSET-W-001552,Borewell,Demo Village 10 Demo User Agency,Yes,2026-09-20,2026-09-27,Not Due,,None recorded,Compliant,Demo Village 10 Demo Local Body,demo://photos/W-001552/completion,SYNTHETIC_PROTOTYPE,True
W-001555,2026-08-31,2026-09-10,1428000,Submitted,2026-10-12,ASSET-W-001555,Pipeline Extension,Demo Village 3 Demo User Agency,Yes,2026-09-16,2026-09-01,Not Due,,None recorded,Compliant,Demo Village 3 Demo Local Body,demo://photos/W-001555/completion,SYNTHETIC_PROTOTYPE,True
W-001556,2026-08-31,2026-09-07,2463000,Submitted,2026-09-06,ASSET-W-001556,Rural Road,Demo Village 13 Demo User Agency,Yes,2026-09-17,2026-09-28,Not Due,,None recorded,Compliant,Demo Village 13 Demo Local Body,demo://photos/W-001556/completion,SYNTHETIC_PROTOTYPE,True
W-001557,2026-08-31,2026-09-02,1081000,Submitted,2026-09-20,ASSET-W-001557,Public Toilet,Demo Village 5 Demo User Agency,Yes,2026-09-15,2026-09-29,Pending,,None recorded,Compliant,Demo Village 5 Demo Local Body,demo://photos/W-001557/completion,SYNTHETIC_PROTOTYPE,True
W-001559,2026-08-31,2026-09-05,1105000,Submitted,2026-09-28,ASSET-W-001559,Health Sub-Centre,Demo Village 3 Demo User Agency,Yes,2026-09-10,2026-09-07,Not Due,,None recorded,Compliant,Demo Village 3 Demo Local Body,demo://photos/W-001559/completion,SYNTHETIC_PROTOTYPE,True
W-001560,2026-08-31,2026-09-03,2894000,Submitted,2026-09-18,ASSET-W-001560,Small Bridge,Demo Village 28 Demo User Agency,Yes,2026-09-16,2026-09-19,Completed,2026-12-09,None recorded,Compliant,Demo Village 28 Demo Local Body,demo://photos/W-001560/completion,SYNTHETIC_PROTOTYPE,True
W-001564,2026-08-31,2026-09-03,1407000,Submitted,2026-09-07,ASSET-W-001564,Solid Waste Shed,Demo Village 15 Demo User Agency,Yes,2026-09-07,2026-09-26,Completed,2026-10-04,None recorded,Compliant,Demo Village 15 Demo Local Body,demo://photos/W-001564/completion,SYNTHETIC_PROTOTYPE,True
W-001566,2026-08-31,2026-09-08,2138000,Submitted,2026-09-19,ASSET-W-001566,Rural Road,Demo Village 21 Demo User Agency,Yes,2026-09-07,2026-09-20,Not Due,,None recorded,Compliant,Demo Village 21 Demo Local Body,demo://photos/W-001566/completion,SYNTHETIC_PROTOTYPE,True
W-001567,2026-08-31,2026-09-08,1904000,Submitted,2026-10-04,ASSET-W-001567,Community Sanitation,Demo Village 31 Demo User Agency,Yes,2026-09-01,2026-09-21,Not Due,,None recorded,Compliant,Demo Village 31 Demo Local Body,demo://photos/W-001567/completion,SYNTHETIC_PROTOTYPE,True
W-001568,2026-08-31,2026-09-01,2848000,Submitted,2026-10-06,ASSET-W-001568,Solid Waste Shed,Demo Village 30 Demo User Agency,Yes,2026-09-14,2026-09-21,Completed,2027-01-05,None recorded,Compliant,Demo Village 30 Demo Local Body,demo://photos/W-001568/completion,SYNTHETIC_PROTOTYPE,True
W-001569,2026-08-31,2026-09-02,1407000,Submitted,2026-09-17,ASSET-W-001569,Pipeline Extension,Demo Village 9 Demo User Agency,Yes,2026-09-18,2026-09-18,Not Due,,None recorded,Compliant,Demo Village 9 Demo Local Body,demo://photos/W-001569/completion,SYNTHETIC_PROTOTYPE,True
W-001570,2026-08-31,2026-09-04,2860000,Submitted,2026-09-28,ASSET-W-001570,Community Hall,Demo Village 22 Demo User Agency,Yes,2026-09-16,2026-09-13,Completed,2026-12-21,None recorded,Compliant,Demo Village 22 Demo Local Body,demo://photos/W-001570/completion,SYNTHETIC_PROTOTYPE,True
W-001572,2026-08-31,2026-09-01,1095000,Submitted,2026-10-05,ASSET-W-001572,Library Room,Demo Village 20 Demo User Agency,Yes,2026-09-11,2026-09-09,Not Due,,None recorded,Compliant,Demo Village 20 Demo Local Body,demo://photos/W-001572/completion,SYNTHETIC_PROTOTYPE,True
W-001573,2026-08-31,2026-09-01,778000,Submitted,2026-09-25,ASSET-W-001573,Drainage,Demo Village 26 Demo User Agency,Yes,2026-09-19,2026-09-25,Not Due,,None recorded,Compliant,Demo Village 26 Demo Local Body,demo://photos/W-001573/completion,SYNTHETIC_PROTOTYPE,True
W-001575,2026-08-31,2026-09-02,2471000,Submitted,2026-10-12,ASSET-W-001575,Borewell,Demo Village 10 Demo User Agency,Yes,2026-09-05,2026-09-23,Completed,2026-10-24,None recorded,Compliant,Demo Village 10 Demo Local Body,demo://photos/W-001575/completion,SYNTHETIC_PROTOTYPE,True
W-001577,2026-08-31,2026-09-05,1393000,Submitted,2026-10-03,ASSET-W-001577,Community Sanitation,Demo Village 7 Demo User Agency,Yes,2026-09-12,2026-09-22,Pending,,None recorded,Compliant,Demo Village 7 Demo Local Body,demo://photos/W-001577/completion,SYNTHETIC_PROTOTYPE,True
W-001579,2026-08-31,2026-09-06,830000,Submitted,2026-09-20,ASSET-W-001579,Playground Development,Demo Village 19 Demo User Agency,Yes,2026-09-06,2026-09-25,Not Due,,None recorded,Compliant,Demo Village 19 Demo Local Body,demo://photos/W-001579/completion,SYNTHETIC_PROTOTYPE,True
W-001580,2026-08-31,2026-09-04,2791000,Submitted,2026-10-01,ASSET-W-001580,Digital Classroom,Demo Village 28 Demo User Agency,Yes,2026-09-06,2026-09-22,Pending,,None recorded,Compliant,Demo Village 28 Demo Local Body,demo://photos/W-001580/completion,SYNTHETIC_PROTOTYPE,True
W-001581,2026-08-31,2026-09-08,2525000,Submitted,2026-10-08,ASSET-W-001581,Solar Community Lighting,Demo Village 13 Demo User Agency,Yes,2026-09-03,2026-09-29,Not Due,,None recorded,Compliant,Demo Village 13 Demo Local Body,demo://photos/W-001581/completion,SYNTHETIC_PROTOTYPE,True
W-001582,2026-08-31,2026-09-03,2994000,Submitted,2026-10-11,ASSET-W-001582,Library Room,Demo Village 19 Demo User Agency,Yes,2026-09-03,2026-09-15,Not Due,,None recorded,Compliant,Demo Village 19 Demo Local Body,demo://photos/W-001582/completion,SYNTHETIC_PROTOTYPE,True
W-001585,2026-08-31,2026-09-08,1551000,Submitted,2026-09-15,ASSET-W-001585,Public Health Facility,Demo Village 13 Demo User Agency,Yes,2026-09-14,2026-09-04,Completed,2027-01-20,None recorded,Compliant,Demo Village 13 Demo Local Body,demo://photos/W-001585/completion,SYNTHETIC_PROTOTYPE,True
W-001586,2026-08-31,2026-09-04,1562000,Not Submitted,,ASSET-W-001586,Ambulance Shelter,Demo Village 5 Demo User Agency,Pending,2026-09-12,2026-09-03,Completed,2026-11-10,Documentation / closure review,Review Required,Demo Village 5 Demo Local Body,demo://photos/W-001586/completion,SYNTHETIC_PROTOTYPE,True
W-001588,2026-08-31,2026-09-01,2142000,Submitted,2026-10-12,ASSET-W-001588,Bus Shelter,Demo Village 26 Demo User Agency,Yes,2026-09-11,2026-09-18,Not Due,,None recorded,Compliant,Demo Village 26 Demo Local Body,demo://photos/W-001588/completion,SYNTHETIC_PROTOTYPE,True
W-001589,2026-08-31,2026-09-03,676000,Submitted,2026-09-25,ASSET-W-001589,Solar Water System,Demo Village 26 Demo User Agency,Yes,2026-09-15,2026-09-04,Not Due,,None recorded,Compliant,Demo Village 26 Demo Local Body,demo://photos/W-001589/completion,SYNTHETIC_PROTOTYPE,True
W-001590,2026-08-31,2026-09-01,943000,Submitted,2026-10-06,ASSET-W-001590,Solar Water System,Demo Village 27 Demo User Agency,Yes,2026-09-16,2026-09-26,Pending,,None recorded,Compliant,Demo Village 27 Demo Local Body,demo://photos/W-001590/completion,SYNTHETIC_PROTOTYPE,True
W-001592,2026-08-31,2026-09-07,2213000,Submitted,2026-09-11,ASSET-W-001592,RO Water Plant,Demo Village 6 Demo User Agency,Yes,2026-09-12,2026-09-30,Pending,,None recorded,Compliant,Demo Village 6 Demo Local Body,demo://photos/W-001592/completion,SYNTHETIC_PROTOTYPE,True
W-001594,2026-08-31,2026-09-03,1803000,Submitted,2026-10-07,ASSET-W-001594,Small Bridge,Demo Village 10 Demo User Agency,Yes,2026-09-08,2026-09-25,Completed,2026-12-18,None recorded,Compliant,Demo Village 10 Demo Local Body,demo://photos/W-001594/completion,SYNTHETIC_PROTOTYPE,True
W-001596,2026-08-31,2026-09-10,1075000,Submitted,2026-09-09,ASSET-W-001596,Solar Street Lights,Demo Village 28 Demo User Agency,Yes,2026-09-05,2026-09-15,Pending,,None recorded,Compliant,Demo Village 28 Demo Local Body,demo://photos/W-001596/completion,SYNTHETIC_PROTOTYPE,True
W-001598,2026-08-31,2026-09-07,2283000,Submitted,2026-09-19,ASSET-W-001598,PHC Equipment Room,Demo Village 5 Demo User Agency,Yes,2026-09-11,2026-09-02,Not Due,,None recorded,Compliant,Demo Village 5 Demo Local Body,demo://photos/W-001598/completion,SYNTHETIC_PROTOTYPE,True
W-001600,2026-08-31,2026-09-10,2764000,Submitted,2026-09-19,ASSET-W-001600,Solid Waste Shed,Demo Village 2 Demo User Agency,Yes,2026-09-04,2026-09-25,Not Due,,None recorded,Compliant,Demo Village 2 Demo Local Body,demo://photos/W-001600/completion,SYNTHETIC_PROTOTYPE,True
W-001604,2026-08-31,2026-09-03,2090000,Submitted,2026-09-30,ASSET-W-001604,Public Toilet,Demo Village 15 Demo User Agency,Yes,2026-09-03,2026-09-09,Completed,2027-01-09,None recorded,Compliant,Demo Village 15 Demo Local Body,demo://photos/W-001604/completion,SYNTHETIC_PROTOTYPE,True
W-001605,2026-08-31,2026-09-01,1448000,Submitted,2026-09-05,ASSET-W-001605,Health Sub-Centre,Demo Village 5 Demo User Agency,Yes,2026-09-08,2026-09-06,Completed,2026-11-03,None recorded,Compliant,Demo Village 5 Demo Local Body,demo://photos/W-001605/completion,SYNTHETIC_PROTOTYPE,True
W-001607,2026-08-31,2026-09-02,2351000,Submitted,2026-09-21,ASSET-W-001607,Pipeline Extension,Demo Village 28 Demo User Agency,Yes,2026-09-09,2026-09-18,Completed,2027-02-06,None recorded,Compliant,Demo Village 28 Demo Local Body,demo://photos/W-001607/completion,SYNTHETIC_PROTOTYPE,True
W-001608,2026-08-31,2026-09-02,1936000,Submitted,2026-09-10,ASSET-W-001608,Water Tank,Demo Village 3 Demo User Agency,Yes,2026-09-11,2026-09-11,Pending,,None recorded,Compliant,Demo Village 3 Demo Local Body,demo://photos/W-001608/completion,SYNTHETIC_PROTOTYPE,True
W-001611,2026-08-31,2026-09-03,3108000,Not Submitted,,ASSET-W-001611,Community Sanitation,Demo Village 1 Demo User Agency,No,2026-09-11,2026-09-27,Pending,,Documentation / closure review,Review Required,Demo Village 1 Demo Local Body,demo://photos/W-001611/completion,SYNTHETIC_PROTOTYPE,True
W-001612,2026-08-31,2026-09-04,2232000,Submitted,2026-10-13,ASSET-W-001612,Solar Water System,Demo Village 1 Demo User Agency,Yes,2026-09-01,2026-09-29,Completed,2027-01-22,None recorded,Compliant,Demo Village 1 Demo Local Body,demo://photos/W-001612/completion,SYNTHETIC_PROTOTYPE,True
W-001614,2026-08-31,2026-09-01,884000,Submitted,2026-10-02,ASSET-W-001614,Open Gym,Demo Village 18 Demo User Agency,Yes,2026-09-10,2026-09-15,Not Due,,None recorded,Compliant,Demo Village 18 Demo Local Body,demo://photos/W-001614/completion,SYNTHETIC_PROTOTYPE,True
W-001616,2026-08-31,2026-09-02,824000,Submitted,2026-10-09,ASSET-W-001616,Solid Waste Shed,Demo Village 34 Demo User Agency,Yes,2026-09-08,2026-09-13,Not Due,,None recorded,Compliant,Demo Village 34 Demo Local Body,demo://photos/W-001616/completion,SYNTHETIC_PROTOTYPE,True
W-001617,2026-08-31,2026-09-03,1498000,Submitted,2026-09-23,ASSET-W-001617,Health Sub-Centre,Demo Village 10 Demo User Agency,Yes,2026-09-11,2026-09-11,Completed,2026-10-29,None recorded,Compliant,Demo Village 10 Demo Local Body,demo://photos/W-001617/completion,SYNTHETIC_PROTOTYPE,True
W-001619,2026-08-31,2026-09-02,3136000,Submitted,2026-10-02,ASSET-W-001619,Bus Shelter,Demo Village 24 Demo User Agency,Yes,2026-09-12,2026-09-10,Pending,,None recorded,Compliant,Demo Village 24 Demo Local Body,demo://photos/W-001619/completion,SYNTHETIC_PROTOTYPE,True
W-001620,2026-08-31,2026-08-31,3657000,Submitted,2026-10-05,ASSET-W-001620,Solar Street Lights,Demo Village 1 Demo User Agency,Yes,2026-09-12,2026-09-07,Not Due,,None recorded,Compliant,Demo Village 1 Demo Local Body,demo://photos/W-001620/completion,SYNTHETIC_PROTOTYPE,True
W-001621,2026-08-31,2026-09-01,3016000,Submitted,2026-09-15,ASSET-W-001621,Community Hall,Demo Village 7 Demo User Agency,Yes,2026-09-02,2026-09-21,Completed,2026-11-13,None recorded,Compliant,Demo Village 7 Demo Local Body,demo://photos/W-001621/completion,SYNTHETIC_PROTOTYPE,True
W-001622,2026-08-31,2026-09-04,1573000,Submitted,2026-10-06,ASSET-W-001622,Digital Classroom,Demo Village 8 Demo User Agency,Yes,2026-09-02,2026-09-19,Completed,2026-10-10,None recorded,Compliant,Demo Village 8 Demo Local Body,demo://photos/W-001622/completion,SYNTHETIC_PROTOTYPE,True
W-001624,2026-08-31,2026-09-07,1033000,Submitted,2026-10-08,ASSET-W-001624,Community Sanitation,Demo Village 29 Demo User Agency,Yes,2026-09-08,2026-09-07,Not Due,,None recorded,Compliant,Demo Village 29 Demo Local Body,demo://photos/W-001624/completion,SYNTHETIC_PROTOTYPE,True
W-001625,2026-08-31,2026-09-04,3357000,Submitted,2026-09-15,ASSET-W-001625,Public Health Facility,Demo Village 15 Demo User Agency,Yes,2026-09-02,2026-09-11,Completed,2026-10-24,None recorded,Compliant,Demo Village 15 Demo Local Body,demo://photos/W-001625/completion,SYNTHETIC_PROTOTYPE,True
W-001627,2026-08-31,2026-08-31,1775000,Submitted,2026-09-11,ASSET-W-001627,Drainage,Demo Village 3 Demo User Agency,Yes,2026-09-12,2026-09-04,Not Due,,None recorded,Compliant,Demo Village 3 Demo Local Body,demo://photos/W-001627/completion,SYNTHETIC_PROTOTYPE,True
W-001628,2026-08-31,2026-09-04,2844000,Submitted,2026-10-11,ASSET-W-001628,Bus Shelter,Demo Village 24 Demo User Agency,Yes,2026-09-20,2026-09-16,Not Due,,None recorded,Compliant,Demo Village 24 Demo Local Body,demo://photos/W-001628/completion,SYNTHETIC_PROTOTYPE,True
W-001629,2026-08-31,2026-09-09,1819000,Submitted,2026-10-02,ASSET-W-001629,Solar Water System,Demo Village 1 Demo User Agency,Yes,2026-09-12,2026-09-23,Completed,2027-01-20,None recorded,Compliant,Demo Village 1 Demo Local Body,demo://photos/W-001629/completion,SYNTHETIC_PROTOTYPE,True
W-001630,2026-08-31,2026-09-01,2569000,Submitted,2026-09-11,ASSET-W-001630,School Toilet,Demo Village 6 Demo User Agency,Yes,2026-09-14,2026-09-20,Completed,2026-12-29,None recorded,Compliant,Demo Village 6 Demo Local Body,demo://photos/W-001630/completion,SYNTHETIC_PROTOTYPE,True
W-001633,2026-08-31,2026-08-31,667000,Submitted,2026-09-25,ASSET-W-001633,Pipeline Extension,Demo Village 32 Demo User Agency,Yes,2026-09-11,2026-09-26,Completed,2027-02-06,None recorded,Compliant,Demo Village 32 Demo Local Body,demo://photos/W-001633/completion,SYNTHETIC_PROTOTYPE,True
W-001634,2026-08-31,2026-09-06,1541000,Submitted,2026-10-09,ASSET-W-001634,Approach Road,Demo Village 2 Demo User Agency,Yes,2026-09-16,2026-09-04,Not Due,,None recorded,Compliant,Demo Village 2 Demo Local Body,demo://photos/W-001634/completion,SYNTHETIC_PROTOTYPE,True
W-001636,2026-08-31,2026-09-01,1070000,Submitted,2026-09-05,ASSET-W-001636,Indoor Sports Hall,Demo Village 20 Demo User Agency,Yes,2026-09-01,2026-09-12,Not Due,,None recorded,Compliant,Demo Village 20 Demo Local Body,demo://photos/W-001636/completion,SYNTHETIC_PROTOTYPE,True
W-001639,2026-08-31,2026-09-04,1443000,Submitted,2026-10-11,ASSET-W-001639,RO Water Plant,Demo Village 29 Demo User Agency,Yes,2026-09-15,2026-09-17,Not Due,,None recorded,Compliant,Demo Village 29 Demo Local Body,demo://photos/W-001639/completion,SYNTHETIC_PROTOTYPE,True
W-001640,2026-08-31,2026-09-08,1022000,Submitted,2026-09-11,ASSET-W-001640,Public Health Facility,Demo Village 18 Demo User Agency,Yes,2026-09-16,2026-09-11,Not Due,,None recorded,Compliant,Demo Village 18 Demo Local Body,demo://photos/W-001640/completion,SYNTHETIC_PROTOTYPE,True
W-001642,2026-08-31,2026-09-05,1589000,Submitted,2026-09-15,ASSET-W-001642,Rural Road,Demo Village 9 Demo User Agency,Yes,2026-09-08,2026-09-01,Completed,2026-12-17,None recorded,Compliant,Demo Village 9 Demo Local Body,demo://photos/W-001642/completion,SYNTHETIC_PROTOTYPE,True
W-001643,2026-08-31,2026-09-01,2419000,Submitted,2026-09-08,ASSET-W-001643,Solar Public Facility,Demo Village 22 Demo User Agency,Yes,2026-09-18,2026-09-04,Pending,,None recorded,Compliant,Demo Village 22 Demo Local Body,demo://photos/W-001643/completion,SYNTHETIC_PROTOTYPE,True
W-001644,2026-08-31,2026-09-01,3409000,Submitted,2026-10-11,ASSET-W-001644,Health Sub-Centre,Demo Village 21 Demo User Agency,Yes,2026-09-19,2026-09-13,Not Due,,None recorded,Compliant,Demo Village 21 Demo Local Body,demo://photos/W-001644/completion,SYNTHETIC_PROTOTYPE,True
W-001645,2026-08-31,2026-09-09,1712000,Submitted,2026-09-08,ASSET-W-001645,CC Road,Demo Village 32 Demo User Agency,Yes,2026-09-18,2026-09-08,Pending,,None recorded,Compliant,Demo Village 32 Demo Local Body,demo://photos/W-001645/completion,SYNTHETIC_PROTOTYPE,True
W-001646,2026-08-31,2026-09-03,859000,Submitted,2026-09-10,ASSET-W-001646,Ambulance Shelter,Demo Village 5 Demo User Agency,Yes,2026-09-03,2026-09-06,Not Due,,None recorded,Compliant,Demo Village 5 Demo Local Body,demo://photos/W-001646/completion,SYNTHETIC_PROTOTYPE,True
W-001647,2026-08-31,2026-08-31,3548000,Submitted,2026-10-04,ASSET-W-001647,Ambulance Shelter,Demo Village 30 Demo User Agency,Yes,2026-09-06,2026-09-30,Pending,,None recorded,Compliant,Demo Village 30 Demo Local Body,demo://photos/W-001647/completion,SYNTHETIC_PROTOTYPE,True
W-001648,2026-08-31,2026-09-05,661000,Submitted,2026-09-26,ASSET-W-001648,Water Tank,Demo Village 10 Demo User Agency,Yes,2026-09-15,2026-09-02,Pending,,None recorded,Compliant,Demo Village 10 Demo Local Body,demo://photos/W-001648/completion,SYNTHETIC_PROTOTYPE,True
W-001649,2026-08-31,2026-08-31,2084000,Submitted,2026-10-01,ASSET-W-001649,Public Waiting Hall,Demo Village 35 Demo User Agency,Yes,2026-09-04,2026-09-12,Pending,,None recorded,Compliant,Demo Village 35 Demo Local Body,demo://photos/W-001649/completion,SYNTHETIC_PROTOTYPE,True
W-001651,2026-08-31,2026-09-01,2629000,Submitted,2026-09-25,ASSET-W-001651,Bus Shelter,Demo Village 1 Demo User Agency,Yes,2026-09-01,2026-09-17,Pending,,None recorded,Compliant,Demo Village 1 Demo Local Body,demo://photos/W-001651/completion,SYNTHETIC_PROTOTYPE,True
W-001652,2026-08-31,2026-09-08,3629000,Submitted,2026-09-30,ASSET-W-001652,Ambulance Shelter,Demo Village 33 Demo User Agency,Yes,2026-09-09,2026-09-16,Pending,,None recorded,Compliant,Demo Village 33 Demo Local Body,demo://photos/W-001652/completion,SYNTHETIC_PROTOTYPE,True
W-001653,2026-08-31,2026-08-31,2743000,Submitted,2026-10-11,ASSET-W-001653,Borewell,Demo Village 32 Demo User Agency,Yes,2026-09-12,2026-09-30,Completed,2027-02-03,None recorded,Compliant,Demo Village 32 Demo Local Body,demo://photos/W-001653/completion,SYNTHETIC_PROTOTYPE,True
W-001654,2026-08-31,2026-09-04,1463000,Submitted,2026-09-06,ASSET-W-001654,Ambulance Shelter,Demo Village 9 Demo User Agency,Yes,2026-09-10,2026-09-08,Not Due,,None recorded,Compliant,Demo Village 9 Demo Local Body,demo://photos/W-001654/completion,SYNTHETIC_PROTOTYPE,True
W-001655,2026-08-31,2026-09-02,2456000,Submitted,2026-09-25,ASSET-W-001655,Digital Classroom,Demo Village 24 Demo User Agency,Yes,2026-09-07,2026-09-29,Pending,,None recorded,Compliant,Demo Village 24 Demo Local Body,demo://photos/W-001655/completion,SYNTHETIC_PROTOTYPE,True
W-001656,2026-08-31,2026-09-08,643000,Submitted,2026-09-30,ASSET-W-001656,Indoor Sports Hall,Demo Village 10 Demo User Agency,Yes,2026-09-09,2026-09-26,Not Due,,None recorded,Compliant,Demo Village 10 Demo Local Body,demo://photos/W-001656/completion,SYNTHETIC_PROTOTYPE,True
W-001657,2026-08-31,2026-09-05,798000,Not Submitted,,ASSET-W-001657,School Classroom,Demo Village 14 Demo User Agency,No,2026-09-20,2026-09-27,Completed,2027-01-06,Documentation / closure review,Review Required,Demo Village 14 Demo Local Body,demo://photos/W-001657/completion,SYNTHETIC_PROTOTYPE,True
W-001660,2026-08-31,2026-09-09,4380000,Submitted,2026-10-13,ASSET-W-001660,Small Bridge,Demo Village 25 Demo User Agency,Yes,2026-09-19,2026-09-24,Completed,2027-01-14,None recorded,Compliant,Demo Village 25 Demo Local Body,demo://photos/W-001660/completion,SYNTHETIC_PROTOTYPE,True
W-001661,2026-08-31,2026-09-02,3710000,Submitted,2026-10-13,ASSET-W-001661,CC Road,Demo Village 22 Demo User Agency,Yes,2026-09-15,2026-09-18,Not Due,,None recorded,Compliant,Demo Village 22 Demo Local Body,demo://photos/W-001661/completion,SYNTHETIC_PROTOTYPE,True
W-001664,2026-08-31,2026-08-31,1898000,Pending,,ASSET-W-001664,Community Hall,Demo Village 15 Demo User Agency,No,2026-09-20,2026-09-16,Not Due,,Documentation / closure review,Review Required,Demo Village 15 Demo Local Body,demo://photos/W-001664/completion,SYNTHETIC_PROTOTYPE,True
W-001668,2026-08-31,2026-08-31,1243000,Submitted,2026-10-08,ASSET-W-001668,Small Bridge,Demo Village 29 Demo User Agency,Yes,2026-09-07,2026-09-27,Not Due,,None recorded,Compliant,Demo Village 29 Demo Local Body,demo://photos/W-001668/completion,SYNTHETIC_PROTOTYPE,True
W-001671,2026-08-31,2026-09-07,2534000,Submitted,2026-10-10,ASSET-W-001671,Borewell,Demo Village 19 Demo User Agency,Yes,2026-09-03,2026-09-20,Pending,,None recorded,Compliant,Demo Village 19 Demo Local Body,demo://photos/W-001671/completion,SYNTHETIC_PROTOTYPE,True
W-001672,2026-08-31,2026-09-05,1885000,Submitted,2026-09-11,ASSET-W-001672,PHC Equipment Room,Demo Village 30 Demo User Agency,Yes,2026-09-16,2026-09-30,Completed,2027-02-09,None recorded,Compliant,Demo Village 30 Demo Local Body,demo://photos/W-001672/completion,SYNTHETIC_PROTOTYPE,True
W-001673,2026-08-31,2026-09-08,2170000,Submitted,2026-09-15,ASSET-W-001673,Solar Community Lighting,Demo Village 22 Demo User Agency,Yes,2026-09-19,2026-09-29,Completed,2026-11-12,None recorded,Compliant,Demo Village 22 Demo Local Body,demo://photos/W-001673/completion,SYNTHETIC_PROTOTYPE,True
W-001674,2026-08-31,2026-09-08,891000,Submitted,2026-09-16,ASSET-W-001674,Playground Development,Demo Village 25 Demo User Agency,Yes,2026-09-06,2026-09-26,Completed,2027-02-15,None recorded,Compliant,Demo Village 25 Demo Local Body,demo://photos/W-001674/completion,SYNTHETIC_PROTOTYPE,True
W-001675,2026-08-31,2026-09-08,3514000,Submitted,2026-10-13,ASSET-W-001675,Community Hall,Demo Village 34 Demo User Agency,Yes,2026-09-18,2026-09-27,Pending,,None recorded,Compliant,Demo Village 34 Demo Local Body,demo://photos/W-001675/completion,SYNTHETIC_PROTOTYPE,True
W-001676,2026-08-31,2026-09-10,2053000,Submitted,2026-09-20,ASSET-W-001676,Bus Shelter,Demo Village 4 Demo User Agency,Yes,2026-09-16,2026-09-07,Not Due,,None recorded,Compliant,Demo Village 4 Demo Local Body,demo://photos/W-001676/completion,SYNTHETIC_PROTOTYPE,True
W-001677,2026-08-31,2026-09-04,2874000,Submitted,2026-10-09,ASSET-W-001677,Small Bridge,Demo Village 8 Demo User Agency,Yes,2026-09-15,2026-09-20,Completed,2027-02-22,None recorded,Compliant,Demo Village 8 Demo Local Body,demo://photos/W-001677/completion,SYNTHETIC_PROTOTYPE,True
W-001680,2026-08-31,2026-09-03,996000,Submitted,2026-10-15,ASSET-W-001680,Open Gym,Demo Village 34 Demo User Agency,Yes,2026-09-03,2026-09-04,Not Due,,None recorded,Compliant,Demo Village 34 Demo Local Body,demo://photos/W-001680/completion,SYNTHETIC_PROTOTYPE,True
W-001681,2026-08-31,2026-09-05,3938000,Submitted,2026-10-06,ASSET-W-001681,Small Bridge,Demo Village 5 Demo User Agency,Yes,2026-09-08,2026-09-12,Pending,,None recorded,Compliant,Demo Village 5 Demo Local Body,demo://photos/W-001681/completion,SYNTHETIC_PROTOTYPE,True
W-001682,2026-08-31,2026-09-07,2693000,Submitted,2026-09-13,ASSET-W-001682,Indoor Sports Hall,Demo Village 5 Demo User Agency,Yes,2026-09-03,2026-09-16,Completed,2026-10-21,None recorded,Compliant,Demo Village 5 Demo Local Body,demo://photos/W-001682/completion,SYNTHETIC_PROTOTYPE,True
W-001683,2026-08-31,2026-09-08,1572000,Submitted,2026-09-25,ASSET-W-001683,RO Water Plant,Demo Village 23 Demo User Agency,Yes,2026-09-20,2026-09-12,Pending,,None recorded,Compliant,Demo Village 23 Demo Local Body,demo://photos/W-001683/completion,SYNTHETIC_PROTOTYPE,True
W-001684,2026-08-31,2026-09-10,2513000,Submitted,2026-09-28,ASSET-W-001684,Pipeline Extension,Demo Village 5 Demo User Agency,Yes,2026-09-15,2026-09-01,Completed,2026-11-20,None recorded,Compliant,Demo Village 5 Demo Local Body,demo://photos/W-001684/completion,SYNTHETIC_PROTOTYPE,True
W-001686,2026-08-31,2026-09-05,3763000,Submitted,2026-09-28,ASSET-W-001686,Small Bridge,Demo Village 5 Demo User Agency,Yes,2026-09-11,2026-09-06,Not Due,,None recorded,Compliant,Demo Village 5 Demo Local Body,demo://photos/W-001686/completion,SYNTHETIC_PROTOTYPE,True
W-001688,2026-08-31,2026-09-03,3254000,Submitted,2026-10-14,ASSET-W-001688,PHC Equipment Room,Demo Village 33 Demo User Agency,Yes,2026-09-10,2026-09-07,Completed,2027-01-19,None recorded,Compliant,Demo Village 33 Demo Local Body,demo://photos/W-001688/completion,SYNTHETIC_PROTOTYPE,True
W-001689,2026-08-31,2026-09-08,957000,Submitted,2026-10-05,ASSET-W-001689,Public Health Facility,Demo Village 12 Demo User Agency,Yes,2026-09-18,2026-09-02,Not Due,,None recorded,Compliant,Demo Village 12 Demo Local Body,demo://photos/W-001689/completion,SYNTHETIC_PROTOTYPE,True
W-001690,2026-08-31,2026-09-09,2396000,Submitted,2026-10-09,ASSET-W-001690,Library Room,Demo Village 26 Demo User Agency,Yes,2026-09-15,2026-09-16,Not Due,,None recorded,Compliant,Demo Village 26 Demo Local Body,demo://photos/W-001690/completion,SYNTHETIC_PROTOTYPE,True
W-001692,2026-08-31,2026-09-05,2468000,Submitted,2026-10-05,ASSET-W-001692,Health Sub-Centre,Demo Village 31 Demo User Agency,Yes,2026-09-18,2026-09-14,Completed,2027-02-09,None recorded,Compliant,Demo Village 31 Demo Local Body,demo://photos/W-001692/completion,SYNTHETIC_PROTOTYPE,True
W-001693,2026-08-31,2026-09-10,715000,Submitted,2026-10-13,ASSET-W-001693,Open Gym,Demo Village 14 Demo User Agency,Yes,2026-09-10,2026-09-19,Pending,,None recorded,Compliant,Demo Village 14 Demo Local Body,demo://photos/W-001693/completion,SYNTHETIC_PROTOTYPE,True
W-001695,2026-08-31,2026-09-09,1594000,Submitted,2026-09-12,ASSET-W-001695,Open Gym,Demo Village 3 Demo User Agency,Yes,2026-09-19,2026-09-10,Pending,,None recorded,Compliant,Demo Village 3 Demo Local Body,demo://photos/W-001695/completion,SYNTHETIC_PROTOTYPE,True
W-001697,2026-08-31,2026-09-05,3241000,Submitted,2026-09-16,ASSET-W-001697,Bus Shelter,Demo Village 7 Demo User Agency,Yes,2026-09-04,2026-09-14,Not Due,,None recorded,Compliant,Demo Village 7 Demo Local Body,demo://photos/W-001697/completion,SYNTHETIC_PROTOTYPE,True
W-001698,2026-08-31,2026-08-31,1268000,Submitted,2026-10-01,ASSET-W-001698,Ambulance Shelter,Demo Village 3 Demo User Agency,Yes,2026-09-17,2026-09-08,Pending,,None recorded,Compliant,Demo Village 3 Demo Local Body,demo://photos/W-001698/completion,SYNTHETIC_PROTOTYPE,True
W-001700,2026-08-31,2026-09-09,1654000,Submitted,2026-10-01,ASSET-W-001700,Digital Classroom,Demo Village 21 Demo User Agency,Yes,2026-09-18,2026-09-27,Pending,,None recorded,Compliant,Demo Village 21 Demo Local Body,demo://photos/W-001700/completion,SYNTHETIC_PROTOTYPE,True
W-001701,2026-08-31,2026-09-05,3416000,Submitted,2026-09-22,ASSET-W-001701,Solar Community Lighting,Demo Village 30 Demo User Agency,Yes,2026-09-09,2026-09-07,Not Due,,None recorded,Compliant,Demo Village 30 Demo Local Body,demo://photos/W-001701/completion,SYNTHETIC_PROTOTYPE,True
W-001702,2026-08-31,2026-09-09,2947000,Submitted,2026-10-12,ASSET-W-001702,Rural Road,Demo Village 32 Demo User Agency,Yes,2026-09-18,2026-09-02,Completed,2026-10-22,None recorded,Compliant,Demo Village 32 Demo Local Body,demo://photos/W-001702/completion,SYNTHETIC_PROTOTYPE,True
W-001703,2026-08-31,2026-09-08,1199000,Submitted,2026-10-15,ASSET-W-001703,Borewell,Demo Village 3 Demo User Agency,Yes,2026-09-17,2026-09-22,Pending,,None recorded,Compliant,Demo Village 3 Demo Local Body,demo://photos/W-001703/completion,SYNTHETIC_PROTOTYPE,True
W-001704,2026-08-31,2026-09-01,1904000,Submitted,2026-10-14,ASSET-W-001704,Borewell,Demo Village 31 Demo User Agency,Yes,2026-09-20,2026-09-28,Not Due,,None recorded,Compliant,Demo Village 31 Demo Local Body,demo://photos/W-001704/completion,SYNTHETIC_PROTOTYPE,True
W-001705,2026-08-31,2026-09-05,972000,Submitted,2026-10-01,ASSET-W-001705,Sports Equipment Facility,Demo Village 3 Demo User Agency,Yes,2026-09-12,2026-09-25,Completed,2026-10-27,None recorded,Compliant,Demo Village 3 Demo Local Body,demo://photos/W-001705/completion,SYNTHETIC_PROTOTYPE,True
W-001706,2026-08-31,2026-09-02,3067000,Submitted,2026-09-27,ASSET-W-001706,School Toilet,Demo Village 13 Demo User Agency,Yes,2026-09-10,2026-09-23,Completed,2027-01-01,None recorded,Compliant,Demo Village 13 Demo Local Body,demo://photos/W-001706/completion,SYNTHETIC_PROTOTYPE,True
W-001708,2026-08-31,2026-09-10,2358000,Submitted,2026-09-15,ASSET-W-001708,School Classroom,Demo Village 27 Demo User Agency,Yes,2026-09-13,2026-09-19,Completed,2026-10-15,None recorded,Compliant,Demo Village 27 Demo Local Body,demo://photos/W-001708/completion,SYNTHETIC_PROTOTYPE,True
W-001710,2026-08-31,2026-09-08,2018000,Submitted,2026-09-17,ASSET-W-001710,Library Room,Demo Village 13 Demo User Agency,Yes,2026-09-15,2026-09-15,Completed,2026-10-28,None recorded,Compliant,Demo Village 13 Demo Local Body,demo://photos/W-001710/completion,SYNTHETIC_PROTOTYPE,True
W-001711,2026-08-31,2026-09-07,2705000,Submitted,2026-10-10,ASSET-W-001711,Indoor Sports Hall,Demo Village 2 Demo User Agency,Yes,2026-09-07,2026-09-07,Completed,2026-12-30,None recorded,Compliant,Demo Village 2 Demo Local Body,demo://photos/W-001711/completion,SYNTHETIC_PROTOTYPE,True
W-001713,2026-08-31,2026-09-01,1611000,Submitted,2026-09-25,ASSET-W-001713,Community Sanitation,Demo Village 27 Demo User Agency,Yes,2026-09-16,2026-09-27,Completed,2027-02-22,None recorded,Compliant,Demo Village 27 Demo Local Body,demo://photos/W-001713/completion,SYNTHETIC_PROTOTYPE,True
W-001715,2026-08-31,2026-09-05,2331000,Submitted,2026-10-13,ASSET-W-001715,Public Health Facility,Demo Village 7 Demo User Agency,Yes,2026-09-09,2026-09-24,Pending,,None recorded,Compliant,Demo Village 7 Demo Local Body,demo://photos/W-001715/completion,SYNTHETIC_PROTOTYPE,True
W-001718,2026-08-31,2026-09-07,2070000,Submitted,2026-10-10,ASSET-W-001718,Water Tank,Demo Village 20 Demo User Agency,Yes,2026-09-18,2026-09-09,Pending,,None recorded,Compliant,Demo Village 20 Demo Local Body,demo://photos/W-001718/completion,SYNTHETIC_PROTOTYPE,True
W-001719,2026-08-31,2026-09-03,3177000,Submitted,2026-09-25,ASSET-W-001719,Public Health Facility,Demo Village 7 Demo User Agency,Yes,2026-09-07,2026-09-08,Completed,2026-11-18,None recorded,Compliant,Demo Village 7 Demo Local Body,demo://photos/W-001719/completion,SYNTHETIC_PROTOTYPE,True
W-001721,2026-08-31,2026-09-07,1529000,Submitted,2026-09-17,ASSET-W-001721,Solid Waste Shed,Demo Village 16 Demo User Agency,Yes,2026-09-10,2026-09-06,Completed,2026-12-11,None recorded,Compliant,Demo Village 16 Demo Local Body,demo://photos/W-001721/completion,SYNTHETIC_PROTOTYPE,True
W-001722,2026-08-31,2026-09-03,1340000,Submitted,2026-09-16,ASSET-W-001722,Open Gym,Demo Village 15 Demo User Agency,Yes,2026-09-03,2026-09-02,Completed,2026-11-06,None recorded,Compliant,Demo Village 15 Demo Local Body,demo://photos/W-001722/completion,SYNTHETIC_PROTOTYPE,True
W-001723,2026-08-31,2026-09-02,908000,Submitted,2026-10-07,ASSET-W-001723,Solid Waste Shed,Demo Village 33 Demo User Agency,Yes,2026-09-07,2026-09-15,Completed,2026-12-28,None recorded,Compliant,Demo Village 33 Demo Local Body,demo://photos/W-001723/completion,SYNTHETIC_PROTOTYPE,True
W-001725,2026-08-31,2026-09-02,3035000,Submitted,2026-09-16,ASSET-W-001725,Health Sub-Centre,Demo Village 8 Demo User Agency,Yes,2026-09-17,2026-09-29,Completed,2026-11-22,None recorded,Compliant,Demo Village 8 Demo Local Body,demo://photos/W-001725/completion,SYNTHETIC_PROTOTYPE,True
W-001726,2026-08-31,2026-09-10,1086000,Submitted,2026-10-12,ASSET-W-001726,Public Toilet,Demo Village 14 Demo User Agency,Yes,2026-09-01,2026-09-16,Not Due,,None recorded,Compliant,Demo Village 14 Demo Local Body,demo://photos/W-001726/completion,SYNTHETIC_PROTOTYPE,True
W-001727,2026-08-31,2026-08-31,2784000,Submitted,2026-10-12,ASSET-W-001727,Public Health Facility,Demo Village 14 Demo User Agency,Yes,2026-09-07,2026-09-18,Completed,2027-02-11,None recorded,Compliant,Demo Village 14 Demo Local Body,demo://photos/W-001727/completion,SYNTHETIC_PROTOTYPE,True
W-001728,2026-08-31,2026-09-08,1866000,Submitted,2026-09-23,ASSET-W-001728,CC Road,Demo Village 23 Demo User Agency,Yes,2026-09-08,2026-09-06,Pending,,None recorded,Compliant,Demo Village 23 Demo Local Body,demo://photos/W-001728/completion,SYNTHETIC_PROTOTYPE,True
W-001729,2026-08-31,2026-09-06,2956000,Submitted,2026-09-07,ASSET-W-001729,Indoor Sports Hall,Demo Village 10 Demo User Agency,Yes,2026-09-11,2026-09-09,Not Due,,None recorded,Compliant,Demo Village 10 Demo Local Body,demo://photos/W-001729/completion,SYNTHETIC_PROTOTYPE,True
W-001731,2026-08-31,2026-09-06,1676000,Submitted,2026-09-29,ASSET-W-001731,Solar Community Lighting,Demo Village 19 Demo User Agency,Yes,2026-09-12,2026-09-16,Pending,,None recorded,Compliant,Demo Village 19 Demo Local Body,demo://photos/W-001731/completion,SYNTHETIC_PROTOTYPE,True
W-001733,2026-08-31,2026-09-01,3433000,Submitted,2026-09-08,ASSET-W-001733,RO Water Plant,Demo Village 17 Demo User Agency,Yes,2026-09-02,2026-09-10,Not Due,,None recorded,Compliant,Demo Village 17 Demo Local Body,demo://photos/W-001733/completion,SYNTHETIC_PROTOTYPE,True
W-001737,2026-08-31,2026-09-02,2282000,Submitted,2026-09-17,ASSET-W-001737,Indoor Sports Hall,Demo Village 24 Demo User Agency,Yes,2026-09-03,2026-09-25,Completed,2027-01-26,None recorded,Compliant,Demo Village 24 Demo Local Body,demo://photos/W-001737/completion,SYNTHETIC_PROTOTYPE,True
W-001739,2026-08-31,2026-09-01,1955000,Submitted,2026-10-08,ASSET-W-001739,Ambulance Shelter,Demo Village 12 Demo User Agency,Yes,2026-09-18,2026-09-22,Pending,,None recorded,Compliant,Demo Village 12 Demo Local Body,demo://photos/W-001739/completion,SYNTHETIC_PROTOTYPE,True
W-001741,2026-08-31,2026-08-31,1166000,Submitted,2026-10-07,ASSET-W-001741,RO Water Plant,Demo Village 30 Demo User Agency,Yes,2026-09-14,2026-09-24,Not Due,,None recorded,Compliant,Demo Village 30 Demo Local Body,demo://photos/W-001741/completion,SYNTHETIC_PROTOTYPE,True
W-001745,2026-08-31,2026-09-04,2492000,Submitted,2026-09-09,ASSET-W-001745,School Classroom,Demo Village 26 Demo User Agency,Yes,2026-09-07,2026-09-03,Completed,2026-11-18,None recorded,Compliant,Demo Village 26 Demo Local Body,demo://photos/W-001745/completion,SYNTHETIC_PROTOTYPE,True
W-001746,2026-08-31,2026-09-04,2135000,Submitted,2026-09-06,ASSET-W-001746,CC Road,Demo Village 33 Demo User Agency,Yes,2026-09-19,2026-09-15,Not Due,,None recorded,Compliant,Demo Village 33 Demo Local Body,demo://photos/W-001746/completion,SYNTHETIC_PROTOTYPE,True
W-001751,2026-08-31,2026-09-04,580000,Submitted,2026-09-11,ASSET-W-001751,Water Tank,Demo Village 21 Demo User Agency,Yes,2026-09-15,2026-09-26,Not Due,,None recorded,Compliant,Demo Village 21 Demo Local Body,demo://photos/W-001751/completion,SYNTHETIC_PROTOTYPE,True
W-001752,2026-08-31,2026-09-10,1325000,Submitted,2026-09-24,ASSET-W-001752,Anganwadi Building,Demo Village 1 Demo User Agency,Yes,2026-09-02,2026-09-04,Not Due,,None recorded,Compliant,Demo Village 1 Demo Local Body,demo://photos/W-001752/completion,SYNTHETIC_PROTOTYPE,True
W-001753,2026-08-31,2026-09-01,879000,Submitted,2026-10-14,ASSET-W-001753,School Classroom,Demo Village 1 Demo User Agency,Yes,2026-09-18,2026-09-14,Pending,,None recorded,Compliant,Demo Village 1 Demo Local Body,demo://photos/W-001753/completion,SYNTHETIC_PROTOTYPE,True
W-001754,2026-08-31,2026-09-03,1284000,Submitted,2026-09-20,ASSET-W-001754,School Toilet,Demo Village 23 Demo User Agency,Yes,2026-09-04,2026-09-04,Not Due,,None recorded,Compliant,Demo Village 23 Demo Local Body,demo://photos/W-001754/completion,SYNTHETIC_PROTOTYPE,True
W-001756,2026-08-31,2026-09-02,1590000,Submitted,2026-09-09,ASSET-W-001756,Library Room,Demo Village 14 Demo User Agency,Yes,2026-09-03,2026-09-29,Pending,,None recorded,Compliant,Demo Village 14 Demo Local Body,demo://photos/W-001756/completion,SYNTHETIC_PROTOTYPE,True
W-001757,2026-08-31,2026-09-08,960000,Submitted,2026-09-27,ASSET-W-001757,Digital Classroom,Demo Village 4 Demo User Agency,Yes,2026-09-06,2026-09-11,Pending,,None recorded,Compliant,Demo Village 4 Demo Local Body,demo://photos/W-001757/completion,SYNTHETIC_PROTOTYPE,True
W-001759,2026-08-31,2026-09-09,4573000,Submitted,2026-09-07,ASSET-W-001759,Health Sub-Centre,Demo Village 10 Demo User Agency,Yes,2026-09-11,2026-09-10,Completed,2026-10-23,None recorded,Compliant,Demo Village 10 Demo Local Body,demo://photos/W-001759/completion,SYNTHETIC_PROTOTYPE,True
W-001760,2026-08-31,2026-09-08,4529000,Submitted,2026-10-09,ASSET-W-001760,Public Health Facility,Demo Village 20 Demo User Agency,Yes,2026-09-14,2026-09-13,Not Due,,None recorded,Compliant,Demo Village 20 Demo Local Body,demo://photos/W-001760/completion,SYNTHETIC_PROTOTYPE,True
W-001761,2026-08-31,2026-09-10,2223000,Submitted,2026-09-23,ASSET-W-001761,Indoor Sports Hall,Demo Village 9 Demo User Agency,Yes,2026-09-19,2026-09-25,Not Due,,None recorded,Compliant,Demo Village 9 Demo Local Body,demo://photos/W-001761/completion,SYNTHETIC_PROTOTYPE,True
W-001762,2026-08-31,2026-09-09,1286000,Submitted,2026-09-22,ASSET-W-001762,Pipeline Extension,Demo Village 12 Demo User Agency,Yes,2026-09-08,2026-09-10,Completed,2026-11-15,None recorded,Compliant,Demo Village 12 Demo Local Body,demo://photos/W-001762/completion,SYNTHETIC_PROTOTYPE,True
W-001765,2026-08-31,2026-09-09,1858000,Submitted,2026-10-08,ASSET-W-001765,RO Water Plant,Demo Village 34 Demo User Agency,Yes,2026-09-07,2026-09-05,Completed,2026-10-21,None recorded,Compliant,Demo Village 34 Demo Local Body,demo://photos/W-001765/completion,SYNTHETIC_PROTOTYPE,True
W-001767,2026-08-31,2026-09-10,1961000,Submitted,2026-09-20,ASSET-W-001767,Sports Equipment Facility,Demo Village 6 Demo User Agency,Yes,2026-09-01,2026-09-12,Not Due,,None recorded,Compliant,Demo Village 6 Demo Local Body,demo://photos/W-001767/completion,SYNTHETIC_PROTOTYPE,True
W-001768,2026-08-31,2026-09-05,816000,Submitted,2026-10-06,ASSET-W-001768,Borewell,Demo Village 16 Demo User Agency,Yes,2026-09-08,2026-09-26,Completed,2026-11-20,None recorded,Compliant,Demo Village 16 Demo Local Body,demo://photos/W-001768/completion,SYNTHETIC_PROTOTYPE,True
W-001769,2026-08-31,2026-09-05,2657000,Submitted,2026-10-15,ASSET-W-001769,Drainage,Demo Village 16 Demo User Agency,Yes,2026-09-18,2026-09-10,Completed,2026-11-21,None recorded,Compliant,Demo Village 16 Demo Local Body,demo://photos/W-001769/completion,SYNTHETIC_PROTOTYPE,True
W-001770,2026-08-31,2026-09-07,2889000,Submitted,2026-10-02,ASSET-W-001770,Pipeline Extension,Demo Village 23 Demo User Agency,Yes,2026-09-11,2026-09-09,Not Due,,None recorded,Compliant,Demo Village 23 Demo Local Body,demo://photos/W-001770/completion,SYNTHETIC_PROTOTYPE,True
W-001771,2026-08-31,2026-09-10,974000,Submitted,2026-10-15,ASSET-W-001771,Public Toilet,Demo Village 23 Demo User Agency,Yes,2026-09-01,2026-09-19,Completed,2027-01-01,None recorded,Compliant,Demo Village 23 Demo Local Body,demo://photos/W-001771/completion,SYNTHETIC_PROTOTYPE,True
W-001772,2026-08-31,2026-09-02,3342000,Submitted,2026-09-24,ASSET-W-001772,School Classroom,Demo Village 12 Demo User Agency,Yes,2026-09-03,2026-09-16,Not Due,,None recorded,Compliant,Demo Village 12 Demo Local Body,demo://photos/W-001772/completion,SYNTHETIC_PROTOTYPE,True
W-001773,2026-08-31,2026-09-01,959000,Submitted,2026-10-06,ASSET-W-001773,Solar Public Facility,Demo Village 29 Demo User Agency,Yes,2026-09-09,2026-09-21,Not Due,,None recorded,Compliant,Demo Village 29 Demo Local Body,demo://photos/W-001773/completion,SYNTHETIC_PROTOTYPE,True
W-001774,2026-08-31,2026-08-31,2225000,Submitted,2026-09-20,ASSET-W-001774,RO Water Plant,Demo Village 35 Demo User Agency,Yes,2026-09-09,2026-09-15,Completed,2026-11-05,None recorded,Compliant,Demo Village 35 Demo Local Body,demo://photos/W-001774/completion,SYNTHETIC_PROTOTYPE,True
W-001775,2026-08-31,2026-08-31,2771000,Submitted,2026-10-05,ASSET-W-001775,Community Hall,Demo Village 8 Demo User Agency,Yes,2026-09-19,2026-09-12,Completed,2026-11-05,None recorded,Compliant,Demo Village 8 Demo Local Body,demo://photos/W-001775/completion,SYNTHETIC_PROTOTYPE,True
W-001776,2026-08-31,2026-09-09,1339000,Submitted,2026-10-03,ASSET-W-001776,Solar Community Lighting,Demo Village 20 Demo User Agency,Yes,2026-09-19,2026-09-04,Not Due,,None recorded,Compliant,Demo Village 20 Demo Local Body,demo://photos/W-001776/completion,SYNTHETIC_PROTOTYPE,True
W-001777,2026-08-31,2026-09-03,2875000,Submitted,2026-10-08,ASSET-W-001777,School Toilet,Demo Village 18 Demo User Agency,Yes,2026-09-11,2026-09-11,Not Due,,None recorded,Compliant,Demo Village 18 Demo Local Body,demo://photos/W-001777/completion,SYNTHETIC_PROTOTYPE,True
W-001778,2026-08-31,2026-09-02,1155000,Submitted,2026-09-20,ASSET-W-001778,Health Sub-Centre,Demo Village 16 Demo User Agency,Yes,2026-09-03,2026-09-12,Not Due,,None recorded,Compliant,Demo Village 16 Demo Local Body,demo://photos/W-001778/completion,SYNTHETIC_PROTOTYPE,True
W-001779,2026-08-31,2026-09-03,3886000,Submitted,2026-09-21,ASSET-W-001779,Rural Road,Demo Village 15 Demo User Agency,Yes,2026-09-10,2026-09-21,Completed,2027-01-22,None recorded,Compliant,Demo Village 15 Demo Local Body,demo://photos/W-001779/completion,SYNTHETIC_PROTOTYPE,True
W-001780,2026-08-31,2026-09-08,942000,Submitted,2026-09-30,ASSET-W-001780,Solar Public Facility,Demo Village 24 Demo User Agency,Yes,2026-09-18,2026-09-06,Pending,,None recorded,Compliant,Demo Village 24 Demo Local Body,demo://photos/W-001780/completion,SYNTHETIC_PROTOTYPE,True
W-001781,2026-08-31,2026-09-10,1119000,Submitted,2026-09-09,ASSET-W-001781,Water Tank,Demo Village 22 Demo User Agency,Yes,2026-09-17,2026-09-26,Not Due,,None recorded,Compliant,Demo Village 22 Demo Local Body,demo://photos/W-001781/completion,SYNTHETIC_PROTOTYPE,True
W-001783,2026-08-31,2026-09-09,2280000,Submitted,2026-10-12,ASSET-W-001783,Playground Development,Demo Village 8 Demo User Agency,Yes,2026-09-16,2026-09-20,Not Due,,None recorded,Compliant,Demo Village 8 Demo Local Body,demo://photos/W-001783/completion,SYNTHETIC_PROTOTYPE,True
W-001784,2026-08-31,2026-09-04,2900000,Submitted,2026-10-04,ASSET-W-001784,Indoor Sports Hall,Demo Village 29 Demo User Agency,Yes,2026-09-10,2026-09-15,Pending,,None recorded,Compliant,Demo Village 29 Demo Local Body,demo://photos/W-001784/completion,SYNTHETIC_PROTOTYPE,True
W-001785,2026-08-31,2026-09-04,1885000,Submitted,2026-09-27,ASSET-W-001785,Water Tank,Demo Village 20 Demo User Agency,Yes,2026-09-05,2026-09-04,Pending,,None recorded,Compliant,Demo Village 20 Demo Local Body,demo://photos/W-001785/completion,SYNTHETIC_PROTOTYPE,True
W-001788,2026-08-31,2026-09-02,636000,Submitted,2026-10-09,ASSET-W-001788,Solar Community Lighting,Demo Village 26 Demo User Agency,Yes,2026-09-10,2026-09-29,Not Due,,None recorded,Compliant,Demo Village 26 Demo Local Body,demo://photos/W-001788/completion,SYNTHETIC_PROTOTYPE,True
W-001789,2026-08-31,2026-09-04,1072000,Submitted,2026-10-09,ASSET-W-001789,Community Sanitation,Demo Village 33 Demo User Agency,Yes,2026-09-14,2026-09-09,Pending,,None recorded,Compliant,Demo Village 33 Demo Local Body,demo://photos/W-001789/completion,SYNTHETIC_PROTOTYPE,True
W-001790,2026-08-31,2026-09-07,1090000,Submitted,2026-09-12,ASSET-W-001790,Solid Waste Shed,Demo Village 14 Demo User Agency,Yes,2026-09-09,2026-09-11,Completed,2026-11-18,None recorded,Compliant,Demo Village 14 Demo Local Body,demo://photos/W-001790/completion,SYNTHETIC_PROTOTYPE,True
W-001794,2026-08-31,2026-09-08,2262000,Submitted,2026-09-09,ASSET-W-001794,Public Toilet,Demo Village 2 Demo User Agency,Yes,2026-09-07,2026-09-18,Completed,2026-11-30,None recorded,Compliant,Demo Village 2 Demo Local Body,demo://photos/W-001794/completion,SYNTHETIC_PROTOTYPE,True
W-001796,2026-08-31,2026-09-06,891000,Submitted,2026-09-08,ASSET-W-001796,Sports Equipment Facility,Demo Village 17 Demo User Agency,Yes,2026-09-10,2026-09-12,Pending,,None recorded,Compliant,Demo Village 17 Demo Local Body,demo://photos/W-001796/completion,SYNTHETIC_PROTOTYPE,True
W-001797,2026-08-31,2026-09-03,2470000,Submitted,2026-10-09,ASSET-W-001797,Library Room,Demo Village 11 Demo User Agency,Yes,2026-09-03,2026-09-12,Pending,,None recorded,Compliant,Demo Village 11 Demo Local Body,demo://photos/W-001797/completion,SYNTHETIC_PROTOTYPE,True
W-001799,2026-08-31,2026-09-10,1030000,Submitted,2026-10-10,ASSET-W-001799,Solar Street Lights,Demo Village 30 Demo User Agency,Yes,2026-09-04,2026-09-25,Not Due,,None recorded,Compliant,Demo Village 30 Demo Local Body,demo://photos/W-001799/completion,SYNTHETIC_PROTOTYPE,True
W-001800,2026-08-31,2026-09-07,811000,Submitted,2026-10-15,ASSET-W-001800,Solar Community Lighting,Demo Village 17 Demo User Agency,Yes,2026-09-06,2026-09-15,Pending,,None recorded,Compliant,Demo Village 17 Demo Local Body,demo://photos/W-001800/completion,SYNTHETIC_PROTOTYPE,True
W-001801,2026-08-31,2026-09-03,1358000,Submitted,2026-10-09,ASSET-W-001801,Bus Shelter,Demo Village 13 Demo User Agency,Yes,2026-09-03,2026-09-15,Not Due,,None recorded,Compliant,Demo Village 13 Demo Local Body,demo://photos/W-001801/completion,SYNTHETIC_PROTOTYPE,True
W-001803,2026-08-31,2026-09-02,1529000,Submitted,2026-09-25,ASSET-W-001803,Solar Community Lighting,Demo Village 3 Demo User Agency,Yes,2026-09-07,2026-09-01,Pending,,None recorded,Compliant,Demo Village 3 Demo Local Body,demo://photos/W-001803/completion,SYNTHETIC_PROTOTYPE,True
W-001804,2026-08-31,2026-09-03,604000,Submitted,2026-09-11,ASSET-W-001804,Sports Equipment Facility,Demo Village 32 Demo User Agency,Yes,2026-09-08,2026-09-14,Completed,2027-02-20,None recorded,Compliant,Demo Village 32 Demo Local Body,demo://photos/W-001804/completion,SYNTHETIC_PROTOTYPE,True
W-001808,2026-08-31,2026-09-02,2141000,Submitted,2026-10-10,ASSET-W-001808,Pipeline Extension,Demo Village 21 Demo User Agency,Yes,2026-09-07,2026-09-05,Pending,,None recorded,Compliant,Demo Village 21 Demo Local Body,demo://photos/W-001808/completion,SYNTHETIC_PROTOTYPE,True
W-001809,2026-08-31,2026-09-03,2131000,Submitted,2026-09-09,ASSET-W-001809,Water Tank,Demo Village 6 Demo User Agency,Yes,2026-09-15,2026-09-21,Not Due,,None recorded,Compliant,Demo Village 6 Demo Local Body,demo://photos/W-001809/completion,SYNTHETIC_PROTOTYPE,True
W-001812,2026-08-31,2026-09-04,1104000,Submitted,2026-10-09,ASSET-W-001812,Health Sub-Centre,Demo Village 1 Demo User Agency,Yes,2026-09-07,2026-09-19,Completed,2026-12-14,None recorded,Compliant,Demo Village 1 Demo Local Body,demo://photos/W-001812/completion,SYNTHETIC_PROTOTYPE,True
W-001813,2026-08-31,2026-09-01,839000,Submitted,2026-10-03,ASSET-W-001813,Digital Classroom,Demo Village 6 Demo User Agency,Yes,2026-09-01,2026-09-15,Not Due,,None recorded,Compliant,Demo Village 6 Demo Local Body,demo://photos/W-001813/completion,SYNTHETIC_PROTOTYPE,True
W-001814,2026-08-31,2026-09-08,2727000,Submitted,2026-09-12,ASSET-W-001814,Community Hall,Demo Village 8 Demo User Agency,Yes,2026-09-01,2026-09-04,Not Due,,None recorded,Compliant,Demo Village 8 Demo Local Body,demo://photos/W-001814/completion,SYNTHETIC_PROTOTYPE,True
W-001815,2026-08-31,2026-09-10,1810000,Submitted,2026-09-05,ASSET-W-001815,Pipeline Extension,Demo Village 19 Demo User Agency,Yes,2026-09-08,2026-09-29,Completed,2026-11-24,None recorded,Compliant,Demo Village 19 Demo Local Body,demo://photos/W-001815/completion,SYNTHETIC_PROTOTYPE,True
W-001816,2026-08-31,2026-09-02,992000,Submitted,2026-10-06,ASSET-W-001816,Indoor Sports Hall,Demo Village 32 Demo User Agency,Yes,2026-09-05,2026-09-24,Not Due,,None recorded,Compliant,Demo Village 32 Demo Local Body,demo://photos/W-001816/completion,SYNTHETIC_PROTOTYPE,True
W-001817,2026-08-31,2026-09-06,1777000,Submitted,2026-09-20,ASSET-W-001817,RO Water Plant,Demo Village 20 Demo User Agency,Yes,2026-09-11,2026-09-10,Not Due,,None recorded,Compliant,Demo Village 20 Demo Local Body,demo://photos/W-001817/completion,SYNTHETIC_PROTOTYPE,True
W-001818,2026-08-31,2026-08-31,1220000,Submitted,2026-10-06,ASSET-W-001818,School Classroom,Demo Village 13 Demo User Agency,Yes,2026-09-10,2026-09-03,Not Due,,None recorded,Compliant,Demo Village 13 Demo Local Body,demo://photos/W-001818/completion,SYNTHETIC_PROTOTYPE,True
W-001819,2026-08-31,2026-09-05,2488000,Submitted,2026-09-13,ASSET-W-001819,Community Sanitation,Demo Village 14 Demo User Agency,Yes,2026-09-20,2026-09-13,Pending,,None recorded,Compliant,Demo Village 14 Demo Local Body,demo://photos/W-001819/completion,SYNTHETIC_PROTOTYPE,True
W-001820,2026-08-31,2026-09-09,1346000,Submitted,2026-09-26,ASSET-W-001820,Ambulance Shelter,Demo Village 6 Demo User Agency,Yes,2026-09-10,2026-09-27,Completed,2026-12-05,None recorded,Compliant,Demo Village 6 Demo Local Body,demo://photos/W-001820/completion,SYNTHETIC_PROTOTYPE,True
W-001822,2026-08-31,2026-09-02,2081000,Submitted,2026-09-27,ASSET-W-001822,Solar Street Lights,Demo Village 7 Demo User Agency,Yes,2026-09-12,2026-09-09,Completed,2026-12-28,None recorded,Compliant,Demo Village 7 Demo Local Body,demo://photos/W-001822/completion,SYNTHETIC_PROTOTYPE,True
W-001824,2026-08-31,2026-09-01,3769000,Submitted,2026-10-10,ASSET-W-001824,Anganwadi Building,Demo Village 27 Demo User Agency,Yes,2026-09-06,2026-09-29,Completed,2026-11-22,None recorded,Compliant,Demo Village 27 Demo Local Body,demo://photos/W-001824/completion,SYNTHETIC_PROTOTYPE,True
W-001825,2026-08-31,2026-09-06,4150000,Submitted,2026-09-05,ASSET-W-001825,Ambulance Shelter,Demo Village 18 Demo User Agency,Yes,2026-09-08,2026-09-12,Completed,2026-12-16,None recorded,Compliant,Demo Village 18 Demo Local Body,demo://photos/W-001825/completion,SYNTHETIC_PROTOTYPE,True
W-001826,2026-08-31,2026-09-09,959000,Submitted,2026-09-22,ASSET-W-001826,Health Sub-Centre,Demo Village 13 Demo User Agency,Yes,2026-09-11,2026-09-21,Not Due,,None recorded,Compliant,Demo Village 13 Demo Local Body,demo://photos/W-001826/completion,SYNTHETIC_PROTOTYPE,True
W-001828,2026-08-31,2026-09-02,2050000,Submitted,2026-10-14,ASSET-W-001828,Public Toilet,Demo Village 34 Demo User Agency,Yes,2026-09-04,2026-09-19,Completed,2026-10-18,None recorded,Compliant,Demo Village 34 Demo Local Body,demo://photos/W-001828/completion,SYNTHETIC_PROTOTYPE,True
W-001831,2026-08-31,2026-09-07,894000,Submitted,2026-09-25,ASSET-W-001831,Playground Development,Demo Village 28 Demo User Agency,Yes,2026-09-05,2026-09-18,Completed,2027-01-30,None recorded,Compliant,Demo Village 28 Demo Local Body,demo://photos/W-001831/completion,SYNTHETIC_PROTOTYPE,True
W-001833,2026-08-31,2026-09-05,3540000,Submitted,2026-10-06,ASSET-W-001833,Ambulance Shelter,Demo Village 10 Demo User Agency,Yes,2026-09-05,2026-09-28,Pending,,None recorded,Compliant,Demo Village 10 Demo Local Body,demo://photos/W-001833/completion,SYNTHETIC_PROTOTYPE,True
W-001834,2026-08-31,2026-09-09,2544000,Submitted,2026-09-13,ASSET-W-001834,CC Road,Demo Village 25 Demo User Agency,Yes,2026-09-04,2026-09-20,Pending,,None recorded,Compliant,Demo Village 25 Demo Local Body,demo://photos/W-001834/completion,SYNTHETIC_PROTOTYPE,True
W-001835,2026-08-31,2026-09-05,2948000,Submitted,2026-10-02,ASSET-W-001835,Sports Equipment Facility,Demo Village 12 Demo User Agency,Yes,2026-09-16,2026-09-19,Not Due,,None recorded,Compliant,Demo Village 12 Demo Local Body,demo://photos/W-001835/completion,SYNTHETIC_PROTOTYPE,True
W-001836,2026-08-31,2026-09-10,2778000,Submitted,2026-09-27,ASSET-W-001836,Pipeline Extension,Demo Village 10 Demo User Agency,Yes,2026-09-18,2026-09-02,Pending,,None recorded,Compliant,Demo Village 10 Demo Local Body,demo://photos/W-001836/completion,SYNTHETIC_PROTOTYPE,True
W-001837,2026-08-31,2026-09-03,1580000,Submitted,2026-09-09,ASSET-W-001837,Sports Equipment Facility,Demo Village 31 Demo User Agency,Yes,2026-09-13,2026-09-14,Not Due,,None recorded,Compliant,Demo Village 31 Demo Local Body,demo://photos/W-001837/completion,SYNTHETIC_PROTOTYPE,True
W-001838,2026-08-31,2026-09-10,2721000,Submitted,2026-10-08,ASSET-W-001838,Solar Public Facility,Demo Village 25 Demo User Agency,Yes,2026-09-06,2026-09-25,Not Due,,None recorded,Compliant,Demo Village 25 Demo Local Body,demo://photos/W-001838/completion,SYNTHETIC_PROTOTYPE,True
W-001840,2026-08-31,2026-09-10,645000,Submitted,2026-09-30,ASSET-W-001840,Solar Public Facility,Demo Village 7 Demo User Agency,Yes,2026-09-10,2026-09-27,Not Due,,None recorded,Compliant,Demo Village 7 Demo Local Body,demo://photos/W-001840/completion,SYNTHETIC_PROTOTYPE,True
W-001842,2026-08-31,2026-09-05,4165000,Submitted,2026-10-04,ASSET-W-001842,Public Health Facility,Demo Village 20 Demo User Agency,Yes,2026-09-15,2026-09-07,Completed,2026-10-30,None recorded,Compliant,Demo Village 20 Demo Local Body,demo://photos/W-001842/completion,SYNTHETIC_PROTOTYPE,True
W-001845,2026-08-31,2026-09-05,1727000,Submitted,2026-10-05,ASSET-W-001845,Public Toilet,Demo Village 27 Demo User Agency,Yes,2026-09-11,2026-09-01,Not Due,,None recorded,Compliant,Demo Village 27 Demo Local Body,demo://photos/W-001845/completion,SYNTHETIC_PROTOTYPE,True
W-001846,2026-08-31,2026-08-31,3225000,Submitted,2026-10-08,ASSET-W-001846,CC Road,Demo Village 25 Demo User Agency,Yes,2026-09-16,2026-09-08,Pending,,None recorded,Compliant,Demo Village 25 Demo Local Body,demo://photos/W-001846/completion,SYNTHETIC_PROTOTYPE,True
W-001847,2026-08-31,2026-09-10,1990000,Submitted,2026-09-07,ASSET-W-001847,Public Health Facility,Demo Village 7 Demo User Agency,Yes,2026-09-15,2026-09-26,Pending,,None recorded,Compliant,Demo Village 7 Demo Local Body,demo://photos/W-001847/completion,SYNTHETIC_PROTOTYPE,True
W-001851,2026-08-31,2026-09-06,793000,Submitted,2026-09-16,ASSET-W-001851,Community Sanitation,Demo Village 17 Demo User Agency,Yes,2026-09-15,2026-09-20,Pending,,None recorded,Compliant,Demo Village 17 Demo Local Body,demo://photos/W-001851/completion,SYNTHETIC_PROTOTYPE,True
W-001852,2026-08-31,2026-09-08,1748000,Submitted,2026-09-30,ASSET-W-001852,RO Water Plant,Demo Village 34 Demo User Agency,Yes,2026-09-05,2026-09-07,Completed,2027-01-24,None recorded,Compliant,Demo Village 34 Demo Local Body,demo://photos/W-001852/completion,SYNTHETIC_PROTOTYPE,True
W-001853,2026-08-31,2026-09-09,2159000,Submitted,2026-09-19,ASSET-W-001853,Public Toilet,Demo Village 33 Demo User Agency,Yes,2026-09-02,2026-09-28,Completed,2026-10-17,None recorded,Compliant,Demo Village 33 Demo Local Body,demo://photos/W-001853/completion,SYNTHETIC_PROTOTYPE,True
W-001854,2026-08-31,2026-09-05,3924000,Submitted,2026-09-18,ASSET-W-001854,Public Waiting Hall,Demo Village 31 Demo User Agency,Yes,2026-09-03,2026-09-25,Pending,,None recorded,Compliant,Demo Village 31 Demo Local Body,demo://photos/W-001854/completion,SYNTHETIC_PROTOTYPE,True
W-001855,2026-08-31,2026-08-31,1758000,Submitted,2026-09-13,ASSET-W-001855,Rural Road,Demo Village 10 Demo User Agency,Yes,2026-09-07,2026-09-12,Completed,2026-11-15,None recorded,Compliant,Demo Village 10 Demo Local Body,demo://photos/W-001855/completion,SYNTHETIC_PROTOTYPE,True
W-001857,2026-08-31,2026-09-08,1413000,Submitted,2026-10-13,ASSET-W-001857,PHC Equipment Room,Demo Village 26 Demo User Agency,Yes,2026-09-16,2026-09-27,Not Due,,None recorded,Compliant,Demo Village 26 Demo Local Body,demo://photos/W-001857/completion,SYNTHETIC_PROTOTYPE,True
W-001860,2026-08-31,2026-09-03,1608000,Submitted,2026-10-09,ASSET-W-001860,Solar Street Lights,Demo Village 30 Demo User Agency,Yes,2026-09-15,2026-09-28,Not Due,,None recorded,Compliant,Demo Village 30 Demo Local Body,demo://photos/W-001860/completion,SYNTHETIC_PROTOTYPE,True
W-001861,2026-08-31,2026-09-03,962000,Submitted,2026-09-16,ASSET-W-001861,Solar Community Lighting,Demo Village 17 Demo User Agency,Yes,2026-09-07,2026-09-21,Not Due,,None recorded,Compliant,Demo Village 17 Demo Local Body,demo://photos/W-001861/completion,SYNTHETIC_PROTOTYPE,True
W-001862,2026-08-31,2026-09-07,2019000,Submitted,2026-09-20,ASSET-W-001862,Community Hall,Demo Village 34 Demo User Agency,Yes,2026-09-12,2026-09-14,Completed,2026-11-01,None recorded,Compliant,Demo Village 34 Demo Local Body,demo://photos/W-001862/completion,SYNTHETIC_PROTOTYPE,True
W-001863,2026-08-31,2026-09-03,3086000,Submitted,2026-10-01,ASSET-W-001863,School Classroom,Demo Village 22 Demo User Agency,Yes,2026-09-15,2026-09-06,Completed,2027-02-03,None recorded,Compliant,Demo Village 22 Demo Local Body,demo://photos/W-001863/completion,SYNTHETIC_PROTOTYPE,True
W-001864,2026-08-31,2026-09-01,2009000,Submitted,2026-10-02,ASSET-W-001864,Indoor Sports Hall,Demo Village 21 Demo User Agency,Yes,2026-09-02,2026-09-03,Pending,,None recorded,Compliant,Demo Village 21 Demo Local Body,demo://photos/W-001864/completion,SYNTHETIC_PROTOTYPE,True
W-001865,2026-08-31,2026-09-06,2634000,Submitted,2026-09-19,ASSET-W-001865,Borewell,Demo Village 18 Demo User Agency,Yes,2026-09-03,2026-09-14,Completed,2026-10-22,None recorded,Compliant,Demo Village 18 Demo Local Body,demo://photos/W-001865/completion,SYNTHETIC_PROTOTYPE,True
W-001866,2026-08-31,2026-09-08,1145000,Submitted,2026-10-12,ASSET-W-001866,Library Room,Demo Village 25 Demo User Agency,Yes,2026-09-20,2026-09-06,Not Due,,None recorded,Compliant,Demo Village 25 Demo Local Body,demo://photos/W-001866/completion,SYNTHETIC_PROTOTYPE,True
W-001868,2026-08-31,2026-09-08,2776000,Submitted,2026-09-16,ASSET-W-001868,Anganwadi Building,Demo Village 10 Demo User Agency,Yes,2026-09-18,2026-09-12,Not Due,,None recorded,Compliant,Demo Village 10 Demo Local Body,demo://photos/W-001868/completion,SYNTHETIC_PROTOTYPE,True
W-001869,2026-08-31,2026-09-08,3015000,Submitted,2026-09-05,ASSET-W-001869,Indoor Sports Hall,Demo Village 33 Demo User Agency,Yes,2026-09-08,2026-09-05,Pending,,None recorded,Compliant,Demo Village 33 Demo Local Body,demo://photos/W-001869/completion,SYNTHETIC_PROTOTYPE,True
W-001870,2026-08-31,2026-09-04,1770000,Submitted,2026-10-02,ASSET-W-001870,Small Bridge,Demo Village 13 Demo User Agency,Yes,2026-09-07,2026-09-22,Pending,,None recorded,Compliant,Demo Village 13 Demo Local Body,demo://photos/W-001870/completion,SYNTHETIC_PROTOTYPE,True
W-001873,2026-08-31,2026-09-07,1327000,Submitted,2026-10-01,ASSET-W-001873,Anganwadi Building,Demo Village 26 Demo User Agency,Yes,2026-09-07,2026-09-04,Pending,,None recorded,Compliant,Demo Village 26 Demo Local Body,demo://photos/W-001873/completion,SYNTHETIC_PROTOTYPE,True
W-001874,2026-08-31,2026-09-07,1120000,Submitted,2026-10-12,ASSET-W-001874,Solar Water System,Demo Village 2 Demo User Agency,Yes,2026-09-03,2026-09-26,Not Due,,None recorded,Compliant,Demo Village 2 Demo Local Body,demo://photos/W-001874/completion,SYNTHETIC_PROTOTYPE,True
W-001875,2026-08-31,2026-09-05,3695000,Submitted,2026-10-14,ASSET-W-001875,Public Health Facility,Demo Village 21 Demo User Agency,Yes,2026-09-19,2026-09-08,Completed,2026-10-21,None recorded,Compliant,Demo Village 21 Demo Local Body,demo://photos/W-001875/completion,SYNTHETIC_PROTOTYPE,True
W-001876,2026-08-31,2026-09-09,1424000,Submitted,2026-09-21,ASSET-W-001876,Solar Water System,Demo Village 24 Demo User Agency,Yes,2026-09-07,2026-09-02,Not Due,,None recorded,Compliant,Demo Village 24 Demo Local Body,demo://photos/W-001876/completion,SYNTHETIC_PROTOTYPE,True
W-001878,2026-08-31,2026-09-04,1733000,Submitted,2026-10-12,ASSET-W-001878,Public Health Facility,Demo Village 17 Demo User Agency,Yes,2026-09-06,2026-09-30,Not Due,,None recorded,Compliant,Demo Village 17 Demo Local Body,demo://photos/W-001878/completion,SYNTHETIC_PROTOTYPE,True
W-001883,2026-08-31,2026-09-01,1162000,Submitted,2026-09-26,ASSET-W-001883,Open Gym,Demo Village 1 Demo User Agency,Yes,2026-09-16,2026-09-09,Completed,2026-12-06,None recorded,Compliant,Demo Village 1 Demo Local Body,demo://photos/W-001883/completion,SYNTHETIC_PROTOTYPE,True
W-001884,2026-08-31,2026-09-10,1757000,Submitted,2026-09-23,ASSET-W-001884,Water Tank,Demo Village 25 Demo User Agency,Yes,2026-09-02,2026-09-01,Completed,2027-01-02,None recorded,Compliant,Demo Village 25 Demo Local Body,demo://photos/W-001884/completion,SYNTHETIC_PROTOTYPE,True
W-001885,2026-08-31,2026-09-08,2140000,Submitted,2026-09-08,ASSET-W-001885,Solar Public Facility,Demo Village 8 Demo User Agency,Yes,2026-09-02,2026-09-09,Pending,,None recorded,Compliant,Demo Village 8 Demo Local Body,demo://photos/W-001885/completion,SYNTHETIC_PROTOTYPE,True
W-001886,2026-08-31,2026-09-02,834000,Submitted,2026-09-22,ASSET-W-001886,Community Hall,Demo Village 33 Demo User Agency,Yes,2026-09-18,2026-09-28,Pending,,None recorded,Compliant,Demo Village 33 Demo Local Body,demo://photos/W-001886/completion,SYNTHETIC_PROTOTYPE,True
W-001887,2026-08-31,2026-09-05,2981000,Submitted,2026-10-10,ASSET-W-001887,Library Room,Demo Village 5 Demo User Agency,Yes,2026-09-05,2026-09-01,Pending,,None recorded,Compliant,Demo Village 5 Demo Local Body,demo://photos/W-001887/completion,SYNTHETIC_PROTOTYPE,True
W-001888,2026-08-31,2026-09-04,1621000,Submitted,2026-10-02,ASSET-W-001888,Sports Equipment Facility,Demo Village 8 Demo User Agency,Yes,2026-09-01,2026-09-17,Pending,,None recorded,Compliant,Demo Village 8 Demo Local Body,demo://photos/W-001888/completion,SYNTHETIC_PROTOTYPE,True
W-001889,2026-08-31,2026-09-07,4002000,Submitted,2026-09-25,ASSET-W-001889,Approach Road,Demo Village 29 Demo User Agency,Yes,2026-09-20,2026-09-18,Pending,,None recorded,Compliant,Demo Village 29 Demo Local Body,demo://photos/W-001889/completion,SYNTHETIC_PROTOTYPE,True
W-001890,2026-08-31,2026-09-10,465000,Submitted,2026-09-21,ASSET-W-001890,Solar Street Lights,Demo Village 16 Demo User Agency,Yes,2026-09-08,2026-09-10,Completed,2026-12-28,None recorded,Compliant,Demo Village 16 Demo Local Body,demo://photos/W-001890/completion,SYNTHETIC_PROTOTYPE,True
W-001894,2026-08-31,2026-09-08,1136000,Submitted,2026-09-23,ASSET-W-001894,Ambulance Shelter,Demo Village 4 Demo User Agency,Yes,2026-09-09,2026-09-25,Pending,,None recorded,Compliant,Demo Village 4 Demo Local Body,demo://photos/W-001894/completion,SYNTHETIC_PROTOTYPE,True
W-001896,2026-08-31,2026-09-01,2598000,Submitted,2026-09-28,ASSET-W-001896,Bus Shelter,Demo Village 8 Demo User Agency,Yes,2026-09-17,2026-09-15,Pending,,None recorded,Compliant,Demo Village 8 Demo Local Body,demo://photos/W-001896/completion,SYNTHETIC_PROTOTYPE,True
W-001898,2026-08-31,2026-08-31,1259000,Submitted,2026-10-11,ASSET-W-001898,Borewell,Demo Village 20 Demo User Agency,Yes,2026-09-09,2026-09-13,Pending,,None recorded,Compliant,Demo Village 20 Demo Local Body,demo://photos/W-001898/completion,SYNTHETIC_PROTOTYPE,True
W-001899,2026-08-31,2026-09-05,1334000,Submitted,2026-09-18,ASSET-W-001899,Public Waiting Hall,Demo Village 32 Demo User Agency,Yes,2026-09-05,2026-09-18,Completed,2026-12-26,None recorded,Compliant,Demo Village 32 Demo Local Body,demo://photos/W-001899/completion,SYNTHETIC_PROTOTYPE,True
W-001900,2026-08-31,2026-09-07,3014000,Submitted,2026-09-25,ASSET-W-001900,Solid Waste Shed,Demo Village 17 Demo User Agency,Yes,2026-09-18,2026-09-23,Not Due,,None recorded,Compliant,Demo Village 17 Demo Local Body,demo://photos/W-001900/completion,SYNTHETIC_PROTOTYPE,True
W-001902,2026-08-31,2026-09-04,1264000,Pending,,ASSET-W-001902,CC Road,Demo Village 1 Demo User Agency,No,2026-09-19,2026-09-14,Pending,,Documentation / closure review,Review Required,Demo Village 1 Demo Local Body,demo://photos/W-001902/completion,SYNTHETIC_PROTOTYPE,True
W-001903,2026-08-31,2026-09-04,3027000,Submitted,2026-09-30,ASSET-W-001903,Rural Road,Demo Village 33 Demo User Agency,Yes,2026-09-03,2026-09-09,Not Due,,None recorded,Compliant,Demo Village 33 Demo Local Body,demo://photos/W-001903/completion,SYNTHETIC_PROTOTYPE,True
W-001905,2026-08-31,2026-09-09,617000,Submitted,2026-09-05,ASSET-W-001905,Pipeline Extension,Demo Village 7 Demo User Agency,Yes,2026-09-02,2026-09-19,Not Due,,None recorded,Compliant,Demo Village 7 Demo Local Body,demo://photos/W-001905/completion,SYNTHETIC_PROTOTYPE,True
W-001907,2026-08-31,2026-09-05,3185000,Submitted,2026-09-07,ASSET-W-001907,Anganwadi Building,Demo Village 7 Demo User Agency,Yes,2026-09-09,2026-09-09,Completed,2026-10-04,None recorded,Compliant,Demo Village 7 Demo Local Body,demo://photos/W-001907/completion,SYNTHETIC_PROTOTYPE,True
W-001908,2026-08-31,2026-09-01,1200000,Submitted,2026-09-11,ASSET-W-001908,Playground Development,Demo Village 31 Demo User Agency,Yes,2026-09-19,2026-09-24,Completed,2026-12-15,None recorded,Compliant,Demo Village 31 Demo Local Body,demo://photos/W-001908/completion,SYNTHETIC_PROTOTYPE,True
W-001909,2026-08-31,2026-09-05,1524000,Submitted,2026-10-03,ASSET-W-001909,Rural Road,Demo Village 16 Demo User Agency,Yes,2026-09-11,2026-09-21,Not Due,,None recorded,Compliant,Demo Village 16 Demo Local Body,demo://photos/W-001909/completion,SYNTHETIC_PROTOTYPE,True
W-001911,2026-08-31,2026-09-04,2492000,Submitted,2026-10-08,ASSET-W-001911,Sports Equipment Facility,Demo Village 33 Demo User Agency,Yes,2026-09-14,2026-09-15,Not Due,,None recorded,Compliant,Demo Village 33 Demo Local Body,demo://photos/W-001911/completion,SYNTHETIC_PROTOTYPE,True
W-001912,2026-08-31,2026-09-08,720000,Submitted,2026-09-22,ASSET-W-001912,Library Room,Demo Village 6 Demo User Agency,Yes,2026-09-11,2026-09-13,Pending,,None recorded,Compliant,Demo Village 6 Demo Local Body,demo://photos/W-001912/completion,SYNTHETIC_PROTOTYPE,True
W-001913,2026-08-31,2026-09-06,2945000,Submitted,2026-09-19,ASSET-W-001913,Community Hall,Demo Village 12 Demo User Agency,Yes,2026-09-11,2026-09-09,Completed,2027-02-08,None recorded,Compliant,Demo Village 12 Demo Local Body,demo://photos/W-001913/completion,SYNTHETIC_PROTOTYPE,True
W-001914,2026-08-31,2026-09-01,2615000,Submitted,2026-09-15,ASSET-W-001914,School Toilet,Demo Village 27 Demo User Agency,Yes,2026-09-03,2026-09-16,Completed,2026-10-08,None recorded,Compliant,Demo Village 27 Demo Local Body,demo://photos/W-001914/completion,SYNTHETIC_PROTOTYPE,True
W-001915,2026-08-31,2026-09-06,1379000,Submitted,2026-10-15,ASSET-W-001915,Public Toilet,Demo Village 31 Demo User Agency,Yes,2026-09-14,2026-09-01,Completed,2026-11-21,None recorded,Compliant,Demo Village 31 Demo Local Body,demo://photos/W-001915/completion,SYNTHETIC_PROTOTYPE,True
W-001917,2026-08-31,2026-09-10,2758000,Submitted,2026-09-20,ASSET-W-001917,Library Room,Demo Village 27 Demo User Agency,Yes,2026-09-15,2026-09-29,Not Due,,None recorded,Compliant,Demo Village 27 Demo Local Body,demo://photos/W-001917/completion,SYNTHETIC_PROTOTYPE,True
W-001918,2026-08-31,2026-09-05,1035000,Submitted,2026-09-22,ASSET-W-001918,Water Tank,Demo Village 31 Demo User Agency,Yes,2026-09-16,2026-09-13,Not Due,,None recorded,Compliant,Demo Village 31 Demo Local Body,demo://photos/W-001918/completion,SYNTHETIC_PROTOTYPE,True
W-001919,2026-08-31,2026-09-09,2159000,Submitted,2026-10-11,ASSET-W-001919,Public Toilet,Demo Village 12 Demo User Agency,Yes,2026-09-12,2026-09-11,Completed,2026-10-24,None recorded,Compliant,Demo Village 12 Demo Local Body,demo://photos/W-001919/completion,SYNTHETIC_PROTOTYPE,True
W-001920,2026-08-31,2026-09-05,1558000,Submitted,2026-09-27,ASSET-W-001920,Community Sanitation,Demo Village 24 Demo User Agency,Yes,2026-09-04,2026-09-22,Not Due,,None recorded,Compliant,Demo Village 24 Demo Local Body,demo://photos/W-001920/completion,SYNTHETIC_PROTOTYPE,True
W-001921,2026-08-31,2026-09-06,978000,Submitted,2026-09-05,ASSET-W-001921,Borewell,Demo Village 6 Demo User Agency,Yes,2026-09-01,2026-09-03,Completed,2027-02-01,None recorded,Compliant,Demo Village 6 Demo Local Body,demo://photos/W-001921/completion,SYNTHETIC_PROTOTYPE,True
W-001924,2026-08-31,2026-09-08,2544000,Submitted,2026-10-02,ASSET-W-001924,PHC Equipment Room,Demo Village 12 Demo User Agency,Yes,2026-09-06,2026-09-19,Completed,2026-11-05,None recorded,Compliant,Demo Village 12 Demo Local Body,demo://photos/W-001924/completion,SYNTHETIC_PROTOTYPE,True
W-001926,2026-08-31,2026-09-04,1261000,Submitted,2026-09-22,ASSET-W-001926,Pipeline Extension,Demo Village 27 Demo User Agency,Yes,2026-09-02,2026-09-23,Completed,2026-11-22,None recorded,Compliant,Demo Village 27 Demo Local Body,demo://photos/W-001926/completion,SYNTHETIC_PROTOTYPE,True
W-001927,2026-08-31,2026-09-06,1475000,Submitted,2026-09-29,ASSET-W-001927,Health Sub-Centre,Demo Village 13 Demo User Agency,Yes,2026-09-04,2026-09-30,Not Due,,None recorded,Compliant,Demo Village 13 Demo Local Body,demo://photos/W-001927/completion,SYNTHETIC_PROTOTYPE,True
W-001929,2026-08-31,2026-09-05,2527000,Submitted,2026-09-17,ASSET-W-001929,Borewell,Demo Village 24 Demo User Agency,Yes,2026-09-17,2026-09-15,Completed,2026-11-20,None recorded,Compliant,Demo Village 24 Demo Local Body,demo://photos/W-001929/completion,SYNTHETIC_PROTOTYPE,True
W-001932,2026-08-31,2026-09-02,2780000,Submitted,2026-09-23,ASSET-W-001932,Solid Waste Shed,Demo Village 35 Demo User Agency,Yes,2026-09-14,2026-09-06,Pending,,None recorded,Compliant,Demo Village 35 Demo Local Body,demo://photos/W-001932/completion,SYNTHETIC_PROTOTYPE,True
W-001933,2026-08-31,2026-09-08,832000,Submitted,2026-10-12,ASSET-W-001933,PHC Equipment Room,Demo Village 2 Demo User Agency,Yes,2026-09-08,2026-09-27,Completed,2027-02-21,None recorded,Compliant,Demo Village 2 Demo Local Body,demo://photos/W-001933/completion,SYNTHETIC_PROTOTYPE,True
W-001934,2026-08-31,2026-09-02,2702000,Submitted,2026-09-26,ASSET-W-001934,Community Sanitation,Demo Village 16 Demo User Agency,Yes,2026-09-12,2026-09-16,Not Due,,None recorded,Compliant,Demo Village 16 Demo Local Body,demo://photos/W-001934/completion,SYNTHETIC_PROTOTYPE,True
W-001935,2026-08-31,2026-09-10,819000,Submitted,2026-10-08,ASSET-W-001935,Public Waiting Hall,Demo Village 34 Demo User Agency,Yes,2026-09-13,2026-09-13,Pending,,None recorded,Compliant,Demo Village 34 Demo Local Body,demo://photos/W-001935/completion,SYNTHETIC_PROTOTYPE,True
W-001936,2026-08-31,2026-09-05,2430000,Submitted,2026-09-19,ASSET-W-001936,Solar Street Lights,Demo Village 21 Demo User Agency,Yes,2026-09-19,2026-09-24,Completed,2026-12-25,None recorded,Compliant,Demo Village 21 Demo Local Body,demo://photos/W-001936/completion,SYNTHETIC_PROTOTYPE,True
W-001937,2026-08-31,2026-09-07,925000,Submitted,2026-09-18,ASSET-W-001937,Playground Development,Demo Village 19 Demo User Agency,Yes,2026-09-12,2026-09-25,Completed,2027-02-23,None recorded,Compliant,Demo Village 19 Demo Local Body,demo://photos/W-001937/completion,SYNTHETIC_PROTOTYPE,True
W-001938,2026-08-31,2026-09-09,3745000,Submitted,2026-09-12,ASSET-W-001938,Approach Road,Demo Village 33 Demo User Agency,Yes,2026-09-15,2026-09-14,Pending,,None recorded,Compliant,Demo Village 33 Demo Local Body,demo://photos/W-001938/completion,SYNTHETIC_PROTOTYPE,True
W-001942,2026-08-31,2026-09-04,1527000,Submitted,2026-09-05,ASSET-W-001942,Bus Shelter,Demo Village 27 Demo User Agency,Yes,2026-09-13,2026-09-13,Not Due,,None recorded,Compliant,Demo Village 27 Demo Local Body,demo://photos/W-001942/completion,SYNTHETIC_PROTOTYPE,True
W-001944,2026-08-31,2026-09-09,1293000,Submitted,2026-09-25,ASSET-W-001944,Bus Shelter,Demo Village 26 Demo User Agency,Yes,2026-09-13,2026-09-19,Completed,2026-10-01,None recorded,Compliant,Demo Village 26 Demo Local Body,demo://photos/W-001944/completion,SYNTHETIC_PROTOTYPE,True
W-001945,2026-08-31,2026-08-31,1565000,Submitted,2026-09-07,ASSET-W-001945,Community Hall,Demo Village 11 Demo User Agency,Yes,2026-09-12,2026-09-18,Completed,2026-12-08,None recorded,Compliant,Demo Village 11 Demo Local Body,demo://photos/W-001945/completion,SYNTHETIC_PROTOTYPE,True
W-001948,2026-08-31,2026-08-31,1927000,Submitted,2026-09-15,ASSET-W-001948,RO Water Plant,Demo Village 6 Demo User Agency,Yes,2026-09-06,2026-09-26,Pending,,None recorded,Compliant,Demo Village 6 Demo Local Body,demo://photos/W-001948/completion,SYNTHETIC_PROTOTYPE,True
W-001951,2026-08-31,2026-09-09,2396000,Submitted,2026-09-30,ASSET-W-001951,Solar Water System,Demo Village 15 Demo User Agency,Yes,2026-09-12,2026-09-04,Not Due,,None recorded,Compliant,Demo Village 15 Demo Local Body,demo://photos/W-001951/completion,SYNTHETIC_PROTOTYPE,True
W-001952,2026-08-31,2026-09-06,2424000,Submitted,2026-10-01,ASSET-W-001952,CC Road,Demo Village 31 Demo User Agency,Yes,2026-09-18,2026-09-15,Pending,,None recorded,Compliant,Demo Village 31 Demo Local Body,demo://photos/W-001952/completion,SYNTHETIC_PROTOTYPE,True
W-001953,2026-08-31,2026-09-10,3011000,Submitted,2026-09-24,ASSET-W-001953,Ambulance Shelter,Demo Village 2 Demo User Agency,Yes,2026-09-03,2026-09-02,Completed,2026-12-02,None recorded,Compliant,Demo Village 2 Demo Local Body,demo://photos/W-001953/completion,SYNTHETIC_PROTOTYPE,True
W-001954,2026-08-31,2026-09-10,2744000,Submitted,2026-10-07,ASSET-W-001954,Community Hall,Demo Village 10 Demo User Agency,Yes,2026-09-17,2026-09-23,Not Due,,None recorded,Compliant,Demo Village 10 Demo Local Body,demo://photos/W-001954/completion,SYNTHETIC_PROTOTYPE,True
W-001955,2026-08-31,2026-09-05,1696000,Submitted,2026-09-29,ASSET-W-001955,Solar Public Facility,Demo Village 4 Demo User Agency,Yes,2026-09-20,2026-09-02,Completed,2027-01-21,None recorded,Compliant,Demo Village 4 Demo Local Body,demo://photos/W-001955/completion,SYNTHETIC_PROTOTYPE,True
W-001956,2026-08-31,2026-09-05,765000,Submitted,2026-09-07,ASSET-W-001956,Solar Public Facility,Demo Village 23 Demo User Agency,Yes,2026-09-16,2026-09-10,Not Due,,None recorded,Compliant,Demo Village 23 Demo Local Body,demo://photos/W-001956/completion,SYNTHETIC_PROTOTYPE,True
W-001957,2026-08-31,2026-09-05,1886000,Submitted,2026-10-08,ASSET-W-001957,Sports Equipment Facility,Demo Village 16 Demo User Agency,Yes,2026-09-15,2026-09-27,Not Due,,None recorded,Compliant,Demo Village 16 Demo Local Body,demo://photos/W-001957/completion,SYNTHETIC_PROTOTYPE,True
W-001959,2026-08-31,2026-09-04,2654000,Submitted,2026-10-10,ASSET-W-001959,Open Gym,Demo Village 7 Demo User Agency,Yes,2026-09-01,2026-09-18,Not Due,,None recorded,Compliant,Demo Village 7 Demo Local Body,demo://photos/W-001959/completion,SYNTHETIC_PROTOTYPE,True
W-001961,2026-08-31,2026-09-03,3677000,Submitted,2026-09-11,ASSET-W-001961,CC Road,Demo Village 8 Demo User Agency,Yes,2026-09-18,2026-09-01,Pending,,None recorded,Compliant,Demo Village 8 Demo Local Body,demo://photos/W-001961/completion,SYNTHETIC_PROTOTYPE,True
W-001963,2026-08-31,2026-09-01,2603000,Submitted,2026-09-05,ASSET-W-001963,Borewell,Demo Village 24 Demo User Agency,Yes,2026-09-02,2026-09-12,Pending,,None recorded,Compliant,Demo Village 24 Demo Local Body,demo://photos/W-001963/completion,SYNTHETIC_PROTOTYPE,True
W-001964,2026-08-31,2026-08-31,2469000,Submitted,2026-09-06,ASSET-W-001964,Solar Street Lights,Demo Village 3 Demo User Agency,Yes,2026-09-16,2026-09-27,Pending,,None recorded,Compliant,Demo Village 3 Demo Local Body,demo://photos/W-001964/completion,SYNTHETIC_PROTOTYPE,True
W-001965,2026-08-31,2026-09-05,999000,Submitted,2026-09-11,ASSET-W-001965,Public Waiting Hall,Demo Village 1 Demo User Agency,Yes,2026-09-08,2026-09-20,Completed,2026-11-21,None recorded,Compliant,Demo Village 1 Demo Local Body,demo://photos/W-001965/completion,SYNTHETIC_PROTOTYPE,True
W-001966,2026-08-31,2026-09-04,681000,Submitted,2026-10-09,ASSET-W-001966,Playground Development,Demo Village 19 Demo User Agency,Yes,2026-09-10,2026-09-02,Completed,2027-01-11,None recorded,Compliant,Demo Village 19 Demo Local Body,demo://photos/W-001966/completion,SYNTHETIC_PROTOTYPE,True
W-001967,2026-08-31,2026-09-09,1174000,Submitted,2026-09-29,ASSET-W-001967,Sports Equipment Facility,Demo Village 12 Demo User Agency,Yes,2026-09-01,2026-09-15,Not Due,,None recorded,Compliant,Demo Village 12 Demo Local Body,demo://photos/W-001967/completion,SYNTHETIC_PROTOTYPE,True
W-001970,2026-08-31,2026-09-01,408000,Submitted,2026-09-06,ASSET-W-001970,Solar Water System,Demo Village 14 Demo User Agency,Yes,2026-09-08,2026-09-21,Completed,2027-01-09,None recorded,Compliant,Demo Village 14 Demo Local Body,demo://photos/W-001970/completion,SYNTHETIC_PROTOTYPE,True
W-001971,2026-08-31,2026-08-31,820000,Submitted,2026-09-19,ASSET-W-001971,Solar Community Lighting,Demo Village 19 Demo User Agency,Yes,2026-09-03,2026-09-23,Not Due,,None recorded,Compliant,Demo Village 19 Demo Local Body,demo://photos/W-001971/completion,SYNTHETIC_PROTOTYPE,True
W-001972,2026-08-31,2026-09-06,2006000,Submitted,2026-10-08,ASSET-W-001972,Solar Community Lighting,Demo Village 4 Demo User Agency,Yes,2026-09-15,2026-09-09,Not Due,,None recorded,Compliant,Demo Village 4 Demo Local Body,demo://photos/W-001972/completion,SYNTHETIC_PROTOTYPE,True
W-001974,2026-08-31,2026-09-05,2908000,Submitted,2026-10-01,ASSET-W-001974,School Toilet,Demo Village 3 Demo User Agency,Yes,2026-09-03,2026-09-16,Completed,2026-11-23,None recorded,Compliant,Demo Village 3 Demo Local Body,demo://photos/W-001974/completion,SYNTHETIC_PROTOTYPE,True
W-001975,2026-08-31,2026-09-03,1284000,Submitted,2026-09-28,ASSET-W-001975,Community Sanitation,Demo Village 15 Demo User Agency,Yes,2026-09-05,2026-09-25,Completed,2026-10-28,None recorded,Compliant,Demo Village 15 Demo Local Body,demo://photos/W-001975/completion,SYNTHETIC_PROTOTYPE,True
W-001977,2026-08-31,2026-09-08,3540000,Submitted,2026-10-07,ASSET-W-001977,Digital Classroom,Demo Village 22 Demo User Agency,Yes,2026-09-03,2026-09-30,Completed,2027-01-03,None recorded,Compliant,Demo Village 22 Demo Local Body,demo://photos/W-001977/completion,SYNTHETIC_PROTOTYPE,True
W-001978,2026-08-31,2026-09-06,1134000,Submitted,2026-09-26,ASSET-W-001978,School Classroom,Demo Village 20 Demo User Agency,Yes,2026-09-04,2026-09-25,Pending,,None recorded,Compliant,Demo Village 20 Demo Local Body,demo://photos/W-001978/completion,SYNTHETIC_PROTOTYPE,True
W-001979,2026-08-31,2026-09-01,2500000,Submitted,2026-09-19,ASSET-W-001979,Digital Classroom,Demo Village 7 Demo User Agency,Yes,2026-09-03,2026-09-29,Not Due,,None recorded,Compliant,Demo Village 7 Demo Local Body,demo://photos/W-001979/completion,SYNTHETIC_PROTOTYPE,True
W-001981,2026-08-31,2026-09-06,1265000,Submitted,2026-09-28,ASSET-W-001981,Ambulance Shelter,Demo Village 27 Demo User Agency,Yes,2026-09-10,2026-09-11,Completed,2026-10-15,None recorded,Compliant,Demo Village 27 Demo Local Body,demo://photos/W-001981/completion,SYNTHETIC_PROTOTYPE,True
W-001983,2026-08-31,2026-09-09,2757000,Submitted,2026-09-06,ASSET-W-001983,Public Waiting Hall,Demo Village 8 Demo User Agency,Yes,2026-09-09,2026-09-08,Completed,2027-01-02,None recorded,Compliant,Demo Village 8 Demo Local Body,demo://photos/W-001983/completion,SYNTHETIC_PROTOTYPE,True
W-001984,2026-08-31,2026-08-31,3053000,Submitted,2026-09-29,ASSET-W-001984,Solid Waste Shed,Demo Village 28 Demo User Agency,Yes,2026-09-15,2026-09-27,Not Due,,None recorded,Compliant,Demo Village 28 Demo Local Body,demo://photos/W-001984/completion,SYNTHETIC_PROTOTYPE,True
W-001985,2026-08-31,2026-09-10,1146000,Submitted,2026-09-23,ASSET-W-001985,Solar Community Lighting,Demo Village 32 Demo User Agency,Yes,2026-09-07,2026-09-26,Completed,2026-10-02,None recorded,Compliant,Demo Village 32 Demo Local Body,demo://photos/W-001985/completion,SYNTHETIC_PROTOTYPE,True
W-001987,2026-08-31,2026-08-31,1704000,Submitted,2026-10-09,ASSET-W-001987,Borewell,Demo Village 11 Demo User Agency,Yes,2026-09-15,2026-09-09,Not Due,,None recorded,Compliant,Demo Village 11 Demo Local Body,demo://photos/W-001987/completion,SYNTHETIC_PROTOTYPE,True
W-001988,2026-08-31,2026-09-01,1560000,Submitted,2026-10-11,ASSET-W-001988,Borewell,Demo Village 11 Demo User Agency,Yes,2026-09-03,2026-09-29,Pending,,None recorded,Compliant,Demo Village 11 Demo Local Body,demo://photos/W-001988/completion,SYNTHETIC_PROTOTYPE,True
W-001990,2026-08-31,2026-08-31,3594000,Submitted,2026-09-10,ASSET-W-001990,CC Road,Demo Village 20 Demo User Agency,Yes,2026-09-09,2026-09-13,Completed,2027-01-22,None recorded,Compliant,Demo Village 20 Demo Local Body,demo://photos/W-001990/completion,SYNTHETIC_PROTOTYPE,True
W-001991,2026-08-31,2026-09-04,2430000,Submitted,2026-09-29,ASSET-W-001991,Solid Waste Shed,Demo Village 7 Demo User Agency,Yes,2026-09-14,2026-09-14,Completed,2027-02-18,None recorded,Compliant,Demo Village 7 Demo Local Body,demo://photos/W-001991/completion,SYNTHETIC_PROTOTYPE,True
W-001992,2026-08-31,2026-09-06,2421000,Submitted,2026-10-07,ASSET-W-001992,Rural Road,Demo Village 35 Demo User Agency,Yes,2026-09-05,2026-09-30,Not Due,,None recorded,Compliant,Demo Village 35 Demo Local Body,demo://photos/W-001992/completion,SYNTHETIC_PROTOTYPE,True
W-001993,2026-08-31,2026-09-10,3840000,Submitted,2026-10-11,ASSET-W-001993,Ambulance Shelter,Demo Village 14 Demo User Agency,Yes,2026-09-01,2026-09-02,Not Due,,None recorded,Compliant,Demo Village 14 Demo Local Body,demo://photos/W-001993/completion,SYNTHETIC_PROTOTYPE,True
W-001995,2026-08-31,2026-09-10,1643000,Submitted,2026-09-12,ASSET-W-001995,Sports Equipment Facility,Demo Village 22 Demo User Agency,Yes,2026-09-07,2026-09-27,Pending,,None recorded,Compliant,Demo Village 22 Demo Local Body,demo://photos/W-001995/completion,SYNTHETIC_PROTOTYPE,True
W-001996,2026-08-31,2026-08-31,1230000,Submitted,2026-09-13,ASSET-W-001996,Water Tank,Demo Village 9 Demo User Agency,Yes,2026-09-15,2026-09-01,Not Due,,None recorded,Compliant,Demo Village 9 Demo Local Body,demo://photos/W-001996/completion,SYNTHETIC_PROTOTYPE,True
W-001997,2026-08-31,2026-09-07,2010000,Submitted,2026-09-23,ASSET-W-001997,Public Health Facility,Demo Village 34 Demo User Agency,Yes,2026-09-05,2026-09-18,Not Due,,None recorded,Compliant,Demo Village 34 Demo Local Body,demo://photos/W-001997/completion,SYNTHETIC_PROTOTYPE,True
W-001998,2026-08-31,2026-09-09,1319000,Submitted,2026-09-27,ASSET-W-001998,Ambulance Shelter,Demo Village 11 Demo User Agency,Yes,2026-09-18,2026-09-02,Not Due,,None recorded,Compliant,Demo Village 11 Demo Local Body,demo://photos/W-001998/completion,SYNTHETIC_PROTOTYPE,True
W-002000,2026-08-31,2026-09-09,1167000,Submitted,2026-09-09,ASSET-W-002000,PHC Equipment Room,Demo Village 30 Demo User Agency,Yes,2026-09-07,2026-09-24,Not Due,,None recorded,Compliant,Demo Village 30 Demo Local Body,demo://photos/W-002000/completion,SYNTHETIC_PROTOTYPE,True
W-002002,2026-08-31,2026-09-04,2924000,Submitted,2026-09-07,ASSET-W-002002,Playground Development,Demo Village 8 Demo User Agency,Yes,2026-09-20,2026-09-03,Pending,,None recorded,Compliant,Demo Village 8 Demo Local Body,demo://photos/W-002002/completion,SYNTHETIC_PROTOTYPE,True
W-002005,2026-08-31,2026-09-01,894000,Submitted,2026-10-09,ASSET-W-002005,Solar Street Lights,Demo Village 27 Demo User Agency,Yes,2026-09-20,2026-09-27,Completed,2026-10-02,None recorded,Compliant,Demo Village 27 Demo Local Body,demo://photos/W-002005/completion,SYNTHETIC_PROTOTYPE,True
W-002006,2026-08-31,2026-09-10,1597000,Submitted,2026-09-11,ASSET-W-002006,Open Gym,Demo Village 25 Demo User Agency,Yes,2026-09-05,2026-09-25,Not Due,,None recorded,Compliant,Demo Village 25 Demo Local Body,demo://photos/W-002006/completion,SYNTHETIC_PROTOTYPE,True
W-002007,2026-08-31,2026-08-31,2048000,Submitted,2026-09-30,ASSET-W-002007,Drainage,Demo Village 31 Demo User Agency,Yes,2026-09-15,2026-09-23,Pending,,None recorded,Compliant,Demo Village 31 Demo Local Body,demo://photos/W-002007/completion,SYNTHETIC_PROTOTYPE,True
W-002009,2026-08-31,2026-09-03,3352000,Submitted,2026-10-04,ASSET-W-002009,Small Bridge,Demo Village 19 Demo User Agency,Yes,2026-09-03,2026-09-05,Not Due,,None recorded,Compliant,Demo Village 19 Demo Local Body,demo://photos/W-002009/completion,SYNTHETIC_PROTOTYPE,True
W-002011,2026-08-31,2026-09-10,2314000,Submitted,2026-09-19,ASSET-W-002011,Water Tank,Demo Village 24 Demo User Agency,Yes,2026-09-03,2026-09-30,Pending,,None recorded,Compliant,Demo Village 24 Demo Local Body,demo://photos/W-002011/completion,SYNTHETIC_PROTOTYPE,True
W-002014,2026-08-31,2026-09-10,2450000,Submitted,2026-09-18,ASSET-W-002014,Drainage,Demo Village 21 Demo User Agency,Yes,2026-09-02,2026-09-11,Completed,2027-02-04,None recorded,Compliant,Demo Village 21 Demo Local Body,demo://photos/W-002014/completion,SYNTHETIC_PROTOTYPE,True
W-002015,2026-08-31,2026-09-07,2536000,Submitted,2026-10-01,ASSET-W-002015,Community Sanitation,Demo Village 18 Demo User Agency,Yes,2026-09-18,2026-09-27,Completed,2026-11-04,None recorded,Compliant,Demo Village 18 Demo Local Body,demo://photos/W-002015/completion,SYNTHETIC_PROTOTYPE,True
W-002018,2026-08-31,2026-09-10,1265000,Submitted,2026-09-20,ASSET-W-002018,School Classroom,Demo Village 18 Demo User Agency,Yes,2026-09-12,2026-09-26,Not Due,,None recorded,Compliant,Demo Village 18 Demo Local Body,demo://photos/W-002018/completion,SYNTHETIC_PROTOTYPE,True
W-002023,2026-08-31,2026-09-10,603000,Submitted,2026-09-28,ASSET-W-002023,Public Toilet,Demo Village 9 Demo User Agency,Yes,2026-09-01,2026-09-26,Not Due,,None recorded,Compliant,Demo Village 9 Demo Local Body,demo://photos/W-002023/completion,SYNTHETIC_PROTOTYPE,True
W-002025,2026-08-31,2026-09-03,3407000,Submitted,2026-10-07,ASSET-W-002025,Public Waiting Hall,Demo Village 20 Demo User Agency,Yes,2026-09-09,2026-09-23,Not Due,,None recorded,Compliant,Demo Village 20 Demo Local Body,demo://photos/W-002025/completion,SYNTHETIC_PROTOTYPE,True
W-002026,2026-08-31,2026-09-10,1452000,Submitted,2026-09-27,ASSET-W-002026,Solar Public Facility,Demo Village 17 Demo User Agency,Yes,2026-09-08,2026-09-17,Completed,2026-09-30,None recorded,Compliant,Demo Village 17 Demo Local Body,demo://photos/W-002026/completion,SYNTHETIC_PROTOTYPE,True
W-002027,2026-08-31,2026-08-31,1523000,Submitted,2026-09-22,ASSET-W-002027,Public Waiting Hall,Demo Village 35 Demo User Agency,Yes,2026-09-15,2026-09-25,Not Due,,None recorded,Compliant,Demo Village 35 Demo Local Body,demo://photos/W-002027/completion,SYNTHETIC_PROTOTYPE,True
W-002028,2026-08-31,2026-08-31,1573000,Submitted,2026-10-14,ASSET-W-002028,Water Tank,Demo Village 6 Demo User Agency,Yes,2026-09-06,2026-09-09,Pending,,None recorded,Compliant,Demo Village 6 Demo Local Body,demo://photos/W-002028/completion,SYNTHETIC_PROTOTYPE,True
W-002029,2026-08-31,2026-09-08,1737000,Submitted,2026-09-13,ASSET-W-002029,Small Bridge,Demo Village 8 Demo User Agency,Yes,2026-09-06,2026-09-10,Pending,,None recorded,Compliant,Demo Village 8 Demo Local Body,demo://photos/W-002029/completion,SYNTHETIC_PROTOTYPE,True
W-002030,2026-08-31,2026-09-05,2200000,Submitted,2026-09-21,ASSET-W-002030,School Toilet,Demo Village 33 Demo User Agency,Yes,2026-09-01,2026-09-13,Pending,,None recorded,Compliant,Demo Village 33 Demo Local Body,demo://photos/W-002030/completion,SYNTHETIC_PROTOTYPE,True
W-002031,2026-08-31,2026-09-09,3643000,Submitted,2026-10-08,ASSET-W-002031,Health Sub-Centre,Demo Village 28 Demo User Agency,Yes,2026-09-11,2026-09-11,Not Due,,None recorded,Compliant,Demo Village 28 Demo Local Body,demo://photos/W-002031/completion,SYNTHETIC_PROTOTYPE,True
W-002032,2026-08-31,2026-09-05,1235000,Submitted,2026-10-14,ASSET-W-002032,Pipeline Extension,Demo Village 13 Demo User Agency,Yes,2026-09-16,2026-09-05,Pending,,None recorded,Compliant,Demo Village 13 Demo Local Body,demo://photos/W-002032/completion,SYNTHETIC_PROTOTYPE,True
W-002037,2026-08-31,2026-09-05,3144000,Submitted,2026-09-23,ASSET-W-002037,Public Waiting Hall,Demo Village 31 Demo User Agency,Yes,2026-09-11,2026-09-22,Not Due,,None recorded,Compliant,Demo Village 31 Demo Local Body,demo://photos/W-002037/completion,SYNTHETIC_PROTOTYPE,True
W-002041,2026-08-31,2026-09-07,2127000,Submitted,2026-10-12,ASSET-W-002041,Solar Public Facility,Demo Village 26 Demo User Agency,Yes,2026-09-14,2026-09-14,Not Due,,None recorded,Compliant,Demo Village 26 Demo Local Body,demo://photos/W-002041/completion,SYNTHETIC_PROTOTYPE,True
W-002043,2026-08-31,2026-09-05,1899000,Submitted,2026-10-04,ASSET-W-002043,Library Room,Demo Village 19 Demo User Agency,Yes,2026-09-02,2026-09-26,Completed,2027-02-27,None recorded,Compliant,Demo Village 19 Demo Local Body,demo://photos/W-002043/completion,SYNTHETIC_PROTOTYPE,True
W-002047,2026-08-31,2026-09-10,3054000,Submitted,2026-09-15,ASSET-W-002047,PHC Equipment Room,Demo Village 31 Demo User Agency,Yes,2026-09-19,2026-09-18,Not Due,,None recorded,Compliant,Demo Village 31 Demo Local Body,demo://photos/W-002047/completion,SYNTHETIC_PROTOTYPE,True
W-002049,2026-08-31,2026-09-06,1373000,Submitted,2026-09-29,ASSET-W-002049,School Classroom,Demo Village 7 Demo User Agency,Yes,2026-09-17,2026-09-30,Not Due,,None recorded,Compliant,Demo Village 7 Demo Local Body,demo://photos/W-002049/completion,SYNTHETIC_PROTOTYPE,True
W-002050,2026-08-31,2026-09-04,2071000,Submitted,2026-09-18,ASSET-W-002050,RO Water Plant,Demo Village 10 Demo User Agency,Yes,2026-09-02,2026-09-18,Completed,2027-01-08,None recorded,Compliant,Demo Village 10 Demo Local Body,demo://photos/W-002050/completion,SYNTHETIC_PROTOTYPE,True
W-002051,2026-08-31,2026-09-01,2038000,Submitted,2026-10-10,ASSET-W-002051,Public Waiting Hall,Demo Village 28 Demo User Agency,Yes,2026-09-03,2026-09-23,Pending,,None recorded,Compliant,Demo Village 28 Demo Local Body,demo://photos/W-002051/completion,SYNTHETIC_PROTOTYPE,True
W-002052,2026-08-31,2026-09-07,579000,Submitted,2026-09-19,ASSET-W-002052,Solar Community Lighting,Demo Village 9 Demo User Agency,Yes,2026-09-01,2026-09-19,Pending,,None recorded,Compliant,Demo Village 9 Demo Local Body,demo://photos/W-002052/completion,SYNTHETIC_PROTOTYPE,True
W-002055,2026-08-31,2026-09-10,2254000,Submitted,2026-09-18,ASSET-W-002055,PHC Equipment Room,Demo Village 29 Demo User Agency,Yes,2026-09-20,2026-09-28,Completed,2027-02-07,None recorded,Compliant,Demo Village 29 Demo Local Body,demo://photos/W-002055/completion,SYNTHETIC_PROTOTYPE,True
W-002058,2026-08-31,2026-09-08,1895000,Submitted,2026-09-23,ASSET-W-002058,Public Health Facility,Demo Village 1 Demo User Agency,Yes,2026-09-14,2026-09-24,Pending,,None recorded,Compliant,Demo Village 1 Demo Local Body,demo://photos/W-002058/completion,SYNTHETIC_PROTOTYPE,True
W-002059,2026-08-31,2026-09-06,2921000,Submitted,2026-09-10,ASSET-W-002059,Small Bridge,Demo Village 3 Demo User Agency,Yes,2026-09-11,2026-09-09,Pending,,None recorded,Compliant,Demo Village 3 Demo Local Body,demo://photos/W-002059/completion,SYNTHETIC_PROTOTYPE,True
W-002060,2026-08-31,2026-09-05,2177000,Submitted,2026-09-07,ASSET-W-002060,Ambulance Shelter,Demo Village 9 Demo User Agency,Yes,2026-09-13,2026-09-09,Completed,2027-02-24,None recorded,Compliant,Demo Village 9 Demo Local Body,demo://photos/W-002060/completion,SYNTHETIC_PROTOTYPE,True
W-002061,2026-08-31,2026-09-08,516000,Submitted,2026-10-15,ASSET-W-002061,Solar Community Lighting,Demo Village 28 Demo User Agency,Yes,2026-09-01,2026-09-23,Completed,2026-12-09,None recorded,Compliant,Demo Village 28 Demo Local Body,demo://photos/W-002061/completion,SYNTHETIC_PROTOTYPE,True
W-002062,2026-08-31,2026-09-09,2652000,Submitted,2026-09-12,ASSET-W-002062,Small Bridge,Demo Village 21 Demo User Agency,Yes,2026-09-11,2026-09-15,Pending,,None recorded,Compliant,Demo Village 21 Demo Local Body,demo://photos/W-002062/completion,SYNTHETIC_PROTOTYPE,True
W-002064,2026-08-31,2026-09-09,3361000,Submitted,2026-10-12,ASSET-W-002064,Sports Equipment Facility,Demo Village 15 Demo User Agency,Yes,2026-09-11,2026-09-10,Pending,,None recorded,Compliant,Demo Village 15 Demo Local Body,demo://photos/W-002064/completion,SYNTHETIC_PROTOTYPE,True
W-002068,2026-08-31,2026-09-02,3598000,Submitted,2026-10-15,ASSET-W-002068,Public Waiting Hall,Demo Village 27 Demo User Agency,Yes,2026-09-17,2026-09-09,Completed,2026-12-21,None recorded,Compliant,Demo Village 27 Demo Local Body,demo://photos/W-002068/completion,SYNTHETIC_PROTOTYPE,True
W-002069,2026-08-31,2026-09-03,5098000,Submitted,2026-10-02,ASSET-W-002069,Anganwadi Building,Demo Village 19 Demo User Agency,Yes,2026-09-19,2026-09-25,Completed,2027-01-13,None recorded,Compliant,Demo Village 19 Demo Local Body,demo://photos/W-002069/completion,SYNTHETIC_PROTOTYPE,True
W-002070,2026-08-31,2026-09-04,3676000,Submitted,2026-09-29,ASSET-W-002070,Anganwadi Building,Demo Village 24 Demo User Agency,Yes,2026-09-16,2026-09-18,Completed,2027-01-17,None recorded,Compliant,Demo Village 24 Demo Local Body,demo://photos/W-002070/completion,SYNTHETIC_PROTOTYPE,True
W-002071,2026-08-31,2026-09-09,3745000,Submitted,2026-09-11,ASSET-W-002071,Library Room,Demo Village 3 Demo User Agency,Yes,2026-09-09,2026-09-14,Not Due,,None recorded,Compliant,Demo Village 3 Demo Local Body,demo://photos/W-002071/completion,SYNTHETIC_PROTOTYPE,True
W-002072,2026-08-31,2026-09-03,1843000,Submitted,2026-09-17,ASSET-W-002072,Drainage,Demo Village 1 Demo User Agency,Yes,2026-09-20,2026-09-22,Pending,,None recorded,Compliant,Demo Village 1 Demo Local Body,demo://photos/W-002072/completion,SYNTHETIC_PROTOTYPE,True
W-002073,2026-08-31,2026-09-10,1691000,Submitted,2026-09-20,ASSET-W-002073,Digital Classroom,Demo Village 20 Demo User Agency,Yes,2026-09-01,2026-09-12,Pending,,None recorded,Compliant,Demo Village 20 Demo Local Body,demo://photos/W-002073/completion,SYNTHETIC_PROTOTYPE,True
W-002074,2026-08-31,2026-09-05,3137000,Submitted,2026-09-17,ASSET-W-002074,Library Room,Demo Village 35 Demo User Agency,Yes,2026-09-14,2026-09-24,Pending,,None recorded,Compliant,Demo Village 35 Demo Local Body,demo://photos/W-002074/completion,SYNTHETIC_PROTOTYPE,True
W-002079,2026-08-31,2026-09-03,1822000,Submitted,2026-10-14,ASSET-W-002079,Solid Waste Shed,Demo Village 20 Demo User Agency,Yes,2026-09-16,2026-09-19,Completed,2026-12-26,None recorded,Compliant,Demo Village 20 Demo Local Body,demo://photos/W-002079/completion,SYNTHETIC_PROTOTYPE,True
W-002081,2026-08-31,2026-09-07,1721000,Submitted,2026-10-06,ASSET-W-002081,Community Hall,Demo Village 2 Demo User Agency,Yes,2026-09-18,2026-09-28,Not Due,,None recorded,Compliant,Demo Village 2 Demo Local Body,demo://photos/W-002081/completion,SYNTHETIC_PROTOTYPE,True
W-002082,2026-08-31,2026-08-31,2332000,Submitted,2026-09-21,ASSET-W-002082,Anganwadi Building,Demo Village 11 Demo User Agency,Yes,2026-09-18,2026-09-23,Pending,,None recorded,Compliant,Demo Village 11 Demo Local Body,demo://photos/W-002082/completion,SYNTHETIC_PROTOTYPE,True
W-002084,2026-08-31,2026-09-09,1903000,Submitted,2026-09-11,ASSET-W-002084,Community Hall,Demo Village 9 Demo User Agency,Yes,2026-09-13,2026-09-22,Not Due,,None recorded,Compliant,Demo Village 9 Demo Local Body,demo://photos/W-002084/completion,SYNTHETIC_PROTOTYPE,True
W-002085,2026-08-31,2026-09-07,2599000,Submitted,2026-09-19,ASSET-W-002085,Solar Public Facility,Demo Village 31 Demo User Agency,Yes,2026-09-12,2026-09-02,Not Due,,None recorded,Compliant,Demo Village 31 Demo Local Body,demo://photos/W-002085/completion,SYNTHETIC_PROTOTYPE,True
W-002086,2026-08-31,2026-09-04,2142000,Submitted,2026-09-30,ASSET-W-002086,Solar Community Lighting,Demo Village 28 Demo User Agency,Yes,2026-09-17,2026-09-10,Completed,2026-11-05,None recorded,Compliant,Demo Village 28 Demo Local Body,demo://photos/W-002086/completion,SYNTHETIC_PROTOTYPE,True
W-002088,2026-08-31,2026-09-08,2340000,Submitted,2026-09-23,ASSET-W-002088,Solar Street Lights,Demo Village 14 Demo User Agency,Yes,2026-09-16,2026-09-23,Completed,2027-01-27,None recorded,Compliant,Demo Village 14 Demo Local Body,demo://photos/W-002088/completion,SYNTHETIC_PROTOTYPE,True
W-002089,2026-08-31,2026-09-10,3341000,Submitted,2026-09-22,ASSET-W-002089,School Classroom,Demo Village 34 Demo User Agency,Yes,2026-09-11,2026-09-05,Completed,2027-01-18,None recorded,Compliant,Demo Village 34 Demo Local Body,demo://photos/W-002089/completion,SYNTHETIC_PROTOTYPE,True
W-002090,2026-08-31,2026-09-01,2761000,Submitted,2026-09-27,ASSET-W-002090,PHC Equipment Room,Demo Village 11 Demo User Agency,Yes,2026-09-07,2026-09-10,Pending,,None recorded,Compliant,Demo Village 11 Demo Local Body,demo://photos/W-002090/completion,SYNTHETIC_PROTOTYPE,True
W-002093,2026-08-31,2026-09-02,1305000,Submitted,2026-09-06,ASSET-W-002093,Playground Development,Demo Village 7 Demo User Agency,Yes,2026-09-10,2026-09-27,Not Due,,None recorded,Compliant,Demo Village 7 Demo Local Body,demo://photos/W-002093/completion,SYNTHETIC_PROTOTYPE,True
W-002094,2026-08-31,2026-09-01,3428000,Submitted,2026-09-11,ASSET-W-002094,Library Room,Demo Village 20 Demo User Agency,Yes,2026-09-16,2026-09-22,Not Due,,None recorded,Compliant,Demo Village 20 Demo Local Body,demo://photos/W-002094/completion,SYNTHETIC_PROTOTYPE,True
W-002096,2026-08-31,2026-09-03,2770000,Submitted,2026-09-25,ASSET-W-002096,Water Tank,Demo Village 8 Demo User Agency,Yes,2026-09-20,2026-09-21,Pending,,None recorded,Compliant,Demo Village 8 Demo Local Body,demo://photos/W-002096/completion,SYNTHETIC_PROTOTYPE,True
W-002098,2026-08-31,2026-09-02,529000,Submitted,2026-09-24,ASSET-W-002098,Public Toilet,Demo Village 19 Demo User Agency,Yes,2026-09-02,2026-09-05,Completed,2027-01-18,None recorded,Compliant,Demo Village 19 Demo Local Body,demo://photos/W-002098/completion,SYNTHETIC_PROTOTYPE,True
W-002099,2026-08-31,2026-09-10,1556000,Submitted,2026-09-27,ASSET-W-002099,Indoor Sports Hall,Demo Village 24 Demo User Agency,Yes,2026-09-13,2026-09-03,Completed,2027-01-27,None recorded,Compliant,Demo Village 24 Demo Local Body,demo://photos/W-002099/completion,SYNTHETIC_PROTOTYPE,True
W-002100,2026-08-31,2026-09-09,2642000,Submitted,2026-09-30,ASSET-W-002100,Pipeline Extension,Demo Village 5 Demo User Agency,Yes,2026-09-02,2026-09-24,Completed,2026-12-19,None recorded,Compliant,Demo Village 5 Demo Local Body,demo://photos/W-002100/completion,SYNTHETIC_PROTOTYPE,True
W-002101,2026-08-31,2026-09-04,1528000,Submitted,2026-09-24,ASSET-W-002101,Community Sanitation,Demo Village 2 Demo User Agency,Yes,2026-09-11,2026-09-21,Completed,2026-11-16,None recorded,Compliant,Demo Village 2 Demo Local Body,demo://photos/W-002101/completion,SYNTHETIC_PROTOTYPE,True
W-002102,2026-08-31,2026-09-10,3518000,Submitted,2026-09-19,ASSET-W-002102,Ambulance Shelter,Demo Village 4 Demo User Agency,Yes,2026-09-08,2026-09-06,Pending,,None recorded,Compliant,Demo Village 4 Demo Local Body,demo://photos/W-002102/completion,SYNTHETIC_PROTOTYPE,True
W-002105,2026-08-31,2026-09-06,2304000,Submitted,2026-10-13,ASSET-W-002105,PHC Equipment Room,Demo Village 14 Demo User Agency,Yes,2026-09-07,2026-09-09,Completed,2026-11-28,None recorded,Compliant,Demo Village 14 Demo Local Body,demo://photos/W-002105/completion,SYNTHETIC_PROTOTYPE,True
W-002106,2026-08-31,2026-09-01,3665000,Submitted,2026-09-09,ASSET-W-002106,CC Road,Demo Village 1 Demo User Agency,Yes,2026-09-17,2026-09-12,Not Due,,None recorded,Compliant,Demo Village 1 Demo Local Body,demo://photos/W-002106/completion,SYNTHETIC_PROTOTYPE,True
W-002107,2026-08-31,2026-09-02,3259000,Submitted,2026-09-11,ASSET-W-002107,Digital Classroom,Demo Village 32 Demo User Agency,Yes,2026-09-02,2026-09-23,Pending,,None recorded,Compliant,Demo Village 32 Demo Local Body,demo://photos/W-002107/completion,SYNTHETIC_PROTOTYPE,True
W-002108,2026-08-31,2026-09-07,1186000,Submitted,2026-10-08,ASSET-W-002108,Anganwadi Building,Demo Village 14 Demo User Agency,Yes,2026-09-20,2026-09-27,Not Due,,None recorded,Compliant,Demo Village 14 Demo Local Body,demo://photos/W-002108/completion,SYNTHETIC_PROTOTYPE,True
W-002110,2026-08-31,2026-09-07,2334000,Submitted,2026-09-10,ASSET-W-002110,Solar Public Facility,Demo Village 10 Demo User Agency,Yes,2026-09-15,2026-09-06,Pending,,None recorded,Compliant,Demo Village 10 Demo Local Body,demo://photos/W-002110/completion,SYNTHETIC_PROTOTYPE,True
W-002111,2026-08-31,2026-09-09,3579000,Submitted,2026-09-23,ASSET-W-002111,Anganwadi Building,Demo Village 7 Demo User Agency,Yes,2026-09-14,2026-09-16,Not Due,,None recorded,Compliant,Demo Village 7 Demo Local Body,demo://photos/W-002111/completion,SYNTHETIC_PROTOTYPE,True
W-002112,2026-08-31,2026-09-05,2340000,Submitted,2026-09-17,ASSET-W-002112,Solar Street Lights,Demo Village 35 Demo User Agency,Yes,2026-09-13,2026-09-24,Completed,2026-12-24,None recorded,Compliant,Demo Village 35 Demo Local Body,demo://photos/W-002112/completion,SYNTHETIC_PROTOTYPE,True
W-002113,2026-08-31,2026-09-04,2152000,Submitted,2026-09-11,ASSET-W-002113,RO Water Plant,Demo Village 25 Demo User Agency,Yes,2026-09-07,2026-09-30,Completed,2027-01-24,None recorded,Compliant,Demo Village 25 Demo Local Body,demo://photos/W-002113/completion,SYNTHETIC_PROTOTYPE,True
W-002116,2026-08-31,2026-09-05,4003000,Submitted,2026-10-11,ASSET-W-002116,Water Tank,Demo Village 14 Demo User Agency,Yes,2026-09-10,2026-09-08,Not Due,,None recorded,Compliant,Demo Village 14 Demo Local Body,demo://photos/W-002116/completion,SYNTHETIC_PROTOTYPE,True
W-002117,2026-08-31,2026-09-03,1684000,Submitted,2026-09-18,ASSET-W-002117,Public Toilet,Demo Village 34 Demo User Agency,Yes,2026-09-03,2026-09-25,Not Due,,None recorded,Compliant,Demo Village 34 Demo Local Body,demo://photos/W-002117/completion,SYNTHETIC_PROTOTYPE,True
W-002118,2026-08-31,2026-09-04,1818000,Submitted,2026-09-06,ASSET-W-002118,Anganwadi Building,Demo Village 11 Demo User Agency,Yes,2026-09-18,2026-09-15,Not Due,,None recorded,Compliant,Demo Village 11 Demo Local Body,demo://photos/W-002118/completion,SYNTHETIC_PROTOTYPE,True
W-002119,2026-08-31,2026-09-01,2112000,Submitted,2026-10-04,ASSET-W-002119,Community Sanitation,Demo Village 17 Demo User Agency,Yes,2026-09-17,2026-09-29,Not Due,,None recorded,Compliant,Demo Village 17 Demo Local Body,demo://photos/W-002119/completion,SYNTHETIC_PROTOTYPE,True
W-002120,2026-08-31,2026-09-10,3674000,Submitted,2026-10-10,ASSET-W-002120,Public Waiting Hall,Demo Village 12 Demo User Agency,Yes,2026-09-09,2026-09-23,Completed,2026-11-10,None recorded,Compliant,Demo Village 12 Demo Local Body,demo://photos/W-002120/completion,SYNTHETIC_PROTOTYPE,True
W-002122,2026-08-31,2026-09-09,2564000,Submitted,2026-10-11,ASSET-W-002122,Small Bridge,Demo Village 27 Demo User Agency,Yes,2026-09-10,2026-09-02,Not Due,,None recorded,Compliant,Demo Village 27 Demo Local Body,demo://photos/W-002122/completion,SYNTHETIC_PROTOTYPE,True
W-002123,2026-08-31,2026-09-10,2019000,Submitted,2026-09-16,ASSET-W-002123,Drainage,Demo Village 1 Demo User Agency,Yes,2026-09-14,2026-09-05,Completed,2026-12-19,None recorded,Compliant,Demo Village 1 Demo Local Body,demo://photos/W-002123/completion,SYNTHETIC_PROTOTYPE,True
W-002126,2026-08-31,2026-09-08,987000,Submitted,2026-10-14,ASSET-W-002126,Bus Shelter,Demo Village 13 Demo User Agency,Yes,2026-09-20,2026-09-27,Not Due,,None recorded,Compliant,Demo Village 13 Demo Local Body,demo://photos/W-002126/completion,SYNTHETIC_PROTOTYPE,True
W-002128,2026-08-31,2026-09-10,3441000,Submitted,2026-10-01,ASSET-W-002128,School Toilet,Demo Village 18 Demo User Agency,Yes,2026-09-17,2026-09-02,Completed,2026-10-29,None recorded,Compliant,Demo Village 18 Demo Local Body,demo://photos/W-002128/completion,SYNTHETIC_PROTOTYPE,True
W-002129,2026-08-31,2026-09-10,1930000,Submitted,2026-09-11,ASSET-W-002129,School Classroom,Demo Village 6 Demo User Agency,Yes,2026-09-18,2026-09-10,Pending,,None recorded,Compliant,Demo Village 6 Demo Local Body,demo://photos/W-002129/completion,SYNTHETIC_PROTOTYPE,True
W-002131,2026-08-31,2026-09-02,1846000,Pending,,ASSET-W-002131,RO Water Plant,Demo Village 17 Demo User Agency,Pending,2026-09-10,2026-09-06,Completed,2027-01-20,Documentation / closure review,Review Required,Demo Village 17 Demo Local Body,demo://photos/W-002131/completion,SYNTHETIC_PROTOTYPE,True
W-002133,2026-08-31,2026-09-06,964000,Submitted,2026-09-09,ASSET-W-002133,Solar Community Lighting,Demo Village 5 Demo User Agency,Yes,2026-09-10,2026-09-25,Not Due,,None recorded,Compliant,Demo Village 5 Demo Local Body,demo://photos/W-002133/completion,SYNTHETIC_PROTOTYPE,True
W-002134,2026-08-31,2026-09-03,1492000,Submitted,2026-09-10,ASSET-W-002134,Rural Road,Demo Village 22 Demo User Agency,Yes,2026-09-08,2026-09-10,Not Due,,None recorded,Compliant,Demo Village 22 Demo Local Body,demo://photos/W-002134/completion,SYNTHETIC_PROTOTYPE,True
W-002135,2026-08-31,2026-08-31,2730000,Submitted,2026-09-24,ASSET-W-002135,PHC Equipment Room,Demo Village 34 Demo User Agency,Yes,2026-09-11,2026-09-24,Not Due,,None recorded,Compliant,Demo Village 34 Demo Local Body,demo://photos/W-002135/completion,SYNTHETIC_PROTOTYPE,True
W-002136,2026-08-31,2026-09-04,1903000,Submitted,2026-09-22,ASSET-W-002136,Solar Community Lighting,Demo Village 27 Demo User Agency,Yes,2026-09-16,2026-09-20,Pending,,None recorded,Compliant,Demo Village 27 Demo Local Body,demo://photos/W-002136/completion,SYNTHETIC_PROTOTYPE,True
W-002138,2026-08-31,2026-09-04,2294000,Submitted,2026-10-10,ASSET-W-002138,Community Hall,Demo Village 19 Demo User Agency,Yes,2026-09-16,2026-09-06,Pending,,None recorded,Compliant,Demo Village 19 Demo Local Body,demo://photos/W-002138/completion,SYNTHETIC_PROTOTYPE,True
W-002140,2026-08-31,2026-09-08,1526000,Pending,,ASSET-W-002140,Solar Public Facility,Demo Village 7 Demo User Agency,No,2026-09-05,2026-09-23,Pending,,Documentation / closure review,Review Required,Demo Village 7 Demo Local Body,demo://photos/W-002140/completion,SYNTHETIC_PROTOTYPE,True
W-002141,2026-08-31,2026-09-06,670000,Submitted,2026-09-14,ASSET-W-002141,Water Tank,Demo Village 5 Demo User Agency,Yes,2026-09-17,2026-09-18,Completed,2027-01-27,None recorded,Compliant,Demo Village 5 Demo Local Body,demo://photos/W-002141/completion,SYNTHETIC_PROTOTYPE,True
W-002143,2026-08-31,2026-09-09,1442000,Submitted,2026-09-18,ASSET-W-002143,Solar Community Lighting,Demo Village 33 Demo User Agency,Yes,2026-09-16,2026-09-21,Pending,,None recorded,Compliant,Demo Village 33 Demo Local Body,demo://photos/W-002143/completion,SYNTHETIC_PROTOTYPE,True
W-002144,2026-08-31,2026-09-06,652000,Submitted,2026-09-20,ASSET-W-002144,Community Sanitation,Demo Village 35 Demo User Agency,Yes,2026-09-17,2026-09-11,Pending,,None recorded,Compliant,Demo Village 35 Demo Local Body,demo://photos/W-002144/completion,SYNTHETIC_PROTOTYPE,True
W-002147,2026-08-31,2026-08-31,1265000,Submitted,2026-09-05,ASSET-W-002147,Digital Classroom,Demo Village 27 Demo User Agency,Yes,2026-09-19,2026-09-18,Pending,,None recorded,Compliant,Demo Village 27 Demo Local Body,demo://photos/W-002147/completion,SYNTHETIC_PROTOTYPE,True
W-002153,2026-08-31,2026-08-31,1807000,Submitted,2026-09-17,ASSET-W-002153,Solar Street Lights,Demo Village 5 Demo User Agency,Yes,2026-09-02,2026-09-11,Not Due,,None recorded,Compliant,Demo Village 5 Demo Local Body,demo://photos/W-002153/completion,SYNTHETIC_PROTOTYPE,True
W-002154,2026-08-31,2026-09-10,762000,Submitted,2026-09-11,ASSET-W-002154,Bus Shelter,Demo Village 1 Demo User Agency,Yes,2026-09-12,2026-09-06,Completed,2027-02-13,None recorded,Compliant,Demo Village 1 Demo Local Body,demo://photos/W-002154/completion,SYNTHETIC_PROTOTYPE,True
W-002156,2026-08-31,2026-09-01,1509000,Submitted,2026-10-15,ASSET-W-002156,Open Gym,Demo Village 16 Demo User Agency,Yes,2026-09-20,2026-09-12,Pending,,None recorded,Compliant,Demo Village 16 Demo Local Body,demo://photos/W-002156/completion,SYNTHETIC_PROTOTYPE,True
W-002157,2026-08-31,2026-09-06,992000,Submitted,2026-10-03,ASSET-W-002157,Solar Community Lighting,Demo Village 18 Demo User Agency,Yes,2026-09-19,2026-09-29,Pending,,None recorded,Compliant,Demo Village 18 Demo Local Body,demo://photos/W-002157/completion,SYNTHETIC_PROTOTYPE,True
W-002159,2026-08-31,2026-09-07,665000,Submitted,2026-09-21,ASSET-W-002159,Water Tank,Demo Village 15 Demo User Agency,Yes,2026-09-16,2026-09-08,Not Due,,None recorded,Compliant,Demo Village 15 Demo Local Body,demo://photos/W-002159/completion,SYNTHETIC_PROTOTYPE,True
W-002160,2026-08-31,2026-09-06,694000,Submitted,2026-10-15,ASSET-W-002160,Public Toilet,Demo Village 11 Demo User Agency,Yes,2026-09-20,2026-09-15,Completed,2027-02-01,None recorded,Compliant,Demo Village 11 Demo Local Body,demo://photos/W-002160/completion,SYNTHETIC_PROTOTYPE,True
W-002161,2026-08-31,2026-09-07,1580000,Submitted,2026-09-23,ASSET-W-002161,Drainage,Demo Village 35 Demo User Agency,Yes,2026-09-18,2026-09-13,Pending,,None recorded,Compliant,Demo Village 35 Demo Local Body,demo://photos/W-002161/completion,SYNTHETIC_PROTOTYPE,True
W-002162,2026-08-31,2026-09-02,2911000,Submitted,2026-10-06,ASSET-W-002162,Water Tank,Demo Village 30 Demo User Agency,Yes,2026-09-01,2026-09-10,Pending,,None recorded,Compliant,Demo Village 30 Demo Local Body,demo://photos/W-002162/completion,SYNTHETIC_PROTOTYPE,True
W-002163,2026-08-31,2026-09-06,530000,Submitted,2026-10-14,ASSET-W-002163,Solid Waste Shed,Demo Village 8 Demo User Agency,Yes,2026-09-10,2026-09-17,Pending,,None recorded,Compliant,Demo Village 8 Demo Local Body,demo://photos/W-002163/completion,SYNTHETIC_PROTOTYPE,True
W-002167,2026-08-31,2026-09-06,708000,Submitted,2026-10-01,ASSET-W-002167,Drainage,Demo Village 8 Demo User Agency,Yes,2026-09-06,2026-09-09,Pending,,None recorded,Compliant,Demo Village 8 Demo Local Body,demo://photos/W-002167/completion,SYNTHETIC_PROTOTYPE,True
W-002169,2026-08-31,2026-09-07,910000,Submitted,2026-09-05,ASSET-W-002169,Playground Development,Demo Village 27 Demo User Agency,Yes,2026-09-20,2026-09-20,Completed,2026-10-22,None recorded,Compliant,Demo Village 27 Demo Local Body,demo://photos/W-002169/completion,SYNTHETIC_PROTOTYPE,True
W-002170,2026-08-31,2026-09-07,1772000,Submitted,2026-09-23,ASSET-W-002170,Playground Development,Demo Village 15 Demo User Agency,Yes,2026-09-05,2026-09-01,Not Due,,None recorded,Compliant,Demo Village 15 Demo Local Body,demo://photos/W-002170/completion,SYNTHETIC_PROTOTYPE,True
W-002171,2026-08-31,2026-09-02,1393000,Submitted,2026-10-03,ASSET-W-002171,Health Sub-Centre,Demo Village 23 Demo User Agency,Yes,2026-09-17,2026-09-12,Not Due,,None recorded,Compliant,Demo Village 23 Demo Local Body,demo://photos/W-002171/completion,SYNTHETIC_PROTOTYPE,True
W-002177,2026-08-31,2026-09-02,582000,Submitted,2026-10-02,ASSET-W-002177,Water Tank,Demo Village 16 Demo User Agency,Yes,2026-09-04,2026-09-04,Completed,2027-02-15,None recorded,Compliant,Demo Village 16 Demo Local Body,demo://photos/W-002177/completion,SYNTHETIC_PROTOTYPE,True
W-002178,2026-08-31,2026-09-02,2139000,Submitted,2026-09-27,ASSET-W-002178,Solar Water System,Demo Village 25 Demo User Agency,Yes,2026-09-13,2026-09-20,Completed,2026-11-28,None recorded,Compliant,Demo Village 25 Demo Local Body,demo://photos/W-002178/completion,SYNTHETIC_PROTOTYPE,True
W-002181,2026-08-31,2026-09-04,2627000,Submitted,2026-09-06,ASSET-W-002181,Indoor Sports Hall,Demo Village 24 Demo User Agency,Yes,2026-09-18,2026-09-12,Not Due,,None recorded,Compliant,Demo Village 24 Demo Local Body,demo://photos/W-002181/completion,SYNTHETIC_PROTOTYPE,True
W-002182,2026-08-31,2026-09-03,3008000,Submitted,2026-10-03,ASSET-W-002182,Playground Development,Demo Village 33 Demo User Agency,Yes,2026-09-17,2026-09-22,Completed,2026-12-09,None recorded,Compliant,Demo Village 33 Demo Local Body,demo://photos/W-002182/completion,SYNTHETIC_PROTOTYPE,True
W-002184,2026-08-31,2026-08-31,2142000,Submitted,2026-09-11,ASSET-W-002184,Playground Development,Demo Village 31 Demo User Agency,Yes,2026-09-13,2026-09-30,Not Due,,None recorded,Compliant,Demo Village 31 Demo Local Body,demo://photos/W-002184/completion,SYNTHETIC_PROTOTYPE,True
W-002186,2026-08-31,2026-09-09,2420000,Submitted,2026-09-25,ASSET-W-002186,Solar Street Lights,Demo Village 32 Demo User Agency,Yes,2026-09-15,2026-09-21,Completed,2027-02-12,None recorded,Compliant,Demo Village 32 Demo Local Body,demo://photos/W-002186/completion,SYNTHETIC_PROTOTYPE,True
W-002188,2026-08-31,2026-09-03,1008000,Submitted,2026-09-27,ASSET-W-002188,Solar Street Lights,Demo Village 2 Demo User Agency,Yes,2026-09-12,2026-09-02,Completed,2026-11-01,None recorded,Compliant,Demo Village 2 Demo Local Body,demo://photos/W-002188/completion,SYNTHETIC_PROTOTYPE,True
W-002189,2026-08-31,2026-08-31,1364000,Submitted,2026-09-06,ASSET-W-002189,Solar Public Facility,Demo Village 13 Demo User Agency,Yes,2026-09-14,2026-09-22,Pending,,None recorded,Compliant,Demo Village 13 Demo Local Body,demo://photos/W-002189/completion,SYNTHETIC_PROTOTYPE,True
W-002190,2026-08-31,2026-09-06,1513000,Submitted,2026-10-14,ASSET-W-002190,Borewell,Demo Village 21 Demo User Agency,Yes,2026-09-15,2026-09-17,Pending,,None recorded,Compliant,Demo Village 21 Demo Local Body,demo://photos/W-002190/completion,SYNTHETIC_PROTOTYPE,True
W-002191,2026-08-31,2026-09-04,1449000,Submitted,2026-09-20,ASSET-W-002191,CC Road,Demo Village 21 Demo User Agency,Yes,2026-09-11,2026-09-18,Pending,,None recorded,Compliant,Demo Village 21 Demo Local Body,demo://photos/W-002191/completion,SYNTHETIC_PROTOTYPE,True
W-002193,2026-08-31,2026-09-07,770000,Submitted,2026-09-19,ASSET-W-002193,RO Water Plant,Demo Village 26 Demo User Agency,Yes,2026-09-01,2026-09-26,Not Due,,None recorded,Compliant,Demo Village 26 Demo Local Body,demo://photos/W-002193/completion,SYNTHETIC_PROTOTYPE,True
W-002194,2026-08-31,2026-09-09,2321000,Submitted,2026-09-09,ASSET-W-002194,Borewell,Demo Village 15 Demo User Agency,Yes,2026-09-02,2026-09-09,Pending,,None recorded,Compliant,Demo Village 15 Demo Local Body,demo://photos/W-002194/completion,SYNTHETIC_PROTOTYPE,True
W-002196,2026-08-31,2026-09-02,2554000,Submitted,2026-09-28,ASSET-W-002196,Approach Road,Demo Village 6 Demo User Agency,Yes,2026-09-14,2026-09-29,Not Due,,None recorded,Compliant,Demo Village 6 Demo Local Body,demo://photos/W-002196/completion,SYNTHETIC_PROTOTYPE,True
W-002197,2026-08-31,2026-09-04,965000,Submitted,2026-09-25,ASSET-W-002197,Public Toilet,Demo Village 18 Demo User Agency,Yes,2026-09-10,2026-09-29,Completed,2027-02-14,None recorded,Compliant,Demo Village 18 Demo Local Body,demo://photos/W-002197/completion,SYNTHETIC_PROTOTYPE,True
W-002199,2026-08-31,2026-09-05,1352000,Submitted,2026-10-06,ASSET-W-002199,School Toilet,Demo Village 28 Demo User Agency,Yes,2026-09-17,2026-09-13,Completed,2027-02-21,None recorded,Compliant,Demo Village 28 Demo Local Body,demo://photos/W-002199/completion,SYNTHETIC_PROTOTYPE,True
W-002202,2026-08-31,2026-09-03,1374000,Submitted,2026-09-12,ASSET-W-002202,Health Sub-Centre,Demo Village 32 Demo User Agency,Yes,2026-09-09,2026-09-21,Completed,2027-01-04,None recorded,Compliant,Demo Village 32 Demo Local Body,demo://photos/W-002202/completion,SYNTHETIC_PROTOTYPE,True
W-002203,2026-08-31,2026-09-03,1322000,Submitted,2026-09-06,ASSET-W-002203,Health Sub-Centre,Demo Village 11 Demo User Agency,Yes,2026-09-10,2026-09-13,Not Due,,None recorded,Compliant,Demo Village 11 Demo Local Body,demo://photos/W-002203/completion,SYNTHETIC_PROTOTYPE,True
W-002204,2026-08-31,2026-09-03,2478000,Submitted,2026-10-10,ASSET-W-002204,RO Water Plant,Demo Village 7 Demo User Agency,Yes,2026-09-15,2026-09-24,Not Due,,None recorded,Compliant,Demo Village 7 Demo Local Body,demo://photos/W-002204/completion,SYNTHETIC_PROTOTYPE,True
W-002205,2026-08-31,2026-09-05,3925000,Submitted,2026-10-10,ASSET-W-002205,Pipeline Extension,Demo Village 22 Demo User Agency,Yes,2026-09-08,2026-09-28,Not Due,,None recorded,Compliant,Demo Village 22 Demo Local Body,demo://photos/W-002205/completion,SYNTHETIC_PROTOTYPE,True
W-002207,2026-08-31,2026-09-10,2315000,Submitted,2026-09-26,ASSET-W-002207,Digital Classroom,Demo Village 16 Demo User Agency,Yes,2026-09-04,2026-09-04,Not Due,,None recorded,Compliant,Demo Village 16 Demo Local Body,demo://photos/W-002207/completion,SYNTHETIC_PROTOTYPE,True
W-002208,2026-08-31,2026-09-08,2386000,Submitted,2026-09-17,ASSET-W-002208,Public Toilet,Demo Village 25 Demo User Agency,Yes,2026-09-17,2026-09-21,Not Due,,None recorded,Compliant,Demo Village 25 Demo Local Body,demo://photos/W-002208/completion,SYNTHETIC_PROTOTYPE,True
W-002209,2026-08-31,2026-08-31,1125000,Submitted,2026-10-04,ASSET-W-002209,Solar Water System,Demo Village 25 Demo User Agency,Yes,2026-09-03,2026-09-18,Pending,,None recorded,Compliant,Demo Village 25 Demo Local Body,demo://photos/W-002209/completion,SYNTHETIC_PROTOTYPE,True
W-002213,2026-08-31,2026-09-07,1591000,Submitted,2026-09-26,ASSET-W-002213,Solid Waste Shed,Demo Village 12 Demo User Agency,Yes,2026-09-20,2026-09-02,Not Due,,None recorded,Compliant,Demo Village 12 Demo Local Body,demo://photos/W-002213/completion,SYNTHETIC_PROTOTYPE,True
W-002215,2026-08-31,2026-09-08,3388000,Submitted,2026-09-12,ASSET-W-002215,Health Sub-Centre,Demo Village 17 Demo User Agency,Yes,2026-09-04,2026-09-02,Completed,2026-12-23,None recorded,Compliant,Demo Village 17 Demo Local Body,demo://photos/W-002215/completion,SYNTHETIC_PROTOTYPE,True
W-002216,2026-08-31,2026-09-08,939000,Pending,,ASSET-W-002216,Solar Street Lights,Demo Village 1 Demo User Agency,Pending,2026-09-08,2026-09-09,Pending,,Documentation / closure review,Review Required,Demo Village 1 Demo Local Body,demo://photos/W-002216/completion,SYNTHETIC_PROTOTYPE,True
W-002218,2026-08-31,2026-09-02,1927000,Submitted,2026-10-03,ASSET-W-002218,Solid Waste Shed,Demo Village 13 Demo User Agency,Yes,2026-09-19,2026-09-11,Pending,,None recorded,Compliant,Demo Village 13 Demo Local Body,demo://photos/W-002218/completion,SYNTHETIC_PROTOTYPE,True
W-002220,2026-08-31,2026-09-08,2219000,Submitted,2026-09-05,ASSET-W-002220,Water Tank,Demo Village 9 Demo User Agency,Yes,2026-09-15,2026-09-01,Completed,2027-01-12,None recorded,Compliant,Demo Village 9 Demo Local Body,demo://photos/W-002220/completion,SYNTHETIC_PROTOTYPE,True
W-002221,2026-08-31,2026-09-06,1450000,Submitted,2026-10-11,ASSET-W-002221,Public Waiting Hall,Demo Village 25 Demo User Agency,Yes,2026-09-17,2026-09-20,Pending,,None recorded,Compliant,Demo Village 25 Demo Local Body,demo://photos/W-002221/completion,SYNTHETIC_PROTOTYPE,True
W-002222,2026-08-31,2026-09-07,1620000,Submitted,2026-09-20,ASSET-W-002222,Water Tank,Demo Village 10 Demo User Agency,Yes,2026-09-17,2026-09-14,Pending,,None recorded,Compliant,Demo Village 10 Demo Local Body,demo://photos/W-002222/completion,SYNTHETIC_PROTOTYPE,True
W-002223,2026-08-31,2026-09-10,3662000,Submitted,2026-09-12,ASSET-W-002223,Rural Road,Demo Village 27 Demo User Agency,Yes,2026-09-06,2026-09-21,Pending,,None recorded,Compliant,Demo Village 27 Demo Local Body,demo://photos/W-002223/completion,SYNTHETIC_PROTOTYPE,True
W-002225,2026-08-31,2026-09-05,2451000,Submitted,2026-09-25,ASSET-W-002225,RO Water Plant,Demo Village 25 Demo User Agency,Yes,2026-09-14,2026-09-01,Not Due,,None recorded,Compliant,Demo Village 25 Demo Local Body,demo://photos/W-002225/completion,SYNTHETIC_PROTOTYPE,True
W-002226,2026-08-31,2026-09-02,3708000,Submitted,2026-10-15,ASSET-W-002226,CC Road,Demo Village 34 Demo User Agency,Yes,2026-09-04,2026-09-28,Not Due,,None recorded,Compliant,Demo Village 34 Demo Local Body,demo://photos/W-002226/completion,SYNTHETIC_PROTOTYPE,True
W-002228,2026-08-31,2026-09-05,2086000,Submitted,2026-09-11,ASSET-W-002228,Solar Street Lights,Demo Village 2 Demo User Agency,Yes,2026-09-04,2026-09-15,Pending,,None recorded,Compliant,Demo Village 2 Demo Local Body,demo://photos/W-002228/completion,SYNTHETIC_PROTOTYPE,True
W-002232,2026-08-31,2026-09-04,1174000,Submitted,2026-09-28,ASSET-W-002232,Solar Street Lights,Demo Village 24 Demo User Agency,Yes,2026-09-01,2026-09-29,Pending,,None recorded,Compliant,Demo Village 24 Demo Local Body,demo://photos/W-002232/completion,SYNTHETIC_PROTOTYPE,True
W-002233,2026-08-31,2026-09-04,2851000,Submitted,2026-09-25,ASSET-W-002233,Borewell,Demo Village 10 Demo User Agency,Yes,2026-09-12,2026-09-11,Not Due,,None recorded,Compliant,Demo Village 10 Demo Local Body,demo://photos/W-002233/completion,SYNTHETIC_PROTOTYPE,True
W-002234,2026-08-31,2026-08-31,2080000,Submitted,2026-10-08,ASSET-W-002234,Drainage,Demo Village 24 Demo User Agency,Yes,2026-09-14,2026-09-16,Pending,,None recorded,Compliant,Demo Village 24 Demo Local Body,demo://photos/W-002234/completion,SYNTHETIC_PROTOTYPE,True
W-002235,2026-08-31,2026-09-06,3296000,Submitted,2026-09-30,ASSET-W-002235,Health Sub-Centre,Demo Village 34 Demo User Agency,Yes,2026-09-11,2026-09-20,Completed,2026-12-17,None recorded,Compliant,Demo Village 34 Demo Local Body,demo://photos/W-002235/completion,SYNTHETIC_PROTOTYPE,True
W-002236,2026-08-31,2026-09-05,1553000,Submitted,2026-09-19,ASSET-W-002236,Solar Community Lighting,Demo Village 18 Demo User Agency,Yes,2026-09-16,2026-09-08,Pending,,None recorded,Compliant,Demo Village 18 Demo Local Body,demo://photos/W-002236/completion,SYNTHETIC_PROTOTYPE,True
W-002238,2026-08-31,2026-09-10,3031000,Submitted,2026-10-03,ASSET-W-002238,Community Hall,Demo Village 3 Demo User Agency,Yes,2026-09-16,2026-09-26,Completed,2027-02-02,None recorded,Compliant,Demo Village 3 Demo Local Body,demo://photos/W-002238/completion,SYNTHETIC_PROTOTYPE,True
W-002241,2026-08-31,2026-09-07,2158000,Submitted,2026-09-25,ASSET-W-002241,Small Bridge,Demo Village 11 Demo User Agency,Yes,2026-09-05,2026-09-28,Pending,,None recorded,Compliant,Demo Village 11 Demo Local Body,demo://photos/W-002241/completion,SYNTHETIC_PROTOTYPE,True
W-002243,2026-08-31,2026-09-08,1257000,Submitted,2026-10-10,ASSET-W-002243,Solar Public Facility,Demo Village 6 Demo User Agency,Yes,2026-09-16,2026-09-12,Not Due,,None recorded,Compliant,Demo Village 6 Demo Local Body,demo://photos/W-002243/completion,SYNTHETIC_PROTOTYPE,True
W-002244,2026-08-31,2026-08-31,1266000,Submitted,2026-09-21,ASSET-W-002244,School Toilet,Demo Village 3 Demo User Agency,Yes,2026-09-19,2026-09-14,Not Due,,None recorded,Compliant,Demo Village 3 Demo Local Body,demo://photos/W-002244/completion,SYNTHETIC_PROTOTYPE,True
W-002245,2026-08-31,2026-09-08,1034000,Submitted,2026-09-08,ASSET-W-002245,RO Water Plant,Demo Village 31 Demo User Agency,Yes,2026-09-15,2026-09-28,Pending,,None recorded,Compliant,Demo Village 31 Demo Local Body,demo://photos/W-002245/completion,SYNTHETIC_PROTOTYPE,True
W-002246,2026-08-31,2026-09-10,3129000,Submitted,2026-09-17,ASSET-W-002246,PHC Equipment Room,Demo Village 25 Demo User Agency,Yes,2026-09-09,2026-09-08,Completed,2026-11-24,None recorded,Compliant,Demo Village 25 Demo Local Body,demo://photos/W-002246/completion,SYNTHETIC_PROTOTYPE,True
W-002248,2026-08-31,2026-08-31,2964000,Submitted,2026-09-07,ASSET-W-002248,Anganwadi Building,Demo Village 30 Demo User Agency,Yes,2026-09-08,2026-09-02,Pending,,None recorded,Compliant,Demo Village 30 Demo Local Body,demo://photos/W-002248/completion,SYNTHETIC_PROTOTYPE,True
W-002253,2026-08-31,2026-09-01,1398000,Submitted,2026-09-05,ASSET-W-002253,Playground Development,Demo Village 17 Demo User Agency,Yes,2026-09-04,2026-09-01,Pending,,None recorded,Compliant,Demo Village 17 Demo Local Body,demo://photos/W-002253/completion,SYNTHETIC_PROTOTYPE,True
W-002255,2026-08-31,2026-09-07,3345000,Submitted,2026-10-06,ASSET-W-002255,Health Sub-Centre,Demo Village 5 Demo User Agency,Yes,2026-09-20,2026-09-21,Pending,,None recorded,Compliant,Demo Village 5 Demo Local Body,demo://photos/W-002255/completion,SYNTHETIC_PROTOTYPE,True
W-002257,2026-08-31,2026-09-10,1194000,Submitted,2026-09-23,ASSET-W-002257,Community Sanitation,Demo Village 26 Demo User Agency,Yes,2026-09-07,2026-09-26,Not Due,,None recorded,Compliant,Demo Village 26 Demo Local Body,demo://photos/W-002257/completion,SYNTHETIC_PROTOTYPE,True
W-002258,2026-08-31,2026-09-09,822000,Submitted,2026-10-14,ASSET-W-002258,Solar Community Lighting,Demo Village 17 Demo User Agency,Yes,2026-09-04,2026-09-20,Not Due,,None recorded,Compliant,Demo Village 17 Demo Local Body,demo://photos/W-002258/completion,SYNTHETIC_PROTOTYPE,True
W-002259,2026-08-31,2026-09-10,2649000,Submitted,2026-09-15,ASSET-W-002259,RO Water Plant,Demo Village 12 Demo User Agency,Yes,2026-09-17,2026-09-22,Pending,,None recorded,Compliant,Demo Village 12 Demo Local Body,demo://photos/W-002259/completion,SYNTHETIC_PROTOTYPE,True
W-002263,2026-08-31,2026-09-05,2879000,Submitted,2026-09-13,ASSET-W-002263,Ambulance Shelter,Demo Village 19 Demo User Agency,Yes,2026-09-11,2026-09-29,Pending,,None recorded,Compliant,Demo Village 19 Demo Local Body,demo://photos/W-002263/completion,SYNTHETIC_PROTOTYPE,True
W-002265,2026-08-31,2026-09-08,1123000,Submitted,2026-09-05,ASSET-W-002265,Community Sanitation,Demo Village 4 Demo User Agency,Yes,2026-09-03,2026-09-14,Completed,2026-11-29,None recorded,Compliant,Demo Village 4 Demo Local Body,demo://photos/W-002265/completion,SYNTHETIC_PROTOTYPE,True
W-002266,2026-08-31,2026-09-08,3792000,Submitted,2026-09-10,ASSET-W-002266,Health Sub-Centre,Demo Village 33 Demo User Agency,Yes,2026-09-10,2026-09-23,Not Due,,None recorded,Compliant,Demo Village 33 Demo Local Body,demo://photos/W-002266/completion,SYNTHETIC_PROTOTYPE,True
W-002268,2026-08-31,2026-09-04,3132000,Submitted,2026-10-06,ASSET-W-002268,PHC Equipment Room,Demo Village 24 Demo User Agency,Yes,2026-09-07,2026-09-13,Pending,,None recorded,Compliant,Demo Village 24 Demo Local Body,demo://photos/W-002268/completion,SYNTHETIC_PROTOTYPE,True
W-002269,2026-08-31,2026-09-05,1443000,Submitted,2026-10-08,ASSET-W-002269,Public Health Facility,Demo Village 2 Demo User Agency,Yes,2026-09-14,2026-09-11,Not Due,,None recorded,Compliant,Demo Village 2 Demo Local Body,demo://photos/W-002269/completion,SYNTHETIC_PROTOTYPE,True
W-002273,2026-08-31,2026-09-04,2028000,Submitted,2026-09-23,ASSET-W-002273,Solar Community Lighting,Demo Village 22 Demo User Agency,Yes,2026-09-16,2026-09-17,Not Due,,None recorded,Compliant,Demo Village 22 Demo Local Body,demo://photos/W-002273/completion,SYNTHETIC_PROTOTYPE,True
W-002274,2026-08-31,2026-09-06,2633000,Submitted,2026-09-13,ASSET-W-002274,Anganwadi Building,Demo Village 25 Demo User Agency,Yes,2026-09-04,2026-09-23,Pending,,None recorded,Compliant,Demo Village 25 Demo Local Body,demo://photos/W-002274/completion,SYNTHETIC_PROTOTYPE,True
W-002275,2026-08-31,2026-09-02,3782000,Submitted,2026-10-01,ASSET-W-002275,Public Waiting Hall,Demo Village 7 Demo User Agency,Yes,2026-09-13,2026-09-18,Pending,,None recorded,Compliant,Demo Village 7 Demo Local Body,demo://photos/W-002275/completion,SYNTHETIC_PROTOTYPE,True
W-002276,2026-08-31,2026-09-10,2646000,Submitted,2026-09-14,ASSET-W-002276,RO Water Plant,Demo Village 12 Demo User Agency,Yes,2026-09-03,2026-09-09,Completed,2026-10-14,None recorded,Compliant,Demo Village 12 Demo Local Body,demo://photos/W-002276/completion,SYNTHETIC_PROTOTYPE,True
W-002278,2026-08-31,2026-09-09,3061000,Submitted,2026-09-07,ASSET-W-002278,Public Health Facility,Demo Village 12 Demo User Agency,Yes,2026-09-08,2026-09-24,Completed,2026-12-01,None recorded,Compliant,Demo Village 12 Demo Local Body,demo://photos/W-002278/completion,SYNTHETIC_PROTOTYPE,True
W-002279,2026-08-31,2026-09-01,2917000,Submitted,2026-09-29,ASSET-W-002279,School Toilet,Demo Village 35 Demo User Agency,Yes,2026-09-02,2026-09-13,Not Due,,None recorded,Compliant,Demo Village 35 Demo Local Body,demo://photos/W-002279/completion,SYNTHETIC_PROTOTYPE,True
W-002282,2026-08-31,2026-09-09,1804000,Submitted,2026-10-05,ASSET-W-002282,Small Bridge,Demo Village 11 Demo User Agency,Yes,2026-09-17,2026-09-19,Completed,2026-10-02,None recorded,Compliant,Demo Village 11 Demo Local Body,demo://photos/W-002282/completion,SYNTHETIC_PROTOTYPE,True
W-002284,2026-08-31,2026-09-02,1553000,Submitted,2026-09-19,ASSET-W-002284,Community Sanitation,Demo Village 35 Demo User Agency,Yes,2026-09-05,2026-09-21,Pending,,None recorded,Compliant,Demo Village 35 Demo Local Body,demo://photos/W-002284/completion,SYNTHETIC_PROTOTYPE,True
W-002285,2026-08-31,2026-09-06,955000,Not Submitted,,ASSET-W-002285,Solar Community Lighting,Demo Village 33 Demo User Agency,Pending,2026-09-19,2026-09-29,Pending,,Documentation / closure review,Review Required,Demo Village 33 Demo Local Body,demo://photos/W-002285/completion,SYNTHETIC_PROTOTYPE,True
W-002287,2026-08-31,2026-09-06,3016000,Submitted,2026-10-12,ASSET-W-002287,Anganwadi Building,Demo Village 35 Demo User Agency,Yes,2026-09-05,2026-09-09,Completed,2027-02-19,None recorded,Compliant,Demo Village 35 Demo Local Body,demo://photos/W-002287/completion,SYNTHETIC_PROTOTYPE,True
W-002288,2026-08-31,2026-08-31,540000,Submitted,2026-09-08,ASSET-W-002288,Solar Public Facility,Demo Village 18 Demo User Agency,Yes,2026-09-06,2026-09-05,Not Due,,None recorded,Compliant,Demo Village 18 Demo Local Body,demo://photos/W-002288/completion,SYNTHETIC_PROTOTYPE,True
W-002289,2026-08-31,2026-09-08,3900000,Submitted,2026-10-02,ASSET-W-002289,Health Sub-Centre,Demo Village 30 Demo User Agency,Yes,2026-09-18,2026-09-16,Pending,,None recorded,Compliant,Demo Village 30 Demo Local Body,demo://photos/W-002289/completion,SYNTHETIC_PROTOTYPE,True
W-002290,2026-08-31,2026-09-05,2190000,Submitted,2026-09-14,ASSET-W-002290,Borewell,Demo Village 2 Demo User Agency,Yes,2026-09-12,2026-09-23,Completed,2027-02-16,None recorded,Compliant,Demo Village 2 Demo Local Body,demo://photos/W-002290/completion,SYNTHETIC_PROTOTYPE,True
W-002295,2026-08-31,2026-08-31,2591000,Submitted,2026-10-14,ASSET-W-002295,Open Gym,Demo Village 11 Demo User Agency,Yes,2026-09-20,2026-09-24,Completed,2026-11-19,None recorded,Compliant,Demo Village 11 Demo Local Body,demo://photos/W-002295/completion,SYNTHETIC_PROTOTYPE,True
W-002296,2026-08-31,2026-09-02,1595000,Submitted,2026-09-06,ASSET-W-002296,Open Gym,Demo Village 5 Demo User Agency,Yes,2026-09-10,2026-09-04,Not Due,,None recorded,Compliant,Demo Village 5 Demo Local Body,demo://photos/W-002296/completion,SYNTHETIC_PROTOTYPE,True
W-002297,2026-08-31,2026-09-01,750000,Submitted,2026-09-28,ASSET-W-002297,Community Sanitation,Demo Village 7 Demo User Agency,Yes,2026-09-15,2026-09-12,Pending,,None recorded,Compliant,Demo Village 7 Demo Local Body,demo://photos/W-002297/completion,SYNTHETIC_PROTOTYPE,True
W-002298,2026-08-31,2026-09-08,2935000,Submitted,2026-10-03,ASSET-W-002298,School Toilet,Demo Village 10 Demo User Agency,Yes,2026-09-11,2026-09-05,Not Due,,None recorded,Compliant,Demo Village 10 Demo Local Body,demo://photos/W-002298/completion,SYNTHETIC_PROTOTYPE,True
W-002299,2026-08-31,2026-09-02,3100000,Submitted,2026-10-13,ASSET-W-002299,Public Waiting Hall,Demo Village 20 Demo User Agency,Yes,2026-09-02,2026-09-18,Not Due,,None recorded,Compliant,Demo Village 20 Demo Local Body,demo://photos/W-002299/completion,SYNTHETIC_PROTOTYPE,True
W-002301,2026-08-31,2026-09-07,1339000,Submitted,2026-09-20,ASSET-W-002301,Solid Waste Shed,Demo Village 35 Demo User Agency,Yes,2026-09-19,2026-09-10,Not Due,,None recorded,Compliant,Demo Village 35 Demo Local Body,demo://photos/W-002301/completion,SYNTHETIC_PROTOTYPE,True
W-002302,2026-08-31,2026-09-06,653000,Submitted,2026-10-09,ASSET-W-002302,Community Sanitation,Demo Village 25 Demo User Agency,Yes,2026-09-06,2026-09-15,Pending,,None recorded,Compliant,Demo Village 25 Demo Local Body,demo://photos/W-002302/completion,SYNTHETIC_PROTOTYPE,True
W-002303,2026-08-31,2026-09-06,891000,Submitted,2026-09-15,ASSET-W-002303,Solar Community Lighting,Demo Village 29 Demo User Agency,Yes,2026-09-13,2026-09-09,Not Due,,None recorded,Compliant,Demo Village 29 Demo Local Body,demo://photos/W-002303/completion,SYNTHETIC_PROTOTYPE,True
W-002304,2026-08-31,2026-09-09,3134000,Submitted,2026-10-15,ASSET-W-002304,Borewell,Demo Village 35 Demo User Agency,Yes,2026-09-05,2026-09-24,Not Due,,None recorded,Compliant,Demo Village 35 Demo Local Body,demo://photos/W-002304/completion,SYNTHETIC_PROTOTYPE,True
W-002306,2026-08-31,2026-09-05,1581000,Submitted,2026-09-08,ASSET-W-002306,Borewell,Demo Village 19 Demo User Agency,Yes,2026-09-10,2026-09-11,Completed,2026-10-27,None recorded,Compliant,Demo Village 19 Demo Local Body,demo://photos/W-002306/completion,SYNTHETIC_PROTOTYPE,True
W-002307,2026-08-31,2026-09-01,1128000,Submitted,2026-10-05,ASSET-W-002307,Community Hall,Demo Village 22 Demo User Agency,Yes,2026-09-06,2026-09-07,Completed,2026-10-18,None recorded,Compliant,Demo Village 22 Demo Local Body,demo://photos/W-002307/completion,SYNTHETIC_PROTOTYPE,True
W-002308,2026-08-31,2026-09-08,2104000,Submitted,2026-09-19,ASSET-W-002308,Solid Waste Shed,Demo Village 20 Demo User Agency,Yes,2026-09-07,2026-09-01,Not Due,,None recorded,Compliant,Demo Village 20 Demo Local Body,demo://photos/W-002308/completion,SYNTHETIC_PROTOTYPE,True
W-002309,2026-08-31,2026-09-05,3686000,Submitted,2026-09-12,ASSET-W-002309,Bus Shelter,Demo Village 28 Demo User Agency,Yes,2026-09-01,2026-09-26,Pending,,None recorded,Compliant,Demo Village 28 Demo Local Body,demo://photos/W-002309/completion,SYNTHETIC_PROTOTYPE,True
W-002310,2026-08-31,2026-09-10,1222000,Submitted,2026-09-15,ASSET-W-002310,Anganwadi Building,Demo Village 16 Demo User Agency,Yes,2026-09-07,2026-09-02,Pending,,None recorded,Compliant,Demo Village 16 Demo Local Body,demo://photos/W-002310/completion,SYNTHETIC_PROTOTYPE,True
W-002311,2026-08-31,2026-09-06,4066000,Submitted,2026-10-10,ASSET-W-002311,Anganwadi Building,Demo Village 32 Demo User Agency,Yes,2026-09-09,2026-09-16,Not Due,,None recorded,Compliant,Demo Village 32 Demo Local Body,demo://photos/W-002311/completion,SYNTHETIC_PROTOTYPE,True
W-002314,2026-08-31,2026-09-07,1821000,Submitted,2026-09-06,ASSET-W-002314,Health Sub-Centre,Demo Village 27 Demo User Agency,Yes,2026-09-16,2026-09-08,Completed,2026-12-09,None recorded,Compliant,Demo Village 27 Demo Local Body,demo://photos/W-002314/completion,SYNTHETIC_PROTOTYPE,True
W-002315,2026-08-31,2026-09-02,3819000,Submitted,2026-10-05,ASSET-W-002315,Anganwadi Building,Demo Village 27 Demo User Agency,Yes,2026-09-05,2026-09-25,Completed,2027-02-09,None recorded,Compliant,Demo Village 27 Demo Local Body,demo://photos/W-002315/completion,SYNTHETIC_PROTOTYPE,True
W-002316,2026-08-31,2026-09-01,3676000,Submitted,2026-10-04,ASSET-W-002316,PHC Equipment Room,Demo Village 16 Demo User Agency,Yes,2026-09-06,2026-09-05,Completed,2026-12-18,None recorded,Compliant,Demo Village 16 Demo Local Body,demo://photos/W-002316/completion,SYNTHETIC_PROTOTYPE,True
W-002317,2026-08-31,2026-09-05,1632000,Submitted,2026-09-21,ASSET-W-002317,Sports Equipment Facility,Demo Village 26 Demo User Agency,Yes,2026-09-08,2026-09-09,Not Due,,None recorded,Compliant,Demo Village 26 Demo Local Body,demo://photos/W-002317/completion,SYNTHETIC_PROTOTYPE,True
W-002318,2026-08-31,2026-09-02,2354000,Submitted,2026-09-30,ASSET-W-002318,Solar Public Facility,Demo Village 6 Demo User Agency,Yes,2026-09-06,2026-09-22,Pending,,None recorded,Compliant,Demo Village 6 Demo Local Body,demo://photos/W-002318/completion,SYNTHETIC_PROTOTYPE,True
W-002319,2026-08-31,2026-09-01,996000,Submitted,2026-10-07,ASSET-W-002319,Indoor Sports Hall,Demo Village 2 Demo User Agency,Yes,2026-09-06,2026-09-16,Not Due,,None recorded,Compliant,Demo Village 2 Demo Local Body,demo://photos/W-002319/completion,SYNTHETIC_PROTOTYPE,True
W-002321,2026-08-31,2026-09-07,1831000,Submitted,2026-09-26,ASSET-W-002321,Drainage,Demo Village 6 Demo User Agency,Yes,2026-09-14,2026-09-22,Not Due,,None recorded,Compliant,Demo Village 6 Demo Local Body,demo://photos/W-002321/completion,SYNTHETIC_PROTOTYPE,True
W-002322,2026-08-31,2026-09-02,3148000,Submitted,2026-10-09,ASSET-W-002322,Library Room,Demo Village 5 Demo User Agency,Yes,2026-09-20,2026-09-15,Completed,2026-11-20,None recorded,Compliant,Demo Village 5 Demo Local Body,demo://photos/W-002322/completion,SYNTHETIC_PROTOTYPE,True
W-002323,2026-08-31,2026-09-05,4016000,Submitted,2026-09-19,ASSET-W-002323,Approach Road,Demo Village 23 Demo User Agency,Yes,2026-09-15,2026-09-10,Not Due,,None recorded,Compliant,Demo Village 23 Demo Local Body,demo://photos/W-002323/completion,SYNTHETIC_PROTOTYPE,True
W-002324,2026-08-31,2026-09-10,1333000,Submitted,2026-10-04,ASSET-W-002324,Community Sanitation,Demo Village 23 Demo User Agency,Yes,2026-09-05,2026-09-01,Not Due,,None recorded,Compliant,Demo Village 23 Demo Local Body,demo://photos/W-002324/completion,SYNTHETIC_PROTOTYPE,True
W-002325,2026-08-31,2026-09-08,3825000,Submitted,2026-09-12,ASSET-W-002325,Public Waiting Hall,Demo Village 7 Demo User Agency,Yes,2026-09-13,2026-09-23,Not Due,,None recorded,Compliant,Demo Village 7 Demo Local Body,demo://photos/W-002325/completion,SYNTHETIC_PROTOTYPE,True
W-002326,2026-08-31,2026-09-04,4289000,Submitted,2026-09-23,ASSET-W-002326,Health Sub-Centre,Demo Village 20 Demo User Agency,Yes,2026-09-17,2026-09-05,Pending,,None recorded,Compliant,Demo Village 20 Demo Local Body,demo://photos/W-002326/completion,SYNTHETIC_PROTOTYPE,True
W-002330,2026-08-31,2026-09-02,1547000,Submitted,2026-09-24,ASSET-W-002330,Water Tank,Demo Village 24 Demo User Agency,Yes,2026-09-18,2026-09-22,Pending,,None recorded,Compliant,Demo Village 24 Demo Local Body,demo://photos/W-002330/completion,SYNTHETIC_PROTOTYPE,True
W-002331,2026-08-31,2026-09-08,2038000,Submitted,2026-10-14,ASSET-W-002331,Sports Equipment Facility,Demo Village 29 Demo User Agency,Yes,2026-09-20,2026-09-05,Completed,2027-02-17,None recorded,Compliant,Demo Village 29 Demo Local Body,demo://photos/W-002331/completion,SYNTHETIC_PROTOTYPE,True
W-002332,2026-08-31,2026-09-01,1426000,Submitted,2026-09-07,ASSET-W-002332,Public Waiting Hall,Demo Village 35 Demo User Agency,Yes,2026-09-07,2026-09-12,Not Due,,None recorded,Compliant,Demo Village 35 Demo Local Body,demo://photos/W-002332/completion,SYNTHETIC_PROTOTYPE,True
W-002333,2026-08-31,2026-09-07,1042000,Submitted,2026-09-17,ASSET-W-002333,Sports Equipment Facility,Demo Village 27 Demo User Agency,Yes,2026-09-19,2026-09-28,Pending,,None recorded,Compliant,Demo Village 27 Demo Local Body,demo://photos/W-002333/completion,SYNTHETIC_PROTOTYPE,True
W-002334,2026-08-31,2026-09-09,2571000,Submitted,2026-09-28,ASSET-W-002334,School Classroom,Demo Village 29 Demo User Agency,Yes,2026-09-09,2026-09-10,Pending,,None recorded,Compliant,Demo Village 29 Demo Local Body,demo://photos/W-002334/completion,SYNTHETIC_PROTOTYPE,True
W-002335,2026-08-31,2026-09-10,1877000,Submitted,2026-09-18,ASSET-W-002335,Bus Shelter,Demo Village 24 Demo User Agency,Yes,2026-09-03,2026-09-15,Completed,2027-01-12,None recorded,Compliant,Demo Village 24 Demo Local Body,demo://photos/W-002335/completion,SYNTHETIC_PROTOTYPE,True
W-002336,2026-08-31,2026-09-03,3572000,Submitted,2026-10-02,ASSET-W-002336,Anganwadi Building,Demo Village 3 Demo User Agency,Yes,2026-09-08,2026-09-27,Not Due,,None recorded,Compliant,Demo Village 3 Demo Local Body,demo://photos/W-002336/completion,SYNTHETIC_PROTOTYPE,True
W-002337,2026-08-31,2026-09-03,1441000,Submitted,2026-09-05,ASSET-W-002337,Rural Road,Demo Village 24 Demo User Agency,Yes,2026-09-19,2026-09-07,Completed,2026-12-21,None recorded,Compliant,Demo Village 24 Demo Local Body,demo://photos/W-002337/completion,SYNTHETIC_PROTOTYPE,True
W-002340,2026-08-31,2026-09-05,3409000,Submitted,2026-10-03,ASSET-W-002340,Public Waiting Hall,Demo Village 20 Demo User Agency,Yes,2026-09-02,2026-09-27,Not Due,,None recorded,Compliant,Demo Village 20 Demo Local Body,demo://photos/W-002340/completion,SYNTHETIC_PROTOTYPE,True
W-002341,2026-08-31,2026-09-10,980000,Submitted,2026-09-28,ASSET-W-002341,Digital Classroom,Demo Village 35 Demo User Agency,Yes,2026-09-06,2026-09-11,Not Due,,None recorded,Compliant,Demo Village 35 Demo Local Body,demo://photos/W-002341/completion,SYNTHETIC_PROTOTYPE,True
W-002342,2026-08-31,2026-08-31,1190000,Submitted,2026-09-05,ASSET-W-002342,Health Sub-Centre,Demo Village 27 Demo User Agency,Yes,2026-09-20,2026-09-06,Completed,2026-12-08,None recorded,Compliant,Demo Village 27 Demo Local Body,demo://photos/W-002342/completion,SYNTHETIC_PROTOTYPE,True
W-002343,2026-08-31,2026-09-01,1084000,Submitted,2026-09-05,ASSET-W-002343,Drainage,Demo Village 5 Demo User Agency,Yes,2026-09-01,2026-09-27,Completed,2026-11-03,None recorded,Compliant,Demo Village 5 Demo Local Body,demo://photos/W-002343/completion,SYNTHETIC_PROTOTYPE,True
W-002344,2026-08-31,2026-09-06,1155000,Submitted,2026-10-13,ASSET-W-002344,Sports Equipment Facility,Demo Village 35 Demo User Agency,Yes,2026-09-10,2026-09-14,Pending,,None recorded,Compliant,Demo Village 35 Demo Local Body,demo://photos/W-002344/completion,SYNTHETIC_PROTOTYPE,True
W-002345,2026-08-31,2026-09-03,3108000,Submitted,2026-09-29,ASSET-W-002345,Bus Shelter,Demo Village 31 Demo User Agency,Yes,2026-09-07,2026-09-20,Not Due,,None recorded,Compliant,Demo Village 31 Demo Local Body,demo://photos/W-002345/completion,SYNTHETIC_PROTOTYPE,True
W-002347,2026-08-31,2026-09-01,1577000,Submitted,2026-09-30,ASSET-W-002347,Approach Road,Demo Village 8 Demo User Agency,Yes,2026-09-13,2026-09-21,Not Due,,None recorded,Compliant,Demo Village 8 Demo Local Body,demo://photos/W-002347/completion,SYNTHETIC_PROTOTYPE,True
W-002349,2026-08-31,2026-09-06,2756000,Submitted,2026-09-12,ASSET-W-002349,Health Sub-Centre,Demo Village 24 Demo User Agency,Yes,2026-09-01,2026-09-09,Pending,,None recorded,Compliant,Demo Village 24 Demo Local Body,demo://photos/W-002349/completion,SYNTHETIC_PROTOTYPE,True
W-002350,2026-08-31,2026-08-31,5280000,Submitted,2026-09-11,ASSET-W-002350,CC Road,Demo Village 30 Demo User Agency,Yes,2026-09-05,2026-09-22,Pending,,None recorded,Compliant,Demo Village 30 Demo Local Body,demo://photos/W-002350/completion,SYNTHETIC_PROTOTYPE,True
W-002352,2026-08-31,2026-08-31,4441000,Submitted,2026-10-03,ASSET-W-002352,Rural Road,Demo Village 26 Demo User Agency,Yes,2026-09-06,2026-09-18,Completed,2027-01-28,None recorded,Compliant,Demo Village 26 Demo Local Body,demo://photos/W-002352/completion,SYNTHETIC_PROTOTYPE,True
W-002354,2026-08-31,2026-09-06,2991000,Submitted,2026-09-20,ASSET-W-002354,Library Room,Demo Village 22 Demo User Agency,Yes,2026-09-14,2026-09-27,Completed,2027-01-10,None recorded,Compliant,Demo Village 22 Demo Local Body,demo://photos/W-002354/completion,SYNTHETIC_PROTOTYPE,True
W-002355,2026-08-31,2026-09-01,1189000,Submitted,2026-10-12,ASSET-W-002355,Public Health Facility,Demo Village 6 Demo User Agency,Yes,2026-09-06,2026-09-04,Completed,2027-02-06,None recorded,Compliant,Demo Village 6 Demo Local Body,demo://photos/W-002355/completion,SYNTHETIC_PROTOTYPE,True
W-002356,2026-08-31,2026-09-06,1083000,Submitted,2026-10-04,ASSET-W-002356,Indoor Sports Hall,Demo Village 33 Demo User Agency,Yes,2026-09-06,2026-09-22,Not Due,,None recorded,Compliant,Demo Village 33 Demo Local Body,demo://photos/W-002356/completion,SYNTHETIC_PROTOTYPE,True
W-002358,2026-08-31,2026-09-03,3254000,Submitted,2026-10-04,ASSET-W-002358,Approach Road,Demo Village 30 Demo User Agency,Yes,2026-09-06,2026-09-05,Pending,,None recorded,Compliant,Demo Village 30 Demo Local Body,demo://photos/W-002358/completion,SYNTHETIC_PROTOTYPE,True
W-002359,2026-08-31,2026-09-04,2351000,Submitted,2026-10-04,ASSET-W-002359,School Toilet,Demo Village 14 Demo User Agency,Yes,2026-09-17,2026-09-04,Completed,2027-02-09,None recorded,Compliant,Demo Village 14 Demo Local Body,demo://photos/W-002359/completion,SYNTHETIC_PROTOTYPE,True
W-002360,2026-08-31,2026-09-01,2023000,Submitted,2026-09-25,ASSET-W-002360,Solar Water System,Demo Village 10 Demo User Agency,Yes,2026-09-10,2026-09-28,Completed,2027-01-24,None recorded,Compliant,Demo Village 10 Demo Local Body,demo://photos/W-002360/completion,SYNTHETIC_PROTOTYPE,True
W-002365,2026-08-31,2026-09-07,2219000,Submitted,2026-09-17,ASSET-W-002365,Pipeline Extension,Demo Village 26 Demo User Agency,Yes,2026-09-13,2026-09-19,Pending,,None recorded,Compliant,Demo Village 26 Demo Local Body,demo://photos/W-002365/completion,SYNTHETIC_PROTOTYPE,True
W-002366,2026-08-31,2026-09-09,2342000,Submitted,2026-10-02,ASSET-W-002366,School Toilet,Demo Village 22 Demo User Agency,Yes,2026-09-18,2026-09-01,Completed,2026-12-09,None recorded,Compliant,Demo Village 22 Demo Local Body,demo://photos/W-002366/completion,SYNTHETIC_PROTOTYPE,True
W-002367,2026-08-31,2026-09-02,1479000,Submitted,2026-10-14,ASSET-W-002367,Sports Equipment Facility,Demo Village 30 Demo User Agency,Yes,2026-09-13,2026-09-02,Completed,2027-01-30,None recorded,Compliant,Demo Village 30 Demo Local Body,demo://photos/W-002367/completion,SYNTHETIC_PROTOTYPE,True
W-002368,2026-08-31,2026-09-06,1608000,Submitted,2026-09-17,ASSET-W-002368,Solid Waste Shed,Demo Village 17 Demo User Agency,Yes,2026-09-19,2026-09-19,Completed,2026-10-04,None recorded,Compliant,Demo Village 17 Demo Local Body,demo://photos/W-002368/completion,SYNTHETIC_PROTOTYPE,True
W-002369,2026-08-31,2026-09-08,1699000,Submitted,2026-09-25,ASSET-W-002369,Solar Public Facility,Demo Village 17 Demo User Agency,Yes,2026-09-18,2026-09-23,Pending,,None recorded,Compliant,Demo Village 17 Demo Local Body,demo://photos/W-002369/completion,SYNTHETIC_PROTOTYPE,True
W-002371,2026-08-31,2026-09-08,1560000,Submitted,2026-10-13,ASSET-W-002371,Pipeline Extension,Demo Village 27 Demo User Agency,Yes,2026-09-05,2026-09-11,Not Due,,None recorded,Compliant,Demo Village 27 Demo Local Body,demo://photos/W-002371/completion,SYNTHETIC_PROTOTYPE,True
W-002372,2026-08-31,2026-09-10,1523000,Submitted,2026-09-11,ASSET-W-002372,Public Toilet,Demo Village 4 Demo User Agency,Yes,2026-09-09,2026-09-26,Not Due,,None recorded,Compliant,Demo Village 4 Demo Local Body,demo://photos/W-002372/completion,SYNTHETIC_PROTOTYPE,True
W-002375,2026-08-31,2026-09-09,1999000,Submitted,2026-09-06,ASSET-W-002375,Solar Public Facility,Demo Village 27 Demo User Agency,Yes,2026-09-05,2026-09-27,Completed,2026-11-03,None recorded,Compliant,Demo Village 27 Demo Local Body,demo://photos/W-002375/completion,SYNTHETIC_PROTOTYPE,True
W-002377,2026-08-31,2026-09-03,2406000,Submitted,2026-10-01,ASSET-W-002377,Public Toilet,Demo Village 11 Demo User Agency,Yes,2026-09-11,2026-09-22,Completed,2026-12-11,None recorded,Compliant,Demo Village 11 Demo Local Body,demo://photos/W-002377/completion,SYNTHETIC_PROTOTYPE,True
W-002378,2026-08-31,2026-09-05,2394000,Submitted,2026-09-22,ASSET-W-002378,Solid Waste Shed,Demo Village 2 Demo User Agency,Yes,2026-09-09,2026-09-08,Pending,,None recorded,Compliant,Demo Village 2 Demo Local Body,demo://photos/W-002378/completion,SYNTHETIC_PROTOTYPE,True
W-002380,2026-08-31,2026-09-10,484000,Submitted,2026-10-05,ASSET-W-002380,Water Tank,Demo Village 7 Demo User Agency,Yes,2026-09-01,2026-09-12,Completed,2026-10-20,None recorded,Compliant,Demo Village 7 Demo Local Body,demo://photos/W-002380/completion,SYNTHETIC_PROTOTYPE,True
W-002381,2026-08-31,2026-09-09,627000,Submitted,2026-09-19,ASSET-W-002381,Indoor Sports Hall,Demo Village 32 Demo User Agency,Yes,2026-09-09,2026-09-16,Completed,2026-12-02,None recorded,Compliant,Demo Village 32 Demo Local Body,demo://photos/W-002381/completion,SYNTHETIC_PROTOTYPE,True
W-002383,2026-08-31,2026-09-08,2061000,Submitted,2026-10-05,ASSET-W-002383,Health Sub-Centre,Demo Village 17 Demo User Agency,Yes,2026-09-15,2026-09-05,Completed,2026-11-08,None recorded,Compliant,Demo Village 17 Demo Local Body,demo://photos/W-002383/completion,SYNTHETIC_PROTOTYPE,True
W-002386,2026-08-31,2026-09-09,2126000,Submitted,2026-10-10,ASSET-W-002386,Public Health Facility,Demo Village 23 Demo User Agency,Yes,2026-09-17,2026-09-06,Completed,2026-12-02,None recorded,Compliant,Demo Village 23 Demo Local Body,demo://photos/W-002386/completion,SYNTHETIC_PROTOTYPE,True
W-002387,2026-08-31,2026-09-05,3422000,Submitted,2026-09-23,ASSET-W-002387,Small Bridge,Demo Village 3 Demo User Agency,Yes,2026-09-06,2026-09-15,Pending,,None recorded,Compliant,Demo Village 3 Demo Local Body,demo://photos/W-002387/completion,SYNTHETIC_PROTOTYPE,True
W-002388,2026-08-31,2026-08-31,3133000,Submitted,2026-09-11,ASSET-W-002388,Public Health Facility,Demo Village 6 Demo User Agency,Yes,2026-09-13,2026-09-15,Completed,2027-01-11,None recorded,Compliant,Demo Village 6 Demo Local Body,demo://photos/W-002388/completion,SYNTHETIC_PROTOTYPE,True
W-002389,2026-08-31,2026-09-08,2357000,Submitted,2026-09-08,ASSET-W-002389,Approach Road,Demo Village 32 Demo User Agency,Yes,2026-09-17,2026-09-05,Pending,,None recorded,Compliant,Demo Village 32 Demo Local Body,demo://photos/W-002389/completion,SYNTHETIC_PROTOTYPE,True
W-002390,2026-08-31,2026-09-03,3069000,Submitted,2026-10-03,ASSET-W-002390,Indoor Sports Hall,Demo Village 30 Demo User Agency,Yes,2026-09-07,2026-09-10,Not Due,,None recorded,Compliant,Demo Village 30 Demo Local Body,demo://photos/W-002390/completion,SYNTHETIC_PROTOTYPE,True
W-002391,2026-08-31,2026-09-05,3587000,Submitted,2026-09-21,ASSET-W-002391,Ambulance Shelter,Demo Village 6 Demo User Agency,Yes,2026-09-15,2026-09-30,Completed,2027-02-21,None recorded,Compliant,Demo Village 6 Demo Local Body,demo://photos/W-002391/completion,SYNTHETIC_PROTOTYPE,True
W-002392,2026-08-31,2026-09-04,2805000,Submitted,2026-09-14,ASSET-W-002392,Community Sanitation,Demo Village 35 Demo User Agency,Yes,2026-09-14,2026-09-15,Not Due,,None recorded,Compliant,Demo Village 35 Demo Local Body,demo://photos/W-002392/completion,SYNTHETIC_PROTOTYPE,True
W-002393,2026-08-31,2026-09-08,3738000,Submitted,2026-10-05,ASSET-W-002393,PHC Equipment Room,Demo Village 33 Demo User Agency,Yes,2026-09-09,2026-09-14,Pending,,None recorded,Compliant,Demo Village 33 Demo Local Body,demo://photos/W-002393/completion,SYNTHETIC_PROTOTYPE,True
W-002395,2026-08-31,2026-09-04,1827000,Submitted,2026-10-02,ASSET-W-002395,School Toilet,Demo Village 32 Demo User Agency,Yes,2026-09-05,2026-09-02,Pending,,None recorded,Compliant,Demo Village 32 Demo Local Body,demo://photos/W-002395/completion,SYNTHETIC_PROTOTYPE,True
W-002396,2026-08-31,2026-08-31,2896000,Submitted,2026-09-15,ASSET-W-002396,Borewell,Demo Village 35 Demo User Agency,Yes,2026-09-15,2026-09-11,Not Due,,None recorded,Compliant,Demo Village 35 Demo Local Body,demo://photos/W-002396/completion,SYNTHETIC_PROTOTYPE,True
W-002397,2026-08-31,2026-08-31,1888000,Submitted,2026-09-23,ASSET-W-002397,Borewell,Demo Village 14 Demo User Agency,Yes,2026-09-20,2026-09-06,Completed,2026-10-17,None recorded,Compliant,Demo Village 14 Demo Local Body,demo://photos/W-002397/completion,SYNTHETIC_PROTOTYPE,True
W-002399,2026-08-31,2026-09-08,1760000,Submitted,2026-10-04,ASSET-W-002399,Solar Street Lights,Demo Village 6 Demo User Agency,Yes,2026-09-05,2026-09-21,Not Due,,None recorded,Compliant,Demo Village 6 Demo Local Body,demo://photos/W-002399/completion,SYNTHETIC_PROTOTYPE,True
W-002400,2026-08-31,2026-09-03,1342000,Submitted,2026-09-30,ASSET-W-002400,Solar Street Lights,Demo Village 28 Demo User Agency,Yes,2026-09-02,2026-09-04,Not Due,,None recorded,Compliant,Demo Village 28 Demo Local Body,demo://photos/W-002400/completion,SYNTHETIC_PROTOTYPE,True
W-002401,2026-08-31,2026-09-09,1941000,Submitted,2026-09-17,ASSET-W-002401,Solar Community Lighting,Demo Village 7 Demo User Agency,Yes,2026-09-13,2026-09-29,Completed,2026-12-30,None recorded,Compliant,Demo Village 7 Demo Local Body,demo://photos/W-002401/completion,SYNTHETIC_PROTOTYPE,True
W-002402,2026-08-31,2026-09-08,2551000,Submitted,2026-10-11,ASSET-W-002402,Playground Development,Demo Village 15 Demo User Agency,Yes,2026-09-13,2026-09-12,Completed,2026-10-07,None recorded,Compliant,Demo Village 15 Demo Local Body,demo://photos/W-002402/completion,SYNTHETIC_PROTOTYPE,True
W-002403,2026-08-31,2026-09-10,3812000,Submitted,2026-10-08,ASSET-W-002403,School Classroom,Demo Village 1 Demo User Agency,Yes,2026-09-09,2026-09-12,Pending,,None recorded,Compliant,Demo Village 1 Demo Local Body,demo://photos/W-002403/completion,SYNTHETIC_PROTOTYPE,True
W-002404,2026-08-31,2026-09-06,482000,Submitted,2026-09-24,ASSET-W-002404,Community Sanitation,Demo Village 17 Demo User Agency,Yes,2026-09-03,2026-09-30,Completed,2027-02-18,None recorded,Compliant,Demo Village 17 Demo Local Body,demo://photos/W-002404/completion,SYNTHETIC_PROTOTYPE,True
W-002406,2026-08-31,2026-09-10,955000,Submitted,2026-10-10,ASSET-W-002406,Solar Community Lighting,Demo Village 31 Demo User Agency,Yes,2026-09-07,2026-09-27,Not Due,,None recorded,Compliant,Demo Village 31 Demo Local Body,demo://photos/W-002406/completion,SYNTHETIC_PROTOTYPE,True
W-002409,2026-08-31,2026-09-04,2389000,Submitted,2026-10-06,ASSET-W-002409,School Toilet,Demo Village 27 Demo User Agency,Yes,2026-09-16,2026-09-06,Completed,2026-11-14,None recorded,Compliant,Demo Village 27 Demo Local Body,demo://photos/W-002409/completion,SYNTHETIC_PROTOTYPE,True
W-002410,2026-08-31,2026-09-03,775000,Submitted,2026-09-27,ASSET-W-002410,Sports Equipment Facility,Demo Village 17 Demo User Agency,Yes,2026-09-09,2026-09-26,Completed,2027-01-24,None recorded,Compliant,Demo Village 17 Demo Local Body,demo://photos/W-002410/completion,SYNTHETIC_PROTOTYPE,True
W-002412,2026-08-31,2026-09-08,2685000,Submitted,2026-09-10,ASSET-W-002412,Anganwadi Building,Demo Village 18 Demo User Agency,Yes,2026-09-17,2026-09-01,Completed,2026-11-25,None recorded,Compliant,Demo Village 18 Demo Local Body,demo://photos/W-002412/completion,SYNTHETIC_PROTOTYPE,True
W-002414,2026-08-31,2026-09-06,949000,Submitted,2026-09-11,ASSET-W-002414,Ambulance Shelter,Demo Village 34 Demo User Agency,Yes,2026-09-16,2026-09-03,Not Due,,None recorded,Compliant,Demo Village 34 Demo Local Body,demo://photos/W-002414/completion,SYNTHETIC_PROTOTYPE,True
W-002415,2026-08-31,2026-09-10,1891000,Submitted,2026-09-06,ASSET-W-002415,Solar Water System,Demo Village 19 Demo User Agency,Yes,2026-09-13,2026-09-12,Pending,,None recorded,Compliant,Demo Village 19 Demo Local Body,demo://photos/W-002415/completion,SYNTHETIC_PROTOTYPE,True
W-002416,2026-08-31,2026-09-01,2368000,Submitted,2026-09-13,ASSET-W-002416,Playground Development,Demo Village 30 Demo User Agency,Yes,2026-09-10,2026-09-02,Not Due,,None recorded,Compliant,Demo Village 30 Demo Local Body,demo://photos/W-002416/completion,SYNTHETIC_PROTOTYPE,True
W-002418,2026-08-31,2026-09-07,3718000,Submitted,2026-09-06,ASSET-W-002418,Approach Road,Demo Village 32 Demo User Agency,Yes,2026-09-02,2026-09-25,Pending,,None recorded,Compliant,Demo Village 32 Demo Local Body,demo://photos/W-002418/completion,SYNTHETIC_PROTOTYPE,True
W-002421,2026-08-31,2026-09-01,3664000,Submitted,2026-09-09,ASSET-W-002421,Borewell,Demo Village 25 Demo User Agency,Yes,2026-09-06,2026-09-02,Completed,2026-10-22,None recorded,Compliant,Demo Village 25 Demo Local Body,demo://photos/W-002421/completion,SYNTHETIC_PROTOTYPE,True
W-002423,2026-08-31,2026-09-03,1756000,Submitted,2026-09-25,ASSET-W-002423,Library Room,Demo Village 12 Demo User Agency,Yes,2026-09-17,2026-09-04,Pending,,None recorded,Compliant,Demo Village 12 Demo Local Body,demo://photos/W-002423/completion,SYNTHETIC_PROTOTYPE,True
W-002424,2026-08-31,2026-09-03,1529000,Submitted,2026-09-18,ASSET-W-002424,Drainage,Demo Village 9 Demo User Agency,Yes,2026-09-03,2026-09-05,Completed,2026-10-06,None recorded,Compliant,Demo Village 9 Demo Local Body,demo://photos/W-002424/completion,SYNTHETIC_PROTOTYPE,True
W-002426,2026-08-31,2026-09-06,1910000,Submitted,2026-09-25,ASSET-W-002426,Anganwadi Building,Demo Village 22 Demo User Agency,Yes,2026-09-17,2026-09-29,Pending,,None recorded,Compliant,Demo Village 22 Demo Local Body,demo://photos/W-002426/completion,SYNTHETIC_PROTOTYPE,True
W-002427,2026-08-31,2026-09-01,3032000,Submitted,2026-09-16,ASSET-W-002427,Rural Road,Demo Village 7 Demo User Agency,Yes,2026-09-16,2026-09-06,Not Due,,None recorded,Compliant,Demo Village 7 Demo Local Body,demo://photos/W-002427/completion,SYNTHETIC_PROTOTYPE,True
W-002428,2026-08-31,2026-09-06,2005000,Submitted,2026-10-15,ASSET-W-002428,Public Toilet,Demo Village 9 Demo User Agency,Yes,2026-09-01,2026-09-23,Pending,,None recorded,Compliant,Demo Village 9 Demo Local Body,demo://photos/W-002428/completion,SYNTHETIC_PROTOTYPE,True
W-002429,2026-08-31,2026-09-10,1955000,Submitted,2026-10-14,ASSET-W-002429,Solar Public Facility,Demo Village 1 Demo User Agency,Yes,2026-09-16,2026-09-20,Pending,,None recorded,Compliant,Demo Village 1 Demo Local Body,demo://photos/W-002429/completion,SYNTHETIC_PROTOTYPE,True
W-002430,2026-08-31,2026-08-31,2586000,Submitted,2026-09-11,ASSET-W-002430,Rural Road,Demo Village 10 Demo User Agency,Yes,2026-09-12,2026-09-10,Completed,2026-10-25,None recorded,Compliant,Demo Village 10 Demo Local Body,demo://photos/W-002430/completion,SYNTHETIC_PROTOTYPE,True
W-002431,2026-08-31,2026-09-09,1059000,Submitted,2026-10-04,ASSET-W-002431,Drainage,Demo Village 35 Demo User Agency,Yes,2026-09-02,2026-09-22,Completed,2026-11-10,None recorded,Compliant,Demo Village 35 Demo Local Body,demo://photos/W-002431/completion,SYNTHETIC_PROTOTYPE,True
W-002433,2026-08-31,2026-09-06,1660000,Submitted,2026-10-07,ASSET-W-002433,Small Bridge,Demo Village 34 Demo User Agency,Yes,2026-09-20,2026-09-09,Not Due,,None recorded,Compliant,Demo Village 34 Demo Local Body,demo://photos/W-002433/completion,SYNTHETIC_PROTOTYPE,True
W-002434,2026-08-31,2026-09-09,2248000,Submitted,2026-09-24,ASSET-W-002434,Water Tank,Demo Village 29 Demo User Agency,Yes,2026-09-11,2026-09-17,Pending,,None recorded,Compliant,Demo Village 29 Demo Local Body,demo://photos/W-002434/completion,SYNTHETIC_PROTOTYPE,True
W-002435,2026-08-31,2026-08-31,823000,Submitted,2026-10-11,ASSET-W-002435,RO Water Plant,Demo Village 7 Demo User Agency,Yes,2026-09-05,2026-09-10,Not Due,,None recorded,Compliant,Demo Village 7 Demo Local Body,demo://photos/W-002435/completion,SYNTHETIC_PROTOTYPE,True
W-002436,2026-08-31,2026-09-07,1889000,Submitted,2026-09-16,ASSET-W-002436,Solar Water System,Demo Village 26 Demo User Agency,Yes,2026-09-09,2026-09-29,Pending,,None recorded,Compliant,Demo Village 26 Demo Local Body,demo://photos/W-002436/completion,SYNTHETIC_PROTOTYPE,True
W-002438,2026-08-31,2026-08-31,3031000,Submitted,2026-09-24,ASSET-W-002438,Library Room,Demo Village 30 Demo User Agency,Yes,2026-09-03,2026-09-20,Not Due,,None recorded,Compliant,Demo Village 30 Demo Local Body,demo://photos/W-002438/completion,SYNTHETIC_PROTOTYPE,True
W-002439,2026-08-31,2026-09-02,3348000,Submitted,2026-10-02,ASSET-W-002439,Health Sub-Centre,Demo Village 18 Demo User Agency,Yes,2026-09-13,2026-09-05,Completed,2026-12-05,None recorded,Compliant,Demo Village 18 Demo Local Body,demo://photos/W-002439/completion,SYNTHETIC_PROTOTYPE,True
W-002440,2026-08-31,2026-08-31,1711000,Submitted,2026-10-05,ASSET-W-002440,Library Room,Demo Village 12 Demo User Agency,Yes,2026-09-11,2026-09-26,Pending,,None recorded,Compliant,Demo Village 12 Demo Local Body,demo://photos/W-002440/completion,SYNTHETIC_PROTOTYPE,True
W-002442,2026-08-31,2026-09-06,2787000,Submitted,2026-10-11,ASSET-W-002442,Playground Development,Demo Village 32 Demo User Agency,Yes,2026-09-02,2026-09-21,Not Due,,None recorded,Compliant,Demo Village 32 Demo Local Body,demo://photos/W-002442/completion,SYNTHETIC_PROTOTYPE,True
W-002444,2026-08-31,2026-09-02,2645000,Submitted,2026-10-01,ASSET-W-002444,Library Room,Demo Village 32 Demo User Agency,Yes,2026-09-13,2026-09-24,Not Due,,None recorded,Compliant,Demo Village 32 Demo Local Body,demo://photos/W-002444/completion,SYNTHETIC_PROTOTYPE,True
W-002448,2026-08-31,2026-09-02,2629000,Submitted,2026-10-01,ASSET-W-002448,Small Bridge,Demo Village 22 Demo User Agency,Yes,2026-09-14,2026-09-24,Pending,,None recorded,Compliant,Demo Village 22 Demo Local Body,demo://photos/W-002448/completion,SYNTHETIC_PROTOTYPE,True
W-002449,2026-08-31,2026-09-03,1220000,Submitted,2026-09-27,ASSET-W-002449,Public Health Facility,Demo Village 7 Demo User Agency,Yes,2026-09-06,2026-09-29,Pending,,None recorded,Compliant,Demo Village 7 Demo Local Body,demo://photos/W-002449/completion,SYNTHETIC_PROTOTYPE,True
W-002452,2026-08-31,2026-09-09,736000,Submitted,2026-09-21,ASSET-W-002452,Water Tank,Demo Village 22 Demo User Agency,Yes,2026-09-16,2026-09-16,Not Due,,None recorded,Compliant,Demo Village 22 Demo Local Body,demo://photos/W-002452/completion,SYNTHETIC_PROTOTYPE,True
W-002454,2026-08-31,2026-09-10,1124000,Submitted,2026-10-10,ASSET-W-002454,Community Sanitation,Demo Village 33 Demo User Agency,Yes,2026-09-17,2026-09-20,Completed,2027-02-27,None recorded,Compliant,Demo Village 33 Demo Local Body,demo://photos/W-002454/completion,SYNTHETIC_PROTOTYPE,True
W-002456,2026-08-31,2026-09-07,2987000,Submitted,2026-10-06,ASSET-W-002456,Drainage,Demo Village 22 Demo User Agency,Yes,2026-09-15,2026-09-10,Pending,,None recorded,Compliant,Demo Village 22 Demo Local Body,demo://photos/W-002456/completion,SYNTHETIC_PROTOTYPE,True
W-002457,2026-08-31,2026-09-04,2915000,Submitted,2026-09-25,ASSET-W-002457,Ambulance Shelter,Demo Village 18 Demo User Agency,Yes,2026-09-20,2026-09-27,Not Due,,None recorded,Compliant,Demo Village 18 Demo Local Body,demo://photos/W-002457/completion,SYNTHETIC_PROTOTYPE,True
W-002458,2026-08-31,2026-09-08,1324000,Submitted,2026-09-27,ASSET-W-002458,School Toilet,Demo Village 33 Demo User Agency,Yes,2026-09-17,2026-09-11,Completed,2027-01-11,None recorded,Compliant,Demo Village 33 Demo Local Body,demo://photos/W-002458/completion,SYNTHETIC_PROTOTYPE,True
W-002459,2026-08-31,2026-09-09,2412000,Submitted,2026-09-21,ASSET-W-002459,Community Hall,Demo Village 14 Demo User Agency,Yes,2026-09-17,2026-09-28,Completed,2026-11-18,None recorded,Compliant,Demo Village 14 Demo Local Body,demo://photos/W-002459/completion,SYNTHETIC_PROTOTYPE,True
W-002462,2026-08-31,2026-09-04,4310000,Submitted,2026-09-30,ASSET-W-002462,Small Bridge,Demo Village 7 Demo User Agency,Yes,2026-09-09,2026-09-02,Pending,,None recorded,Compliant,Demo Village 7 Demo Local Body,demo://photos/W-002462/completion,SYNTHETIC_PROTOTYPE,True
W-002463,2026-08-31,2026-09-10,996000,Submitted,2026-09-30,ASSET-W-002463,PHC Equipment Room,Demo Village 4 Demo User Agency,Yes,2026-09-20,2026-09-20,Pending,,None recorded,Compliant,Demo Village 4 Demo Local Body,demo://photos/W-002463/completion,SYNTHETIC_PROTOTYPE,True
W-002464,2026-08-31,2026-09-06,2045000,Submitted,2026-10-09,ASSET-W-002464,Playground Development,Demo Village 1 Demo User Agency,Yes,2026-09-02,2026-09-12,Not Due,,None recorded,Compliant,Demo Village 1 Demo Local Body,demo://photos/W-002464/completion,SYNTHETIC_PROTOTYPE,True
W-002465,2026-08-31,2026-09-03,1308000,Submitted,2026-10-09,ASSET-W-002465,Community Hall,Demo Village 20 Demo User Agency,Yes,2026-09-03,2026-09-30,Not Due,,None recorded,Compliant,Demo Village 20 Demo Local Body,demo://photos/W-002465/completion,SYNTHETIC_PROTOTYPE,True
W-002466,2026-08-31,2026-09-04,1578000,Submitted,2026-09-09,ASSET-W-002466,Sports Equipment Facility,Demo Village 18 Demo User Agency,Yes,2026-09-07,2026-09-09,Completed,2026-12-01,None recorded,Compliant,Demo Village 18 Demo Local Body,demo://photos/W-002466/completion,SYNTHETIC_PROTOTYPE,True
W-002467,2026-08-31,2026-09-02,3125000,Submitted,2026-09-28,ASSET-W-002467,Pipeline Extension,Demo Village 18 Demo User Agency,Yes,2026-09-07,2026-09-29,Completed,2026-10-02,None recorded,Compliant,Demo Village 18 Demo Local Body,demo://photos/W-002467/completion,SYNTHETIC_PROTOTYPE,True
W-002468,2026-08-31,2026-09-06,3858000,Submitted,2026-09-10,ASSET-W-002468,Community Hall,Demo Village 13 Demo User Agency,Yes,2026-09-10,2026-09-07,Completed,2027-02-08,None recorded,Compliant,Demo Village 13 Demo Local Body,demo://photos/W-002468/completion,SYNTHETIC_PROTOTYPE,True
W-002470,2026-08-31,2026-08-31,2548000,Submitted,2026-10-06,ASSET-W-002470,Sports Equipment Facility,Demo Village 34 Demo User Agency,Yes,2026-09-04,2026-09-24,Not Due,,None recorded,Compliant,Demo Village 34 Demo Local Body,demo://photos/W-002470/completion,SYNTHETIC_PROTOTYPE,True
W-002473,2026-08-31,2026-09-02,2917000,Submitted,2026-09-25,ASSET-W-002473,Approach Road,Demo Village 27 Demo User Agency,Yes,2026-09-13,2026-09-06,Pending,,None recorded,Compliant,Demo Village 27 Demo Local Body,demo://photos/W-002473/completion,SYNTHETIC_PROTOTYPE,True
W-002474,2026-08-31,2026-09-09,1465000,Submitted,2026-10-06,ASSET-W-002474,Playground Development,Demo Village 19 Demo User Agency,Yes,2026-09-08,2026-09-23,Pending,,None recorded,Compliant,Demo Village 19 Demo Local Body,demo://photos/W-002474/completion,SYNTHETIC_PROTOTYPE,True
W-002475,2026-08-31,2026-09-10,1862000,Submitted,2026-10-05,ASSET-W-002475,Borewell,Demo Village 2 Demo User Agency,Yes,2026-09-15,2026-09-01,Completed,2027-01-09,None recorded,Compliant,Demo Village 2 Demo Local Body,demo://photos/W-002475/completion,SYNTHETIC_PROTOTYPE,True
W-002478,2026-08-31,2026-09-02,865000,Submitted,2026-10-01,ASSET-W-002478,Ambulance Shelter,Demo Village 13 Demo User Agency,Yes,2026-09-19,2026-09-27,Not Due,,None recorded,Compliant,Demo Village 13 Demo Local Body,demo://photos/W-002478/completion,SYNTHETIC_PROTOTYPE,True
W-002479,2026-08-31,2026-09-10,2358000,Submitted,2026-09-07,ASSET-W-002479,Public Toilet,Demo Village 14 Demo User Agency,Yes,2026-09-12,2026-09-26,Not Due,,None recorded,Compliant,Demo Village 14 Demo Local Body,demo://photos/W-002479/completion,SYNTHETIC_PROTOTYPE,True
W-002482,2026-08-31,2026-09-04,2313000,Submitted,2026-10-08,ASSET-W-002482,Public Toilet,Demo Village 25 Demo User Agency,Yes,2026-09-05,2026-09-20,Not Due,,None recorded,Compliant,Demo Village 25 Demo Local Body,demo://photos/W-002482/completion,SYNTHETIC_PROTOTYPE,True
W-002483,2026-08-31,2026-09-01,4591000,Submitted,2026-09-25,ASSET-W-002483,Indoor Sports Hall,Demo Village 26 Demo User Agency,Yes,2026-09-05,2026-09-18,Pending,,None recorded,Compliant,Demo Village 26 Demo Local Body,demo://photos/W-002483/completion,SYNTHETIC_PROTOTYPE,True
W-002485,2026-08-31,2026-09-06,2352000,Submitted,2026-10-08,ASSET-W-002485,Pipeline Extension,Demo Village 8 Demo User Agency,Yes,2026-09-10,2026-09-23,Not Due,,None recorded,Compliant,Demo Village 8 Demo Local Body,demo://photos/W-002485/completion,SYNTHETIC_PROTOTYPE,True
W-002487,2026-08-31,2026-09-08,1466000,Submitted,2026-10-10,ASSET-W-002487,Playground Development,Demo Village 12 Demo User Agency,Yes,2026-09-01,2026-09-19,Pending,,None recorded,Compliant,Demo Village 12 Demo Local Body,demo://photos/W-002487/completion,SYNTHETIC_PROTOTYPE,True
W-002488,2026-08-31,2026-09-04,3758000,Submitted,2026-10-02,ASSET-W-002488,Community Hall,Demo Village 28 Demo User Agency,Yes,2026-09-19,2026-09-27,Not Due,,None recorded,Compliant,Demo Village 28 Demo Local Body,demo://photos/W-002488/completion,SYNTHETIC_PROTOTYPE,True
W-002489,2026-08-31,2026-08-31,1202000,Submitted,2026-10-15,ASSET-W-002489,School Toilet,Demo Village 11 Demo User Agency,Yes,2026-09-06,2026-09-20,Not Due,,None recorded,Compliant,Demo Village 11 Demo Local Body,demo://photos/W-002489/completion,SYNTHETIC_PROTOTYPE,True
W-002491,2026-08-31,2026-09-07,3476000,Submitted,2026-10-14,ASSET-W-002491,Digital Classroom,Demo Village 31 Demo User Agency,Yes,2026-09-02,2026-09-16,Not Due,,None recorded,Compliant,Demo Village 31 Demo Local Body,demo://photos/W-002491/completion,SYNTHETIC_PROTOTYPE,True
W-002493,2026-08-31,2026-09-03,2798000,Submitted,2026-10-12,ASSET-W-002493,CC Road,Demo Village 35 Demo User Agency,Yes,2026-09-02,2026-09-28,Pending,,None recorded,Compliant,Demo Village 35 Demo Local Body,demo://photos/W-002493/completion,SYNTHETIC_PROTOTYPE,True
W-002496,2026-08-31,2026-09-08,1931000,Submitted,2026-10-04,ASSET-W-002496,Anganwadi Building,Demo Village 23 Demo User Agency,Yes,2026-09-16,2026-09-14,Completed,2027-01-02,None recorded,Compliant,Demo Village 23 Demo Local Body,demo://photos/W-002496/completion,SYNTHETIC_PROTOTYPE,True
W-002498,2026-08-31,2026-09-01,1126000,Submitted,2026-09-15,ASSET-W-002498,Playground Development,Demo Village 27 Demo User Agency,Yes,2026-09-06,2026-09-20,Not Due,,None recorded,Compliant,Demo Village 27 Demo Local Body,demo://photos/W-002498/completion,SYNTHETIC_PROTOTYPE,True
W-002499,2026-08-31,2026-09-09,1496000,Submitted,2026-09-06,ASSET-W-002499,Community Hall,Demo Village 18 Demo User Agency,Yes,2026-09-10,2026-09-09,Completed,2026-11-06,None recorded,Compliant,Demo Village 18 Demo Local Body,demo://photos/W-002499/completion,SYNTHETIC_PROTOTYPE,True
W-002500,2026-08-31,2026-09-10,809000,Submitted,2026-10-10,ASSET-W-002500,Pipeline Extension,Demo Village 10 Demo User Agency,Yes,2026-09-14,2026-09-18,Pending,,None recorded,Compliant,Demo Village 10 Demo Local Body,demo://photos/W-002500/completion,SYNTHETIC_PROTOTYPE,True
W-002501,2026-08-31,2026-09-03,2423000,Submitted,2026-09-29,ASSET-W-002501,School Toilet,Demo Village 19 Demo User Agency,Yes,2026-09-05,2026-09-19,Completed,2026-12-21,None recorded,Compliant,Demo Village 19 Demo Local Body,demo://photos/W-002501/completion,SYNTHETIC_PROTOTYPE,True
W-002505,2026-08-31,2026-08-31,1506000,Submitted,2026-09-22,ASSET-W-002505,Digital Classroom,Demo Village 12 Demo User Agency,Yes,2026-09-02,2026-09-25,Not Due,,None recorded,Compliant,Demo Village 12 Demo Local Body,demo://photos/W-002505/completion,SYNTHETIC_PROTOTYPE,True
W-002506,2026-08-31,2026-09-02,1683000,Submitted,2026-10-15,ASSET-W-002506,Drainage,Demo Village 28 Demo User Agency,Yes,2026-09-06,2026-09-04,Not Due,,None recorded,Compliant,Demo Village 28 Demo Local Body,demo://photos/W-002506/completion,SYNTHETIC_PROTOTYPE,True
W-002509,2026-08-31,2026-09-09,749000,Submitted,2026-09-26,ASSET-W-002509,Solar Public Facility,Demo Village 30 Demo User Agency,Yes,2026-09-01,2026-09-26,Pending,,None recorded,Compliant,Demo Village 30 Demo Local Body,demo://photos/W-002509/completion,SYNTHETIC_PROTOTYPE,True
W-002510,2026-08-31,2026-09-03,1159000,Submitted,2026-10-09,ASSET-W-002510,Solar Community Lighting,Demo Village 2 Demo User Agency,Yes,2026-09-14,2026-09-26,Not Due,,None recorded,Compliant,Demo Village 2 Demo Local Body,demo://photos/W-002510/completion,SYNTHETIC_PROTOTYPE,True
W-002512,2026-08-31,2026-09-09,1570000,Submitted,2026-09-15,ASSET-W-002512,School Classroom,Demo Village 24 Demo User Agency,Yes,2026-09-05,2026-09-16,Completed,2026-12-12,None recorded,Compliant,Demo Village 24 Demo Local Body,demo://photos/W-002512/completion,SYNTHETIC_PROTOTYPE,True
W-002513,2026-08-31,2026-09-08,2252000,Submitted,2026-09-06,ASSET-W-002513,Bus Shelter,Demo Village 29 Demo User Agency,Yes,2026-09-18,2026-09-11,Pending,,None recorded,Compliant,Demo Village 29 Demo Local Body,demo://photos/W-002513/completion,SYNTHETIC_PROTOTYPE,True
W-002515,2026-08-31,2026-09-10,1189000,Submitted,2026-10-09,ASSET-W-002515,Water Tank,Demo Village 17 Demo User Agency,Yes,2026-09-18,2026-09-11,Completed,2027-01-05,None recorded,Compliant,Demo Village 17 Demo Local Body,demo://photos/W-002515/completion,SYNTHETIC_PROTOTYPE,True
W-002517,2026-08-31,2026-09-09,2126000,Submitted,2026-09-26,ASSET-W-002517,Small Bridge,Demo Village 7 Demo User Agency,Yes,2026-09-14,2026-09-02,Completed,2026-12-30,None recorded,Compliant,Demo Village 7 Demo Local Body,demo://photos/W-002517/completion,SYNTHETIC_PROTOTYPE,True
W-002519,2026-08-31,2026-09-07,2279000,Submitted,2026-10-09,ASSET-W-002519,Open Gym,Demo Village 32 Demo User Agency,Yes,2026-09-17,2026-09-14,Not Due,,None recorded,Compliant,Demo Village 32 Demo Local Body,demo://photos/W-002519/completion,SYNTHETIC_PROTOTYPE,True
W-002520,2026-08-31,2026-09-03,925000,Submitted,2026-10-08,ASSET-W-002520,Sports Equipment Facility,Demo Village 35 Demo User Agency,Yes,2026-09-04,2026-09-26,Pending,,None recorded,Compliant,Demo Village 35 Demo Local Body,demo://photos/W-002520/completion,SYNTHETIC_PROTOTYPE,True
W-002523,2026-08-31,2026-09-06,1107000,Submitted,2026-09-12,ASSET-W-002523,Drainage,Demo Village 1 Demo User Agency,Yes,2026-09-06,2026-09-29,Completed,2027-01-27,None recorded,Compliant,Demo Village 1 Demo Local Body,demo://photos/W-002523/completion,SYNTHETIC_PROTOTYPE,True
W-002525,2026-08-31,2026-08-31,2680000,Submitted,2026-09-29,ASSET-W-002525,Water Tank,Demo Village 7 Demo User Agency,Yes,2026-09-03,2026-09-17,Not Due,,None recorded,Compliant,Demo Village 7 Demo Local Body,demo://photos/W-002525/completion,SYNTHETIC_PROTOTYPE,True
W-002526,2026-08-31,2026-09-02,480000,Submitted,2026-09-19,ASSET-W-002526,Indoor Sports Hall,Demo Village 7 Demo User Agency,Yes,2026-09-17,2026-09-18,Completed,2026-12-23,None recorded,Compliant,Demo Village 7 Demo Local Body,demo://photos/W-002526/completion,SYNTHETIC_PROTOTYPE,True
W-002527,2026-08-31,2026-09-09,599000,Submitted,2026-10-09,ASSET-W-002527,Solar Community Lighting,Demo Village 10 Demo User Agency,Yes,2026-09-19,2026-09-22,Pending,,None recorded,Compliant,Demo Village 10 Demo Local Body,demo://photos/W-002527/completion,SYNTHETIC_PROTOTYPE,True
W-002528,2026-08-31,2026-09-08,1934000,Submitted,2026-09-12,ASSET-W-002528,Rural Road,Demo Village 14 Demo User Agency,Yes,2026-09-12,2026-09-12,Completed,2026-10-26,None recorded,Compliant,Demo Village 14 Demo Local Body,demo://photos/W-002528/completion,SYNTHETIC_PROTOTYPE,True
W-002530,2026-08-31,2026-09-03,2531000,Submitted,2026-09-07,ASSET-W-002530,Public Waiting Hall,Demo Village 14 Demo User Agency,Yes,2026-09-03,2026-09-20,Completed,2027-02-20,None recorded,Compliant,Demo Village 14 Demo Local Body,demo://photos/W-002530/completion,SYNTHETIC_PROTOTYPE,True
W-002531,2026-08-31,2026-09-04,722000,Submitted,2026-10-07,ASSET-W-002531,Indoor Sports Hall,Demo Village 26 Demo User Agency,Yes,2026-09-06,2026-09-23,Completed,2026-11-06,None recorded,Compliant,Demo Village 26 Demo Local Body,demo://photos/W-002531/completion,SYNTHETIC_PROTOTYPE,True
W-002534,2026-08-31,2026-09-07,1972000,Submitted,2026-10-08,ASSET-W-002534,Open Gym,Demo Village 35 Demo User Agency,Yes,2026-09-02,2026-09-06,Completed,2026-12-15,None recorded,Compliant,Demo Village 35 Demo Local Body,demo://photos/W-002534/completion,SYNTHETIC_PROTOTYPE,True
W-002535,2026-08-31,2026-09-09,2148000,Submitted,2026-09-18,ASSET-W-002535,Ambulance Shelter,Demo Village 33 Demo User Agency,Yes,2026-09-13,2026-09-01,Pending,,None recorded,Compliant,Demo Village 33 Demo Local Body,demo://photos/W-002535/completion,SYNTHETIC_PROTOTYPE,True
W-002536,2026-08-31,2026-09-03,789000,Submitted,2026-10-10,ASSET-W-002536,PHC Equipment Room,Demo Village 30 Demo User Agency,Yes,2026-09-01,2026-09-17,Not Due,,None recorded,Compliant,Demo Village 30 Demo Local Body,demo://photos/W-002536/completion,SYNTHETIC_PROTOTYPE,True
W-002537,2026-08-31,2026-09-07,2234000,Submitted,2026-10-11,ASSET-W-002537,RO Water Plant,Demo Village 1 Demo User Agency,Yes,2026-09-15,2026-09-08,Completed,2027-02-05,None recorded,Compliant,Demo Village 1 Demo Local Body,demo://photos/W-002537/completion,SYNTHETIC_PROTOTYPE,True
W-002538,2026-08-31,2026-09-01,1090000,Submitted,2026-09-17,ASSET-W-002538,School Toilet,Demo Village 2 Demo User Agency,Yes,2026-09-05,2026-09-27,Not Due,,None recorded,Compliant,Demo Village 2 Demo Local Body,demo://photos/W-002538/completion,SYNTHETIC_PROTOTYPE,True
W-002539,2026-08-31,2026-09-06,1506000,Submitted,2026-09-24,ASSET-W-002539,Public Waiting Hall,Demo Village 34 Demo User Agency,Yes,2026-09-20,2026-09-26,Not Due,,None recorded,Compliant,Demo Village 34 Demo Local Body,demo://photos/W-002539/completion,SYNTHETIC_PROTOTYPE,True
W-002544,2026-08-31,2026-09-09,1849000,Submitted,2026-10-13,ASSET-W-002544,Water Tank,Demo Village 21 Demo User Agency,Yes,2026-09-17,2026-09-27,Completed,2027-02-21,None recorded,Compliant,Demo Village 21 Demo Local Body,demo://photos/W-002544/completion,SYNTHETIC_PROTOTYPE,True
W-002547,2026-08-31,2026-09-01,918000,Submitted,2026-09-10,ASSET-W-002547,Public Toilet,Demo Village 24 Demo User Agency,Yes,2026-09-12,2026-09-04,Pending,,None recorded,Compliant,Demo Village 24 Demo Local Body,demo://photos/W-002547/completion,SYNTHETIC_PROTOTYPE,True
W-002548,2026-08-31,2026-09-05,3036000,Submitted,2026-09-25,ASSET-W-002548,Library Room,Demo Village 1 Demo User Agency,Yes,2026-09-13,2026-09-27,Pending,,None recorded,Compliant,Demo Village 1 Demo Local Body,demo://photos/W-002548/completion,SYNTHETIC_PROTOTYPE,True
W-002550,2026-08-31,2026-09-04,1953000,Submitted,2026-09-15,ASSET-W-002550,Sports Equipment Facility,Demo Village 35 Demo User Agency,Yes,2026-09-10,2026-09-16,Not Due,,None recorded,Compliant,Demo Village 35 Demo Local Body,demo://photos/W-002550/completion,SYNTHETIC_PROTOTYPE,True
W-002554,2026-08-31,2026-09-07,1864000,Submitted,2026-09-10,ASSET-W-002554,Solid Waste Shed,Demo Village 11 Demo User Agency,Yes,2026-09-02,2026-09-28,Not Due,,None recorded,Compliant,Demo Village 11 Demo Local Body,demo://photos/W-002554/completion,SYNTHETIC_PROTOTYPE,True
W-002555,2026-08-31,2026-09-03,1481000,Submitted,2026-10-10,ASSET-W-002555,Public Waiting Hall,Demo Village 12 Demo User Agency,Yes,2026-09-12,2026-09-25,Pending,,None recorded,Compliant,Demo Village 12 Demo Local Body,demo://photos/W-002555/completion,SYNTHETIC_PROTOTYPE,True
W-002556,2026-08-31,2026-09-08,4693000,Submitted,2026-09-11,ASSET-W-002556,Rural Road,Demo Village 24 Demo User Agency,Yes,2026-09-20,2026-09-24,Completed,2026-11-01,None recorded,Compliant,Demo Village 24 Demo Local Body,demo://photos/W-002556/completion,SYNTHETIC_PROTOTYPE,True
W-002557,2026-08-31,2026-09-04,2129000,Submitted,2026-09-08,ASSET-W-002557,School Toilet,Demo Village 32 Demo User Agency,Yes,2026-09-02,2026-09-02,Pending,,None recorded,Compliant,Demo Village 32 Demo Local Body,demo://photos/W-002557/completion,SYNTHETIC_PROTOTYPE,True
W-002558,2026-08-31,2026-09-06,2461000,Submitted,2026-09-22,ASSET-W-002558,Small Bridge,Demo Village 14 Demo User Agency,Yes,2026-09-11,2026-09-23,Completed,2026-11-08,None recorded,Compliant,Demo Village 14 Demo Local Body,demo://photos/W-002558/completion,SYNTHETIC_PROTOTYPE,True
W-002559,2026-08-31,2026-09-09,2276000,Submitted,2026-10-14,ASSET-W-002559,Bus Shelter,Demo Village 22 Demo User Agency,Yes,2026-09-15,2026-09-21,Completed,2026-12-03,None recorded,Compliant,Demo Village 22 Demo Local Body,demo://photos/W-002559/completion,SYNTHETIC_PROTOTYPE,True
W-002561,2026-08-31,2026-09-03,1468000,Submitted,2026-10-13,ASSET-W-002561,Pipeline Extension,Demo Village 23 Demo User Agency,Yes,2026-09-05,2026-09-09,Not Due,,None recorded,Compliant,Demo Village 23 Demo Local Body,demo://photos/W-002561/completion,SYNTHETIC_PROTOTYPE,True
W-002563,2026-08-31,2026-08-31,2100000,Submitted,2026-09-25,ASSET-W-002563,Open Gym,Demo Village 21 Demo User Agency,Yes,2026-09-11,2026-09-27,Completed,2026-11-28,None recorded,Compliant,Demo Village 21 Demo Local Body,demo://photos/W-002563/completion,SYNTHETIC_PROTOTYPE,True
W-002565,2026-08-31,2026-09-07,3922000,Submitted,2026-10-01,ASSET-W-002565,Ambulance Shelter,Demo Village 30 Demo User Agency,Yes,2026-09-12,2026-09-13,Completed,2026-10-06,None recorded,Compliant,Demo Village 30 Demo Local Body,demo://photos/W-002565/completion,SYNTHETIC_PROTOTYPE,True
W-002566,2026-08-31,2026-09-01,1058000,Submitted,2026-10-04,ASSET-W-002566,Digital Classroom,Demo Village 11 Demo User Agency,Yes,2026-09-14,2026-09-25,Not Due,,None recorded,Compliant,Demo Village 11 Demo Local Body,demo://photos/W-002566/completion,SYNTHETIC_PROTOTYPE,True
W-002568,2026-08-31,2026-09-07,3334000,Submitted,2026-09-28,ASSET-W-002568,School Classroom,Demo Village 28 Demo User Agency,Yes,2026-09-03,2026-09-10,Not Due,,None recorded,Compliant,Demo Village 28 Demo Local Body,demo://photos/W-002568/completion,SYNTHETIC_PROTOTYPE,True
W-002570,2026-08-31,2026-09-08,2428000,Submitted,2026-10-03,ASSET-W-002570,Water Tank,Demo Village 27 Demo User Agency,Yes,2026-09-16,2026-09-27,Completed,2027-02-03,None recorded,Compliant,Demo Village 27 Demo Local Body,demo://photos/W-002570/completion,SYNTHETIC_PROTOTYPE,True
W-002572,2026-08-31,2026-09-05,2077000,Submitted,2026-10-14,ASSET-W-002572,Indoor Sports Hall,Demo Village 23 Demo User Agency,Yes,2026-09-15,2026-09-27,Pending,,None recorded,Compliant,Demo Village 23 Demo Local Body,demo://photos/W-002572/completion,SYNTHETIC_PROTOTYPE,True
W-002574,2026-08-31,2026-09-06,966000,Pending,,ASSET-W-002574,Solar Public Facility,Demo Village 21 Demo User Agency,Pending,2026-09-04,2026-09-18,Not Due,,Documentation / closure review,Review Required,Demo Village 21 Demo Local Body,demo://photos/W-002574/completion,SYNTHETIC_PROTOTYPE,True
W-002575,2026-08-31,2026-09-10,3731000,Submitted,2026-10-15,ASSET-W-002575,Public Health Facility,Demo Village 9 Demo User Agency,Yes,2026-09-05,2026-09-09,Completed,2026-11-20,None recorded,Compliant,Demo Village 9 Demo Local Body,demo://photos/W-002575/completion,SYNTHETIC_PROTOTYPE,True
W-002576,2026-08-31,2026-09-04,3937000,Submitted,2026-09-17,ASSET-W-002576,Library Room,Demo Village 23 Demo User Agency,Yes,2026-09-07,2026-09-11,Pending,,None recorded,Compliant,Demo Village 23 Demo Local Body,demo://photos/W-002576/completion,SYNTHETIC_PROTOTYPE,True
W-002577,2026-08-31,2026-09-07,2163000,Submitted,2026-09-11,ASSET-W-002577,Solid Waste Shed,Demo Village 13 Demo User Agency,Yes,2026-09-05,2026-09-04,Not Due,,None recorded,Compliant,Demo Village 13 Demo Local Body,demo://photos/W-002577/completion,SYNTHETIC_PROTOTYPE,True
W-002578,2026-08-31,2026-09-01,1957000,Submitted,2026-09-22,ASSET-W-002578,Water Tank,Demo Village 29 Demo User Agency,Yes,2026-09-07,2026-09-02,Completed,2027-01-16,None recorded,Compliant,Demo Village 29 Demo Local Body,demo://photos/W-002578/completion,SYNTHETIC_PROTOTYPE,True
W-002579,2026-08-31,2026-09-09,2130000,Submitted,2026-09-18,ASSET-W-002579,Borewell,Demo Village 9 Demo User Agency,Yes,2026-09-20,2026-09-09,Not Due,,None recorded,Compliant,Demo Village 9 Demo Local Body,demo://photos/W-002579/completion,SYNTHETIC_PROTOTYPE,True
W-002580,2026-08-31,2026-09-02,866000,Submitted,2026-09-09,ASSET-W-002580,Library Room,Demo Village 4 Demo User Agency,Yes,2026-09-13,2026-09-25,Pending,,None recorded,Compliant,Demo Village 4 Demo Local Body,demo://photos/W-002580/completion,SYNTHETIC_PROTOTYPE,True
W-002582,2026-08-31,2026-08-31,2897000,Submitted,2026-09-16,ASSET-W-002582,Public Health Facility,Demo Village 25 Demo User Agency,Yes,2026-09-15,2026-09-04,Not Due,,None recorded,Compliant,Demo Village 25 Demo Local Body,demo://photos/W-002582/completion,SYNTHETIC_PROTOTYPE,True
W-002583,2026-08-31,2026-09-10,5613000,Submitted,2026-10-14,ASSET-W-002583,Community Hall,Demo Village 27 Demo User Agency,Yes,2026-09-19,2026-09-10,Completed,2027-01-12,None recorded,Compliant,Demo Village 27 Demo Local Body,demo://photos/W-002583/completion,SYNTHETIC_PROTOTYPE,True
W-002587,2026-08-31,2026-08-31,1743000,Submitted,2026-10-04,ASSET-W-002587,Playground Development,Demo Village 35 Demo User Agency,Yes,2026-09-11,2026-09-30,Not Due,,None recorded,Compliant,Demo Village 35 Demo Local Body,demo://photos/W-002587/completion,SYNTHETIC_PROTOTYPE,True
W-002590,2026-08-31,2026-09-07,2887000,Submitted,2026-10-12,ASSET-W-002590,Health Sub-Centre,Demo Village 20 Demo User Agency,Yes,2026-09-11,2026-09-11,Pending,,None recorded,Compliant,Demo Village 20 Demo Local Body,demo://photos/W-002590/completion,SYNTHETIC_PROTOTYPE,True
W-002591,2026-08-31,2026-09-09,1514000,Submitted,2026-09-08,ASSET-W-002591,Borewell,Demo Village 3 Demo User Agency,Yes,2026-09-10,2026-09-24,Pending,,None recorded,Compliant,Demo Village 3 Demo Local Body,demo://photos/W-002591/completion,SYNTHETIC_PROTOTYPE,True
W-002592,2026-08-31,2026-09-03,1474000,Submitted,2026-09-28,ASSET-W-002592,RO Water Plant,Demo Village 32 Demo User Agency,Yes,2026-09-10,2026-09-07,Not Due,,None recorded,Compliant,Demo Village 32 Demo Local Body,demo://photos/W-002592/completion,SYNTHETIC_PROTOTYPE,True
W-002593,2026-08-31,2026-09-04,3855000,Submitted,2026-09-19,ASSET-W-002593,Small Bridge,Demo Village 20 Demo User Agency,Yes,2026-09-11,2026-09-30,Completed,2027-02-22,None recorded,Compliant,Demo Village 20 Demo Local Body,demo://photos/W-002593/completion,SYNTHETIC_PROTOTYPE,True
W-002594,2026-08-31,2026-09-02,2038000,Submitted,2026-09-26,ASSET-W-002594,Approach Road,Demo Village 19 Demo User Agency,Yes,2026-09-06,2026-09-14,Not Due,,None recorded,Compliant,Demo Village 19 Demo Local Body,demo://photos/W-002594/completion,SYNTHETIC_PROTOTYPE,True
W-002595,2026-08-31,2026-09-02,3495000,Submitted,2026-09-09,ASSET-W-002595,Approach Road,Demo Village 34 Demo User Agency,Yes,2026-09-05,2026-09-07,Not Due,,None recorded,Compliant,Demo Village 34 Demo Local Body,demo://photos/W-002595/completion,SYNTHETIC_PROTOTYPE,True
W-002596,2026-08-31,2026-09-05,2638000,Submitted,2026-10-07,ASSET-W-002596,Public Toilet,Demo Village 34 Demo User Agency,Yes,2026-09-10,2026-09-23,Completed,2026-11-22,None recorded,Compliant,Demo Village 34 Demo Local Body,demo://photos/W-002596/completion,SYNTHETIC_PROTOTYPE,True
W-002599,2026-08-31,2026-09-06,1016000,Submitted,2026-09-23,ASSET-W-002599,Playground Development,Demo Village 26 Demo User Agency,Yes,2026-09-09,2026-09-13,Completed,2026-11-10,None recorded,Compliant,Demo Village 26 Demo Local Body,demo://photos/W-002599/completion,SYNTHETIC_PROTOTYPE,True
W-002601,2026-08-31,2026-09-07,2263000,Submitted,2026-09-14,ASSET-W-002601,Solar Water System,Demo Village 25 Demo User Agency,Yes,2026-09-08,2026-09-29,Not Due,,None recorded,Compliant,Demo Village 25 Demo Local Body,demo://photos/W-002601/completion,SYNTHETIC_PROTOTYPE,True
W-002602,2026-08-31,2026-09-08,4332000,Submitted,2026-10-03,ASSET-W-002602,Approach Road,Demo Village 24 Demo User Agency,Yes,2026-09-02,2026-09-01,Not Due,,None recorded,Compliant,Demo Village 24 Demo Local Body,demo://photos/W-002602/completion,SYNTHETIC_PROTOTYPE,True
W-002608,2026-08-31,2026-08-31,1037000,Submitted,2026-10-14,ASSET-W-002608,Public Health Facility,Demo Village 3 Demo User Agency,Yes,2026-09-07,2026-09-22,Completed,2027-01-02,None recorded,Compliant,Demo Village 3 Demo Local Body,demo://photos/W-002608/completion,SYNTHETIC_PROTOTYPE,True
W-002609,2026-08-31,2026-09-07,2919000,Submitted,2026-09-12,ASSET-W-002609,Pipeline Extension,Demo Village 1 Demo User Agency,Yes,2026-09-15,2026-09-08,Completed,2027-02-09,None recorded,Compliant,Demo Village 1 Demo Local Body,demo://photos/W-002609/completion,SYNTHETIC_PROTOTYPE,True
W-002610,2026-08-31,2026-09-09,1820000,Submitted,2026-09-09,ASSET-W-002610,Community Sanitation,Demo Village 28 Demo User Agency,Yes,2026-09-15,2026-09-20,Pending,,None recorded,Compliant,Demo Village 28 Demo Local Body,demo://photos/W-002610/completion,SYNTHETIC_PROTOTYPE,True
W-002612,2026-08-31,2026-09-05,720000,Pending,,ASSET-W-002612,School Classroom,Demo Village 27 Demo User Agency,Pending,2026-09-06,2026-09-03,Completed,2027-01-04,Documentation / closure review,Review Required,Demo Village 27 Demo Local Body,demo://photos/W-002612/completion,SYNTHETIC_PROTOTYPE,True
W-002614,2026-08-31,2026-09-04,1816000,Submitted,2026-09-15,ASSET-W-002614,Community Hall,Demo Village 14 Demo User Agency,Yes,2026-09-02,2026-09-03,Pending,,None recorded,Compliant,Demo Village 14 Demo Local Body,demo://photos/W-002614/completion,SYNTHETIC_PROTOTYPE,True
W-002615,2026-08-31,2026-08-31,3972000,Submitted,2026-10-08,ASSET-W-002615,Public Health Facility,Demo Village 15 Demo User Agency,Yes,2026-09-09,2026-09-14,Completed,2026-11-02,None recorded,Compliant,Demo Village 15 Demo Local Body,demo://photos/W-002615/completion,SYNTHETIC_PROTOTYPE,True
W-002616,2026-08-31,2026-09-01,2919000,Submitted,2026-09-09,ASSET-W-002616,CC Road,Demo Village 25 Demo User Agency,Yes,2026-09-12,2026-09-13,Not Due,,None recorded,Compliant,Demo Village 25 Demo Local Body,demo://photos/W-002616/completion,SYNTHETIC_PROTOTYPE,True
W-002619,2026-08-31,2026-09-02,1315000,Submitted,2026-09-13,ASSET-W-002619,Public Health Facility,Demo Village 23 Demo User Agency,Yes,2026-09-17,2026-09-25,Pending,,None recorded,Compliant,Demo Village 23 Demo Local Body,demo://photos/W-002619/completion,SYNTHETIC_PROTOTYPE,True
W-002621,2026-08-31,2026-09-02,3853000,Submitted,2026-09-08,ASSET-W-002621,Bus Shelter,Demo Village 27 Demo User Agency,Yes,2026-09-05,2026-09-28,Completed,2026-10-12,None recorded,Compliant,Demo Village 27 Demo Local Body,demo://photos/W-002621/completion,SYNTHETIC_PROTOTYPE,True
W-002624,2026-08-31,2026-09-10,2483000,Submitted,2026-10-14,ASSET-W-002624,RO Water Plant,Demo Village 21 Demo User Agency,Yes,2026-09-16,2026-09-05,Completed,2027-02-01,None recorded,Compliant,Demo Village 21 Demo Local Body,demo://photos/W-002624/completion,SYNTHETIC_PROTOTYPE,True
W-002627,2026-08-31,2026-09-05,1622000,Submitted,2026-09-17,ASSET-W-002627,Public Health Facility,Demo Village 4 Demo User Agency,Yes,2026-09-19,2026-09-04,Completed,2026-12-27,None recorded,Compliant,Demo Village 4 Demo Local Body,demo://photos/W-002627/completion,SYNTHETIC_PROTOTYPE,True
W-002628,2026-08-31,2026-09-07,845000,Submitted,2026-10-11,ASSET-W-002628,Solar Water System,Demo Village 10 Demo User Agency,Yes,2026-09-03,2026-09-23,Completed,2027-02-06,None recorded,Compliant,Demo Village 10 Demo Local Body,demo://photos/W-002628/completion,SYNTHETIC_PROTOTYPE,True
W-002629,2026-08-31,2026-09-04,2366000,Submitted,2026-09-05,ASSET-W-002629,School Classroom,Demo Village 32 Demo User Agency,Yes,2026-09-18,2026-09-23,Not Due,,None recorded,Compliant,Demo Village 32 Demo Local Body,demo://photos/W-002629/completion,SYNTHETIC_PROTOTYPE,True
W-002631,2026-08-31,2026-09-10,1169000,Submitted,2026-09-28,ASSET-W-002631,Solid Waste Shed,Demo Village 5 Demo User Agency,Yes,2026-09-19,2026-09-12,Not Due,,None recorded,Compliant,Demo Village 5 Demo Local Body,demo://photos/W-002631/completion,SYNTHETIC_PROTOTYPE,True
W-002633,2026-08-31,2026-09-07,1948000,Submitted,2026-09-25,ASSET-W-002633,Sports Equipment Facility,Demo Village 29 Demo User Agency,Yes,2026-09-02,2026-09-22,Completed,2026-11-25,None recorded,Compliant,Demo Village 29 Demo Local Body,demo://photos/W-002633/completion,SYNTHETIC_PROTOTYPE,True
W-002634,2026-08-31,2026-08-31,5875000,Submitted,2026-10-07,ASSET-W-002634,Public Health Facility,Demo Village 24 Demo User Agency,Yes,2026-09-19,2026-09-07,Not Due,,None recorded,Compliant,Demo Village 24 Demo Local Body,demo://photos/W-002634/completion,SYNTHETIC_PROTOTYPE,True
W-002635,2026-08-31,2026-09-02,2641000,Submitted,2026-10-14,ASSET-W-002635,Community Sanitation,Demo Village 19 Demo User Agency,Yes,2026-09-10,2026-09-05,Pending,,None recorded,Compliant,Demo Village 19 Demo Local Body,demo://photos/W-002635/completion,SYNTHETIC_PROTOTYPE,True
W-002638,2026-08-31,2026-09-04,1799000,Submitted,2026-09-27,ASSET-W-002638,Sports Equipment Facility,Demo Village 5 Demo User Agency,Yes,2026-09-12,2026-09-02,Completed,2026-11-05,None recorded,Compliant,Demo Village 5 Demo Local Body,demo://photos/W-002638/completion,SYNTHETIC_PROTOTYPE,True
W-002641,2026-08-31,2026-09-04,3626000,Submitted,2026-10-07,ASSET-W-002641,Public Waiting Hall,Demo Village 13 Demo User Agency,Yes,2026-09-09,2026-09-01,Not Due,,None recorded,Compliant,Demo Village 13 Demo Local Body,demo://photos/W-002641/completion,SYNTHETIC_PROTOTYPE,True
W-002642,2026-08-31,2026-09-06,3066000,Submitted,2026-10-04,ASSET-W-002642,Anganwadi Building,Demo Village 30 Demo User Agency,Yes,2026-09-18,2026-09-09,Pending,,None recorded,Compliant,Demo Village 30 Demo Local Body,demo://photos/W-002642/completion,SYNTHETIC_PROTOTYPE,True
W-002643,2026-08-31,2026-09-05,1790000,Submitted,2026-09-06,ASSET-W-002643,Borewell,Demo Village 16 Demo User Agency,Yes,2026-09-04,2026-09-14,Pending,,None recorded,Compliant,Demo Village 16 Demo Local Body,demo://photos/W-002643/completion,SYNTHETIC_PROTOTYPE,True
W-002645,2026-08-31,2026-09-06,1858000,Submitted,2026-10-04,ASSET-W-002645,Health Sub-Centre,Demo Village 31 Demo User Agency,Yes,2026-09-17,2026-09-15,Pending,,None recorded,Compliant,Demo Village 31 Demo Local Body,demo://photos/W-002645/completion,SYNTHETIC_PROTOTYPE,True
W-002646,2026-08-31,2026-09-06,2201000,Submitted,2026-09-28,ASSET-W-002646,Solar Community Lighting,Demo Village 19 Demo User Agency,Yes,2026-09-05,2026-09-22,Not Due,,None recorded,Compliant,Demo Village 19 Demo Local Body,demo://photos/W-002646/completion,SYNTHETIC_PROTOTYPE,True
W-002650,2026-08-31,2026-09-01,2123000,Submitted,2026-09-15,ASSET-W-002650,Solar Public Facility,Demo Village 2 Demo User Agency,Yes,2026-09-11,2026-09-09,Pending,,None recorded,Compliant,Demo Village 2 Demo Local Body,demo://photos/W-002650/completion,SYNTHETIC_PROTOTYPE,True
W-002651,2026-08-31,2026-09-02,1786000,Submitted,2026-10-02,ASSET-W-002651,Solar Street Lights,Demo Village 35 Demo User Agency,Yes,2026-09-02,2026-09-01,Pending,,None recorded,Compliant,Demo Village 35 Demo Local Body,demo://photos/W-002651/completion,SYNTHETIC_PROTOTYPE,True
W-002653,2026-08-31,2026-09-10,3539000,Submitted,2026-09-28,ASSET-W-002653,Bus Shelter,Demo Village 19 Demo User Agency,Yes,2026-09-10,2026-09-26,Pending,,None recorded,Compliant,Demo Village 19 Demo Local Body,demo://photos/W-002653/completion,SYNTHETIC_PROTOTYPE,True
W-002654,2026-08-31,2026-09-07,1192000,Submitted,2026-10-07,ASSET-W-002654,Anganwadi Building,Demo Village 8 Demo User Agency,Yes,2026-09-10,2026-09-12,Pending,,None recorded,Compliant,Demo Village 8 Demo Local Body,demo://photos/W-002654/completion,SYNTHETIC_PROTOTYPE,True
W-002657,2026-08-31,2026-08-31,3396000,Submitted,2026-09-20,ASSET-W-002657,Public Health Facility,Demo Village 4 Demo User Agency,Yes,2026-09-10,2026-09-28,Not Due,,None recorded,Compliant,Demo Village 4 Demo Local Body,demo://photos/W-002657/completion,SYNTHETIC_PROTOTYPE,True
W-002658,2026-08-31,2026-09-07,2504000,Submitted,2026-09-18,ASSET-W-002658,Indoor Sports Hall,Demo Village 16 Demo User Agency,Yes,2026-09-19,2026-09-16,Not Due,,None recorded,Compliant,Demo Village 16 Demo Local Body,demo://photos/W-002658/completion,SYNTHETIC_PROTOTYPE,True
W-002660,2026-08-31,2026-09-02,1170000,Submitted,2026-09-10,ASSET-W-002660,Playground Development,Demo Village 23 Demo User Agency,Yes,2026-09-09,2026-09-05,Completed,2027-01-07,None recorded,Compliant,Demo Village 23 Demo Local Body,demo://photos/W-002660/completion,SYNTHETIC_PROTOTYPE,True
W-002661,2026-08-31,2026-09-08,2352000,Submitted,2026-09-20,ASSET-W-002661,Rural Road,Demo Village 25 Demo User Agency,Yes,2026-09-07,2026-09-08,Not Due,,None recorded,Compliant,Demo Village 25 Demo Local Body,demo://photos/W-002661/completion,SYNTHETIC_PROTOTYPE,True
W-002662,2026-08-31,2026-09-10,2922000,Submitted,2026-10-15,ASSET-W-002662,Community Sanitation,Demo Village 26 Demo User Agency,Yes,2026-09-02,2026-09-23,Completed,2026-11-19,None recorded,Compliant,Demo Village 26 Demo Local Body,demo://photos/W-002662/completion,SYNTHETIC_PROTOTYPE,True
W-002663,2026-08-31,2026-09-01,2404000,Submitted,2026-09-05,ASSET-W-002663,Anganwadi Building,Demo Village 16 Demo User Agency,Yes,2026-09-11,2026-09-12,Not Due,,None recorded,Compliant,Demo Village 16 Demo Local Body,demo://photos/W-002663/completion,SYNTHETIC_PROTOTYPE,True
W-002665,2026-08-31,2026-09-09,1325000,Submitted,2026-09-05,ASSET-W-002665,Sports Equipment Facility,Demo Village 7 Demo User Agency,Yes,2026-09-12,2026-09-10,Not Due,,None recorded,Compliant,Demo Village 7 Demo Local Body,demo://photos/W-002665/completion,SYNTHETIC_PROTOTYPE,True
W-002667,2026-08-31,2026-09-04,3907000,Submitted,2026-10-06,ASSET-W-002667,Anganwadi Building,Demo Village 13 Demo User Agency,Yes,2026-09-01,2026-09-04,Completed,2026-11-12,None recorded,Compliant,Demo Village 13 Demo Local Body,demo://photos/W-002667/completion,SYNTHETIC_PROTOTYPE,True
W-002669,2026-08-31,2026-09-04,1079000,Submitted,2026-09-24,ASSET-W-002669,Public Toilet,Demo Village 27 Demo User Agency,Yes,2026-09-19,2026-09-27,Pending,,None recorded,Compliant,Demo Village 27 Demo Local Body,demo://photos/W-002669/completion,SYNTHETIC_PROTOTYPE,True
W-002670,2026-08-31,2026-09-09,1776000,Submitted,2026-09-18,ASSET-W-002670,Sports Equipment Facility,Demo Village 6 Demo User Agency,Yes,2026-09-08,2026-09-09,Not Due,,None recorded,Compliant,Demo Village 6 Demo Local Body,demo://photos/W-002670/completion,SYNTHETIC_PROTOTYPE,True
W-002671,2026-08-31,2026-08-31,1312000,Submitted,2026-10-03,ASSET-W-002671,Public Health Facility,Demo Village 32 Demo User Agency,Yes,2026-09-18,2026-09-26,Completed,2027-01-20,None recorded,Compliant,Demo Village 32 Demo Local Body,demo://photos/W-002671/completion,SYNTHETIC_PROTOTYPE,True
W-002674,2026-08-31,2026-09-06,3910000,Submitted,2026-10-02,ASSET-W-002674,CC Road,Demo Village 26 Demo User Agency,Yes,2026-09-13,2026-09-15,Completed,2027-02-12,None recorded,Compliant,Demo Village 26 Demo Local Body,demo://photos/W-002674/completion,SYNTHETIC_PROTOTYPE,True
W-002675,2026-08-31,2026-09-09,2202000,Submitted,2026-10-08,ASSET-W-002675,Solar Water System,Demo Village 35 Demo User Agency,Yes,2026-09-19,2026-09-18,Pending,,None recorded,Compliant,Demo Village 35 Demo Local Body,demo://photos/W-002675/completion,SYNTHETIC_PROTOTYPE,True
W-002676,2026-08-31,2026-09-02,2345000,Submitted,2026-10-12,ASSET-W-002676,Solar Water System,Demo Village 29 Demo User Agency,Yes,2026-09-10,2026-09-08,Pending,,None recorded,Compliant,Demo Village 29 Demo Local Body,demo://photos/W-002676/completion,SYNTHETIC_PROTOTYPE,True
W-002677,2026-08-31,2026-08-31,1654000,Submitted,2026-09-30,ASSET-W-002677,Bus Shelter,Demo Village 9 Demo User Agency,Yes,2026-09-14,2026-09-07,Pending,,None recorded,Compliant,Demo Village 9 Demo Local Body,demo://photos/W-002677/completion,SYNTHETIC_PROTOTYPE,True
W-002678,2026-08-31,2026-08-31,584000,Submitted,2026-09-27,ASSET-W-002678,Drainage,Demo Village 31 Demo User Agency,Yes,2026-09-09,2026-09-05,Not Due,,None recorded,Compliant,Demo Village 31 Demo Local Body,demo://photos/W-002678/completion,SYNTHETIC_PROTOTYPE,True
W-002682,2026-08-31,2026-09-01,1213000,Submitted,2026-09-19,ASSET-W-002682,Indoor Sports Hall,Demo Village 11 Demo User Agency,Yes,2026-09-01,2026-09-27,Pending,,None recorded,Compliant,Demo Village 11 Demo Local Body,demo://photos/W-002682/completion,SYNTHETIC_PROTOTYPE,True
W-002687,2026-08-31,2026-08-31,3020000,Submitted,2026-10-08,ASSET-W-002687,Rural Road,Demo Village 3 Demo User Agency,Yes,2026-09-17,2026-09-09,Not Due,,None recorded,Compliant,Demo Village 3 Demo Local Body,demo://photos/W-002687/completion,SYNTHETIC_PROTOTYPE,True
W-002688,2026-08-31,2026-08-31,1456000,Submitted,2026-09-15,ASSET-W-002688,Public Waiting Hall,Demo Village 18 Demo User Agency,Yes,2026-09-01,2026-09-17,Completed,2027-01-03,None recorded,Compliant,Demo Village 18 Demo Local Body,demo://photos/W-002688/completion,SYNTHETIC_PROTOTYPE,True
W-002689,2026-08-31,2026-09-10,1673000,Submitted,2026-10-06,ASSET-W-002689,Public Health Facility,Demo Village 33 Demo User Agency,Yes,2026-09-16,2026-09-09,Completed,2026-12-07,None recorded,Compliant,Demo Village 33 Demo Local Body,demo://photos/W-002689/completion,SYNTHETIC_PROTOTYPE,True
W-002690,2026-08-31,2026-09-05,1608000,Submitted,2026-10-15,ASSET-W-002690,Solar Public Facility,Demo Village 12 Demo User Agency,Yes,2026-09-13,2026-09-07,Pending,,None recorded,Compliant,Demo Village 12 Demo Local Body,demo://photos/W-002690/completion,SYNTHETIC_PROTOTYPE,True
W-002691,2026-08-31,2026-09-05,988000,Submitted,2026-09-07,ASSET-W-002691,Community Hall,Demo Village 33 Demo User Agency,Yes,2026-09-08,2026-09-01,Pending,,None recorded,Compliant,Demo Village 33 Demo Local Body,demo://photos/W-002691/completion,SYNTHETIC_PROTOTYPE,True
W-002692,2026-08-31,2026-09-09,1144000,Submitted,2026-10-07,ASSET-W-002692,Borewell,Demo Village 21 Demo User Agency,Yes,2026-09-10,2026-09-09,Not Due,,None recorded,Compliant,Demo Village 21 Demo Local Body,demo://photos/W-002692/completion,SYNTHETIC_PROTOTYPE,True
W-002693,2026-08-31,2026-09-02,1035000,Submitted,2026-10-12,ASSET-W-002693,Pipeline Extension,Demo Village 5 Demo User Agency,Yes,2026-09-16,2026-09-06,Pending,,None recorded,Compliant,Demo Village 5 Demo Local Body,demo://photos/W-002693/completion,SYNTHETIC_PROTOTYPE,True
W-002695,2026-08-31,2026-09-09,843000,Submitted,2026-10-01,ASSET-W-002695,RO Water Plant,Demo Village 35 Demo User Agency,Yes,2026-09-01,2026-09-17,Completed,2026-09-30,None recorded,Compliant,Demo Village 35 Demo Local Body,demo://photos/W-002695/completion,SYNTHETIC_PROTOTYPE,True
W-002697,2026-08-31,2026-09-02,1694000,Submitted,2026-09-22,ASSET-W-002697,Bus Shelter,Demo Village 10 Demo User Agency,Yes,2026-09-07,2026-09-14,Pending,,None recorded,Compliant,Demo Village 10 Demo Local Body,demo://photos/W-002697/completion,SYNTHETIC_PROTOTYPE,True
W-002698,2026-08-31,2026-09-10,1489000,Submitted,2026-09-28,ASSET-W-002698,Indoor Sports Hall,Demo Village 4 Demo User Agency,Yes,2026-09-07,2026-09-19,Not Due,,None recorded,Compliant,Demo Village 4 Demo Local Body,demo://photos/W-002698/completion,SYNTHETIC_PROTOTYPE,True
W-002700,2026-08-31,2026-09-05,2301000,Submitted,2026-10-05,ASSET-W-002700,Solid Waste Shed,Demo Village 15 Demo User Agency,Yes,2026-09-06,2026-09-09,Not Due,,None recorded,Compliant,Demo Village 15 Demo Local Body,demo://photos/W-002700/completion,SYNTHETIC_PROTOTYPE,True
W-002701,2026-08-31,2026-09-09,2721000,Submitted,2026-09-23,ASSET-W-002701,Borewell,Demo Village 18 Demo User Agency,Yes,2026-09-01,2026-09-01,Pending,,None recorded,Compliant,Demo Village 18 Demo Local Body,demo://photos/W-002701/completion,SYNTHETIC_PROTOTYPE,True
W-002703,2026-08-31,2026-09-09,3742000,Submitted,2026-09-05,ASSET-W-002703,CC Road,Demo Village 12 Demo User Agency,Yes,2026-09-05,2026-09-15,Completed,2026-12-11,None recorded,Compliant,Demo Village 12 Demo Local Body,demo://photos/W-002703/completion,SYNTHETIC_PROTOTYPE,True
W-002704,2026-08-31,2026-09-01,1401000,Submitted,2026-09-24,ASSET-W-002704,CC Road,Demo Village 9 Demo User Agency,Yes,2026-09-09,2026-09-21,Not Due,,None recorded,Compliant,Demo Village 9 Demo Local Body,demo://photos/W-002704/completion,SYNTHETIC_PROTOTYPE,True
W-002705,2026-08-31,2026-09-02,1478000,Submitted,2026-10-01,ASSET-W-002705,School Classroom,Demo Village 3 Demo User Agency,Yes,2026-09-20,2026-09-22,Pending,,None recorded,Compliant,Demo Village 3 Demo Local Body,demo://photos/W-002705/completion,SYNTHETIC_PROTOTYPE,True
W-002706,2026-08-31,2026-09-02,1147000,Submitted,2026-09-28,ASSET-W-002706,Solar Water System,Demo Village 22 Demo User Agency,Yes,2026-09-13,2026-09-15,Not Due,,None recorded,Compliant,Demo Village 22 Demo Local Body,demo://photos/W-002706/completion,SYNTHETIC_PROTOTYPE,True
W-002708,2026-08-31,2026-09-10,877000,Submitted,2026-09-17,ASSET-W-002708,Pipeline Extension,Demo Village 29 Demo User Agency,Yes,2026-09-08,2026-09-17,Pending,,None recorded,Compliant,Demo Village 29 Demo Local Body,demo://photos/W-002708/completion,SYNTHETIC_PROTOTYPE,True
W-002710,2026-08-31,2026-09-01,2249000,Submitted,2026-09-25,ASSET-W-002710,Solar Water System,Demo Village 29 Demo User Agency,Yes,2026-09-09,2026-09-07,Completed,2026-11-07,None recorded,Compliant,Demo Village 29 Demo Local Body,demo://photos/W-002710/completion,SYNTHETIC_PROTOTYPE,True
W-002712,2026-08-31,2026-09-06,2795000,Submitted,2026-09-30,ASSET-W-002712,Anganwadi Building,Demo Village 30 Demo User Agency,Yes,2026-09-05,2026-09-10,Not Due,,None recorded,Compliant,Demo Village 30 Demo Local Body,demo://photos/W-002712/completion,SYNTHETIC_PROTOTYPE,True
W-002715,2026-08-31,2026-09-01,2355000,Submitted,2026-09-30,ASSET-W-002715,Pipeline Extension,Demo Village 14 Demo User Agency,Yes,2026-09-14,2026-09-25,Pending,,None recorded,Compliant,Demo Village 14 Demo Local Body,demo://photos/W-002715/completion,SYNTHETIC_PROTOTYPE,True
W-002716,2026-08-31,2026-09-10,2442000,Submitted,2026-09-11,ASSET-W-002716,Drainage,Demo Village 23 Demo User Agency,Yes,2026-09-01,2026-09-23,Not Due,,None recorded,Compliant,Demo Village 23 Demo Local Body,demo://photos/W-002716/completion,SYNTHETIC_PROTOTYPE,True
W-002717,2026-08-31,2026-09-02,791000,Submitted,2026-10-12,ASSET-W-002717,Solar Water System,Demo Village 6 Demo User Agency,Yes,2026-09-02,2026-09-26,Pending,,None recorded,Compliant,Demo Village 6 Demo Local Body,demo://photos/W-002717/completion,SYNTHETIC_PROTOTYPE,True
W-002719,2026-08-31,2026-09-09,3720000,Submitted,2026-09-10,ASSET-W-002719,Indoor Sports Hall,Demo Village 5 Demo User Agency,Yes,2026-09-01,2026-09-19,Not Due,,None recorded,Compliant,Demo Village 5 Demo Local Body,demo://photos/W-002719/completion,SYNTHETIC_PROTOTYPE,True
W-002721,2026-08-31,2026-09-10,1764000,Submitted,2026-10-06,ASSET-W-002721,Rural Road,Demo Village 14 Demo User Agency,Yes,2026-09-12,2026-09-03,Not Due,,None recorded,Compliant,Demo Village 14 Demo Local Body,demo://photos/W-002721/completion,SYNTHETIC_PROTOTYPE,True
W-002723,2026-08-31,2026-09-04,2976000,Submitted,2026-10-02,ASSET-W-002723,Health Sub-Centre,Demo Village 20 Demo User Agency,Yes,2026-09-15,2026-09-28,Completed,2026-10-29,None recorded,Compliant,Demo Village 20 Demo Local Body,demo://photos/W-002723/completion,SYNTHETIC_PROTOTYPE,True
W-002724,2026-08-31,2026-09-06,1803000,Submitted,2026-10-05,ASSET-W-002724,Solar Street Lights,Demo Village 34 Demo User Agency,Yes,2026-09-16,2026-09-20,Completed,2026-12-02,None recorded,Compliant,Demo Village 34 Demo Local Body,demo://photos/W-002724/completion,SYNTHETIC_PROTOTYPE,True
W-002725,2026-08-31,2026-09-03,2049000,Submitted,2026-10-09,ASSET-W-002725,Sports Equipment Facility,Demo Village 12 Demo User Agency,Yes,2026-09-04,2026-09-24,Not Due,,None recorded,Compliant,Demo Village 12 Demo Local Body,demo://photos/W-002725/completion,SYNTHETIC_PROTOTYPE,True
W-002729,2026-08-31,2026-09-02,2854000,Submitted,2026-10-01,ASSET-W-002729,Library Room,Demo Village 34 Demo User Agency,Yes,2026-09-13,2026-09-26,Not Due,,None recorded,Compliant,Demo Village 34 Demo Local Body,demo://photos/W-002729/completion,SYNTHETIC_PROTOTYPE,True
W-002731,2026-08-31,2026-08-31,1303000,Not Submitted,,ASSET-W-002731,School Classroom,Demo Village 35 Demo User Agency,No,2026-09-16,2026-09-28,Pending,,Documentation / closure review,Review Required,Demo Village 35 Demo Local Body,demo://photos/W-002731/completion,SYNTHETIC_PROTOTYPE,True
W-002732,2026-08-31,2026-09-03,1075000,Submitted,2026-09-16,ASSET-W-002732,Open Gym,Demo Village 12 Demo User Agency,Yes,2026-09-19,2026-09-21,Completed,2026-10-25,None recorded,Compliant,Demo Village 12 Demo Local Body,demo://photos/W-002732/completion,SYNTHETIC_PROTOTYPE,True
W-002738,2026-08-31,2026-09-02,1677000,Submitted,2026-09-10,ASSET-W-002738,Anganwadi Building,Demo Village 8 Demo User Agency,Yes,2026-09-03,2026-09-01,Completed,2026-12-07,None recorded,Compliant,Demo Village 8 Demo Local Body,demo://photos/W-002738/completion,SYNTHETIC_PROTOTYPE,True
W-002739,2026-08-31,2026-09-06,3300000,Submitted,2026-10-12,ASSET-W-002739,Health Sub-Centre,Demo Village 18 Demo User Agency,Yes,2026-09-19,2026-09-12,Pending,,None recorded,Compliant,Demo Village 18 Demo Local Body,demo://photos/W-002739/completion,SYNTHETIC_PROTOTYPE,True
W-002741,2026-08-31,2026-09-04,3098000,Submitted,2026-10-10,ASSET-W-002741,Pipeline Extension,Demo Village 33 Demo User Agency,Yes,2026-09-05,2026-09-08,Not Due,,None recorded,Compliant,Demo Village 33 Demo Local Body,demo://photos/W-002741/completion,SYNTHETIC_PROTOTYPE,True
W-002742,2026-08-31,2026-09-07,3907000,Submitted,2026-09-07,ASSET-W-002742,Rural Road,Demo Village 31 Demo User Agency,Yes,2026-09-13,2026-09-16,Completed,2026-12-06,None recorded,Compliant,Demo Village 31 Demo Local Body,demo://photos/W-002742/completion,SYNTHETIC_PROTOTYPE,True
W-002743,2026-08-31,2026-09-05,1924000,Submitted,2026-09-17,ASSET-W-002743,CC Road,Demo Village 31 Demo User Agency,Yes,2026-09-16,2026-09-29,Not Due,,None recorded,Compliant,Demo Village 31 Demo Local Body,demo://photos/W-002743/completion,SYNTHETIC_PROTOTYPE,True
W-002744,2026-08-31,2026-08-31,3164000,Submitted,2026-09-22,ASSET-W-002744,PHC Equipment Room,Demo Village 32 Demo User Agency,Yes,2026-09-01,2026-09-15,Pending,,None recorded,Compliant,Demo Village 32 Demo Local Body,demo://photos/W-002744/completion,SYNTHETIC_PROTOTYPE,True
W-002745,2026-08-31,2026-09-05,1076000,Submitted,2026-09-11,ASSET-W-002745,Playground Development,Demo Village 32 Demo User Agency,Yes,2026-09-10,2026-09-07,Not Due,,None recorded,Compliant,Demo Village 32 Demo Local Body,demo://photos/W-002745/completion,SYNTHETIC_PROTOTYPE,True
W-002746,2026-08-31,2026-08-31,2372000,Submitted,2026-09-22,ASSET-W-002746,Solar Water System,Demo Village 29 Demo User Agency,Yes,2026-09-18,2026-09-30,Completed,2027-02-19,None recorded,Compliant,Demo Village 29 Demo Local Body,demo://photos/W-002746/completion,SYNTHETIC_PROTOTYPE,True
W-002748,2026-08-31,2026-09-10,2144000,Submitted,2026-10-03,ASSET-W-002748,School Toilet,Demo Village 1 Demo User Agency,Yes,2026-09-11,2026-09-18,Pending,,None recorded,Compliant,Demo Village 1 Demo Local Body,demo://photos/W-002748/completion,SYNTHETIC_PROTOTYPE,True
W-002749,2026-08-31,2026-08-31,573000,Submitted,2026-10-15,ASSET-W-002749,Indoor Sports Hall,Demo Village 30 Demo User Agency,Yes,2026-09-05,2026-09-20,Pending,,None recorded,Compliant,Demo Village 30 Demo Local Body,demo://photos/W-002749/completion,SYNTHETIC_PROTOTYPE,True
W-002750,2026-08-31,2026-09-09,1372000,Submitted,2026-09-25,ASSET-W-002750,Health Sub-Centre,Demo Village 12 Demo User Agency,Yes,2026-09-20,2026-09-29,Not Due,,None recorded,Compliant,Demo Village 12 Demo Local Body,demo://photos/W-002750/completion,SYNTHETIC_PROTOTYPE,True
W-002751,2026-08-31,2026-09-10,2986000,Submitted,2026-09-12,ASSET-W-002751,RO Water Plant,Demo Village 17 Demo User Agency,Yes,2026-09-02,2026-09-06,Completed,2026-10-22,None recorded,Compliant,Demo Village 17 Demo Local Body,demo://photos/W-002751/completion,SYNTHETIC_PROTOTYPE,True
W-002753,2026-08-31,2026-09-04,2645000,Submitted,2026-09-06,ASSET-W-002753,Solid Waste Shed,Demo Village 16 Demo User Agency,Yes,2026-09-08,2026-09-19,Completed,2027-01-03,None recorded,Compliant,Demo Village 16 Demo Local Body,demo://photos/W-002753/completion,SYNTHETIC_PROTOTYPE,True
W-002755,2026-08-31,2026-09-08,2387000,Submitted,2026-09-18,ASSET-W-002755,Public Health Facility,Demo Village 20 Demo User Agency,Yes,2026-09-20,2026-09-26,Not Due,,None recorded,Compliant,Demo Village 20 Demo Local Body,demo://photos/W-002755/completion,SYNTHETIC_PROTOTYPE,True
W-002758,2026-08-31,2026-09-07,2663000,Submitted,2026-09-28,ASSET-W-002758,Community Hall,Demo Village 6 Demo User Agency,Yes,2026-09-02,2026-09-18,Pending,,None recorded,Compliant,Demo Village 6 Demo Local Body,demo://photos/W-002758/completion,SYNTHETIC_PROTOTYPE,True
W-002759,2026-08-31,2026-09-02,1398000,Submitted,2026-09-29,ASSET-W-002759,Digital Classroom,Demo Village 28 Demo User Agency,Yes,2026-09-04,2026-09-08,Not Due,,None recorded,Compliant,Demo Village 28 Demo Local Body,demo://photos/W-002759/completion,SYNTHETIC_PROTOTYPE,True
W-002761,2026-08-31,2026-09-08,3202000,Submitted,2026-09-24,ASSET-W-002761,CC Road,Demo Village 23 Demo User Agency,Yes,2026-09-08,2026-09-19,Pending,,None recorded,Compliant,Demo Village 23 Demo Local Body,demo://photos/W-002761/completion,SYNTHETIC_PROTOTYPE,True
W-002762,2026-08-31,2026-09-02,4168000,Submitted,2026-09-23,ASSET-W-002762,Public Health Facility,Demo Village 11 Demo User Agency,Yes,2026-09-20,2026-09-19,Completed,2027-01-15,None recorded,Compliant,Demo Village 11 Demo Local Body,demo://photos/W-002762/completion,SYNTHETIC_PROTOTYPE,True
W-002765,2026-08-31,2026-09-10,3533000,Submitted,2026-09-11,ASSET-W-002765,Ambulance Shelter,Demo Village 2 Demo User Agency,Yes,2026-09-16,2026-09-25,Completed,2026-12-18,None recorded,Compliant,Demo Village 2 Demo Local Body,demo://photos/W-002765/completion,SYNTHETIC_PROTOTYPE,True
W-002766,2026-08-31,2026-09-02,3315000,Submitted,2026-09-28,ASSET-W-002766,Library Room,Demo Village 15 Demo User Agency,Yes,2026-09-06,2026-09-22,Completed,2027-02-01,None recorded,Compliant,Demo Village 15 Demo Local Body,demo://photos/W-002766/completion,SYNTHETIC_PROTOTYPE,True
W-002767,2026-08-31,2026-09-10,3002000,Submitted,2026-09-19,ASSET-W-002767,Library Room,Demo Village 9 Demo User Agency,Yes,2026-09-19,2026-09-18,Not Due,,None recorded,Compliant,Demo Village 9 Demo Local Body,demo://photos/W-002767/completion,SYNTHETIC_PROTOTYPE,True
W-002769,2026-08-31,2026-09-09,2882000,Submitted,2026-10-07,ASSET-W-002769,Borewell,Demo Village 20 Demo User Agency,Yes,2026-09-04,2026-09-09,Pending,,None recorded,Compliant,Demo Village 20 Demo Local Body,demo://photos/W-002769/completion,SYNTHETIC_PROTOTYPE,True
W-002770,2026-08-31,2026-09-05,3020000,Submitted,2026-10-11,ASSET-W-002770,Indoor Sports Hall,Demo Village 33 Demo User Agency,Yes,2026-09-10,2026-09-28,Not Due,,None recorded,Compliant,Demo Village 33 Demo Local Body,demo://photos/W-002770/completion,SYNTHETIC_PROTOTYPE,True
W-002772,2026-08-31,2026-09-06,4697000,Submitted,2026-09-10,ASSET-W-002772,Approach Road,Demo Village 5 Demo User Agency,Yes,2026-09-20,2026-09-21,Not Due,,None recorded,Compliant,Demo Village 5 Demo Local Body,demo://photos/W-002772/completion,SYNTHETIC_PROTOTYPE,True
W-002774,2026-08-31,2026-09-05,2515000,Submitted,2026-09-08,ASSET-W-002774,Community Hall,Demo Village 2 Demo User Agency,Yes,2026-09-15,2026-09-07,Pending,,None recorded,Compliant,Demo Village 2 Demo Local Body,demo://photos/W-002774/completion,SYNTHETIC_PROTOTYPE,True
W-002775,2026-08-31,2026-09-01,2661000,Submitted,2026-09-10,ASSET-W-002775,Ambulance Shelter,Demo Village 19 Demo User Agency,Yes,2026-09-01,2026-09-24,Completed,2026-10-06,None recorded,Compliant,Demo Village 19 Demo Local Body,demo://photos/W-002775/completion,SYNTHETIC_PROTOTYPE,True
W-002783,2026-08-31,2026-09-04,845000,Submitted,2026-09-22,ASSET-W-002783,Community Sanitation,Demo Village 19 Demo User Agency,Yes,2026-09-03,2026-09-14,Completed,2026-12-25,None recorded,Compliant,Demo Village 19 Demo Local Body,demo://photos/W-002783/completion,SYNTHETIC_PROTOTYPE,True
W-002784,2026-08-31,2026-09-06,666000,Submitted,2026-09-26,ASSET-W-002784,Solar Public Facility,Demo Village 31 Demo User Agency,Yes,2026-09-14,2026-09-16,Not Due,,None recorded,Compliant,Demo Village 31 Demo Local Body,demo://photos/W-002784/completion,SYNTHETIC_PROTOTYPE,True
W-002785,2026-08-31,2026-09-10,2775000,Submitted,2026-09-15,ASSET-W-002785,RO Water Plant,Demo Village 14 Demo User Agency,Yes,2026-09-08,2026-09-30,Not Due,,None recorded,Compliant,Demo Village 14 Demo Local Body,demo://photos/W-002785/completion,SYNTHETIC_PROTOTYPE,True
W-002786,2026-08-31,2026-09-05,1568000,Submitted,2026-09-13,ASSET-W-002786,Solar Community Lighting,Demo Village 21 Demo User Agency,Yes,2026-09-16,2026-09-23,Pending,,None recorded,Compliant,Demo Village 21 Demo Local Body,demo://photos/W-002786/completion,SYNTHETIC_PROTOTYPE,True
W-002787,2026-08-31,2026-09-08,2237000,Submitted,2026-09-26,ASSET-W-002787,Bus Shelter,Demo Village 31 Demo User Agency,Yes,2026-09-16,2026-09-27,Pending,,None recorded,Compliant,Demo Village 31 Demo Local Body,demo://photos/W-002787/completion,SYNTHETIC_PROTOTYPE,True
W-002789,2026-08-31,2026-09-04,1767000,Submitted,2026-09-15,ASSET-W-002789,RO Water Plant,Demo Village 3 Demo User Agency,Yes,2026-09-19,2026-09-05,Completed,2027-01-12,None recorded,Compliant,Demo Village 3 Demo Local Body,demo://photos/W-002789/completion,SYNTHETIC_PROTOTYPE,True
W-002791,2026-08-31,2026-09-08,2877000,Submitted,2026-09-27,ASSET-W-002791,School Toilet,Demo Village 18 Demo User Agency,Yes,2026-09-17,2026-09-04,Not Due,,None recorded,Compliant,Demo Village 18 Demo Local Body,demo://photos/W-002791/completion,SYNTHETIC_PROTOTYPE,True
W-002794,2026-08-31,2026-09-02,5362000,Submitted,2026-09-11,ASSET-W-002794,Ambulance Shelter,Demo Village 1 Demo User Agency,Yes,2026-09-10,2026-09-18,Pending,,None recorded,Compliant,Demo Village 1 Demo Local Body,demo://photos/W-002794/completion,SYNTHETIC_PROTOTYPE,True
W-002795,2026-08-31,2026-09-08,1507000,Submitted,2026-09-17,ASSET-W-002795,RO Water Plant,Demo Village 16 Demo User Agency,Yes,2026-09-09,2026-09-25,Pending,,None recorded,Compliant,Demo Village 16 Demo Local Body,demo://photos/W-002795/completion,SYNTHETIC_PROTOTYPE,True
W-002796,2026-08-31,2026-09-07,1972000,Submitted,2026-09-12,ASSET-W-002796,Borewell,Demo Village 8 Demo User Agency,Yes,2026-09-12,2026-09-30,Not Due,,None recorded,Compliant,Demo Village 8 Demo Local Body,demo://photos/W-002796/completion,SYNTHETIC_PROTOTYPE,True
W-002797,2026-08-31,2026-09-04,1209000,Submitted,2026-09-24,ASSET-W-002797,Solar Street Lights,Demo Village 24 Demo User Agency,Yes,2026-09-20,2026-09-10,Not Due,,None recorded,Compliant,Demo Village 24 Demo Local Body,demo://photos/W-002797/completion,SYNTHETIC_PROTOTYPE,True
W-002798,2026-08-31,2026-09-08,4544000,Submitted,2026-09-23,ASSET-W-002798,Rural Road,Demo Village 9 Demo User Agency,Yes,2026-09-10,2026-09-11,Not Due,,None recorded,Compliant,Demo Village 9 Demo Local Body,demo://photos/W-002798/completion,SYNTHETIC_PROTOTYPE,True
W-002800,2026-08-31,2026-09-09,928000,Submitted,2026-10-11,ASSET-W-002800,Solar Community Lighting,Demo Village 33 Demo User Agency,Yes,2026-09-09,2026-09-01,Pending,,None recorded,Compliant,Demo Village 33 Demo Local Body,demo://photos/W-002800/completion,SYNTHETIC_PROTOTYPE,True
W-002805,2026-08-31,2026-09-06,2357000,Submitted,2026-09-28,ASSET-W-002805,Ambulance Shelter,Demo Village 32 Demo User Agency,Yes,2026-09-02,2026-09-11,Pending,,None recorded,Compliant,Demo Village 32 Demo Local Body,demo://photos/W-002805/completion,SYNTHETIC_PROTOTYPE,True
W-002806,2026-08-31,2026-09-07,1590000,Submitted,2026-09-24,ASSET-W-002806,School Classroom,Demo Village 14 Demo User Agency,Yes,2026-09-06,2026-09-05,Not Due,,None recorded,Compliant,Demo Village 14 Demo Local Body,demo://photos/W-002806/completion,SYNTHETIC_PROTOTYPE,True
W-002807,2026-08-31,2026-08-31,1099000,Submitted,2026-10-02,ASSET-W-002807,Community Sanitation,Demo Village 19 Demo User Agency,Yes,2026-09-08,2026-09-28,Pending,,None recorded,Compliant,Demo Village 19 Demo Local Body,demo://photos/W-002807/completion,SYNTHETIC_PROTOTYPE,True
W-002808,2026-08-31,2026-09-10,3921000,Submitted,2026-09-25,ASSET-W-002808,Small Bridge,Demo Village 15 Demo User Agency,Yes,2026-09-01,2026-09-02,Pending,,None recorded,Compliant,Demo Village 15 Demo Local Body,demo://photos/W-002808/completion,SYNTHETIC_PROTOTYPE,True
W-002809,2026-08-31,2026-09-03,3739000,Submitted,2026-10-10,ASSET-W-002809,Rural Road,Demo Village 22 Demo User Agency,Yes,2026-09-08,2026-09-30,Not Due,,None recorded,Compliant,Demo Village 22 Demo Local Body,demo://photos/W-002809/completion,SYNTHETIC_PROTOTYPE,True
W-002810,2026-08-31,2026-09-05,635000,Submitted,2026-10-14,ASSET-W-002810,Drainage,Demo Village 26 Demo User Agency,Yes,2026-09-11,2026-09-17,Completed,2026-12-16,None recorded,Compliant,Demo Village 26 Demo Local Body,demo://photos/W-002810/completion,SYNTHETIC_PROTOTYPE,True
W-002811,2026-08-31,2026-09-05,1001000,Submitted,2026-09-10,ASSET-W-002811,Water Tank,Demo Village 31 Demo User Agency,Yes,2026-09-03,2026-09-20,Not Due,,None recorded,Compliant,Demo Village 31 Demo Local Body,demo://photos/W-002811/completion,SYNTHETIC_PROTOTYPE,True
W-002812,2026-08-31,2026-09-06,1515000,Submitted,2026-10-08,ASSET-W-002812,Anganwadi Building,Demo Village 1 Demo User Agency,Yes,2026-09-11,2026-09-02,Completed,2026-10-06,None recorded,Compliant,Demo Village 1 Demo Local Body,demo://photos/W-002812/completion,SYNTHETIC_PROTOTYPE,True
W-002813,2026-08-31,2026-09-08,1406000,Submitted,2026-10-07,ASSET-W-002813,CC Road,Demo Village 27 Demo User Agency,Yes,2026-09-01,2026-09-25,Pending,,None recorded,Compliant,Demo Village 27 Demo Local Body,demo://photos/W-002813/completion,SYNTHETIC_PROTOTYPE,True
W-002814,2026-08-31,2026-09-08,1625000,Submitted,2026-09-11,ASSET-W-002814,Sports Equipment Facility,Demo Village 14 Demo User Agency,Yes,2026-09-01,2026-09-10,Completed,2027-01-11,None recorded,Compliant,Demo Village 14 Demo Local Body,demo://photos/W-002814/completion,SYNTHETIC_PROTOTYPE,True
W-002816,2026-08-31,2026-08-31,4466000,Submitted,2026-09-20,ASSET-W-002816,Anganwadi Building,Demo Village 33 Demo User Agency,Yes,2026-09-13,2026-09-14,Pending,,None recorded,Compliant,Demo Village 33 Demo Local Body,demo://photos/W-002816/completion,SYNTHETIC_PROTOTYPE,True
W-002817,2026-08-31,2026-09-04,1907000,Submitted,2026-10-12,ASSET-W-002817,School Classroom,Demo Village 17 Demo User Agency,Yes,2026-09-11,2026-09-22,Pending,,None recorded,Compliant,Demo Village 17 Demo Local Body,demo://photos/W-002817/completion,SYNTHETIC_PROTOTYPE,True
W-002819,2026-08-31,2026-09-04,2526000,Submitted,2026-09-05,ASSET-W-002819,Rural Road,Demo Village 24 Demo User Agency,Yes,2026-09-14,2026-09-21,Completed,2026-10-14,None recorded,Compliant,Demo Village 24 Demo Local Body,demo://photos/W-002819/completion,SYNTHETIC_PROTOTYPE,True
W-002820,2026-08-31,2026-09-08,1031000,Submitted,2026-10-11,ASSET-W-002820,Community Hall,Demo Village 28 Demo User Agency,Yes,2026-09-11,2026-09-13,Pending,,None recorded,Compliant,Demo Village 28 Demo Local Body,demo://photos/W-002820/completion,SYNTHETIC_PROTOTYPE,True
W-002821,2026-08-31,2026-08-31,1633000,Submitted,2026-09-07,ASSET-W-002821,Solar Street Lights,Demo Village 31 Demo User Agency,Yes,2026-09-09,2026-09-28,Completed,2027-01-19,None recorded,Compliant,Demo Village 31 Demo Local Body,demo://photos/W-002821/completion,SYNTHETIC_PROTOTYPE,True
W-002822,2026-08-31,2026-09-05,2354000,Submitted,2026-09-11,ASSET-W-002822,Borewell,Demo Village 5 Demo User Agency,Yes,2026-09-05,2026-09-08,Pending,,None recorded,Compliant,Demo Village 5 Demo Local Body,demo://photos/W-002822/completion,SYNTHETIC_PROTOTYPE,True
W-002823,2026-08-31,2026-09-06,1663000,Submitted,2026-10-15,ASSET-W-002823,Solar Community Lighting,Demo Village 11 Demo User Agency,Yes,2026-09-18,2026-09-14,Pending,,None recorded,Compliant,Demo Village 11 Demo Local Body,demo://photos/W-002823/completion,SYNTHETIC_PROTOTYPE,True
W-002824,2026-08-31,2026-08-31,1204000,Submitted,2026-10-01,ASSET-W-002824,Community Sanitation,Demo Village 34 Demo User Agency,Yes,2026-09-13,2026-09-12,Pending,,None recorded,Compliant,Demo Village 34 Demo Local Body,demo://photos/W-002824/completion,SYNTHETIC_PROTOTYPE,True
W-002825,2026-08-31,2026-09-10,2015000,Submitted,2026-09-28,ASSET-W-002825,CC Road,Demo Village 25 Demo User Agency,Yes,2026-09-11,2026-09-08,Pending,,None recorded,Compliant,Demo Village 25 Demo Local Body,demo://photos/W-002825/completion,SYNTHETIC_PROTOTYPE,True
W-002826,2026-08-31,2026-09-04,2214000,Submitted,2026-09-21,ASSET-W-002826,Digital Classroom,Demo Village 11 Demo User Agency,Yes,2026-09-04,2026-09-21,Not Due,,None recorded,Compliant,Demo Village 11 Demo Local Body,demo://photos/W-002826/completion,SYNTHETIC_PROTOTYPE,True
W-002827,2026-08-31,2026-09-01,1269000,Submitted,2026-10-03,ASSET-W-002827,Drainage,Demo Village 24 Demo User Agency,Yes,2026-09-19,2026-09-13,Not Due,,None recorded,Compliant,Demo Village 24 Demo Local Body,demo://photos/W-002827/completion,SYNTHETIC_PROTOTYPE,True
W-002828,2026-08-31,2026-09-05,1117000,Submitted,2026-09-26,ASSET-W-002828,Solar Public Facility,Demo Village 1 Demo User Agency,Yes,2026-09-06,2026-09-20,Completed,2026-11-14,None recorded,Compliant,Demo Village 1 Demo Local Body,demo://photos/W-002828/completion,SYNTHETIC_PROTOTYPE,True
W-002829,2026-08-31,2026-09-03,876000,Submitted,2026-09-05,ASSET-W-002829,Public Toilet,Demo Village 8 Demo User Agency,Yes,2026-09-14,2026-09-09,Not Due,,None recorded,Compliant,Demo Village 8 Demo Local Body,demo://photos/W-002829/completion,SYNTHETIC_PROTOTYPE,True
W-002830,2026-08-31,2026-09-03,934000,Submitted,2026-09-25,ASSET-W-002830,Solid Waste Shed,Demo Village 22 Demo User Agency,Yes,2026-09-14,2026-09-17,Not Due,,None recorded,Compliant,Demo Village 22 Demo Local Body,demo://photos/W-002830/completion,SYNTHETIC_PROTOTYPE,True
W-002831,2026-08-31,2026-09-02,1367000,Submitted,2026-10-14,ASSET-W-002831,Borewell,Demo Village 28 Demo User Agency,Yes,2026-09-11,2026-09-26,Pending,,None recorded,Compliant,Demo Village 28 Demo Local Body,demo://photos/W-002831/completion,SYNTHETIC_PROTOTYPE,True
W-002834,2026-08-31,2026-09-06,1740000,Submitted,2026-10-09,ASSET-W-002834,Borewell,Demo Village 28 Demo User Agency,Yes,2026-09-15,2026-09-16,Pending,,None recorded,Compliant,Demo Village 28 Demo Local Body,demo://photos/W-002834/completion,SYNTHETIC_PROTOTYPE,True
W-002835,2026-08-31,2026-09-09,705000,Submitted,2026-09-12,ASSET-W-002835,Sports Equipment Facility,Demo Village 34 Demo User Agency,Yes,2026-09-04,2026-09-08,Pending,,None recorded,Compliant,Demo Village 34 Demo Local Body,demo://photos/W-002835/completion,SYNTHETIC_PROTOTYPE,True
W-002836,2026-08-31,2026-09-05,661000,Submitted,2026-09-17,ASSET-W-002836,Library Room,Demo Village 22 Demo User Agency,Yes,2026-09-18,2026-09-12,Completed,2026-11-28,None recorded,Compliant,Demo Village 22 Demo Local Body,demo://photos/W-002836/completion,SYNTHETIC_PROTOTYPE,True
W-002837,2026-08-31,2026-09-09,2370000,Submitted,2026-09-08,ASSET-W-002837,Solar Community Lighting,Demo Village 12 Demo User Agency,Yes,2026-09-19,2026-09-19,Not Due,,None recorded,Compliant,Demo Village 12 Demo Local Body,demo://photos/W-002837/completion,SYNTHETIC_PROTOTYPE,True
W-002838,2026-08-31,2026-09-09,2369000,Submitted,2026-09-15,ASSET-W-002838,Approach Road,Demo Village 31 Demo User Agency,Yes,2026-09-05,2026-09-16,Not Due,,None recorded,Compliant,Demo Village 31 Demo Local Body,demo://photos/W-002838/completion,SYNTHETIC_PROTOTYPE,True
W-002840,2026-08-31,2026-09-01,625000,Submitted,2026-09-05,ASSET-W-002840,Solar Community Lighting,Demo Village 2 Demo User Agency,Yes,2026-09-03,2026-09-06,Completed,2027-02-14,None recorded,Compliant,Demo Village 2 Demo Local Body,demo://photos/W-002840/completion,SYNTHETIC_PROTOTYPE,True
W-002844,2026-08-31,2026-09-04,1694000,Submitted,2026-10-13,ASSET-W-002844,Community Sanitation,Demo Village 33 Demo User Agency,Yes,2026-09-03,2026-09-27,Pending,,None recorded,Compliant,Demo Village 33 Demo Local Body,demo://photos/W-002844/completion,SYNTHETIC_PROTOTYPE,True
W-002845,2026-08-31,2026-09-03,1065000,Submitted,2026-09-09,ASSET-W-002845,Water Tank,Demo Village 29 Demo User Agency,Yes,2026-09-08,2026-09-27,Not Due,,None recorded,Compliant,Demo Village 29 Demo Local Body,demo://photos/W-002845/completion,SYNTHETIC_PROTOTYPE,True
W-002849,2026-08-31,2026-09-09,2331000,Submitted,2026-09-22,ASSET-W-002849,Open Gym,Demo Village 1 Demo User Agency,Yes,2026-09-12,2026-09-05,Not Due,,None recorded,Compliant,Demo Village 1 Demo Local Body,demo://photos/W-002849/completion,SYNTHETIC_PROTOTYPE,True
W-002850,2026-08-31,2026-09-05,1026000,Submitted,2026-09-13,ASSET-W-002850,Water Tank,Demo Village 21 Demo User Agency,Yes,2026-09-17,2026-09-25,Not Due,,None recorded,Compliant,Demo Village 21 Demo Local Body,demo://photos/W-002850/completion,SYNTHETIC_PROTOTYPE,True
W-002852,2026-08-31,2026-09-07,3945000,Submitted,2026-09-08,ASSET-W-002852,Approach Road,Demo Village 5 Demo User Agency,Yes,2026-09-04,2026-09-25,Not Due,,None recorded,Compliant,Demo Village 5 Demo Local Body,demo://photos/W-002852/completion,SYNTHETIC_PROTOTYPE,True
W-002853,2026-08-31,2026-09-03,3175000,Submitted,2026-10-09,ASSET-W-002853,Small Bridge,Demo Village 10 Demo User Agency,Yes,2026-09-18,2026-09-16,Not Due,,None recorded,Compliant,Demo Village 10 Demo Local Body,demo://photos/W-002853/completion,SYNTHETIC_PROTOTYPE,True
W-002854,2026-08-31,2026-09-06,2505000,Submitted,2026-10-01,ASSET-W-002854,Community Hall,Demo Village 2 Demo User Agency,Yes,2026-09-01,2026-09-24,Not Due,,None recorded,Compliant,Demo Village 2 Demo Local Body,demo://photos/W-002854/completion,SYNTHETIC_PROTOTYPE,True
W-002855,2026-08-31,2026-09-05,3182000,Submitted,2026-09-28,ASSET-W-002855,Library Room,Demo Village 2 Demo User Agency,Yes,2026-09-16,2026-09-09,Completed,2027-01-22,None recorded,Compliant,Demo Village 2 Demo Local Body,demo://photos/W-002855/completion,SYNTHETIC_PROTOTYPE,True
W-002856,2026-08-31,2026-09-01,716000,Submitted,2026-09-28,ASSET-W-002856,RO Water Plant,Demo Village 13 Demo User Agency,Yes,2026-09-01,2026-09-13,Not Due,,None recorded,Compliant,Demo Village 13 Demo Local Body,demo://photos/W-002856/completion,SYNTHETIC_PROTOTYPE,True
W-002857,2026-08-31,2026-09-05,993000,Submitted,2026-10-06,ASSET-W-002857,Community Hall,Demo Village 13 Demo User Agency,Yes,2026-09-14,2026-09-08,Completed,2026-11-02,None recorded,Compliant,Demo Village 13 Demo Local Body,demo://photos/W-002857/completion,SYNTHETIC_PROTOTYPE,True
W-002860,2026-08-31,2026-09-10,2034000,Submitted,2026-10-03,ASSET-W-002860,Small Bridge,Demo Village 21 Demo User Agency,Yes,2026-09-06,2026-09-01,Completed,2026-10-30,None recorded,Compliant,Demo Village 21 Demo Local Body,demo://photos/W-002860/completion,SYNTHETIC_PROTOTYPE,True
W-002861,2026-08-31,2026-09-04,1687000,Submitted,2026-09-12,ASSET-W-002861,Anganwadi Building,Demo Village 11 Demo User Agency,Yes,2026-09-10,2026-09-09,Pending,,None recorded,Compliant,Demo Village 11 Demo Local Body,demo://photos/W-002861/completion,SYNTHETIC_PROTOTYPE,True
W-002862,2026-08-31,2026-09-07,2303000,Submitted,2026-09-28,ASSET-W-002862,Digital Classroom,Demo Village 29 Demo User Agency,Yes,2026-09-03,2026-09-22,Pending,,None recorded,Compliant,Demo Village 29 Demo Local Body,demo://photos/W-002862/completion,SYNTHETIC_PROTOTYPE,True
W-002863,2026-08-31,2026-09-02,2058000,Submitted,2026-10-14,ASSET-W-002863,School Toilet,Demo Village 29 Demo User Agency,Yes,2026-09-09,2026-09-12,Not Due,,None recorded,Compliant,Demo Village 29 Demo Local Body,demo://photos/W-002863/completion,SYNTHETIC_PROTOTYPE,True
W-002864,2026-08-31,2026-09-04,5583000,Submitted,2026-09-21,ASSET-W-002864,Ambulance Shelter,Demo Village 2 Demo User Agency,Yes,2026-09-19,2026-09-25,Not Due,,None recorded,Compliant,Demo Village 2 Demo Local Body,demo://photos/W-002864/completion,SYNTHETIC_PROTOTYPE,True
W-002865,2026-08-31,2026-09-02,1591000,Submitted,2026-09-30,ASSET-W-002865,School Classroom,Demo Village 12 Demo User Agency,Yes,2026-09-01,2026-09-04,Completed,2026-12-16,None recorded,Compliant,Demo Village 12 Demo Local Body,demo://photos/W-002865/completion,SYNTHETIC_PROTOTYPE,True
W-002866,2026-08-31,2026-09-01,1156000,Submitted,2026-09-17,ASSET-W-002866,Solar Street Lights,Demo Village 24 Demo User Agency,Yes,2026-09-11,2026-09-10,Completed,2027-01-11,None recorded,Compliant,Demo Village 24 Demo Local Body,demo://photos/W-002866/completion,SYNTHETIC_PROTOTYPE,True
W-002867,2026-08-31,2026-09-08,1298000,Submitted,2026-09-11,ASSET-W-002867,Solar Public Facility,Demo Village 15 Demo User Agency,Yes,2026-09-04,2026-09-04,Not Due,,None recorded,Compliant,Demo Village 15 Demo Local Body,demo://photos/W-002867/completion,SYNTHETIC_PROTOTYPE,True
W-002869,2026-08-31,2026-09-03,1547000,Submitted,2026-09-22,ASSET-W-002869,Library Room,Demo Village 18 Demo User Agency,Yes,2026-09-08,2026-09-29,Not Due,,None recorded,Compliant,Demo Village 18 Demo Local Body,demo://photos/W-002869/completion,SYNTHETIC_PROTOTYPE,True
W-002871,2026-08-31,2026-09-08,1550000,Submitted,2026-09-06,ASSET-W-002871,Anganwadi Building,Demo Village 13 Demo User Agency,Yes,2026-09-01,2026-09-26,Completed,2026-11-30,None recorded,Compliant,Demo Village 13 Demo Local Body,demo://photos/W-002871/completion,SYNTHETIC_PROTOTYPE,True
W-002873,2026-08-31,2026-09-03,5167000,Submitted,2026-10-13,ASSET-W-002873,PHC Equipment Room,Demo Village 14 Demo User Agency,Yes,2026-09-18,2026-09-27,Not Due,,None recorded,Compliant,Demo Village 14 Demo Local Body,demo://photos/W-002873/completion,SYNTHETIC_PROTOTYPE,True
W-002874,2026-08-31,2026-09-10,2476000,Submitted,2026-09-26,ASSET-W-002874,Open Gym,Demo Village 35 Demo User Agency,Yes,2026-09-01,2026-09-07,Completed,2026-11-17,None recorded,Compliant,Demo Village 35 Demo Local Body,demo://photos/W-002874/completion,SYNTHETIC_PROTOTYPE,True
W-002875,2026-08-31,2026-09-05,2899000,Submitted,2026-10-09,ASSET-W-002875,Pipeline Extension,Demo Village 21 Demo User Agency,Yes,2026-09-10,2026-09-02,Completed,2027-01-08,None recorded,Compliant,Demo Village 21 Demo Local Body,demo://photos/W-002875/completion,SYNTHETIC_PROTOTYPE,True
W-002876,2026-08-31,2026-09-10,2679000,Submitted,2026-10-06,ASSET-W-002876,RO Water Plant,Demo Village 23 Demo User Agency,Yes,2026-09-17,2026-09-12,Pending,,None recorded,Compliant,Demo Village 23 Demo Local Body,demo://photos/W-002876/completion,SYNTHETIC_PROTOTYPE,True
W-002879,2026-08-31,2026-09-08,3580000,Submitted,2026-10-07,ASSET-W-002879,Public Health Facility,Demo Village 23 Demo User Agency,Yes,2026-09-20,2026-09-28,Not Due,,None recorded,Compliant,Demo Village 23 Demo Local Body,demo://photos/W-002879/completion,SYNTHETIC_PROTOTYPE,True
W-002880,2026-08-31,2026-09-10,1828000,Submitted,2026-09-17,ASSET-W-002880,Solar Street Lights,Demo Village 26 Demo User Agency,Yes,2026-09-14,2026-09-19,Completed,2026-10-24,None recorded,Compliant,Demo Village 26 Demo Local Body,demo://photos/W-002880/completion,SYNTHETIC_PROTOTYPE,True
W-002881,2026-08-31,2026-08-31,1870000,Submitted,2026-09-20,ASSET-W-002881,Solar Water System,Demo Village 5 Demo User Agency,Yes,2026-09-09,2026-09-12,Pending,,None recorded,Compliant,Demo Village 5 Demo Local Body,demo://photos/W-002881/completion,SYNTHETIC_PROTOTYPE,True
W-002883,2026-08-31,2026-09-07,2300000,Submitted,2026-10-07,ASSET-W-002883,Public Toilet,Demo Village 5 Demo User Agency,Yes,2026-09-04,2026-09-29,Not Due,,None recorded,Compliant,Demo Village 5 Demo Local Body,demo://photos/W-002883/completion,SYNTHETIC_PROTOTYPE,True
W-002884,2026-08-31,2026-09-10,2390000,Submitted,2026-10-02,ASSET-W-002884,Solid Waste Shed,Demo Village 23 Demo User Agency,Yes,2026-09-08,2026-09-09,Completed,2026-11-09,None recorded,Compliant,Demo Village 23 Demo Local Body,demo://photos/W-002884/completion,SYNTHETIC_PROTOTYPE,True
W-002885,2026-08-31,2026-09-07,654000,Submitted,2026-09-22,ASSET-W-002885,Borewell,Demo Village 34 Demo User Agency,Yes,2026-09-01,2026-09-15,Completed,2026-10-01,None recorded,Compliant,Demo Village 34 Demo Local Body,demo://photos/W-002885/completion,SYNTHETIC_PROTOTYPE,True
W-002887,2026-08-31,2026-09-06,1474000,Submitted,2026-09-09,ASSET-W-002887,Bus Shelter,Demo Village 14 Demo User Agency,Yes,2026-09-06,2026-09-18,Pending,,None recorded,Compliant,Demo Village 14 Demo Local Body,demo://photos/W-002887/completion,SYNTHETIC_PROTOTYPE,True
W-002888,2026-08-31,2026-09-06,1849000,Submitted,2026-09-09,ASSET-W-002888,Public Health Facility,Demo Village 19 Demo User Agency,Yes,2026-09-08,2026-09-25,Pending,,None recorded,Compliant,Demo Village 19 Demo Local Body,demo://photos/W-002888/completion,SYNTHETIC_PROTOTYPE,True
W-002890,2026-08-31,2026-09-06,861000,Submitted,2026-09-28,ASSET-W-002890,Public Health Facility,Demo Village 17 Demo User Agency,Yes,2026-09-18,2026-09-16,Pending,,None recorded,Compliant,Demo Village 17 Demo Local Body,demo://photos/W-002890/completion,SYNTHETIC_PROTOTYPE,True
W-002893,2026-08-31,2026-09-03,2519000,Submitted,2026-09-09,ASSET-W-002893,Ambulance Shelter,Demo Village 33 Demo User Agency,Yes,2026-09-11,2026-09-15,Pending,,None recorded,Compliant,Demo Village 33 Demo Local Body,demo://photos/W-002893/completion,SYNTHETIC_PROTOTYPE,True
W-002895,2026-08-31,2026-09-07,1593000,Submitted,2026-10-05,ASSET-W-002895,Solar Street Lights,Demo Village 22 Demo User Agency,Yes,2026-09-10,2026-09-04,Not Due,,None recorded,Compliant,Demo Village 22 Demo Local Body,demo://photos/W-002895/completion,SYNTHETIC_PROTOTYPE,True
W-002896,2026-08-31,2026-09-09,2402000,Submitted,2026-09-10,ASSET-W-002896,Approach Road,Demo Village 9 Demo User Agency,Yes,2026-09-09,2026-09-06,Not Due,,None recorded,Compliant,Demo Village 9 Demo Local Body,demo://photos/W-002896/completion,SYNTHETIC_PROTOTYPE,True
W-002897,2026-08-31,2026-09-04,1458000,Submitted,2026-09-25,ASSET-W-002897,Borewell,Demo Village 2 Demo User Agency,Yes,2026-09-02,2026-09-06,Pending,,None recorded,Compliant,Demo Village 2 Demo Local Body,demo://photos/W-002897/completion,SYNTHETIC_PROTOTYPE,True
W-002900,2026-08-31,2026-09-03,1348000,Submitted,2026-09-08,ASSET-W-002900,Playground Development,Demo Village 20 Demo User Agency,Yes,2026-09-05,2026-09-26,Not Due,,None recorded,Compliant,Demo Village 20 Demo Local Body,demo://photos/W-002900/completion,SYNTHETIC_PROTOTYPE,True
W-002901,2026-08-31,2026-09-10,1359000,Submitted,2026-09-08,ASSET-W-002901,Public Waiting Hall,Demo Village 27 Demo User Agency,Yes,2026-09-15,2026-09-25,Pending,,None recorded,Compliant,Demo Village 27 Demo Local Body,demo://photos/W-002901/completion,SYNTHETIC_PROTOTYPE,True
W-002902,2026-08-31,2026-09-05,1702000,Submitted,2026-09-14,ASSET-W-002902,Ambulance Shelter,Demo Village 15 Demo User Agency,Yes,2026-09-04,2026-09-17,Not Due,,None recorded,Compliant,Demo Village 15 Demo Local Body,demo://photos/W-002902/completion,SYNTHETIC_PROTOTYPE,True
W-002904,2026-08-31,2026-09-04,2260000,Pending,,ASSET-W-002904,Digital Classroom,Demo Village 12 Demo User Agency,Pending,2026-09-02,2026-09-06,Completed,2026-11-10,Documentation / closure review,Review Required,Demo Village 12 Demo Local Body,demo://photos/W-002904/completion,SYNTHETIC_PROTOTYPE,True
W-002905,2026-08-31,2026-09-09,2005000,Submitted,2026-09-12,ASSET-W-002905,Solar Public Facility,Demo Village 10 Demo User Agency,Yes,2026-09-03,2026-09-06,Completed,2027-02-06,None recorded,Compliant,Demo Village 10 Demo Local Body,demo://photos/W-002905/completion,SYNTHETIC_PROTOTYPE,True
W-002908,2026-08-31,2026-09-09,2751000,Submitted,2026-09-15,ASSET-W-002908,Public Health Facility,Demo Village 22 Demo User Agency,Yes,2026-09-11,2026-09-13,Not Due,,None recorded,Compliant,Demo Village 22 Demo Local Body,demo://photos/W-002908/completion,SYNTHETIC_PROTOTYPE,True
W-002909,2026-08-31,2026-09-04,980000,Submitted,2026-09-07,ASSET-W-002909,Solid Waste Shed,Demo Village 7 Demo User Agency,Yes,2026-09-09,2026-09-08,Completed,2026-12-22,None recorded,Compliant,Demo Village 7 Demo Local Body,demo://photos/W-002909/completion,SYNTHETIC_PROTOTYPE,True
W-002911,2026-08-31,2026-09-07,2332000,Submitted,2026-09-14,ASSET-W-002911,Playground Development,Demo Village 29 Demo User Agency,Yes,2026-09-17,2026-09-14,Completed,2026-10-30,None recorded,Compliant,Demo Village 29 Demo Local Body,demo://photos/W-002911/completion,SYNTHETIC_PROTOTYPE,True
W-002912,2026-08-31,2026-09-02,1076000,Submitted,2026-10-08,ASSET-W-002912,Indoor Sports Hall,Demo Village 29 Demo User Agency,Yes,2026-09-05,2026-09-12,Pending,,None recorded,Compliant,Demo Village 29 Demo Local Body,demo://photos/W-002912/completion,SYNTHETIC_PROTOTYPE,True
W-002914,2026-08-31,2026-09-05,2568000,Submitted,2026-09-23,ASSET-W-002914,Solar Public Facility,Demo Village 9 Demo User Agency,Yes,2026-09-18,2026-09-30,Not Due,,None recorded,Compliant,Demo Village 9 Demo Local Body,demo://photos/W-002914/completion,SYNTHETIC_PROTOTYPE,True
W-002915,2026-08-31,2026-09-07,2738000,Submitted,2026-09-05,ASSET-W-002915,Digital Classroom,Demo Village 24 Demo User Agency,Yes,2026-09-13,2026-09-22,Completed,2026-12-14,None recorded,Compliant,Demo Village 24 Demo Local Body,demo://photos/W-002915/completion,SYNTHETIC_PROTOTYPE,True
W-002916,2026-08-31,2026-09-05,1646000,Submitted,2026-09-19,ASSET-W-002916,Community Sanitation,Demo Village 10 Demo User Agency,Yes,2026-09-03,2026-09-30,Not Due,,None recorded,Compliant,Demo Village 10 Demo Local Body,demo://photos/W-002916/completion,SYNTHETIC_PROTOTYPE,True
W-002918,2026-08-31,2026-09-06,1866000,Submitted,2026-09-22,ASSET-W-002918,PHC Equipment Room,Demo Village 3 Demo User Agency,Yes,2026-09-18,2026-09-24,Not Due,,None recorded,Compliant,Demo Village 3 Demo Local Body,demo://photos/W-002918/completion,SYNTHETIC_PROTOTYPE,True
W-002919,2026-08-31,2026-08-31,1668000,Submitted,2026-09-16,ASSET-W-002919,Approach Road,Demo Village 23 Demo User Agency,Yes,2026-09-13,2026-09-05,Not Due,,None recorded,Compliant,Demo Village 23 Demo Local Body,demo://photos/W-002919/completion,SYNTHETIC_PROTOTYPE,True
W-002920,2026-08-31,2026-08-31,2014000,Not Submitted,,ASSET-W-002920,Indoor Sports Hall,Demo Village 31 Demo User Agency,Pending,2026-09-15,2026-09-29,Pending,,Documentation / closure review,Review Required,Demo Village 31 Demo Local Body,demo://photos/W-002920/completion,SYNTHETIC_PROTOTYPE,True
W-002921,2026-08-31,2026-09-05,557000,Submitted,2026-10-12,ASSET-W-002921,Solar Community Lighting,Demo Village 28 Demo User Agency,Yes,2026-09-12,2026-09-25,Pending,,None recorded,Compliant,Demo Village 28 Demo Local Body,demo://photos/W-002921/completion,SYNTHETIC_PROTOTYPE,True
W-002923,2026-08-31,2026-09-01,1697000,Submitted,2026-10-13,ASSET-W-002923,Public Toilet,Demo Village 16 Demo User Agency,Yes,2026-09-03,2026-09-12,Not Due,,None recorded,Compliant,Demo Village 16 Demo Local Body,demo://photos/W-002923/completion,SYNTHETIC_PROTOTYPE,True
W-002924,2026-08-31,2026-09-02,1459000,Submitted,2026-09-14,ASSET-W-002924,Solar Community Lighting,Demo Village 9 Demo User Agency,Yes,2026-09-09,2026-09-03,Completed,2027-01-08,None recorded,Compliant,Demo Village 9 Demo Local Body,demo://photos/W-002924/completion,SYNTHETIC_PROTOTYPE,True
W-002925,2026-08-31,2026-09-03,1821000,Submitted,2026-10-02,ASSET-W-002925,Sports Equipment Facility,Demo Village 19 Demo User Agency,Yes,2026-09-13,2026-09-08,Not Due,,None recorded,Compliant,Demo Village 19 Demo Local Body,demo://photos/W-002925/completion,SYNTHETIC_PROTOTYPE,True
W-002926,2026-08-31,2026-09-10,1477000,Submitted,2026-09-05,ASSET-W-002926,Drainage,Demo Village 33 Demo User Agency,Yes,2026-09-09,2026-09-26,Not Due,,None recorded,Compliant,Demo Village 33 Demo Local Body,demo://photos/W-002926/completion,SYNTHETIC_PROTOTYPE,True
W-002929,2026-08-31,2026-09-10,1581000,Submitted,2026-09-10,ASSET-W-002929,Solar Public Facility,Demo Village 17 Demo User Agency,Yes,2026-09-07,2026-09-13,Pending,,None recorded,Compliant,Demo Village 17 Demo Local Body,demo://photos/W-002929/completion,SYNTHETIC_PROTOTYPE,True
W-002930,2026-08-31,2026-09-04,702000,Submitted,2026-09-27,ASSET-W-002930,Indoor Sports Hall,Demo Village 16 Demo User Agency,Yes,2026-09-11,2026-09-21,Completed,2026-11-06,None recorded,Compliant,Demo Village 16 Demo Local Body,demo://photos/W-002930/completion,SYNTHETIC_PROTOTYPE,True
W-002931,2026-08-31,2026-09-01,2819000,Submitted,2026-09-10,ASSET-W-002931,Health Sub-Centre,Demo Village 26 Demo User Agency,Yes,2026-09-13,2026-09-24,Completed,2027-01-16,None recorded,Compliant,Demo Village 26 Demo Local Body,demo://photos/W-002931/completion,SYNTHETIC_PROTOTYPE,True
W-002933,2026-08-31,2026-09-09,3242000,Submitted,2026-09-11,ASSET-W-002933,Public Health Facility,Demo Village 16 Demo User Agency,Yes,2026-09-17,2026-09-16,Pending,,None recorded,Compliant,Demo Village 16 Demo Local Body,demo://photos/W-002933/completion,SYNTHETIC_PROTOTYPE,True
W-002935,2026-08-31,2026-09-09,4528000,Submitted,2026-09-13,ASSET-W-002935,Rural Road,Demo Village 11 Demo User Agency,Yes,2026-09-09,2026-09-17,Not Due,,None recorded,Compliant,Demo Village 11 Demo Local Body,demo://photos/W-002935/completion,SYNTHETIC_PROTOTYPE,True
W-002936,2026-08-31,2026-09-02,2151000,Submitted,2026-09-05,ASSET-W-002936,Indoor Sports Hall,Demo Village 21 Demo User Agency,Yes,2026-09-05,2026-09-12,Pending,,None recorded,Compliant,Demo Village 21 Demo Local Body,demo://photos/W-002936/completion,SYNTHETIC_PROTOTYPE,True
W-002937,2026-08-31,2026-09-06,1089000,Submitted,2026-09-16,ASSET-W-002937,Indoor Sports Hall,Demo Village 17 Demo User Agency,Yes,2026-09-05,2026-09-13,Not Due,,None recorded,Compliant,Demo Village 17 Demo Local Body,demo://photos/W-002937/completion,SYNTHETIC_PROTOTYPE,True
W-002939,2026-08-31,2026-09-10,2510000,Submitted,2026-09-19,ASSET-W-002939,Solar Community Lighting,Demo Village 19 Demo User Agency,Yes,2026-09-06,2026-09-24,Pending,,None recorded,Compliant,Demo Village 19 Demo Local Body,demo://photos/W-002939/completion,SYNTHETIC_PROTOTYPE,True
W-002940,2026-08-31,2026-09-07,1089000,Submitted,2026-09-09,ASSET-W-002940,Solar Public Facility,Demo Village 24 Demo User Agency,Yes,2026-09-17,2026-09-13,Not Due,,None recorded,Compliant,Demo Village 24 Demo Local Body,demo://photos/W-002940/completion,SYNTHETIC_PROTOTYPE,True
W-002941,2026-08-31,2026-09-04,4511000,Submitted,2026-10-10,ASSET-W-002941,CC Road,Demo Village 30 Demo User Agency,Yes,2026-09-09,2026-09-08,Not Due,,None recorded,Compliant,Demo Village 30 Demo Local Body,demo://photos/W-002941/completion,SYNTHETIC_PROTOTYPE,True
W-002942,2026-08-31,2026-09-09,1225000,Submitted,2026-09-19,ASSET-W-002942,Bus Shelter,Demo Village 21 Demo User Agency,Yes,2026-09-05,2026-09-20,Completed,2026-10-11,None recorded,Compliant,Demo Village 21 Demo Local Body,demo://photos/W-002942/completion,SYNTHETIC_PROTOTYPE,True
W-002943,2026-08-31,2026-09-10,2286000,Submitted,2026-09-23,ASSET-W-002943,Solar Water System,Demo Village 24 Demo User Agency,Yes,2026-09-09,2026-09-02,Pending,,None recorded,Compliant,Demo Village 24 Demo Local Body,demo://photos/W-002943/completion,SYNTHETIC_PROTOTYPE,True
W-002947,2026-08-31,2026-09-04,1652000,Submitted,2026-10-01,ASSET-W-002947,Drainage,Demo Village 2 Demo User Agency,Yes,2026-09-05,2026-09-17,Not Due,,None recorded,Compliant,Demo Village 2 Demo Local Body,demo://photos/W-002947/completion,SYNTHETIC_PROTOTYPE,True
W-002948,2026-08-31,2026-09-03,1027000,Submitted,2026-09-08,ASSET-W-002948,Public Toilet,Demo Village 17 Demo User Agency,Yes,2026-09-17,2026-09-25,Completed,2027-02-14,None recorded,Compliant,Demo Village 17 Demo Local Body,demo://photos/W-002948/completion,SYNTHETIC_PROTOTYPE,True
W-002949,2026-08-31,2026-09-08,2891000,Submitted,2026-10-01,ASSET-W-002949,Playground Development,Demo Village 26 Demo User Agency,Yes,2026-09-16,2026-09-24,Not Due,,None recorded,Compliant,Demo Village 26 Demo Local Body,demo://photos/W-002949/completion,SYNTHETIC_PROTOTYPE,True
W-002950,2026-08-31,2026-09-02,1890000,Submitted,2026-09-13,ASSET-W-002950,PHC Equipment Room,Demo Village 3 Demo User Agency,Yes,2026-09-03,2026-09-11,Pending,,None recorded,Compliant,Demo Village 3 Demo Local Body,demo://photos/W-002950/completion,SYNTHETIC_PROTOTYPE,True
W-002951,2026-08-31,2026-09-01,1689000,Submitted,2026-09-16,ASSET-W-002951,Rural Road,Demo Village 29 Demo User Agency,Yes,2026-09-13,2026-09-18,Not Due,,None recorded,Compliant,Demo Village 29 Demo Local Body,demo://photos/W-002951/completion,SYNTHETIC_PROTOTYPE,True
W-002952,2026-08-31,2026-09-06,1917000,Submitted,2026-09-24,ASSET-W-002952,Small Bridge,Demo Village 3 Demo User Agency,Yes,2026-09-10,2026-09-11,Completed,2027-01-12,None recorded,Compliant,Demo Village 3 Demo Local Body,demo://photos/W-002952/completion,SYNTHETIC_PROTOTYPE,True
W-002953,2026-08-31,2026-09-09,3392000,Submitted,2026-10-12,ASSET-W-002953,Community Hall,Demo Village 14 Demo User Agency,Yes,2026-09-15,2026-09-18,Not Due,,None recorded,Compliant,Demo Village 14 Demo Local Body,demo://photos/W-002953/completion,SYNTHETIC_PROTOTYPE,True
W-002954,2026-08-31,2026-09-06,2381000,Submitted,2026-09-23,ASSET-W-002954,Public Toilet,Demo Village 20 Demo User Agency,Yes,2026-09-18,2026-09-19,Not Due,,None recorded,Compliant,Demo Village 20 Demo Local Body,demo://photos/W-002954/completion,SYNTHETIC_PROTOTYPE,True
W-002956,2026-08-31,2026-09-05,2858000,Submitted,2026-09-10,ASSET-W-002956,Public Toilet,Demo Village 8 Demo User Agency,Yes,2026-09-18,2026-09-11,Not Due,,None recorded,Compliant,Demo Village 8 Demo Local Body,demo://photos/W-002956/completion,SYNTHETIC_PROTOTYPE,True
W-002957,2026-08-31,2026-09-08,3174000,Submitted,2026-10-04,ASSET-W-002957,Community Hall,Demo Village 2 Demo User Agency,Yes,2026-09-18,2026-09-03,Completed,2027-01-12,None recorded,Compliant,Demo Village 2 Demo Local Body,demo://photos/W-002957/completion,SYNTHETIC_PROTOTYPE,True
W-002958,2026-08-31,2026-09-06,4099000,Submitted,2026-09-09,ASSET-W-002958,Public Health Facility,Demo Village 20 Demo User Agency,Yes,2026-09-05,2026-09-05,Pending,,None recorded,Compliant,Demo Village 20 Demo Local Body,demo://photos/W-002958/completion,SYNTHETIC_PROTOTYPE,True
W-002959,2026-08-31,2026-09-10,2620000,Submitted,2026-09-07,ASSET-W-002959,Community Hall,Demo Village 4 Demo User Agency,Yes,2026-09-08,2026-09-22,Completed,2026-12-03,None recorded,Compliant,Demo Village 4 Demo Local Body,demo://photos/W-002959/completion,SYNTHETIC_PROTOTYPE,True
W-002962,2026-08-31,2026-09-04,3001000,Submitted,2026-09-20,ASSET-W-002962,Solid Waste Shed,Demo Village 11 Demo User Agency,Yes,2026-09-10,2026-09-27,Completed,2027-01-25,None recorded,Compliant,Demo Village 11 Demo Local Body,demo://photos/W-002962/completion,SYNTHETIC_PROTOTYPE,True
W-002963,2026-08-31,2026-09-03,2578000,Submitted,2026-10-14,ASSET-W-002963,Health Sub-Centre,Demo Village 24 Demo User Agency,Yes,2026-09-15,2026-09-26,Pending,,None recorded,Compliant,Demo Village 24 Demo Local Body,demo://photos/W-002963/completion,SYNTHETIC_PROTOTYPE,True
W-002965,2026-08-31,2026-09-09,2869000,Submitted,2026-09-12,ASSET-W-002965,Digital Classroom,Demo Village 32 Demo User Agency,Yes,2026-09-04,2026-09-28,Pending,,None recorded,Compliant,Demo Village 32 Demo Local Body,demo://photos/W-002965/completion,SYNTHETIC_PROTOTYPE,True
W-002966,2026-08-31,2026-09-09,842000,Submitted,2026-10-02,ASSET-W-002966,Borewell,Demo Village 33 Demo User Agency,Yes,2026-09-03,2026-09-18,Pending,,None recorded,Compliant,Demo Village 33 Demo Local Body,demo://photos/W-002966/completion,SYNTHETIC_PROTOTYPE,True
W-002967,2026-08-31,2026-09-10,1432000,Submitted,2026-09-21,ASSET-W-002967,Public Waiting Hall,Demo Village 13 Demo User Agency,Yes,2026-09-17,2026-09-27,Pending,,None recorded,Compliant,Demo Village 13 Demo Local Body,demo://photos/W-002967/completion,SYNTHETIC_PROTOTYPE,True
W-002968,2026-08-31,2026-09-07,1245000,Submitted,2026-10-12,ASSET-W-002968,Community Sanitation,Demo Village 28 Demo User Agency,Yes,2026-09-01,2026-09-18,Not Due,,None recorded,Compliant,Demo Village 28 Demo Local Body,demo://photos/W-002968/completion,SYNTHETIC_PROTOTYPE,True
W-002969,2026-08-31,2026-09-07,3662000,Submitted,2026-09-06,ASSET-W-002969,PHC Equipment Room,Demo Village 23 Demo User Agency,Yes,2026-09-04,2026-09-14,Completed,2026-12-01,None recorded,Compliant,Demo Village 23 Demo Local Body,demo://photos/W-002969/completion,SYNTHETIC_PROTOTYPE,True
W-002970,2026-08-31,2026-09-10,3960000,Submitted,2026-09-08,ASSET-W-002970,Approach Road,Demo Village 35 Demo User Agency,Yes,2026-09-17,2026-09-11,Completed,2026-12-15,None recorded,Compliant,Demo Village 35 Demo Local Body,demo://photos/W-002970/completion,SYNTHETIC_PROTOTYPE,True
W-002971,2026-08-31,2026-09-05,1868000,Submitted,2026-10-02,ASSET-W-002971,Solar Community Lighting,Demo Village 24 Demo User Agency,Yes,2026-09-04,2026-09-16,Pending,,None recorded,Compliant,Demo Village 24 Demo Local Body,demo://photos/W-002971/completion,SYNTHETIC_PROTOTYPE,True
W-002973,2026-08-31,2026-09-08,1722000,Submitted,2026-09-23,ASSET-W-002973,Community Hall,Demo Village 11 Demo User Agency,Yes,2026-09-08,2026-09-07,Pending,,None recorded,Compliant,Demo Village 11 Demo Local Body,demo://photos/W-002973/completion,SYNTHETIC_PROTOTYPE,True
W-002974,2026-08-31,2026-09-08,1514000,Submitted,2026-09-25,ASSET-W-002974,Library Room,Demo Village 7 Demo User Agency,Yes,2026-09-13,2026-09-26,Pending,,None recorded,Compliant,Demo Village 7 Demo Local Body,demo://photos/W-002974/completion,SYNTHETIC_PROTOTYPE,True
W-002975,2026-08-31,2026-09-10,956000,Submitted,2026-09-26,ASSET-W-002975,Solid Waste Shed,Demo Village 24 Demo User Agency,Yes,2026-09-16,2026-09-12,Pending,,None recorded,Compliant,Demo Village 24 Demo Local Body,demo://photos/W-002975/completion,SYNTHETIC_PROTOTYPE,True
W-002976,2026-08-31,2026-09-08,1945000,Submitted,2026-10-11,ASSET-W-002976,Solar Community Lighting,Demo Village 6 Demo User Agency,Yes,2026-09-13,2026-09-25,Completed,2026-11-20,None recorded,Compliant,Demo Village 6 Demo Local Body,demo://photos/W-002976/completion,SYNTHETIC_PROTOTYPE,True
W-002977,2026-08-31,2026-09-02,3330000,Submitted,2026-10-04,ASSET-W-002977,Rural Road,Demo Village 34 Demo User Agency,Yes,2026-09-19,2026-09-16,Pending,,None recorded,Compliant,Demo Village 34 Demo Local Body,demo://photos/W-002977/completion,SYNTHETIC_PROTOTYPE,True
W-002978,2026-08-31,2026-09-03,594000,Submitted,2026-09-20,ASSET-W-002978,RO Water Plant,Demo Village 30 Demo User Agency,Yes,2026-09-05,2026-09-13,Completed,2026-12-04,None recorded,Compliant,Demo Village 30 Demo Local Body,demo://photos/W-002978/completion,SYNTHETIC_PROTOTYPE,True
W-002979,2026-08-31,2026-09-01,1978000,Not Submitted,,ASSET-W-002979,Rural Road,Demo Village 35 Demo User Agency,Pending,2026-09-17,2026-09-19,Pending,,Documentation / closure review,Review Required,Demo Village 35 Demo Local Body,demo://photos/W-002979/completion,SYNTHETIC_PROTOTYPE,True
W-002982,2026-08-31,2026-09-02,3433000,Submitted,2026-10-08,ASSET-W-002982,Community Hall,Demo Village 29 Demo User Agency,Yes,2026-09-18,2026-09-23,Completed,2027-02-02,None recorded,Compliant,Demo Village 29 Demo Local Body,demo://photos/W-002982/completion,SYNTHETIC_PROTOTYPE,True
W-002983,2026-08-31,2026-09-06,1073000,Submitted,2026-10-07,ASSET-W-002983,Solar Street Lights,Demo Village 8 Demo User Agency,Yes,2026-09-15,2026-09-12,Pending,,None recorded,Compliant,Demo Village 8 Demo Local Body,demo://photos/W-002983/completion,SYNTHETIC_PROTOTYPE,True
W-002984,2026-08-31,2026-09-03,1922000,Submitted,2026-09-27,ASSET-W-002984,Community Hall,Demo Village 11 Demo User Agency,Yes,2026-09-03,2026-09-14,Completed,2027-02-16,None recorded,Compliant,Demo Village 11 Demo Local Body,demo://photos/W-002984/completion,SYNTHETIC_PROTOTYPE,True
W-002985,2026-08-31,2026-09-08,3824000,Submitted,2026-09-08,ASSET-W-002985,Bus Shelter,Demo Village 23 Demo User Agency,Yes,2026-09-01,2026-09-14,Completed,2026-11-28,None recorded,Compliant,Demo Village 23 Demo Local Body,demo://photos/W-002985/completion,SYNTHETIC_PROTOTYPE,True
W-002987,2026-08-31,2026-09-08,1326000,Submitted,2026-09-28,ASSET-W-002987,Solar Public Facility,Demo Village 17 Demo User Agency,Yes,2026-09-14,2026-09-06,Not Due,,None recorded,Compliant,Demo Village 17 Demo Local Body,demo://photos/W-002987/completion,SYNTHETIC_PROTOTYPE,True
W-002989,2026-08-31,2026-09-05,2152000,Submitted,2026-09-07,ASSET-W-002989,RO Water Plant,Demo Village 23 Demo User Agency,Yes,2026-09-02,2026-09-15,Completed,2026-11-03,None recorded,Compliant,Demo Village 23 Demo Local Body,demo://photos/W-002989/completion,SYNTHETIC_PROTOTYPE,True
W-002990,2026-08-31,2026-09-08,2451000,Submitted,2026-09-29,ASSET-W-002990,School Toilet,Demo Village 14 Demo User Agency,Yes,2026-09-10,2026-09-20,Pending,,None recorded,Compliant,Demo Village 14 Demo Local Body,demo://photos/W-002990/completion,SYNTHETIC_PROTOTYPE,True
W-002992,2026-08-31,2026-09-04,2288000,Submitted,2026-10-13,ASSET-W-002992,Drainage,Demo Village 2 Demo User Agency,Yes,2026-09-10,2026-09-10,Not Due,,None recorded,Compliant,Demo Village 2 Demo Local Body,demo://photos/W-002992/completion,SYNTHETIC_PROTOTYPE,True
W-002993,2026-08-31,2026-09-04,2725000,Submitted,2026-10-08,ASSET-W-002993,Health Sub-Centre,Demo Village 25 Demo User Agency,Yes,2026-09-13,2026-09-16,Not Due,,None recorded,Compliant,Demo Village 25 Demo Local Body,demo://photos/W-002993/completion,SYNTHETIC_PROTOTYPE,True
W-002994,2026-08-31,2026-08-31,1674000,Submitted,2026-09-06,ASSET-W-002994,Solar Street Lights,Demo Village 7 Demo User Agency,Yes,2026-09-08,2026-09-10,Not Due,,None recorded,Compliant,Demo Village 7 Demo Local Body,demo://photos/W-002994/completion,SYNTHETIC_PROTOTYPE,True
W-002995,2026-08-31,2026-09-10,3156000,Submitted,2026-09-24,ASSET-W-002995,School Classroom,Demo Village 34 Demo User Agency,Yes,2026-09-07,2026-09-25,Completed,2027-02-12,None recorded,Compliant,Demo Village 34 Demo Local Body,demo://photos/W-002995/completion,SYNTHETIC_PROTOTYPE,True
W-002996,2026-08-31,2026-08-31,2390000,Submitted,2026-10-08,ASSET-W-002996,Digital Classroom,Demo Village 14 Demo User Agency,Yes,2026-09-13,2026-09-01,Not Due,,None recorded,Compliant,Demo Village 14 Demo Local Body,demo://photos/W-002996/completion,SYNTHETIC_PROTOTYPE,True
W-002997,2026-08-31,2026-09-01,1698000,Submitted,2026-09-28,ASSET-W-002997,Health Sub-Centre,Demo Village 35 Demo User Agency,Yes,2026-09-04,2026-09-18,Not Due,,None recorded,Compliant,Demo Village 35 Demo Local Body,demo://photos/W-002997/completion,SYNTHETIC_PROTOTYPE,True
W-002998,2026-08-31,2026-09-09,2599000,Not Submitted,,ASSET-W-002998,School Toilet,Demo Village 34 Demo User Agency,No,2026-09-17,2026-09-25,Pending,,Documentation / closure review,Review Required,Demo Village 34 Demo Local Body,demo://photos/W-002998/completion,SYNTHETIC_PROTOTYPE,True
W-002999,2026-08-31,2026-09-09,1900000,Submitted,2026-10-02,ASSET-W-002999,School Toilet,Demo Village 26 Demo User Agency,Yes,2026-09-16,2026-09-18,Not Due,,None recorded,Compliant,Demo Village 26 Demo Local Body,demo://photos/W-002999/completion,SYNTHETIC_PROTOTYPE,True
W-003000,2026-08-31,2026-09-04,2567000,Submitted,2026-09-11,ASSET-W-003000,Public Toilet,Demo Village 28 Demo User Agency,Yes,2026-09-06,2026-09-14,Completed,2027-01-14,None recorded,Compliant,Demo Village 28 Demo Local Body,demo://photos/W-003000/completion,SYNTHETIC_PROTOTYPE,True
