work_id,has_duplicate_candidate,best_candidate_work_id,best_similarity_0_1
W-000001,False,W-001231,1.0
W-000002,False,W-001232,1.0
W-000003,False,W-001233,0.9999999403953552
W-000004,False,W-001234,1.0
W-000005,False,W-001235,1.0
W-000006,False,W-001236,0.9999998807907104
W-000007,False,W-001237,0.9999999403953552
W-000008,False,W-001238,0.9999996423721313
W-000009,False,W-001239,1.0
W-000010,False,W-002101,0.9941613674163818
W-000011,False,W-000872,0.9949647188186646
W-000012,False,W-002958,0.9989324808120728
W-000013,False,W-003826,0.9964197874069214
W-000014,False,W-002966,0.9935932159423828
W-000015,False,W-002100,0.9972731471061707
W-000016,False,W-004696,0.9963862895965576
W-000017,False,W-002477,1.0
W-000018,False,W-002478,1.0
W-000019,False,W-002479,1.0
W-000020,False,W-001250,1.0
W-000021,False,W-002481,1.0
W-000022,False,W-001252,1.0
W-000023,False,W-001253,1.0
W-000024,False,W-001254,0.9999999403953552
W-000025,False,W-001255,0.9999999403953552
W-000026,False,W-001256,1.0
W-000027,False,W-001257,1.0
W-000028,False,W-002119,0.995752215385437
W-000029,False,W-001751,0.9939543604850769
W-000030,False,W-000891,0.9957200288772583
W-000031,False,W-000892,0.9954866170883179
W-000032,False,W-002123,0.9929664731025696
W-000033,False,W-004713,0.9947243332862854
W-000034,False,W-002494,0.9999998211860657
W-000035,False,W-001265,1.0
W-000036,False,W-001266,0.9999997615814209
W-000037,False,W-001267,1.0
W-000038,False,W-001268,1.0
W-000039,False,W-001269,1.0
W-000040,False,W-004585,0.9958816766738892
W-000041,False,W-001271,0.9999998807907104
W-000042,False,W-001272,1.0
W-000043,False,W-001273,1.0
W-000044,False,W-001274,1.0
W-000045,False,W-000906,0.9961764812469482
W-000046,False,W-002137,0.9951266050338745
W-000047,False,W-002999,0.9957963228225708
W-000048,False,W-003861,0.9954776167869568
W-000049,False,W-002134,0.9957220554351807
W-000050,False,W-004220,0.9939473271369934
W-000051,False,W-001281,1.0
W-000052,False,W-001282,1.0
W-000053,False,W-001283,1.0
W-000054,False,W-002514,0.9999997615814209
W-000055,False,W-002515,0.9999998807907104
W-000056,False,W-001286,1.0
W-000057,False,W-001287,1.0
W-000058,False,W-001288,1.0
W-000059,False,W-001289,1.0
W-000060,False,W-001290,1.0
W-000061,False,W-001291,1.0
W-000062,False,W-002153,0.9926322102546692
W-000063,False,W-000918,0.9954771995544434
W-000064,False,W-002149,0.9969087839126587
W-000065,False,W-000926,0.9933450222015381
W-000066,False,W-000921,0.9964499473571777
W-000067,False,W-001789,0.9945603609085083
W-000068,False,W-001298,0.9999999403953552
W-000069,False,W-002529,1.0
W-000070,False,W-001300,1.0
W-000071,False,W-002531,0.9999998807907104
W-000072,False,W-001302,1.0
W-000073,False,W-001303,1.0
W-000074,False,W-001304,1.0
W-000075,False,W-001305,0.9999998807907104
W-000076,False,W-003397,0.9946383237838745
W-000077,False,W-001307,0.9999999403953552
W-000078,False,W-001308,1.0
W-000079,False,W-003031,0.995728611946106
W-000080,False,W-000935,0.9962751865386963
W-000081,False,W-000936,0.9979526996612549
W-000082,False,W-002671,0.998801589012146
W-000083,False,W-003896,0.9951751232147217
W-000084,False,W-004266,0.9942877292633057
W-000085,False,W-001315,1.0
W-000086,False,W-002546,0.9999999403953552
W-000087,False,W-001317,0.9999998807907104
W-000088,False,W-002548,1.0
W-000089,False,W-001319,0.9999999403953552
W-000090,False,W-001320,1.0
W-000091,False,W-001321,1.0
W-000092,False,W-001322,0.9999998211860657
W-000093,False,W-001323,1.0
W-000094,False,W-001324,1.0
W-000095,False,W-001325,1.0
W-000096,False,W-000957,0.99705570936203
W-000097,False,W-000952,0.993981122970581
W-000098,False,W-004778,0.9979825019836426
W-000099,False,W-004779,0.9965327978134155
W-000100,False,W-003919,0.9993749856948853
W-000101,False,W-002192,0.9965150356292725
W-000102,False,W-001332,1.0
W-000103,False,W-001333,1.0
W-000104,False,W-001334,0.9999997615814209
W-000105,False,W-001335,1.0
W-000106,False,W-002566,1.0
W-000107,False,W-001337,0.9999997019767761
W-000108,False,W-001338,1.0
W-000109,False,W-001339,0.9999998807907104
W-000110,False,W-001340,0.9999998807907104
W-000111,False,W-001341,1.0
W-000112,False,W-001342,0.9999998807907104
W-000113,False,W-002204,0.9947296380996704
W-000114,False,W-003066,0.9895110130310059
W-000115,False,W-004795,0.9963114261627197
W-000116,False,W-004796,0.9962927103042603
W-000117,False,W-004287,0.99651700258255
W-000118,False,W-003931,0.9955848455429077
W-000119,False,W-001349,1.0
W-000120,False,W-001350,1.0
W-000121,False,W-002581,1.0
W-000122,False,W-002582,1.0
W-000123,False,W-001353,0.9999998211860657
W-000124,False,W-004306,0.9956018924713135
W-000125,False,W-000986,0.994282603263855
W-000126,False,W-002211,0.9953938722610474
W-000127,False,W-001357,1.0
W-000128,False,W-001358,1.0
W-000129,False,W-001359,1.0
W-000130,False,W-000991,0.9944252967834473
W-000131,False,W-000992,0.9957808256149292
W-000132,False,W-004302,0.997586190700531
W-000133,False,W-003946,0.992328405380249
W-000134,False,W-004814,0.9950028657913208
W-000135,False,W-003948,0.9915304183959961
W-000136,False,W-001366,1.0
W-000137,False,W-002597,1.0
W-000138,False,W-001368,1.0
W-000139,False,W-002599,0.9999998807907104
W-000140,False,W-002600,0.9999997615814209
W-000141,False,W-001371,1.0
W-000142,False,W-001372,1.0
W-000143,False,W-001373,1.0
W-000144,False,W-001374,1.0
W-000145,False,W-001375,1.0
W-000146,False,W-001376,1.0
W-000147,False,W-004680,0.998746395111084
W-000148,False,W-003961,0.9934605956077576
W-000149,False,W-001871,0.9966098666191101
W-000150,False,W-001011,0.995505154132843
W-000151,False,W-004831,0.9980550408363342
W-000152,False,W-001874,0.993344247341156
W-000153,False,W-001383,1.0
W-000154,False,W-001384,0.9999998807907104
W-000155,False,W-001385,1.0
W-000156,False,W-001386,0.9999998807907104
W-000157,False,W-002617,1.0
W-000158,False,W-001388,1.0
W-000159,False,W-001389,0.9999999403953552
W-000160,False,W-001390,0.9999998807907104
W-000161,False,W-003482,0.9945237040519714
W-000162,False,W-001392,1.0
W-000163,False,W-001393,1.0
W-000164,False,W-004856,0.9987751841545105
W-000165,False,W-002256,0.9898755550384521
W-000166,False,W-002257,0.9961002469062805
W-000167,False,W-003119,0.9914190769195557
W-000168,False,W-004848,0.9967674612998962
W-000169,False,W-004351,0.9956839084625244
W-000170,False,W-001400,1.0
W-000171,False,W-002631,1.0
W-000172,False,W-002632,1.0
W-000173,False,W-002633,1.0
W-000174,False,W-001404,1.0
W-000175,False,W-001405,0.9999998807907104
W-000176,False,W-001406,1.0
W-000177,False,W-001407,0.9999997019767761
W-000178,False,W-001408,1.0
W-000179,False,W-002264,0.993270993232727
W-000180,False,W-004005,0.9953934550285339
W-000181,False,W-001042,0.9962363839149475
W-000182,False,W-000539,0.9992265701293945
W-000183,False,W-003135,0.995170533657074
W-000184,False,W-004864,0.9919328689575195
W-000185,False,W-004355,0.9915686845779419
W-000186,False,W-001047,0.995244026184082
W-000187,False,W-001417,1.0
W-000188,False,W-001418,1.0
W-000189,False,W-001419,0.9999997615814209
W-000190,False,W-002650,1.0
W-000191,False,W-002651,1.0
W-000192,False,W-003513,0.9961780905723572
W-000193,False,W-001423,0.9999998807907104
W-000194,False,W-001424,0.9999999403953552
W-000195,False,W-001425,1.0
W-000196,False,W-001426,1.0
W-000197,False,W-001427,1.0
W-000198,False,W-001059,0.9966621398925781
W-000199,False,W-001921,0.9950859546661377
W-000200,False,W-002291,0.9958212375640869
W-000201,False,W-001062,0.9960927963256836
W-000202,False,W-004027,0.9973288178443909
W-000203,False,W-004016,0.995400071144104
W-000204,False,W-002664,1.0
W-000205,False,W-001435,1.0
W-000206,False,W-002666,1.0
W-000207,False,W-002667,0.9999999403953552
W-000208,False,W-002668,1.0
W-000209,False,W-001439,0.9999998807907104
W-000210,False,W-001440,0.9999998211860657
W-000211,False,W-001441,0.9999997615814209
W-000212,False,W-001442,1.0
W-000213,False,W-001443,1.0
W-000214,False,W-001444,1.0
W-000215,False,W-001076,0.9915579557418823
W-000216,False,W-004896,0.9940601587295532
W-000217,False,W-004393,0.9995135068893433
W-000218,False,W-004031,0.9939115047454834
W-000219,False,W-002310,0.996755838394165
W-000220,False,W-001075,0.9940143823623657
W-000221,False,W-002681,0.9999998807907104
W-000222,False,W-002682,1.0
W-000223,False,W-002683,0.9999998807907104
W-000224,False,W-001454,1.0
W-000225,False,W-002685,1.0
W-000226,False,W-001456,1.0
W-000227,False,W-001457,1.0
W-000228,False,W-001458,0.9999999403953552
W-000229,False,W-001459,1.0
W-000230,False,W-001460,1.0
W-000231,False,W-001461,0.9999999403953552
W-000232,False,W-001093,0.9957032203674316
W-000233,False,W-004403,0.9970390200614929
W-000234,False,W-002325,0.9956157803535461
W-000235,False,W-001096,0.9922859072685242
W-000236,False,W-001097,0.9963076114654541
W-000237,False,W-003189,0.9922372102737427
W-000238,False,W-002698,1.0
W-000239,False,W-002699,0.9999998807907104
W-000240,False,W-002700,1.0
W-000241,False,W-002701,1.0
W-000242,False,W-001472,1.0
W-000243,False,W-001473,1.0
W-000244,False,W-001474,0.9999997615814209
W-000245,False,W-003560,0.9977223873138428
W-000246,False,W-001476,1.0
W-000247,False,W-001477,0.9999998807907104
W-000248,False,W-001478,1.0
W-000249,False,W-004431,0.9957906007766724
W-000250,False,W-001111,0.9921872615814209
W-000251,False,W-004421,0.9970662593841553
W-000252,False,W-003204,0.9941805601119995
W-000253,False,W-002344,0.9950710535049438
W-000254,False,W-001976,0.994304895401001
W-000255,False,W-001485,0.9999998807907104
W-000256,False,W-002716,1.0
W-000257,False,W-001487,1.0
W-000258,False,W-002718,1.0
W-000259,False,W-001489,1.0
W-000260,False,W-001490,1.0
W-000261,False,W-001491,1.0
W-000262,False,W-004087,0.9966121912002563
W-000263,False,W-001493,0.9999998807907104
W-000264,False,W-001494,1.0
W-000265,False,W-001495,1.0
W-000266,False,W-002357,0.9942952990531921
W-000267,False,W-004437,0.9886208772659302
W-000268,False,W-003583,0.9967037439346313
W-000269,False,W-003584,0.9959213733673096
W-000270,False,W-001131,0.9965758323669434
W-000271,False,W-001132,0.9961833953857422
W-000272,False,W-001502,1.0
W-000273,False,W-002733,0.9999997615814209
W-000274,False,W-002734,1.0
W-000275,False,W-002735,1.0
W-000276,False,W-002736,0.9999998807907104
W-000277,False,W-001507,0.9999998807907104
W-000278,False,W-001508,1.0
W-000279,False,W-001509,1.0
W-000280,False,W-001510,1.0
W-000281,False,W-001511,1.0
W-000282,False,W-001512,1.0
W-000283,False,W-001144,0.9950227737426758
W-000284,False,W-001649,0.995977520942688
W-000285,False,W-001140,0.997833251953125
W-000286,False,W-001141,0.9948503971099854
W-000287,False,W-004106,0.9991452693939209
W-000288,False,W-001149,0.9943049550056458
W-000289,False,W-001519,1.0
W-000290,False,W-002750,0.9999998807907104
W-000291,False,W-001521,1.0
W-000292,False,W-001522,1.0
W-000293,False,W-001523,1.0
W-000294,False,W-001524,1.0
W-000295,False,W-001525,1.0
W-000296,False,W-001526,1.0
W-000297,False,W-001527,1.0
W-000298,False,W-004123,0.9969442486763
W-000299,False,W-004118,0.9996592402458191
W-000300,False,W-001161,0.996584415435791
W-000301,False,W-002392,0.9946205615997314
W-000302,False,W-001157,0.997024655342102
W-000303,False,W-001668,0.9965475797653198
W-000304,False,W-004984,0.9977412819862366
W-000305,False,W-002894,0.9993667602539062
W-000306,False,W-002766,0.9999999403953552
W-000307,False,W-001537,1.0
W-000308,False,W-002768,1.0
W-000309,False,W-001539,1.0
W-000310,False,W-002770,1.0
W-000311,False,W-001025,0.9983574151992798
W-000312,False,W-001542,1.0
W-000313,False,W-001543,0.9999997615814209
W-000314,False,W-001544,1.0
W-000315,False,W-001545,0.9999998807907104
W-000316,False,W-002407,0.9956555366516113
W-000317,False,W-001178,0.9944833517074585
W-000318,False,W-004131,0.9924349188804626
W-000319,False,W-004501,0.994716227054596
W-000320,False,W-005000,0.995103120803833
W-000321,False,W-002406,0.9978126287460327
W-000322,False,W-004504,0.9949822425842285
W-000323,False,W-001553,1.0
W-000324,False,W-001554,1.0
W-000325,False,W-002785,1.0
W-000326,False,W-002786,1.0
W-000327,False,W-001557,1.0
W-000328,False,W-001558,1.0
W-000329,False,W-001559,1.0
W-000330,False,W-001560,1.0
W-000331,False,W-001561,0.9999998807907104
W-000332,False,W-001562,1.0
W-000333,False,W-001563,1.0
W-000334,False,W-003286,0.9950697422027588
W-000335,False,W-001196,0.994116485118866
W-000336,False,W-002421,0.9951956272125244
W-000337,False,W-002428,0.9933692216873169
W-000338,False,W-004151,0.9944654107093811
W-000339,False,W-002934,0.9945681095123291
W-000340,False,W-001570,1.0
W-000341,False,W-001571,1.0
W-000342,False,W-002802,1.0
W-000343,False,W-002803,1.0
W-000344,False,W-002804,1.0
W-000345,False,W-001575,0.9999998211860657
W-000346,False,W-001576,1.0
W-000347,False,W-003668,0.9957306385040283
W-000348,False,W-001578,1.0
W-000349,False,W-001579,1.0
W-000350,False,W-001580,1.0
W-000351,False,W-003666,0.9973906874656677
W-000352,False,W-003655,0.998921275138855
W-000353,False,W-004166,0.9958369731903076
W-000354,False,W-003306,0.9955883026123047
W-000355,False,W-004180,0.9972625970840454
W-000356,False,W-004526,0.9960554838180542
W-000357,False,W-002817,1.0
W-000358,False,W-002818,1.0
W-000359,False,W-002819,1.0
W-000360,False,W-001590,0.9999997615814209
W-000361,False,W-001591,0.9999998807907104
W-000362,False,W-001592,0.9999998807907104
W-000363,False,W-002454,0.9913791418075562
W-000364,False,W-001594,1.0
W-000365,False,W-001595,0.9999997615814209
W-000366,False,W-001596,0.9999998807907104
W-000367,False,W-001597,0.9999998807907104
W-000368,False,W-003683,0.9956062436103821
W-000369,True,W-002601,0.9986720085144043
W-000370,False,W-000001,0.9933499097824097
W-000371,False,W-000002,0.994479238986969
W-000372,False,W-001227,0.9960095286369324
W-000373,False,W-004186,0.9946326613426208
W-000374,False,W-002834,0.9999999403953552
W-000375,False,W-001605,1.0
W-000376,False,W-002836,0.9999999403953552
W-000377,False,W-002837,1.0
W-000378,False,W-002838,0.9999999403953552
W-000379,False,W-001609,0.9999997615814209
W-000380,False,W-001610,0.9999998807907104
W-000381,False,W-001611,1.0
W-000382,False,W-001612,1.0
W-000383,False,W-001244,0.9934585690498352
W-000384,False,W-001614,1.0
W-000385,False,W-004210,0.996570348739624
W-000386,False,W-001241,0.9966683387756348
W-000387,False,W-000744,0.9992762207984924
W-000388,False,W-004201,0.9939121007919312
W-000389,False,W-003341,0.9933379888534546
W-000390,False,W-000021,0.9917834997177124
W-000391,False,W-002851,0.9999998807907104
W-000392,False,W-002852,0.9999998807907104
W-000393,False,W-001623,1.0
W-000394,False,W-001624,0.9999999403953552
W-000395,False,W-002855,1.0
W-000396,False,W-001626,1.0
W-000397,False,W-001627,1.0
W-000398,False,W-001628,1.0
W-000399,False,W-001629,0.9999998211860657
W-000400,False,W-001630,0.9999999403953552
W-000401,False,W-001631,1.0
W-000402,False,W-001263,0.9955774545669556
W-000403,False,W-001258,0.9954078793525696
W-000404,False,W-002495,0.9971358776092529
W-000405,False,W-001266,0.9950113296508789
W-000406,False,W-002491,0.9959155321121216
W-000407,False,W-004589,0.9944966435432434
W-000408,False,W-002868,0.9999997615814209
W-000409,False,W-002869,1.0
W-000410,False,W-002870,0.9999998807907104
W-000411,False,W-001641,0.9999998807907104
W-000412,False,W-002872,0.9999997615814209
W-000413,False,W-001643,0.9999998807907104
W-000414,False,W-001644,0.9999998807907104
W-000415,False,W-001645,0.9999999403953552
W-000416,False,W-001646,1.0
W-000417,False,W-001647,0.9999998211860657
W-000418,False,W-001648,1.0
W-000419,False,W-004601,0.9951348304748535
W-000420,False,W-001785,0.9887024760246277
W-000421,False,W-001282,0.9963041543960571
W-000422,False,W-003368,0.9990889430046082
W-000423,False,W-004236,0.996490478515625
W-000424,False,W-004606,0.9951587915420532
W-000425,False,W-001655,1.0
W-000426,False,W-001656,1.0
W-000427,False,W-001657,1.0
W-000428,False,W-001658,1.0
W-000429,False,W-001659,1.0
W-000430,False,W-003751,0.9940688014030457
W-000431,False,W-001661,1.0
W-000432,False,W-001662,0.9999997615814209
W-000433,False,W-003748,0.9954861402511597
W-000434,False,W-001664,1.0
W-000435,False,W-001296,0.992493748664856
W-000436,False,W-002527,0.9966634511947632
W-000437,False,W-003032,0.9955402612686157
W-000438,False,W-004608,0.9977445602416992
W-000439,False,W-004621,0.9922537803649902
W-000440,False,W-000071,0.9921602010726929
W-000441,False,W-000072,0.9956030249595642
W-000442,False,W-002902,0.9999999403953552
W-000443,False,W-001673,1.0
W-000444,False,W-002904,0.9999998807907104
W-000445,False,W-002905,1.0
W-000446,False,W-002906,0.9999999403953552
W-000447,False,W-002538,0.9955563545227051
W-000448,False,W-001678,0.9999997615814209
W-000449,False,W-001679,0.9999999403953552
W-000450,False,W-001680,1.0
W-000451,False,W-001681,0.9999997615814209
W-000452,False,W-001682,1.0
W-000453,False,W-002544,0.9962356090545654
W-000454,False,W-004636,0.9926589727401733
W-000455,False,W-004625,0.9964113235473633
W-000456,False,W-000087,0.9967116117477417
W-000457,False,W-003772,0.9949513673782349
W-000458,False,W-004271,0.9951669573783875
W-000459,False,W-002919,0.9999998807907104
W-000460,False,W-001690,1.0
W-000461,False,W-002921,1.0
W-000462,False,W-002922,0.9999999403953552
W-000463,False,W-001693,0.9999998807907104
W-000464,False,W-001694,0.9999998807907104
W-000465,False,W-001695,1.0
W-000466,False,W-001696,1.0
W-000467,False,W-001697,1.0
W-000468,False,W-001698,1.0
W-000469,False,W-001699,1.0
W-000470,False,W-001331,0.9934121966362
W-000471,False,W-000102,0.9916539788246155
W-000472,False,W-004654,0.9933580160140991
W-000473,False,W-003788,0.9962659478187561
W-000474,False,W-001329,0.9978163242340088
W-000475,False,W-000106,0.9952753782272339
W-000476,False,W-002936,1.0
W-000477,False,W-001707,1.0
W-000478,False,W-002938,1.0
W-000479,False,W-001709,1.0
W-000480,False,W-001710,1.0
W-000481,False,W-001711,0.9999997019767761
W-000482,False,W-003803,0.9951382875442505
W-000483,False,W-001713,1.0
W-000484,False,W-001714,0.9999997615814209
W-000485,False,W-001715,1.0
W-000486,False,W-001716,1.0
W-000487,False,W-001348,0.9960960149765015
W-000488,False,W-004301,0.9942878484725952
W-000489,False,W-001854,0.9975991249084473
W-000490,False,W-002575,0.9940493106842041
W-000491,False,W-002576,0.9962016344070435
W-000492,False,W-004311,0.9989814758300781
W-000493,False,W-002953,1.0
W-000494,False,W-002954,0.9999998211860657
W-000495,False,W-001725,1.0
W-000496,False,W-001726,1.0
W-000497,False,W-001727,1.0
W-000498,False,W-001728,0.9999998807907104
W-000499,False,W-001729,1.0
W-000500,False,W-001730,1.0
W-000501,False,W-001731,1.0
W-000502,False,W-001732,1.0
W-000503,False,W-001733,0.9999996423721313
W-000504,False,W-004323,0.999484658241272
W-000505,False,W-002596,0.9930508136749268
W-000506,False,W-000137,0.9965015649795532
W-000507,False,W-001362,0.99468994140625
W-000508,False,W-003103,0.9980385899543762
W-000509,False,W-002594,0.9952182769775391
W-000510,False,W-001740,1.0
W-000511,False,W-001741,1.0
W-000512,False,W-002972,1.0
W-000513,False,W-002973,1.0
W-000514,False,W-002974,1.0
W-000515,False,W-001745,1.0
W-000516,False,W-001746,1.0
W-000517,False,W-001747,1.0
W-000518,False,W-001748,0.9999998807907104
W-000519,False,W-001749,0.9999999403953552
W-000520,False,W-001750,1.0
W-000521,False,W-001382,0.9941627979278564
W-000522,False,W-002613,0.9913803339004517
W-000523,False,W-004336,0.9960891604423523
W-000524,False,W-002246,0.9921975135803223
W-000525,False,W-002610,0.9971640110015869
W-000526,False,W-000157,0.9964293837547302
W-000527,False,W-001757,1.0
W-000528,False,W-001758,0.9999998211860657
W-000529,False,W-002989,1.0
W-000530,False,W-002990,1.0
W-000531,False,W-001761,1.0
W-000532,False,W-001762,1.0
W-000533,False,W-001763,1.0
W-000534,False,W-001764,1.0
W-000535,False,W-001765,1.0
W-000536,False,W-001766,1.0
W-000537,False,W-001767,1.0
W-000538,False,W-001399,0.9957551956176758
W-000539,False,W-000182,0.9992265701293945
W-000540,False,W-000171,0.995292067527771
W-000541,False,W-000172,0.9944380521774292
W-000542,False,W-000173,0.9948709011077881
W-000543,False,W-004356,0.9925606846809387
W-000544,False,W-003004,1.0
W-000545,False,W-001775,1.0
W-000546,False,W-003006,1.0
W-000547,False,W-003007,0.9999998807907104
W-000548,False,W-001778,1.0
W-000549,False,W-001779,0.9999998807907104
W-000550,False,W-001780,1.0
W-000551,False,W-001781,1.0
W-000552,False,W-001782,1.0
W-000553,False,W-001783,1.0
W-000554,False,W-001784,1.0
W-000555,False,W-002640,0.9968715906143188
W-000556,False,W-002641,0.9964193105697632
W-000557,False,W-003860,0.9988306760787964
W-000558,False,W-004371,0.9949969053268433
W-000559,False,W-001414,0.996242880821228
W-000560,False,W-000191,0.9936925172805786
W-000561,False,W-001791,1.0
W-000562,False,W-001792,1.0
W-000563,False,W-001793,1.0
W-000564,False,W-001794,1.0
W-000565,False,W-001795,1.0
W-000566,False,W-001796,0.9999998211860657
W-000567,False,W-001797,1.0
W-000568,False,W-001798,0.9999997615814209
W-000569,False,W-001799,1.0
W-000570,False,W-001800,0.9999998807907104
W-000571,False,W-001801,1.0
W-000572,False,W-001433,0.9944700598716736
W-000573,False,W-001428,0.9946191310882568
W-000574,False,W-004036,0.9991297721862793
W-000575,False,W-001436,0.9921307563781738
W-000576,False,W-002667,0.9962316751480103
W-000577,False,W-003529,0.993349552154541
W-000578,False,W-003038,1.0
W-000579,False,W-001809,0.9999998807907104
W-000580,False,W-001810,1.0
W-000581,False,W-003041,1.0
W-000582,False,W-003042,1.0
W-000583,False,W-001813,0.9999998211860657
W-000584,False,W-003899,0.9943945407867432
W-000585,False,W-001815,1.0
W-000586,False,W-001816,1.0
W-000587,False,W-001817,0.9999998807907104
W-000588,False,W-001818,1.0
W-000589,False,W-003541,0.9945335388183594
W-000590,False,W-003185,0.9969323873519897
W-000591,False,W-002676,0.9967378377914429
W-000592,False,W-000949,0.9994093179702759
W-000593,False,W-004406,0.9952053427696228
W-000594,False,W-004776,0.9932378530502319
W-000595,False,W-003055,1.0
W-000596,False,W-001826,1.0
W-000597,False,W-001827,1.0
W-000598,False,W-003058,1.0
W-000599,False,W-003059,1.0
W-000600,False,W-001830,1.0
W-000601,False,W-001831,0.9999998807907104
W-000602,False,W-001832,1.0
W-000603,False,W-001833,1.0
W-000604,False,W-001834,0.9999997615814209
W-000605,False,W-001835,0.9999998807907104
W-000606,False,W-001467,0.9968901872634888
W-000607,False,W-001462,0.9949029684066772
W-000608,False,W-003923,0.997888445854187
W-000609,False,W-003561,0.9960108995437622
W-000610,False,W-001471,0.995541512966156
W-000611,False,W-000242,0.9957388639450073
W-000612,False,W-003072,1.0
W-000613,False,W-003073,1.0
W-000614,False,W-001844,1.0
W-000615,False,W-001845,1.0
W-000616,False,W-001846,1.0
W-000617,False,W-001847,1.0
W-000618,False,W-001848,1.0
W-000619,False,W-001849,1.0
W-000620,False,W-003425,0.9934000372886658
W-000621,False,W-001851,0.9999999403953552
W-000622,False,W-004804,0.9948075413703918
W-000623,False,W-001484,0.9936953783035278
W-000624,False,W-004806,0.9923158288002014
W-000625,False,W-004795,0.9931716918945312
W-000626,False,W-000257,0.9947646856307983
W-000627,False,W-003573,0.9993513822555542
W-000628,False,W-004441,0.9959770441055298
W-000629,False,W-003089,1.0
W-000630,False,W-001860,0.9999999403953552
W-000631,False,W-003091,1.0
W-000632,False,W-001862,1.0
W-000633,False,W-003093,1.0
W-000634,False,W-001864,1.0
W-000635,False,W-001865,0.9999999403953552
W-000636,False,W-001866,1.0
W-000637,False,W-001867,1.0
W-000638,False,W-001868,1.0
W-000639,False,W-001869,1.0
W-000640,False,W-002731,0.993921160697937
W-000641,False,W-000272,0.9962877035140991
W-000642,False,W-003237,0.9976524710655212
W-000643,False,W-004813,0.9955704212188721
W-000644,False,W-002366,0.993618369102478
W-000645,False,W-001506,0.9930461645126343
W-000646,False,W-001876,0.9999997615814209
W-000647,False,W-003107,1.0
W-000648,False,W-001878,1.0
W-000649,False,W-003109,1.0
W-000650,False,W-003110,1.0
W-000651,False,W-001881,1.0
W-000652,False,W-001882,1.0
W-000653,False,W-001883,1.0
W-000654,False,W-001884,0.9999996423721313
W-000655,False,W-001885,0.9999997615814209
W-000656,False,W-001886,1.0
W-000657,False,W-002748,0.9965237975120544
W-000658,False,W-000289,0.9938668012619019
W-000659,False,W-003974,0.9959304928779602
W-000660,False,W-000291,0.9951572418212891
W-000661,False,W-004831,0.9973152279853821
W-000662,False,W-002747,0.9942508935928345
W-000663,False,W-001893,1.0
W-000664,False,W-001894,0.9999999403953552
W-000665,False,W-001895,1.0
W-000666,False,W-001896,1.0
W-000667,False,W-003127,1.0
W-000668,False,W-001898,1.0
W-000669,False,W-001899,1.0
W-000670,False,W-001900,0.9999998807907104
W-000671,False,W-001901,0.9999998807907104
W-000672,False,W-001902,1.0
W-000673,False,W-001903,1.0
W-000674,False,W-004856,0.995579719543457
W-000675,False,W-001536,0.9902908802032471
W-000676,False,W-000307,0.9955313801765442
W-000677,False,W-002399,0.991750955581665
W-000678,False,W-002763,0.998085618019104
W-000679,False,W-002764,0.9965994954109192
W-000680,False,W-003140,1.0
W-000681,False,W-003141,1.0
W-000682,False,W-001912,1.0
W-000683,False,W-003143,1.0
W-000684,False,W-001914,1.0
W-000685,False,W-001915,1.0
W-000686,False,W-001916,1.0
W-000687,False,W-001917,1.0
W-000688,False,W-001918,0.9999997615814209
W-000689,False,W-001919,1.0
W-000690,False,W-001920,1.0
W-000691,False,W-001552,0.9966539144515991
W-000692,False,W-000323,0.9949336647987366
W-000693,False,W-001548,0.9963475465774536
W-000694,False,W-004876,0.9933540225028992
W-000695,False,W-002780,0.9950776696205139
W-000696,False,W-001551,0.9953657984733582
W-000697,False,W-003157,0.9999998211860657
W-000698,False,W-001928,1.0
W-000699,False,W-001929,1.0
W-000700,False,W-001930,1.0
W-000701,False,W-001931,1.0
W-000702,False,W-001932,0.9999997615814209
W-000703,False,W-001933,0.9999997615814209
W-000704,False,W-001934,1.0
W-000705,False,W-001935,0.9999999403953552
W-000706,False,W-001936,0.9999998807907104
W-000707,True,W-000708,0.9920154809951782
W-000708,True,W-000707,0.9920154809951782
W-000709,False,W-003298,0.9993627071380615
W-000710,False,W-002801,0.996286153793335
W-000711,False,W-000342,0.9962952136993408
W-000712,False,W-002797,0.9962166547775269
W-000713,False,W-003308,0.9961844086647034
W-000714,False,W-003174,1.0
W-000715,False,W-001945,1.0
W-000716,False,W-001946,1.0
W-000717,False,W-003177,1.0
W-000718,False,W-003178,0.9999998807907104
W-000719,False,W-001949,1.0
W-000720,False,W-001950,0.9999998211860657
W-000721,False,W-002665,0.9990500211715698
W-000722,False,W-001952,1.0
W-000723,False,W-001953,0.9999998807907104
W-000724,False,W-001954,0.9999997615814209
W-000725,False,W-002810,0.9929863214492798
W-000726,False,W-000357,0.9918155670166016
W-000727,False,W-003679,0.9952993392944336
W-000728,False,W-004541,0.9943175315856934
W-000729,False,W-000360,0.9961687922477722
W-000730,False,W-004045,0.9952360391616821
W-000731,False,W-003191,1.0
W-000732,False,W-003192,1.0
W-000733,False,W-003193,0.9999998807907104
W-000734,False,W-003194,1.0
W-000735,False,W-001965,1.0
W-000736,False,W-001966,1.0
W-000737,False,W-001967,1.0
W-000738,False,W-001968,1.0
W-000739,False,W-001969,1.0
W-000740,False,W-001970,1.0
W-000741,False,W-001971,0.9999998807907104
W-000742,False,W-002833,0.9954191446304321
W-000743,False,W-004913,0.9958743453025818
W-000744,False,W-000387,0.9992762207984924
W-000745,False,W-001606,0.9910436868667603
W-000746,False,W-000377,0.9954832196235657
W-000747,False,W-003699,0.9939250946044922
W-000748,False,W-001978,0.9999998807907104
W-000749,False,W-003209,1.0
W-000750,False,W-001980,1.0
W-000751,False,W-001981,1.0
W-000752,False,W-001982,0.9999997615814209
W-000753,False,W-001983,1.0
W-000754,False,W-001984,1.0
W-000755,False,W-001985,1.0
W-000756,False,W-001986,0.9999999403953552
W-000757,False,W-001987,1.0
W-000758,False,W-001988,1.0
W-000759,False,W-004941,0.9963353872299194
W-000760,False,W-002845,0.9958800077438354
W-000761,False,W-002846,0.9974817037582397
W-000762,False,W-004065,0.9983277320861816
W-000763,False,W-001618,0.9954719543457031
W-000764,False,W-002486,0.994845986366272
W-000765,False,W-001995,1.0
W-000766,False,W-003226,1.0
W-000767,False,W-001997,0.9999998211860657
W-000768,False,W-001998,1.0
W-000769,False,W-001999,1.0
W-000770,False,W-002000,1.0
W-000771,False,W-002001,0.9999999403953552
W-000772,False,W-002002,0.9999998807907104
W-000773,False,W-002003,1.0
W-000774,False,W-002004,0.9999998807907104
W-000775,False,W-002005,0.9999997615814209
W-000776,False,W-001637,0.994870662689209
W-000777,False,W-004092,0.9929687976837158
W-000778,False,W-002863,0.9967702627182007
W-000779,False,W-003011,0.9985923171043396
W-000780,False,W-001641,0.9963167309761047
W-000781,False,W-000412,0.9960757493972778
W-000782,False,W-003242,1.0
W-000783,False,W-002013,1.0
W-000784,False,W-003244,0.9999997615814209
W-000785,False,W-002015,1.0
W-000786,False,W-002016,0.9999998807907104
W-000787,False,W-002017,1.0
W-000788,False,W-002018,0.9999998211860657
W-000789,False,W-002019,1.0
W-000790,False,W-002020,1.0
W-000791,False,W-002021,1.0
W-000792,False,W-002022,1.0
W-000793,False,W-002884,0.9953101873397827
W-000794,False,W-002879,0.9944103360176086
W-000795,False,W-000075,0.9975035786628723
W-000796,False,W-000427,0.9941933751106262
W-000797,False,W-001154,0.9995772838592529
W-000798,False,W-004611,0.9939852952957153
W-000799,False,W-003259,1.0
W-000800,False,W-002030,1.0
W-000801,False,W-003261,1.0
W-000802,False,W-003262,1.0
W-000803,False,W-002033,1.0
W-000804,False,W-002034,1.0
W-000805,False,W-002035,1.0
W-000806,False,W-002036,0.9999999403953552
W-000807,False,W-002037,0.9999997615814209
W-000808,False,W-002038,0.9999998807907104
W-000809,False,W-002039,1.0
W-000810,False,W-001671,0.9966608881950378
W-000811,False,W-001672,0.9941899180412292
W-000812,False,W-004127,0.997649073600769
W-000813,False,W-001668,0.9961098432540894
W-000814,False,W-000445,0.9964878559112549
W-000815,False,W-000446,0.9930529594421387
W-000816,False,W-003276,1.0
W-000817,False,W-003277,1.0
W-000818,False,W-003278,1.0
W-000819,False,W-002049,0.9999996423721313
W-000820,False,W-003280,1.0
W-000821,False,W-002051,0.9999998807907104
W-000822,False,W-002052,1.0
W-000823,False,W-002053,1.0
W-000824,False,W-002054,1.0
W-000825,False,W-002055,1.0
W-000826,False,W-002056,1.0
W-000827,False,W-001688,0.9937691688537598
W-000828,False,W-004641,0.9899308085441589
W-000829,False,W-003781,0.9963134527206421
W-000830,False,W-001691,0.9915295839309692
W-000831,False,W-004656,0.9970409274101257
W-000832,False,W-003778,0.9988885521888733
W-000833,False,W-002063,1.0
W-000834,False,W-003294,1.0
W-000835,False,W-003295,0.9999998807907104
W-000836,False,W-002066,1.0
W-000837,False,W-002067,1.0
W-000838,False,W-002068,1.0
W-000839,False,W-002069,1.0
W-000840,False,W-002070,1.0
W-000841,False,W-002071,1.0
W-000842,False,W-002072,1.0
W-000843,False,W-002073,1.0
W-000844,False,W-001705,0.99522864818573
W-000845,False,W-002936,0.99399334192276
W-000846,False,W-004671,0.996563196182251
W-000847,False,W-000478,0.9927792549133301
W-000848,False,W-004661,0.9948950409889221
W-000849,False,W-003801,0.9935755729675293
W-000850,False,W-003310,1.0
W-000851,False,W-003311,0.9999998807907104
W-000852,False,W-002082,1.0
W-000853,False,W-002083,1.0
W-000854,False,W-003314,1.0
W-000855,False,W-004176,0.995975136756897
W-000856,False,W-002086,1.0
W-000857,False,W-002087,0.9999999403953552
W-000858,False,W-002088,0.9999997615814209
W-000859,False,W-002089,0.9999998807907104
W-000860,False,W-002090,1.0
W-000861,False,W-002952,0.9972288608551025
W-000862,False,W-000493,0.9941766262054443
W-000863,False,W-002948,0.996302604675293
W-000864,False,W-002586,0.9942787885665894
W-000865,False,W-002950,0.9960272312164307
W-000866,False,W-000497,0.9966040849685669
W-000867,False,W-002097,0.9999997615814209
W-000868,False,W-002098,0.9999998807907104
W-000869,False,W-002099,1.0
W-000870,False,W-003330,1.0
W-000871,False,W-003331,1.0
W-000872,False,W-002102,0.9999998807907104
W-000873,False,W-002103,1.0
W-000874,False,W-002104,1.0
W-000875,False,W-002105,1.0
W-000876,False,W-002106,1.0
W-000877,False,W-002107,1.0
W-000878,False,W-002963,0.9945307970046997
W-000879,False,W-002601,0.9941898584365845
W-000880,False,W-000511,0.9934881925582886
W-000881,False,W-000512,0.9937741756439209
W-000882,False,W-002757,0.9960474967956543
W-000883,False,W-002968,0.9965983629226685
W-000884,False,W-002114,1.0
W-000885,False,W-002115,1.0
W-000886,False,W-003346,0.9999999403953552
W-000887,False,W-003347,0.9999998211860657
W-000888,False,W-003348,1.0
W-000889,False,W-002119,1.0
W-000890,False,W-002120,1.0
W-000891,False,W-002121,1.0
W-000892,False,W-002122,0.9999998807907104
W-000893,False,W-002123,0.9999996423721313
W-000894,False,W-002124,1.0
W-000895,False,W-004210,0.9962016344070435
W-000896,False,W-000527,0.996432363986969
W-000897,False,W-002982,0.9950028657913208
W-000898,False,W-004711,0.9926577806472778
W-000899,False,W-003851,0.9945127367973328
W-000900,False,W-002985,0.9948932528495789
W-000901,False,W-002131,1.0
W-000902,False,W-002132,0.9999999403953552
W-000903,False,W-002133,0.9999997615814209
W-000904,False,W-003364,0.9999998807907104
W-000905,False,W-003365,0.9999999403953552
W-000906,False,W-002997,0.9970302581787109
W-000907,False,W-002137,1.0
W-000908,False,W-002138,1.0
W-000909,False,W-002139,1.0
W-000910,False,W-002140,1.0
W-000911,False,W-002141,1.0
W-000912,False,W-001773,0.9957500696182251
W-000913,False,W-004738,0.994577944278717
W-000914,False,W-004733,0.999150812625885
W-000915,False,W-001776,0.9955735802650452
W-000916,False,W-000547,0.9960159063339233
W-000917,False,W-003869,0.9931584000587463
W-000918,False,W-003378,0.9999998807907104
W-000919,False,W-003379,1.0
W-000920,False,W-002150,1.0
W-000921,False,W-002151,0.9999998807907104
W-000922,False,W-002152,1.0
W-000923,False,W-002153,1.0
W-000924,False,W-002154,1.0
W-000925,False,W-002155,1.0
W-000926,False,W-002156,0.9999998807907104
W-000927,False,W-002157,0.9999998807907104
W-000928,False,W-002158,1.0
W-000929,False,W-003881,0.9946760535240173
W-000930,False,W-003015,0.9937224388122559
W-000931,False,W-000562,0.9957189559936523
W-000932,False,W-000563,0.9932556748390198
W-000933,False,W-004248,0.9964560270309448
W-000934,False,W-003886,0.9944831132888794
W-000935,False,W-003395,1.0
W-000936,False,W-002166,1.0
W-000937,False,W-002167,1.0
W-000938,False,W-003398,1.0
W-000939,False,W-003399,0.9999996423721313
W-000940,False,W-002170,1.0
W-000941,False,W-002171,1.0
W-000942,False,W-002172,1.0
W-000943,False,W-002173,1.0
W-000944,False,W-002174,1.0
W-000945,False,W-002175,0.9999997615814209
W-000946,False,W-003037,0.9957600235939026
W-000947,False,W-000578,0.994033694267273
W-000948,False,W-003753,0.9968275427818298
W-000949,False,W-000592,0.9994093179702759
W-000950,False,W-003041,0.9911797642707825
W-000951,False,W-000582,0.9946951866149902
W-000952,False,W-003412,1.0
W-000953,False,W-002183,1.0
W-000954,False,W-003414,1.0
W-000955,False,W-003415,0.9999998807907104
W-000956,False,W-003416,1.0
W-000957,False,W-002187,1.0
W-000958,False,W-002188,1.0
W-000959,False,W-002189,1.0
W-000960,False,W-002190,0.9999998807907104
W-000961,False,W-002191,1.0
W-000962,False,W-002192,1.0
W-000963,False,W-003054,0.9954996109008789
W-000964,False,W-002686,0.9936116933822632
W-000965,False,W-001820,0.9978232383728027
W-000966,False,W-004281,0.996583104133606
W-000967,False,W-004270,0.999143660068512
W-000968,False,W-004781,0.9943196773529053
W-000969,False,W-002199,1.0
W-000970,False,W-003430,1.0
W-000971,False,W-002201,0.9999998807907104
W-000972,False,W-002202,1.0
W-000973,False,W-002203,1.0
W-000974,False,W-002204,1.0
W-000975,False,W-002205,0.9999998807907104
W-000976,False,W-002206,0.9999997019767761
W-000977,False,W-002207,1.0
W-000978,False,W-002208,1.0
W-000979,False,W-002209,1.0
W-000980,False,W-003071,0.9925327897071838
W-000981,False,W-000612,0.9924105405807495
W-000982,False,W-004297,0.9961495995521545
W-000983,False,W-001838,0.996198296546936
W-000984,False,W-003216,0.9991729259490967
W-000985,False,W-003076,0.9947760701179504
W-000986,False,W-003446,1.0
W-000987,False,W-003447,1.0
W-000988,False,W-003448,0.9999998807907104
W-000989,False,W-003449,1.0
W-000990,False,W-003450,1.0
W-000991,False,W-002221,1.0
W-000992,False,W-002222,1.0
W-000993,False,W-002223,1.0
W-000994,False,W-002224,1.0
W-000995,False,W-002225,1.0
W-000996,False,W-002226,1.0
W-000997,False,W-001858,0.9959663152694702
W-000998,False,W-004811,0.9946778416633606
W-000999,False,W-001854,0.9965140223503113
W-001000,False,W-004825,0.995383620262146
W-001001,False,W-000632,0.9954776763916016
W-001002,False,W-000129,0.9991782903671265
W-001003,False,W-002233,1.0
W-001004,False,W-002234,0.9999999403953552
W-001005,False,W-003465,1.0
W-001006,False,W-003466,1.0
W-001007,False,W-002237,1.0
W-001008,False,W-001365,0.9991357326507568
W-001009,False,W-002239,1.0
W-001010,False,W-002240,1.0
W-001011,False,W-002241,1.0
W-001012,False,W-002242,0.9999998807907104
W-001013,False,W-002243,0.9999997615814209
W-001014,False,W-003966,0.9971534013748169
W-001015,False,W-001876,0.9933594465255737
W-001016,False,W-001877,0.9960498809814453
W-001017,False,W-001872,0.9953858852386475
W-001018,False,W-001873,0.9980803728103638
W-001019,False,W-003971,0.9952497482299805
W-001020,False,W-003480,1.0
W-001021,False,W-002251,1.0
W-001022,False,W-003482,0.9999997615814209
W-001023,False,W-003483,1.0
W-001024,False,W-003484,1.0
W-001025,False,W-002255,1.0
W-001026,False,W-002256,1.0
W-001027,False,W-002257,1.0
W-001028,False,W-002258,1.0
W-001029,False,W-002259,1.0
W-001030,False,W-000169,0.9951815605163574
W-001031,False,W-003122,0.996167778968811
W-001032,False,W-003123,0.9897376298904419
W-001033,False,W-000664,0.9951319694519043
W-001034,False,W-003986,0.9945461750030518
W-001035,False,W-003120,0.9964084625244141
W-001036,False,W-000667,0.9961252212524414
W-001037,False,W-003497,1.0
W-001038,False,W-003498,0.9999998807907104
W-001039,False,W-003499,1.0
W-001040,False,W-002270,1.0
W-001041,False,W-003501,0.9999998211860657
W-001042,False,W-002272,0.9999999403953552
W-001043,False,W-002273,1.0
W-001044,False,W-002274,0.9999998807907104
W-001045,False,W-002275,0.9999997615814209
W-001046,False,W-002276,0.9999998807907104
W-001047,False,W-002277,0.9999998807907104
W-001048,False,W-004363,0.9966322183609009
W-001049,False,W-003995,0.9994208216667175
W-001050,False,W-000681,0.9951298236846924
W-001051,False,W-000682,0.9948769807815552
W-001052,False,W-000683,0.9945541620254517
W-001053,False,W-003138,0.9944415092468262
W-001054,False,W-002284,1.0
W-001055,False,W-003515,0.9999999403953552
W-001056,False,W-003516,0.9999998211860657
W-001057,False,W-003517,0.9999998807907104
W-001058,False,W-002288,1.0
W-001059,False,W-002289,1.0
W-001060,False,W-002290,0.9999998807907104
W-001061,False,W-002291,1.0
W-001062,False,W-002292,1.0
W-001063,False,W-002293,1.0
W-001064,False,W-002294,1.0
W-001065,False,W-003150,0.9968713521957397
W-001066,False,W-000697,0.9944058656692505
W-001067,False,W-004019,0.9960025548934937
W-001068,False,W-004881,0.9953088760375977
W-001069,False,W-004384,0.9946048259735107
W-001070,False,W-000701,0.9934629797935486
W-001071,False,W-002301,1.0
W-001072,False,W-003532,0.9999999403953552
W-001073,False,W-002303,1.0
W-001074,False,W-002304,1.0
W-001075,False,W-003535,1.0
W-001076,False,W-002306,0.9999998807907104
W-001077,False,W-002307,1.0
W-001078,False,W-002308,1.0
W-001079,False,W-002309,0.9999998807907104
W-001080,False,W-002310,1.0
W-001081,False,W-002311,1.0
W-001082,False,W-004907,0.9954888820648193
W-001083,False,W-004398,0.9937501549720764
W-001084,False,W-002806,0.9970920085906982
W-001085,False,W-001946,0.9926048517227173
W-001086,False,W-000717,0.9960411787033081
W-001087,False,W-002809,0.9936530590057373
W-001088,False,W-002318,1.0
W-001089,False,W-002319,1.0
W-001090,False,W-002320,1.0
W-001091,False,W-002321,0.9999999403953552
W-001092,False,W-002322,1.0
W-001093,False,W-002323,0.9999999403953552
W-001094,False,W-002324,0.9999999403953552
W-001095,False,W-002325,1.0
W-001096,False,W-002326,0.9999997615814209
W-001097,False,W-002327,1.0
W-001098,False,W-002328,0.9999998807907104
W-001099,False,W-003184,0.9949071407318115
W-001100,False,W-001955,0.9967337846755981
W-001101,False,W-000732,0.9959553480148315
W-001102,False,W-000733,0.9933768510818481
W-001103,False,W-004916,0.994110107421875
W-001104,False,W-004056,0.9940261244773865
W-001105,False,W-002335,1.0
W-001106,False,W-002336,1.0
W-001107,False,W-002337,1.0
W-001108,False,W-002338,0.9999997615814209
W-001109,False,W-002339,1.0
W-001110,False,W-002340,0.9999999403953552
W-001111,False,W-002341,1.0
W-001112,False,W-002342,1.0
W-001113,False,W-002343,0.9999998211860657
W-001114,False,W-002344,0.9999998211860657
W-001115,False,W-002345,1.0
W-001116,False,W-001977,0.9973049163818359
W-001117,False,W-004942,0.992243766784668
W-001118,False,W-003713,0.9968945980072021
W-001119,False,W-004938,0.9988498091697693
W-001120,False,W-000751,0.9958665370941162
W-001121,False,W-000752,0.9959809184074402
W-001122,False,W-003582,0.9999996423721313
W-001123,False,W-002353,0.9999998211860657
W-001124,False,W-003584,1.0
W-001125,False,W-003585,0.9999997019767761
W-001126,False,W-003586,1.0
W-001127,False,W-002357,1.0
W-001128,False,W-002358,1.0
W-001129,False,W-002359,1.0
W-001130,False,W-002360,1.0
W-001131,False,W-002361,1.0
W-001132,False,W-002362,1.0
W-001133,False,W-003224,0.9941312074661255
W-001134,False,W-002856,0.9916696548461914
W-001135,False,W-001990,0.9959194660186768
W-001136,False,W-000767,0.9939556121826172
W-001137,False,W-002859,0.9961989521980286
W-001138,False,W-004951,0.9955440759658813
W-001139,False,W-003599,1.0
W-001140,False,W-003600,1.0
W-001141,False,W-003601,1.0
W-001142,False,W-002372,1.0
W-001143,False,W-003603,0.9999998807907104
W-001144,False,W-002374,0.9999997615814209
W-001145,False,W-002375,1.0
W-001146,False,W-002376,1.0
W-001147,False,W-002377,1.0
W-001148,False,W-002378,1.0
W-001149,False,W-004101,0.9945979118347168
W-001150,False,W-002011,0.9944099187850952
W-001151,False,W-000782,0.9950940608978271
W-001152,False,W-004467,0.9960851669311523
W-001153,False,W-004966,0.9937319755554199
W-001154,False,W-000797,0.9995772838592529
W-001155,False,W-002016,0.9923553466796875
W-001156,False,W-002386,0.9999998211860657
W-001157,False,W-002387,1.0
W-001158,False,W-002388,1.0
W-001159,False,W-002389,1.0
W-001160,False,W-002390,1.0
W-001161,False,W-003252,0.9976667165756226
W-001162,False,W-002392,1.0
W-001163,False,W-002393,0.9999998807907104
W-001164,False,W-002394,1.0
W-001165,False,W-002395,1.0
W-001166,False,W-002396,1.0
W-001167,False,W-003258,0.9962496757507324
W-001168,False,W-004981,0.993036150932312
W-001169,False,W-004121,0.9961575269699097
W-001170,False,W-003255,0.9962630271911621
W-001171,False,W-003256,0.9978088140487671
W-001172,False,W-004475,0.9989742040634155
W-001173,False,W-002403,1.0
W-001174,False,W-002404,1.0
W-001175,False,W-002405,1.0
W-001176,False,W-003636,1.0
W-001177,False,W-003637,0.9999998807907104
W-001178,False,W-002408,0.9999998211860657
W-001179,False,W-002409,1.0
W-001180,False,W-002410,1.0
W-001181,False,W-002411,1.0
W-001182,False,W-002412,1.0
W-001183,False,W-002413,1.0
W-001184,False,W-004136,0.994477391242981
W-001185,False,W-002046,0.9890941977500916
W-001186,False,W-000817,0.9960876107215881
W-001187,False,W-004502,0.9952501654624939
W-001188,False,W-004503,0.998141348361969
W-001189,False,W-004651,0.9986159801483154
W-001190,False,W-003650,0.9999999403953552
W-001191,False,W-003651,1.0
W-001192,False,W-003652,1.0
W-001193,False,W-003653,1.0
W-001194,False,W-003654,1.0
W-001195,False,W-002425,1.0
W-001196,False,W-002426,0.9999996423721313
W-001197,False,W-004512,0.9951874613761902
W-001198,False,W-002428,0.9999998807907104
W-001199,False,W-002429,1.0
W-001200,False,W-002430,1.0
W-001201,False,W-000328,0.9991719722747803
W-001202,False,W-000833,0.9948508739471436
W-001203,False,W-004155,0.9948863983154297
W-001204,False,W-004519,0.9918438196182251
W-001205,False,W-002570,0.9963911771774292
W-001206,False,W-004521,0.9949206113815308
W-001207,False,W-003667,1.0
W-001208,False,W-002438,1.0
W-001209,False,W-002439,1.0
W-001210,False,W-002440,0.9999997615814209
W-001211,False,W-003671,1.0
W-001212,False,W-002442,1.0
W-001213,False,W-002443,0.9999998807907104
W-001214,False,W-002444,0.9999998807907104
W-001215,False,W-002445,1.0
W-001216,False,W-002446,1.0
W-001217,False,W-002447,1.0
W-001218,False,W-002079,0.9959036111831665
W-001219,False,W-004171,0.9952499866485596
W-001220,False,W-000851,0.9963204860687256
W-001221,False,W-000852,0.9959392547607422
W-001222,False,W-003307,0.9973983764648438
W-001223,False,W-004538,0.9950389266014099
W-001224,False,W-003684,0.9999998807907104
W-001225,False,W-003685,1.0
W-001226,False,W-002456,1.0
W-001227,False,W-002457,1.0
W-001228,False,W-002458,1.0
W-001229,False,W-002459,0.9999998807907104
W-001230,False,W-002460,1.0
W-001231,False,W-000001,1.0
W-001232,False,W-000002,1.0
W-001233,False,W-000003,0.9999999403953552
W-001234,False,W-000004,1.0
W-001235,False,W-000005,1.0
W-001236,False,W-000006,0.9999998807907104
W-001237,False,W-000007,0.9999999403953552
W-001238,False,W-000008,0.9999996423721313
W-001239,False,W-000009,1.0
W-001240,False,W-003331,0.9941614270210266
W-001241,False,W-003701,0.9999999403953552
W-001242,False,W-002472,1.0
W-001243,False,W-003703,1.0
W-001244,False,W-002474,1.0
W-001245,False,W-002475,1.0
W-001246,False,W-002476,1.0
W-001247,False,W-000017,1.0
W-001248,False,W-000018,1.0
W-001249,False,W-000019,1.0
W-001250,False,W-000020,1.0
W-001251,False,W-002481,1.0
W-001252,False,W-000022,1.0
W-001253,False,W-000023,1.0
W-001254,False,W-000024,0.9999999403953552
W-001255,False,W-000025,0.9999999403953552
W-001256,False,W-000026,1.0
W-001257,False,W-000027,1.0
W-001258,False,W-003718,1.0
W-001259,False,W-003719,1.0
W-001260,False,W-002490,0.9999997615814209
W-001261,False,W-003721,0.9999998807907104
W-001262,False,W-002492,1.0
W-001263,False,W-002493,0.9999998211860657
W-001264,False,W-000034,0.9999998211860657
W-001265,False,W-000035,1.0
W-001266,False,W-000036,0.9999997615814209
W-001267,False,W-000037,1.0
W-001268,False,W-000038,1.0
W-001269,False,W-000039,1.0
W-001270,False,W-002125,0.9958815574645996
W-001271,False,W-000041,0.9999998807907104
W-001272,False,W-000042,1.0
W-001273,False,W-000043,1.0
W-001274,False,W-000044,1.0
W-001275,False,W-003735,1.0
W-001276,False,W-003736,1.0
W-001277,False,W-003737,0.9999999403953552
W-001278,False,W-003738,0.9999998807907104
W-001279,False,W-003739,1.0
W-001280,False,W-002510,1.0
W-001281,False,W-000051,1.0
W-001282,False,W-000052,1.0
W-001283,False,W-000053,1.0
W-001284,False,W-000054,0.9999997615814209
W-001285,False,W-002515,0.9999998807907104
W-001286,False,W-000056,1.0
W-001287,False,W-000057,1.0
W-001288,False,W-000058,1.0
W-001289,False,W-000059,1.0
W-001290,False,W-000060,1.0
W-001291,False,W-000061,1.0
W-001292,False,W-003752,1.0
W-001293,False,W-002523,0.9999998807907104
W-001294,False,W-003754,1.0
W-001295,False,W-003755,1.0
W-001296,False,W-003756,1.0
W-001297,False,W-002527,0.9999999403953552
W-001298,False,W-000068,0.9999999403953552
W-001299,False,W-000069,1.0
W-001300,False,W-000070,1.0
W-001301,False,W-000071,0.9999998807907104
W-001302,False,W-000072,1.0
W-001303,False,W-000073,1.0
W-001304,False,W-000074,1.0
W-001305,False,W-000075,0.9999998807907104
W-001306,False,W-000937,0.9946383237838745
W-001307,False,W-000077,0.9999999403953552
W-001308,False,W-000078,1.0
W-001309,False,W-003769,1.0
W-001310,False,W-002540,1.0
W-001311,False,W-002541,0.9999998807907104
W-001312,False,W-002542,1.0
W-001313,False,W-003773,1.0
W-001314,False,W-002544,1.0
W-001315,False,W-000085,1.0
W-001316,False,W-000086,0.9999999403953552
W-001317,False,W-000087,0.9999998807907104
W-001318,False,W-000088,1.0
W-001319,False,W-000089,0.9999999403953552
W-001320,False,W-000090,1.0
W-001321,False,W-000091,1.0
W-001322,False,W-000092,0.9999998211860657
W-001323,False,W-000093,1.0
W-001324,False,W-000094,1.0
W-001325,False,W-000095,1.0
W-001326,False,W-003786,1.0
W-001327,False,W-003787,1.0
W-001328,False,W-002558,1.0
W-001329,False,W-002559,0.9999998807907104
W-001330,False,W-003790,1.0
W-001331,False,W-002561,1.0
W-001332,False,W-000102,1.0
W-001333,False,W-000103,1.0
W-001334,False,W-000104,0.9999997615814209
W-001335,False,W-000105,1.0
W-001336,False,W-000106,1.0
W-001337,False,W-000107,0.9999997019767761
W-001338,False,W-000108,1.0
W-001339,False,W-000109,0.9999998807907104
W-001340,False,W-000110,0.9999998807907104
W-001341,False,W-000111,1.0
W-001342,False,W-000112,0.9999998807907104
W-001343,False,W-003803,1.0
W-001344,False,W-003804,1.0
W-001345,False,W-002575,0.9999998807907104
W-001346,False,W-003806,1.0
W-001347,False,W-003807,1.0
W-001348,False,W-002578,1.0
W-001349,False,W-000119,1.0
W-001350,False,W-000120,1.0
W-001351,False,W-000121,1.0
W-001352,False,W-000122,1.0
W-001353,False,W-000123,0.9999998211860657
W-001354,False,W-004306,0.9956018924713135
W-001355,False,W-000986,0.994282603263855
W-001356,False,W-003441,0.9953938722610474
W-001357,False,W-000127,1.0
W-001358,False,W-000128,1.0
W-001359,False,W-000129,1.0
W-001360,False,W-002590,1.0
W-001361,False,W-003821,0.9999997615814209
W-001362,False,W-003822,1.0
W-001363,False,W-003823,1.0
W-001364,False,W-002594,1.0
W-001365,False,W-002595,1.0
W-001366,False,W-000136,1.0
W-001367,False,W-000137,1.0
W-001368,False,W-000138,1.0
W-001369,False,W-000139,0.9999998807907104
W-001370,False,W-000140,0.9999997615814209
W-001371,False,W-000141,1.0
W-001372,False,W-000142,1.0
W-001373,False,W-000143,1.0
W-001374,False,W-000144,1.0
W-001375,False,W-000145,1.0
W-001376,False,W-000146,1.0
W-001377,False,W-003837,1.0
W-001378,False,W-003838,0.9999998211860657
W-001379,False,W-002609,1.0
W-001380,False,W-003840,1.0
W-001381,False,W-003841,1.0
W-001382,False,W-002612,0.9999996423721313
W-001383,False,W-000153,1.0
W-001384,False,W-000154,0.9999998807907104
W-001385,False,W-000155,1.0
W-001386,False,W-000156,0.9999998807907104
W-001387,False,W-002617,1.0
W-001388,False,W-000158,1.0
W-001389,False,W-000159,0.9999999403953552
W-001390,False,W-000160,0.9999998807907104
W-001391,False,W-001022,0.9945237040519714
W-001392,False,W-000162,1.0
W-001393,False,W-000163,1.0
W-001394,False,W-002624,0.9999998211860657
W-001395,False,W-003855,1.0
W-001396,False,W-003856,0.9999998807907104
W-001397,False,W-002627,1.0
W-001398,False,W-003858,1.0
W-001399,False,W-002629,1.0
W-001400,False,W-000170,1.0
W-001401,False,W-000171,1.0
W-001402,False,W-000172,1.0
W-001403,False,W-002633,1.0
W-001404,False,W-000174,1.0
W-001405,False,W-000175,0.9999998807907104
W-001406,False,W-000176,1.0
W-001407,False,W-000177,0.9999997019767761
W-001408,False,W-000178,1.0
W-001409,False,W-003494,0.993270993232727
W-001410,False,W-004005,0.9953934550285339
W-001411,False,W-002641,1.0
W-001412,False,W-003872,1.0
W-001413,False,W-002643,1.0
W-001414,False,W-003874,1.0
W-001415,False,W-002645,1.0
W-001416,False,W-002646,0.9999999403953552
W-001417,False,W-000187,1.0
W-001418,False,W-000188,1.0
W-001419,False,W-000189,0.9999997615814209
W-001420,False,W-000190,1.0
W-001421,False,W-000191,1.0
W-001422,False,W-003513,0.9961780905723572
W-001423,False,W-000193,0.9999998807907104
W-001424,False,W-000194,0.9999999403953552
W-001425,False,W-000195,1.0
W-001426,False,W-000196,1.0
W-001427,False,W-000197,1.0
W-001428,False,W-002658,1.0
W-001429,False,W-002659,1.0
W-001430,False,W-002660,1.0
W-001431,False,W-002661,1.0
W-001432,False,W-003892,0.9999998807907104
W-001433,False,W-002663,1.0
W-001434,False,W-002664,1.0
W-001435,False,W-000205,1.0
W-001436,False,W-002666,0.9999997615814209
W-001437,False,W-002667,0.9999998211860657
W-001438,False,W-002668,1.0
W-001439,False,W-000209,0.9999998807907104
W-001440,False,W-000210,0.9999998211860657
W-001441,False,W-000211,0.9999997615814209
W-001442,False,W-000212,1.0
W-001443,False,W-000213,1.0
W-001444,False,W-000214,1.0
W-001445,False,W-002675,0.9999997615814209
W-001446,False,W-003906,1.0
W-001447,False,W-003907,1.0
W-001448,False,W-002678,1.0
W-001449,False,W-002679,1.0
W-001450,False,W-002680,1.0
W-001451,False,W-002681,0.9999998807907104
W-001452,False,W-002682,1.0
W-001453,False,W-000223,0.9999998807907104
W-001454,False,W-000224,1.0
W-001455,False,W-000225,1.0
W-001456,False,W-000226,1.0
W-001457,False,W-000227,1.0
W-001458,False,W-000228,0.9999999403953552
W-001459,False,W-000229,1.0
W-001460,False,W-000230,1.0
W-001461,False,W-000231,0.9999999403953552
W-001462,False,W-002692,1.0
W-001463,False,W-002693,1.0
W-001464,False,W-002694,1.0
W-001465,False,W-003925,1.0
W-001466,False,W-002696,1.0
W-001467,False,W-002697,1.0
W-001468,False,W-000238,1.0
W-001469,False,W-000239,0.9999998807907104
W-001470,False,W-002700,1.0
W-001471,False,W-000241,1.0
W-001472,False,W-000242,1.0
W-001473,False,W-000243,1.0
W-001474,False,W-000244,0.9999997615814209
W-001475,False,W-002330,0.9977223873138428
W-001476,False,W-000246,1.0
W-001477,False,W-000247,0.9999998807907104
W-001478,False,W-000248,1.0
W-001479,False,W-003939,1.0
W-001480,False,W-003940,1.0
W-001481,False,W-003941,1.0
W-001482,False,W-002712,0.9999998807907104
W-001483,False,W-003943,1.0
W-001484,False,W-000623,0.9936953783035278
W-001485,False,W-000255,0.9999998807907104
W-001486,False,W-000256,1.0
W-001487,False,W-000257,1.0
W-001488,False,W-002718,1.0
W-001489,False,W-000259,1.0
W-001490,False,W-000260,1.0
W-001491,False,W-000261,1.0
W-001492,False,W-002857,0.9966121912002563
W-001493,False,W-000263,0.9999998807907104
W-001494,False,W-000264,1.0
W-001495,False,W-000265,1.0
W-001496,False,W-002726,1.0
W-001497,False,W-002727,1.0
W-001498,False,W-002728,1.0
W-001499,False,W-003959,1.0
W-001500,False,W-002730,0.9999999403953552
W-001501,False,W-002731,0.9999997615814209
W-001502,False,W-000272,1.0
W-001503,False,W-000273,0.9999997615814209
W-001504,False,W-002734,1.0
W-001505,False,W-002735,1.0
W-001506,False,W-000276,0.9999998807907104
W-001507,False,W-000277,0.9999998807907104
W-001508,False,W-000278,1.0
W-001509,False,W-000279,1.0
W-001510,False,W-000280,1.0
W-001511,False,W-000281,1.0
W-001512,False,W-000282,1.0
W-001513,False,W-002743,1.0
W-001514,False,W-002744,1.0
W-001515,False,W-002745,1.0
W-001516,False,W-003976,0.9999998807907104
W-001517,False,W-002747,0.9999999403953552
W-001518,False,W-002748,1.0
W-001519,False,W-000289,1.0
W-001520,False,W-000290,0.9999998807907104
W-001521,False,W-000291,1.0
W-001522,False,W-000292,1.0
W-001523,False,W-000293,1.0
W-001524,False,W-000294,1.0
W-001525,False,W-000295,1.0
W-001526,False,W-000296,1.0
W-001527,False,W-000297,1.0
W-001528,False,W-002893,0.9969442486763
W-001529,False,W-004118,0.9996592402458191
W-001530,False,W-003990,1.0
W-001531,False,W-002761,1.0
W-001532,False,W-003992,1.0
W-001533,False,W-002763,1.0
W-001534,False,W-003994,1.0
W-001535,False,W-002765,1.0
W-001536,False,W-000306,0.9999999403953552
W-001537,False,W-000307,1.0
W-001538,False,W-000308,1.0
W-001539,False,W-000309,1.0
W-001540,False,W-000310,1.0
W-001541,False,W-001025,0.9983574151992798
W-001542,False,W-000312,1.0
W-001543,False,W-000313,0.9999997615814209
W-001544,False,W-000314,1.0
W-001545,False,W-000315,0.9999998807907104
W-001546,False,W-001177,0.9956555366516113
W-001547,False,W-002777,1.0
W-001548,False,W-002778,0.9999997615814209
W-001549,False,W-004009,1.0
W-001550,False,W-004010,1.0
W-001551,False,W-004011,0.9999999403953552
W-001552,False,W-002782,0.9999997615814209
W-001553,False,W-000323,1.0
W-001554,False,W-000324,1.0
W-001555,False,W-002785,1.0
W-001556,False,W-000326,1.0
W-001557,False,W-000327,1.0
W-001558,False,W-000328,1.0
W-001559,False,W-000329,1.0
W-001560,False,W-000330,1.0
W-001561,False,W-000331,0.9999998807907104
W-001562,False,W-000332,1.0
W-001563,False,W-000333,1.0
W-001564,False,W-002794,0.9999998807907104
W-001565,False,W-002795,1.0
W-001566,False,W-002796,1.0
W-001567,False,W-002797,1.0
W-001568,False,W-004028,1.0
W-001569,False,W-002799,1.0
W-001570,False,W-000340,1.0
W-001571,False,W-000341,1.0
W-001572,False,W-000342,1.0
W-001573,False,W-000343,1.0
W-001574,False,W-002804,1.0
W-001575,False,W-000345,0.9999998211860657
W-001576,False,W-000346,1.0
W-001577,False,W-001208,0.9957306385040283
W-001578,False,W-000348,1.0
W-001579,False,W-000349,1.0
W-001580,False,W-000350,1.0
W-001581,False,W-004041,0.9999997615814209
W-001582,False,W-002812,1.0
W-001583,False,W-002813,1.0
W-001584,False,W-004044,1.0
W-001585,False,W-002815,0.9999996423721313
W-001586,False,W-002816,1.0
W-001587,False,W-000357,1.0
W-001588,False,W-002818,1.0
W-001589,False,W-000359,1.0
W-001590,False,W-000360,0.9999997615814209
W-001591,False,W-000361,0.9999998807907104
W-001592,False,W-000362,0.9999998807907104
W-001593,False,W-001224,0.9913791418075562
W-001594,False,W-000364,1.0
W-001595,False,W-000365,0.9999997615814209
W-001596,False,W-000366,0.9999998807907104
W-001597,False,W-000367,0.9999998807907104
W-001598,False,W-002828,1.0
W-001599,False,W-002829,0.9999997615814209
W-001600,False,W-002830,0.9999998807907104
W-001601,False,W-002831,1.0
W-001602,False,W-002832,1.0
W-001603,False,W-002833,0.9999998807907104
W-001604,False,W-000374,0.9999999403953552
W-001605,False,W-000375,1.0
W-001606,False,W-002836,0.9999999403953552
W-001607,False,W-002837,1.0
W-001608,False,W-002838,0.9999999403953552
W-001609,False,W-000379,0.9999997615814209
W-001610,False,W-000380,0.9999998807907104
W-001611,False,W-000381,1.0
W-001612,False,W-000382,1.0
W-001613,False,W-001244,0.9934585094451904
W-001614,False,W-000384,1.0
W-001615,False,W-004075,1.0
W-001616,False,W-004076,1.0
W-001617,False,W-002847,1.0
W-001618,False,W-002848,0.9999995231628418
W-001619,False,W-002849,1.0
W-001620,False,W-002850,1.0
W-001621,False,W-000391,0.9999998807907104
W-001622,False,W-000392,0.9999998807907104
W-001623,False,W-000393,1.0
W-001624,False,W-000394,0.9999999403953552
W-001625,False,W-000395,1.0
W-001626,False,W-000396,1.0
W-001627,False,W-000397,1.0
W-001628,False,W-000398,1.0
W-001629,False,W-000399,0.9999998211860657
W-001630,False,W-000400,0.9999999403953552
W-001631,False,W-000401,1.0
W-001632,False,W-004092,1.0
W-001633,False,W-002863,0.9999997019767761
W-001634,False,W-004094,1.0
W-001635,False,W-002865,0.9999998807907104
W-001636,False,W-004096,1.0
W-001637,False,W-002867,1.0
W-001638,False,W-000408,0.9999997615814209
W-001639,False,W-000409,1.0
W-001640,False,W-002870,0.9999998807907104
W-001641,False,W-000411,0.9999998807907104
W-001642,False,W-002872,0.9999997615814209
W-001643,False,W-000413,0.9999998807907104
W-001644,False,W-000414,0.9999998807907104
W-001645,False,W-000415,0.9999999403953552
W-001646,False,W-000416,1.0
W-001647,False,W-000417,0.9999998211860657
W-001648,False,W-000418,1.0
W-001649,False,W-004109,0.9999999403953552
W-001650,False,W-002880,0.9999998807907104
W-001651,False,W-004111,0.9999998807907104
W-001652,False,W-004112,1.0
W-001653,False,W-002883,0.9999997615814209
W-001654,False,W-002884,1.0
W-001655,False,W-000425,1.0
W-001656,False,W-000426,1.0
W-001657,False,W-000427,1.0
W-001658,False,W-000428,1.0
W-001659,False,W-000429,1.0
W-001660,False,W-002521,0.9940687417984009
W-001661,False,W-000431,1.0
W-001662,False,W-000432,0.9999997615814209
W-001663,False,W-003748,0.9954860806465149
W-001664,False,W-000434,1.0
W-001665,False,W-001296,0.992493748664856
W-001666,False,W-004126,1.0
W-001667,False,W-004127,1.0
W-001668,False,W-002898,1.0
W-001669,False,W-004129,1.0
W-001670,False,W-002900,1.0
W-001671,False,W-002901,0.9999996423721313
W-001672,False,W-000442,0.9999999403953552
W-001673,False,W-000443,1.0
W-001674,False,W-002904,0.9999998807907104
W-001675,False,W-002905,1.0
W-001676,False,W-002906,0.9999999403953552
W-001677,False,W-002538,0.9955563545227051
W-001678,False,W-000448,0.9999997615814209
W-001679,False,W-000449,0.9999999403953552
W-001680,False,W-000450,1.0
W-001681,False,W-000451,0.9999997615814209
W-001682,False,W-000452,1.0
W-001683,False,W-002913,1.0
W-001684,False,W-004144,0.9999998807907104
W-001685,False,W-002915,1.0
W-001686,False,W-004146,0.9999997019767761
W-001687,False,W-004147,1.0
W-001688,False,W-002918,1.0
W-001689,False,W-000459,0.9999998807907104
W-001690,False,W-000460,1.0
W-001691,False,W-000461,1.0
W-001692,False,W-000462,0.9999999403953552
W-001693,False,W-000463,0.9999998807907104
W-001694,False,W-000464,0.9999998807907104
W-001695,False,W-000465,1.0
W-001696,False,W-000466,1.0
W-001697,False,W-000467,1.0
W-001698,False,W-000468,1.0
W-001699,False,W-000469,1.0
W-001700,False,W-002930,1.0
W-001701,False,W-004161,1.0
W-001702,False,W-002932,1.0
W-001703,False,W-004163,0.9999999403953552
W-001704,False,W-004164,1.0
W-001705,False,W-002935,0.9999997615814209
W-001706,False,W-000476,1.0
W-001707,False,W-000477,1.0
W-001708,False,W-000478,1.0
W-001709,False,W-000479,1.0
W-001710,False,W-000480,1.0
W-001711,False,W-000481,0.9999997019767761
W-001712,False,W-001343,0.9951382875442505
W-001713,False,W-000483,1.0
W-001714,False,W-000484,0.9999997615814209
W-001715,False,W-000485,1.0
W-001716,False,W-000486,1.0
W-001717,False,W-002947,0.9999998807907104
W-001718,False,W-004178,0.9999997615814209
W-001719,False,W-002949,1.0
W-001720,False,W-004180,1.0
W-001721,False,W-004181,1.0
W-001722,False,W-002952,0.9999999403953552
W-001723,False,W-000493,1.0
W-001724,False,W-000494,0.9999998211860657
W-001725,False,W-000495,1.0
W-001726,False,W-000496,1.0
W-001727,False,W-000497,1.0
W-001728,False,W-000498,0.9999998807907104
W-001729,False,W-000499,1.0
W-001730,False,W-000500,1.0
W-001731,False,W-000501,1.0
W-001732,False,W-000502,1.0
W-001733,False,W-000503,0.9999996423721313
W-001734,False,W-004194,1.0
W-001735,False,W-002965,1.0
W-001736,False,W-004196,1.0
W-001737,False,W-004197,1.0
W-001738,False,W-004198,1.0
W-001739,False,W-002969,1.0
W-001740,False,W-000510,1.0
W-001741,False,W-000511,1.0
W-001742,False,W-000512,1.0
W-001743,False,W-000513,1.0
W-001744,False,W-002974,1.0
W-001745,False,W-000515,1.0
W-001746,False,W-000516,1.0
W-001747,False,W-000517,1.0
W-001748,False,W-000518,0.9999998807907104
W-001749,False,W-000519,0.9999999403953552
W-001750,False,W-000520,1.0
W-001751,False,W-002981,1.0
W-001752,False,W-002982,1.0
W-001753,False,W-004213,1.0
W-001754,False,W-002984,1.0
W-001755,False,W-002985,1.0
W-001756,False,W-002986,0.9999998807907104
W-001757,False,W-000527,1.0
W-001758,False,W-000528,0.9999998211860657
W-001759,False,W-000529,1.0
W-001760,False,W-000530,1.0
W-001761,False,W-000531,1.0
W-001762,False,W-000532,1.0
W-001763,False,W-000533,1.0
W-001764,False,W-000534,1.0
W-001765,False,W-000535,1.0
W-001766,False,W-000536,1.0
W-001767,False,W-000537,1.0
W-001768,False,W-004228,0.9999998807907104
W-001769,False,W-002999,1.0
W-001770,False,W-003000,1.0
W-001771,False,W-003001,1.0
W-001772,False,W-004232,1.0
W-001773,False,W-003003,0.9999999403953552
W-001774,False,W-003004,1.0
W-001775,False,W-000545,1.0
W-001776,False,W-000546,1.0
W-001777,False,W-003007,0.9999998807907104
W-001778,False,W-000548,1.0
W-001779,False,W-000549,0.9999998807907104
W-001780,False,W-000550,1.0
W-001781,False,W-000551,1.0
W-001782,False,W-000552,1.0
W-001783,False,W-000553,1.0
W-001784,False,W-000554,1.0
W-001785,False,W-003015,0.9999998807907104
W-001786,False,W-004246,1.0
W-001787,False,W-003017,1.0
W-001788,False,W-004248,1.0
W-001789,False,W-003019,1.0
W-001790,False,W-003020,1.0
W-001791,False,W-000561,1.0
W-001792,False,W-000562,1.0
W-001793,False,W-000563,1.0
W-001794,False,W-000564,1.0
W-001795,False,W-000565,1.0
W-001796,False,W-000566,0.9999998211860657
W-001797,False,W-000567,1.0
W-001798,False,W-000568,0.9999997615814209
W-001799,False,W-000569,1.0
W-001800,False,W-000570,0.9999998807907104
W-001801,False,W-000571,1.0
W-001802,False,W-004262,1.0
W-001803,False,W-004263,1.0
W-001804,False,W-003034,1.0
W-001805,False,W-004265,1.0
W-001806,False,W-003036,0.9999998211860657
W-001807,False,W-003037,0.9999999403953552
W-001808,False,W-000578,1.0
W-001809,False,W-000579,0.9999998807907104
W-001810,False,W-000580,1.0
W-001811,False,W-003041,1.0
W-001812,False,W-000582,1.0
W-001813,False,W-000583,0.9999998211860657
W-001814,False,W-003899,0.9943945407867432
W-001815,False,W-000585,1.0
W-001816,False,W-000586,1.0
W-001817,False,W-000587,0.9999998807907104
W-001818,False,W-000588,1.0
W-001819,False,W-004279,1.0
W-001820,False,W-003050,1.0
W-001821,False,W-003051,1.0
W-001822,False,W-003052,1.0
W-001823,False,W-004283,1.0
W-001824,False,W-003054,1.0
W-001825,False,W-000595,1.0
W-001826,False,W-000596,1.0
W-001827,False,W-000597,1.0
W-001828,False,W-000598,1.0
W-001829,False,W-000599,1.0
W-001830,False,W-000600,1.0
W-001831,False,W-000601,0.9999998807907104
W-001832,False,W-000602,1.0
W-001833,False,W-000603,1.0
W-001834,False,W-000604,0.9999997615814209
W-001835,False,W-000605,0.9999998807907104
W-001836,False,W-003066,1.0
W-001837,False,W-004297,0.9999997615814209
W-001838,False,W-003068,1.0
W-001839,False,W-003069,1.0
W-001840,False,W-004300,1.0
W-001841,False,W-003071,1.0
W-001842,False,W-000612,1.0
W-001843,False,W-000613,1.0
W-001844,False,W-000614,1.0
W-001845,False,W-000615,1.0
W-001846,False,W-000616,1.0
W-001847,False,W-000617,1.0
W-001848,False,W-000618,1.0
W-001849,False,W-000619,1.0
W-001850,False,W-004655,0.9934000372886658
W-001851,False,W-000621,0.9999999403953552
W-001852,False,W-004804,0.994807779788971
W-001853,False,W-003083,0.9999998211860657
W-001854,False,W-004314,1.0
W-001855,False,W-003085,1.0
W-001856,False,W-004316,1.0
W-001857,False,W-004317,0.9999998807907104
W-001858,False,W-000997,0.9959663152694702
W-001859,False,W-000629,1.0
W-001860,False,W-000630,0.9999999403953552
W-001861,False,W-003091,1.0
W-001862,False,W-000632,1.0
W-001863,False,W-000633,1.0
W-001864,False,W-000634,1.0
W-001865,False,W-000635,0.9999999403953552
W-001866,False,W-000636,1.0
W-001867,False,W-000637,1.0
W-001868,False,W-000638,1.0
W-001869,False,W-000639,1.0
W-001870,False,W-004330,1.0
W-001871,False,W-004331,1.0
W-001872,False,W-004332,1.0
W-001873,False,W-003103,1.0
W-001874,False,W-003104,1.0
W-001875,False,W-003105,1.0
W-001876,False,W-000646,0.9999997615814209
W-001877,False,W-000647,1.0
W-001878,False,W-000648,1.0
W-001879,False,W-000649,1.0
W-001880,False,W-000650,1.0
W-001881,False,W-000651,1.0
W-001882,False,W-000652,1.0
W-001883,False,W-000653,1.0
W-001884,False,W-000654,0.9999996423721313
W-001885,False,W-000655,0.9999997615814209
W-001886,False,W-000656,1.0
W-001887,False,W-004347,1.0
W-001888,False,W-003118,0.9999998807907104
W-001889,False,W-003119,1.0
W-001890,False,W-003120,1.0
W-001891,False,W-004351,1.0
W-001892,False,W-001031,0.996167778968811
W-001893,False,W-000663,1.0
W-001894,False,W-003124,1.0
W-001895,False,W-000665,1.0
W-001896,False,W-000666,1.0
W-001897,False,W-003127,1.0
W-001898,False,W-000668,1.0
W-001899,False,W-000669,1.0
W-001900,False,W-000670,0.9999998807907104
W-001901,False,W-000671,0.9999998807907104
W-001902,False,W-000672,1.0
W-001903,False,W-000673,1.0
W-001904,False,W-004364,1.0
W-001905,False,W-004365,1.0
W-001906,False,W-003136,1.0
W-001907,False,W-004367,1.0
W-001908,False,W-003138,1.0
W-001909,False,W-003139,1.0
W-001910,False,W-000680,1.0
W-001911,False,W-000681,1.0
W-001912,False,W-000682,1.0
W-001913,False,W-000683,1.0
W-001914,False,W-000684,1.0
W-001915,False,W-000685,1.0
W-001916,False,W-000686,1.0
W-001917,False,W-000687,1.0
W-001918,False,W-000688,0.9999997615814209
W-001919,False,W-000689,1.0
W-001920,False,W-000690,1.0
W-001921,False,W-004381,1.0
W-001922,False,W-004382,1.0
W-001923,False,W-003153,1.0
W-001924,False,W-003154,1.0
W-001925,False,W-003155,1.0
W-001926,False,W-003156,1.0
W-001927,False,W-000697,0.9999998211860657
W-001928,False,W-000698,1.0
W-001929,False,W-000699,1.0
W-001930,False,W-000700,1.0
W-001931,False,W-000701,1.0
W-001932,False,W-000702,0.9999997615814209
W-001933,False,W-000703,0.9999997615814209
W-001934,False,W-000704,1.0
W-001935,False,W-000705,0.9999999403953552
W-001936,False,W-000706,0.9999998807907104
W-001937,True,W-001938,0.9221112132072449
W-001938,True,W-001937,0.9221112132072449
W-001939,False,W-004399,1.0
W-001940,False,W-004400,1.0
W-001941,False,W-004401,1.0
W-001942,False,W-004402,0.9999997615814209
W-001943,False,W-004034,0.9944983720779419
W-001944,False,W-000714,1.0
W-001945,False,W-000715,1.0
W-001946,False,W-000716,1.0
W-001947,False,W-003177,1.0
W-001948,False,W-000718,0.9999998807907104
W-001949,False,W-000719,1.0
W-001950,False,W-000720,0.9999998211860657
W-001951,False,W-001435,0.9990500211715698
W-001952,False,W-000722,1.0
W-001953,False,W-000723,0.9999998807907104
W-001954,False,W-000724,0.9999997615814209
W-001955,False,W-003185,1.0
W-001956,False,W-004416,1.0
W-001957,False,W-003187,0.9999998807907104
W-001958,False,W-003188,1.0
W-001959,False,W-004419,0.9999998807907104
W-001960,False,W-003190,1.0
W-001961,False,W-000731,1.0
W-001962,False,W-000732,1.0
W-001963,False,W-000733,0.9999998807907104
W-001964,False,W-000734,1.0
W-001965,False,W-000735,1.0
W-001966,False,W-000736,1.0
W-001967,False,W-000737,1.0
W-001968,False,W-000738,1.0
W-001969,False,W-000739,1.0
W-001970,False,W-000740,1.0
W-001971,False,W-000741,0.9999998807907104
W-001972,False,W-003202,1.0
W-001973,False,W-003203,1.0
W-001974,False,W-003204,1.0
W-001975,False,W-003205,0.9999998807907104
W-001976,False,W-003206,1.0
W-001977,False,W-003207,1.0
W-001978,False,W-000748,0.9999998807907104
W-001979,False,W-000749,1.0
W-001980,False,W-000750,1.0
W-001981,False,W-000751,1.0
W-001982,False,W-000752,0.9999997615814209
W-001983,False,W-000753,1.0
W-001984,False,W-000754,1.0
W-001985,False,W-000755,1.0
W-001986,False,W-000756,0.9999999403953552
W-001987,False,W-000757,1.0
W-001988,False,W-000758,1.0
W-001989,False,W-004449,1.0
W-001990,False,W-004450,1.0
W-001991,False,W-003221,1.0
W-001992,False,W-004452,1.0
W-001993,False,W-004453,1.0
W-001994,False,W-003224,1.0
W-001995,False,W-000765,1.0
W-001996,False,W-000766,1.0
W-001997,False,W-000767,0.9999998211860657
W-001998,False,W-000768,1.0
W-001999,False,W-000769,1.0
W-002000,False,W-000770,1.0
W-002001,False,W-000771,0.9999999403953552
W-002002,False,W-000772,0.9999998807907104
W-002003,False,W-000773,1.0
W-002004,False,W-000774,0.9999998807907104
W-002005,False,W-000775,0.9999997615814209
W-002006,False,W-004466,1.0
W-002007,False,W-004467,1.0
W-002008,False,W-003238,1.0
W-002009,False,W-004469,1.0
W-002010,False,W-004470,1.0
W-002011,False,W-003241,1.0
W-002012,False,W-003242,1.0
W-002013,False,W-000783,1.0
W-002014,False,W-000784,0.9999997615814209
W-002015,False,W-000785,1.0
W-002016,False,W-000786,0.9999998807907104
W-002017,False,W-000787,1.0
W-002018,False,W-000788,0.9999998211860657
W-002019,False,W-000789,1.0
W-002020,False,W-000790,1.0
W-002021,False,W-000791,1.0
W-002022,False,W-000792,1.0
W-002023,False,W-003253,0.9999997615814209
W-002024,False,W-003254,1.0
W-002025,False,W-004485,1.0
W-002026,False,W-004486,1.0
W-002027,False,W-004487,0.9999998211860657
W-002028,False,W-003258,1.0
W-002029,False,W-000799,1.0
W-002030,False,W-000800,1.0
W-002031,False,W-000801,1.0
W-002032,False,W-003262,1.0
W-002033,False,W-000803,1.0
W-002034,False,W-000804,1.0
W-002035,False,W-000805,1.0
W-002036,False,W-000806,0.9999999403953552
W-002037,False,W-000807,0.9999997615814209
W-002038,False,W-000808,0.9999998807907104
W-002039,False,W-000809,1.0
W-002040,False,W-003270,1.0
W-002041,False,W-003271,0.9999998807907104
W-002042,False,W-003272,1.0
W-002043,False,W-004503,1.0
W-002044,False,W-004504,1.0
W-002045,False,W-003275,1.0
W-002046,False,W-003276,1.0
W-002047,False,W-000817,1.0
W-002048,False,W-000818,1.0
W-002049,False,W-000819,0.9999996423721313
W-002050,False,W-000820,1.0
W-002051,False,W-000821,0.9999998807907104
W-002052,False,W-000822,1.0
W-002053,False,W-000823,1.0
W-002054,False,W-000824,1.0
W-002055,False,W-000825,1.0
W-002056,False,W-000826,1.0
W-002057,False,W-004517,1.0
W-002058,False,W-003288,0.9999996423721313
W-002059,False,W-004519,1.0
W-002060,False,W-003290,1.0
W-002061,False,W-004521,0.9999997615814209
W-002062,False,W-003292,1.0
W-002063,False,W-000833,1.0
W-002064,False,W-000834,1.0
W-002065,False,W-000835,0.9999998807907104
W-002066,False,W-000836,1.0
W-002067,False,W-000837,1.0
W-002068,False,W-000838,1.0
W-002069,False,W-000839,1.0
W-002070,False,W-000840,1.0
W-002071,False,W-000841,1.0
W-002072,False,W-000842,1.0
W-002073,False,W-000843,1.0
W-002074,False,W-004534,1.0
W-002075,False,W-003305,0.9999997615814209
W-002076,False,W-004536,1.0
W-002077,False,W-004537,1.0
W-002078,False,W-003308,1.0
W-002079,False,W-003309,1.0
W-002080,False,W-000850,1.0
W-002081,False,W-000851,0.9999998807907104
W-002082,False,W-000852,1.0
W-002083,False,W-000853,1.0
W-002084,False,W-000854,1.0
W-002085,False,W-004176,0.9959750771522522
W-002086,False,W-000856,1.0
W-002087,False,W-000857,0.9999999403953552
W-002088,False,W-000858,0.9999997615814209
W-002089,False,W-000859,0.9999998807907104
W-002090,False,W-000860,1.0
W-002091,False,W-003321,1.0
W-002092,False,W-004552,1.0
W-002093,False,W-004553,1.0
W-002094,False,W-004554,1.0
W-002095,False,W-003325,1.0
W-002096,False,W-003326,1.0
W-002097,False,W-000867,0.9999997615814209
W-002098,False,W-000868,0.9999998807907104
W-002099,False,W-000869,1.0
W-002100,False,W-000870,1.0
W-002101,False,W-000871,1.0
W-002102,False,W-000872,0.9999998807907104
W-002103,False,W-000873,1.0
W-002104,False,W-000874,1.0
W-002105,False,W-000875,1.0
W-002106,False,W-000876,1.0
W-002107,False,W-000877,1.0
W-002108,False,W-003338,1.0
W-002109,False,W-003339,1.0
W-002110,False,W-004570,0.9999998807907104
W-002111,False,W-003341,1.0
W-002112,False,W-004572,0.9999998807907104
W-002113,False,W-003343,1.0
W-002114,False,W-000884,1.0
W-002115,False,W-000885,1.0
W-002116,False,W-000886,0.9999999403953552
W-002117,False,W-000887,0.9999998211860657
W-002118,False,W-003348,1.0
W-002119,False,W-000889,1.0
W-002120,False,W-000890,1.0
W-002121,False,W-000891,1.0
W-002122,False,W-000892,0.9999998807907104
W-002123,False,W-000893,0.9999996423721313
W-002124,False,W-000894,1.0
W-002125,False,W-004585,1.0
W-002126,False,W-003356,0.9999998211860657
W-002127,False,W-003357,1.0
W-002128,False,W-003358,0.9999998807907104
W-002129,False,W-003359,1.0
W-002130,False,W-003360,1.0
W-002131,False,W-000901,1.0
W-002132,False,W-000902,0.9999999403953552
W-002133,False,W-000903,0.9999997615814209
W-002134,False,W-000904,0.9999998807907104
W-002135,False,W-000905,0.9999999403953552
W-002136,False,W-004227,0.9970302581787109
W-002137,False,W-000907,1.0
W-002138,False,W-000908,1.0
W-002139,False,W-000909,1.0
W-002140,False,W-000910,1.0
W-002141,False,W-000911,1.0
W-002142,False,W-004602,0.9999996423721313
W-002143,False,W-003373,1.0
W-002144,False,W-004604,1.0
W-002145,False,W-004605,1.0
W-002146,False,W-004606,1.0
W-002147,False,W-003377,1.0
W-002148,False,W-003378,0.9999998807907104
W-002149,False,W-000919,1.0
W-002150,False,W-000920,1.0
W-002151,False,W-000921,0.9999998807907104
W-002152,False,W-000922,1.0
W-002153,False,W-000923,1.0
W-002154,False,W-000924,1.0
W-002155,False,W-000925,1.0
W-002156,False,W-000926,0.9999998807907104
W-002157,False,W-000927,0.9999998807907104
W-002158,False,W-000928,1.0
W-002159,False,W-004619,1.0
W-002160,False,W-004620,1.0
W-002161,False,W-004621,1.0
W-002162,False,W-004622,1.0
W-002163,False,W-003393,1.0
W-002164,False,W-003394,1.0
W-002165,False,W-000935,1.0
W-002166,False,W-000936,1.0
W-002167,False,W-000937,1.0
W-002168,False,W-000938,1.0
W-002169,False,W-000939,0.9999996423721313
W-002170,False,W-000940,1.0
W-002171,False,W-000941,1.0
W-002172,False,W-000942,1.0
W-002173,False,W-000943,1.0
W-002174,False,W-000944,1.0
W-002175,False,W-000945,0.9999997615814209
W-002176,False,W-003406,1.0
W-002177,False,W-004637,1.0
W-002178,False,W-004638,1.0
W-002179,False,W-004639,1.0
W-002180,False,W-003410,1.0
W-002181,False,W-003411,0.9999997615814209
W-002182,False,W-000952,1.0
W-002183,False,W-000953,1.0
W-002184,False,W-000954,1.0
W-002185,False,W-003415,0.9999998807907104
W-002186,False,W-003416,1.0
W-002187,False,W-000957,1.0
W-002188,False,W-000958,1.0
W-002189,False,W-000959,1.0
W-002190,False,W-000960,0.9999998807907104
W-002191,False,W-000961,1.0
W-002192,False,W-000962,1.0
W-002193,False,W-003423,1.0
W-002194,False,W-003424,1.0
W-002195,False,W-003425,1.0
W-002196,False,W-004656,1.0
W-002197,False,W-003427,1.0
W-002198,False,W-004289,0.9934170246124268
W-002199,False,W-000969,1.0
W-002200,False,W-000970,1.0
W-002201,False,W-000971,0.9999998807907104
W-002202,False,W-000972,1.0
W-002203,False,W-000973,1.0
W-002204,False,W-000974,1.0
W-002205,False,W-000975,0.9999998807907104
W-002206,False,W-000976,0.9999997019767761
W-002207,False,W-000977,1.0
W-002208,False,W-000978,1.0
W-002209,False,W-000979,1.0
W-002210,False,W-004670,1.0
W-002211,False,W-004671,1.0
W-002212,False,W-003442,1.0
W-002213,False,W-003443,1.0
W-002214,False,W-003444,0.9999998211860657
W-002215,False,W-003445,1.0
W-002216,False,W-000986,1.0
W-002217,False,W-000987,1.0
W-002218,False,W-000988,0.9999998807907104
W-002219,False,W-000989,1.0
W-002220,False,W-003450,1.0
W-002221,False,W-000991,1.0
W-002222,False,W-000992,1.0
W-002223,False,W-000993,1.0
W-002224,False,W-000994,1.0
W-002225,False,W-000995,1.0
W-002226,False,W-000996,1.0
W-002227,False,W-004687,1.0
W-002228,False,W-004688,1.0
W-002229,False,W-004689,1.0
W-002230,False,W-004690,1.0
W-002231,False,W-003461,1.0
W-002232,False,W-003462,0.9999997615814209
W-002233,False,W-001003,1.0
W-002234,False,W-001004,0.9999999403953552
W-002235,False,W-003465,1.0
W-002236,False,W-001006,1.0
W-002237,False,W-001007,1.0
W-002238,False,W-001365,0.9991357326507568
W-002239,False,W-001009,1.0
W-002240,False,W-001010,1.0
W-002241,False,W-001011,1.0
W-002242,False,W-001012,0.9999998807907104
W-002243,False,W-001013,0.9999997615814209
W-002244,False,W-003474,1.0
W-002245,False,W-003475,1.0
W-002246,False,W-004706,0.9999999403953552
W-002247,False,W-004707,1.0
W-002248,False,W-004708,1.0
W-002249,False,W-003479,1.0
W-002250,False,W-003480,1.0
W-002251,False,W-001021,1.0
W-002252,False,W-003482,0.9999997615814209
W-002253,False,W-003483,1.0
W-002254,False,W-001024,1.0
W-002255,False,W-001025,1.0
W-002256,False,W-001026,1.0
W-002257,False,W-001027,1.0
W-002258,False,W-001028,1.0
W-002259,False,W-001029,1.0
W-002260,False,W-000169,0.9951815605163574
W-002261,False,W-003491,1.0
W-002262,False,W-004722,0.9999998807907104
W-002263,False,W-003493,1.0
W-002264,False,W-003494,1.0
W-002265,False,W-003495,1.0
W-002266,False,W-003496,1.0
W-002267,False,W-001037,1.0
W-002268,False,W-003498,0.9999998807907104
W-002269,False,W-001039,1.0
W-002270,False,W-001040,1.0
W-002271,False,W-003501,0.9999998211860657
W-002272,False,W-001042,0.9999999403953552
W-002273,False,W-001043,1.0
W-002274,False,W-001044,0.9999998807907104
W-002275,False,W-001045,0.9999997615814209
W-002276,False,W-001046,0.9999998807907104
W-002277,False,W-001047,0.9999998807907104
W-002278,False,W-003508,1.0
W-002279,False,W-003509,1.0
W-002280,False,W-004740,0.9999998807907104
W-002281,False,W-003511,0.9999998807907104
W-002282,False,W-003512,0.9999999403953552
W-002283,False,W-003513,0.9999998807907104
W-002284,False,W-001054,1.0
W-002285,False,W-003515,0.9999999403953552
W-002286,False,W-003516,0.9999998211860657
W-002287,False,W-001057,0.9999998807907104
W-002288,False,W-001058,1.0
W-002289,False,W-001059,1.0
W-002290,False,W-001060,0.9999998807907104
W-002291,False,W-001061,1.0
W-002292,False,W-001062,1.0
W-002293,False,W-001063,1.0
W-002294,False,W-001064,1.0
W-002295,False,W-003525,1.0
W-002296,False,W-003526,1.0
W-002297,False,W-004757,1.0
W-002298,False,W-004758,1.0
W-002299,False,W-004759,1.0
W-002300,False,W-003530,0.9999996423721313
W-002301,False,W-001071,1.0
W-002302,False,W-001072,0.9999999403953552
W-002303,False,W-001073,1.0
W-002304,False,W-001074,1.0
W-002305,False,W-001075,1.0
W-002306,False,W-001076,0.9999998807907104
W-002307,False,W-001077,1.0
W-002308,False,W-001078,1.0
W-002309,False,W-001079,0.9999998807907104
W-002310,False,W-001080,1.0
W-002311,False,W-001081,1.0
W-002312,False,W-003542,1.0
W-002313,False,W-004773,1.0
W-002314,False,W-003544,1.0
W-002315,False,W-003545,1.0
W-002316,False,W-003546,1.0
W-002317,False,W-003547,0.9999998807907104
W-002318,False,W-001088,1.0
W-002319,False,W-001089,1.0
W-002320,False,W-001090,1.0
W-002321,False,W-001091,0.9999999403953552
W-002322,False,W-001092,1.0
W-002323,False,W-001093,0.9999999403953552
W-002324,False,W-001094,0.9999999403953552
W-002325,False,W-001095,1.0
W-002326,False,W-001096,0.9999997615814209
W-002327,False,W-001097,1.0
W-002328,False,W-001098,0.9999998807907104
W-002329,False,W-003559,0.9999999403953552
W-002330,False,W-004790,1.0
W-002331,False,W-003561,1.0
W-002332,False,W-004792,1.0
W-002333,False,W-004793,1.0
W-002334,False,W-003564,1.0
W-002335,False,W-001105,1.0
W-002336,False,W-001106,1.0
W-002337,False,W-001107,1.0
W-002338,False,W-001108,0.9999997615814209
W-002339,False,W-001109,1.0
W-002340,False,W-001110,0.9999999403953552
W-002341,False,W-001111,1.0
W-002342,False,W-001112,1.0
W-002343,False,W-001113,0.9999998211860657
W-002344,False,W-001114,0.9999998211860657
W-002345,False,W-001115,1.0
W-002346,False,W-004806,1.0
W-002347,False,W-004807,1.0
W-002348,False,W-003578,1.0
W-002349,False,W-004809,1.0
W-002350,False,W-004810,1.0
W-002351,False,W-004442,0.9948519468307495
W-002352,False,W-001122,0.9999996423721313
W-002353,False,W-001123,0.9999998211860657
W-002354,False,W-001124,1.0
W-002355,False,W-003585,0.9999997019767761
W-002356,False,W-001126,1.0
W-002357,False,W-001127,1.0
W-002358,False,W-001128,1.0
W-002359,False,W-001129,1.0
W-002360,False,W-001130,1.0
W-002361,False,W-001131,1.0
W-002362,False,W-001132,1.0
W-002363,False,W-004823,1.0
W-002364,False,W-004824,1.0
W-002365,False,W-003595,1.0
W-002366,False,W-003596,0.9999998807907104
W-002367,False,W-004827,1.0
W-002368,False,W-003598,0.9999999403953552
W-002369,False,W-001139,1.0
W-002370,False,W-001140,1.0
W-002371,False,W-001141,1.0
W-002372,False,W-001142,1.0
W-002373,False,W-001143,0.9999998807907104
W-002374,False,W-001144,0.9999997615814209
W-002375,False,W-001145,1.0
W-002376,False,W-001146,1.0
W-002377,False,W-001147,1.0
W-002378,False,W-001148,1.0
W-002379,False,W-004101,0.9945979118347168
W-002380,False,W-004840,0.9999998211860657
W-002381,False,W-004841,0.9999999403953552
W-002382,False,W-003612,1.0
W-002383,False,W-004843,1.0
W-002384,False,W-004844,1.0
W-002385,False,W-003615,1.0
W-002386,False,W-001156,0.9999998211860657
W-002387,False,W-001157,1.0
W-002388,False,W-001158,1.0
W-002389,False,W-001159,1.0
W-002390,False,W-001160,1.0
W-002391,False,W-004482,0.9976667165756226
W-002392,False,W-001162,1.0
W-002393,False,W-001163,0.9999998807907104
W-002394,False,W-001164,1.0
W-002395,False,W-001165,1.0
W-002396,False,W-001166,1.0
W-002397,False,W-003627,1.0
W-002398,False,W-004858,1.0
W-002399,False,W-003629,1.0
W-002400,False,W-004860,1.0
W-002401,False,W-004861,0.9999998807907104
W-002402,False,W-003632,0.9999998211860657
W-002403,False,W-001173,1.0
W-002404,False,W-001174,1.0
W-002405,False,W-001175,1.0
W-002406,False,W-003636,1.0
W-002407,False,W-001177,0.9999998807907104
W-002408,False,W-001178,0.9999998211860657
W-002409,False,W-001179,1.0
W-002410,False,W-001180,1.0
W-002411,False,W-001181,1.0
W-002412,False,W-001182,1.0
W-002413,False,W-001183,1.0
W-002414,False,W-003644,1.0
W-002415,False,W-004875,1.0
W-002416,False,W-003646,1.0
W-002417,False,W-004877,1.0
W-002418,False,W-003648,1.0
W-002419,False,W-000838,0.9951095581054688
W-002420,False,W-001190,0.9999999403953552
W-002421,False,W-003651,1.0
W-002422,False,W-001192,1.0
W-002423,False,W-001193,1.0
W-002424,False,W-001194,1.0
W-002425,False,W-001195,1.0
W-002426,False,W-001196,0.9999996423721313
W-002427,False,W-003282,0.9951874613761902
W-002428,False,W-001198,0.9999998807907104
W-002429,False,W-001199,1.0
W-002430,False,W-001200,1.0
W-002431,False,W-003661,0.9999998807907104
W-002432,False,W-004892,0.9999999403953552
W-002433,False,W-003663,1.0
W-002434,False,W-003664,0.9999998807907104
W-002435,False,W-003665,1.0
W-002436,False,W-003666,1.0
W-002437,False,W-003667,1.0
W-002438,False,W-001208,1.0
W-002439,False,W-001209,1.0
W-002440,False,W-001210,0.9999997615814209
W-002441,False,W-001211,1.0
W-002442,False,W-001212,1.0
W-002443,False,W-001213,0.9999998807907104
W-002444,False,W-001214,0.9999998807907104
W-002445,False,W-001215,1.0
W-002446,False,W-001216,1.0
W-002447,False,W-001217,1.0
W-002448,False,W-003678,1.0
W-002449,False,W-004909,1.0
W-002450,False,W-004910,1.0
W-002451,False,W-004911,1.0
W-002452,False,W-004912,0.9999998807907104
W-002453,False,W-003683,1.0
W-002454,False,W-003684,0.9999998807907104
W-002455,False,W-003685,1.0
W-002456,False,W-001226,1.0
W-002457,False,W-001227,1.0
W-002458,False,W-001228,1.0
W-002459,False,W-001229,0.9999998807907104
W-002460,False,W-001230,1.0
W-002461,False,W-000001,1.0
W-002462,False,W-000002,1.0
W-002463,False,W-000003,0.9999999403953552
W-002464,False,W-000004,1.0
W-002465,False,W-004925,1.0
W-002466,False,W-003696,1.0
W-002467,False,W-003697,1.0
W-002468,False,W-004928,1.0
W-002469,False,W-004929,1.0
W-002470,False,W-003700,1.0
W-002471,False,W-001241,0.9999999403953552
W-002472,False,W-001242,1.0
W-002473,False,W-001243,1.0
W-002474,False,W-001244,1.0
W-002475,False,W-001245,1.0
W-002476,False,W-001246,1.0
W-002477,False,W-000017,1.0
W-002478,False,W-000018,1.0
W-002479,False,W-000019,1.0
W-002480,False,W-001250,1.0
W-002481,False,W-000021,1.0
W-002482,False,W-003712,1.0
W-002483,False,W-003713,1.0
W-002484,False,W-003714,1.0
W-002485,False,W-004945,1.0
W-002486,False,W-004946,0.9999997615814209
W-002487,False,W-003717,1.0
W-002488,False,W-001258,1.0
W-002489,False,W-001259,1.0
W-002490,False,W-001260,0.9999997615814209
W-002491,False,W-001261,0.9999998807907104
W-002492,False,W-001262,1.0
W-002493,False,W-001263,0.9999998211860657
W-002494,False,W-000034,0.9999998211860657
W-002495,False,W-000035,1.0
W-002496,False,W-000036,0.9999997615814209
W-002497,False,W-000037,0.9999999403953552
W-002498,False,W-000038,0.9999997615814209
W-002499,False,W-003729,0.9999999403953552
W-002500,False,W-003730,1.0
W-002501,False,W-003731,1.0
W-002502,False,W-004962,1.0
W-002503,False,W-003733,1.0
W-002504,False,W-001643,0.9923359751701355
W-002505,False,W-001275,1.0
W-002506,False,W-003736,1.0
W-002507,False,W-003737,0.9999999403953552
W-002508,False,W-001278,0.9999998807907104
W-002509,False,W-001279,1.0
W-002510,False,W-001280,1.0
W-002511,False,W-000051,1.0
W-002512,False,W-000052,1.0
W-002513,False,W-001283,1.0
W-002514,False,W-000054,0.9999997615814209
W-002515,False,W-000055,0.9999998807907104
W-002516,False,W-004976,1.0
W-002517,False,W-004977,1.0
W-002518,False,W-004978,1.0
W-002519,False,W-003749,1.0
W-002520,False,W-003750,0.9999998807907104
W-002521,False,W-003751,1.0
W-002522,False,W-003752,1.0
W-002523,False,W-001293,0.9999998807907104
W-002524,False,W-003754,1.0
W-002525,False,W-001295,1.0
W-002526,False,W-001296,1.0
W-002527,False,W-001297,0.9999999403953552
W-002528,False,W-000068,0.9999999403953552
W-002529,False,W-000069,1.0
W-002530,False,W-000070,1.0
W-002531,False,W-000071,0.9999998807907104
W-002532,False,W-001302,1.0
W-002533,False,W-003763,0.9999999403953552
W-002534,False,W-003764,1.0
W-002535,False,W-003765,1.0
W-002536,False,W-003766,1.0
W-002537,False,W-003767,0.9999999403953552
W-002538,False,W-003768,1.0
W-002539,False,W-003769,1.0
W-002540,False,W-001310,1.0
W-002541,False,W-001311,0.9999998807907104
W-002542,False,W-001312,1.0
W-002543,False,W-001313,1.0
W-002544,False,W-001314,1.0
W-002545,False,W-000085,1.0
W-002546,False,W-000086,0.9999999403953552
W-002547,False,W-000087,0.9999998807907104
W-002548,False,W-000088,1.0
W-002549,False,W-001319,0.9999999403953552
W-002550,False,W-003780,0.9999997615814209
W-002551,False,W-003781,0.9999999403953552
W-002552,False,W-003782,1.0
W-002553,False,W-003783,0.9999999403953552
W-002554,False,W-000463,0.9957040548324585
W-002555,False,W-003785,1.0
W-002556,False,W-001326,1.0
W-002557,False,W-001327,1.0
W-002558,False,W-001328,1.0
W-002559,False,W-001329,0.9999998807907104
W-002560,False,W-001330,1.0
W-002561,False,W-001331,1.0
W-002562,False,W-000102,1.0
W-002563,False,W-001333,1.0
W-002564,False,W-000104,0.9999997615814209
W-002565,False,W-001335,1.0
W-002566,False,W-000106,1.0
W-002567,False,W-003797,1.0
W-002568,False,W-003798,1.0
W-002569,False,W-003799,1.0
W-002570,False,W-003800,1.0
W-002571,False,W-003801,0.9999999403953552
W-002572,False,W-003802,0.9999998807907104
W-002573,False,W-001343,1.0
W-002574,False,W-003804,1.0
W-002575,False,W-001345,0.9999998807907104
W-002576,False,W-001346,1.0
W-002577,False,W-003807,1.0
W-002578,False,W-001348,1.0
W-002579,False,W-000119,1.0
W-002580,False,W-000120,1.0
W-002581,False,W-000121,1.0
W-002582,False,W-000122,1.0
W-002583,False,W-000123,0.9999998211860657
W-002584,False,W-003814,1.0
W-002585,False,W-003815,0.9999998807907104
W-002586,False,W-003816,0.9999997615814209
W-002587,False,W-003817,1.0
W-002588,False,W-003818,1.0
W-002589,False,W-003819,0.9999999403953552
W-002590,False,W-001360,1.0
W-002591,False,W-001361,0.9999997615814209
W-002592,False,W-003822,1.0
W-002593,False,W-003823,1.0
W-002594,False,W-001364,1.0
W-002595,False,W-001365,1.0
W-002596,False,W-000136,1.0
W-002597,False,W-000137,1.0
W-002598,False,W-001368,1.0
W-002599,False,W-000139,0.9999998807907104
W-002600,False,W-000140,0.9999997615814209
W-002601,True,W-000369,0.9986720085144043
W-002602,False,W-003832,0.9999998807907104
W-002603,False,W-000518,0.9919214248657227
W-002604,False,W-003834,1.0
W-002605,False,W-003835,0.9999997019767761
W-002606,False,W-003836,1.0
W-002607,False,W-003837,1.0
W-002608,False,W-001378,0.9999998211860657
W-002609,False,W-001379,1.0
W-002610,False,W-001380,1.0
W-002611,False,W-001381,1.0
W-002612,False,W-001382,0.9999996423721313
W-002613,False,W-000153,1.0
W-002614,False,W-001384,0.9999998807907104
W-002615,False,W-000155,1.0
W-002616,False,W-001386,0.9999998807907104
W-002617,False,W-000157,1.0
W-002618,False,W-003848,1.0
W-002619,False,W-004710,0.9961929321289062
W-002620,False,W-003850,1.0
W-002621,False,W-003851,1.0
W-002622,False,W-003852,1.0
W-002623,False,W-003853,1.0
W-002624,False,W-001394,0.9999998211860657
W-002625,False,W-001395,1.0
W-002626,False,W-001396,0.9999998807907104
W-002627,False,W-001397,1.0
W-002628,False,W-001398,1.0
W-002629,False,W-001399,1.0
W-002630,False,W-001400,1.0
W-002631,False,W-000171,1.0
W-002632,False,W-000172,1.0
W-002633,False,W-000173,1.0
W-002634,False,W-000174,1.0
W-002635,False,W-003865,1.0
W-002636,False,W-003866,0.9999998807907104
W-002637,False,W-003867,1.0
W-002638,False,W-003868,0.9999997615814209
W-002639,False,W-003869,1.0
W-002640,False,W-003870,1.0
W-002641,False,W-001411,1.0
W-002642,False,W-003872,1.0
W-002643,False,W-001413,1.0
W-002644,False,W-001414,1.0
W-002645,False,W-001415,1.0
W-002646,False,W-001416,0.9999999403953552
W-002647,False,W-000187,1.0
W-002648,False,W-000188,1.0
W-002649,False,W-000189,0.9999997615814209
W-002650,False,W-000190,1.0
W-002651,False,W-000191,1.0
W-002652,False,W-003882,1.0
W-002653,False,W-003883,1.0
W-002654,False,W-003884,0.9999999403953552
W-002655,False,W-003885,0.9999998807907104
W-002656,False,W-004747,0.9956015348434448
W-002657,False,W-000566,0.9948699474334717
W-002658,False,W-001428,1.0
W-002659,False,W-001429,1.0
W-002660,False,W-001430,1.0
W-002661,False,W-001431,1.0
W-002662,False,W-001432,0.9999998807907104
W-002663,False,W-001433,1.0
W-002664,False,W-000204,1.0
W-002665,False,W-001435,0.9999999403953552
W-002666,False,W-000206,1.0
W-002667,False,W-000207,0.9999999403953552
W-002668,False,W-000208,1.0
W-002669,False,W-003899,1.0
W-002670,False,W-003900,1.0
W-002671,False,W-003901,1.0
W-002672,False,W-003902,0.9999998211860657
W-002673,False,W-003903,1.0
W-002674,False,W-003904,0.9999998807907104
W-002675,False,W-001445,0.9999997615814209
W-002676,False,W-003906,1.0
W-002677,False,W-001447,1.0
W-002678,False,W-001448,1.0
W-002679,False,W-001449,1.0
W-002680,False,W-001450,1.0
W-002681,False,W-000221,0.9999998807907104
W-002682,False,W-000222,1.0
W-002683,False,W-000223,0.9999998807907104
W-002684,False,W-001454,1.0
W-002685,False,W-000225,1.0
W-002686,False,W-003916,1.0
W-002687,False,W-003917,1.0
W-002688,False,W-003918,0.9999997615814209
W-002689,False,W-003919,1.0
W-002690,False,W-003920,1.0
W-002691,False,W-003921,1.0
W-002692,False,W-001462,1.0
W-002693,False,W-001463,1.0
W-002694,False,W-001464,1.0
W-002695,False,W-001465,1.0
W-002696,False,W-001466,1.0
W-002697,False,W-001467,1.0
W-002698,False,W-000238,1.0
W-002699,False,W-000239,0.9999998807907104
W-002700,False,W-000240,1.0
W-002701,False,W-000241,1.0
W-002702,False,W-001472,1.0
W-002703,False,W-003933,1.0
W-002704,False,W-003934,1.0
W-002705,False,W-003935,1.0
W-002706,False,W-003936,0.9999999403953552
W-002707,False,W-003937,1.0
W-002708,False,W-004799,0.9940614700317383
W-002709,False,W-003939,1.0
W-002710,False,W-003940,1.0
W-002711,False,W-003941,1.0
W-002712,False,W-001482,0.9999998807907104
W-002713,False,W-003943,1.0
W-002714,False,W-000623,0.9936953783035278
W-002715,False,W-001485,0.9999998807907104
W-002716,False,W-000256,1.0
W-002717,False,W-001487,0.9999998211860657
W-002718,False,W-000258,1.0
W-002719,False,W-000259,1.0
W-002720,False,W-003950,1.0
W-002721,False,W-003951,1.0
W-002722,False,W-003952,1.0
W-002723,False,W-003953,1.0
W-002724,False,W-001002,0.9946967363357544
W-002725,False,W-003955,1.0
W-002726,False,W-001496,1.0
W-002727,False,W-001497,1.0
W-002728,False,W-001498,1.0
W-002729,False,W-003959,1.0
W-002730,False,W-001500,0.9999999403953552
W-002731,False,W-001501,0.9999997615814209
W-002732,False,W-000272,1.0
W-002733,False,W-000273,0.9999997615814209
W-002734,False,W-000274,1.0
W-002735,False,W-000275,1.0
W-002736,False,W-000276,0.9999998807907104
W-002737,False,W-003967,1.0
W-002738,False,W-003968,1.0
W-002739,False,W-003969,1.0
W-002740,False,W-000655,0.9981039762496948
W-002741,False,W-003971,1.0
W-002742,False,W-003972,1.0
W-002743,False,W-001513,1.0
W-002744,False,W-001514,1.0
W-002745,False,W-001515,1.0
W-002746,False,W-003976,0.9999998807907104
W-002747,False,W-001517,0.9999999403953552
W-002748,False,W-001518,1.0
W-002749,False,W-000289,1.0
W-002750,False,W-000290,0.9999998807907104
W-002751,False,W-001521,1.0
W-002752,False,W-000292,1.0
W-002753,False,W-001523,1.0
W-002754,False,W-003984,1.0
W-002755,False,W-000664,0.9934693574905396
W-002756,False,W-004847,0.994983434677124
W-002757,False,W-003987,1.0
W-002758,False,W-000673,0.9952248334884644
W-002759,False,W-003989,1.0
W-002760,False,W-003990,1.0
W-002761,False,W-001531,1.0
W-002762,False,W-003992,1.0
W-002763,False,W-001533,1.0
W-002764,False,W-001534,1.0
W-002765,False,W-001535,1.0
W-002766,False,W-000306,0.9999999403953552
W-002767,False,W-000307,1.0
W-002768,False,W-000308,1.0
W-002769,False,W-001539,1.0
W-002770,False,W-000310,1.0
W-002771,False,W-004001,1.0
W-002772,False,W-004002,1.0
W-002773,False,W-004003,0.9999999403953552
W-002774,False,W-004004,1.0
W-002775,False,W-004005,1.0
W-002776,False,W-004006,0.9999998807907104
W-002777,False,W-001547,1.0
W-002778,False,W-001548,0.9999997615814209
W-002779,False,W-001549,1.0
W-002780,False,W-001550,1.0
W-002781,False,W-001551,0.9999999403953552
W-002782,False,W-001552,0.9999997615814209
W-002783,False,W-001553,1.0
W-002784,False,W-000324,1.0
W-002785,False,W-000325,1.0
W-002786,False,W-000326,1.0
W-002787,False,W-000327,1.0
W-002788,False,W-004018,1.0
W-002789,False,W-004019,1.0
W-002790,False,W-004020,1.0
W-002791,False,W-004021,1.0
W-002792,False,W-004022,0.9999999403953552
W-002793,False,W-004023,1.0
W-002794,False,W-001564,0.9999998807907104
W-002795,False,W-001565,1.0
W-002796,False,W-001566,1.0
W-002797,False,W-001567,1.0
W-002798,False,W-004028,1.0
W-002799,False,W-001569,1.0
W-002800,False,W-001570,1.0
W-002801,False,W-000341,1.0
W-002802,False,W-000342,1.0
W-002803,False,W-000343,1.0
W-002804,False,W-000344,1.0
W-002805,False,W-004035,1.0
W-002806,False,W-004036,1.0
W-002807,False,W-004037,0.9999998807907104
W-002808,False,W-004038,1.0
W-002809,False,W-004039,1.0
W-002810,False,W-004040,1.0
W-002811,False,W-001581,0.9999997615814209
W-002812,False,W-001582,1.0
W-002813,False,W-001583,1.0
W-002814,False,W-004044,1.0
W-002815,False,W-001585,0.9999996423721313
W-002816,False,W-001586,1.0
W-002817,False,W-000357,1.0
W-002818,False,W-000358,1.0
W-002819,False,W-000359,1.0
W-002820,False,W-000360,0.9999997615814209
W-002821,False,W-001591,0.9999998807907104
W-002822,False,W-000737,0.9969875812530518
W-002823,False,W-004053,1.0
W-002824,False,W-000733,0.9935640096664429
W-002825,False,W-004055,0.9999998807907104
W-002826,False,W-004056,0.9999998807907104
W-002827,False,W-004057,1.0
W-002828,False,W-001598,1.0
W-002829,False,W-001599,0.9999997615814209
W-002830,False,W-001600,0.9999998807907104
W-002831,False,W-001601,1.0
W-002832,False,W-001602,1.0
W-002833,False,W-001603,0.9999998807907104
W-002834,False,W-000374,0.9999999403953552
W-002835,False,W-001605,1.0
W-002836,False,W-000376,0.9999999403953552
W-002837,False,W-000377,1.0
W-002838,False,W-000378,0.9999999403953552
W-002839,False,W-001984,0.9938474893569946
W-002840,False,W-004070,1.0
W-002841,False,W-004071,0.9999996423721313
W-002842,False,W-000751,0.9963828325271606
W-002843,False,W-001121,0.9945472478866577
W-002844,False,W-004074,1.0
W-002845,False,W-001615,1.0
W-002846,False,W-001616,1.0
W-002847,False,W-001617,1.0
W-002848,False,W-001618,0.9999995231628418
W-002849,False,W-001619,1.0
W-002850,False,W-001620,1.0
W-002851,False,W-000391,0.9999998807907104
W-002852,False,W-000392,0.9999998807907104
W-002853,False,W-000393,1.0
W-002854,False,W-000394,0.9999999403953552
W-002855,False,W-000395,1.0
W-002856,False,W-004086,1.0
W-002857,False,W-004087,0.9999998807907104
W-002858,False,W-004088,1.0
W-002859,False,W-004089,1.0
W-002860,False,W-004090,0.9999999403953552
W-002861,False,W-004952,0.994186282157898
W-002862,False,W-001632,1.0
W-002863,False,W-001633,0.9999997019767761
W-002864,False,W-004094,1.0
W-002865,False,W-001635,0.9999998807907104
W-002866,False,W-001636,1.0
W-002867,False,W-001637,1.0
W-002868,False,W-000408,0.9999997615814209
W-002869,False,W-000409,1.0
W-002870,False,W-000410,0.9999998807907104
W-002871,False,W-001641,0.9999998807907104
W-002872,False,W-000412,0.9999997615814209
W-002873,False,W-004103,0.9999998211860657
W-002874,False,W-004104,0.9999998807907104
W-002875,False,W-004105,0.9999998807907104
W-002876,False,W-004106,1.0
W-002877,False,W-000786,0.9949390888214111
W-002878,False,W-004108,1.0
W-002879,False,W-001649,0.9999999403953552
W-002880,False,W-001650,0.9999998807907104
W-002881,False,W-001651,0.9999998807907104
W-002882,False,W-001652,1.0
W-002883,False,W-001653,0.9999997615814209
W-002884,False,W-001654,1.0
W-002885,False,W-000425,1.0
W-002886,False,W-000426,1.0
W-002887,False,W-001657,1.0
W-002888,False,W-000428,1.0
W-002889,False,W-000429,1.0
W-002890,False,W-000805,0.9930640459060669
W-002891,False,W-004121,1.0
W-002892,False,W-004122,1.0
W-002893,False,W-004123,1.0
W-002894,False,W-004124,1.0
W-002895,False,W-004125,1.0
W-002896,False,W-001666,1.0
W-002897,False,W-001667,1.0
W-002898,False,W-001668,1.0
W-002899,False,W-004129,1.0
W-002900,False,W-001670,1.0
W-002901,False,W-001671,0.9999996423721313
W-002902,False,W-000442,0.9999999403953552
W-002903,False,W-000443,1.0
W-002904,False,W-000444,0.9999998807907104
W-002905,False,W-000445,1.0
W-002906,False,W-000446,0.9999999403953552
W-002907,False,W-004137,0.9999998807907104
W-002908,False,W-004138,1.0
W-002909,False,W-004139,0.9999998807907104
W-002910,False,W-004140,1.0
W-002911,False,W-001189,0.9948136210441589
W-002912,False,W-004142,1.0
W-002913,False,W-001683,1.0
W-002914,False,W-004144,0.9999998807907104
W-002915,False,W-001685,1.0
W-002916,False,W-004146,0.9999998807907104
W-002917,False,W-001687,1.0
W-002918,False,W-001688,1.0
W-002919,False,W-000459,0.9999998807907104
W-002920,False,W-000460,1.0
W-002921,False,W-000461,1.0
W-002922,False,W-000462,0.9999999403953552
W-002923,False,W-001693,0.9999998807907104
W-002924,False,W-004154,0.9999998807907104
W-002925,False,W-004155,1.0
W-002926,False,W-004156,1.0
W-002927,False,W-004157,1.0
W-002928,False,W-004158,1.0
W-002929,False,W-004159,1.0
W-002930,False,W-001700,1.0
W-002931,False,W-001701,1.0
W-002932,False,W-001702,1.0
W-002933,False,W-001703,0.9999999403953552
W-002934,False,W-004164,1.0
W-002935,False,W-001705,0.9999997615814209
W-002936,False,W-000476,1.0
W-002937,False,W-000477,1.0
W-002938,False,W-000478,1.0
W-002939,False,W-000479,1.0
W-002940,False,W-001710,1.0
W-002941,False,W-004171,1.0
W-002942,False,W-004172,1.0
W-002943,False,W-004173,1.0
W-002944,False,W-004174,1.0
W-002945,False,W-004175,1.0
W-002946,False,W-000855,0.995975136756897
W-002947,False,W-001717,0.9999998807907104
W-002948,False,W-004178,0.9999997615814209
W-002949,False,W-001719,1.0
W-002950,False,W-001720,1.0
W-002951,False,W-001721,1.0
W-002952,False,W-001722,0.9999999403953552
W-002953,False,W-000493,1.0
W-002954,False,W-000494,0.9999998211860657
W-002955,False,W-000495,1.0
W-002956,False,W-000496,1.0
W-002957,False,W-000497,1.0
W-002958,False,W-000012,0.9989324808120728
W-002959,False,W-004189,0.9999997615814209
W-002960,False,W-004190,1.0
W-002961,False,W-004191,1.0
W-002962,False,W-004192,1.0
W-002963,False,W-004193,1.0
W-002964,False,W-001734,1.0
W-002965,False,W-001735,1.0
W-002966,False,W-001736,1.0
W-002967,False,W-001737,1.0
W-002968,False,W-004198,1.0
W-002969,False,W-001739,1.0
W-002970,False,W-000510,1.0
W-002971,False,W-000511,1.0
W-002972,False,W-000512,1.0
W-002973,False,W-000513,1.0
W-002974,False,W-000514,1.0
W-002975,False,W-004205,0.9999999403953552
W-002976,False,W-004206,1.0
W-002977,False,W-004207,1.0
W-002978,False,W-004208,1.0
W-002979,False,W-004209,1.0
W-002980,False,W-004210,1.0
W-002981,False,W-001751,1.0
W-002982,False,W-001752,1.0
W-002983,False,W-001753,1.0
W-002984,False,W-001754,1.0
W-002985,False,W-001755,1.0
W-002986,False,W-001756,0.9999998807907104
W-002987,False,W-001757,1.0
W-002988,False,W-000528,0.9999998211860657
W-002989,False,W-000529,1.0
W-002990,False,W-000530,1.0
W-002991,False,W-000531,1.0
W-002992,False,W-004222,1.0
W-002993,False,W-004223,1.0
W-002994,False,W-004224,1.0
W-002995,False,W-004225,0.9999997615814209
W-002996,False,W-004226,1.0
W-002997,False,W-000906,0.9970302581787109
W-002998,False,W-001768,0.9999998807907104
W-002999,False,W-001769,1.0
W-003000,False,W-001770,1.0
W-003001,False,W-001771,1.0
W-003002,False,W-001772,1.0
W-003003,False,W-001773,0.9999999403953552
W-003004,False,W-000544,1.0
W-003005,False,W-001775,1.0
W-003006,False,W-000546,1.0
W-003007,False,W-000547,0.9999998807907104
W-003008,False,W-001778,1.0
W-003009,False,W-004239,1.0
W-003010,False,W-004240,0.9999997615814209
W-003011,False,W-004241,0.9999998807907104
W-003012,False,W-004242,1.0
W-003013,False,W-004243,0.9999999403953552
W-003014,False,W-004244,0.9999998807907104
W-003015,False,W-001785,0.9999998807907104
W-003016,False,W-001786,1.0
W-003017,False,W-001787,1.0
W-003018,False,W-001788,1.0
W-003019,False,W-001789,1.0
W-003020,False,W-001790,1.0
W-003021,False,W-000561,1.0
W-003022,False,W-000562,1.0
W-003023,False,W-001793,1.0
W-003024,False,W-000564,1.0
W-003025,False,W-000565,1.0
W-003026,False,W-000941,0.9963226914405823
W-003027,False,W-004257,1.0
W-003028,False,W-004258,1.0
W-003029,False,W-004259,1.0
W-003030,False,W-004260,1.0
W-003031,False,W-000079,0.995728611946106
W-003032,False,W-004262,1.0
W-003033,False,W-001803,1.0
W-003034,False,W-001804,1.0
W-003035,False,W-001805,1.0
W-003036,False,W-001806,0.9999998211860657
W-003037,False,W-001807,0.9999999403953552
W-003038,False,W-000578,1.0
W-003039,False,W-000579,0.9999998807907104
W-003040,False,W-000580,1.0
W-003041,False,W-000581,1.0
W-003042,False,W-000582,1.0
W-003043,False,W-004273,0.9999998807907104
W-003044,False,W-000959,0.9970121383666992
W-003045,False,W-004275,0.9999997019767761
W-003046,False,W-004276,1.0
W-003047,False,W-004277,1.0
W-003048,False,W-004278,1.0
W-003049,False,W-001819,1.0
W-003050,False,W-001820,1.0
W-003051,False,W-001821,1.0
W-003052,False,W-001822,1.0
W-003053,False,W-001823,1.0
W-003054,False,W-001824,1.0
W-003055,False,W-000595,1.0
W-003056,False,W-000596,1.0
W-003057,False,W-001827,1.0
W-003058,False,W-000598,1.0
W-003059,False,W-000599,1.0
W-003060,False,W-004290,1.0
W-003061,False,W-004291,0.9999996423721313
W-003062,False,W-004292,1.0
W-003063,False,W-004293,1.0
W-003064,False,W-004294,1.0
W-003065,False,W-004295,1.0
W-003066,False,W-001836,1.0
W-003067,False,W-001837,0.9999997615814209
W-003068,False,W-001838,1.0
W-003069,False,W-001839,1.0
W-003070,False,W-001840,1.0
W-003071,False,W-001841,1.0
W-003072,False,W-000612,1.0
W-003073,False,W-000613,1.0
W-003074,False,W-000614,1.0
W-003075,False,W-001845,1.0
W-003076,False,W-000616,1.0
W-003077,False,W-004307,1.0
W-003078,False,W-004308,1.0
W-003079,False,W-004309,0.9999998807907104
W-003080,False,W-004310,1.0
W-003081,False,W-004311,1.0
W-003082,False,W-004312,1.0
W-003083,False,W-001853,0.9999998211860657
W-003084,False,W-001854,1.0
W-003085,False,W-001855,1.0
W-003086,False,W-001856,1.0
W-003087,False,W-004317,0.9999998807907104
W-003088,False,W-000997,0.9959663152694702
W-003089,False,W-000629,1.0
W-003090,False,W-000630,0.9999999403953552
W-003091,False,W-000631,1.0
W-003092,False,W-000632,1.0
W-003093,False,W-000633,1.0
W-003094,False,W-004324,1.0
W-003095,False,W-004325,0.9999998807907104
W-003096,False,W-004326,1.0
W-003097,False,W-004327,1.0
W-003098,False,W-004328,1.0
W-003099,False,W-004329,1.0
W-003100,False,W-001870,1.0
W-003101,False,W-001871,1.0
W-003102,False,W-001872,1.0
W-003103,False,W-001873,1.0
W-003104,False,W-001874,1.0
W-003105,False,W-001875,1.0
W-003106,False,W-000646,0.9999997615814209
W-003107,False,W-000647,1.0
W-003108,False,W-000648,1.0
W-003109,False,W-000649,1.0
W-003110,False,W-000650,1.0
W-003111,False,W-004341,1.0
W-003112,False,W-004342,1.0
W-003113,False,W-000161,0.9927304983139038
W-003114,False,W-004344,1.0
W-003115,False,W-004345,0.9999997615814209
W-003116,False,W-000164,0.9932668209075928
W-003117,False,W-001887,1.0
W-003118,False,W-001888,0.9999998807907104
W-003119,False,W-001889,1.0
W-003120,False,W-001890,1.0
W-003121,False,W-001891,1.0
W-003122,False,W-001031,0.996167778968811
W-003123,False,W-000663,0.9999998807907104
W-003124,False,W-001894,1.0
W-003125,False,W-000665,0.9999999403953552
W-003126,False,W-001896,1.0
W-003127,False,W-000667,1.0
W-003128,False,W-004358,1.0
W-003129,False,W-004359,1.0
W-003130,False,W-004360,0.9999999403953552
W-003131,False,W-004361,0.9999999403953552
W-003132,False,W-004362,1.0
W-003133,False,W-004363,1.0
W-003134,False,W-004364,1.0
W-003135,False,W-001905,0.9999998807907104
W-003136,False,W-001906,1.0
W-003137,False,W-001907,1.0
W-003138,False,W-001908,1.0
W-003139,False,W-001909,1.0
W-003140,False,W-000680,1.0
W-003141,False,W-000681,1.0
W-003142,False,W-000682,1.0
W-003143,False,W-000683,1.0
W-003144,False,W-000684,1.0
W-003145,False,W-004375,1.0
W-003146,False,W-004376,1.0
W-003147,False,W-004377,1.0
W-003148,False,W-004378,1.0
W-003149,False,W-004379,0.9999998807907104
W-003150,False,W-004380,0.9999997615814209
W-003151,False,W-004381,1.0
W-003152,False,W-004382,1.0
W-003153,False,W-001923,1.0
W-003154,False,W-001924,1.0
W-003155,False,W-001925,1.0
W-003156,False,W-001926,1.0
W-003157,False,W-000697,0.9999998211860657
W-003158,False,W-001928,1.0
W-003159,False,W-000699,1.0
W-003160,False,W-001930,1.0
W-003161,False,W-000701,1.0
W-003162,False,W-004392,1.0
W-003163,False,W-004393,1.0
W-003164,False,W-004394,0.9999999403953552
W-003165,False,W-004395,0.9999998807907104
W-003166,False,W-004396,0.9999997615814209
W-003167,False,W-001076,0.9941115975379944
W-003168,False,W-004398,1.0
W-003169,False,W-004399,1.0
W-003170,False,W-004400,1.0
W-003171,False,W-004401,1.0
W-003172,False,W-001942,0.9999997615814209
W-003173,False,W-004034,0.9944983720779419
W-003174,False,W-000714,1.0
W-003175,False,W-001945,1.0
W-003176,False,W-000716,1.0
W-003177,False,W-000717,1.0
W-003178,False,W-000718,0.9999998807907104
W-003179,False,W-004409,1.0
W-003180,False,W-004410,0.9999998807907104
W-003181,False,W-004411,1.0
W-003182,False,W-004412,1.0
W-003183,False,W-001461,0.9938375353813171
W-003184,False,W-004414,1.0
W-003185,False,W-001955,1.0
W-003186,False,W-001956,1.0
W-003187,False,W-001957,0.9999998807907104
W-003188,False,W-001958,1.0
W-003189,False,W-004419,0.9999998807907104
W-003190,False,W-001960,1.0
W-003191,False,W-000731,1.0
W-003192,False,W-000732,1.0
W-003193,False,W-000733,0.9999998807907104
W-003194,False,W-000734,1.0
W-003195,False,W-000735,1.0
W-003196,False,W-000244,0.995099663734436
W-003197,False,W-004427,1.0
W-003198,False,W-004428,1.0
W-003199,False,W-004429,1.0
W-003200,False,W-004430,1.0
W-003201,False,W-004431,1.0
W-003202,False,W-001972,1.0
W-003203,False,W-001973,1.0
W-003204,False,W-001974,1.0
W-003205,False,W-001975,0.9999998807907104
W-003206,False,W-001976,1.0
W-003207,False,W-001977,1.0
W-003208,False,W-000748,0.9999998807907104
W-003209,False,W-000749,1.0
W-003210,False,W-000750,1.0
W-003211,False,W-001981,1.0
W-003212,False,W-000752,0.9999997615814209
W-003213,False,W-004443,1.0
W-003214,False,W-004444,1.0
W-003215,False,W-004445,1.0
W-003216,False,W-004446,0.9999998807907104
W-003217,False,W-004447,1.0
W-003218,False,W-004448,0.9999997615814209
W-003219,False,W-001989,1.0
W-003220,False,W-001990,1.0
W-003221,False,W-001991,1.0
W-003222,False,W-004452,1.0
W-003223,False,W-001993,1.0
W-003224,False,W-001994,1.0
W-003225,False,W-000765,1.0
W-003226,False,W-000766,1.0
W-003227,False,W-001997,0.9999998211860657
W-003228,False,W-001998,1.0
W-003229,False,W-001999,1.0
W-003230,False,W-004460,0.9999997615814209
W-003231,False,W-004461,1.0
W-003232,False,W-004462,1.0
W-003233,False,W-004463,0.9999998807907104
W-003234,False,W-004464,0.9999998807907104
W-003235,False,W-004465,1.0
W-003236,False,W-002006,1.0
W-003237,False,W-002007,1.0
W-003238,False,W-002008,1.0
W-003239,False,W-002009,1.0
W-003240,False,W-002010,1.0
W-003241,False,W-002011,1.0
W-003242,False,W-000782,1.0
W-003243,False,W-000783,1.0
W-003244,False,W-000784,0.9999997615814209
W-003245,False,W-000785,1.0
W-003246,False,W-002016,0.9999998807907104
W-003247,False,W-004477,1.0
W-003248,False,W-004478,1.0
W-003249,False,W-004479,0.9999997615814209
W-003250,False,W-004480,1.0
W-003251,False,W-004481,1.0
W-003252,False,W-004482,1.0
W-003253,False,W-002023,0.9999997615814209
W-003254,False,W-002024,1.0
W-003255,False,W-002025,1.0
W-003256,False,W-004486,1.0
W-003257,False,W-002027,0.9999998211860657
W-003258,False,W-002028,1.0
W-003259,False,W-000799,1.0
W-003260,False,W-000800,1.0
W-003261,False,W-000801,1.0
W-003262,False,W-000802,1.0
W-003263,False,W-002033,1.0
W-003264,False,W-004494,1.0
W-003265,False,W-004495,1.0
W-003266,False,W-004496,1.0
W-003267,False,W-000672,0.997998833656311
W-003268,False,W-004498,1.0
W-003269,False,W-004499,0.9999998807907104
W-003270,False,W-002040,1.0
W-003271,False,W-002041,0.9999998807907104
W-003272,False,W-002042,1.0
W-003273,False,W-002043,1.0
W-003274,False,W-002044,1.0
W-003275,False,W-002045,1.0
W-003276,False,W-000816,1.0
W-003277,False,W-000817,1.0
W-003278,False,W-000818,1.0
W-003279,False,W-000819,0.9999996423721313
W-003280,False,W-000820,1.0
W-003281,False,W-004511,1.0
W-003282,False,W-004512,1.0
W-003283,False,W-004513,1.0
W-003284,False,W-004514,1.0
W-003285,False,W-001194,0.993741512298584
W-003286,False,W-004516,0.9999998807907104
W-003287,False,W-002057,1.0
W-003288,False,W-002058,0.9999996423721313
W-003289,False,W-002059,1.0
W-003290,False,W-002060,1.0
W-003291,False,W-002061,0.9999997615814209
W-003292,False,W-002062,1.0
W-003293,False,W-002063,1.0
W-003294,False,W-000834,1.0
W-003295,False,W-000835,0.9999998807907104
W-003296,False,W-002066,1.0
W-003297,False,W-002067,1.0
W-003298,False,W-004528,1.0
W-003299,False,W-004529,1.0
W-003300,False,W-004530,1.0
W-003301,False,W-004531,0.9999997615814209
W-003302,False,W-004532,1.0
W-003303,False,W-004533,1.0
W-003304,False,W-004534,1.0
W-003305,False,W-002075,0.9999997615814209
W-003306,False,W-002076,1.0
W-003307,False,W-004537,1.0
W-003308,False,W-002078,1.0
W-003309,False,W-002079,1.0
W-003310,False,W-000850,1.0
W-003311,False,W-000851,0.9999998807907104
W-003312,False,W-000852,1.0
W-003313,False,W-000853,1.0
W-003314,False,W-000854,1.0
W-003315,False,W-004545,0.9999997019767761
W-003316,False,W-004546,1.0
W-003317,False,W-004547,1.0
W-003318,False,W-004548,1.0
W-003319,False,W-004549,1.0
W-003320,False,W-004550,1.0
W-003321,False,W-002091,1.0
W-003322,False,W-004552,1.0
W-003323,False,W-002093,1.0
W-003324,False,W-002094,1.0
W-003325,False,W-002095,1.0
W-003326,False,W-002096,1.0
W-003327,False,W-002097,0.9999997615814209
W-003328,False,W-000868,0.9999998807907104
W-003329,False,W-002099,1.0
W-003330,False,W-000870,1.0
W-003331,False,W-000871,1.0
W-003332,False,W-000017,0.9965183734893799
W-003333,False,W-004563,1.0
W-003334,False,W-004564,1.0
W-003335,False,W-004565,0.9999997615814209
W-003336,False,W-004566,1.0
W-003337,False,W-004567,1.0
W-003338,False,W-002108,1.0
W-003339,False,W-002109,1.0
W-003340,False,W-004570,0.9999998807907104
W-003341,False,W-002111,1.0
W-003342,False,W-004572,0.9999998807907104
W-003343,False,W-002113,1.0
W-003344,False,W-000884,0.9999999403953552
W-003345,False,W-000885,1.0
W-003346,False,W-000886,0.9999999403953552
W-003347,False,W-000887,0.9999998211860657
W-003348,False,W-000888,1.0
W-003349,False,W-004579,1.0
W-003350,False,W-004580,1.0
W-003351,False,W-004581,1.0
W-003352,False,W-004582,1.0
W-003353,False,W-004583,1.0
W-003354,False,W-000039,0.996293842792511
W-003355,False,W-004585,1.0
W-003356,False,W-002126,0.9999998211860657
W-003357,False,W-002127,1.0
W-003358,False,W-002128,0.9999998807907104
W-003359,False,W-002129,1.0
W-003360,False,W-002130,1.0
W-003361,False,W-002131,1.0
W-003362,False,W-000902,0.9999999403953552
W-003363,False,W-000903,0.9999997615814209
W-003364,False,W-000904,0.9999998807907104
W-003365,False,W-000905,0.9999999403953552
W-003366,False,W-004596,0.9999998807907104
W-003367,False,W-004597,1.0
W-003368,False,W-004598,1.0
W-003369,False,W-004599,1.0
W-003370,False,W-004600,0.9999999403953552
W-003371,False,W-004601,1.0
W-003372,False,W-004602,0.9999996423721313
W-003373,False,W-002143,1.0
W-003374,False,W-002144,1.0
W-003375,False,W-002145,1.0
W-003376,False,W-004606,1.0
W-003377,False,W-002147,1.0
W-003378,False,W-000918,0.9999998807907104
W-003379,False,W-000919,1.0
W-003380,False,W-002150,1.0
W-003381,False,W-002151,0.9999998807907104
W-003382,False,W-000922,1.0
W-003383,False,W-004613,1.0
W-003384,False,W-004614,0.9999997019767761
W-003385,False,W-004615,1.0
W-003386,False,W-004616,1.0
W-003387,False,W-004617,0.9999997615814209
W-003388,False,W-004618,1.0
W-003389,False,W-002159,1.0
W-003390,False,W-002160,1.0
W-003391,False,W-002161,1.0
W-003392,False,W-002162,1.0
W-003393,False,W-002163,1.0
W-003394,False,W-002164,1.0
W-003395,False,W-000935,1.0
W-003396,False,W-000936,1.0
W-003397,False,W-000937,1.0
W-003398,False,W-000938,1.0
W-003399,False,W-000939,0.9999996423721313
W-003400,False,W-004630,0.9999998807907104
W-003401,False,W-004631,1.0
W-003402,False,W-004632,1.0
W-003403,False,W-004633,1.0
W-003404,False,W-004634,1.0
W-003405,False,W-004635,1.0
W-003406,False,W-002176,1.0
W-003407,False,W-002177,1.0
W-003408,False,W-002178,1.0
W-003409,False,W-002179,1.0
W-003410,False,W-002180,1.0
W-003411,False,W-002181,0.9999997615814209
W-003412,False,W-000952,1.0
W-003413,False,W-000953,1.0
W-003414,False,W-000954,1.0
W-003415,False,W-000955,0.9999998807907104
W-003416,False,W-000956,1.0
W-003417,False,W-004647,1.0
W-003418,False,W-004648,1.0
W-003419,False,W-000104,0.9963008165359497
W-003420,False,W-004650,1.0
W-003421,False,W-004651,1.0
W-003422,False,W-004652,1.0
W-003423,False,W-002193,1.0
W-003424,False,W-002194,1.0
W-003425,False,W-002195,1.0
W-003426,False,W-002196,1.0
W-003427,False,W-002197,1.0
W-003428,False,W-004289,0.9934170246124268
W-003429,False,W-000969,1.0
W-003430,False,W-000970,1.0
W-003431,False,W-002201,0.9999998807907104
W-003432,False,W-002202,1.0
W-003433,False,W-002203,1.0
W-003434,False,W-004664,1.0
W-003435,False,W-004665,1.0
W-003436,False,W-004666,1.0
W-003437,False,W-004667,0.9999998807907104
W-003438,False,W-004668,0.9999998807907104
W-003439,False,W-004669,0.9999998807907104
W-003440,False,W-002210,1.0
W-003441,False,W-004671,1.0
W-003442,False,W-002212,1.0
W-003443,False,W-002213,1.0
W-003444,False,W-002214,0.9999998211860657
W-003445,False,W-002215,1.0
W-003446,False,W-000986,1.0
W-003447,False,W-000987,1.0
W-003448,False,W-000988,0.9999998807907104
W-003449,False,W-000989,1.0
W-003450,False,W-000990,1.0
W-003451,False,W-004681,0.9999999403953552
W-003452,False,W-004682,1.0
W-003453,False,W-004683,1.0
W-003454,False,W-004684,1.0
W-003455,False,W-000140,0.9950183629989624
W-003456,False,W-004686,0.9999997615814209
W-003457,False,W-004687,1.0
W-003458,False,W-002228,1.0
W-003459,False,W-004689,1.0
W-003460,False,W-004690,1.0
W-003461,False,W-002231,1.0
W-003462,False,W-002232,0.9999997615814209
W-003463,False,W-001003,1.0
W-003464,False,W-001004,0.9999999403953552
W-003465,False,W-001005,1.0
W-003466,False,W-001006,1.0
W-003467,False,W-002237,1.0
W-003468,False,W-003825,0.9985278248786926
W-003469,False,W-004699,0.9999998807907104
W-003470,False,W-003839,0.9929418563842773
W-003471,False,W-004701,0.9999998807907104
W-003472,False,W-004702,0.9999998807907104
W-003473,False,W-004703,1.0
W-003474,False,W-002244,1.0
W-003475,False,W-002245,1.0
W-003476,False,W-002246,0.9999999403953552
W-003477,False,W-002247,1.0
W-003478,False,W-004708,1.0
W-003479,False,W-002249,1.0
W-003480,False,W-001020,1.0
W-003481,False,W-001021,1.0
W-003482,False,W-001022,0.9999997615814209
W-003483,False,W-001023,1.0
W-003484,False,W-001024,1.0
W-003485,False,W-004715,1.0
W-003486,False,W-001395,0.9951261878013611
W-003487,False,W-004717,1.0
W-003488,False,W-004718,1.0
W-003489,False,W-004719,1.0
W-003490,False,W-004720,1.0
W-003491,False,W-002261,1.0
W-003492,False,W-002262,0.9999998807907104
W-003493,False,W-002263,1.0
W-003494,False,W-002264,1.0
W-003495,False,W-002265,1.0
W-003496,False,W-002266,1.0
W-003497,False,W-001037,1.0
W-003498,False,W-001038,0.9999998807907104
W-003499,False,W-001039,1.0
W-003500,False,W-002270,0.9999996423721313
W-003501,False,W-001041,0.9999998211860657
W-003502,False,W-004732,1.0
W-003503,False,W-004733,0.9999998211860657
W-003504,False,W-004734,0.9999997615814209
W-003505,False,W-004735,0.9999998807907104
W-003506,False,W-004736,1.0
W-003507,False,W-004737,0.9999999403953552
W-003508,False,W-002278,1.0
W-003509,False,W-002279,1.0
W-003510,False,W-002280,0.9999998807907104
W-003511,False,W-002281,0.9999998807907104
W-003512,False,W-002282,0.9999999403953552
W-003513,False,W-002283,0.9999998807907104
W-003514,False,W-001054,1.0
W-003515,False,W-001055,0.9999999403953552
W-003516,False,W-002286,0.9999998211860657
W-003517,False,W-001057,0.9999998807907104
W-003518,False,W-001058,1.0
W-003519,False,W-004749,0.9999999403953552
W-003520,False,W-000925,0.9945602416992188
W-003521,False,W-004751,0.9999998807907104
W-003522,False,W-002661,0.9960764646530151
W-003523,False,W-004753,0.9999998807907104
W-003524,False,W-004754,1.0
W-003525,False,W-002295,1.0
W-003526,False,W-002296,1.0
W-003527,False,W-002297,1.0
W-003528,False,W-004758,1.0
W-003529,False,W-004759,1.0
W-003530,False,W-002300,0.9999996423721313
W-003531,False,W-002301,1.0
W-003532,False,W-001072,0.9999999403953552
W-003533,False,W-001073,1.0
W-003534,False,W-001074,1.0
W-003535,False,W-001075,1.0
W-003536,False,W-004766,1.0
W-003537,False,W-004767,1.0
W-003538,False,W-004768,1.0
W-003539,False,W-004769,1.0
W-003540,False,W-002679,0.9939156770706177
W-003541,False,W-004771,1.0
W-003542,False,W-002312,1.0
W-003543,False,W-004773,1.0
W-003544,False,W-002314,1.0
W-003545,False,W-002315,1.0
W-003546,False,W-002316,1.0
W-003547,False,W-002317,0.9999998807907104
W-003548,False,W-001088,1.0
W-003549,False,W-002319,1.0
W-003550,False,W-001090,1.0
W-003551,False,W-001091,0.9999999403953552
W-003552,False,W-002322,1.0
W-003553,False,W-004783,1.0
W-003554,False,W-004784,0.9999996423721313
W-003555,False,W-004785,0.9999997615814209
W-003556,False,W-004786,1.0
W-003557,False,W-004787,1.0
W-003558,False,W-004788,1.0
W-003559,False,W-004789,1.0
W-003560,False,W-002330,1.0
W-003561,False,W-002331,1.0
W-003562,False,W-002332,1.0
W-003563,False,W-002333,1.0
W-003564,False,W-002334,1.0
W-003565,False,W-001105,1.0
W-003566,False,W-002336,1.0
W-003567,False,W-001107,1.0
W-003568,False,W-001108,0.9999997615814209
W-003569,False,W-001109,1.0
W-003570,False,W-004800,1.0
W-003571,False,W-004801,1.0
W-003572,False,W-004802,1.0
W-003573,False,W-004803,1.0
W-003574,False,W-004804,1.0
W-003575,False,W-004805,1.0
W-003576,False,W-002346,1.0
W-003577,False,W-002347,1.0
W-003578,False,W-002348,1.0
W-003579,False,W-004809,1.0
W-003580,False,W-002350,1.0
W-003581,False,W-004442,0.9948519468307495
W-003582,False,W-001122,0.9999996423721313
W-003583,False,W-002353,0.9999998211860657
W-003584,False,W-001124,1.0
W-003585,False,W-001125,0.9999997019767761
W-003586,False,W-001126,1.0
W-003587,False,W-004817,0.9999998807907104
W-003588,False,W-004818,0.9999998807907104
W-003589,False,W-004819,1.0
W-003590,False,W-004820,1.0
W-003591,False,W-004821,0.9999998807907104
W-003592,False,W-004822,1.0
W-003593,False,W-002363,1.0
W-003594,False,W-004824,1.0
W-003595,False,W-002365,1.0
W-003596,False,W-002366,0.9999998807907104
W-003597,False,W-002367,1.0
W-003598,False,W-002368,0.9999999403953552
W-003599,False,W-001139,1.0
W-003600,False,W-001140,1.0
W-003601,False,W-001141,1.0
W-003602,False,W-001142,1.0
W-003603,False,W-001143,0.9999998807907104
W-003604,False,W-004834,1.0
W-003605,False,W-004835,1.0
W-003606,False,W-000654,0.9961561560630798
W-003607,False,W-004837,1.0
W-003608,False,W-004838,0.9999998211860657
W-003609,False,W-004839,1.0
W-003610,False,W-002380,0.9999998211860657
W-003611,False,W-004841,0.9999999403953552
W-003612,False,W-002382,1.0
W-003613,False,W-004843,1.0
W-003614,False,W-002384,1.0
W-003615,False,W-002385,1.0
W-003616,False,W-001156,0.9999998211860657
W-003617,False,W-001157,1.0
W-003618,False,W-002388,1.0
W-003619,False,W-001159,1.0
W-003620,False,W-001160,1.0
W-003621,False,W-004851,1.0
W-003622,False,W-004852,1.0
W-003623,False,W-004853,1.0
W-003624,False,W-000309,0.9981326460838318
W-003625,False,W-004855,1.0
W-003626,False,W-004856,1.0
W-003627,False,W-002397,1.0
W-003628,False,W-002398,1.0
W-003629,False,W-002399,1.0
W-003630,False,W-004860,1.0
W-003631,False,W-002401,0.9999998807907104
W-003632,False,W-002402,0.9999998211860657
W-003633,False,W-001173,1.0
W-003634,False,W-001174,1.0
W-003635,False,W-001175,1.0
W-003636,False,W-001176,1.0
W-003637,False,W-001177,0.9999998807907104
W-003638,False,W-004868,1.0
W-003639,False,W-004869,1.0
W-003640,False,W-004870,1.0
W-003641,False,W-004871,1.0
W-003642,False,W-004872,1.0
W-003643,False,W-004873,1.0
W-003644,False,W-002414,1.0
W-003645,False,W-004875,1.0
W-003646,False,W-002416,1.0
W-003647,False,W-004877,1.0
W-003648,False,W-002418,1.0
W-003649,False,W-000838,0.9951095581054688
W-003650,False,W-001190,0.9999999403953552
W-003651,False,W-001191,1.0
W-003652,False,W-001192,1.0
W-003653,False,W-001193,1.0
W-003654,False,W-001194,1.0
W-003655,False,W-000352,0.998921275138855
W-003656,False,W-004886,0.9999998211860657
W-003657,False,W-004887,1.0
W-003658,False,W-004888,0.9999997615814209
W-003659,False,W-004889,0.9999997615814209
W-003660,False,W-004890,0.9999998807907104
W-003661,False,W-002431,0.9999998807907104
W-003662,False,W-002432,0.9999999403953552
W-003663,False,W-002433,1.0
W-003664,False,W-002434,0.9999998807907104
W-003665,False,W-002435,1.0
W-003666,False,W-002436,1.0
W-003667,False,W-001207,1.0
W-003668,False,W-002438,1.0
W-003669,False,W-001209,1.0
W-003670,False,W-001210,0.9999997615814209
W-003671,False,W-001211,1.0
W-003672,False,W-004902,1.0
W-003673,False,W-004030,0.9993126392364502
W-003674,False,W-004904,0.9999998807907104
W-003675,False,W-004905,1.0
W-003676,False,W-004906,1.0
W-003677,False,W-004907,0.9999997615814209
W-003678,False,W-002448,1.0
W-003679,False,W-002449,1.0
W-003680,False,W-004910,1.0
W-003681,False,W-004911,1.0
W-003682,False,W-004912,0.9999998807907104
W-003683,False,W-002453,1.0
W-003684,False,W-001224,0.9999998807907104
W-003685,False,W-001225,1.0
W-003686,False,W-002456,1.0
W-003687,False,W-001227,1.0
W-003688,False,W-002458,1.0
W-003689,False,W-004919,0.9999998807907104
W-003690,False,W-004920,1.0
W-003691,False,W-004921,1.0
W-003692,False,W-004922,1.0
W-003693,False,W-004923,1.0
W-003694,False,W-004924,1.0
W-003695,False,W-004925,1.0
W-003696,False,W-002466,1.0
W-003697,False,W-002467,1.0
W-003698,False,W-002468,1.0
W-003699,False,W-002469,1.0
W-003700,False,W-002470,1.0
W-003701,False,W-001241,0.9999999403953552
W-003702,False,W-001242,1.0
W-003703,False,W-001243,1.0
W-003704,False,W-001244,1.0
W-003705,False,W-001245,1.0
W-003706,False,W-004936,1.0
W-003707,False,W-004937,0.9999998807907104
W-003708,False,W-004938,1.0
W-003709,False,W-004939,1.0
W-003710,False,W-004940,0.9999997615814209
W-003711,False,W-004941,0.9999998211860657
W-003712,False,W-002482,1.0
W-003713,False,W-002483,1.0
W-003714,False,W-002484,1.0
W-003715,False,W-002485,1.0
W-003716,False,W-002486,0.9999997615814209
W-003717,False,W-002487,1.0
W-003718,False,W-001258,1.0
W-003719,False,W-001259,1.0
W-003720,False,W-001260,0.9999997615814209
W-003721,False,W-001261,0.9999998807907104
W-003722,False,W-002492,1.0
W-003723,False,W-004953,1.0
W-003724,False,W-004954,1.0
W-003725,False,W-001634,0.993925929069519
W-003726,False,W-004956,1.0
W-003727,False,W-001636,0.9958145618438721
W-003728,False,W-004958,1.0
W-003729,False,W-004959,1.0
W-003730,False,W-002500,1.0
W-003731,False,W-002501,1.0
W-003732,False,W-004962,0.9999998807907104
W-003733,False,W-002503,1.0
W-003734,False,W-000413,0.9923357963562012
W-003735,False,W-001275,1.0
W-003736,False,W-002506,1.0
W-003737,False,W-001277,0.9999999403953552
W-003738,False,W-001278,0.9999998807907104
W-003739,False,W-001279,1.0
W-003740,False,W-004970,0.9999996423721313
W-003741,False,W-002886,0.9963334798812866
W-003742,False,W-004972,1.0
W-003743,False,W-004973,1.0
W-003744,False,W-004974,1.0
W-003745,False,W-004975,1.0
W-003746,False,W-004976,1.0
W-003747,False,W-002517,0.9999998807907104
W-003748,False,W-004978,1.0
W-003749,False,W-002519,1.0
W-003750,False,W-002520,0.9999998807907104
W-003751,False,W-002521,1.0
W-003752,False,W-001292,1.0
W-003753,False,W-001293,0.9999998807907104
W-003754,False,W-001294,1.0
W-003755,False,W-001295,1.0
W-003756,False,W-001296,1.0
W-003757,False,W-004987,1.0
W-003758,False,W-004988,0.9999999403953552
W-003759,False,W-004989,1.0
W-003760,False,W-004990,1.0
W-003761,False,W-004991,1.0
W-003762,False,W-004992,1.0
W-003763,False,W-002533,0.9999999403953552
W-003764,False,W-002534,1.0
W-003765,False,W-002535,1.0
W-003766,False,W-002536,1.0
W-003767,False,W-002537,0.9999999403953552
W-003768,False,W-002538,1.0
W-003769,False,W-001309,1.0
W-003770,False,W-001310,1.0
W-003771,False,W-001311,0.9999998807907104
W-003772,False,W-001312,1.0
W-003773,False,W-001313,1.0
W-003774,False,W-001683,0.9901418685913086
W-003775,False,W-001684,0.9919338226318359
W-003776,False,W-000824,0.9938163757324219
W-003777,False,W-001182,0.997245192527771
W-003778,False,W-000832,0.9988885521888733
W-003779,False,W-002918,0.9942412376403809
W-003780,False,W-002550,0.9999997615814209
W-003781,False,W-002551,0.9999999403953552
W-003782,False,W-002552,1.0
W-003783,False,W-002553,0.9999999403953552
W-003784,False,W-000463,0.9957040548324585
W-003785,False,W-002555,1.0
W-003786,False,W-001326,1.0
W-003787,False,W-001327,1.0
W-003788,False,W-002558,1.0
W-003789,False,W-001329,0.9999998807907104
W-003790,False,W-001330,1.0
W-003791,False,W-001700,0.9945572018623352
W-003792,False,W-000477,0.9965944290161133
W-003793,False,W-000841,0.9925463199615479
W-003794,False,W-000479,0.9947596192359924
W-003795,False,W-001200,0.9941943883895874
W-003796,False,W-004510,0.9989210367202759
W-003797,False,W-002567,1.0
W-003798,False,W-002568,1.0
W-003799,False,W-002569,1.0
W-003800,False,W-002570,1.0
W-003801,False,W-002571,0.9999999403953552
W-003802,False,W-002572,0.9999998807907104
W-003803,False,W-001343,1.0
W-003804,False,W-001344,1.0
W-003805,False,W-001345,0.9999998807907104
W-003806,False,W-001346,1.0
W-003807,False,W-001347,1.0
W-003808,False,W-000856,0.9948015809059143
W-003809,False,W-001718,0.9960659742355347
W-003810,False,W-001719,0.9952090978622437
W-003811,False,W-001216,0.9974801540374756
W-003812,False,W-001721,0.9958561062812805
W-003813,False,W-003456,0.9991850852966309
W-003814,False,W-002584,1.0
W-003815,False,W-002585,0.9999998807907104
W-003816,False,W-002586,0.9999997615814209
W-003817,False,W-002587,1.0
W-003818,False,W-002588,1.0
W-003819,False,W-002589,0.9999999403953552
W-003820,False,W-001360,1.0
W-003821,False,W-001361,0.9999997615814209
W-003822,False,W-001362,1.0
W-003823,False,W-001363,1.0
W-003824,False,W-001364,1.0
W-003825,False,W-003468,0.9985278248786926
W-003826,False,W-000013,0.9964197874069214
W-003827,False,W-001736,0.9944849014282227
W-003828,False,W-003483,0.9970455169677734
W-003829,False,W-000514,0.9966546893119812
W-003830,False,W-000515,0.995688259601593
W-003831,False,W-002601,0.9999999403953552
W-003832,False,W-002602,0.9999998807907104
W-003833,False,W-000518,0.9919214248657227
W-003834,False,W-002604,1.0
W-003835,False,W-002605,0.9999997019767761
W-003836,False,W-002606,1.0
W-003837,False,W-001377,1.0
W-003838,False,W-001378,0.9999998211860657
W-003839,False,W-001379,1.0
W-003840,False,W-001380,1.0
W-003841,False,W-001381,1.0
W-003842,False,W-001751,0.9955946207046509
W-003843,False,W-000030,0.9954240322113037
W-003844,False,W-000031,0.9937179088592529
W-003845,False,W-002990,0.9917552471160889
W-003846,False,W-000531,0.9946825504302979
W-003847,False,W-001756,0.9969195127487183
W-003848,False,W-002618,1.0
W-003849,False,W-004710,0.9961929321289062
W-003850,False,W-002620,1.0
W-003851,False,W-002621,1.0
W-003852,False,W-002622,1.0
W-003853,False,W-002623,1.0
W-003854,False,W-002624,0.9999998211860657
W-003855,False,W-001395,1.0
W-003856,False,W-001396,0.9999998807907104
W-003857,False,W-001397,1.0
W-003858,False,W-001398,1.0
W-003859,False,W-000046,0.9946030974388123
W-003860,False,W-000557,0.9988306760787964
W-003861,False,W-000048,0.9954776167869568
W-003862,False,W-001771,0.9957650899887085
W-003863,False,W-000911,0.9954434633255005
W-003864,False,W-001773,0.9958741664886475
W-003865,False,W-002635,1.0
W-003866,False,W-002636,0.9999998807907104
W-003867,False,W-002637,1.0
W-003868,False,W-002638,0.9999997615814209
W-003869,False,W-002639,1.0
W-003870,False,W-002640,1.0
W-003871,False,W-001411,1.0
W-003872,False,W-001412,1.0
W-003873,False,W-001413,1.0
W-003874,False,W-001414,1.0
W-003875,False,W-001415,1.0
W-003876,False,W-000561,0.9936758279800415
W-003877,False,W-000052,0.9958382844924927
W-003878,False,W-004235,0.9986467361450195
W-003879,False,W-003024,0.9963666200637817
W-003880,False,W-001789,0.9949566721916199
W-003881,False,W-000929,0.9946760535240173
W-003882,False,W-002652,1.0
W-003883,False,W-002653,1.0
W-003884,False,W-002654,0.9999999403953552
W-003885,False,W-002655,0.9999998807907104
W-003886,False,W-004747,0.9956015348434448
W-003887,False,W-000566,0.9948699474334717
W-003888,False,W-001428,1.0
W-003889,False,W-001429,1.0
W-003890,False,W-001430,1.0
W-003891,False,W-001431,1.0
W-003892,False,W-001432,0.9999998807907104
W-003893,False,W-000941,0.9956649541854858
W-003894,False,W-000075,0.9962891936302185
W-003895,False,W-003181,0.9988158345222473
W-003896,False,W-000083,0.9951751232147217
W-003897,False,W-001806,0.9947891235351562
W-003898,False,W-001807,0.9941740036010742
W-003899,False,W-002669,1.0
W-003900,False,W-002670,1.0
W-003901,False,W-002671,1.0
W-003902,False,W-002672,0.9999998211860657
W-003903,False,W-002673,1.0
W-003904,False,W-002674,0.9999998807907104
W-003905,False,W-001445,0.9999997615814209
W-003906,False,W-001446,1.0
W-003907,False,W-001447,1.0
W-003908,False,W-002678,1.0
W-003909,False,W-001449,1.0
W-003910,False,W-003565,0.9929828643798828
W-003911,False,W-000596,0.9979109764099121
W-003912,False,W-000597,0.9963937997817993
W-003913,False,W-000094,0.9993593096733093
W-003914,False,W-000101,0.9946011304855347
W-003915,False,W-001824,0.9954662919044495
W-003916,False,W-002686,1.0
W-003917,False,W-002687,1.0
W-003918,False,W-002688,0.9999997615814209
W-003919,False,W-002689,1.0
W-003920,False,W-002690,1.0
W-003921,False,W-002691,1.0
W-003922,False,W-002692,1.0
W-003923,False,W-001463,1.0
W-003924,False,W-002694,1.0
W-003925,False,W-001465,1.0
W-003926,False,W-001466,1.0
W-003927,False,W-001836,0.9916200637817383
W-003928,False,W-000613,0.9961572885513306
W-003929,False,W-000614,0.9963111877441406
W-003930,False,W-001839,0.9973243474960327
W-003931,False,W-000979,0.9959408044815063
W-003932,False,W-001841,0.9946992993354797
W-003933,False,W-002703,1.0
W-003934,False,W-002704,1.0
W-003935,False,W-002705,1.0
W-003936,False,W-002706,0.9999999403953552
W-003937,False,W-002707,1.0
W-003938,False,W-004799,0.9940614700317383
W-003939,False,W-001479,1.0
W-003940,False,W-001480,1.0
W-003941,False,W-001481,1.0
W-003942,False,W-001482,0.9999998807907104
W-003943,False,W-001483,1.0
W-003944,False,W-000131,0.9942466020584106
W-003945,False,W-000120,0.9974126815795898
W-003946,False,W-000133,0.992328405380249
W-003947,False,W-001856,0.9957237839698792
W-003948,False,W-000996,0.9964867234230042
W-003949,False,W-001858,0.9959057569503784
W-003950,False,W-002720,1.0
W-003951,False,W-002721,1.0
W-003952,False,W-002722,1.0
W-003953,False,W-002723,1.0
W-003954,False,W-001002,0.9946967363357544
W-003955,False,W-002725,1.0
W-003956,False,W-002726,1.0
W-003957,False,W-002727,1.0
W-003958,False,W-001498,1.0
W-003959,False,W-001499,1.0
W-003960,False,W-002730,0.9999999403953552
W-003961,False,W-001009,0.9937629699707031
W-003962,False,W-003101,0.9967289566993713
W-003963,False,W-001011,0.99590665102005
W-003964,False,W-000649,0.9982417225837708
W-003965,False,W-001874,0.9926440715789795
W-003966,False,W-001014,0.9971534013748169
W-003967,False,W-002737,1.0
W-003968,False,W-002738,1.0
W-003969,False,W-002739,1.0
W-003970,False,W-000655,0.9981039762496948
W-003971,False,W-002741,1.0
W-003972,False,W-002742,1.0
W-003973,False,W-001513,1.0
W-003974,False,W-002744,1.0
W-003975,False,W-002745,1.0
W-003976,False,W-001516,0.9999998807907104
W-003977,False,W-002747,0.9999999403953552
W-003978,False,W-001026,0.9913736581802368
W-003979,False,W-000166,0.9956861734390259
W-003980,False,W-001889,0.9910769462585449
W-003981,False,W-000666,0.9967838525772095
W-003982,False,W-001891,0.9963353872299194
W-003983,False,W-001031,0.9941765069961548
W-003984,False,W-002754,1.0
W-003985,False,W-000664,0.9934693574905396
W-003986,False,W-004847,0.994983434677124
W-003987,False,W-002757,1.0
W-003988,False,W-000673,0.9952248334884644
W-003989,False,W-002759,1.0
W-003990,False,W-001530,1.0
W-003991,False,W-001531,1.0
W-003992,False,W-001532,1.0
W-003993,False,W-002763,1.0
W-003994,False,W-001534,1.0
W-003995,False,W-001049,0.9994208216667175
W-003996,False,W-001905,0.995841383934021
W-003997,False,W-001906,0.9938808679580688
W-003998,False,W-001046,0.994599461555481
W-003999,False,W-000186,0.9950334429740906
W-004000,False,W-000175,0.9954947233200073
W-004001,False,W-002771,1.0
W-004002,False,W-002772,1.0
W-004003,False,W-002773,0.9999999403953552
W-004004,False,W-002774,1.0
W-004005,False,W-002775,1.0
W-004006,False,W-002776,0.9999998807907104
W-004007,False,W-001547,1.0
W-004008,False,W-002778,0.9999997615814209
W-004009,False,W-001549,1.0
W-004010,False,W-001550,1.0
W-004011,False,W-001551,0.9999999403953552
W-004012,False,W-001921,0.9952285289764404
W-004013,False,W-002291,0.9964585304260254
W-004014,False,W-000201,0.9950084686279297
W-004015,False,W-000355,0.9965104460716248
W-004016,False,W-000203,0.995400071144104
W-004017,False,W-001926,0.9970754384994507
W-004018,False,W-002788,1.0
W-004019,False,W-002789,1.0
W-004020,False,W-002790,1.0
W-004021,False,W-002791,1.0
W-004022,False,W-002792,0.9999999403953552
W-004023,False,W-002793,1.0
W-004024,False,W-001564,0.9999998807907104
W-004025,False,W-002795,1.0
W-004026,False,W-001566,1.0
W-004027,False,W-001567,1.0
W-004028,False,W-001568,1.0
W-004029,False,W-000714,0.9937455058097839
W-004030,False,W-003673,0.9993126392364502
W-004031,False,W-001079,0.9940021634101868
W-004032,False,W-001941,0.9963515400886536
W-004033,False,W-001081,0.9939131736755371
W-004034,False,W-001943,0.9944983720779419
W-004035,False,W-002805,1.0
W-004036,False,W-002806,1.0
W-004037,False,W-002807,0.9999998807907104
W-004038,False,W-002808,1.0
W-004039,False,W-002809,1.0
W-004040,False,W-002810,1.0
W-004041,False,W-001581,0.9999997615814209
W-004042,False,W-002812,1.0
W-004043,False,W-001583,1.0
W-004044,False,W-001584,1.0
W-004045,False,W-001585,0.9999996423721313
W-004046,False,W-000221,0.9969143867492676
W-004047,False,W-001956,0.9945113658905029
W-004048,False,W-001096,0.994607150554657
W-004049,False,W-000236,0.9944324493408203
W-004050,False,W-001959,0.9927197694778442
W-004051,False,W-000736,0.9961265325546265
W-004052,False,W-000737,0.9969875812530518
W-004053,False,W-002823,1.0
W-004054,False,W-000733,0.9935640096664429
W-004055,False,W-002825,0.9999998807907104
W-004056,False,W-002826,0.9999998807907104
W-004057,False,W-002827,1.0
W-004058,False,W-001598,1.0
W-004059,False,W-001599,0.9999997615814209
W-004060,False,W-002830,0.9999998807907104
W-004061,False,W-001601,1.0
W-004062,False,W-002832,1.0
W-004063,False,W-001111,0.993430495262146
W-004064,False,W-002699,0.9969663023948669
W-004065,False,W-000762,0.9983277320861816
W-004066,False,W-001975,0.9952422380447388
W-004067,False,W-001976,0.9959198236465454
W-004068,False,W-001116,0.9972362518310547
W-004069,False,W-001984,0.9938474893569946
W-004070,False,W-002840,1.0
W-004071,False,W-002841,0.9999996423721313
W-004072,False,W-000751,0.9963828325271606
W-004073,False,W-001121,0.9945472478866577
W-004074,False,W-002844,1.0
W-004075,False,W-001615,1.0
W-004076,False,W-001616,1.0
W-004077,False,W-002847,1.0
W-004078,False,W-002848,0.9999995231628418
W-004079,False,W-001619,1.0
W-004080,False,W-001989,0.989473819732666
W-004081,False,W-001129,0.9963394403457642
W-004082,False,W-000257,0.9944733381271362
W-004083,False,W-004440,0.9992313385009766
W-004084,False,W-000271,0.9951086044311523
W-004085,False,W-001994,0.9934579133987427
W-004086,False,W-002856,1.0
W-004087,False,W-002857,0.9999998807907104
W-004088,False,W-002858,1.0
W-004089,False,W-002859,1.0
W-004090,False,W-002860,0.9999999403953552
W-004091,False,W-004952,0.994186282157898
W-004092,False,W-001632,1.0
W-004093,False,W-002863,0.9999997019767761
W-004094,False,W-001634,1.0
W-004095,False,W-002865,0.9999998807907104
W-004096,False,W-001636,1.0
W-004097,False,W-002006,0.996324360370636
W-004098,False,W-000273,0.9975365996360779
W-004099,False,W-000280,0.9926903247833252
W-004100,False,W-003386,0.9991786479949951
W-004101,False,W-001149,0.9945979118347168
W-004102,False,W-002011,0.9962822794914246
W-004103,False,W-002873,0.9999998211860657
W-004104,False,W-002874,0.9999998807907104
W-004105,False,W-002875,0.9999998807907104
W-004106,False,W-002876,1.0
W-004107,False,W-000786,0.9949390888214111
W-004108,False,W-002878,1.0
W-004109,False,W-001649,0.9999999403953552
W-004110,False,W-002880,0.9999998807907104
W-004111,False,W-001651,0.9999998807907104
W-004112,False,W-001652,1.0
W-004113,False,W-001653,0.9999997615814209
W-004114,False,W-000301,0.9938910603523254
W-004115,False,W-002540,0.9961796998977661
W-004116,False,W-000801,0.9961978793144226
W-004117,False,W-000802,0.997743546962738
W-004118,False,W-000299,0.9996592402458191
W-004119,False,W-002028,0.9960174560546875
W-004120,False,W-000805,0.9930640459060669
W-004121,False,W-002891,1.0
W-004122,False,W-002892,1.0
W-004123,False,W-002893,1.0
W-004124,False,W-002894,1.0
W-004125,False,W-002895,1.0
W-004126,False,W-001666,1.0
W-004127,False,W-001667,1.0
W-004128,False,W-002898,0.9999998807907104
W-004129,False,W-001669,1.0
W-004130,False,W-001670,1.0
W-004131,False,W-000318,0.9924349188804626
W-004132,False,W-002041,0.9954274892807007
W-004133,False,W-000818,0.9948391914367676
W-004134,False,W-000819,0.9982085227966309
W-004135,False,W-002044,0.9954544305801392
W-004136,False,W-001184,0.994477391242981
W-004137,False,W-002907,0.9999998807907104
W-004138,False,W-002908,1.0
W-004139,False,W-002909,0.9999998807907104
W-004140,False,W-002910,1.0
W-004141,False,W-001189,0.9948137402534485
W-004142,False,W-002912,1.0
W-004143,False,W-001683,1.0
W-004144,False,W-001684,0.9999998807907104
W-004145,False,W-001685,1.0
W-004146,False,W-002916,0.9999998807907104
W-004147,False,W-001687,1.0
W-004148,False,W-001196,0.9952371120452881
W-004149,False,W-002784,0.995097815990448
W-004150,False,W-000325,0.9928133487701416
W-004151,False,W-000338,0.9944654107093811
W-004152,False,W-000837,0.9948480725288391
W-004153,False,W-001201,0.9969407320022583
W-004154,False,W-002924,0.9999998807907104
W-004155,False,W-002925,1.0
W-004156,False,W-002926,1.0
W-004157,False,W-002927,1.0
W-004158,False,W-002928,1.0
W-004159,False,W-002929,1.0
W-004160,False,W-001700,1.0
W-004161,False,W-001701,1.0
W-004162,False,W-001702,1.0
W-004163,False,W-001703,0.9999999403953552
W-004164,False,W-001704,1.0
W-004165,False,W-002074,0.994071364402771
W-004166,False,W-001214,0.9961506724357605
W-004167,False,W-004536,0.996519923210144
W-004168,False,W-000853,0.9972236752510071
W-004169,False,W-000344,0.9962387084960938
W-004170,False,W-002079,0.9956912398338318
W-004171,False,W-002941,1.0
W-004172,False,W-002942,1.0
W-004173,False,W-002943,1.0
W-004174,False,W-002944,1.0
W-004175,False,W-002945,1.0
W-004176,False,W-000855,0.995975136756897
W-004177,False,W-002947,0.9999998807907104
W-004178,False,W-001718,0.9999997615814209
W-004179,False,W-002949,1.0
W-004180,False,W-001720,1.0
W-004181,False,W-001721,1.0
W-004182,False,W-000006,0.998712420463562
W-004183,False,W-000001,0.9960137009620667
W-004184,False,W-000371,0.9936051368713379
W-004185,False,W-000870,0.9960703253746033
W-004186,False,W-000004,0.9952266216278076
W-004187,False,W-002096,0.9951736927032471
W-004188,False,W-000012,0.9989324808120728
W-004189,False,W-002959,0.9999997615814209
W-004190,False,W-002960,1.0
W-004191,False,W-002961,1.0
W-004192,False,W-002962,1.0
W-004193,False,W-002963,1.0
W-004194,False,W-001734,1.0
W-004195,False,W-001735,1.0
W-004196,False,W-001736,1.0
W-004197,False,W-001737,1.0
W-004198,False,W-001738,1.0
W-004199,False,W-000884,0.9971405267715454
W-004200,False,W-000024,0.9991066455841064
W-004201,False,W-000388,0.9939121007919312
W-004202,False,W-002111,0.9951992630958557
W-004203,False,W-001251,0.9928896427154541
W-004204,False,W-002113,0.9959882497787476
W-004205,False,W-002975,0.9999999403953552
W-004206,False,W-002976,1.0
W-004207,False,W-002977,1.0
W-004208,False,W-002978,1.0
W-004209,False,W-002979,1.0
W-004210,False,W-002980,1.0
W-004211,False,W-001751,1.0
W-004212,False,W-001752,1.0
W-004213,False,W-001753,1.0
W-004214,False,W-001754,1.0
W-004215,False,W-002985,1.0
W-004216,False,W-000901,0.996248722076416
W-004217,False,W-004586,0.9968852996826172
W-004218,False,W-001266,0.9958881139755249
W-004219,False,W-000904,0.996031641960144
W-004220,False,W-000050,0.9939473271369934
W-004221,False,W-000039,0.9970011115074158
W-004222,False,W-002992,1.0
W-004223,False,W-002993,1.0
W-004224,False,W-002994,1.0
W-004225,False,W-002995,0.9999997615814209
W-004226,False,W-002996,1.0
W-004227,False,W-000906,0.9970302581787109
W-004228,False,W-001768,0.9999998807907104
W-004229,False,W-002999,1.0
W-004230,False,W-001770,1.0
W-004231,False,W-001771,1.0
W-004232,False,W-001772,1.0
W-004233,False,W-000918,0.9916112422943115
W-004234,False,W-000919,0.9961539506912231
W-004235,False,W-003878,0.9986467361450195
W-004236,False,W-002145,0.9969452619552612
W-004237,False,W-002146,0.9959931373596191
W-004238,False,W-000056,0.9934206008911133
W-004239,False,W-003009,1.0
W-004240,False,W-003010,0.9999997615814209
W-004241,False,W-003011,0.9999998807907104
W-004242,False,W-003012,1.0
W-004243,False,W-003013,0.9999999403953552
W-004244,False,W-003014,0.9999998807907104
W-004245,False,W-001785,0.9999998807907104
W-004246,False,W-001786,1.0
W-004247,False,W-001787,1.0
W-004248,False,W-001788,1.0
W-004249,False,W-001789,1.0
W-004250,False,W-000935,0.9959462285041809
W-004251,False,W-000936,0.9978827238082886
W-004252,False,W-002161,0.9937247037887573
W-004253,False,W-000071,0.9956934452056885
W-004254,False,W-000441,0.9948742389678955
W-004255,False,W-002164,0.9941602945327759
W-004256,False,W-002171,0.9963226914405823
W-004257,False,W-003027,1.0
W-004258,False,W-003028,1.0
W-004259,False,W-003029,1.0
W-004260,False,W-003030,1.0
W-004261,False,W-000079,0.995728611946106
W-004262,False,W-001802,1.0
W-004263,False,W-001803,1.0
W-004264,False,W-003034,1.0
W-004265,False,W-001805,1.0
W-004266,False,W-001806,0.9999998211860657
W-004267,False,W-002176,0.9937756061553955
W-004268,False,W-002903,0.9965964555740356
W-004269,False,W-000456,0.9959290027618408
W-004270,False,W-000967,0.999143660068512
W-004271,False,W-000458,0.9951669573783875
W-004272,False,W-002181,0.9971396923065186
W-004273,False,W-003043,0.9999998807907104
W-004274,False,W-000959,0.9970121383666992
W-004275,False,W-003045,0.9999997019767761
W-004276,False,W-003046,1.0
W-004277,False,W-003047,1.0
W-004278,False,W-003048,1.0
W-004279,False,W-001819,1.0
W-004280,False,W-001820,1.0
W-004281,False,W-001821,1.0
W-004282,False,W-001822,1.0
W-004283,False,W-001823,1.0
W-004284,False,W-000471,0.989689826965332
W-004285,False,W-002920,0.9930590987205505
W-004286,False,W-000971,0.9954755306243896
W-004287,False,W-000462,0.9969727993011475
W-004288,False,W-004645,0.9985861778259277
W-004289,False,W-002198,0.9934170246124268
W-004290,False,W-003060,1.0
W-004291,False,W-003061,0.9999996423721313
W-004292,False,W-003062,1.0
W-004293,False,W-003063,1.0
W-004294,False,W-003064,1.0
W-004295,False,W-003065,1.0
W-004296,False,W-003066,1.0
W-004297,False,W-001837,0.9999997615814209
W-004298,False,W-001838,1.0
W-004299,False,W-001839,1.0
W-004300,False,W-001840,1.0
W-004301,False,W-000488,0.9942878484725952
W-004302,False,W-000132,0.997586190700531
W-004303,False,W-001351,0.9942886829376221
W-004304,False,W-002213,0.9942861795425415
W-004305,False,W-003591,0.9985212683677673
W-004306,False,W-000124,0.9956018924713135
W-004307,False,W-003077,1.0
W-004308,False,W-003078,1.0
W-004309,False,W-003079,0.9999998807907104
W-004310,False,W-003080,1.0
W-004311,False,W-003081,1.0
W-004312,False,W-003082,1.0
W-004313,False,W-001853,0.9999998211860657
W-004314,False,W-001854,1.0
W-004315,False,W-001855,1.0
W-004316,False,W-001856,1.0
W-004317,False,W-001857,0.9999998807907104
W-004318,False,W-000136,0.9950096607208252
W-004319,False,W-000506,0.9963647127151489
W-004320,False,W-001515,0.9940871000289917
W-004321,False,W-001006,0.9979548454284668
W-004322,False,W-001007,0.9961490631103516
W-004323,False,W-000504,0.999484658241272
W-004324,False,W-003094,1.0
W-004325,False,W-003095,0.9999998807907104
W-004326,False,W-003096,1.0
W-004327,False,W-003097,1.0
W-004328,False,W-003098,1.0
W-004329,False,W-003099,1.0
W-004330,False,W-001870,1.0
W-004331,False,W-001871,1.0
W-004332,False,W-001872,1.0
W-004333,False,W-003103,1.0
W-004334,False,W-001874,1.0
W-004335,False,W-003474,0.9911222457885742
W-004336,False,W-000154,0.9962083101272583
W-004337,False,W-002246,0.9936783909797668
W-004338,False,W-001023,0.997727632522583
W-004339,False,W-001024,0.9965785145759583
W-004340,False,W-002249,0.9942442178726196
W-004341,False,W-003111,1.0
W-004342,False,W-003112,1.0
W-004343,False,W-001391,0.9927304983139038
W-004344,False,W-003114,1.0
W-004345,False,W-003115,0.9999997615814209
W-004346,False,W-000164,0.9932668209075928
W-004347,False,W-001887,1.0
W-004348,False,W-001888,0.9999998807907104
W-004349,False,W-003119,1.0
W-004350,False,W-003120,1.0
W-004351,False,W-001891,1.0
W-004352,False,W-002261,0.9968816637992859
W-004353,False,W-000540,0.9947988390922546
W-004354,False,W-000541,0.9929859638214111
W-004355,False,W-000530,0.9937043786048889
W-004356,False,W-000174,0.9928116798400879
W-004357,False,W-002266,0.9965423345565796
W-004358,False,W-003128,1.0
W-004359,False,W-003129,1.0
W-004360,False,W-003130,0.9999999403953552
W-004361,False,W-003131,0.9999999403953552
W-004362,False,W-003132,1.0
W-004363,False,W-003133,1.0
W-004364,False,W-001904,1.0
W-004365,False,W-001905,1.0
W-004366,False,W-003136,1.0
W-004367,False,W-001907,1.0
W-004368,False,W-001908,1.0
W-004369,False,W-003004,0.9946260452270508
W-004370,False,W-004739,0.9962866306304932
W-004371,False,W-000558,0.9949969053268433
W-004372,False,W-003511,0.9963061213493347
W-004373,False,W-002651,0.9953200221061707
W-004374,False,W-000549,0.9971349239349365
W-004375,False,W-003145,1.0
W-004376,False,W-003146,1.0
W-004377,False,W-003147,1.0
W-004378,False,W-003148,1.0
W-004379,False,W-003149,0.9999998807907104
W-004380,False,W-003150,0.9999997615814209
W-004381,False,W-001921,1.0
W-004382,False,W-001922,1.0
W-004383,False,W-001923,1.0
W-004384,False,W-001924,1.0
W-004385,False,W-003155,1.0
W-004386,False,W-000204,0.9906712174415588
W-004387,False,W-000211,0.9987406730651855
W-004388,False,W-001436,0.9933324456214905
W-004389,False,W-000576,0.9960451126098633
W-004390,False,W-002299,0.9936013221740723
W-004391,False,W-000209,0.9937806129455566
W-004392,False,W-003162,1.0
W-004393,False,W-003163,1.0
W-004394,False,W-003164,0.9999999403953552
W-004395,False,W-003165,0.9999998807907104
W-004396,False,W-003166,0.9999997615814209
W-004397,False,W-001076,0.9941115975379944
W-004398,False,W-003168,1.0
W-004399,False,W-001939,1.0
W-004400,False,W-001940,1.0
W-004401,False,W-001941,1.0
W-004402,False,W-001942,0.9999997615814209
W-004403,False,W-000233,0.9970390200614929
W-004404,False,W-001089,0.9974693059921265
W-004405,False,W-001459,0.9991787672042847
W-004406,False,W-000593,0.9952053427696228
W-004407,False,W-002316,0.9942171573638916
W-004408,False,W-000226,0.9954652786254883
W-004409,False,W-003179,1.0
W-004410,False,W-003180,0.9999998807907104
W-004411,False,W-003181,1.0
W-004412,False,W-003182,1.0
W-004413,False,W-000231,0.9938375353813171
W-004414,False,W-003184,1.0
W-004415,False,W-003185,1.0
W-004416,False,W-001956,1.0
W-004417,False,W-001957,0.9999998807907104
W-004418,False,W-001958,1.0
W-004419,False,W-001959,0.9999998807907104
W-004420,False,W-001105,0.9956879615783691
W-004421,False,W-001106,0.9979702234268188
W-004422,False,W-002331,0.9965251088142395
W-004423,False,W-002701,0.9953827857971191
W-004424,False,W-000611,0.9940252900123596
W-004425,False,W-002334,0.9961032867431641
W-004426,False,W-001474,0.995099663734436
W-004427,False,W-003197,1.0
W-004428,False,W-003198,1.0
W-004429,False,W-003199,1.0
W-004430,False,W-003200,1.0
W-004431,False,W-003201,1.0
W-004432,False,W-003202,1.0
W-004433,False,W-001973,1.0
W-004434,False,W-001974,1.0
W-004435,False,W-001975,0.9999998807907104
W-004436,False,W-001976,1.0
W-004437,False,W-002346,0.9930427670478821
W-004438,False,W-002353,0.994755208492279
W-004439,False,W-001124,0.9944021701812744
W-004440,False,W-004083,0.9992313385009766
W-004441,False,W-000259,0.9960354566574097
W-004442,False,W-002351,0.9948519468307495
W-004443,False,W-003213,1.0
W-004444,False,W-003214,1.0
W-004445,False,W-003215,1.0
W-004446,False,W-003216,0.9999998807907104
W-004447,False,W-003217,1.0
W-004448,False,W-003218,0.9999997615814209
W-004449,False,W-001989,1.0
W-004450,False,W-001990,1.0
W-004451,False,W-001991,1.0
W-004452,False,W-001992,1.0
W-004453,False,W-001993,1.0
W-004454,False,W-000641,0.9947260022163391
W-004455,False,W-001140,0.9975077509880066
W-004456,False,W-000631,0.9952236413955688
W-004457,False,W-002366,0.9951877593994141
W-004458,False,W-001506,0.9949014782905579
W-004459,False,W-002368,0.9956521391868591
W-004460,False,W-003230,0.9999997615814209
W-004461,False,W-003231,1.0
W-004462,False,W-003232,1.0
W-004463,False,W-003233,0.9999998807907104
W-004464,False,W-003234,0.9999998807907104
W-004465,False,W-003235,1.0
W-004466,False,W-002006,1.0
W-004467,False,W-002007,1.0
W-004468,False,W-003238,1.0
W-004469,False,W-002009,1.0
W-004470,False,W-002010,1.0
W-004471,False,W-000289,0.9942125082015991
W-004472,False,W-002381,0.9959906339645386
W-004473,False,W-002751,0.9953637719154358
W-004474,False,W-001879,0.9973276257514954
W-004475,False,W-001172,0.9989742040634155
W-004476,False,W-000294,0.9967445731163025
W-004477,False,W-003247,1.0
W-004478,False,W-003248,1.0
W-004479,False,W-003249,0.9999997615814209
W-004480,False,W-003250,1.0
W-004481,False,W-003251,1.0
W-004482,False,W-003252,1.0
W-004483,False,W-003253,0.9999997615814209
W-004484,False,W-002024,1.0
W-004485,False,W-002025,1.0
W-004486,False,W-002026,1.0
W-004487,False,W-002027,0.9999998211860657
W-004488,False,W-002766,0.9913463592529297
W-004489,False,W-000676,0.9949520230293274
W-004490,False,W-004859,0.9923222661018372
W-004491,False,W-000321,0.9974334239959717
W-004492,False,W-002401,0.9956744313240051
W-004493,False,W-004850,0.9986010789871216
W-004494,False,W-003264,1.0
W-004495,False,W-003265,1.0
W-004496,False,W-003266,1.0
W-004497,False,W-000672,0.997998833656311
W-004498,False,W-003268,1.0
W-004499,False,W-003269,0.9999998807907104
W-004500,False,W-003270,1.0
W-004501,False,W-002041,0.9999998807907104
W-004502,False,W-002042,1.0
W-004503,False,W-002043,1.0
W-004504,False,W-002044,1.0
W-004505,False,W-003644,0.9941926598548889
W-004506,False,W-001191,0.9960492849349976
W-004507,False,W-002416,0.994674801826477
W-004508,False,W-001556,0.9954200983047485
W-004509,False,W-000696,0.994220495223999
W-004510,False,W-003796,0.9989210367202759
W-004511,False,W-003281,1.0
W-004512,False,W-003282,1.0
W-004513,False,W-003283,1.0
W-004514,False,W-003284,1.0
W-004515,False,W-002424,0.993741512298584
W-004516,False,W-003286,0.9999998807907104
W-004517,False,W-002057,1.0
W-004518,False,W-003288,0.9999996423721313
W-004519,False,W-002059,1.0
W-004520,False,W-003290,1.0
W-004521,False,W-002061,0.9999997615814209
W-004522,False,W-000703,0.9993640184402466
W-004523,False,W-001571,0.9966588616371155
W-004524,False,W-000711,0.9952883124351501
W-004525,False,W-002950,0.995669424533844
W-004526,False,W-000356,0.9960554838180542
W-004527,False,W-001212,0.9972805976867676
W-004528,False,W-003298,1.0
W-004529,False,W-003299,1.0
W-004530,False,W-003300,1.0
W-004531,False,W-003301,0.9999997615814209
W-004532,False,W-003302,1.0
W-004533,False,W-003303,1.0
W-004534,False,W-002074,1.0
W-004535,False,W-002075,0.9999997615814209
W-004536,False,W-002076,1.0
W-004537,False,W-002077,1.0
W-004538,False,W-002078,1.0
W-004539,False,W-000726,0.9904322624206543
W-004540,False,W-002449,0.9941303730010986
W-004541,False,W-000359,0.994448184967041
W-004542,False,W-003687,0.9959475994110107
W-004543,False,W-001228,0.9960097074508667
W-004544,False,W-001229,0.9955605268478394
W-004545,False,W-003315,0.9999997019767761
W-004546,False,W-003316,1.0
W-004547,False,W-003317,1.0
W-004548,False,W-003318,1.0
W-004549,False,W-003319,1.0
W-004550,False,W-003320,1.0
W-004551,False,W-003321,1.0
W-004552,False,W-002092,1.0
W-004553,False,W-002093,1.0
W-004554,False,W-002094,1.0
W-004555,False,W-002095,1.0
W-004556,False,W-002471,0.996150553226471
W-004557,False,W-002466,0.9965425729751587
W-004558,False,W-001606,0.9935311079025269
W-004559,False,W-000746,0.9939254522323608
W-004560,False,W-003699,0.9939296245574951
W-004561,False,W-001246,0.9949232935905457
W-004562,False,W-000017,0.9965183734893799
W-004563,False,W-003333,1.0
W-004564,False,W-003334,1.0
W-004565,False,W-003335,0.9999997615814209
W-004566,False,W-003336,1.0
W-004567,False,W-003337,1.0
W-004568,False,W-003338,1.0
W-004569,False,W-002109,1.0
W-004570,False,W-002110,0.9999998807907104
W-004571,False,W-002111,1.0
W-004572,False,W-002112,0.9999998807907104
W-004573,False,W-001258,0.9951633810997009
W-004574,False,W-000749,0.9968679547309875
W-004575,False,W-002484,0.9952889680862427
W-004576,False,W-002491,0.99526047706604
W-004577,False,W-002486,0.9964225888252258
W-004578,False,W-000396,0.9971293210983276
W-004579,False,W-003349,1.0
W-004580,False,W-003350,1.0
W-004581,False,W-003351,1.0
W-004582,False,W-003352,1.0
W-004583,False,W-003353,1.0
W-004584,False,W-000039,0.9962937831878662
W-004585,False,W-002125,1.0
W-004586,False,W-003356,0.9999998211860657
W-004587,False,W-003357,1.0
W-004588,False,W-002128,0.9999998807907104
W-004589,False,W-002129,1.0
W-004590,False,W-003729,0.9906538724899292
W-004591,False,W-000409,0.9956035614013672
W-004592,False,W-000416,0.9987215995788574
W-004593,False,W-001641,0.9958416223526001
W-004594,False,W-000781,0.9952267408370972
W-004595,False,W-002504,0.9917178153991699
W-004596,False,W-003366,0.9999998807907104
W-004597,False,W-003367,1.0
W-004598,False,W-003368,1.0
W-004599,False,W-003369,1.0
W-004600,False,W-003370,0.9999999403953552
W-004601,False,W-003371,1.0
W-004602,False,W-002142,0.9999996423721313
W-004603,False,W-002143,1.0
W-004604,False,W-002144,1.0
W-004605,False,W-002145,1.0
W-004606,False,W-002146,1.0
W-004607,False,W-002516,0.9953233599662781
W-004608,False,W-001293,0.998136043548584
W-004609,False,W-001294,0.9955168962478638
W-004610,False,W-000434,0.9994111657142639
W-004611,False,W-000429,0.9941811561584473
W-004612,False,W-003751,0.9959187507629395
W-004613,False,W-003383,1.0
W-004614,False,W-003384,0.9999997019767761
W-004615,False,W-003385,1.0
W-004616,False,W-003386,1.0
W-004617,False,W-003387,0.9999997615814209
W-004618,False,W-003388,1.0
W-004619,False,W-002159,1.0
W-004620,False,W-002160,1.0
W-004621,False,W-002161,1.0
W-004622,False,W-002162,1.0
W-004623,False,W-002163,1.0
W-004624,False,W-000811,0.9931222200393677
W-004625,False,W-001310,0.9978716373443604
W-004626,False,W-001311,0.9968476891517639
W-004627,False,W-002536,0.9963290095329285
W-004628,False,W-002906,0.9951664209365845
W-004629,False,W-002538,0.9958836436271667
W-004630,False,W-003400,0.9999998807907104
W-004631,False,W-003401,1.0
W-004632,False,W-003402,1.0
W-004633,False,W-003403,1.0
W-004634,False,W-003404,1.0
W-004635,False,W-003405,1.0
W-004636,False,W-003406,1.0
W-004637,False,W-002177,1.0
W-004638,False,W-002178,1.0
W-004639,False,W-002179,1.0
W-004640,False,W-002180,1.0
W-004641,False,W-000459,0.9908005595207214
W-004642,False,W-002551,0.9963436126708984
W-004643,False,W-002558,0.9936343431472778
W-004644,False,W-001329,0.9972428679466248
W-004645,False,W-004288,0.9985861778259277
W-004646,False,W-000464,0.994499683380127
W-004647,False,W-003417,1.0
W-004648,False,W-003418,1.0
W-004649,False,W-000104,0.9963008165359497
W-004650,False,W-003420,1.0
W-004651,False,W-003421,1.0
W-004652,False,W-003422,1.0
W-004653,False,W-002193,1.0
W-004654,False,W-002194,1.0
W-004655,False,W-003425,1.0
W-004656,False,W-002196,1.0
W-004657,False,W-002197,1.0
W-004658,False,W-000476,0.9946749806404114
W-004659,False,W-000489,0.9963288307189941
W-004660,False,W-001345,0.9930170178413391
W-004661,False,W-000836,0.9961501359939575
W-004662,False,W-002571,0.9941670298576355
W-004663,False,W-000481,0.9964154958724976
W-004664,False,W-003434,1.0
W-004665,False,W-003435,1.0
W-004666,False,W-003436,1.0
W-004667,False,W-003437,0.9999998807907104
W-004668,False,W-003438,0.9999998807907104
W-004669,False,W-003439,0.9999998807907104
W-004670,False,W-002210,1.0
W-004671,False,W-002211,1.0
W-004672,False,W-002212,1.0
W-004673,False,W-002213,1.0
W-004674,False,W-003444,0.9999998211860657
W-004675,False,W-003814,0.9934502840042114
W-004676,False,W-000494,0.9964029788970947
W-004677,False,W-002586,0.9957506656646729
W-004678,False,W-002083,0.9965861439704895
W-004679,False,W-000866,0.9953311085700989
W-004680,False,W-000147,0.998746395111084
W-004681,False,W-003451,0.9999999403953552
W-004682,False,W-003452,1.0
W-004683,False,W-003453,1.0
W-004684,False,W-003454,1.0
W-004685,False,W-000140,0.9950183629989624
W-004686,False,W-003456,0.9999997615814209
W-004687,False,W-002227,1.0
W-004688,False,W-002228,1.0
W-004689,False,W-002229,1.0
W-004690,False,W-002230,1.0
W-004691,False,W-002231,1.0
W-004692,False,W-002601,0.9937755465507507
W-004693,False,W-000511,0.9955853223800659
W-004694,False,W-000881,0.9924739599227905
W-004695,False,W-002604,0.9963378310203552
W-004696,False,W-000016,0.9963862895965576
W-004697,False,W-002606,0.9944466352462769
W-004698,False,W-003825,0.9985278248786926
W-004699,False,W-003469,0.9999998807907104
W-004700,False,W-001379,0.9929418563842773
W-004701,False,W-003471,0.9999998807907104
W-004702,False,W-003472,0.9999998807907104
W-004703,False,W-003473,1.0
W-004704,False,W-002244,1.0
W-004705,False,W-002245,1.0
W-004706,False,W-002246,0.9999999403953552
W-004707,False,W-002247,1.0
W-004708,False,W-002248,1.0
W-004709,False,W-000896,0.9956156611442566
W-004710,False,W-002619,0.9961929321289062
W-004711,False,W-000529,0.9927279949188232
W-004712,False,W-002621,0.9957777261734009
W-004713,False,W-000033,0.9947243332862854
W-004714,False,W-002623,0.9956109523773193
W-004715,False,W-003485,1.0
W-004716,False,W-001395,0.9951261878013611
W-004717,False,W-003487,1.0
W-004718,False,W-003488,1.0
W-004719,False,W-003489,1.0
W-004720,False,W-003490,1.0
W-004721,False,W-002261,1.0
W-004722,False,W-002262,0.9999998807907104
W-004723,False,W-002263,1.0
W-004724,False,W-002264,1.0
W-004725,False,W-002265,1.0
W-004726,False,W-001411,0.9955970644950867
W-004727,False,W-000908,0.9991908669471741
W-004728,False,W-000546,0.9963023662567139
W-004729,False,W-000916,0.9951613545417786
W-004730,False,W-000050,0.9929865598678589
W-004731,False,W-001416,0.9969373941421509
W-004732,False,W-003502,1.0
W-004733,False,W-003503,0.9999998211860657
W-004734,False,W-003504,0.9999997615814209
W-004735,False,W-003505,0.9999998807907104
W-004736,False,W-003506,1.0
W-004737,False,W-003507,0.9999999403953552
W-004738,False,W-002278,1.0
W-004739,False,W-003509,1.0
W-004740,False,W-002280,0.9999998807907104
W-004741,False,W-002281,0.9999998807907104
W-004742,False,W-002282,0.9999999403953552
W-004743,False,W-000918,0.9954172372817993
W-004744,False,W-000931,0.995378851890564
W-004745,False,W-003884,0.992922842502594
W-004746,False,W-002655,0.9968448877334595
W-004747,False,W-002656,0.9956015348434448
W-004748,False,W-001433,0.9943069219589233
W-004749,False,W-003519,0.9999999403953552
W-004750,False,W-000925,0.9945602416992188
W-004751,False,W-003521,0.9999998807907104
W-004752,False,W-001431,0.9960764646530151
W-004753,False,W-003523,0.9999998807907104
W-004754,False,W-003524,1.0
W-004755,False,W-002295,1.0
W-004756,False,W-002296,1.0
W-004757,False,W-002297,1.0
W-004758,False,W-002298,1.0
W-004759,False,W-002299,1.0
W-004760,False,W-003395,0.9940805435180664
W-004761,False,W-003396,0.9972322583198547
W-004762,False,W-002671,0.995829701423645
W-004763,False,W-000581,0.9949539303779602
W-004764,False,W-000951,0.9941527843475342
W-004765,False,W-002674,0.9955384731292725
W-004766,False,W-003536,1.0
W-004767,False,W-003537,1.0
W-004768,False,W-003538,1.0
W-004769,False,W-003539,1.0
W-004770,False,W-001449,0.9939156770706177
W-004771,False,W-003541,1.0
W-004772,False,W-002312,1.0
W-004773,False,W-002313,1.0
W-004774,False,W-002314,1.0
W-004775,False,W-003545,1.0
W-004776,False,W-002316,1.0
W-004777,False,W-002686,0.9939877390861511
W-004778,False,W-000098,0.9979825019836426
W-004779,False,W-000099,0.9965327978134155
W-004780,False,W-002689,0.9956554174423218
W-004781,False,W-000968,0.9943196773529053
W-004782,False,W-002691,0.9973695874214172
W-004783,False,W-003553,1.0
W-004784,False,W-003554,0.9999996423721313
W-004785,False,W-003555,0.9999997615814209
W-004786,False,W-003556,1.0
W-004787,False,W-003557,1.0
W-004788,False,W-003558,1.0
W-004789,False,W-003559,1.0
W-004790,False,W-002330,1.0
W-004791,False,W-003561,1.0
W-004792,False,W-002332,1.0
W-004793,False,W-002333,1.0
W-004794,False,W-000981,0.9910328984260559
W-004795,False,W-000115,0.9963114261627197
W-004796,False,W-000116,0.9962927103042603
W-004797,False,W-000621,0.9990154504776001
W-004798,False,W-000616,0.9954674243927002
W-004799,False,W-002708,0.9940614700317383
W-004800,False,W-003570,1.0
W-004801,False,W-003571,1.0
W-004802,False,W-003572,1.0
W-004803,False,W-003573,1.0
W-004804,False,W-003574,1.0
W-004805,False,W-003575,1.0
W-004806,False,W-002346,1.0
W-004807,False,W-002347,1.0
W-004808,False,W-002348,1.0
W-004809,False,W-002349,1.0
W-004810,False,W-002350,1.0
W-004811,False,W-002720,0.9946982264518738
W-004812,False,W-000132,0.9966444969177246
W-004813,False,W-000643,0.9955704212188721
W-004814,False,W-003959,0.9962829351425171
W-004815,False,W-000639,0.9986129999160767
W-004816,False,W-000634,0.9953460693359375
W-004817,False,W-003587,0.9999998807907104
W-004818,False,W-003588,0.9999998807907104
W-004819,False,W-003589,1.0
W-004820,False,W-003590,1.0
W-004821,False,W-003591,0.9999998807907104
W-004822,False,W-003592,1.0
W-004823,False,W-002363,1.0
W-004824,False,W-002364,1.0
W-004825,False,W-002365,1.0
W-004826,False,W-002366,0.9999998807907104
W-004827,False,W-002367,1.0
W-004828,False,W-000646,0.9950511455535889
W-004829,False,W-001016,0.9958323836326599
W-004830,False,W-001515,0.996159553527832
W-004831,False,W-001516,0.9982516169548035
W-004832,False,W-002741,0.996216893196106
W-004833,False,W-000651,0.9970483183860779
W-004834,False,W-003604,1.0
W-004835,False,W-003605,1.0
W-004836,False,W-000654,0.9961561560630798
W-004837,False,W-003607,1.0
W-004838,False,W-003608,0.9999998211860657
W-004839,False,W-003609,1.0
W-004840,False,W-002380,0.9999998211860657
W-004841,False,W-002381,0.9999999403953552
W-004842,False,W-002382,1.0
W-004843,False,W-002383,1.0
W-004844,False,W-002384,1.0
W-004845,False,W-002754,0.9896551370620728
W-004846,False,W-003124,0.9957053065299988
W-004847,False,W-002756,0.994983434677124
W-004848,False,W-003993,0.9974250197410583
W-004849,False,W-001036,0.9953203201293945
W-004850,False,W-004493,0.9986010789871216
W-004851,False,W-003621,1.0
W-004852,False,W-003622,1.0
W-004853,False,W-003623,1.0
W-004854,False,W-000309,0.9981326460838318
W-004855,False,W-003625,1.0
W-004856,False,W-003626,1.0
W-004857,False,W-002397,1.0
W-004858,False,W-002398,1.0
W-004859,False,W-002399,1.0
W-004860,False,W-002400,1.0
W-004861,False,W-002401,0.9999998807907104
W-004862,False,W-000170,0.9990269541740417
W-004863,False,W-002778,0.9953476190567017
W-004864,False,W-001051,0.9933893084526062
W-004865,False,W-001550,0.9938857555389404
W-004866,False,W-002271,0.9953099489212036
W-004867,False,W-002776,0.9959887266159058
W-004868,False,W-003638,1.0
W-004869,False,W-003639,1.0
W-004870,False,W-003640,1.0
W-004871,False,W-003641,1.0
W-004872,False,W-003642,1.0
W-004873,False,W-003643,1.0
W-004874,False,W-003644,1.0
W-004875,False,W-002415,1.0
W-004876,False,W-002416,1.0
W-004877,False,W-002417,1.0
W-004878,False,W-003648,1.0
W-004879,False,W-000346,0.9991176128387451
W-004880,False,W-002789,0.9964540004730225
W-004881,False,W-000699,0.9953485727310181
W-004882,False,W-002791,0.995120644569397
W-004883,False,W-000701,0.9947514533996582
W-004884,False,W-002793,0.9964269399642944
W-004885,False,W-000352,0.998921275138855
W-004886,False,W-003656,0.9999998211860657
W-004887,False,W-003657,1.0
W-004888,False,W-003658,0.9999997615814209
W-004889,False,W-003659,0.9999997615814209
W-004890,False,W-003660,0.9999998807907104
W-004891,False,W-002431,0.9999998807907104
W-004892,False,W-002432,0.9999999403953552
W-004893,False,W-002433,1.0
W-004894,False,W-003664,0.9999998807907104
W-004895,False,W-002435,1.0
W-004896,False,W-001581,0.9955363273620605
W-004897,False,W-002806,0.9965742826461792
W-004898,False,W-000716,0.9934793710708618
W-004899,False,W-001584,0.9962799549102783
W-004900,False,W-002809,0.9943815469741821
W-004901,False,W-000719,0.9950487017631531
W-004902,False,W-003672,1.0
W-004903,False,W-004030,0.9993126392364502
W-004904,False,W-003674,0.9999998807907104
W-004905,False,W-003675,1.0
W-004906,False,W-003676,1.0
W-004907,False,W-003677,0.9999997615814209
W-004908,False,W-002448,1.0
W-004909,False,W-002449,1.0
W-004910,False,W-002450,1.0
W-004911,False,W-002451,1.0
W-004912,False,W-002452,0.9999998807907104
W-004913,False,W-001598,0.9970462322235107
W-004914,False,W-002319,0.9963349103927612
W-004915,False,W-004054,0.9920116662979126
W-004916,False,W-001103,0.994110107421875
W-004917,False,W-002826,0.9946455359458923
W-004918,False,W-000736,0.9962678551673889
W-004919,False,W-003689,0.9999998807907104
W-004920,False,W-003690,1.0
W-004921,False,W-003691,1.0
W-004922,False,W-003692,1.0
W-004923,False,W-003693,1.0
W-004924,False,W-003694,1.0
W-004925,False,W-002465,1.0
W-004926,False,W-002466,1.0
W-004927,False,W-003697,1.0
W-004928,False,W-002468,1.0
W-004929,False,W-002469,1.0
W-004930,False,W-001615,0.9934990406036377
W-004931,False,W-001616,0.9973609447479248
W-004932,False,W-001113,0.9988856315612793
W-004933,False,W-001981,0.9956637024879456
W-004934,False,W-001121,0.9943969249725342
W-004935,False,W-002844,0.9950264692306519
W-004936,False,W-003706,1.0
W-004937,False,W-003707,0.9999998807907104
W-004938,False,W-003708,1.0
W-004939,False,W-003709,1.0
W-004940,False,W-003710,0.9999997615814209
W-004941,False,W-003711,0.9999998211860657
W-004942,False,W-002482,1.0
W-004943,False,W-003713,1.0
W-004944,False,W-003714,1.0
W-004945,False,W-002485,1.0
W-004946,False,W-002486,0.9999997615814209
W-004947,False,W-002856,0.9930400848388672
W-004948,False,W-001123,0.9967673420906067
W-004949,False,W-001136,0.99298095703125
W-004950,False,W-002859,0.9970763921737671
W-004951,False,W-000769,0.995684802532196
W-004952,False,W-002861,0.994186282157898
W-004953,False,W-003723,1.0
W-004954,False,W-003724,1.0
W-004955,False,W-002864,0.993925929069519
W-004956,False,W-003726,1.0
W-004957,False,W-001636,0.9958145618438721
W-004958,False,W-003728,1.0
W-004959,False,W-003729,1.0
W-004960,False,W-003730,0.9999998807907104
W-004961,False,W-002501,1.0
W-004962,False,W-002502,1.0
W-004963,False,W-002503,1.0
W-004964,False,W-001151,0.9929670095443726
W-004965,False,W-001140,0.9966119527816772
W-004966,False,W-000784,0.9937354326248169
W-004967,False,W-002876,0.996147871017456
W-004968,False,W-000786,0.9939670562744141
W-004969,False,W-002878,0.995287299156189
W-004970,False,W-003740,0.9999996423721313
W-004971,False,W-001656,0.9963334798812866
W-004972,False,W-003742,1.0
W-004973,False,W-003743,1.0
W-004974,False,W-003744,1.0
W-004975,False,W-003745,1.0
W-004976,False,W-002516,1.0
W-004977,False,W-002517,1.0
W-004978,False,W-002518,1.0
W-004979,False,W-002519,0.9999999403953552
W-004980,False,W-003750,0.9999998807907104
W-004981,False,W-000799,0.9934155941009521
W-004982,False,W-001322,0.9963254928588867
W-004983,False,W-000303,0.9964070320129395
W-004984,False,W-000304,0.9977412819862366
W-004985,False,W-002894,0.9929698705673218
W-004986,False,W-000804,0.9964250326156616
W-004987,False,W-003757,1.0
W-004988,False,W-003758,0.9999999403953552
W-004989,False,W-003759,1.0
W-004990,False,W-003760,1.0
W-004991,False,W-003761,1.0
W-004992,False,W-003762,1.0
W-004993,False,W-003763,0.9999999403953552
W-004994,False,W-003764,1.0
W-004995,False,W-002535,1.0
W-004996,False,W-003766,1.0
W-004997,False,W-003767,0.9999997615814209
W-004998,False,W-000816,0.989737868309021
W-004999,False,W-001186,0.9957554340362549
W-005000,False,W-000320,0.995103120803833
