work_id,landmark_fraction,landmark_date,outcome_known_at_landmark,delay_outcome,cost_overrun_outcome,recommended_amount_inr,technical_estimate_amount_inr,sanctioned_amount_inr,estimate_to_recommended_ratio,sanction_to_recommended_ratio,sanction_to_estimate_ratio,days_recommendation_to_sanction,planned_duration_days,days_sanction_to_expected_start,released_payment_count_as_of,released_payment_total_inr_as_of,largest_payment_inr_as_of,mean_payment_inr_as_of,largest_payment_share_as_of,days_since_last_payment_as_of,expenditure_to_sanction_pct_as_of,financial_overrun_amount_inr_as_of,financial_overrun_pct_as_of,progress_report_count_as_of,latest_physical_progress_pct_as_of,latest_financial_progress_pct_as_of,latest_expected_progress_pct_as_of,financial_minus_physical_gap_pct_as_of,expected_minus_physical_gap_pct_as_of,physical_progress_decrease_count_as_of,max_physical_progress_drop_pct_as_of,physical_progress_velocity_pct_per_30d,actual_start_available_as_of,days_since_actual_start_as_of,days_to_expected_completion_as_of,schedule_elapsed_ratio_as_of,split
W-000003,0.25,2024-02-17T18:00:00,False,1,1,1573000,1598000,1628000,1.0158931977113794,1.034965034965035,1.018773466833542,33,203,27,1,277000.0,277000.0,277000.0,1.0,17.0,17.014742014742016,0.0,0.0,0,,,,,,0,0.0,,True,32,152,0.24630541871921183,VALIDATION
W-000003,0.5,2024-04-08T12:00:00,False,1,1,1573000,1598000,1628000,1.0158931977113794,1.034965034965035,1.018773466833542,33,203,27,2,642000.0,365000.0,321000.0,0.5685358255451713,46.0,39.434889434889435,0.0,0.0,0,,,,,,0,0.0,,True,83,101,0.4975369458128079,VALIDATION
W-000003,0.75,2024-05-29T06:00:00,False,1,1,1573000,1598000,1628000,1.0158931977113794,1.034965034965035,1.018773466833542,33,203,27,2,642000.0,365000.0,321000.0,0.5685358255451713,97.0,39.434889434889435,0.0,0.0,0,,,,,,0,0.0,,True,134,50,0.7487684729064039,VALIDATION
W-000009,0.25,2025-12-29T18:00:00,False,0,1,1658000,1579000,1616000,0.9523522316043426,0.9746682750301568,1.0234325522482584,33,355,26,1,912000.0,912000.0,912000.0,1.0,36.0,56.43564356435643,0.0,0.0,1,12.2,56.4,10.4,44.2,-1.799999999999999,0,0.0,,True,57,266,0.24788732394366197,TRAIN
W-000009,0.5,2026-03-28T12:00:00,False,0,1,1658000,1579000,1616000,0.9523522316043426,0.9746682750301568,1.0234325522482584,33,355,26,1,912000.0,912000.0,912000.0,1.0,125.0,56.43564356435643,0.0,0.0,3,34.0,56.4,31.8,22.4,-2.1999999999999993,0,0.0,8.605263157894736,True,146,177,0.49859154929577465,TRAIN
W-000009,0.75,2026-06-25T06:00:00,False,0,1,1658000,1579000,1616000,0.9523522316043426,0.9746682750301568,1.0234325522482584,33,355,26,2,1618000.0,912000.0,809000.0,0.5636588380716935,48.0,100.12376237623761,2000.0,0.12376237623762376,6,75.5,100.1,63.7,24.599999999999994,-11.799999999999997,0,0.0,10.047619047619047,True,235,88,0.7492957746478873,TRAIN
W-000014,0.25,2024-11-22T12:00:00,False,1,1,1664000,1618000,1639000,0.9723557692307693,0.9849759615384616,1.0129789864029666,17,270,15,1,464000.0,464000.0,464000.0,1.0,11.0,28.30994508846858,0.0,0.0,0,,,,,,0,0.0,,True,45,202,0.24814814814814815,TRAIN
W-000014,0.5,2025-01-29T00:00:00,False,1,1,1664000,1618000,1639000,0.9723557692307693,0.9849759615384616,1.0129789864029666,17,270,15,1,464000.0,464000.0,464000.0,1.0,79.0,28.30994508846858,0.0,0.0,0,,,,,,0,0.0,,True,113,135,0.5,TRAIN
W-000014,0.75,2025-04-06T12:00:00,False,1,1,1664000,1618000,1639000,0.9723557692307693,0.9849759615384616,1.0129789864029666,17,270,15,1,464000.0,464000.0,464000.0,1.0,146.0,28.30994508846858,0.0,0.0,1,11.8,28.3,42.6,16.5,30.8,0,0.0,,True,180,67,0.7481481481481481,TRAIN
W-000020,0.25,2024-07-07T00:00:00,False,1,0,1991000,1990000,1942000,0.9994977398292315,0.9753892516323456,0.9758793969849247,24,216,13,0,0.0,,,,,0.0,0.0,0.0,0,,,,,,0,0.0,,True,25,162,0.25,TRAIN
W-000020,0.5,2024-08-30T00:00:00,False,1,0,1991000,1990000,1942000,0.9994977398292315,0.9753892516323456,0.9758793969849247,24,216,13,1,628000.0,628000.0,628000.0,1.0,23.0,32.33779608650875,0.0,0.0,0,,,,,,0,0.0,,True,79,108,0.5,TRAIN
W-000020,0.75,2024-10-23T00:00:00,False,1,0,1991000,1990000,1942000,0.9994977398292315,0.9753892516323456,0.9758793969849247,24,216,13,1,628000.0,628000.0,628000.0,1.0,77.0,32.33779608650875,0.0,0.0,0,,,,,,0,0.0,,True,133,54,0.75,TRAIN
W-000041,0.25,2024-08-21T18:00:00,False,1,1,1232000,1317000,1309000,1.0689935064935066,1.0625,0.9939255884586181,39,231,26,0,0.0,,,,,0.0,0.0,0.0,0,,,,,,0,0.0,,True,48,173,0.24675324675324675,TRAIN
W-000041,0.5,2024-10-18T12:00:00,False,1,1,1232000,1317000,1309000,1.0689935064935066,1.0625,0.9939255884586181,39,231,26,0,0.0,,,,,0.0,0.0,0.0,0,,,,,,0,0.0,,True,106,115,0.49783549783549785,TRAIN
W-000041,0.75,2024-12-15T06:00:00,False,1,1,1232000,1317000,1309000,1.0689935064935066,1.0625,0.9939255884586181,39,231,26,0,0.0,,,,,0.0,0.0,0.0,1,18.4,0.0,48.5,-18.4,30.1,0,0.0,,True,164,57,0.7489177489177489,TRAIN
W-000051,0.25,2025-08-07T06:00:00,False,1,1,2705000,2760000,2837000,1.0203327171903882,1.0487985212569315,1.0278985507246376,17,285,41,0,0.0,,,,,0.0,0.0,0.0,1,14.4,0.0,19.3,-14.4,4.9,0,0.0,,True,56,213,0.24912280701754386,TEST
W-000051,0.5,2025-10-17T12:00:00,False,1,1,2705000,2760000,2837000,1.0203327171903882,1.0487985212569315,1.0278985507246376,17,285,41,1,1073000.0,1073000.0,1073000.0,1.0,12.0,37.82164258019034,0.0,0.0,2,30.1,0.0,38.9,-30.1,8.799999999999997,0,0.0,8.410714285714286,True,127,142,0.4982456140350877,TEST
W-000051,0.75,2025-12-27T18:00:00,False,1,1,2705000,2760000,2837000,1.0203327171903882,1.0487985212569315,1.0278985507246376,17,285,41,1,1073000.0,1073000.0,1073000.0,1.0,83.0,37.82164258019034,0.0,0.0,3,31.5,37.8,58.2,6.299999999999997,26.700000000000003,0,0.0,4.621621621621622,True,198,71,0.7473684210526316,TEST
W-000060,0.25,2024-04-05T18:00:00,False,1,1,1464000,1420000,1462000,0.9699453551912568,0.9986338797814208,1.0295774647887324,50,231,15,0,0.0,,,,,0.0,0.0,0.0,0,,,,,,0,0.0,,True,33,173,0.24675324675324675,TRAIN
W-000060,0.5,2024-06-02T12:00:00,False,1,1,1464000,1420000,1462000,0.9699453551912568,0.9986338797814208,1.0295774647887324,50,231,15,1,291000.0,291000.0,291000.0,1.0,14.0,19.904240766073872,0.0,0.0,0,,,,,,0,0.0,,True,91,115,0.49783549783549785,TRAIN
W-000060,0.75,2024-07-30T06:00:00,False,1,1,1464000,1420000,1462000,0.9699453551912568,0.9986338797814208,1.0295774647887324,50,231,15,3,840000.0,291000.0,280000.0,0.3464285714285714,47.0,57.45554035567716,0.0,0.0,0,,,,,,0,0.0,,True,149,57,0.7489177489177489,TRAIN
W-000063,0.25,2025-10-14T06:00:00,False,1,1,3155000,3300000,3325000,1.045958795562599,1.0538827258320127,1.0075757575757576,39,237,42,0,0.0,,,,,0.0,0.0,0.0,0,,,,,,0,0.0,,True,37,177,0.2489451476793249,TRAIN
W-000063,0.5,2025-12-12T12:00:00,False,1,1,3155000,3300000,3325000,1.045958795562599,1.0538827258320127,1.0075757575757576,39,237,42,1,1918000.0,1918000.0,1918000.0,1.0,18.0,57.684210526315795,0.0,0.0,1,21.4,0.0,30.0,-21.4,8.600000000000001,0,0.0,,True,96,118,0.4978902953586498,TRAIN
W-000063,0.75,2026-02-09T18:00:00,False,1,1,3155000,3300000,3325000,1.045958795562599,1.0538827258320127,1.0075757575757576,39,237,42,2,3491000.0,1918000.0,1745500.0,0.549412775708966,52.0,104.99248120300753,166000.0,4.992481203007519,2,39.5,105.0,60.3,65.5,20.799999999999997,0,0.0,7.541666666666666,True,155,59,0.7468354430379747,TRAIN
W-000066,0.25,2023-09-25T12:00:00,False,1,1,2093000,1979000,2024000,0.9455327281414238,0.967032967032967,1.0227387569479536,14,250,19,0,0.0,,,,,0.0,0.0,0.0,0,,,,,,0,0.0,,True,32,187,0.248,TRAIN
W-000066,0.5,2023-11-27T00:00:00,False,1,1,2093000,1979000,2024000,0.9455327281414238,0.967032967032967,1.0227387569479536,14,250,19,0,0.0,,,,,0.0,0.0,0.0,0,,,,,,0,0.0,,True,95,125,0.5,TRAIN
W-000066,0.75,2024-01-28T12:00:00,False,1,1,2093000,1979000,2024000,0.9455327281414238,0.967032967032967,1.0227387569479536,14,250,19,0,0.0,,,,,0.0,0.0,0.0,0,,,,,,0,0.0,,True,157,62,0.748,TRAIN
W-000081,0.25,2024-12-14T12:00:00,False,1,0,1329000,1396000,1378000,1.0504138449962377,1.036869826937547,0.9871060171919771,30,314,43,2,1024000.0,671000.0,512000.0,0.6552734375,25.0,74.31059506531204,0.0,0.0,0,,,,,,0,0.0,,True,70,235,0.2484076433121019,VALIDATION
W-000081,0.5,2025-03-03T00:00:00,False,1,0,1329000,1396000,1378000,1.0504138449962377,1.036869826937547,0.9871060171919771,30,314,43,2,1024000.0,671000.0,512000.0,0.6552734375,104.0,74.31059506531204,0.0,0.0,0,,,,,,0,0.0,,True,149,157,0.5,VALIDATION
W-000081,0.75,2025-05-20T12:00:00,False,1,0,1329000,1396000,1378000,1.0504138449962377,1.036869826937547,0.9871060171919771,30,314,43,2,1024000.0,671000.0,512000.0,0.6552734375,182.0,74.31059506531204,0.0,0.0,0,,,,,,0,0.0,,True,227,78,0.7484076433121019,VALIDATION
W-000082,0.25,2025-09-08T06:00:00,False,1,1,1157000,1234000,1245000,1.066551426101988,1.0760587726879862,1.0089141004862237,34,233,27,0,0.0,,,,,0.0,0.0,0.0,1,16.4,0.0,25.3,-16.4,8.900000000000002,0,0.0,,True,59,174,0.24892703862660945,TRAIN
W-000082,0.5,2025-11-05T12:00:00,False,1,1,1157000,1234000,1245000,1.066551426101988,1.0760587726879862,1.0089141004862237,34,233,27,0,0.0,,,,,0.0,0.0,0.0,1,16.4,0.0,25.3,-16.4,8.900000000000002,0,0.0,,True,117,116,0.4978540772532189,TRAIN
W-000082,0.75,2026-01-02T18:00:00,False,1,1,1157000,1234000,1245000,1.066551426101988,1.0760587726879862,1.0089141004862237,34,233,27,0,0.0,,,,,0.0,0.0,0.0,2,25.0,0.0,50.6,-25.0,25.6,0,0.0,4.372881355932204,True,175,58,0.7467811158798283,TRAIN
W-000096,0.25,2024-09-01T06:00:00,False,1,0,2290000,2467000,2402000,1.077292576419214,1.0489082969432315,0.9736522091609242,50,285,25,0,0.0,,,,,0.0,0.0,0.0,0,,,,,,0,0.0,,True,55,213,0.24912280701754386,VALIDATION
W-000096,0.5,2024-11-11T12:00:00,False,1,0,2290000,2467000,2402000,1.077292576419214,1.0489082969432315,0.9736522091609242,50,285,25,1,2271000.0,2271000.0,2271000.0,1.0,5.0,94.54621149042465,0.0,0.0,0,,,,,,0,0.0,,True,126,142,0.4982456140350877,VALIDATION
W-000096,0.75,2025-01-21T18:00:00,False,1,0,2290000,2467000,2402000,1.077292576419214,1.0489082969432315,0.9736522091609242,50,285,25,1,2271000.0,2271000.0,2271000.0,1.0,76.0,94.54621149042465,0.0,0.0,0,,,,,,0,0.0,,True,197,71,0.7473684210526316,VALIDATION
W-000107,0.25,2025-10-29T00:00:00,False,1,1,1335000,1431000,1407000,1.0719101123595505,1.053932584269663,0.9832285115303984,15,352,25,0,0.0,,,,,0.0,0.0,0.0,0,,,,,,0,0.0,,True,63,264,0.25,TRAIN
W-000107,0.5,2026-01-25T00:00:00,False,1,1,1335000,1431000,1407000,1.0719101123595505,1.053932584269663,0.9832285115303984,15,352,25,2,843000.0,574000.0,421500.0,0.6809015421115066,50.0,59.914712153518124,0.0,0.0,1,20.0,0.0,26.1,-20.0,6.100000000000001,0,0.0,,True,151,176,0.5,TRAIN
W-000107,0.75,2026-04-23T00:00:00,False,1,1,1335000,1431000,1407000,1.0719101123595505,1.053932584269663,0.9832285115303984,15,352,25,2,843000.0,574000.0,421500.0,0.6809015421115066,138.0,59.914712153518124,0.0,0.0,2,51.5,59.9,52.3,8.399999999999999,0.7999999999999972,0,0.0,10.271739130434783,True,239,88,0.75,TRAIN
W-000117,0.25,2024-03-20T06:00:00,False,1,1,1025000,1009000,984000,0.984390243902439,0.96,0.9752229930624381,46,329,36,0,0.0,,,,,0.0,0.0,0.0,0,,,,,,0,0.0,,True,61,246,0.24924012158054712,TRAIN
W-000117,0.5,2024-06-10T12:00:00,False,1,1,1025000,1009000,984000,0.984390243902439,0.96,0.9752229930624381,46,329,36,1,148000.0,148000.0,148000.0,1.0,43.0,15.040650406504067,0.0,0.0,0,,,,,,0,0.0,,True,143,164,0.49848024316109424,TRAIN
W-000117,0.75,2024-08-31T18:00:00,False,1,1,1025000,1009000,984000,0.984390243902439,0.96,0.9752229930624381,46,329,36,3,668000.0,364000.0,222666.66666666666,0.5449101796407185,4.0,67.88617886178862,0.0,0.0,1,15.2,15.0,58.1,-0.1999999999999993,42.900000000000006,0,0.0,,True,225,82,0.7477203647416414,TRAIN
W-000120,0.25,2024-03-30T12:00:00,False,1,1,2020000,2176000,2181000,1.0772277227722773,1.0797029702970298,1.002297794117647,37,254,38,0,0.0,,,,,0.0,0.0,0.0,0,,,,,,0,0.0,,True,40,190,0.24803149606299213,VALIDATION
W-000120,0.5,2024-06-02T00:00:00,False,1,1,2020000,2176000,2181000,1.0772277227722773,1.0797029702970298,1.002297794117647,37,254,38,1,342000.0,342000.0,342000.0,1.0,25.0,15.680880330123797,0.0,0.0,0,,,,,,0,0.0,,True,104,127,0.5,VALIDATION
W-000120,0.75,2024-08-04T12:00:00,False,1,1,2020000,2176000,2181000,1.0772277227722773,1.0797029702970298,1.002297794117647,37,254,38,3,1503000.0,583000.0,501000.0,0.3878908848968729,50.0,68.91334250343878,0.0,0.0,1,14.9,68.9,60.6,54.00000000000001,45.7,0,0.0,,True,167,63,0.7480314960629921,VALIDATION
W-000127,0.25,2024-06-16T18:00:00,False,1,1,1270000,1348000,1376000,1.0614173228346457,1.0834645669291338,1.0207715133531157,27,323,8,2,269000.0,141000.0,134500.0,0.5241635687732342,2.0,19.549418604651162,0.0,0.0,0,,,,,,0,0.0,,True,85,242,0.2476780185758514,VALIDATION
W-000127,0.5,2024-09-05T12:00:00,False,1,1,1270000,1348000,1376000,1.0614173228346457,1.0834645669291338,1.0207715133531157,27,323,8,3,547000.0,278000.0,182333.33333333334,0.5082266910420475,32.0,39.752906976744185,0.0,0.0,1,12.6,19.5,34.4,6.9,21.799999999999997,0,0.0,,True,166,161,0.4984520123839009,VALIDATION
W-000127,0.75,2024-11-25T06:00:00,False,1,1,1270000,1348000,1376000,1.0614173228346457,1.0834645669291338,1.0207715133531157,27,323,8,4,928000.0,381000.0,232000.0,0.4105603448275862,42.0,67.44186046511628,0.0,0.0,2,17.3,67.4,68.7,50.10000000000001,51.400000000000006,0,0.0,1.2702702702702706,True,247,80,0.7492260061919505,VALIDATION
W-000131,0.25,2025-09-01T18:00:00,False,1,1,1407000,1447000,2170000,1.0284292821606253,1.5422885572139304,1.4996544574982722,38,255,45,0,0.0,,,,,0.0,0.0,0.0,0,,,,,,0,0.0,,True,36,191,0.24705882352941178,TRAIN
W-000131,0.5,2025-11-04T12:00:00,False,1,1,1407000,1447000,2170000,1.0284292821606253,1.5422885572139304,1.4996544574982722,38,255,45,1,493000.0,493000.0,493000.0,1.0,48.0,22.71889400921659,0.0,0.0,1,18.7,22.7,25.9,4.0,7.199999999999999,0,0.0,,True,100,127,0.4980392156862745,TRAIN
W-000131,0.75,2026-01-07T06:00:00,False,1,1,1407000,1447000,2170000,1.0284292821606253,1.5422885572139304,1.4996544574982722,38,255,45,2,853000.0,493000.0,426500.0,0.5779601406799532,49.0,39.30875576036866,0.0,0.0,2,32.6,39.3,52.2,6.699999999999996,19.6,0,0.0,6.223880597014927,True,164,63,0.7490196078431373,TRAIN
W-000141,0.25,2026-03-17T06:00:00,False,1,1,3028000,3027000,3106000,0.999669749009247,1.0257595772787318,1.0260984473075652,38,181,18,0,0.0,,,,,0.0,0.0,0.0,0,,,,,,0,0.0,,True,19,135,0.24861878453038674,TEST
W-000141,0.5,2026-05-01T12:00:00,False,1,1,3028000,3027000,3106000,0.999669749009247,1.0257595772787318,1.0260984473075652,38,181,18,2,1238000.0,715000.0,619000.0,0.5775444264943457,21.0,39.85833869929169,0.0,0.0,2,30.3,39.9,34.3,9.599999999999998,3.9999999999999964,0,0.0,10.35483870967742,True,64,90,0.4972375690607735,TEST
W-000141,0.75,2026-06-15T18:00:00,False,1,1,3028000,3027000,3106000,0.999669749009247,1.0257595772787318,1.0260984473075652,38,181,18,2,1238000.0,715000.0,619000.0,0.5775444264943457,66.0,39.85833869929169,0.0,0.0,3,48.8,39.9,51.4,-8.899999999999999,2.6000000000000014,0,0.0,14.129032258064514,True,109,45,0.7458563535911602,TEST
W-000143,0.25,2024-12-23T18:00:00,False,1,1,974000,958000,943000,0.9835728952772074,0.9681724845995893,0.9843423799582464,34,211,7,1,234000.0,234000.0,234000.0,1.0,31.0,24.814422057264053,0.0,0.0,0,,,,,,0,0.0,,True,48,158,0.24644549763033174,TRAIN
W-000143,0.5,2025-02-14T12:00:00,False,1,1,974000,958000,943000,0.9835728952772074,0.9681724845995893,0.9843423799582464,34,211,7,1,234000.0,234000.0,234000.0,1.0,84.0,24.814422057264053,0.0,0.0,0,,,,,,0,0.0,,True,101,105,0.4976303317535545,TRAIN
W-000143,0.75,2025-04-08T06:00:00,False,1,1,974000,958000,943000,0.9835728952772074,0.9681724845995893,0.9843423799582464,34,211,7,3,536000.0,234000.0,178666.66666666666,0.43656716417910446,22.0,56.83987274655355,0.0,0.0,0,,,,,,0,0.0,,True,154,52,0.7488151658767772,TRAIN
W-000157,0.25,2026-01-14T06:00:00,False,1,1,1073000,1015000,990000,0.9459459459459459,0.9226467847157502,0.9753694581280788,26,237,11,0,0.0,,,,,0.0,0.0,0.0,0,,,,,,0,0.0,,True,63,177,0.2489451476793249,TRAIN
W-000157,0.5,2026-03-14T12:00:00,False,1,1,1073000,1015000,990000,0.9459459459459459,0.9226467847157502,0.9753694581280788,26,237,11,4,999000.0,331000.0,249750.0,0.33133133133133136,23.0,100.9090909090909,9000.0,0.9090909090909091,1,23.3,25.4,30.8,2.099999999999998,7.5,0,0.0,,True,122,118,0.4978902953586498,TRAIN
W-000157,0.75,2026-05-12T18:00:00,False,1,1,1073000,1015000,990000,0.9459459459459459,0.9226467847157502,0.9753694581280788,26,237,11,4,999000.0,331000.0,249750.0,0.33133133133133136,82.0,100.9090909090909,9000.0,0.9090909090909091,2,49.5,100.9,61.6,51.400000000000006,12.100000000000001,0,0.0,10.767123287671232,True,181,59,0.7468354430379747,TRAIN
W-000159,0.25,2025-09-12T00:00:00,False,1,0,1151000,1223000,1197000,1.0625543006081668,1.0399652476107732,0.9787408013082584,26,284,22,0,0.0,,,,,0.0,0.0,0.0,0,,,,,,0,0.0,,True,38,213,0.25,TRAIN
W-000159,0.5,2025-11-22T00:00:00,False,1,0,1151000,1223000,1197000,1.0625543006081668,1.0399652476107732,0.9787408013082584,26,284,22,0,0.0,,,,,0.0,0.0,0.0,1,20.4,0.0,27.5,-20.4,7.100000000000001,0,0.0,,True,109,142,0.5,TRAIN
W-000159,0.75,2026-02-01T00:00:00,False,1,0,1151000,1223000,1197000,1.0625543006081668,1.0399652476107732,0.9787408013082584,26,284,22,0,0.0,,,,,0.0,0.0,0.0,2,45.6,0.0,54.9,-45.6,9.299999999999997,0,0.0,9.692307692307693,True,180,71,0.75,TRAIN
W-000168,0.25,2025-06-13T00:00:00,False,1,0,502000,518000,528000,1.0318725099601593,1.051792828685259,1.0193050193050193,45,328,18,0,0.0,,,,,0.0,0.0,0.0,0,,,,,,0,0.0,,True,83,246,0.25,TRAIN
W-000168,0.5,2025-09-03T00:00:00,False,1,0,502000,518000,528000,1.0318725099601593,1.051792828685259,1.0193050193050193,45,328,18,2,473000.0,292000.0,236500.0,0.6173361522198731,16.0,89.58333333333334,0.0,0.0,1,25.3,55.3,39.9,29.999999999999996,14.599999999999998,0,0.0,,True,165,164,0.5,TRAIN
W-000168,0.75,2025-11-24T00:00:00,False,1,0,502000,518000,528000,1.0318725099601593,1.051792828685259,1.0193050193050193,45,328,18,2,473000.0,292000.0,236500.0,0.6173361522198731,98.0,89.58333333333334,0.0,0.0,1,25.3,55.3,39.9,29.999999999999996,14.599999999999998,0,0.0,,True,247,82,0.75,TRAIN
W-000171,0.25,2024-02-14T18:00:00,False,1,1,2809000,2690000,2792000,0.9576361694553222,0.9939480242079032,1.0379182156133828,26,311,24,1,647000.0,647000.0,647000.0,1.0,0.0,23.173352435530088,0.0,0.0,0,,,,,,0,0.0,,True,56,233,0.24758842443729903,TRAIN
W-000171,0.5,2024-05-02T12:00:00,False,1,1,2809000,2690000,2792000,0.9576361694553222,0.9939480242079032,1.0379182156133828,26,311,24,2,1325000.0,678000.0,662500.0,0.5116981132075472,72.0,47.45702005730659,0.0,0.0,0,,,,,,0,0.0,,True,134,155,0.4983922829581994,TRAIN
W-000171,0.75,2024-07-19T06:00:00,False,1,1,2809000,2690000,2792000,0.9576361694553222,0.9939480242079032,1.0379182156133828,26,311,24,2,1325000.0,678000.0,662500.0,0.5116981132075472,150.0,47.45702005730659,0.0,0.0,1,19.6,47.5,45.0,27.9,25.4,0,0.0,,True,212,77,0.7491961414790996,TRAIN
W-000172,0.25,2024-04-11T00:00:00,False,1,0,2163000,2222000,2282000,1.0272769301895515,1.0550161812297734,1.027002700270027,14,204,36,0,0.0,,,,,0.0,0.0,0.0,0,,,,,,0,0.0,,True,45,153,0.25,TRAIN
W-000172,0.5,2024-06-01T00:00:00,False,1,0,2163000,2222000,2282000,1.0272769301895515,1.0550161812297734,1.027002700270027,14,204,36,1,375000.0,375000.0,375000.0,1.0,24.0,16.43295354951797,0.0,0.0,0,,,,,,0,0.0,,True,96,102,0.5,TRAIN
W-000172,0.75,2024-07-22T00:00:00,False,1,0,2163000,2222000,2282000,1.0272769301895515,1.0550161812297734,1.027002700270027,14,204,36,2,914000.0,539000.0,457000.0,0.5897155361050328,36.0,40.05258545135846,0.0,0.0,0,,,,,,0,0.0,,True,147,51,0.75,TRAIN
W-000217,0.25,2023-08-04T00:00:00,False,1,0,3882000,4110000,6104000,1.0587326120556415,1.5723853683668212,1.4851581508515814,31,220,29,3,3328000.0,1157000.0,1109333.3333333333,0.34765625,29.0,54.521625163827004,0.0,0.0,0,,,,,,0,0.0,,True,59,165,0.25,TRAIN
W-000217,0.5,2023-09-28T00:00:00,False,1,0,3882000,4110000,6104000,1.0587326120556415,1.5723853683668212,1.4851581508515814,31,220,29,4,4251000.0,1157000.0,1062750.0,0.27217125382262997,34.0,69.64285714285714,0.0,0.0,0,,,,,,0,0.0,,True,114,110,0.5,TRAIN
W-000217,0.75,2023-11-22T00:00:00,False,1,0,3882000,4110000,6104000,1.0587326120556415,1.5723853683668212,1.4851581508515814,31,220,29,4,4251000.0,1157000.0,1062750.0,0.27217125382262997,89.0,69.64285714285714,0.0,0.0,1,13.4,69.6,66.8,56.199999999999996,53.4,0,0.0,,True,169,55,0.75,TRAIN
W-000220,0.25,2024-10-05T18:00:00,False,1,0,2028000,2078000,2038000,1.02465483234714,1.004930966469428,0.9807507218479307,29,243,35,0,0.0,,,,,0.0,0.0,0.0,0,,,,,,0,0.0,,True,38,182,0.24691358024691357,TRAIN
W-000220,0.5,2024-12-05T12:00:00,False,1,0,2028000,2078000,2038000,1.02465483234714,1.004930966469428,0.9807507218479307,29,243,35,0,0.0,,,,,0.0,0.0,0.0,0,,,,,,0,0.0,,True,99,121,0.49794238683127573,TRAIN
W-000220,0.75,2025-02-04T06:00:00,False,1,0,2028000,2078000,2038000,1.02465483234714,1.004930966469428,0.9807507218479307,29,243,35,0,0.0,,,,,0.0,0.0,0.0,1,19.2,0.0,60.1,-19.2,40.900000000000006,0,0.0,,True,160,60,0.7489711934156379,TRAIN
W-000234,0.25,2025-10-15T12:00:00,False,1,1,1928000,2058000,2121000,1.0674273858921162,1.1001037344398341,1.030612244897959,7,202,37,0,0.0,,,,,0.0,0.0,0.0,0,,,,,,0,0.0,,True,21,151,0.24752475247524752,TRAIN
W-000234,0.5,2025-12-05T00:00:00,False,1,1,1928000,2058000,2121000,1.0674273858921162,1.1001037344398341,1.030612244897959,7,202,37,2,2217000.0,1173000.0,1108500.0,0.5290933694181326,22.0,104.52616690240453,96000.0,4.526166902404526,1,14.2,104.5,27.7,90.3,13.5,0,0.0,,True,72,101,0.5,TRAIN
W-000234,0.75,2026-01-24T12:00:00,False,1,1,1928000,2058000,2121000,1.0674273858921162,1.1001037344398341,1.030612244897959,7,202,37,2,2217000.0,1173000.0,1108500.0,0.5290933694181326,72.0,104.52616690240453,96000.0,4.526166902404526,2,39.5,104.5,55.9,65.0,16.4,0,0.0,13.31578947368421,True,122,50,0.7475247524752475,TRAIN
W-000250,0.25,2024-12-02T06:00:00,False,1,1,2435000,2533000,2584000,1.0402464065708419,1.0611909650924025,1.0201342281879195,47,329,33,1,508000.0,508000.0,508000.0,1.0,24.0,19.659442724458202,0.0,0.0,0,,,,,,0,0.0,,True,60,246,0.24924012158054712,TRAIN
W-000250,0.5,2025-02-22T12:00:00,False,1,1,2435000,2533000,2584000,1.0402464065708419,1.0611909650924025,1.0201342281879195,47,329,33,3,1448000.0,593000.0,482666.6666666667,0.4095303867403315,30.0,56.03715170278638,0.0,0.0,1,12.7,33.1,30.1,20.400000000000002,17.400000000000002,0,0.0,,True,142,164,0.49848024316109424,TRAIN
W-000250,0.75,2025-05-15T18:00:00,False,1,1,2435000,2533000,2584000,1.0402464065708419,1.0611909650924025,1.0201342281879195,47,329,33,4,1826000.0,593000.0,456500.0,0.3247535596933187,67.0,70.6656346749226,0.0,0.0,2,27.7,70.7,60.5,43.0,32.8,0,0.0,4.5,True,224,82,0.7477203647416414,TRAIN
W-000259,0.25,2024-03-20T06:00:00,False,1,1,1866000,1783000,1769000,0.9555198285101822,0.9480171489817792,0.9921480650588895,18,217,31,0,0.0,,,,,0.0,0.0,0.0,0,,,,,,0,0.0,,True,23,162,0.2488479262672811,TRAIN
W-000259,0.5,2024-05-13T12:00:00,False,1,1,1866000,1783000,1769000,0.9555198285101822,0.9480171489817792,0.9921480650588895,18,217,31,0,0.0,,,,,0.0,0.0,0.0,0,,,,,,0,0.0,,True,77,108,0.4976958525345622,TRAIN
W-000259,0.75,2024-07-06T18:00:00,False,1,1,1866000,1783000,1769000,0.9555198285101822,0.9480171489817792,0.9921480650588895,18,217,31,0,0.0,,,,,0.0,0.0,0.0,1,16.3,0.0,60.4,-16.3,44.099999999999994,0,0.0,,True,131,54,0.7465437788018433,TRAIN
W-000279,0.25,2024-02-22T12:00:00,False,1,0,2296000,2347000,2281000,1.022212543554007,0.9934668989547039,0.9718789944610141,29,350,32,0,0.0,,,,,0.0,0.0,0.0,0,,,,,,0,0.0,,True,88,262,0.24857142857142858,TRAIN
W-000279,0.5,2024-05-20T00:00:00,False,1,0,2296000,2347000,2281000,1.022212543554007,0.9934668989547039,0.9718789944610141,29,350,32,0,0.0,,,,,0.0,0.0,0.0,1,20.3,0.0,48.0,-20.3,27.7,0,0.0,,True,176,175,0.5,TRAIN
W-000279,0.75,2024-08-15T12:00:00,False,1,0,2296000,2347000,2281000,1.022212543554007,0.9934668989547039,0.9718789944610141,29,350,32,0,0.0,,,,,0.0,0.0,0.0,1,20.3,0.0,48.0,-20.3,27.7,0,0.0,,True,263,87,0.7485714285714286,TRAIN
W-000292,0.25,2024-05-11T12:00:00,False,1,1,1355000,1435000,1425000,1.0590405904059041,1.051660516605166,0.9930313588850174,31,330,23,0,0.0,,,,,0.0,0.0,0.0,0,,,,,,0,0.0,,True,86,247,0.24848484848484848,TRAIN
W-000292,0.5,2024-08-02T00:00:00,False,1,1,1355000,1435000,1425000,1.0590405904059041,1.051660516605166,0.9930313588850174,31,330,23,2,919000.0,592000.0,459500.0,0.6441784548422198,64.0,64.49122807017544,0.0,0.0,0,,,,,,0,0.0,,True,169,165,0.5,TRAIN
W-000292,0.75,2024-10-23T12:00:00,False,1,1,1355000,1435000,1425000,1.0590405904059041,1.051660516605166,0.9930313588850174,31,330,23,3,1494000.0,592000.0,498000.0,0.3962516733601071,22.0,104.84210526315789,69000.0,4.842105263157895,1,22.2,104.8,70.3,82.6,48.099999999999994,0,0.0,,True,251,82,0.7484848484848485,TRAIN
W-000306,0.25,2024-12-18T12:00:00,False,1,1,1839000,1734000,1740000,0.9429037520391517,0.9461663947797716,1.0034602076124568,23,198,33,0,0.0,,,,,0.0,0.0,0.0,0,,,,,,0,0.0,,True,19,148,0.2474747474747475,TRAIN
W-000306,0.5,2025-02-06T00:00:00,False,1,1,1839000,1734000,1740000,0.9429037520391517,0.9461663947797716,1.0034602076124568,23,198,33,1,348000.0,348000.0,348000.0,1.0,14.0,20.0,0.0,0.0,0,,,,,,0,0.0,,True,69,99,0.5,TRAIN
W-000306,0.75,2025-03-27T12:00:00,False,1,1,1839000,1734000,1740000,0.9429037520391517,0.9461663947797716,1.0034602076124568,23,198,33,2,654000.0,348000.0,327000.0,0.5321100917431193,21.0,37.58620689655172,0.0,0.0,0,,,,,,0,0.0,,True,118,49,0.7474747474747475,TRAIN
W-000312,0.25,2024-04-08T06:00:00,False,1,1,1849000,1777000,1740000,0.961060032449973,0.9410492157923201,0.9791783905458639,44,281,34,0,0.0,,,,,0.0,0.0,0.0,0,,,,,,0,0.0,,True,52,210,0.2491103202846975,TRAIN
W-000312,0.5,2024-06-17T12:00:00,False,1,1,1849000,1777000,1740000,0.961060032449973,0.9410492157923201,0.9791783905458639,44,281,34,1,369000.0,369000.0,369000.0,1.0,67.0,21.20689655172414,0.0,0.0,0,,,,,,0,0.0,,True,122,140,0.498220640569395,TRAIN
W-000312,0.75,2024-08-26T18:00:00,False,1,1,1849000,1777000,1740000,0.961060032449973,0.9410492157923201,0.9791783905458639,44,281,34,3,1016000.0,466000.0,338666.6666666667,0.45866141732283466,10.0,58.39080459770115,0.0,0.0,1,18.1,58.4,65.8,40.3,47.699999999999996,0,0.0,,True,192,70,0.7473309608540926,TRAIN
W-000333,0.25,2025-01-04T12:00:00,False,1,0,3300000,3420000,3341000,1.0363636363636364,1.0124242424242424,0.9769005847953216,10,190,41,0,0.0,,,,,0.0,0.0,0.0,0,,,,,,0,0.0,,True,46,142,0.24736842105263157,TRAIN
W-000333,0.5,2025-02-21T00:00:00,False,1,0,3300000,3420000,3341000,1.0363636363636364,1.0124242424242424,0.9769005847953216,10,190,41,0,0.0,,,,,0.0,0.0,0.0,0,,,,,,0,0.0,,True,94,95,0.5,TRAIN
W-000333,0.75,2025-04-09T12:00:00,False,1,0,3300000,3420000,3341000,1.0363636363636364,1.0124242424242424,0.9769005847953216,10,190,41,1,743000.0,743000.0,743000.0,1.0,24.0,22.238850643519903,0.0,0.0,0,,,,,,0,0.0,,True,141,47,0.7473684210526316,TRAIN
W-000335,0.25,2025-05-18T06:00:00,False,1,1,1224000,1285000,1311000,1.0498366013071896,1.071078431372549,1.0202334630350194,50,345,29,0,0.0,,,,,0.0,0.0,0.0,1,9.8,0.0,22.9,-9.8,13.099999999999998,0,0.0,,True,84,258,0.2492753623188406,TRAIN
W-000335,0.5,2025-08-12T12:00:00,False,1,1,1224000,1285000,1311000,1.0498366013071896,1.071078431372549,1.0202334630350194,50,345,29,0,0.0,,,,,0.0,0.0,0.0,2,29.2,0.0,45.8,-29.2,16.599999999999998,0,0.0,7.367088607594936,True,170,172,0.4985507246376812,TRAIN
W-000335,0.75,2025-11-06T18:00:00,False,1,1,1224000,1285000,1311000,1.0498366013071896,1.071078431372549,1.0202334630350194,50,345,29,1,1354000.0,1354000.0,1354000.0,1.0,81.0,103.27993897787948,43000.0,3.279938977879481,3,44.4,103.3,68.7,58.9,24.300000000000004,0,0.0,6.5696202531645564,True,256,86,0.7478260869565218,TRAIN
W-000359,0.25,2024-09-10T18:00:00,False,1,1,817000,802000,813000,0.981640146878825,0.9951040391676866,1.013715710723192,10,359,35,0,0.0,,,,,0.0,0.0,0.0,0,,,,,,0,0.0,,True,58,269,0.2479108635097493,TRAIN
W-000359,0.5,2024-12-09T12:00:00,False,1,1,817000,802000,813000,0.981640146878825,0.9951040391676866,1.013715710723192,10,359,35,0,0.0,,,,,0.0,0.0,0.0,0,,,,,,0,0.0,,True,148,179,0.4986072423398329,TRAIN
W-000359,0.75,2025-03-09T06:00:00,False,1,1,817000,802000,813000,0.981640146878825,0.9951040391676866,1.013715710723192,10,359,35,0,0.0,,,,,0.0,0.0,0.0,1,22.1,0.0,54.0,-22.1,31.9,0,0.0,,True,238,89,0.7493036211699164,TRAIN
W-000362,0.25,2023-08-17T06:00:00,False,1,0,1225000,1314000,1364000,1.0726530612244898,1.113469387755102,1.0380517503805176,13,257,44,0,0.0,,,,,0.0,0.0,0.0,0,,,,,,0,0.0,,True,55,192,0.2490272373540856,TRAIN
W-000362,0.5,2023-10-20T12:00:00,False,1,0,1225000,1314000,1364000,1.0726530612244898,1.113469387755102,1.0380517503805176,13,257,44,1,280000.0,280000.0,280000.0,1.0,11.0,20.527859237536656,0.0,0.0,0,,,,,,0,0.0,,True,119,128,0.4980544747081712,TRAIN
W-000362,0.75,2023-12-23T18:00:00,False,1,0,1225000,1314000,1364000,1.0726530612244898,1.113469387755102,1.0380517503805176,13,257,44,3,839000.0,309000.0,279666.6666666667,0.36829558998808104,2.0,61.510263929618766,0.0,0.0,0,,,,,,0,0.0,,True,183,64,0.7470817120622568,TRAIN
W-000364,0.25,2023-11-12T06:00:00,False,1,0,1081000,1092000,1104000,1.0101757631822386,1.0212765957446808,1.010989010989011,13,249,8,1,203000.0,203000.0,203000.0,1.0,0.0,18.387681159420293,0.0,0.0,0,,,,,,0,0.0,,True,43,186,0.24899598393574296,TRAIN
W-000364,0.5,2024-01-13T12:00:00,False,1,0,1081000,1092000,1104000,1.0101757631822386,1.0212765957446808,1.010989010989011,13,249,8,2,408000.0,205000.0,204000.0,0.5024509803921569,0.0,36.95652173913043,0.0,0.0,0,,,,,,0,0.0,,True,105,124,0.4979919678714859,TRAIN
W-000364,0.75,2024-03-15T18:00:00,False,1,0,1081000,1092000,1104000,1.0101757631822386,1.0212765957446808,1.010989010989011,13,249,8,3,746000.0,338000.0,248666.66666666666,0.45308310991957107,43.0,67.57246376811594,0.0,0.0,1,13.0,67.6,53.4,54.599999999999994,40.4,0,0.0,,True,167,62,0.7469879518072289,TRAIN
W-000370,0.25,2023-08-21T06:00:00,False,1,1,1242000,1327000,1325000,1.068438003220612,1.06682769726248,0.9984928409947249,9,213,21,0,0.0,,,,,0.0,0.0,0.0,0,,,,,,0,0.0,,True,32,159,0.24882629107981222,VALIDATION
W-000370,0.5,2023-10-13T12:00:00,False,1,1,1242000,1327000,1325000,1.068438003220612,1.06682769726248,0.9984928409947249,9,213,21,0,0.0,,,,,0.0,0.0,0.0,0,,,,,,0,0.0,,True,85,106,0.49765258215962443,VALIDATION
W-000370,0.75,2023-12-05T18:00:00,False,1,1,1242000,1327000,1325000,1.068438003220612,1.06682769726248,0.9984928409947249,9,213,21,2,813000.0,500000.0,406500.0,0.6150061500615006,0.0,61.35849056603774,0.0,0.0,0,,,,,,0,0.0,,True,138,53,0.7464788732394366,VALIDATION
W-000383,0.25,2025-03-29T06:00:00,False,1,1,3701000,3969000,4055000,1.0724128613888138,1.0956498243717914,1.0216679264298312,43,201,35,4,2462000.0,762000.0,615500.0,0.30950446791226643,0.0,60.715166461159065,0.0,0.0,0,,,,,,0,0.0,,True,38,150,0.24875621890547264,TEST
W-000383,0.5,2025-05-18T12:00:00,False,1,1,3701000,3969000,4055000,1.0724128613888138,1.0956498243717914,1.0216679264298312,43,201,35,8,4275000.0,762000.0,534375.0,0.1782456140350877,44.0,105.42540073982738,220000.0,5.425400739827373,1,16.2,105.4,34.3,89.2,18.099999999999998,0,0.0,,True,88,100,0.4975124378109453,TEST
W-000383,0.75,2025-07-07T18:00:00,False,1,1,3701000,3969000,4055000,1.0724128613888138,1.0956498243717914,1.0216679264298312,43,201,35,8,4275000.0,762000.0,534375.0,0.1782456140350877,94.0,105.42540073982738,220000.0,5.425400739827373,1,16.2,105.4,34.3,89.2,18.099999999999998,0,0.0,,True,138,50,0.746268656716418,TEST
W-000387,0.25,2025-11-19T18:00:00,False,1,1,2502000,2508000,2576000,1.0023980815347722,1.0295763389288568,1.0271132376395535,46,327,14,2,1142000.0,583000.0,571000.0,0.510507880910683,31.0,44.33229813664597,0.0,0.0,1,11.2,44.3,15.0,33.099999999999994,3.8000000000000007,0,0.0,,True,64,245,0.24770642201834864,VALIDATION
W-000387,0.5,2026-02-09T12:00:00,False,1,1,2502000,2508000,2576000,1.0023980815347722,1.0295763389288568,1.0271132376395535,46,327,14,3,1802000.0,660000.0,600666.6666666666,0.3662597114317425,31.0,69.95341614906833,0.0,0.0,2,22.1,44.3,30.3,22.199999999999996,8.2,0,0.0,6.540000000000002,True,146,163,0.4984709480122324,VALIDATION
W-000387,0.75,2026-05-02T06:00:00,False,1,1,2502000,2508000,2576000,1.0023980815347722,1.0295763389288568,1.0271132376395535,46,327,14,4,2071000.0,660000.0,517750.0,0.31868662481892807,15.0,80.39596273291926,0.0,0.0,4,59.0,70.0,60.9,11.0,1.8999999999999986,0,0.0,9.559999999999999,True,228,81,0.7492354740061162,VALIDATION
W-000390,0.25,2025-08-18T18:00:00,False,1,1,3296000,3365000,3301000,1.0209344660194175,1.0015169902912622,0.9809806835066864,46,259,17,1,560000.0,560000.0,560000.0,1.0,47.0,16.964556195092396,0.0,0.0,0,,,,,,0,0.0,,True,69,194,0.2471042471042471,VALIDATION
W-000390,0.5,2025-10-22T12:00:00,False,1,1,3296000,3365000,3301000,1.0209344660194175,1.0015169902912622,0.9809806835066864,46,259,17,2,1145000.0,585000.0,572500.0,0.5109170305676856,37.0,34.68645864889427,0.0,0.0,1,26.2,34.7,42.9,8.500000000000004,16.7,0,0.0,,True,134,129,0.4980694980694981,VALIDATION
W-000390,0.75,2025-12-26T06:00:00,False,1,1,3296000,3365000,3301000,1.0209344660194175,1.0015169902912622,0.9809806835066864,46,259,17,2,1145000.0,585000.0,572500.0,0.5109170305676856,102.0,34.68645864889427,0.0,0.0,1,26.2,34.7,42.9,8.500000000000004,16.7,0,0.0,,True,199,64,0.749034749034749,VALIDATION
W-000393,0.25,2024-05-01T18:00:00,False,1,0,1186000,1268000,1805000,1.069139966273187,1.5219224283305228,1.4235015772870663,18,291,29,0,0.0,,,,,0.0,0.0,0.0,0,,,,,,0,0.0,,True,75,218,0.24742268041237114,TRAIN
W-000393,0.5,2024-07-13T12:00:00,False,1,0,1186000,1268000,1805000,1.069139966273187,1.5219224283305228,1.4235015772870663,18,291,29,2,1308000.0,775000.0,654000.0,0.5925076452599388,30.0,72.46537396121883,0.0,0.0,0,,,,,,0,0.0,,True,148,145,0.49828178694158076,TRAIN
W-000393,0.75,2024-09-24T06:00:00,False,1,0,1186000,1268000,1805000,1.069139966273187,1.5219224283305228,1.4235015772870663,18,291,29,3,1665000.0,775000.0,555000.0,0.46546546546546547,26.0,92.24376731301939,0.0,0.0,0,,,,,,0,0.0,,True,221,72,0.7491408934707904,TRAIN
W-000397,0.25,2024-03-08T06:00:00,False,1,1,2190000,2276000,2261000,1.0392694063926942,1.032420091324201,0.9934094903339191,15,185,33,0,0.0,,,,,0.0,0.0,0.0,0,,,,,,0,0.0,,True,26,138,0.24864864864864866,TRAIN
W-000397,0.5,2024-04-23T12:00:00,False,1,1,2190000,2276000,2261000,1.0392694063926942,1.032420091324201,0.9934094903339191,15,185,33,0,0.0,,,,,0.0,0.0,0.0,0,,,,,,0,0.0,,True,72,92,0.4972972972972973,TRAIN
W-000397,0.75,2024-06-08T18:00:00,False,1,1,2190000,2276000,2261000,1.0392694063926942,1.032420091324201,0.9934094903339191,15,185,33,0,0.0,,,,,0.0,0.0,0.0,0,,,,,,0,0.0,,True,118,46,0.745945945945946,TRAIN
W-000399,0.25,2025-03-06T06:00:00,False,1,1,2928000,3086000,3045000,1.0539617486338797,1.0399590163934427,0.9867141931302658,34,293,10,0,0.0,,,,,0.0,0.0,0.0,0,,,,,,0,0.0,,True,57,219,0.24914675767918087,TRAIN
W-000399,0.5,2025-05-18T12:00:00,False,1,1,2928000,3086000,3045000,1.0539617486338797,1.0399590163934427,0.9867141931302658,34,293,10,1,611000.0,611000.0,611000.0,1.0,69.0,20.06568144499179,0.0,0.0,1,19.6,20.1,25.6,0.5,6.0,0,0.0,,True,130,146,0.49829351535836175,TRAIN
W-000399,0.75,2025-07-30T18:00:00,False,1,1,2928000,3086000,3045000,1.0539617486338797,1.0399590163934427,0.9867141931302658,34,293,10,3,1867000.0,828000.0,622333.3333333334,0.44349223352972683,47.0,61.31362889983579,0.0,0.0,2,23.0,34.1,51.2,11.100000000000001,28.200000000000003,0,0.0,1.3599999999999994,True,203,73,0.7474402730375427,TRAIN
W-000408,0.25,2024-08-26T06:00:00,False,1,1,2245000,2331000,2388000,1.0383073496659243,1.06369710467706,1.0244530244530246,35,185,40,0,0.0,,,,,0.0,0.0,0.0,0,,,,,,0,0.0,,True,42,138,0.24864864864864866,TEST
W-000408,0.5,2024-10-11T12:00:00,False,1,1,2245000,2331000,2388000,1.0383073496659243,1.06369710467706,1.0244530244530246,35,185,40,0,0.0,,,,,0.0,0.0,0.0,0,,,,,,0,0.0,,True,88,92,0.4972972972972973,TEST
W-000408,0.75,2024-11-26T18:00:00,False,1,1,2245000,2331000,2388000,1.0383073496659243,1.06369710467706,1.0244530244530246,35,185,40,0,0.0,,,,,0.0,0.0,0.0,0,,,,,,0,0.0,,True,134,46,0.745945945945946,TEST
W-000423,0.25,2025-05-25T12:00:00,False,1,0,532000,544000,559000,1.0225563909774436,1.050751879699248,1.0275735294117647,29,314,18,0,0.0,,,,,0.0,0.0,0.0,0,,,,,,0,0.0,,True,60,235,0.2484076433121019,TRAIN
W-000423,0.5,2025-08-12T00:00:00,False,1,0,532000,544000,559000,1.0225563909774436,1.050751879699248,1.0275735294117647,29,314,18,1,162000.0,162000.0,162000.0,1.0,32.0,28.980322003577818,0.0,0.0,1,20.9,0.0,33.1,-20.9,12.200000000000003,0,0.0,,True,139,157,0.5,TRAIN
W-000423,0.75,2025-10-29T12:00:00,False,1,0,532000,544000,559000,1.0225563909774436,1.050751879699248,1.0275735294117647,29,314,18,3,520000.0,218000.0,173333.33333333334,0.41923076923076924,25.0,93.02325581395348,0.0,0.0,2,40.5,93.0,66.6,52.5,26.099999999999994,0,0.0,5.6000000000000005,True,217,78,0.7484076433121019,TRAIN
W-000425,0.25,2024-06-25T12:00:00,False,1,1,2201000,2212000,2195000,1.0049977283053158,0.9972739663789186,0.9923146473779385,36,242,36,1,2305000.0,2305000.0,2305000.0,1.0,8.0,105.01138952164008,110000.0,5.0113895216400905,0,,,,,,0,0.0,,True,52,181,0.24793388429752067,TRAIN
W-000425,0.5,2024-08-25T00:00:00,False,1,1,2201000,2212000,2195000,1.0049977283053158,0.9972739663789186,0.9923146473779385,36,242,36,1,2305000.0,2305000.0,2305000.0,1.0,69.0,105.01138952164008,110000.0,5.0113895216400905,0,,,,,,0,0.0,,True,113,121,0.5,TRAIN
W-000425,0.75,2024-10-24T12:00:00,False,1,1,2201000,2212000,2195000,1.0049977283053158,0.9972739663789186,0.9923146473779385,36,242,36,1,2305000.0,2305000.0,2305000.0,1.0,129.0,105.01138952164008,110000.0,5.0113895216400905,1,11.0,105.0,50.0,94.0,39.0,0,0.0,,True,173,60,0.7479338842975206,TRAIN
W-000426,0.25,2024-06-05T18:00:00,False,1,1,1400000,1471000,1449000,1.0507142857142857,1.035,0.9850441876274643,41,191,21,0,0.0,,,,,0.0,0.0,0.0,0,,,,,,0,0.0,,True,19,143,0.24607329842931938,TEST
W-000426,0.5,2024-07-23T12:00:00,False,1,1,1400000,1471000,1449000,1.0507142857142857,1.035,0.9850441876274643,41,191,21,0,0.0,,,,,0.0,0.0,0.0,0,,,,,,0,0.0,,True,67,95,0.4973821989528796,TEST
W-000426,0.75,2024-09-09T06:00:00,False,1,1,1400000,1471000,1449000,1.0507142857142857,1.035,0.9850441876274643,41,191,21,2,864000.0,441000.0,432000.0,0.5104166666666666,26.0,59.62732919254658,0.0,0.0,0,,,,,,0,0.0,,True,115,47,0.7486910994764397,TEST
W-000431,0.25,2024-09-29T00:00:00,False,1,1,2341000,2269000,2233000,0.9692439128577531,0.9538658692866296,0.9841339797267519,22,260,44,0,0.0,,,,,0.0,0.0,0.0,0,,,,,,0,0.0,,True,64,195,0.25,VALIDATION
W-000431,0.5,2024-12-03T00:00:00,False,1,1,2341000,2269000,2233000,0.9692439128577531,0.9538658692866296,0.9841339797267519,22,260,44,3,1995000.0,830000.0,665000.0,0.41604010025062654,9.0,89.34169278996865,0.0,0.0,0,,,,,,0,0.0,,True,129,130,0.5,VALIDATION
W-000431,0.75,2025-02-06T00:00:00,False,1,1,2341000,2269000,2233000,0.9692439128577531,0.9538658692866296,0.9841339797267519,22,260,44,3,1995000.0,830000.0,665000.0,0.41604010025062654,74.0,89.34169278996865,0.0,0.0,0,,,,,,0,0.0,,True,194,65,0.75,VALIDATION
W-000440,0.25,2025-07-12T00:00:00,False,1,1,1216000,1163000,1170000,0.9564144736842105,0.962171052631579,1.0060189165950129,8,232,37,0,0.0,,,,,0.0,0.0,0.0,0,,,,,,0,0.0,,True,23,174,0.25,TEST
W-000440,0.5,2025-09-08T00:00:00,False,1,1,1216000,1163000,1170000,0.9564144736842105,0.962171052631579,1.0060189165950129,8,232,37,1,343000.0,343000.0,343000.0,1.0,43.0,29.31623931623932,0.0,0.0,1,16.1,29.3,31.5,13.2,15.399999999999999,0,0.0,,True,81,116,0.5,TEST
W-000440,0.75,2025-11-05T00:00:00,False,1,1,1216000,1163000,1170000,0.9564144736842105,0.962171052631579,1.0060189165950129,8,232,37,1,343000.0,343000.0,343000.0,1.0,101.0,29.31623931623932,0.0,0.0,1,16.1,29.3,31.5,13.2,15.399999999999999,0,0.0,,True,139,58,0.75,TEST
W-000445,0.25,2024-11-15T06:00:00,False,1,0,1081000,1066000,1035000,0.9861239592969473,0.9574468085106383,0.9709193245778611,41,185,18,0,0.0,,,,,0.0,0.0,0.0,0,,,,,,0,0.0,,True,48,138,0.24864864864864866,VALIDATION
W-000445,0.5,2024-12-31T12:00:00,False,1,0,1081000,1066000,1035000,0.9861239592969473,0.9574468085106383,0.9709193245778611,41,185,18,0,0.0,,,,,0.0,0.0,0.0,0,,,,,,0,0.0,,True,94,92,0.4972972972972973,VALIDATION
W-000445,0.75,2025-02-15T18:00:00,False,1,0,1081000,1066000,1035000,0.9861239592969473,0.9574468085106383,0.9709193245778611,41,185,18,0,0.0,,,,,0.0,0.0,0.0,0,,,,,,0,0.0,,True,140,46,0.745945945945946,VALIDATION
W-000446,0.25,2025-10-12T00:00:00,False,1,1,3772000,3889000,3803000,1.0310180275715801,1.0082184517497348,0.9778863461043971,9,228,20,1,856000.0,856000.0,856000.0,1.0,7.0,22.508545884827768,0.0,0.0,0,,,,,,0,0.0,,True,38,171,0.25,TRAIN
W-000446,0.5,2025-12-08T00:00:00,False,1,1,3772000,3889000,3803000,1.0310180275715801,1.0082184517497348,0.9778863461043971,9,228,20,1,856000.0,856000.0,856000.0,1.0,64.0,22.508545884827768,0.0,0.0,1,27.2,22.5,39.5,-4.699999999999999,12.3,0,0.0,,True,95,114,0.5,TRAIN
W-000446,0.75,2026-02-03T00:00:00,False,1,1,3772000,3889000,3803000,1.0310180275715801,1.0082184517497348,0.9778863461043971,9,228,20,1,856000.0,856000.0,856000.0,1.0,121.0,22.508545884827768,0.0,0.0,1,27.2,22.5,39.5,-4.699999999999999,12.3,0,0.0,,True,152,57,0.75,TRAIN
W-000454,0.25,2024-08-01T18:00:00,False,1,1,2054000,1953000,1896000,0.950827653359299,0.9230769230769231,0.9708141321044547,40,347,9,0,0.0,,,,,0.0,0.0,0.0,0,,,,,,0,0.0,,True,77,260,0.2478386167146974,TRAIN
W-000454,0.5,2024-10-27T12:00:00,False,1,1,2054000,1953000,1896000,0.950827653359299,0.9230769230769231,0.9708141321044547,40,347,9,0,0.0,,,,,0.0,0.0,0.0,1,12.6,0.0,30.0,-12.6,17.4,0,0.0,,True,164,173,0.49855907780979825,TRAIN
W-000454,0.75,2025-01-22T06:00:00,False,1,1,2054000,1953000,1896000,0.950827653359299,0.9230769230769231,0.9708141321044547,40,347,9,0,0.0,,,,,0.0,0.0,0.0,2,27.7,0.0,60.2,-27.7,32.5,0,0.0,4.314285714285714,True,251,86,0.7492795389048992,TRAIN
W-000465,0.25,2024-03-20T18:00:00,False,1,0,2397000,2282000,2336000,0.952023362536504,0.9745515227367543,1.0236634531113058,26,351,19,0,0.0,,,,,0.0,0.0,0.0,0,,,,,,0,0.0,,True,82,263,0.24786324786324787,TRAIN
W-000465,0.5,2024-06-16T12:00:00,False,1,0,2397000,2282000,2336000,0.952023362536504,0.9745515227367543,1.0236634531113058,26,351,19,1,364000.0,364000.0,364000.0,1.0,13.0,15.582191780821919,0.0,0.0,1,10.6,15.6,46.2,5.0,35.6,0,0.0,,True,170,175,0.4985754985754986,TRAIN
W-000465,0.75,2024-09-12T06:00:00,False,1,0,2397000,2282000,2336000,0.952023362536504,0.9745515227367543,1.0236634531113058,26,351,19,5,1968000.0,503000.0,393600.0,0.25558943089430897,11.0,84.24657534246576,0.0,0.0,1,10.6,15.6,46.2,5.0,35.6,0,0.0,,True,258,87,0.7492877492877493,TRAIN
W-000471,0.25,2025-10-17T00:00:00,False,1,0,2728000,2840000,2845000,1.0410557184750733,1.0428885630498534,1.0017605633802817,10,196,21,0,0.0,,,,,0.0,0.0,0.0,0,,,,,,0,0.0,,True,36,147,0.25,TRAIN
W-000471,0.5,2025-12-05T00:00:00,False,1,0,2728000,2840000,2845000,1.0410557184750733,1.0428885630498534,1.0017605633802817,10,196,21,1,1147000.0,1147000.0,1147000.0,1.0,6.0,40.31634446397188,0.0,0.0,1,22.4,0.0,35.7,-22.4,13.300000000000004,0,0.0,,True,85,98,0.5,TRAIN
W-000471,0.75,2026-01-23T00:00:00,False,1,0,2728000,2840000,2845000,1.0410557184750733,1.0428885630498534,1.0017605633802817,10,196,21,1,1147000.0,1147000.0,1147000.0,1.0,55.0,40.31634446397188,0.0,0.0,1,22.4,0.0,35.7,-22.4,13.300000000000004,0,0.0,,True,134,49,0.75,TRAIN
W-000473,0.25,2025-09-02T18:00:00,False,1,0,1961000,1854000,1891000,0.9454360020397756,0.9643039265680775,1.0199568500539373,25,243,19,0,0.0,,,,,0.0,0.0,0.0,1,18.0,0.0,21.8,-18.0,3.8000000000000007,0,0.0,,True,63,182,0.24691358024691357,TRAIN
W-000473,0.5,2025-11-02T12:00:00,False,1,0,1961000,1854000,1891000,0.9454360020397756,0.9643039265680775,1.0199568500539373,25,243,19,1,455000.0,455000.0,455000.0,1.0,15.0,24.061343204653625,0.0,0.0,2,29.2,0.0,43.6,-29.2,14.400000000000002,0,0.0,6.339622641509433,True,124,121,0.49794238683127573,TRAIN
W-000473,0.75,2026-01-02T06:00:00,False,1,0,1961000,1854000,1891000,0.9454360020397756,0.9643039265680775,1.0199568500539373,25,243,19,2,635000.0,455000.0,317500.0,0.7165354330708661,57.0,33.58011634056055,0.0,0.0,3,34.9,33.6,65.4,-1.2999999999999972,30.500000000000007,0,0.0,4.783018867924528,True,185,60,0.7489711934156379,TRAIN
W-000480,0.25,2025-06-03T18:00:00,False,1,0,1922000,2076000,2098000,1.0801248699271593,1.0915712799167534,1.010597302504817,34,215,36,0,0.0,,,,,0.0,0.0,0.0,0,,,,,,0,0.0,,True,30,161,0.24651162790697675,TRAIN
W-000480,0.5,2025-07-27T12:00:00,False,1,0,1922000,2076000,2098000,1.0801248699271593,1.0915712799167534,1.010597302504817,34,215,36,0,0.0,,,,,0.0,0.0,0.0,1,26.6,0.0,32.1,-26.6,5.5,0,0.0,,True,84,107,0.49767441860465117,TRAIN
W-000480,0.75,2025-09-19T06:00:00,False,1,0,1922000,2076000,2098000,1.0801248699271593,1.0915712799167534,1.010597302504817,34,215,36,0,0.0,,,,,0.0,0.0,0.0,2,29.5,0.0,64.2,-29.5,34.7,0,0.0,1.2608695652173907,True,138,53,0.7488372093023256,TRAIN
W-000481,0.25,2024-10-09T12:00:00,False,1,1,996000,1001000,1025000,1.0050200803212852,1.0291164658634537,1.023976023976024,26,206,32,0,0.0,,,,,0.0,0.0,0.0,0,,,,,,0,0.0,,True,46,154,0.24757281553398058,TRAIN
W-000481,0.5,2024-11-30T00:00:00,False,1,1,996000,1001000,1025000,1.0050200803212852,1.0291164658634537,1.023976023976024,26,206,32,2,406000.0,246000.0,203000.0,0.6059113300492611,4.0,39.609756097560975,0.0,0.0,0,,,,,,0,0.0,,True,98,103,0.5,TRAIN
W-000481,0.75,2025-01-20T12:00:00,False,1,1,996000,1001000,1025000,1.0050200803212852,1.0291164658634537,1.023976023976024,26,206,32,2,406000.0,246000.0,203000.0,0.6059113300492611,55.0,39.609756097560975,0.0,0.0,0,,,,,,0,0.0,,True,149,51,0.7475728155339806,TRAIN
W-000483,0.25,2024-04-09T06:00:00,False,1,1,666000,637000,638000,0.9564564564564565,0.9579579579579579,1.0015698587127158,18,289,36,0,0.0,,,,,0.0,0.0,0.0,0,,,,,,0,0.0,,True,44,216,0.2491349480968858,TEST
W-000483,0.5,2024-06-20T12:00:00,False,1,1,666000,637000,638000,0.9564564564564565,0.9579579579579579,1.0015698587127158,18,289,36,1,256000.0,256000.0,256000.0,1.0,29.0,40.12539184952978,0.0,0.0,0,,,,,,0,0.0,,True,116,144,0.4982698961937716,TEST
W-000483,0.75,2024-08-31T18:00:00,False,1,1,666000,637000,638000,0.9564564564564565,0.9579579579579579,1.0015698587127158,18,289,36,1,256000.0,256000.0,256000.0,1.0,101.0,40.12539184952978,0.0,0.0,1,21.1,40.1,52.9,19.0,31.799999999999997,0,0.0,,True,188,72,0.7474048442906575,TEST
W-000485,0.25,2024-07-02T06:00:00,False,1,1,703000,722000,728000,1.027027027027027,1.035561877667141,1.0083102493074791,43,317,38,0,0.0,,,,,0.0,0.0,0.0,0,,,,,,0,0.0,,True,63,237,0.24921135646687698,TEST
W-000485,0.5,2024-09-19T12:00:00,False,1,1,703000,722000,728000,1.027027027027027,1.035561877667141,1.0083102493074791,43,317,38,1,235000.0,235000.0,235000.0,1.0,29.0,32.28021978021978,0.0,0.0,0,,,,,,0,0.0,,True,142,158,0.49842271293375395,TEST
W-000485,0.75,2024-12-07T18:00:00,False,1,1,703000,722000,728000,1.027027027027027,1.035561877667141,1.0083102493074791,43,317,38,3,608000.0,235000.0,202666.66666666666,0.38651315789473684,52.0,83.51648351648352,0.0,0.0,0,,,,,,0,0.0,,True,221,79,0.7476340694006309,TEST
W-000489,0.25,2024-03-12T00:00:00,False,1,1,2326000,2216000,2257000,0.9527085124677558,0.970335339638865,1.0185018050541517,50,324,39,0,0.0,,,,,0.0,0.0,0.0,0,,,,,,0,0.0,,True,77,243,0.25,TRAIN
W-000489,0.5,2024-06-01T00:00:00,False,1,1,2326000,2216000,2257000,0.9527085124677558,0.970335339638865,1.0185018050541517,50,324,39,2,832000.0,510000.0,416000.0,0.6129807692307693,44.0,36.86309260079752,0.0,0.0,0,,,,,,0,0.0,,True,158,162,0.5,TRAIN
W-000489,0.75,2024-08-21T00:00:00,False,1,1,2326000,2216000,2257000,0.9527085124677558,0.970335339638865,1.0185018050541517,50,324,39,3,1225000.0,510000.0,408333.3333333333,0.4163265306122449,9.0,54.27558706247231,0.0,0.0,1,10.0,36.9,50.3,26.9,40.3,0,0.0,,True,239,81,0.75,TRAIN
W-000503,0.25,2025-06-06T00:00:00,False,1,0,819000,800000,803000,0.9768009768009768,0.9804639804639804,1.00375,43,244,21,1,307000.0,307000.0,307000.0,1.0,8.0,38.23163138231631,0.0,0.0,0,,,,,,0,0.0,,True,44,183,0.25,TRAIN
W-000503,0.5,2025-08-06T00:00:00,False,1,0,819000,800000,803000,0.9768009768009768,0.9804639804639804,1.00375,43,244,21,1,307000.0,307000.0,307000.0,1.0,69.0,38.23163138231631,0.0,0.0,0,,,,,,0,0.0,,True,105,122,0.5,TRAIN
W-000503,0.75,2025-10-06T00:00:00,False,1,0,819000,800000,803000,0.9768009768009768,0.9804639804639804,1.00375,43,244,21,2,437000.0,307000.0,218500.0,0.7025171624713958,2.0,54.42092154420921,0.0,0.0,1,41.6,54.4,67.6,12.799999999999997,25.999999999999993,0,0.0,,True,166,61,0.75,TRAIN
W-000512,0.25,2024-04-01T06:00:00,False,1,1,1332000,1362000,1342000,1.0225225225225225,1.0075075075075075,0.9853157121879589,33,281,27,0,0.0,,,,,0.0,0.0,0.0,0,,,,,,0,0.0,,True,36,210,0.2491103202846975,VALIDATION
W-000512,0.5,2024-06-10T12:00:00,False,1,1,1332000,1362000,1342000,1.0225225225225225,1.0075075075075075,0.9853157121879589,33,281,27,1,267000.0,267000.0,267000.0,1.0,64.0,19.895678092399404,0.0,0.0,0,,,,,,0,0.0,,True,106,140,0.498220640569395,VALIDATION
W-000512,0.75,2024-08-19T18:00:00,False,1,1,1332000,1362000,1342000,1.0225225225225225,1.0075075075075075,0.9853157121879589,33,281,27,1,267000.0,267000.0,267000.0,1.0,134.0,19.895678092399404,0.0,0.0,0,,,,,,0,0.0,,True,176,70,0.7473309608540926,VALIDATION
W-000521,0.25,2024-05-09T00:00:00,False,1,1,631000,630000,625000,0.9984152139461173,0.9904912836767037,0.9920634920634921,27,208,12,0,0.0,,,,,0.0,0.0,0.0,0,,,,,,0,0.0,,True,30,156,0.25,VALIDATION
W-000521,0.5,2024-06-30T00:00:00,False,1,1,631000,630000,625000,0.9984152139461173,0.9904912836767037,0.9920634920634921,27,208,12,0,0.0,,,,,0.0,0.0,0.0,0,,,,,,0,0.0,,True,82,104,0.5,VALIDATION
W-000521,0.75,2024-08-21T00:00:00,False,1,1,631000,630000,625000,0.9984152139461173,0.9904912836767037,0.9920634920634921,27,208,12,1,131000.0,131000.0,131000.0,1.0,21.0,20.96,0.0,0.0,0,,,,,,0,0.0,,True,134,52,0.75,VALIDATION
W-000523,0.25,2024-12-06T00:00:00,False,1,1,2421000,2537000,2614000,1.0479140850888062,1.0797191243287898,1.0303508080409933,16,308,17,0,0.0,,,,,0.0,0.0,0.0,0,,,,,,0,0.0,,True,70,231,0.25,TRAIN
W-000523,0.5,2025-02-21T00:00:00,False,1,1,2421000,2537000,2614000,1.0479140850888062,1.0797191243287898,1.0303508080409933,16,308,17,0,0.0,,,,,0.0,0.0,0.0,0,,,,,,0,0.0,,True,147,154,0.5,TRAIN
W-000523,0.75,2025-05-09T00:00:00,False,1,1,2421000,2537000,2614000,1.0479140850888062,1.0797191243287898,1.0303508080409933,16,308,17,0,0.0,,,,,0.0,0.0,0.0,1,20.8,0.0,56.8,-20.8,36.0,0,0.0,,True,224,77,0.75,TRAIN
W-000527,0.25,2024-09-01T06:00:00,False,1,0,975000,959000,976000,0.9835897435897436,1.001025641025641,1.0177267987486966,30,189,16,0,0.0,,,,,0.0,0.0,0.0,0,,,,,,0,0.0,,True,18,141,0.24867724867724866,TEST
W-000527,0.5,2024-10-18T12:00:00,False,1,0,975000,959000,976000,0.9835897435897436,1.001025641025641,1.0177267987486966,30,189,16,0,0.0,,,,,0.0,0.0,0.0,0,,,,,,0,0.0,,True,65,94,0.4973544973544973,TEST
W-000527,0.75,2024-12-04T18:00:00,False,1,0,975000,959000,976000,0.9835897435897436,1.001025641025641,1.0177267987486966,30,189,16,1,414000.0,414000.0,414000.0,1.0,20.0,42.41803278688525,0.0,0.0,0,,,,,,0,0.0,,True,112,47,0.746031746031746,TEST
W-000533,0.25,2023-10-01T00:00:00,False,1,1,2579000,2544000,2539000,0.9864288483908492,0.9844901124466847,0.9980345911949685,41,344,31,1,898000.0,898000.0,898000.0,1.0,38.0,35.368255218589994,0.0,0.0,0,,,,,,0,0.0,,True,91,258,0.25,TRAIN
W-000533,0.5,2023-12-26T00:00:00,False,1,1,2579000,2544000,2539000,0.9864288483908492,0.9844901124466847,0.9980345911949685,41,344,31,1,898000.0,898000.0,898000.0,1.0,124.0,35.368255218589994,0.0,0.0,0,,,,,,0,0.0,,True,177,172,0.5,TRAIN
W-000533,0.75,2024-03-21T00:00:00,False,1,1,2579000,2544000,2539000,0.9864288483908492,0.9844901124466847,0.9980345911949685,41,344,31,1,898000.0,898000.0,898000.0,1.0,210.0,35.368255218589994,0.0,0.0,1,13.6,35.4,55.8,21.799999999999997,42.199999999999996,0,0.0,,True,263,86,0.75,TRAIN
W-000538,0.25,2023-12-27T00:00:00,False,1,1,2884000,2979000,3027000,1.0329403606102636,1.0495839112343968,1.0161127895266868,22,360,24,0,0.0,,,,,0.0,0.0,0.0,0,,,,,,0,0.0,,True,88,270,0.25,VALIDATION
W-000538,0.5,2024-03-26T00:00:00,False,1,1,2884000,2979000,3027000,1.0329403606102636,1.0495839112343968,1.0161127895266868,22,360,24,0,0.0,,,,,0.0,0.0,0.0,0,,,,,,0,0.0,,True,178,180,0.5,VALIDATION
W-000538,0.75,2024-06-24T00:00:00,False,1,1,2884000,2979000,3027000,1.0329403606102636,1.0495839112343968,1.0161127895266868,22,360,24,0,0.0,,,,,0.0,0.0,0.0,0,,,,,,0,0.0,,True,268,90,0.75,VALIDATION
W-000543,0.25,2023-11-05T00:00:00,False,1,0,1192000,1139000,1153000,0.9555369127516778,0.9672818791946308,1.0122914837576822,20,204,26,0,0.0,,,,,0.0,0.0,0.0,0,,,,,,0,0.0,,True,44,153,0.25,TEST
W-000543,0.5,2023-12-26T00:00:00,False,1,0,1192000,1139000,1153000,0.9555369127516778,0.9672818791946308,1.0122914837576822,20,204,26,0,0.0,,,,,0.0,0.0,0.0,0,,,,,,0,0.0,,True,95,102,0.5,TEST
W-000543,0.75,2024-02-15T00:00:00,False,1,0,1192000,1139000,1153000,0.9555369127516778,0.9672818791946308,1.0122914837576822,20,204,26,0,0.0,,,,,0.0,0.0,0.0,0,,,,,,0,0.0,,True,146,51,0.75,TEST
W-000554,0.25,2025-08-02T06:00:00,False,1,0,1547000,1482000,1472000,0.957983193277311,0.9515190691661279,0.9932523616734144,50,189,36,0,0.0,,,,,0.0,0.0,0.0,0,,,,,,0,0.0,,True,13,141,0.24867724867724866,TRAIN
W-000554,0.5,2025-09-18T12:00:00,False,1,0,1547000,1482000,1472000,0.957983193277311,0.9515190691661279,0.9932523616734144,50,189,36,2,995000.0,682000.0,497500.0,0.685427135678392,21.0,67.59510869565217,0.0,0.0,0,,,,,,0,0.0,,True,60,94,0.4973544973544973,TRAIN
W-000554,0.75,2025-11-04T18:00:00,False,1,0,1547000,1482000,1472000,0.957983193277311,0.9515190691661279,0.9932523616734144,50,189,36,3,1445000.0,682000.0,481666.6666666667,0.47197231833910036,43.0,98.16576086956522,0.0,0.0,1,25.7,98.2,53.4,72.5,27.7,0,0.0,,True,107,47,0.746031746031746,TRAIN
W-000555,0.25,2024-02-15T18:00:00,False,1,0,1846000,1900000,1940000,1.029252437703142,1.0509209100758397,1.0210526315789474,19,295,24,1,553000.0,553000.0,553000.0,1.0,36.0,28.505154639175256,0.0,0.0,0,,,,,,0,0.0,,True,75,221,0.24745762711864408,VALIDATION
W-000555,0.5,2024-04-29T12:00:00,False,1,0,1846000,1900000,1940000,1.029252437703142,1.0509209100758397,1.0210526315789474,19,295,24,3,1198000.0,553000.0,399333.3333333333,0.46160267111853087,22.0,61.75257731958763,0.0,0.0,1,19.8,46.4,42.4,26.599999999999998,22.599999999999998,0,0.0,,True,149,147,0.49830508474576274,VALIDATION
W-000555,0.75,2024-07-12T06:00:00,False,1,0,1846000,1900000,1940000,1.029252437703142,1.0509209100758397,1.0210526315789474,19,295,24,5,1938000.0,553000.0,387600.0,0.2853457172342621,9.0,99.89690721649484,0.0,0.0,1,19.8,46.4,42.4,26.599999999999998,22.599999999999998,0,0.0,,True,223,73,0.7491525423728813,VALIDATION
W-000556,0.25,2025-01-08T12:00:00,False,1,0,3254000,3117000,3172000,0.9578979717271051,0.97480024585126,1.0176451716393968,14,270,28,2,1414000.0,783000.0,707000.0,0.5537482319660537,30.0,44.57755359394704,0.0,0.0,0,,,,,,0,0.0,,True,59,202,0.24814814814814815,TRAIN
W-000556,0.5,2025-03-17T00:00:00,False,1,0,3254000,3117000,3172000,0.9578979717271051,0.97480024585126,1.0176451716393968,14,270,28,3,2147000.0,783000.0,715666.6666666666,0.36469492314857943,29.0,67.6860025220681,0.0,0.0,0,,,,,,0,0.0,,True,127,135,0.5,TRAIN
W-000556,0.75,2025-05-23T12:00:00,False,1,0,3254000,3117000,3172000,0.9578979717271051,0.97480024585126,1.0176451716393968,14,270,28,3,2147000.0,783000.0,715666.6666666666,0.36469492314857943,96.0,67.6860025220681,0.0,0.0,1,21.4,67.7,48.5,46.300000000000004,27.1,0,0.0,,True,194,67,0.7481481481481481,TRAIN
W-000557,0.25,2025-06-17T06:00:00,False,1,0,912000,977000,972000,1.0712719298245614,1.0657894736842106,0.9948822927328557,29,341,22,0,0.0,,,,,0.0,0.0,0.0,0,,,,,,0,0.0,,True,50,255,0.24926686217008798,TRAIN
W-000557,0.5,2025-09-10T12:00:00,False,1,0,912000,977000,972000,1.0712719298245614,1.0657894736842106,0.9948822927328557,29,341,22,1,199000.0,199000.0,199000.0,1.0,72.0,20.473251028806587,0.0,0.0,1,27.2,20.5,35.8,-6.699999999999999,8.599999999999998,0,0.0,,True,135,170,0.49853372434017595,TRAIN
W-000557,0.75,2025-12-04T18:00:00,False,1,0,912000,977000,972000,1.0712719298245614,1.0657894736842106,0.9948822927328557,29,341,22,1,199000.0,199000.0,199000.0,1.0,157.0,20.473251028806587,0.0,0.0,1,27.2,20.5,35.8,-6.699999999999999,8.599999999999998,0,0.0,,True,220,85,0.7478005865102639,TRAIN
W-000577,0.25,2026-04-10T12:00:00,False,1,1,3783000,3558000,3673000,0.9405233941316415,0.9709225482421359,1.0323215289488477,12,186,7,0,0.0,,,,,0.0,0.0,0.0,1,17.1,0.0,11.8,-17.1,-5.300000000000001,0,0.0,,True,34,139,0.24731182795698925,TRAIN
W-000577,0.5,2026-05-27T00:00:00,False,1,1,3783000,3558000,3673000,0.9405233941316415,0.9709225482421359,1.0323215289488477,12,186,7,1,866000.0,866000.0,866000.0,1.0,6.0,23.57745711952083,0.0,0.0,3,36.4,0.0,35.5,-36.4,-0.8999999999999986,0,0.0,13.159090909090907,True,81,93,0.5,TRAIN
W-000577,0.75,2026-07-12T12:00:00,False,1,1,3783000,3558000,3673000,0.9405233941316415,0.9709225482421359,1.0323215289488477,12,186,7,3,2432000.0,866000.0,810666.6666666666,0.3560855263157895,30.0,66.21290498230329,0.0,0.0,5,59.9,66.2,59.1,6.300000000000004,-0.7999999999999972,0,0.0,14.59090909090909,True,127,46,0.7473118279569892,TRAIN
W-000590,0.25,2025-01-31T12:00:00,False,1,1,734000,779000,803000,1.061307901907357,1.0940054495912805,1.030808729139923,27,230,18,0,0.0,,,,,0.0,0.0,0.0,0,,,,,,0,0.0,,True,29,172,0.24782608695652175,TRAIN
W-000590,0.5,2025-03-30T00:00:00,False,1,1,734000,779000,803000,1.061307901907357,1.0940054495912805,1.030808729139923,27,230,18,0,0.0,,,,,0.0,0.0,0.0,0,,,,,,0,0.0,,True,87,115,0.5,TRAIN
W-000590,0.75,2025-05-26T12:00:00,False,1,1,734000,779000,803000,1.061307901907357,1.0940054495912805,1.030808729139923,27,230,18,0,0.0,,,,,0.0,0.0,0.0,1,17.4,0.0,52.6,-17.4,35.2,0,0.0,,True,144,57,0.7478260869565218,TRAIN
W-000602,0.25,2024-01-04T18:00:00,False,1,1,1174000,1211000,1184000,1.0315161839863713,1.008517887563884,0.9777043765483072,35,259,12,0,0.0,,,,,0.0,0.0,0.0,0,,,,,,0,0.0,,True,44,194,0.2471042471042471,TRAIN
W-000602,0.5,2024-03-09T12:00:00,False,1,1,1174000,1211000,1184000,1.0315161839863713,1.008517887563884,0.9777043765483072,35,259,12,0,0.0,,,,,0.0,0.0,0.0,0,,,,,,0,0.0,,True,109,129,0.4980694980694981,TRAIN
W-000602,0.75,2024-05-13T06:00:00,False,1,1,1174000,1211000,1184000,1.0315161839863713,1.008517887563884,0.9777043765483072,35,259,12,2,387000.0,245000.0,193500.0,0.6330749354005168,23.0,32.685810810810814,0.0,0.0,1,12.2,32.7,65.3,20.500000000000004,53.099999999999994,0,0.0,,True,174,64,0.749034749034749,TRAIN
W-000610,0.25,2024-06-20T00:00:00,False,1,1,3499000,3727000,3690000,1.0651614747070592,1.0545870248642468,0.9900724443251945,48,284,19,0,0.0,,,,,0.0,0.0,0.0,0,,,,,,0,0.0,,True,38,213,0.25,VALIDATION
W-000610,0.5,2024-08-30T00:00:00,False,1,1,3499000,3727000,3690000,1.0651614747070592,1.0545870248642468,0.9900724443251945,48,284,19,0,0.0,,,,,0.0,0.0,0.0,0,,,,,,0,0.0,,True,109,142,0.5,VALIDATION
W-000610,0.75,2024-11-09T00:00:00,False,1,1,3499000,3727000,3690000,1.0651614747070592,1.0545870248642468,0.9900724443251945,48,284,19,1,1189000.0,1189000.0,1189000.0,1.0,9.0,32.22222222222222,0.0,0.0,0,,,,,,0,0.0,,True,180,71,0.75,VALIDATION
W-000612,0.25,2025-08-07T06:00:00,False,1,0,1600000,1569000,1594000,0.980625,0.99625,1.0159337157425112,34,361,16,0,0.0,,,,,0.0,0.0,0.0,0,,,,,,0,0.0,,True,84,270,0.24930747922437674,TRAIN
W-000612,0.5,2025-11-05T12:00:00,False,1,0,1600000,1569000,1594000,0.980625,0.99625,1.0159337157425112,34,361,16,0,0.0,,,,,0.0,0.0,0.0,1,24.1,0.0,26.0,-24.1,1.8999999999999986,0,0.0,,True,174,180,0.4986149584487535,TRAIN
W-000612,0.75,2026-02-03T18:00:00,False,1,0,1600000,1569000,1594000,0.980625,0.99625,1.0159337157425112,34,361,16,1,760000.0,760000.0,760000.0,1.0,27.0,47.67879548306148,0.0,0.0,2,37.6,0.0,52.4,-37.6,14.799999999999997,0,0.0,4.2631578947368425,True,264,90,0.7479224376731302,TRAIN
W-000627,0.25,2023-12-11T18:00:00,False,1,1,2783000,2994000,3080000,1.0758174631692419,1.1067193675889329,1.0287241148964597,49,339,14,0,0.0,,,,,0.0,0.0,0.0,0,,,,,,0,0.0,,True,65,254,0.24778761061946902,TRAIN
W-000627,0.5,2024-03-05T12:00:00,False,1,1,2783000,2994000,3080000,1.0758174631692419,1.1067193675889329,1.0287241148964597,49,339,14,0,0.0,,,,,0.0,0.0,0.0,0,,,,,,0,0.0,,True,150,169,0.49852507374631266,TRAIN
W-000627,0.75,2024-05-29T06:00:00,False,1,1,2783000,2994000,3080000,1.0758174631692419,1.1067193675889329,1.0287241148964597,49,339,14,0,0.0,,,,,0.0,0.0,0.0,1,22.6,0.0,51.9,-22.6,29.299999999999997,0,0.0,,True,235,84,0.7492625368731564,TRAIN
W-000632,0.25,2025-08-22T06:00:00,False,1,1,2085000,2045000,2860000,0.9808153477218226,1.3717026378896882,1.3985330073349633,31,193,40,0,0.0,,,,,0.0,0.0,0.0,0,,,,,,0,0.0,,True,28,144,0.24870466321243523,TRAIN
W-000632,0.5,2025-10-09T12:00:00,False,1,1,2085000,2045000,2860000,0.9808153477218226,1.3717026378896882,1.3985330073349633,31,193,40,0,0.0,,,,,0.0,0.0,0.0,1,18.2,0.0,25.9,-18.2,7.699999999999999,0,0.0,,True,76,96,0.49740932642487046,TRAIN
W-000632,0.75,2025-11-26T18:00:00,False,1,1,2085000,2045000,2860000,0.9808153477218226,1.3717026378896882,1.3985330073349633,31,193,40,0,0.0,,,,,0.0,0.0,0.0,2,24.1,0.0,51.8,-24.1,27.699999999999996,0,0.0,3.5400000000000014,True,124,48,0.7461139896373057,TRAIN
W-000633,0.25,2025-12-12T00:00:00,False,1,0,668000,698000,705000,1.0449101796407185,1.0553892215568863,1.010028653295129,20,340,19,0,0.0,,,,,0.0,0.0,0.0,1,9.9,0.0,13.5,-9.9,3.5999999999999996,0,0.0,,True,61,255,0.25,TRAIN
W-000633,0.5,2026-03-07T00:00:00,False,1,0,668000,698000,705000,1.0449101796407185,1.0553892215568863,1.010028653295129,20,340,19,1,169000.0,169000.0,169000.0,1.0,15.0,23.97163120567376,0.0,0.0,3,40.4,24.0,40.6,-16.4,0.20000000000000284,0,0.0,9.945652173913043,True,146,170,0.5,TRAIN
W-000633,0.75,2026-05-31T00:00:00,False,1,0,668000,698000,705000,1.0449101796407185,1.0553892215568863,1.010028653295129,20,340,19,3,703000.0,357000.0,234333.33333333334,0.5078236130867709,3.0,99.71631205673759,0.0,0.0,5,68.4,99.7,67.6,31.299999999999997,-0.8000000000000114,0,0.0,9.538043478260871,True,231,85,0.75,TRAIN
W-000647,0.25,2025-01-02T00:00:00,False,1,1,1446000,1379000,1410000,0.9536652835408023,0.975103734439834,1.0224800580130529,16,184,8,0,0.0,,,,,0.0,0.0,0.0,0,,,,,,0,0.0,,True,50,138,0.25,TRAIN
W-000647,0.5,2025-02-17T00:00:00,False,1,1,1446000,1379000,1410000,0.9536652835408023,0.975103734439834,1.0224800580130529,16,184,8,0,0.0,,,,,0.0,0.0,0.0,1,19.4,0.0,50.5,-19.4,31.1,0,0.0,,True,96,92,0.5,TRAIN
W-000647,0.75,2025-04-04T00:00:00,False,1,1,1446000,1379000,1410000,0.9536652835408023,0.975103734439834,1.0224800580130529,16,184,8,0,0.0,,,,,0.0,0.0,0.0,1,19.4,0.0,50.5,-19.4,31.1,0,0.0,,True,142,46,0.75,TRAIN
W-000654,0.25,2023-10-06T00:00:00,False,1,1,3282000,3197000,3273000,0.9741011578305911,0.9972577696526508,1.0237722865186112,11,300,35,0,0.0,,,,,0.0,0.0,0.0,0,,,,,,0,0.0,,True,40,225,0.25,TRAIN
W-000654,0.5,2023-12-20T00:00:00,False,1,1,3282000,3197000,3273000,0.9741011578305911,0.9972577696526508,1.0237722865186112,11,300,35,0,0.0,,,,,0.0,0.0,0.0,0,,,,,,0,0.0,,True,115,150,0.5,TRAIN
W-000654,0.75,2024-03-04T00:00:00,False,1,1,3282000,3197000,3273000,0.9741011578305911,0.9972577696526508,1.0237722865186112,11,300,35,1,530000.0,530000.0,530000.0,1.0,47.0,16.193095019859456,0.0,0.0,0,,,,,,0,0.0,,True,190,75,0.75,TRAIN
W-000688,0.25,2024-01-27T12:00:00,False,1,1,1818000,1954000,2022000,1.0748074807480748,1.1122112211221122,1.0348004094165815,22,326,11,0,0.0,,,,,0.0,0.0,0.0,0,,,,,,0,0.0,,True,49,244,0.24846625766871167,TRAIN
W-000688,0.5,2024-04-18T00:00:00,False,1,1,1818000,1954000,2022000,1.0748074807480748,1.1122112211221122,1.0348004094165815,22,326,11,1,2067000.0,2067000.0,2067000.0,1.0,11.0,102.22551928783383,45000.0,2.225519287833828,0,,,,,,0,0.0,,True,131,163,0.5,TRAIN
W-000688,0.75,2024-07-08T12:00:00,False,1,1,1818000,1954000,2022000,1.0748074807480748,1.1122112211221122,1.0348004094165815,22,326,11,1,2067000.0,2067000.0,2067000.0,1.0,92.0,102.22551928783383,45000.0,2.225519287833828,1,9.5,102.2,43.6,92.7,34.1,0,0.0,,True,212,81,0.7484662576687117,TRAIN
W-000690,0.25,2025-02-19T18:00:00,False,1,1,1917000,1914000,1941000,0.9984350547730829,1.0125195618153364,1.0141065830721003,9,231,26,2,2043000.0,1218000.0,1021500.0,0.5961820851688693,20.0,105.25502318392581,102000.0,5.255023183925812,0,,,,,,0,0.0,,True,62,173,0.24675324675324675,TRAIN
W-000690,0.5,2025-04-18T12:00:00,False,1,1,1917000,1914000,1941000,0.9984350547730829,1.0125195618153364,1.0141065830721003,9,231,26,2,2043000.0,1218000.0,1021500.0,0.5961820851688693,78.0,105.25502318392581,102000.0,5.255023183925812,0,,,,,,0,0.0,,True,120,115,0.49783549783549785,TRAIN
W-000690,0.75,2025-06-15T06:00:00,False,1,1,1917000,1914000,1941000,0.9984350547730829,1.0125195618153364,1.0141065830721003,9,231,26,2,2043000.0,1218000.0,1021500.0,0.5961820851688693,136.0,105.25502318392581,102000.0,5.255023183925812,1,16.9,105.3,53.7,88.4,36.800000000000004,0,0.0,,True,178,57,0.7489177489177489,TRAIN
W-000698,0.25,2026-02-10T06:00:00,False,1,1,1635000,1751000,1758000,1.070948012232416,1.075229357798165,1.0039977155910909,23,201,45,1,705000.0,705000.0,705000.0,1.0,5.0,40.1023890784983,0.0,0.0,0,,,,,,0,0.0,,True,23,150,0.24875621890547264,TRAIN
W-000698,0.5,2026-04-01T12:00:00,False,1,1,1635000,1751000,1758000,1.070948012232416,1.075229357798165,1.0039977155910909,23,201,45,1,705000.0,705000.0,705000.0,1.0,55.0,40.1023890784983,0.0,0.0,1,21.4,40.1,22.4,18.700000000000003,1.0,0,0.0,,True,73,100,0.4975124378109453,TRAIN
W-000698,0.75,2026-05-21T18:00:00,False,1,1,1635000,1751000,1758000,1.070948012232416,1.075229357798165,1.0039977155910909,23,201,45,1,705000.0,705000.0,705000.0,1.0,105.0,40.1023890784983,0.0,0.0,2,41.2,40.1,44.8,-1.1000000000000014,3.5999999999999943,0,0.0,13.200000000000003,True,123,50,0.746268656716418,TRAIN
W-000703,0.25,2024-08-13T00:00:00,False,1,0,3032000,3009000,2961000,0.9924142480211082,0.9765831134564644,0.9840478564307079,27,212,36,1,632000.0,632000.0,632000.0,1.0,9.0,21.34414049307666,0.0,0.0,0,,,,,,0,0.0,,True,38,159,0.25,TRAIN
W-000703,0.5,2024-10-05T00:00:00,False,1,0,3032000,3009000,2961000,0.9924142480211082,0.9765831134564644,0.9840478564307079,27,212,36,1,632000.0,632000.0,632000.0,1.0,62.0,21.34414049307666,0.0,0.0,0,,,,,,0,0.0,,True,91,106,0.5,TRAIN
W-000703,0.75,2024-11-27T00:00:00,False,1,0,3032000,3009000,2961000,0.9924142480211082,0.9765831134564644,0.9840478564307079,27,212,36,2,976000.0,632000.0,488000.0,0.6475409836065574,37.0,32.961837217156365,0.0,0.0,1,19.5,33.0,61.8,13.5,42.3,0,0.0,,True,144,53,0.75,TRAIN
W-000719,0.25,2024-04-04T12:00:00,False,1,0,2023000,2121000,2140000,1.0484429065743945,1.0578348986653485,1.0089580386610089,45,298,13,0,0.0,,,,,0.0,0.0,0.0,0,,,,,,0,0.0,,True,75,223,0.2483221476510067,TEST
W-000719,0.5,2024-06-18T00:00:00,False,1,0,2023000,2121000,2140000,1.0484429065743945,1.0578348986653485,1.0089580386610089,45,298,13,0,0.0,,,,,0.0,0.0,0.0,0,,,,,,0,0.0,,True,150,149,0.5,TEST
W-000719,0.75,2024-08-31T12:00:00,False,1,0,2023000,2121000,2140000,1.0484429065743945,1.0578348986653485,1.0089580386610089,45,298,13,1,1969000.0,1969000.0,1969000.0,1.0,47.0,92.00934579439253,0.0,0.0,1,12.8,0.0,53.4,-12.8,40.599999999999994,0,0.0,,True,224,74,0.7483221476510067,TEST
W-000729,0.25,2025-12-08T12:00:00,False,1,0,2168000,2049000,2037000,0.9451107011070111,0.9395756457564576,0.9941434846266471,24,338,13,0,0.0,,,,,0.0,0.0,0.0,0,,,,,,0,0.0,,True,50,253,0.2485207100591716,TRAIN
W-000729,0.5,2026-03-03T00:00:00,False,1,0,2168000,2049000,2037000,0.9451107011070111,0.9395756457564576,0.9941434846266471,24,338,13,3,1284000.0,523000.0,428000.0,0.4073208722741433,4.0,63.03387334315169,0.0,0.0,1,29.2,43.4,31.1,14.2,1.9000000000000021,0,0.0,,True,135,169,0.5,TRAIN
W-000729,0.75,2026-05-26T12:00:00,False,1,0,2168000,2049000,2037000,0.9451107011070111,0.9395756457564576,0.9941434846266471,24,338,13,4,1899000.0,615000.0,474750.0,0.32385466034755134,3.0,93.22533136966126,0.0,0.0,2,72.2,63.0,62.1,-9.200000000000003,-10.100000000000001,0,0.0,12.285714285714285,True,219,84,0.7485207100591716,TRAIN
W-000733,0.25,2024-12-19T06:00:00,False,1,1,566000,532000,549000,0.9399293286219081,0.9699646643109541,1.031954887218045,44,193,22,0,0.0,,,,,0.0,0.0,0.0,0,,,,,,0,0.0,,True,14,144,0.24870466321243523,TRAIN
W-000733,0.5,2025-02-05T12:00:00,False,1,1,566000,532000,549000,0.9399293286219081,0.9699646643109541,1.031954887218045,44,193,22,1,89000.0,89000.0,89000.0,1.0,6.0,16.21129326047359,0.0,0.0,0,,,,,,0,0.0,,True,62,96,0.49740932642487046,TRAIN
W-000733,0.75,2025-03-25T18:00:00,False,1,1,566000,532000,549000,0.9399293286219081,0.9699646643109541,1.031954887218045,44,193,22,1,89000.0,89000.0,89000.0,1.0,54.0,16.21129326047359,0.0,0.0,0,,,,,,0,0.0,,True,110,48,0.7461139896373057,TRAIN
W-000745,0.25,2025-09-10T18:00:00,False,1,0,2127000,2082000,2047000,0.9788434414668548,0.9623883403855195,0.9831892411143132,41,243,11,0,0.0,,,,,0.0,0.0,0.0,0,,,,,,0,0.0,,True,39,182,0.24691358024691357,TRAIN
W-000745,0.5,2025-11-10T12:00:00,False,1,0,2127000,2082000,2047000,0.9788434414668548,0.9623883403855195,0.9831892411143132,41,243,11,1,2016000.0,2016000.0,2016000.0,1.0,22.0,98.48558866634099,0.0,0.0,1,11.6,0.0,23.0,-11.6,11.4,0,0.0,,True,100,121,0.49794238683127573,TRAIN
W-000745,0.75,2026-01-10T06:00:00,False,1,0,2127000,2082000,2047000,0.9788434414668548,0.9623883403855195,0.9831892411143132,41,243,11,1,2016000.0,2016000.0,2016000.0,1.0,83.0,98.48558866634099,0.0,0.0,2,33.0,98.5,46.1,65.5,13.100000000000001,0,0.0,11.464285714285714,True,161,60,0.7489711934156379,TRAIN
W-000750,0.25,2023-10-22T06:00:00,False,1,1,1837000,1953000,1975000,1.0631464344039194,1.0751224823081111,1.0112647209421404,42,353,38,0,0.0,,,,,0.0,0.0,0.0,0,,,,,,0,0.0,,True,78,264,0.24929178470254956,TRAIN
W-000750,0.5,2024-01-18T12:00:00,False,1,1,1837000,1953000,1975000,1.0631464344039194,1.0751224823081111,1.0112647209421404,42,353,38,0,0.0,,,,,0.0,0.0,0.0,0,,,,,,0,0.0,,True,166,176,0.4985835694050991,TRAIN
W-000750,0.75,2024-04-15T18:00:00,False,1,1,1837000,1953000,1975000,1.0631464344039194,1.0751224823081111,1.0112647209421404,42,353,38,0,0.0,,,,,0.0,0.0,0.0,1,17.8,0.0,53.0,-17.8,35.2,0,0.0,,True,254,88,0.7478753541076487,TRAIN
W-000752,0.25,2024-08-03T06:00:00,False,1,1,1075000,1071000,1111000,0.9962790697674418,1.0334883720930232,1.0373482726423904,8,317,24,1,514000.0,514000.0,514000.0,1.0,12.0,46.26462646264626,0.0,0.0,0,,,,,,0,0.0,,True,83,237,0.24921135646687698,VALIDATION
W-000752,0.5,2024-10-21T12:00:00,False,1,1,1075000,1071000,1111000,0.9962790697674418,1.0334883720930232,1.0373482726423904,8,317,24,2,805000.0,514000.0,402500.0,0.6385093167701863,13.0,72.45724572457246,0.0,0.0,0,,,,,,0,0.0,,True,162,158,0.49842271293375395,VALIDATION
W-000752,0.75,2025-01-08T18:00:00,False,1,1,1075000,1071000,1111000,0.9962790697674418,1.0334883720930232,1.0373482726423904,8,317,24,2,805000.0,514000.0,402500.0,0.6385093167701863,92.0,72.45724572457246,0.0,0.0,1,21.6,72.5,53.0,50.9,31.4,0,0.0,,True,241,79,0.7476340694006309,VALIDATION
W-000777,0.25,2025-04-09T12:00:00,False,1,1,1908000,2059000,2080000,1.079140461215933,1.090146750524109,1.010199125789218,30,326,22,0,0.0,,,,,0.0,0.0,0.0,0,,,,,,0,0.0,,True,55,244,0.24846625766871167,VALIDATION
W-000777,0.5,2025-06-30T00:00:00,False,1,1,1908000,2059000,2080000,1.079140461215933,1.090146750524109,1.010199125789218,30,326,22,2,708000.0,373000.0,354000.0,0.5268361581920904,14.0,34.03846153846154,0.0,0.0,1,12.9,0.0,34.4,-12.9,21.5,0,0.0,,True,137,163,0.5,VALIDATION
W-000777,0.75,2025-09-19T12:00:00,False,1,1,1908000,2059000,2080000,1.079140461215933,1.090146750524109,1.010199125789218,30,326,22,3,1104000.0,396000.0,368000.0,0.358695652173913,5.0,53.07692307692308,0.0,0.0,1,12.9,0.0,34.4,-12.9,21.5,0,0.0,,True,218,81,0.7484662576687117,VALIDATION
W-000787,0.25,2025-10-18T00:00:00,False,1,1,1009000,1078000,1047000,1.068384539147671,1.037661050545094,0.9712430426716141,20,364,13,0,0.0,,,,,0.0,0.0,0.0,1,19.5,0.0,22.3,-19.5,2.8000000000000007,0,0.0,,True,90,273,0.25,TRAIN
W-000787,0.5,2026-01-17T00:00:00,False,1,1,1009000,1078000,1047000,1.068384539147671,1.037661050545094,0.9712430426716141,20,364,13,1,1117000.0,1117000.0,1117000.0,1.0,75.0,106.6857688634193,70000.0,6.685768863419293,2,41.6,106.7,44.5,65.1,2.8999999999999986,0,0.0,8.185185185185185,True,181,182,0.5,TRAIN
W-000787,0.75,2026-04-18T00:00:00,False,1,1,1009000,1078000,1047000,1.068384539147671,1.037661050545094,0.9712430426716141,20,364,13,1,1117000.0,1117000.0,1117000.0,1.0,166.0,106.6857688634193,70000.0,6.685768863419293,3,60.4,106.7,67.0,46.300000000000004,6.600000000000001,0,0.0,7.52760736196319,True,272,91,0.75,TRAIN
W-000792,0.25,2024-03-25T00:00:00,False,1,1,2915000,3045000,2978000,1.0445969125214407,1.0216123499142367,0.9779967159277504,47,292,38,2,1200000.0,614000.0,600000.0,0.5116666666666667,20.0,40.295500335795836,0.0,0.0,0,,,,,,0,0.0,,True,75,219,0.25,TRAIN
W-000792,0.5,2024-06-06T00:00:00,False,1,1,2915000,3045000,2978000,1.0445969125214407,1.0216123499142367,0.9779967159277504,47,292,38,2,1200000.0,614000.0,600000.0,0.5116666666666667,93.0,40.295500335795836,0.0,0.0,0,,,,,,0,0.0,,True,148,146,0.5,TRAIN
W-000792,0.75,2024-08-18T00:00:00,False,1,1,2915000,3045000,2978000,1.0445969125214407,1.0216123499142367,0.9779967159277504,47,292,38,3,1671000.0,614000.0,557000.0,0.36744464392579296,39.0,56.111484217595695,0.0,0.0,0,,,,,,0,0.0,,True,221,73,0.75,TRAIN
W-000802,0.25,2024-08-25T18:00:00,False,1,1,977000,1023000,1003000,1.0470829068577276,1.0266120777891505,0.9804496578690127,46,279,21,1,233000.0,233000.0,233000.0,1.0,40.0,23.230309072781655,0.0,0.0,0,,,,,,0,0.0,,True,64,209,0.24731182795698925,TEST
W-000802,0.5,2024-11-03T12:00:00,False,1,1,977000,1023000,1003000,1.0470829068577276,1.0266120777891505,0.9804496578690127,46,279,21,2,327000.0,233000.0,163500.0,0.7125382262996942,29.0,32.60219341974078,0.0,0.0,1,16.5,23.2,35.8,6.699999999999999,19.299999999999997,0,0.0,,True,134,139,0.4982078853046595,TEST
W-000802,0.75,2025-01-12T06:00:00,False,1,1,977000,1023000,1003000,1.0470829068577276,1.0266120777891505,0.9804496578690127,46,279,21,2,327000.0,233000.0,163500.0,0.7125382262996942,99.0,32.60219341974078,0.0,0.0,2,23.4,32.6,71.7,9.200000000000003,48.300000000000004,0,0.0,2.07,True,204,69,0.7491039426523297,TEST
W-000804,0.25,2025-04-06T18:00:00,False,1,0,1539000,1662000,1647000,1.0799220272904484,1.0701754385964912,0.9909747292418772,29,215,22,0,0.0,,,,,0.0,0.0,0.0,0,,,,,,0,0.0,,True,42,161,0.24651162790697675,TEST
W-000804,0.5,2025-05-30T12:00:00,False,1,0,1539000,1662000,1647000,1.0799220272904484,1.0701754385964912,0.9909747292418772,29,215,22,0,0.0,,,,,0.0,0.0,0.0,0,,,,,,0,0.0,,True,96,107,0.49767441860465117,TEST
W-000804,0.75,2025-07-23T06:00:00,False,1,0,1539000,1662000,1647000,1.0799220272904484,1.0701754385964912,0.9909747292418772,29,215,22,1,571000.0,571000.0,571000.0,1.0,6.0,34.66909532483303,0.0,0.0,1,21.6,0.0,51.2,-21.6,29.6,0,0.0,,True,150,53,0.7488372093023256,TEST
W-000810,0.25,2024-04-04T18:00:00,False,1,0,2450000,2360000,2380000,0.963265306122449,0.9714285714285714,1.0084745762711864,47,215,36,0,0.0,,,,,0.0,0.0,0.0,0,,,,,,0,0.0,,True,30,161,0.24651162790697675,TRAIN
W-000810,0.5,2024-05-28T12:00:00,False,1,0,2450000,2360000,2380000,0.963265306122449,0.9714285714285714,1.0084745762711864,47,215,36,1,734000.0,734000.0,734000.0,1.0,20.0,30.840336134453782,0.0,0.0,0,,,,,,0,0.0,,True,84,107,0.49767441860465117,TRAIN
W-000810,0.75,2024-07-21T06:00:00,False,1,0,2450000,2360000,2380000,0.963265306122449,0.9714285714285714,1.0084745762711864,47,215,36,1,734000.0,734000.0,734000.0,1.0,74.0,30.840336134453782,0.0,0.0,1,16.8,30.8,60.0,14.0,43.2,0,0.0,,True,138,53,0.7488372093023256,TRAIN
W-000812,0.25,2024-08-25T00:00:00,False,1,1,641000,629000,623000,0.9812792511700468,0.9719188767550702,0.9904610492845787,38,316,28,0,0.0,,,,,0.0,0.0,0.0,0,,,,,,0,0.0,,True,59,237,0.25,TRAIN
W-000812,0.5,2024-11-12T00:00:00,False,1,1,641000,629000,623000,0.9812792511700468,0.9719188767550702,0.9904610492845787,38,316,28,1,367000.0,367000.0,367000.0,1.0,35.0,58.90850722311396,0.0,0.0,1,13.1,0.0,31.3,-13.1,18.200000000000003,0,0.0,,True,138,158,0.5,TRAIN
W-000812,0.75,2025-01-30T00:00:00,False,1,1,641000,629000,623000,0.9812792511700468,0.9719188767550702,0.9904610492845787,38,316,28,1,367000.0,367000.0,367000.0,1.0,114.0,58.90850722311396,0.0,0.0,2,27.6,58.9,62.7,31.299999999999997,35.1,0,0.0,4.3939393939393945,True,217,79,0.75,TRAIN
W-000818,0.25,2024-08-24T18:00:00,False,1,1,644000,673000,663000,1.045031055900621,1.029503105590062,0.9851411589895989,32,339,24,1,105000.0,105000.0,105000.0,1.0,14.0,15.837104072398189,0.0,0.0,0,,,,,,0,0.0,,True,54,254,0.24778761061946902,TRAIN
W-000818,0.5,2024-11-17T12:00:00,False,1,1,644000,673000,663000,1.045031055900621,1.029503105590062,0.9851411589895989,32,339,24,1,105000.0,105000.0,105000.0,1.0,99.0,15.837104072398189,0.0,0.0,1,14.9,15.8,28.9,0.9000000000000004,13.999999999999998,0,0.0,,True,139,169,0.49852507374631266,TRAIN
W-000818,0.75,2025-02-10T06:00:00,False,1,1,644000,673000,663000,1.045031055900621,1.029503105590062,0.9851411589895989,32,339,24,1,105000.0,105000.0,105000.0,1.0,184.0,15.837104072398189,0.0,0.0,2,26.1,15.8,58.1,-10.3,32.0,0,0.0,3.393939393939394,True,224,84,0.7492625368731564,TRAIN
W-000840,0.25,2025-12-22T18:00:00,False,1,0,2508000,2481000,2473000,0.9892344497607656,0.9860446570972887,0.9967754937525192,25,211,17,1,2409000.0,2409000.0,2409000.0,1.0,24.0,97.41205014152851,0.0,0.0,0,,,,,,0,0.0,,True,46,158,0.24644549763033174,TRAIN
W-000840,0.5,2026-02-13T12:00:00,False,1,0,2508000,2481000,2473000,0.9892344497607656,0.9860446570972887,0.9967754937525192,25,211,17,1,2409000.0,2409000.0,2409000.0,1.0,77.0,97.41205014152851,0.0,0.0,2,34.0,97.4,46.9,63.400000000000006,12.899999999999999,0,0.0,9.6,True,99,105,0.4976303317535545,TRAIN
W-000840,0.75,2026-04-07T06:00:00,False,1,0,2508000,2481000,2473000,0.9892344497607656,0.9860446570972887,0.9967754937525192,25,211,17,1,2409000.0,2409000.0,2409000.0,1.0,130.0,97.41205014152851,0.0,0.0,3,47.0,97.4,70.6,50.400000000000006,23.599999999999994,0,0.0,8.7,True,152,52,0.7488151658767772,TRAIN
W-000846,0.25,2024-12-16T00:00:00,False,1,1,2256000,2121000,2183000,0.9401595744680851,0.9676418439716312,1.0292314945780292,39,280,13,1,914000.0,914000.0,914000.0,1.0,20.0,41.8689876316995,0.0,0.0,0,,,,,,0,0.0,,True,60,210,0.25,TRAIN
W-000846,0.5,2025-02-24T00:00:00,False,1,1,2256000,2121000,2183000,0.9401595744680851,0.9676418439716312,1.0292314945780292,39,280,13,2,1607000.0,914000.0,803500.0,0.5687616677037959,16.0,73.61429225836005,0.0,0.0,0,,,,,,0,0.0,,True,130,140,0.5,TRAIN
W-000846,0.75,2025-05-05T00:00:00,False,1,1,2256000,2121000,2183000,0.9401595744680851,0.9676418439716312,1.0292314945780292,39,280,13,2,1607000.0,914000.0,803500.0,0.5687616677037959,86.0,73.61429225836005,0.0,0.0,0,,,,,,0,0.0,,True,200,70,0.75,TRAIN
W-000866,0.25,2025-01-18T12:00:00,False,1,0,3012000,2863000,2834000,0.950531208499336,0.9409030544488712,0.9898707649318896,8,346,31,0,0.0,,,,,0.0,0.0,0.0,0,,,,,,0,0.0,,True,62,259,0.24855491329479767,TRAIN
W-000866,0.5,2025-04-15T00:00:00,False,1,0,3012000,2863000,2834000,0.950531208499336,0.9409030544488712,0.9898707649318896,8,346,31,2,950000.0,611000.0,475000.0,0.6431578947368422,11.0,33.52152434721242,0.0,0.0,0,,,,,,0,0.0,,True,149,173,0.5,TRAIN
W-000866,0.75,2025-07-10T12:00:00,False,1,0,3012000,2863000,2834000,0.950531208499336,0.9409030544488712,0.9898707649318896,8,346,31,3,1725000.0,775000.0,575000.0,0.4492753623188406,70.0,60.86803105151729,0.0,0.0,1,21.6,33.5,47.1,11.899999999999999,25.5,0,0.0,,True,235,86,0.7485549132947977,TRAIN
W-000868,0.25,2025-09-24T12:00:00,False,1,1,2902000,2961000,2990000,1.0203308063404548,1.0303239145416954,1.0097939885173928,10,306,29,1,736000.0,736000.0,736000.0,1.0,18.0,24.615384615384617,0.0,0.0,0,,,,,,0,0.0,,True,55,229,0.24836601307189543,TRAIN
W-000868,0.5,2025-12-10T00:00:00,False,1,1,2902000,2961000,2990000,1.0203308063404548,1.0303239145416954,1.0097939885173928,10,306,29,1,736000.0,736000.0,736000.0,1.0,95.0,24.615384615384617,0.0,0.0,1,42.3,24.6,43.1,-17.699999999999996,0.8000000000000043,0,0.0,,True,132,153,0.5,TRAIN
W-000868,0.75,2026-02-24T12:00:00,False,1,1,2902000,2961000,2990000,1.0203308063404548,1.0303239145416954,1.0097939885173928,10,306,29,3,1582000.0,736000.0,527333.3333333334,0.46523388116308473,57.0,52.90969899665552,0.0,0.0,1,42.3,24.6,43.1,-17.699999999999996,0.8000000000000043,0,0.0,,True,208,76,0.7483660130718954,TRAIN
W-000871,0.25,2025-08-30T00:00:00,False,1,1,2666000,2588000,2668000,0.9707426856714179,1.0007501875468867,1.0309119010819165,32,340,25,0,0.0,,,,,0.0,0.0,0.0,1,19.2,0.0,18.2,-19.2,-1.0,0,0.0,,True,72,255,0.25,TEST
W-000871,0.5,2025-11-23T00:00:00,False,1,1,2666000,2588000,2668000,0.9707426856714179,1.0007501875468867,1.0309119010819165,32,340,25,1,1363000.0,1363000.0,1363000.0,1.0,2.0,51.08695652173913,0.0,0.0,2,27.5,0.0,36.8,-27.5,9.299999999999997,0,0.0,3.9523809523809526,True,157,170,0.5,TEST
W-000871,0.75,2026-02-16T00:00:00,False,1,1,2666000,2588000,2668000,0.9707426856714179,1.0007501875468867,1.0309119010819165,32,340,25,1,1363000.0,1363000.0,1363000.0,1.0,87.0,51.08695652173913,0.0,0.0,3,42.1,51.1,55.0,9.0,12.899999999999999,0,0.0,5.496,True,242,85,0.75,TEST
W-000881,0.25,2024-04-16T12:00:00,False,1,1,3676000,3911000,4005000,1.0639281828073994,1.089499455930359,1.0240347737151623,24,294,43,0,0.0,,,,,0.0,0.0,0.0,0,,,,,,0,0.0,,True,54,220,0.24829931972789115,VALIDATION
W-000881,0.5,2024-06-29T00:00:00,False,1,1,3676000,3911000,4005000,1.0639281828073994,1.089499455930359,1.0240347737151623,24,294,43,0,0.0,,,,,0.0,0.0,0.0,0,,,,,,0,0.0,,True,128,147,0.5,VALIDATION
W-000881,0.75,2024-09-10T12:00:00,False,1,1,3676000,3911000,4005000,1.0639281828073994,1.089499455930359,1.0240347737151623,24,294,43,1,1529000.0,1529000.0,1529000.0,1.0,36.0,38.177278401997505,0.0,0.0,0,,,,,,0,0.0,,True,201,73,0.7482993197278912,VALIDATION
W-000888,0.25,2025-12-31T18:00:00,False,1,1,2175000,2062000,2092000,0.9480459770114943,0.9618390804597701,1.01454898157129,33,255,43,0,0.0,,,,,0.0,0.0,0.0,0,,,,,,0,0.0,,True,39,191,0.24705882352941178,TRAIN
W-000888,0.5,2026-03-05T12:00:00,False,1,1,2175000,2062000,2092000,0.9480459770114943,0.9618390804597701,1.01454898157129,33,255,43,1,2197000.0,2197000.0,2197000.0,1.0,30.0,105.01912045889101,105000.0,5.019120458891013,2,35.5,105.0,36.9,69.5,1.3999999999999986,0,0.0,8.361702127659575,True,103,127,0.4980392156862745,TRAIN
W-000888,0.75,2026-05-08T06:00:00,False,1,1,2175000,2062000,2092000,0.9480459770114943,0.9618390804597701,1.01454898157129,33,255,43,1,2197000.0,2197000.0,2197000.0,1.0,94.0,105.01912045889101,105000.0,5.019120458891013,3,47.9,105.0,55.3,57.1,7.399999999999999,0,0.0,8.138297872340425,True,167,63,0.7490196078431373,TRAIN
W-000900,0.25,2025-05-02T18:00:00,False,1,1,4240000,4157000,4053000,0.9804245283018868,0.9558962264150943,0.9749819581428915,48,227,16,0,0.0,,,,,0.0,0.0,0.0,0,,,,,,0,0.0,,True,57,170,0.24669603524229075,TRAIN
W-000900,0.5,2025-06-28T12:00:00,False,1,1,4240000,4157000,4053000,0.9804245283018868,0.9558962264150943,0.9749819581428915,48,227,16,1,1605000.0,1605000.0,1605000.0,1.0,33.0,39.600296076980015,0.0,0.0,0,,,,,,0,0.0,,True,114,113,0.4977973568281938,TRAIN
W-000900,0.75,2025-08-24T06:00:00,False,1,1,4240000,4157000,4053000,0.9804245283018868,0.9558962264150943,0.9749819581428915,48,227,16,1,1605000.0,1605000.0,1605000.0,1.0,90.0,39.600296076980015,0.0,0.0,0,,,,,,0,0.0,,True,171,56,0.748898678414097,TRAIN
W-000921,0.25,2025-02-16T12:00:00,False,1,0,1088000,1105000,1105000,1.015625,1.015625,1.0,23,254,43,0,0.0,,,,,0.0,0.0,0.0,0,,,,,,0,0.0,,True,53,190,0.24803149606299213,TRAIN
W-000921,0.5,2025-04-21T00:00:00,False,1,0,1088000,1105000,1105000,1.015625,1.015625,1.0,23,254,43,0,0.0,,,,,0.0,0.0,0.0,0,,,,,,0,0.0,,True,117,127,0.5,TRAIN
W-000921,0.75,2025-06-23T12:00:00,False,1,0,1088000,1105000,1105000,1.015625,1.015625,1.0,23,254,43,1,342000.0,342000.0,342000.0,1.0,45.0,30.95022624434389,0.0,0.0,1,24.4,31.0,60.2,6.600000000000001,35.800000000000004,0,0.0,,True,180,63,0.7480314960629921,TRAIN
W-000927,0.25,2023-08-23T12:00:00,False,1,1,1247000,1297000,1344000,1.0400962309542903,1.0777866880513232,1.036237471087124,28,230,38,0,0.0,,,,,0.0,0.0,0.0,0,,,,,,0,0.0,,True,40,172,0.24782608695652175,TEST
W-000927,0.5,2023-10-20T00:00:00,False,1,1,1247000,1297000,1344000,1.0400962309542903,1.0777866880513232,1.036237471087124,28,230,38,0,0.0,,,,,0.0,0.0,0.0,0,,,,,,0,0.0,,True,98,115,0.5,TEST
W-000927,0.75,2023-12-16T12:00:00,False,1,1,1247000,1297000,1344000,1.0400962309542903,1.0777866880513232,1.036237471087124,28,230,38,1,218000.0,218000.0,218000.0,1.0,49.0,16.220238095238095,0.0,0.0,0,,,,,,0,0.0,,True,155,57,0.7478260869565218,TEST
W-000929,0.25,2025-06-21T12:00:00,False,1,0,1133000,1092000,1068000,0.9638128861429832,0.942630185348632,0.978021978021978,29,322,30,0,0.0,,,,,0.0,0.0,0.0,0,,,,,,0,0.0,,True,57,241,0.2484472049689441,TEST
W-000929,0.5,2025-09-10T00:00:00,False,1,0,1133000,1092000,1068000,0.9638128861429832,0.942630185348632,0.978021978021978,29,322,30,0,0.0,,,,,0.0,0.0,0.0,1,25.4,0.0,30.4,-25.4,5.0,0,0.0,,True,138,161,0.5,TEST
W-000929,0.75,2025-11-29T12:00:00,False,1,0,1133000,1092000,1068000,0.9638128861429832,0.942630185348632,0.978021978021978,29,322,30,1,421000.0,421000.0,421000.0,1.0,38.0,39.419475655430716,0.0,0.0,2,34.6,39.4,61.2,4.799999999999997,26.6,0,0.0,2.787878787878789,True,218,80,0.7484472049689441,TEST
W-000935,0.25,2024-06-11T18:00:00,False,1,1,3246000,3053000,3026000,0.9405422057917436,0.9322242760320394,0.9911562397641664,7,211,30,2,1412000.0,768000.0,706000.0,0.5439093484419264,8.0,46.662260409781894,0.0,0.0,0,,,,,,0,0.0,,True,49,158,0.24644549763033174,TRAIN
W-000935,0.5,2024-08-03T12:00:00,False,1,1,3246000,3053000,3026000,0.9405422057917436,0.9322242760320394,0.9911562397641664,7,211,30,2,1412000.0,768000.0,706000.0,0.5439093484419264,61.0,46.662260409781894,0.0,0.0,0,,,,,,0,0.0,,True,102,105,0.4976303317535545,TRAIN
W-000935,0.75,2024-09-25T06:00:00,False,1,1,3246000,3053000,3026000,0.9405422057917436,0.9322242760320394,0.9911562397641664,7,211,30,2,1412000.0,768000.0,706000.0,0.5439093484419264,114.0,46.662260409781894,0.0,0.0,0,,,,,,0,0.0,,True,155,52,0.7488151658767772,TRAIN
W-000941,0.25,2024-03-02T12:00:00,False,1,1,1504000,1567000,1542000,1.0418882978723405,1.0252659574468086,0.9840459476707084,42,246,32,1,335000.0,335000.0,335000.0,1.0,24.0,21.72503242542153,0.0,0.0,0,,,,,,0,0.0,,True,65,184,0.24796747967479674,TRAIN
W-000941,0.5,2024-05-03T00:00:00,False,1,1,1504000,1567000,1542000,1.0418882978723405,1.0252659574468086,0.9840459476707084,42,246,32,2,800000.0,465000.0,400000.0,0.58125,44.0,51.88067444876784,0.0,0.0,0,,,,,,0,0.0,,True,127,123,0.5,TRAIN
W-000941,0.75,2024-07-03T12:00:00,False,1,1,1504000,1567000,1542000,1.0418882978723405,1.0252659574468086,0.9840459476707084,42,246,32,3,1094000.0,465000.0,364666.6666666667,0.4250457038391225,7.0,70.94682230869002,0.0,0.0,1,11.6,51.9,56.5,40.3,44.9,0,0.0,,True,188,61,0.7479674796747967,TRAIN
W-000954,0.25,2023-12-06T00:00:00,False,1,1,1234000,1192000,1195000,0.965964343598055,0.9683954619124797,1.0025167785234899,31,300,20,1,557000.0,557000.0,557000.0,1.0,5.0,46.61087866108787,0.0,0.0,0,,,,,,0,0.0,,True,66,225,0.25,TRAIN
W-000954,0.5,2024-02-19T00:00:00,False,1,1,1234000,1192000,1195000,0.965964343598055,0.9683954619124797,1.0025167785234899,31,300,20,1,557000.0,557000.0,557000.0,1.0,80.0,46.61087866108787,0.0,0.0,0,,,,,,0,0.0,,True,141,150,0.5,TRAIN
W-000954,0.75,2024-05-04T00:00:00,False,1,1,1234000,1192000,1195000,0.965964343598055,0.9683954619124797,1.0025167785234899,31,300,20,1,557000.0,557000.0,557000.0,1.0,155.0,46.61087866108787,0.0,0.0,1,28.1,46.6,71.0,18.5,42.9,0,0.0,,True,216,75,0.75,TRAIN
W-000961,0.25,2025-07-05T00:00:00,False,1,1,1479000,1438000,1440000,0.9722785665990534,0.973630831643002,1.0013908205841446,19,212,26,0,0.0,,,,,0.0,0.0,0.0,0,,,,,,0,0.0,,True,21,159,0.25,TRAIN
W-000961,0.5,2025-08-27T00:00:00,False,1,1,1479000,1438000,1440000,0.9722785665990534,0.973630831643002,1.0013908205841446,19,212,26,0,0.0,,,,,0.0,0.0,0.0,1,13.7,0.0,25.9,-13.7,12.2,0,0.0,,True,74,106,0.5,TRAIN
W-000961,0.75,2025-10-19T00:00:00,False,1,1,1479000,1438000,1440000,0.9722785665990534,0.973630831643002,1.0013908205841446,19,212,26,0,0.0,,,,,0.0,0.0,0.0,2,28.3,0.0,51.9,-28.3,23.599999999999998,0,0.0,7.963636363636365,True,127,53,0.75,TRAIN
W-000965,0.25,2024-09-02T06:00:00,False,1,1,2583000,2470000,2475000,0.9562524196670538,0.9581881533101045,1.0020242914979758,25,325,41,0,0.0,,,,,0.0,0.0,0.0,0,,,,,,0,0.0,,True,52,243,0.24923076923076923,TRAIN
W-000965,0.5,2024-11-22T12:00:00,False,1,1,2583000,2470000,2475000,0.9562524196670538,0.9581881533101045,1.0020242914979758,25,325,41,0,0.0,,,,,0.0,0.0,0.0,1,22.8,0.0,34.2,-22.8,11.400000000000002,0,0.0,,True,133,162,0.49846153846153846,TRAIN
W-000965,0.75,2025-02-11T18:00:00,False,1,1,2583000,2470000,2475000,0.9562524196670538,0.9581881533101045,1.0020242914979758,25,325,41,1,715000.0,715000.0,715000.0,1.0,0.0,28.888888888888886,0.0,0.0,1,22.8,0.0,34.2,-22.8,11.400000000000002,0,0.0,,True,214,81,0.7476923076923077,TRAIN
W-000969,0.25,2023-10-21T00:00:00,False,1,0,1256000,1344000,1394000,1.070063694267516,1.1098726114649682,1.037202380952381,21,204,38,1,1262000.0,1262000.0,1262000.0,1.0,30.0,90.53084648493544,0.0,0.0,0,,,,,,0,0.0,,True,46,153,0.25,TRAIN
W-000969,0.5,2023-12-11T00:00:00,False,1,0,1256000,1344000,1394000,1.070063694267516,1.1098726114649682,1.037202380952381,21,204,38,1,1262000.0,1262000.0,1262000.0,1.0,81.0,90.53084648493544,0.0,0.0,0,,,,,,0,0.0,,True,97,102,0.5,TRAIN
W-000969,0.75,2024-01-31T00:00:00,False,1,0,1256000,1344000,1394000,1.070063694267516,1.1098726114649682,1.037202380952381,21,204,38,1,1262000.0,1262000.0,1262000.0,1.0,132.0,90.53084648493544,0.0,0.0,0,,,,,,0,0.0,,True,148,51,0.75,TRAIN
W-000970,0.25,2024-02-23T18:00:00,False,1,1,4282000,4038000,4141000,0.9430172816440916,0.9670714619336759,1.0255076770678553,38,275,32,0,0.0,,,,,0.0,0.0,0.0,0,,,,,,0,0.0,,True,33,206,0.24727272727272728,TRAIN
W-000970,0.5,2024-05-02T12:00:00,False,1,1,4282000,4038000,4141000,0.9430172816440916,0.9670714619336759,1.0255076770678553,38,275,32,3,2884000.0,1248000.0,961333.3333333334,0.43273231622746183,39.0,69.64501328181598,0.0,0.0,0,,,,,,0,0.0,,True,102,137,0.49818181818181817,TRAIN
W-000970,0.75,2024-07-10T06:00:00,False,1,1,4282000,4038000,4141000,0.9430172816440916,0.9670714619336759,1.0255076770678553,38,275,32,4,3740000.0,1248000.0,935000.0,0.3336898395721925,21.0,90.31634870804155,0.0,0.0,1,22.2,90.3,57.5,68.1,35.3,0,0.0,,True,171,68,0.7490909090909091,TRAIN
W-000974,0.25,2024-01-10T18:00:00,False,1,1,2305000,2429000,2399000,1.0537960954446854,1.0407809110629067,0.9876492383696994,30,295,12,0,0.0,,,,,0.0,0.0,0.0,0,,,,,,0,0.0,,True,55,221,0.24745762711864408,TRAIN
W-000974,0.5,2024-03-24T12:00:00,False,1,1,2305000,2429000,2399000,1.0537960954446854,1.0407809110629067,0.9876492383696994,30,295,12,0,0.0,,,,,0.0,0.0,0.0,0,,,,,,0,0.0,,True,129,147,0.49830508474576274,TRAIN
W-000974,0.75,2024-06-06T06:00:00,False,1,1,2305000,2429000,2399000,1.0537960954446854,1.0407809110629067,0.9876492383696994,30,295,12,0,0.0,,,,,0.0,0.0,0.0,1,19.3,0.0,68.8,-19.3,49.5,0,0.0,,True,203,73,0.7491525423728813,TRAIN
W-000976,0.25,2023-08-09T12:00:00,False,1,1,3395000,3412000,3486000,1.0050073637702504,1.02680412371134,1.0216881594372802,45,186,19,2,1516000.0,945000.0,758000.0,0.6233509234828496,6.0,43.48823866896156,0.0,0.0,0,,,,,,0,0.0,,True,27,139,0.24731182795698925,TRAIN
W-000976,0.5,2023-09-25T00:00:00,False,1,1,3395000,3412000,3486000,1.0050073637702504,1.02680412371134,1.0216881594372802,45,186,19,3,2532000.0,1016000.0,844000.0,0.40126382306477093,20.0,72.63339070567987,0.0,0.0,0,,,,,,0,0.0,,True,74,93,0.5,TRAIN
W-000976,0.75,2023-11-10T12:00:00,False,1,1,3395000,3412000,3486000,1.0050073637702504,1.02680412371134,1.0216881594372802,45,186,19,4,3109000.0,1016000.0,777250.0,0.3267931810871663,11.0,89.18531267928859,0.0,0.0,0,,,,,,0,0.0,,True,120,46,0.7473118279569892,TRAIN
W-000980,0.25,2024-01-19T18:00:00,False,1,0,1067000,1051000,1089000,0.9850046860356139,1.0206185567010309,1.0361560418648905,42,231,42,1,171000.0,171000.0,171000.0,1.0,17.0,15.702479338842975,0.0,0.0,0,,,,,,0,0.0,,True,45,173,0.24675324675324675,TRAIN
W-000980,0.5,2024-03-17T12:00:00,False,1,0,1067000,1051000,1089000,0.9850046860356139,1.0206185567010309,1.0361560418648905,42,231,42,2,338000.0,171000.0,169000.0,0.5059171597633136,3.0,31.0376492194674,0.0,0.0,0,,,,,,0,0.0,,True,103,115,0.49783549783549785,TRAIN
W-000980,0.75,2024-05-14T06:00:00,False,1,0,1067000,1051000,1089000,0.9850046860356139,1.0206185567010309,1.0361560418648905,42,231,42,2,338000.0,171000.0,169000.0,0.5059171597633136,61.0,31.0376492194674,0.0,0.0,1,7.8,31.0,61.5,23.2,53.7,0,0.0,,True,161,57,0.7489177489177489,TRAIN
W-000986,0.25,2024-05-20T06:00:00,False,1,1,872000,845000,1192000,0.9690366972477065,1.3669724770642202,1.4106508875739645,38,269,24,0,0.0,,,,,0.0,0.0,0.0,0,,,,,,0,0.0,,True,34,201,0.24907063197026022,VALIDATION
W-000986,0.5,2024-07-26T12:00:00,False,1,1,872000,845000,1192000,0.9690366972477065,1.3669724770642202,1.4106508875739645,38,269,24,0,0.0,,,,,0.0,0.0,0.0,0,,,,,,0,0.0,,True,101,134,0.49814126394052044,VALIDATION
W-000986,0.75,2024-10-01T18:00:00,False,1,1,872000,845000,1192000,0.9690366972477065,1.3669724770642202,1.4106508875739645,38,269,24,1,198000.0,198000.0,198000.0,1.0,6.0,16.610738255033556,0.0,0.0,1,15.5,0.0,53.5,-15.5,38.0,0,0.0,,True,168,67,0.7472118959107806,VALIDATION
W-000992,0.25,2023-07-21T00:00:00,False,1,1,992000,982000,956000,0.9899193548387096,0.9637096774193549,0.9735234215885947,25,252,19,0,0.0,,,,,0.0,0.0,0.0,0,,,,,,0,0.0,,True,48,189,0.25,TRAIN
W-000992,0.5,2023-09-22T00:00:00,False,1,1,992000,982000,956000,0.9899193548387096,0.9637096774193549,0.9735234215885947,25,252,19,1,278000.0,278000.0,278000.0,1.0,41.0,29.079497907949794,0.0,0.0,0,,,,,,0,0.0,,True,111,126,0.5,TRAIN
W-000992,0.75,2023-11-24T00:00:00,False,1,1,992000,982000,956000,0.9899193548387096,0.9637096774193549,0.9735234215885947,25,252,19,2,494000.0,278000.0,247000.0,0.562753036437247,56.0,51.67364016736402,0.0,0.0,0,,,,,,0,0.0,,True,174,63,0.75,TRAIN
W-000995,0.25,2023-09-30T00:00:00,False,1,1,1946000,2020000,2033000,1.0380267214799588,1.0447070914696814,1.0064356435643564,39,304,26,0,0.0,,,,,0.0,0.0,0.0,0,,,,,,0,0.0,,True,51,228,0.25,VALIDATION
W-000995,0.5,2023-12-15T00:00:00,False,1,1,1946000,2020000,2033000,1.0380267214799588,1.0447070914696814,1.0064356435643564,39,304,26,1,415000.0,415000.0,415000.0,1.0,42.0,20.413182488932613,0.0,0.0,0,,,,,,0,0.0,,True,127,152,0.5,VALIDATION
W-000995,0.75,2024-02-29T00:00:00,False,1,1,1946000,2020000,2033000,1.0380267214799588,1.0447070914696814,1.0064356435643564,39,304,26,3,1341000.0,599000.0,447000.0,0.44668158090976884,4.0,65.9616330545991,0.0,0.0,1,24.4,20.4,52.3,-4.0,27.9,0,0.0,,True,203,76,0.75,VALIDATION
W-001003,0.25,2024-07-15T12:00:00,False,1,1,462000,438000,425000,0.948051948051948,0.9199134199134199,0.9703196347031964,47,238,7,0,0.0,,,,,0.0,0.0,0.0,0,,,,,,0,0.0,,True,33,178,0.24789915966386555,TRAIN
W-001003,0.5,2024-09-13T00:00:00,False,1,1,462000,438000,425000,0.948051948051948,0.9199134199134199,0.9703196347031964,47,238,7,1,432000.0,432000.0,432000.0,1.0,58.0,101.6470588235294,7000.0,1.647058823529412,0,,,,,,0,0.0,,True,93,119,0.5,TRAIN
W-001003,0.75,2024-11-11T12:00:00,False,1,1,462000,438000,425000,0.948051948051948,0.9199134199134199,0.9703196347031964,47,238,7,1,432000.0,432000.0,432000.0,1.0,117.0,101.6470588235294,7000.0,1.647058823529412,1,14.2,101.6,42.4,87.39999999999999,28.2,0,0.0,,True,152,59,0.7478991596638656,TRAIN
W-001026,0.25,2024-05-14T06:00:00,False,1,0,1045000,996000,970000,0.9531100478468899,0.9282296650717703,0.9738955823293173,18,185,40,0,0.0,,,,,0.0,0.0,0.0,0,,,,,,0,0.0,,True,46,138,0.24864864864864866,TRAIN
W-001026,0.5,2024-06-29T12:00:00,False,1,0,1045000,996000,970000,0.9531100478468899,0.9282296650717703,0.9738955823293173,18,185,40,1,270000.0,270000.0,270000.0,1.0,14.0,27.835051546391753,0.0,0.0,0,,,,,,0,0.0,,True,92,92,0.4972972972972973,TRAIN
W-001026,0.75,2024-08-14T18:00:00,False,1,0,1045000,996000,970000,0.9531100478468899,0.9282296650717703,0.9738955823293173,18,185,40,1,270000.0,270000.0,270000.0,1.0,60.0,27.835051546391753,0.0,0.0,0,,,,,,0,0.0,,True,138,46,0.745945945945946,TRAIN
W-001034,0.25,2023-11-29T18:00:00,False,1,0,2773000,2685000,2715000,0.9682654165164082,0.9790840245221781,1.011173184357542,22,271,41,0,0.0,,,,,0.0,0.0,0.0,0,,,,,,0,0.0,,True,67,203,0.24723247232472326,VALIDATION
W-001034,0.5,2024-02-05T12:00:00,False,1,0,2773000,2685000,2715000,0.9682654165164082,0.9790840245221781,1.011173184357542,22,271,41,1,1251000.0,1251000.0,1251000.0,1.0,60.0,46.07734806629834,0.0,0.0,1,11.2,46.1,49.4,34.900000000000006,38.2,0,0.0,,True,135,135,0.4981549815498155,VALIDATION
W-001034,0.75,2024-04-13T06:00:00,False,1,0,2773000,2685000,2715000,0.9682654165164082,0.9790840245221781,1.011173184357542,22,271,41,1,1251000.0,1251000.0,1251000.0,1.0,128.0,46.07734806629834,0.0,0.0,1,11.2,46.1,49.4,34.900000000000006,38.2,0,0.0,,True,203,67,0.7490774907749077,VALIDATION
W-001043,0.25,2025-08-18T06:00:00,False,1,0,2226000,2281000,2214000,1.0247079964061097,0.9946091644204852,0.9706269180184129,44,329,24,0,0.0,,,,,0.0,0.0,0.0,0,,,,,,0,0.0,,True,86,246,0.24924012158054712,TRAIN
W-001043,0.5,2025-11-08T12:00:00,False,1,0,2226000,2281000,2214000,1.0247079964061097,0.9946091644204852,0.9706269180184129,44,329,24,1,409000.0,409000.0,409000.0,1.0,65.0,18.47335140018067,0.0,0.0,1,25.5,18.5,35.3,-7.0,9.799999999999997,0,0.0,,True,168,164,0.49848024316109424,TRAIN
W-001043,0.75,2026-01-29T18:00:00,False,1,0,2226000,2281000,2214000,1.0247079964061097,0.9946091644204852,0.9706269180184129,44,329,24,1,409000.0,409000.0,409000.0,1.0,147.0,18.47335140018067,0.0,0.0,2,49.3,18.5,70.5,-30.799999999999997,21.200000000000003,0,0.0,6.155172413793102,True,250,82,0.7477203647416414,TRAIN
W-001044,0.25,2023-12-08T12:00:00,False,1,1,2168000,2210000,2241000,1.0193726937269372,1.0336715867158672,1.014027149321267,33,294,30,1,682000.0,682000.0,682000.0,1.0,19.0,30.432842481035248,0.0,0.0,0,,,,,,0,0.0,,True,76,220,0.24829931972789115,TRAIN
W-001044,0.5,2024-02-20T00:00:00,False,1,1,2168000,2210000,2241000,1.0193726937269372,1.0336715867158672,1.014027149321267,33,294,30,1,682000.0,682000.0,682000.0,1.0,93.0,30.432842481035248,0.0,0.0,0,,,,,,0,0.0,,True,150,147,0.5,TRAIN
W-001044,0.75,2024-05-03T12:00:00,False,1,1,2168000,2210000,2241000,1.0193726937269372,1.0336715867158672,1.014027149321267,33,294,30,3,2307000.0,945000.0,769000.0,0.4096228868660598,25.0,102.94511378848728,66000.0,2.9451137884872822,1,10.0,60.8,60.5,50.8,50.5,0,0.0,,True,223,73,0.7482993197278912,TRAIN
W-001054,0.25,2024-07-23T06:00:00,False,1,1,1550000,1525000,1563000,0.9838709677419355,1.0083870967741935,1.0249180327868852,41,301,22,0,0.0,,,,,0.0,0.0,0.0,0,,,,,,0,0.0,,True,65,225,0.24916943521594684,TRAIN
W-001054,0.5,2024-10-06T12:00:00,False,1,1,1550000,1525000,1563000,0.9838709677419355,1.0083870967741935,1.0249180327868852,41,301,22,0,0.0,,,,,0.0,0.0,0.0,1,22.2,0.0,34.6,-22.2,12.400000000000002,0,0.0,,True,140,150,0.4983388704318937,TRAIN
W-001054,0.75,2024-12-20T18:00:00,False,1,1,1550000,1525000,1563000,0.9838709677419355,1.0083870967741935,1.0249180327868852,41,301,22,0,0.0,,,,,0.0,0.0,0.0,2,23.5,0.0,69.1,-23.5,45.599999999999994,0,0.0,0.3750000000000002,True,215,75,0.7475083056478405,TRAIN
W-001055,0.25,2024-08-05T18:00:00,False,1,1,3196000,3122000,3171000,0.976846057571965,0.9921777221526908,1.015695067264574,31,339,16,1,981000.0,981000.0,981000.0,1.0,13.0,30.936613055818352,0.0,0.0,0,,,,,,0,0.0,,True,76,254,0.24778761061946902,TEST
W-001055,0.5,2024-10-29T12:00:00,False,1,1,3196000,3122000,3171000,0.976846057571965,0.9921777221526908,1.015695067264574,31,339,16,1,981000.0,981000.0,981000.0,1.0,98.0,30.936613055818352,0.0,0.0,0,,,,,,0,0.0,,True,161,169,0.49852507374631266,TEST
W-001055,0.75,2025-01-22T06:00:00,False,1,1,3196000,3122000,3171000,0.976846057571965,0.9921777221526908,1.015695067264574,31,339,16,2,1475000.0,981000.0,737500.0,0.6650847457627118,68.0,46.515294859665715,0.0,0.0,1,27.1,46.5,61.4,19.4,34.3,0,0.0,,True,246,84,0.7492625368731564,TEST
W-001073,0.25,2023-10-28T06:00:00,False,1,0,3677000,3589000,3516000,0.9760674462877346,0.9562143051400598,0.9796600724435776,41,233,18,1,2087000.0,2087000.0,2087000.0,1.0,14.0,59.35722411831627,0.0,0.0,0,,,,,,0,0.0,,True,29,174,0.24892703862660945,TRAIN
W-001073,0.5,2023-12-25T12:00:00,False,1,0,3677000,3589000,3516000,0.9760674462877346,0.9562143051400598,0.9796600724435776,41,233,18,1,2087000.0,2087000.0,2087000.0,1.0,72.0,59.35722411831627,0.0,0.0,0,,,,,,0,0.0,,True,87,116,0.4978540772532189,TRAIN
W-001073,0.75,2024-02-21T18:00:00,False,1,0,3677000,3589000,3516000,0.9760674462877346,0.9562143051400598,0.9796600724435776,41,233,18,1,2087000.0,2087000.0,2087000.0,1.0,130.0,59.35722411831627,0.0,0.0,0,,,,,,0,0.0,,True,145,58,0.7467811158798283,TRAIN
W-001087,0.25,2025-11-12T12:00:00,False,1,0,881000,910000,888000,1.0329171396140748,1.0079455164585698,0.9758241758241758,37,246,27,1,835000.0,835000.0,835000.0,1.0,48.0,94.03153153153153,0.0,0.0,1,12.0,94.0,17.9,82.0,5.899999999999999,0,0.0,,True,66,184,0.24796747967479674,TRAIN
W-001087,0.5,2026-01-13T00:00:00,False,1,0,881000,910000,888000,1.0329171396140748,1.0079455164585698,0.9758241758241758,37,246,27,1,835000.0,835000.0,835000.0,1.0,110.0,94.03153153153153,0.0,0.0,2,19.6,94.0,36.2,74.4,16.6,0,0.0,5.066666666666667,True,128,123,0.5,TRAIN
W-001087,0.75,2026-03-15T12:00:00,False,1,0,881000,910000,888000,1.0329171396140748,1.0079455164585698,0.9758241758241758,37,246,27,1,835000.0,835000.0,835000.0,1.0,171.0,94.03153153153153,0.0,0.0,4,46.1,94.0,72.8,47.9,26.699999999999996,0,0.0,7.5777777777777775,True,189,61,0.7479674796747967,TRAIN
W-001108,0.25,2023-10-16T00:00:00,False,1,0,2343000,2376000,2399000,1.0140845070422535,1.0239009816474605,1.0096801346801347,47,300,14,0,0.0,,,,,0.0,0.0,0.0,0,,,,,,0,0.0,,True,45,225,0.25,TRAIN
W-001108,0.5,2023-12-30T00:00:00,False,1,0,2343000,2376000,2399000,1.0140845070422535,1.0239009816474605,1.0096801346801347,47,300,14,1,538000.0,538000.0,538000.0,1.0,14.0,22.426010837849102,0.0,0.0,0,,,,,,0,0.0,,True,120,150,0.5,TRAIN
W-001108,0.75,2024-03-14T00:00:00,False,1,0,2343000,2376000,2399000,1.0140845070422535,1.0239009816474605,1.0096801346801347,47,300,14,4,1765000.0,613000.0,441250.0,0.3473087818696884,25.0,73.57232180075032,0.0,0.0,1,10.3,36.5,52.0,26.2,41.7,0,0.0,,True,195,75,0.75,TRAIN
W-001136,0.25,2025-01-31T00:00:00,False,1,0,1139000,1136000,1178000,0.9973661106233538,1.0342405618964003,1.0369718309859155,43,324,39,0,0.0,,,,,0.0,0.0,0.0,0,,,,,,0,0.0,,True,81,243,0.25,TRAIN
W-001136,0.5,2025-04-22T00:00:00,False,1,0,1139000,1136000,1178000,0.9973661106233538,1.0342405618964003,1.0369718309859155,43,324,39,1,319000.0,319000.0,319000.0,1.0,69.0,27.079796264855688,0.0,0.0,1,14.2,27.1,29.0,12.900000000000002,14.8,0,0.0,,True,162,162,0.5,TRAIN
W-001136,0.75,2025-07-12T00:00:00,False,1,0,1139000,1136000,1178000,0.9973661106233538,1.0342405618964003,1.0369718309859155,43,324,39,2,684000.0,365000.0,342000.0,0.533625730994152,52.0,58.06451612903226,0.0,0.0,2,31.4,27.1,58.0,-4.299999999999997,26.6,0,0.0,5.489361702127659,True,243,81,0.75,TRAIN
W-001145,0.25,2025-10-16T18:00:00,False,1,0,3346000,3188000,3132000,0.9527794381350867,0.9360430364614465,0.9824341279799247,7,275,28,0,0.0,,,,,0.0,0.0,0.0,0,,,,,,0,0.0,,True,37,206,0.24727272727272728,TRAIN
W-001145,0.5,2025-12-24T12:00:00,False,1,0,3346000,3188000,3132000,0.9527794381350867,0.9360430364614465,0.9824341279799247,7,275,28,0,0.0,,,,,0.0,0.0,0.0,1,15.2,0.0,21.5,-15.2,6.300000000000001,0,0.0,,True,106,137,0.49818181818181817,TRAIN
W-001145,0.75,2026-03-03T06:00:00,False,1,0,3346000,3188000,3132000,0.9527794381350867,0.9360430364614465,0.9824341279799247,7,275,28,4,2151000.0,694000.0,537750.0,0.32264063226406325,21.0,68.67816091954023,0.0,0.0,2,30.0,0.0,42.9,-30.0,12.899999999999999,0,0.0,7.525423728813559,True,175,68,0.7490909090909091,TRAIN
W-001146,0.25,2024-04-16T18:00:00,False,1,1,3112000,3184000,3264000,1.0231362467866323,1.0488431876606683,1.0251256281407035,45,359,30,0,0.0,,,,,0.0,0.0,0.0,0,,,,,,0,0.0,,True,63,269,0.2479108635097493,TRAIN
W-001146,0.5,2024-07-15T12:00:00,False,1,1,3112000,3184000,3264000,1.0231362467866323,1.0488431876606683,1.0251256281407035,45,359,30,3,1629000.0,768000.0,543000.0,0.4714548802946593,54.0,49.908088235294116,0.0,0.0,0,,,,,,0,0.0,,True,153,179,0.4986072423398329,TRAIN
W-001146,0.75,2024-10-13T06:00:00,False,1,1,3112000,3184000,3264000,1.0231362467866323,1.0488431876606683,1.0251256281407035,45,359,30,3,1629000.0,768000.0,543000.0,0.4714548802946593,144.0,49.908088235294116,0.0,0.0,0,,,,,,0,0.0,,True,243,89,0.7493036211699164,TRAIN
W-001155,0.25,2024-04-04T12:00:00,False,1,0,735000,716000,731000,0.9741496598639455,0.9945578231292517,1.020949720670391,44,266,19,0,0.0,,,,,0.0,0.0,0.0,0,,,,,,0,0.0,,True,69,199,0.24812030075187969,VALIDATION
W-001155,0.5,2024-06-10T00:00:00,False,1,0,735000,716000,731000,0.9741496598639455,0.9945578231292517,1.020949720670391,44,266,19,0,0.0,,,,,0.0,0.0,0.0,0,,,,,,0,0.0,,True,136,133,0.5,VALIDATION
W-001155,0.75,2024-08-15T12:00:00,False,1,0,735000,716000,731000,0.9741496598639455,0.9945578231292517,1.020949720670391,44,266,19,1,674000.0,674000.0,674000.0,1.0,5.0,92.20246238030096,0.0,0.0,1,13.3,0.0,59.4,-13.3,46.099999999999994,0,0.0,,True,202,66,0.7481203007518797,VALIDATION
W-001156,0.25,2024-07-19T00:00:00,False,1,1,609000,643000,649000,1.0558292282430213,1.0656814449917897,1.009331259720062,17,232,11,0,0.0,,,,,0.0,0.0,0.0,0,,,,,,0,0.0,,True,38,174,0.25,TEST
W-001156,0.5,2024-09-15T00:00:00,False,1,1,609000,643000,649000,1.0558292282430213,1.0656814449917897,1.009331259720062,17,232,11,2,422000.0,214000.0,211000.0,0.5071090047393365,22.0,65.0231124807396,0.0,0.0,0,,,,,,0,0.0,,True,96,116,0.5,TEST
W-001156,0.75,2024-11-12T00:00:00,False,1,1,609000,643000,649000,1.0558292282430213,1.0656814449917897,1.009331259720062,17,232,11,2,422000.0,214000.0,211000.0,0.5071090047393365,80.0,65.0231124807396,0.0,0.0,0,,,,,,0,0.0,,True,154,58,0.75,TEST
W-001181,0.25,2023-07-25T18:00:00,False,1,0,3522000,3591000,3703000,1.0195911413969336,1.0513912549687678,1.0311890838206628,15,215,13,0,0.0,,,,,0.0,0.0,0.0,0,,,,,,0,0.0,,True,43,161,0.24651162790697675,TRAIN
W-001181,0.5,2023-09-17T12:00:00,False,1,0,3522000,3591000,3703000,1.0195911413969336,1.0513912549687678,1.0311890838206628,15,215,13,0,0.0,,,,,0.0,0.0,0.0,0,,,,,,0,0.0,,True,97,107,0.49767441860465117,TRAIN
W-001181,0.75,2023-11-10T06:00:00,False,1,0,3522000,3591000,3703000,1.0195911413969336,1.0513912549687678,1.0311890838206628,15,215,13,2,1373000.0,719000.0,686500.0,0.5236707938820102,3.0,37.07804482851742,0.0,0.0,0,,,,,,0,0.0,,True,151,53,0.7488372093023256,TRAIN
W-001182,0.25,2024-06-19T12:00:00,False,1,1,3923000,3942000,4092000,1.0048432322202396,1.0430792760642364,1.0380517503805176,47,282,27,1,437000.0,437000.0,437000.0,1.0,17.0,10.679374389051809,0.0,0.0,0,,,,,,0,0.0,,True,57,211,0.24822695035460993,TRAIN
W-001182,0.5,2024-08-29T00:00:00,False,1,1,3923000,3942000,4092000,1.0048432322202396,1.0430792760642364,1.0380517503805176,47,282,27,1,437000.0,437000.0,437000.0,1.0,88.0,10.679374389051809,0.0,0.0,0,,,,,,0,0.0,,True,128,141,0.5,TRAIN
W-001182,0.75,2024-11-07T12:00:00,False,1,1,3923000,3942000,4092000,1.0048432322202396,1.0430792760642364,1.0380517503805176,47,282,27,2,1243000.0,806000.0,621500.0,0.6484312148028962,5.0,30.376344086021508,0.0,0.0,1,16.5,10.7,61.0,-5.800000000000001,44.5,0,0.0,,True,198,70,0.74822695035461,TRAIN
W-001192,0.25,2024-11-21T18:00:00,False,1,0,2587000,2548000,2580000,0.9849246231155779,0.9972941631233089,1.012558869701727,25,203,43,0,0.0,,,,,0.0,0.0,0.0,0,,,,,,0,0.0,,True,55,152,0.24630541871921183,TRAIN
W-001192,0.5,2025-01-11T12:00:00,False,1,0,2587000,2548000,2580000,0.9849246231155779,0.9972941631233089,1.012558869701727,25,203,43,0,0.0,,,,,0.0,0.0,0.0,0,,,,,,0,0.0,,True,106,101,0.4975369458128079,TRAIN
W-001192,0.75,2025-03-03T06:00:00,False,1,0,2587000,2548000,2580000,0.9849246231155779,0.9972941631233089,1.012558869701727,25,203,43,1,393000.0,393000.0,393000.0,1.0,5.0,15.232558139534882,0.0,0.0,1,13.1,0.0,57.6,-13.1,44.5,0,0.0,,True,157,50,0.7487684729064039,TRAIN
W-001204,0.25,2025-07-01T18:00:00,False,1,1,1898000,1865000,1935000,0.9826132771338251,1.0194942044257114,1.0375335120643432,21,331,7,0,0.0,,,,,0.0,0.0,0.0,1,6.9,0.0,19.0,-6.9,12.1,0,0.0,,True,82,248,0.24773413897280966,TRAIN
W-001204,0.5,2025-09-22T12:00:00,False,1,1,1898000,1865000,1935000,0.9826132771338251,1.0194942044257114,1.0375335120643432,21,331,7,0,0.0,,,,,0.0,0.0,0.0,2,19.5,0.0,38.4,-19.5,18.9,0,0.0,5.90625,True,165,165,0.4984894259818731,TRAIN
W-001204,0.75,2025-12-14T06:00:00,False,1,1,1898000,1865000,1935000,0.9826132771338251,1.0194942044257114,1.0375335120643432,21,331,7,1,843000.0,843000.0,843000.0,1.0,17.0,43.565891472868216,0.0,0.0,3,36.2,0.0,57.4,-36.2,21.199999999999996,0,0.0,6.921259842519686,True,248,82,0.7492447129909365,TRAIN
W-001206,0.25,2026-01-28T00:00:00,False,1,0,2298000,2482000,2528000,1.0800696257615319,1.1000870322019147,1.0185334407735698,31,200,26,0,0.0,,,,,0.0,0.0,0.0,1,11.2,0.0,16.0,-11.2,4.800000000000001,0,0.0,,True,47,150,0.25,TEST
W-001206,0.5,2026-03-19T00:00:00,False,1,0,2298000,2482000,2528000,1.0800696257615319,1.1000870322019147,1.0185334407735698,31,200,26,0,0.0,,,,,0.0,0.0,0.0,2,23.9,0.0,32.5,-23.9,8.600000000000001,0,0.0,11.545454545454545,True,97,100,0.5,TEST
W-001206,0.75,2026-05-08T00:00:00,False,1,0,2298000,2482000,2528000,1.0800696257615319,1.1000870322019147,1.0185334407735698,31,200,26,1,1113000.0,1113000.0,1113000.0,1.0,18.0,44.026898734177216,0.0,0.0,4,53.7,44.0,65.5,-9.700000000000003,11.799999999999997,0,0.0,12.878787878787879,True,147,50,0.75,TEST
W-001222,0.25,2024-06-09T06:00:00,False,1,0,3767000,3576000,3539000,0.9492965224316432,0.9394743827979825,0.9896532438478747,45,181,12,0,0.0,,,,,0.0,0.0,0.0,0,,,,,,0,0.0,,True,31,135,0.24861878453038674,VALIDATION
W-001222,0.5,2024-07-24T12:00:00,False,1,0,3767000,3576000,3539000,0.9492965224316432,0.9394743827979825,0.9896532438478747,45,181,12,0,0.0,,,,,0.0,0.0,0.0,0,,,,,,0,0.0,,True,76,90,0.4972375690607735,VALIDATION
W-001222,0.75,2024-09-07T18:00:00,False,1,0,3767000,3576000,3539000,0.9492965224316432,0.9394743827979825,0.9896532438478747,45,181,12,0,0.0,,,,,0.0,0.0,0.0,0,,,,,,0,0.0,,True,121,45,0.7458563535911602,VALIDATION
W-001237,0.25,2024-05-02T06:00:00,False,1,1,903000,912000,935000,1.0099667774086378,1.035437430786268,1.025219298245614,14,181,16,0,0.0,,,,,0.0,0.0,0.0,0,,,,,,0,0.0,,True,12,135,0.24861878453038674,TRAIN
W-001237,0.5,2024-06-16T12:00:00,False,1,1,903000,912000,935000,1.0099667774086378,1.035437430786268,1.025219298245614,14,181,16,1,434000.0,434000.0,434000.0,1.0,9.0,46.41711229946524,0.0,0.0,0,,,,,,0,0.0,,True,57,90,0.4972375690607735,TRAIN
W-001237,0.75,2024-07-31T18:00:00,False,1,1,903000,912000,935000,1.0099667774086378,1.035437430786268,1.025219298245614,14,181,16,1,434000.0,434000.0,434000.0,1.0,54.0,46.41711229946524,0.0,0.0,0,,,,,,0,0.0,,True,102,45,0.7458563535911602,TRAIN
W-001240,0.25,2026-01-29T06:00:00,False,1,1,1353000,1355000,1353000,1.0014781966001478,1.0,0.9985239852398524,26,253,33,0,0.0,,,,,0.0,0.0,0.0,1,18.8,0.0,14.2,-18.8,-4.600000000000001,0,0.0,,True,41,189,0.2490118577075099,VALIDATION
W-001240,0.5,2026-04-02T12:00:00,False,1,1,1353000,1355000,1353000,1.0014781966001478,1.0,0.9985239852398524,26,253,33,2,1192000.0,637000.0,596000.0,0.5343959731543624,10.0,88.10051736881005,0.0,0.0,2,26.5,0.0,28.5,-26.5,2.0,0,0.0,6.416666666666666,True,104,126,0.4980237154150198,VALIDATION
W-001240,0.75,2026-06-04T18:00:00,False,1,1,1353000,1355000,1353000,1.0014781966001478,1.0,0.9985239852398524,26,253,33,3,1421000.0,637000.0,473666.6666666667,0.4482758620689655,22.0,105.02586844050259,68000.0,5.025868440502587,4,53.5,105.0,57.3,51.5,3.799999999999997,0,0.0,9.550458715596331,True,167,63,0.7470355731225297,VALIDATION
W-001242,0.25,2023-12-04T12:00:00,False,1,1,3255000,3203000,3114000,0.9840245775729647,0.9566820276497696,0.9722135497970652,24,342,29,0,0.0,,,,,0.0,0.0,0.0,0,,,,,,0,0.0,,True,68,256,0.24853801169590642,TRAIN
W-001242,0.5,2024-02-28T00:00:00,False,1,1,3255000,3203000,3114000,0.9840245775729647,0.9566820276497696,0.9722135497970652,24,342,29,1,682000.0,682000.0,682000.0,1.0,60.0,21.901091843288377,0.0,0.0,1,19.1,21.9,38.9,2.799999999999997,19.799999999999997,0,0.0,,True,154,171,0.5,TRAIN
W-001242,0.75,2024-05-23T12:00:00,False,1,1,3255000,3203000,3114000,0.9840245775729647,0.9566820276497696,0.9722135497970652,24,342,29,1,682000.0,682000.0,682000.0,1.0,145.0,21.901091843288377,0.0,0.0,1,19.1,21.9,38.9,2.799999999999997,19.799999999999997,0,0.0,,True,239,85,0.7485380116959064,TRAIN
W-001243,0.25,2025-05-13T06:00:00,False,1,0,610000,641000,660000,1.0508196721311476,1.0819672131147542,1.029641185647426,17,365,36,1,648000.0,648000.0,648000.0,1.0,22.0,98.18181818181819,0.0,0.0,0,,,,,,0,0.0,,True,57,273,0.2493150684931507,TRAIN
W-001243,0.5,2025-08-12T12:00:00,False,1,0,610000,641000,660000,1.0508196721311476,1.0819672131147542,1.029641185647426,17,365,36,1,648000.0,648000.0,648000.0,1.0,113.0,98.18181818181819,0.0,0.0,2,23.5,98.2,36.4,74.7,12.899999999999999,0,0.0,4.029850746268656,True,148,182,0.4986301369863014,TRAIN
W-001243,0.75,2025-11-11T18:00:00,False,1,0,610000,641000,660000,1.0508196721311476,1.0819672131147542,1.029641185647426,17,365,36,1,648000.0,648000.0,648000.0,1.0,204.0,98.18181818181819,0.0,0.0,3,39.2,98.2,54.5,59.0,15.299999999999997,0,0.0,5.571428571428572,True,239,91,0.7479452054794521,TRAIN
W-001244,0.25,2023-11-25T12:00:00,False,1,1,2390000,2399000,2439000,1.003765690376569,1.0205020920502093,1.0166736140058357,8,238,8,0,0.0,,,,,0.0,0.0,0.0,0,,,,,,0,0.0,,True,41,178,0.24789915966386555,TRAIN
W-001244,0.5,2024-01-24T00:00:00,False,1,1,2390000,2399000,2439000,1.003765690376569,1.0205020920502093,1.0166736140058357,8,238,8,1,706000.0,706000.0,706000.0,1.0,49.0,28.94628946289463,0.0,0.0,0,,,,,,0,0.0,,True,101,119,0.5,TRAIN
W-001244,0.75,2024-03-23T12:00:00,False,1,1,2390000,2399000,2439000,1.003765690376569,1.0205020920502093,1.0166736140058357,8,238,8,2,1332000.0,706000.0,666000.0,0.53003003003003,32.0,54.61254612546126,0.0,0.0,0,,,,,,0,0.0,,True,160,59,0.7478991596638656,TRAIN
W-001250,0.25,2024-01-23T12:00:00,False,1,0,2811000,2946000,2996000,1.048025613660619,1.0658128779793667,1.0169721656483368,41,334,45,0,0.0,,,,,0.0,0.0,0.0,0,,,,,,0,0.0,,True,76,250,0.24850299401197604,TRAIN
W-001250,0.5,2024-04-16T00:00:00,False,1,0,2811000,2946000,2996000,1.048025613660619,1.0658128779793667,1.0169721656483368,41,334,45,1,500000.0,500000.0,500000.0,1.0,79.0,16.688918558077436,0.0,0.0,0,,,,,,0,0.0,,True,160,167,0.5,TRAIN
W-001250,0.75,2024-07-08T12:00:00,False,1,0,2811000,2946000,2996000,1.048025613660619,1.0658128779793667,1.0169721656483368,41,334,45,1,500000.0,500000.0,500000.0,1.0,162.0,16.688918558077436,0.0,0.0,1,21.3,16.7,51.2,-4.600000000000001,29.900000000000002,0,0.0,,True,243,83,0.7485029940119761,TRAIN
W-001257,0.25,2026-03-25T18:00:00,False,1,0,2770000,2888000,2871000,1.0425992779783393,1.036462093862816,0.9941135734072022,23,203,37,1,828000.0,828000.0,828000.0,1.0,24.0,28.84012539184953,0.0,0.0,1,16.2,28.8,16.3,12.600000000000001,0.10000000000000142,0,0.0,,True,39,152,0.24630541871921183,TRAIN
W-001257,0.5,2026-05-15T12:00:00,False,1,0,2770000,2888000,2871000,1.0425992779783393,1.036462093862816,0.9941135734072022,23,203,37,3,1720000.0,828000.0,573333.3333333334,0.4813953488372093,35.0,59.90943921978405,0.0,0.0,2,32.9,59.9,32.5,27.0,-0.3999999999999986,0,0.0,15.18181818181818,True,90,101,0.4975369458128079,TRAIN
W-001257,0.75,2026-07-05T06:00:00,False,1,0,2770000,2888000,2871000,1.0425992779783393,1.036462093862816,0.9941135734072022,23,203,37,4,2053000.0,828000.0,513250.0,0.40331222601071604,19.0,71.50818530128875,0.0,0.0,4,64.5,71.5,65.0,7.0,0.5,0,0.0,14.636363636363635,True,141,50,0.7487684729064039,TRAIN
W-001268,0.25,2025-01-26T06:00:00,False,1,0,2087000,2214000,2225000,1.0608528988979395,1.0661236224245327,1.0049683830171634,46,349,31,0,0.0,,,,,0.0,0.0,0.0,0,,,,,,0,0.0,,True,59,261,0.2492836676217765,TRAIN
W-001268,0.5,2025-04-23T12:00:00,False,1,0,2087000,2214000,2225000,1.0608528988979395,1.0661236224245327,1.0049683830171634,46,349,31,0,0.0,,,,,0.0,0.0,0.0,1,22.7,0.0,30.4,-22.7,7.699999999999999,0,0.0,,True,146,174,0.498567335243553,TRAIN
W-001268,0.75,2025-07-19T18:00:00,False,1,0,2087000,2214000,2225000,1.0608528988979395,1.0661236224245327,1.0049683830171634,46,349,31,0,0.0,,,,,0.0,0.0,0.0,2,36.6,0.0,61.0,-36.6,24.4,0,0.0,3.897196261682244,True,233,87,0.7478510028653295,TRAIN
W-001284,0.25,2024-07-21T00:00:00,False,1,0,1940000,1923000,1877000,0.9912371134020619,0.9675257731958763,0.9760790431617264,15,268,33,0,0.0,,,,,0.0,0.0,0.0,0,,,,,,0,0.0,,True,33,201,0.25,VALIDATION
W-001284,0.5,2024-09-26T00:00:00,False,1,0,1940000,1923000,1877000,0.9912371134020619,0.9675257731958763,0.9760790431617264,15,268,33,0,0.0,,,,,0.0,0.0,0.0,0,,,,,,0,0.0,,True,100,134,0.5,VALIDATION
W-001284,0.75,2024-12-02T00:00:00,False,1,0,1940000,1923000,1877000,0.9912371134020619,0.9675257731958763,0.9760790431617264,15,268,33,0,0.0,,,,,0.0,0.0,0.0,0,,,,,,0,0.0,,True,167,67,0.75,VALIDATION
W-001304,0.25,2024-09-21T18:00:00,False,1,1,1845000,1786000,1847000,0.9680216802168021,1.0010840108401085,1.0341545352743562,39,283,39,1,721000.0,721000.0,721000.0,1.0,24.0,39.03627504060639,0.0,0.0,0,,,,,,0,0.0,,True,38,212,0.24734982332155478,VALIDATION
W-001304,0.5,2024-12-01T12:00:00,False,1,1,1845000,1786000,1847000,0.9680216802168021,1.0010840108401085,1.0341545352743562,39,283,39,1,721000.0,721000.0,721000.0,1.0,95.0,39.03627504060639,0.0,0.0,0,,,,,,0,0.0,,True,109,141,0.49823321554770317,VALIDATION
W-001304,0.75,2025-02-10T06:00:00,False,1,1,1845000,1786000,1847000,0.9680216802168021,1.0010840108401085,1.0341545352743562,39,283,39,1,721000.0,721000.0,721000.0,1.0,166.0,39.03627504060639,0.0,0.0,0,,,,,,0,0.0,,True,180,70,0.7491166077738516,VALIDATION
W-001311,0.25,2025-08-09T12:00:00,False,1,0,2231000,2268000,2257000,1.0165844912595248,1.0116539668310174,0.9951499118165785,25,334,16,1,346000.0,346000.0,346000.0,1.0,41.0,15.3300841825432,0.0,0.0,0,,,,,,0,0.0,,True,62,250,0.24850299401197604,VALIDATION
W-001311,0.5,2025-11-01T00:00:00,False,1,0,2231000,2268000,2257000,1.0165844912595248,1.0116539668310174,0.9951499118165785,25,334,16,3,904000.0,391000.0,301333.3333333333,0.4325221238938053,34.0,40.053167922020386,0.0,0.0,1,13.6,15.3,22.2,1.700000000000001,8.6,0,0.0,,True,146,167,0.5,VALIDATION
W-001311,0.75,2026-01-23T12:00:00,False,1,0,2231000,2268000,2257000,1.0165844912595248,1.0116539668310174,0.9951499118165785,25,334,16,4,1254000.0,391000.0,313500.0,0.3118022328548644,30.0,55.560478511298186,0.0,0.0,3,52.1,55.6,67.1,3.5,14.999999999999993,0,0.0,7.699999999999999,True,229,83,0.7485029940119761,VALIDATION
W-001316,0.25,2026-03-15T00:00:00,False,1,1,1173000,1178000,1155000,1.0042625745950555,0.9846547314578005,0.9804753820033956,49,216,36,0,0.0,,,,,0.0,0.0,0.0,1,14.3,0.0,16.2,-14.3,1.8999999999999986,0,0.0,,True,45,162,0.25,TRAIN
W-001316,0.5,2026-05-08T00:00:00,False,1,1,1173000,1178000,1155000,1.0042625745950555,0.9846547314578005,0.9804753820033956,49,216,36,2,613000.0,436000.0,306500.0,0.7112561174551386,17.0,53.073593073593074,0.0,0.0,2,33.4,37.7,32.9,4.300000000000004,-0.5,0,0.0,15.916666666666664,True,99,108,0.5,TRAIN
W-001316,0.75,2026-07-01T00:00:00,False,1,1,1173000,1178000,1155000,1.0042625745950555,0.9846547314578005,0.9804753820033956,49,216,36,4,963000.0,436000.0,240750.0,0.45275181723779856,10.0,83.37662337662337,0.0,0.0,4,67.1,68.5,65.7,1.4000000000000057,-1.3999999999999915,0,0.0,14.80373831775701,True,153,54,0.75,TRAIN
W-001328,0.25,2024-08-26T12:00:00,False,1,1,3812000,3999000,4025000,1.0490556138509968,1.0558761804826862,1.0065016254063517,23,274,44,0,0.0,,,,,0.0,0.0,0.0,0,,,,,,0,0.0,,True,47,205,0.24817518248175183,VALIDATION
W-001328,0.5,2024-11-03T00:00:00,False,1,1,3812000,3999000,4025000,1.0490556138509968,1.0558761804826862,1.0065016254063517,23,274,44,0,0.0,,,,,0.0,0.0,0.0,0,,,,,,0,0.0,,True,116,137,0.5,VALIDATION
W-001328,0.75,2025-01-10T12:00:00,False,1,1,3812000,3999000,4025000,1.0490556138509968,1.0558761804826862,1.0065016254063517,23,274,44,1,808000.0,808000.0,808000.0,1.0,49.0,20.074534161490686,0.0,0.0,1,10.2,20.1,56.9,9.900000000000002,46.7,0,0.0,,True,184,68,0.7481751824817519,VALIDATION
W-001330,0.25,2025-07-06T06:00:00,False,1,0,1673000,1681000,1656000,1.0047818290496116,0.9898386132695756,0.9851279000594884,28,221,26,1,386000.0,386000.0,386000.0,1.0,5.0,23.309178743961354,0.0,0.0,0,,,,,,0,0.0,,True,43,165,0.248868778280543,TEST
W-001330,0.5,2025-08-30T12:00:00,False,1,0,1673000,1681000,1656000,1.0047818290496116,0.9898386132695756,0.9851279000594884,28,221,26,3,1035000.0,386000.0,345000.0,0.37294685990338167,8.0,62.5,0.0,0.0,0,,,,,,0,0.0,,True,98,110,0.497737556561086,TEST
W-001330,0.75,2025-10-24T18:00:00,False,1,0,1673000,1681000,1656000,1.0047818290496116,0.9898386132695756,0.9851279000594884,28,221,26,3,1035000.0,386000.0,345000.0,0.37294685990338167,63.0,62.5,0.0,0.0,1,16.8,62.5,52.5,45.7,35.7,0,0.0,,True,153,55,0.746606334841629,TEST
W-001333,0.25,2024-03-06T06:00:00,False,1,1,1411000,1509000,1528000,1.0694542877391922,1.0829199149539335,1.0125911199469848,7,209,38,0,0.0,,,,,0.0,0.0,0.0,0,,,,,,0,0.0,,True,18,156,0.24880382775119617,TRAIN
W-001333,0.5,2024-04-27T12:00:00,False,1,1,1411000,1509000,1528000,1.0694542877391922,1.0829199149539335,1.0125911199469848,7,209,38,2,686000.0,388000.0,343000.0,0.565597667638484,6.0,44.89528795811518,0.0,0.0,0,,,,,,0,0.0,,True,70,104,0.49760765550239233,TRAIN
W-001333,0.75,2024-06-18T18:00:00,False,1,1,1411000,1509000,1528000,1.0694542877391922,1.0829199149539335,1.0125911199469848,7,209,38,2,686000.0,388000.0,343000.0,0.565597667638484,58.0,44.89528795811518,0.0,0.0,0,,,,,,0,0.0,,True,122,52,0.7464114832535885,TRAIN
W-001335,0.25,2024-01-25T06:00:00,False,1,1,4339000,4490000,4385000,1.0348006453099792,1.0106015210878083,0.9766146993318485,41,301,38,1,1693000.0,1693000.0,1693000.0,1.0,17.0,38.608893956670464,0.0,0.0,0,,,,,,0,0.0,,True,45,225,0.24916943521594684,TEST
W-001335,0.5,2024-04-09T12:00:00,False,1,1,4339000,4490000,4385000,1.0348006453099792,1.0106015210878083,0.9766146993318485,41,301,38,1,1693000.0,1693000.0,1693000.0,1.0,92.0,38.608893956670464,0.0,0.0,0,,,,,,0,0.0,,True,120,150,0.4983388704318937,TEST
W-001335,0.75,2024-06-23T18:00:00,False,1,1,4339000,4490000,4385000,1.0348006453099792,1.0106015210878083,0.9766146993318485,41,301,38,2,4604000.0,2911000.0,2302000.0,0.6322762814943528,51.0,104.99429874572405,219000.0,4.994298745724059,1,14.0,38.6,41.2,24.6,27.200000000000003,0,0.0,,True,195,75,0.7475083056478405,TEST
W-001340,0.25,2024-05-19T12:00:00,False,1,1,4333000,4365000,4271000,1.007385183475652,0.9856912070159243,0.9784650630011454,44,346,29,0,0.0,,,,,0.0,0.0,0.0,0,,,,,,0,0.0,,True,51,259,0.24855491329479767,VALIDATION
W-001340,0.5,2024-08-14T00:00:00,False,1,1,4333000,4365000,4271000,1.007385183475652,0.9856912070159243,0.9784650630011454,44,346,29,1,4485000.0,4485000.0,4485000.0,1.0,51.0,105.0105361741981,214000.0,5.01053617419808,0,,,,,,0,0.0,,True,138,173,0.5,VALIDATION
W-001340,0.75,2024-11-08T12:00:00,False,1,1,4333000,4365000,4271000,1.007385183475652,0.9856912070159243,0.9784650630011454,44,346,29,1,4485000.0,4485000.0,4485000.0,1.0,137.0,105.0105361741981,214000.0,5.01053617419808,1,13.3,105.0,42.5,91.7,29.2,0,0.0,,True,224,86,0.7485549132947977,VALIDATION
W-001355,0.25,2024-03-14T06:00:00,False,1,0,1031000,1104000,1148000,1.0708050436469447,1.1134820562560621,1.039855072463768,19,313,38,0,0.0,,,,,0.0,0.0,0.0,0,,,,,,0,0.0,,True,76,234,0.24920127795527156,TEST
W-001355,0.5,2024-05-31T12:00:00,False,1,0,1031000,1104000,1148000,1.0708050436469447,1.1134820562560621,1.039855072463768,19,313,38,2,388000.0,194000.0,194000.0,0.5,40.0,33.79790940766551,0.0,0.0,0,,,,,,0,0.0,,True,154,156,0.4984025559105431,TEST
W-001355,0.75,2024-08-17T18:00:00,False,1,0,1031000,1104000,1148000,1.0708050436469447,1.1134820562560621,1.039855072463768,19,313,38,2,388000.0,194000.0,194000.0,0.5,118.0,33.79790940766551,0.0,0.0,1,19.8,33.8,62.3,13.999999999999996,42.5,0,0.0,,True,232,78,0.7476038338658147,TEST
W-001390,0.25,2025-11-25T00:00:00,False,1,1,1857000,1996000,2000000,1.0748519116855142,1.0770059235325795,1.002004008016032,11,244,9,0,0.0,,,,,0.0,0.0,0.0,1,13.3,0.0,16.4,-13.3,3.099999999999998,0,0.0,,True,42,183,0.25,TRAIN
W-001390,0.5,2026-01-25T00:00:00,False,1,1,1857000,1996000,2000000,1.0748519116855142,1.0770059235325795,1.002004008016032,11,244,9,0,0.0,,,,,0.0,0.0,0.0,2,24.2,0.0,32.8,-24.2,8.599999999999998,0,0.0,8.174999999999999,True,103,122,0.5,TRAIN
W-001390,0.75,2026-03-27T00:00:00,False,1,1,1857000,1996000,2000000,1.0748519116855142,1.0770059235325795,1.002004008016032,11,244,9,0,0.0,,,,,0.0,0.0,0.0,4,49.0,0.0,65.6,-49.0,16.599999999999994,0,0.0,8.925,True,164,61,0.75,TRAIN
W-001393,0.25,2025-09-13T06:00:00,False,1,0,3528000,3700000,3788000,1.0487528344671202,1.0736961451247165,1.0237837837837838,37,221,17,1,608000.0,608000.0,608000.0,1.0,5.0,16.050686378035902,0.0,0.0,0,,,,,,0,0.0,,True,41,165,0.248868778280543,TRAIN
W-001393,0.5,2025-11-07T12:00:00,False,1,0,3528000,3700000,3788000,1.0487528344671202,1.0736961451247165,1.0237837837837838,37,221,17,4,2692000.0,873000.0,673000.0,0.32429420505200596,5.0,71.06652587117213,0.0,0.0,1,21.3,16.1,22.2,-5.199999999999999,0.8999999999999986,0,0.0,,True,96,110,0.497737556561086,TRAIN
W-001393,0.75,2026-01-01T18:00:00,False,1,0,3528000,3700000,3788000,1.0487528344671202,1.0736961451247165,1.0237837837837838,37,221,17,4,2692000.0,873000.0,673000.0,0.32429420505200596,60.0,71.06652587117213,0.0,0.0,3,33.1,71.1,66.5,37.99999999999999,33.4,0,0.0,3.612244897959184,True,151,55,0.746606334841629,TRAIN
W-001401,0.25,2023-09-28T06:00:00,False,1,0,706000,711000,724000,1.0070821529745042,1.0254957507082152,1.018284106891702,49,353,26,1,103000.0,103000.0,103000.0,1.0,59.0,14.226519337016574,0.0,0.0,0,,,,,,0,0.0,,True,69,264,0.24929178470254956,TRAIN
W-001401,0.5,2023-12-25T12:00:00,False,1,0,706000,711000,724000,1.0070821529745042,1.0254957507082152,1.018284106891702,49,353,26,2,250000.0,147000.0,125000.0,0.588,53.0,34.530386740331494,0.0,0.0,1,18.5,34.5,40.2,16.0,21.700000000000003,0,0.0,,True,157,176,0.4985835694050991,TRAIN
W-001401,0.75,2024-03-22T18:00:00,False,1,0,706000,711000,724000,1.0070821529745042,1.0254957507082152,1.018284106891702,49,353,26,2,250000.0,147000.0,125000.0,0.588,141.0,34.530386740331494,0.0,0.0,1,18.5,34.5,40.2,16.0,21.700000000000003,0,0.0,,True,245,88,0.7478753541076487,TRAIN
W-001413,0.25,2023-08-23T12:00:00,False,1,0,772000,782000,773000,1.0129533678756477,1.0012953367875648,0.9884910485933504,29,298,22,0,0.0,,,,,0.0,0.0,0.0,0,,,,,,0,0.0,,True,42,223,0.2483221476510067,VALIDATION
W-001413,0.5,2023-11-06T00:00:00,False,1,0,772000,782000,773000,1.0129533678756477,1.0012953367875648,0.9884910485933504,29,298,22,0,0.0,,,,,0.0,0.0,0.0,0,,,,,,0,0.0,,True,117,149,0.5,VALIDATION
W-001413,0.75,2024-01-19T12:00:00,False,1,0,772000,782000,773000,1.0129533678756477,1.0012953367875648,0.9884910485933504,29,298,22,1,268000.0,268000.0,268000.0,1.0,60.0,34.67011642949547,0.0,0.0,0,,,,,,0,0.0,,True,191,74,0.7483221476510067,VALIDATION
W-001415,0.25,2024-11-21T00:00:00,False,1,0,3670000,3621000,3637000,0.9866485013623978,0.991008174386921,1.004418668876001,11,264,28,0,0.0,,,,,0.0,0.0,0.0,0,,,,,,0,0.0,,True,36,198,0.25,TRAIN
W-001415,0.5,2025-01-26T00:00:00,False,1,0,3670000,3621000,3637000,0.9866485013623978,0.991008174386921,1.004418668876001,11,264,28,0,0.0,,,,,0.0,0.0,0.0,0,,,,,,0,0.0,,True,102,132,0.5,TRAIN
W-001415,0.75,2025-04-02T00:00:00,False,1,0,3670000,3621000,3637000,0.9866485013623978,0.991008174386921,1.004418668876001,11,264,28,0,0.0,,,,,0.0,0.0,0.0,1,16.1,0.0,51.5,-16.1,35.4,0,0.0,,True,168,66,0.75,TRAIN
W-001418,0.25,2024-01-13T00:00:00,False,1,0,2949000,2933000,2966000,0.9945744320108512,1.0057646659884707,1.0112512785543812,41,252,45,0,0.0,,,,,0.0,0.0,0.0,0,,,,,,0,0.0,,True,31,189,0.25,TRAIN
W-001418,0.5,2024-03-16T00:00:00,False,1,0,2949000,2933000,2966000,0.9945744320108512,1.0057646659884707,1.0112512785543812,41,252,45,0,0.0,,,,,0.0,0.0,0.0,0,,,,,,0,0.0,,True,94,126,0.5,TRAIN
W-001418,0.75,2024-05-18T00:00:00,False,1,0,2949000,2933000,2966000,0.9945744320108512,1.0057646659884707,1.0112512785543812,41,252,45,0,0.0,,,,,0.0,0.0,0.0,0,,,,,,0,0.0,,True,157,63,0.75,TRAIN
W-001432,0.25,2025-10-03T06:00:00,False,1,1,2877000,2728000,2781000,0.9482099409106708,0.9666319082377477,1.0194281524926687,16,337,45,0,0.0,,,,,0.0,0.0,0.0,0,,,,,,0,0.0,,True,58,252,0.24925816023738873,TRAIN
W-001432,0.5,2025-12-26T12:00:00,False,1,1,2877000,2728000,2781000,0.9482099409106708,0.9666319082377477,1.0194281524926687,16,337,45,1,457000.0,457000.0,457000.0,1.0,11.0,16.43293779216109,0.0,0.0,1,23.4,0.0,28.8,-23.4,5.400000000000002,0,0.0,,True,142,168,0.49851632047477745,TRAIN
W-001432,0.75,2026-03-20T18:00:00,False,1,1,2877000,2728000,2781000,0.9482099409106708,0.9666319082377477,1.0194281524926687,16,337,45,4,1904000.0,526000.0,476000.0,0.2762605042016807,66.0,68.46458108594031,0.0,0.0,2,45.9,68.5,57.9,22.6,12.0,0,0.0,6.887755102040816,True,226,84,0.7477744807121661,TRAIN
W-001434,0.25,2025-02-01T18:00:00,False,1,0,3072000,3209000,3196000,1.0445963541666667,1.0403645833333333,0.9959488937363664,26,223,32,0,0.0,,,,,0.0,0.0,0.0,0,,,,,,0,0.0,,True,57,167,0.24663677130044842,TRAIN
W-001434,0.5,2025-03-29T12:00:00,False,1,0,3072000,3209000,3196000,1.0445963541666667,1.0403645833333333,0.9959488937363664,26,223,32,1,1528000.0,1528000.0,1528000.0,1.0,54.0,47.80976220275344,0.0,0.0,0,,,,,,0,0.0,,True,113,111,0.4977578475336323,TRAIN
W-001434,0.75,2025-05-24T06:00:00,False,1,0,3072000,3209000,3196000,1.0445963541666667,1.0403645833333333,0.9959488937363664,26,223,32,1,1528000.0,1528000.0,1528000.0,1.0,110.0,47.80976220275344,0.0,0.0,1,20.4,47.8,70.9,27.4,50.50000000000001,0,0.0,,True,169,55,0.7488789237668162,TRAIN
W-001448,0.25,2023-12-19T00:00:00,False,1,1,860000,918000,916000,1.0674418604651164,1.0651162790697675,0.9978213507625272,18,220,13,1,533000.0,533000.0,533000.0,1.0,7.0,58.18777292576419,0.0,0.0,0,,,,,,0,0.0,,True,20,165,0.25,TRAIN
W-001448,0.5,2024-02-12T00:00:00,False,1,1,860000,918000,916000,1.0674418604651164,1.0651162790697675,0.9978213507625272,18,220,13,1,533000.0,533000.0,533000.0,1.0,62.0,58.18777292576419,0.0,0.0,0,,,,,,0,0.0,,True,75,110,0.5,TRAIN
W-001448,0.75,2024-04-07T00:00:00,False,1,1,860000,918000,916000,1.0674418604651164,1.0651162790697675,0.9978213507625272,18,220,13,2,973000.0,533000.0,486500.0,0.5477903391572456,16.0,106.22270742358077,57000.0,6.222707423580786,0,,,,,,0,0.0,,True,130,55,0.75,TRAIN
W-001470,0.25,2025-12-30T18:00:00,False,1,1,1941000,1923000,1934000,0.990726429675425,0.996393611540443,1.0057202288091525,32,239,14,1,587000.0,587000.0,587000.0,1.0,23.0,30.35160289555326,0.0,0.0,0,,,,,,0,0.0,,True,45,179,0.24686192468619247,VALIDATION
W-001470,0.5,2026-02-28T12:00:00,False,1,1,1941000,1923000,1934000,0.990726429675425,0.996393611540443,1.0057202288091525,32,239,14,1,587000.0,587000.0,587000.0,1.0,83.0,30.35160289555326,0.0,0.0,1,23.8,30.4,30.1,6.599999999999998,6.300000000000001,0,0.0,,True,105,119,0.497907949790795,VALIDATION
W-001470,0.75,2026-04-29T06:00:00,False,1,1,1941000,1923000,1934000,0.990726429675425,0.996393611540443,1.0057202288091525,32,239,14,1,587000.0,587000.0,587000.0,1.0,143.0,30.35160289555326,0.0,0.0,2,47.7,30.4,60.3,-17.300000000000004,12.599999999999994,0,0.0,9.958333333333334,True,165,59,0.7489539748953975,VALIDATION
W-001472,0.25,2025-12-14T12:00:00,False,1,1,1691000,1603000,2370000,0.94795978710822,1.4015375517445299,1.4784778540237056,17,186,41,0,0.0,,,,,0.0,0.0,0.0,0,,,,,,0,0.0,,True,11,139,0.24731182795698925,TRAIN
W-001472,0.5,2026-01-30T00:00:00,False,1,1,1691000,1603000,2370000,0.94795978710822,1.4015375517445299,1.4784778540237056,17,186,41,8,2492000.0,433000.0,311500.0,0.17375601926163725,9.0,105.14767932489451,122000.0,5.147679324894515,0,,,,,,0,0.0,,True,58,93,0.5,TRAIN
W-001472,0.75,2026-03-17T12:00:00,False,1,1,1691000,1603000,2370000,0.94795978710822,1.4015375517445299,1.4784778540237056,17,186,41,8,2492000.0,433000.0,311500.0,0.17375601926163725,55.0,105.14767932489451,122000.0,5.147679324894515,1,19.2,105.1,36.0,85.89999999999999,16.8,0,0.0,,True,104,46,0.7473118279569892,TRAIN
W-001511,0.25,2024-03-04T18:00:00,False,1,1,1287000,1345000,1393000,1.0450660450660452,1.0823620823620823,1.0356877323420075,12,259,22,0,0.0,,,,,0.0,0.0,0.0,0,,,,,,0,0.0,,True,40,194,0.2471042471042471,TRAIN
W-001511,0.5,2024-05-08T12:00:00,False,1,1,1287000,1345000,1393000,1.0450660450660452,1.0823620823620823,1.0356877323420075,12,259,22,1,718000.0,718000.0,718000.0,1.0,5.0,51.543431442928934,0.0,0.0,0,,,,,,0,0.0,,True,105,129,0.4980694980694981,TRAIN
W-001511,0.75,2024-07-12T06:00:00,False,1,1,1287000,1345000,1393000,1.0450660450660452,1.0823620823620823,1.0356877323420075,12,259,22,1,718000.0,718000.0,718000.0,1.0,70.0,51.543431442928934,0.0,0.0,1,16.8,51.5,61.0,34.7,44.2,0,0.0,,True,170,64,0.749034749034749,TRAIN
W-001539,0.25,2023-08-12T06:00:00,False,1,0,2789000,2656000,2630000,0.9523126568662603,0.9429903191107925,0.990210843373494,44,197,32,1,319000.0,319000.0,319000.0,1.0,18.0,12.129277566539924,0.0,0.0,0,,,,,,0,0.0,,True,40,147,0.24873096446700507,TRAIN
W-001539,0.5,2023-09-30T12:00:00,False,1,0,2789000,2656000,2630000,0.9523126568662603,0.9429903191107925,0.990210843373494,44,197,32,3,1375000.0,589000.0,458333.3333333333,0.4283636363636364,0.0,52.28136882129277,0.0,0.0,0,,,,,,0,0.0,,True,89,98,0.49746192893401014,TRAIN
W-001539,0.75,2023-11-18T18:00:00,False,1,0,2789000,2656000,2630000,0.9523126568662603,0.9429903191107925,0.990210843373494,44,197,32,3,1375000.0,589000.0,458333.3333333333,0.4283636363636364,49.0,52.28136882129277,0.0,0.0,0,,,,,,0,0.0,,True,138,49,0.7461928934010152,TRAIN
W-001542,0.25,2024-11-30T18:00:00,False,1,1,2086000,2075000,2123000,0.9947267497603068,1.0177372962607862,1.0231325301204819,40,279,32,0,0.0,,,,,0.0,0.0,0.0,0,,,,,,0,0.0,,True,57,209,0.24731182795698925,TRAIN
W-001542,0.5,2025-02-08T12:00:00,False,1,1,2086000,2075000,2123000,0.9947267497603068,1.0177372962607862,1.0231325301204819,40,279,32,0,0.0,,,,,0.0,0.0,0.0,0,,,,,,0,0.0,,True,127,139,0.4982078853046595,TRAIN
W-001542,0.75,2025-04-19T06:00:00,False,1,1,2086000,2075000,2123000,0.9947267497603068,1.0177372962607862,1.0231325301204819,40,279,32,1,622000.0,622000.0,622000.0,1.0,38.0,29.298162976919457,0.0,0.0,1,23.5,0.0,49.8,-23.5,26.299999999999997,0,0.0,,True,197,69,0.7491039426523297,TRAIN
W-001568,0.25,2024-10-11T18:00:00,False,1,1,2735000,2578000,2653000,0.9425959780621572,0.970018281535649,1.0290923196276183,34,203,30,1,998000.0,998000.0,998000.0,1.0,21.0,37.617791179796455,0.0,0.0,0,,,,,,0,0.0,,True,52,152,0.24630541871921183,TRAIN
W-001568,0.5,2024-12-01T12:00:00,False,1,1,2735000,2578000,2653000,0.9425959780621572,0.970018281535649,1.0290923196276183,34,203,30,1,998000.0,998000.0,998000.0,1.0,72.0,37.617791179796455,0.0,0.0,0,,,,,,0,0.0,,True,103,101,0.4975369458128079,TRAIN
W-001568,0.75,2025-01-21T06:00:00,False,1,1,2735000,2578000,2653000,0.9425959780621572,0.970018281535649,1.0290923196276183,34,203,30,1,998000.0,998000.0,998000.0,1.0,123.0,37.617791179796455,0.0,0.0,1,23.1,37.6,60.6,14.5,37.5,0,0.0,,True,154,50,0.7487684729064039,TRAIN
W-001572,0.25,2024-08-20T12:00:00,False,1,1,934000,993000,1017000,1.063169164882227,1.088865096359743,1.0241691842900302,24,250,16,0,0.0,,,,,0.0,0.0,0.0,0,,,,,,0,0.0,,True,62,187,0.248,TRAIN
W-001572,0.5,2024-10-22T00:00:00,False,1,1,934000,993000,1017000,1.063169164882227,1.088865096359743,1.0241691842900302,24,250,16,0,0.0,,,,,0.0,0.0,0.0,1,17.7,0.0,45.6,-17.7,27.900000000000002,0,0.0,,True,125,125,0.5,TRAIN
W-001572,0.75,2024-12-23T12:00:00,False,1,1,934000,993000,1017000,1.063169164882227,1.088865096359743,1.0241691842900302,24,250,16,0,0.0,,,,,0.0,0.0,0.0,1,17.7,0.0,45.6,-17.7,27.900000000000002,0,0.0,,True,187,62,0.748,TRAIN
W-001573,0.25,2025-05-31T00:00:00,False,1,1,765000,742000,748000,0.9699346405228758,0.9777777777777777,1.0080862533692723,16,220,14,1,362000.0,362000.0,362000.0,1.0,29.0,48.39572192513369,0.0,0.0,0,,,,,,0,0.0,,True,56,165,0.25,TRAIN
W-001573,0.5,2025-07-25T00:00:00,False,1,1,765000,742000,748000,0.9699346405228758,0.9777777777777777,1.0080862533692723,16,220,14,1,362000.0,362000.0,362000.0,1.0,84.0,48.39572192513369,0.0,0.0,0,,,,,,0,0.0,,True,111,110,0.5,TRAIN
W-001573,0.75,2025-09-18T00:00:00,False,1,1,765000,742000,748000,0.9699346405228758,0.9777777777777777,1.0080862533692723,16,220,14,1,362000.0,362000.0,362000.0,1.0,139.0,48.39572192513369,0.0,0.0,1,25.9,48.4,58.2,22.5,32.300000000000004,0,0.0,,True,166,55,0.75,TRAIN
W-001588,0.25,2024-12-04T18:00:00,False,1,1,2178000,2183000,2125000,1.002295684113866,0.9756657483930211,0.9734310581768209,41,275,43,0,0.0,,,,,0.0,0.0,0.0,0,,,,,,0,0.0,,True,53,206,0.24727272727272728,TRAIN
W-001588,0.5,2025-02-11T12:00:00,False,1,1,2178000,2183000,2125000,1.002295684113866,0.9756657483930211,0.9734310581768209,41,275,43,1,695000.0,695000.0,695000.0,1.0,39.0,32.70588235294118,0.0,0.0,0,,,,,,0,0.0,,True,122,137,0.49818181818181817,TRAIN
W-001588,0.75,2025-04-21T06:00:00,False,1,1,2178000,2183000,2125000,1.002295684113866,0.9756657483930211,0.9734310581768209,41,275,43,2,1150000.0,695000.0,575000.0,0.6043478260869565,24.0,54.11764705882353,0.0,0.0,1,32.6,54.1,62.5,21.5,29.9,0,0.0,,True,191,68,0.7490909090909091,TRAIN
W-001590,0.25,2023-11-28T06:00:00,False,1,0,965000,953000,977000,0.9875647668393782,1.0124352331606217,1.0251836306400839,11,365,8,0,0.0,,,,,0.0,0.0,0.0,0,,,,,,0,0.0,,True,80,273,0.2493150684931507,TRAIN
W-001590,0.5,2024-02-27T12:00:00,False,1,0,965000,953000,977000,0.9875647668393782,1.0124352331606217,1.0251836306400839,11,365,8,1,368000.0,368000.0,368000.0,1.0,80.0,37.66632548618219,0.0,0.0,1,7.3,37.7,37.0,30.400000000000002,29.7,0,0.0,,True,171,182,0.4986301369863014,TRAIN
W-001590,0.75,2024-05-28T18:00:00,False,1,0,965000,953000,977000,0.9875647668393782,1.0124352331606217,1.0251836306400839,11,365,8,1,368000.0,368000.0,368000.0,1.0,171.0,37.66632548618219,0.0,0.0,1,7.3,37.7,37.0,30.400000000000002,29.7,0,0.0,,True,262,91,0.7479452054794521,TRAIN
W-001605,0.25,2024-01-01T12:00:00,False,1,0,1555000,1462000,1491000,0.940192926045016,0.9588424437299036,1.0198358413132695,8,322,16,1,1022000.0,1022000.0,1022000.0,1.0,51.0,68.54460093896714,0.0,0.0,0,,,,,,0,0.0,,True,78,241,0.2484472049689441,TRAIN
W-001605,0.5,2024-03-22T00:00:00,False,1,0,1555000,1462000,1491000,0.940192926045016,0.9588424437299036,1.0198358413132695,8,322,16,1,1022000.0,1022000.0,1022000.0,1.0,132.0,68.54460093896714,0.0,0.0,0,,,,,,0,0.0,,True,159,161,0.5,TRAIN
W-001605,0.75,2024-06-10T12:00:00,False,1,0,1555000,1462000,1491000,0.940192926045016,0.9588424437299036,1.0198358413132695,8,322,16,2,1448000.0,1022000.0,724000.0,0.7058011049723757,3.0,97.1160295103957,0.0,0.0,0,,,,,,0,0.0,,True,239,80,0.7484472049689441,TRAIN
W-001614,0.25,2024-03-29T18:00:00,False,1,1,872000,874000,865000,1.0022935779816513,0.9919724770642202,0.9897025171624714,8,191,28,0,0.0,,,,,0.0,0.0,0.0,0,,,,,,0,0.0,,True,21,143,0.24607329842931938,TRAIN
W-001614,0.5,2024-05-16T12:00:00,False,1,1,872000,874000,865000,1.0022935779816513,0.9919724770642202,0.9897025171624714,8,191,28,0,0.0,,,,,0.0,0.0,0.0,0,,,,,,0,0.0,,True,69,95,0.4973821989528796,TRAIN
W-001614,0.75,2024-07-03T06:00:00,False,1,1,872000,874000,865000,1.0022935779816513,0.9919724770642202,0.9897025171624714,8,191,28,0,0.0,,,,,0.0,0.0,0.0,1,12.2,0.0,59.2,-12.2,47.0,0,0.0,,True,117,47,0.7486910994764397,TRAIN
W-001620,0.25,2025-05-06T12:00:00,False,1,0,2359000,2501000,3666000,1.060194997880458,1.5540483255616786,1.465813674530188,31,206,45,0,0.0,,,,,0.0,0.0,0.0,0,,,,,,0,0.0,,True,48,154,0.24757281553398058,TRAIN
W-001620,0.5,2025-06-27T00:00:00,False,1,0,2359000,2501000,3666000,1.060194997880458,1.5540483255616786,1.465813674530188,31,206,45,3,1521000.0,594000.0,507000.0,0.3905325443786982,14.0,41.48936170212766,0.0,0.0,1,9.6,29.9,36.4,20.299999999999997,26.799999999999997,0,0.0,,True,100,103,0.5,TRAIN
W-001620,0.75,2025-08-17T12:00:00,False,1,0,2359000,2501000,3666000,1.060194997880458,1.5540483255616786,1.465813674530188,31,206,45,3,1521000.0,594000.0,507000.0,0.3905325443786982,65.0,41.48936170212766,0.0,0.0,2,21.5,41.5,73.3,20.0,51.8,0,0.0,4.697368421052632,True,151,51,0.7475728155339806,TRAIN
W-001621,0.25,2024-01-28T06:00:00,False,1,1,3023000,2891000,2939000,0.956334766787959,0.9722130334105193,1.0166032514700796,7,277,37,1,3016000.0,3016000.0,3016000.0,1.0,33.0,102.61993875467846,77000.0,2.6199387546784623,0,,,,,,0,0.0,,True,70,207,0.2490974729241877,TRAIN
W-001621,0.5,2024-04-06T12:00:00,False,1,1,3023000,2891000,2939000,0.956334766787959,0.9722130334105193,1.0166032514700796,7,277,37,1,3016000.0,3016000.0,3016000.0,1.0,102.0,102.61993875467846,77000.0,2.6199387546784623,0,,,,,,0,0.0,,True,139,138,0.4981949458483754,TRAIN
W-001621,0.75,2024-06-14T18:00:00,False,1,1,3023000,2891000,2939000,0.956334766787959,0.9722130334105193,1.0166032514700796,7,277,37,1,3016000.0,3016000.0,3016000.0,1.0,171.0,102.61993875467846,77000.0,2.6199387546784623,1,12.2,102.6,52.3,90.39999999999999,40.099999999999994,0,0.0,,True,208,69,0.7472924187725631,TRAIN
W-001627,0.25,2024-08-05T18:00:00,False,1,1,1737000,1699000,1705000,0.9781232009211284,0.9815774323546345,1.003531489111242,10,255,26,1,1775000.0,1775000.0,1775000.0,1.0,1.0,104.10557184750732,70000.0,4.105571847507331,0,,,,,,0,0.0,,True,40,191,0.24705882352941178,TRAIN
W-001627,0.5,2024-10-08T12:00:00,False,1,1,1737000,1699000,1705000,0.9781232009211284,0.9815774323546345,1.003531489111242,10,255,26,1,1775000.0,1775000.0,1775000.0,1.0,65.0,104.10557184750732,70000.0,4.105571847507331,0,,,,,,0,0.0,,True,104,127,0.4980392156862745,TRAIN
W-001627,0.75,2024-12-11T06:00:00,False,1,1,1737000,1699000,1705000,0.9781232009211284,0.9815774323546345,1.003531489111242,10,255,26,1,1775000.0,1775000.0,1775000.0,1.0,129.0,104.10557184750732,70000.0,4.105571847507331,1,11.9,104.1,51.8,92.19999999999999,39.9,0,0.0,,True,168,63,0.7490196078431373,TRAIN
W-001630,0.25,2023-09-12T12:00:00,False,1,1,2232000,2392000,2447000,1.07168458781362,1.096326164874552,1.0229933110367893,30,218,27,0,0.0,,,,,0.0,0.0,0.0,0,,,,,,0,0.0,,True,47,163,0.24770642201834864,TRAIN
W-001630,0.5,2023-11-06T00:00:00,False,1,1,2232000,2392000,2447000,1.07168458781362,1.096326164874552,1.0229933110367893,30,218,27,2,1042000.0,608000.0,521000.0,0.5834932821497121,25.0,42.58275439313445,0.0,0.0,0,,,,,,0,0.0,,True,102,109,0.5,TRAIN
W-001630,0.75,2023-12-30T12:00:00,False,1,1,2232000,2392000,2447000,1.07168458781362,1.096326164874552,1.0229933110367893,30,218,27,3,1587000.0,608000.0,529000.0,0.38311279143037175,39.0,64.8549243972211,0.0,0.0,0,,,,,,0,0.0,,True,156,54,0.7477064220183486,TRAIN
W-001633,0.25,2025-11-14T18:00:00,False,1,0,756000,717000,708000,0.9484126984126984,0.9365079365079365,0.9874476987447699,37,231,31,0,0.0,,,,,0.0,0.0,0.0,0,,,,,,0,0.0,,True,22,173,0.24675324675324675,TEST
W-001633,0.5,2026-01-11T12:00:00,False,1,0,756000,717000,708000,0.9484126984126984,0.9365079365079365,0.9874476987447699,37,231,31,2,220000.0,136000.0,110000.0,0.6181818181818182,6.0,31.07344632768362,0.0,0.0,1,22.0,31.1,33.8,9.100000000000001,11.799999999999997,0,0.0,,True,80,115,0.49783549783549785,TEST
W-001633,0.75,2026-03-10T06:00:00,False,1,0,756000,717000,708000,0.9484126984126984,0.9365079365079365,0.9874476987447699,37,231,31,3,326000.0,136000.0,108666.66666666667,0.4171779141104294,3.0,46.04519774011299,0.0,0.0,1,22.0,31.1,33.8,9.100000000000001,11.799999999999997,0,0.0,,True,138,57,0.7489177489177489,TEST
W-001636,0.25,2024-04-10T06:00:00,False,1,1,1046000,1011000,1021000,0.9665391969407265,0.9760994263862333,1.009891196834817,13,269,17,1,419000.0,419000.0,419000.0,1.0,48.0,41.038197845249755,0.0,0.0,0,,,,,,0,0.0,,True,64,201,0.24907063197026022,TRAIN
W-001636,0.5,2024-06-16T12:00:00,False,1,1,1046000,1011000,1021000,0.9665391969407265,0.9760994263862333,1.009891196834817,13,269,17,2,793000.0,419000.0,396500.0,0.5283732660781841,33.0,77.66895200783546,0.0,0.0,0,,,,,,0,0.0,,True,131,134,0.49814126394052044,TRAIN
W-001636,0.75,2024-08-22T18:00:00,False,1,1,1046000,1011000,1021000,0.9665391969407265,0.9760994263862333,1.009891196834817,13,269,17,2,793000.0,419000.0,396500.0,0.5283732660781841,100.0,77.66895200783546,0.0,0.0,1,18.4,77.7,49.4,59.300000000000004,31.0,0,0.0,,True,198,67,0.7472118959107806,TRAIN
W-001643,0.25,2025-07-11T12:00:00,False,1,1,2319000,2404000,2395000,1.0366537300560585,1.0327727468736525,0.9962562396006656,9,334,11,0,0.0,,,,,0.0,0.0,0.0,1,1.6,0.0,18.6,-1.6,17.0,0,0.0,,True,80,250,0.24850299401197604,VALIDATION
W-001643,0.5,2025-10-03T00:00:00,False,1,1,2319000,2404000,2395000,1.0366537300560585,1.0327727468736525,0.9962562396006656,9,334,11,1,672000.0,672000.0,672000.0,1.0,51.0,28.058455114822543,0.0,0.0,2,25.8,28.1,37.1,2.3000000000000007,11.3,0,0.0,11.709677419354838,True,164,167,0.5,VALIDATION
W-001643,0.75,2025-12-25T12:00:00,False,1,1,2319000,2404000,2395000,1.0366537300560585,1.0327727468736525,0.9962562396006656,9,334,11,1,672000.0,672000.0,672000.0,1.0,134.0,28.058455114822543,0.0,0.0,3,38.4,28.1,55.7,-10.299999999999997,17.300000000000004,0,0.0,8.903225806451612,True,247,83,0.7485029940119761,VALIDATION
W-001644,0.25,2023-09-03T18:00:00,False,1,0,3595000,3389000,3483000,0.9426981919332406,0.96884561891516,1.027736795514901,39,319,26,1,620000.0,620000.0,620000.0,1.0,21.0,17.800746482917027,0.0,0.0,0,,,,,,0,0.0,,True,82,239,0.2476489028213166,TRAIN
W-001644,0.5,2023-11-22T12:00:00,False,1,0,3595000,3389000,3483000,0.9426981919332406,0.96884561891516,1.027736795514901,39,319,26,1,620000.0,620000.0,620000.0,1.0,101.0,17.800746482917027,0.0,0.0,1,11.9,17.8,45.8,5.9,33.9,0,0.0,,True,162,159,0.49843260188087773,TRAIN
W-001644,0.75,2024-02-10T06:00:00,False,1,0,3595000,3389000,3483000,0.9426981919332406,0.96884561891516,1.027736795514901,39,319,26,2,1117000.0,620000.0,558500.0,0.5550581915846016,46.0,32.070054550674705,0.0,0.0,1,11.9,17.8,45.8,5.9,33.9,0,0.0,,True,242,79,0.7492163009404389,TRAIN
W-001647,0.25,2024-02-16T18:00:00,False,1,1,3396000,3222000,3306000,0.9487632508833922,0.9734982332155477,1.0260707635009312,43,211,18,1,3548000.0,3548000.0,3548000.0,1.0,3.0,107.3200241984271,242000.0,7.320024198427102,0,,,,,,0,0.0,,True,20,158,0.24644549763033174,TRAIN
W-001647,0.5,2024-04-09T12:00:00,False,1,1,3396000,3222000,3306000,0.9487632508833922,0.9734982332155477,1.0260707635009312,43,211,18,1,3548000.0,3548000.0,3548000.0,1.0,56.0,107.3200241984271,242000.0,7.320024198427102,0,,,,,,0,0.0,,True,73,105,0.4976303317535545,TRAIN
W-001647,0.75,2024-06-01T06:00:00,False,1,1,3396000,3222000,3306000,0.9487632508833922,0.9734982332155477,1.0260707635009312,43,211,18,1,3548000.0,3548000.0,3548000.0,1.0,109.0,107.3200241984271,242000.0,7.320024198427102,0,,,,,,0,0.0,,True,126,52,0.7488151658767772,TRAIN
W-001649,0.25,2025-05-21T06:00:00,False,1,0,2294000,2215000,2220000,0.9655623365300785,0.967741935483871,1.002257336343115,34,197,26,0,0.0,,,,,0.0,0.0,0.0,0,,,,,,0,0.0,,True,51,147,0.24873096446700507,TRAIN
W-001649,0.5,2025-07-09T12:00:00,False,1,0,2294000,2215000,2220000,0.9655623365300785,0.967741935483871,1.002257336343115,34,197,26,0,0.0,,,,,0.0,0.0,0.0,0,,,,,,0,0.0,,True,100,98,0.49746192893401014,TRAIN
W-001649,0.75,2025-08-27T18:00:00,False,1,0,2294000,2215000,2220000,0.9655623365300785,0.967741935483871,1.002257336343115,34,197,26,0,0.0,,,,,0.0,0.0,0.0,1,27.3,0.0,52.3,-27.3,24.999999999999996,0,0.0,,True,149,49,0.7461928934010152,TRAIN
W-001651,0.25,2024-08-05T18:00:00,False,1,1,2715000,2635000,2582000,0.9705340699815838,0.951012891344383,0.9798861480075901,29,267,24,0,0.0,,,,,0.0,0.0,0.0,0,,,,,,0,0.0,,True,34,200,0.24719101123595505,TRAIN
W-001651,0.5,2024-10-11T12:00:00,False,1,1,2715000,2635000,2582000,0.9705340699815838,0.951012891344383,0.9798861480075901,29,267,24,1,680000.0,680000.0,680000.0,1.0,31.0,26.336173508907823,0.0,0.0,0,,,,,,0,0.0,,True,101,133,0.49812734082397003,TRAIN
W-001651,0.75,2024-12-17T06:00:00,False,1,1,2715000,2635000,2582000,0.9705340699815838,0.951012891344383,0.9798861480075901,29,267,24,2,1011000.0,680000.0,505500.0,0.6726013847675568,35.0,39.15569326103795,0.0,0.0,1,26.3,39.2,59.2,12.900000000000002,32.900000000000006,0,0.0,,True,168,66,0.7490636704119851,TRAIN
W-001653,0.25,2025-01-17T00:00:00,False,1,0,2783000,2851000,2882000,1.0244340639597556,1.0355731225296443,1.0108733777621888,40,232,9,0,0.0,,,,,0.0,0.0,0.0,0,,,,,,0,0.0,,True,27,174,0.25,TEST
W-001653,0.5,2025-03-16T00:00:00,False,1,0,2783000,2851000,2882000,1.0244340639597556,1.0355731225296443,1.0108733777621888,40,232,9,0,0.0,,,,,0.0,0.0,0.0,0,,,,,,0,0.0,,True,85,116,0.5,TEST
W-001653,0.75,2025-05-13T00:00:00,False,1,0,2783000,2851000,2882000,1.0244340639597556,1.0355731225296443,1.0108733777621888,40,232,9,0,0.0,,,,,0.0,0.0,0.0,1,11.3,0.0,44.4,-11.3,33.099999999999994,0,0.0,,True,143,58,0.75,TEST
W-001664,0.25,2025-02-25T18:00:00,False,1,0,1985000,2008000,2012000,1.0115869017632242,1.01360201511335,1.00199203187251,40,267,20,0,0.0,,,,,0.0,0.0,0.0,0,,,,,,0,0.0,,True,36,200,0.24719101123595505,VALIDATION
W-001664,0.5,2025-05-03T12:00:00,False,1,0,1985000,2008000,2012000,1.0115869017632242,1.01360201511335,1.00199203187251,40,267,20,0,0.0,,,,,0.0,0.0,0.0,1,17.9,0.0,27.3,-17.9,9.400000000000002,0,0.0,,True,103,133,0.49812734082397003,VALIDATION
W-001664,0.75,2025-07-09T06:00:00,False,1,0,1985000,2008000,2012000,1.0115869017632242,1.01360201511335,1.00199203187251,40,267,20,2,1371000.0,800000.0,685500.0,0.5835156819839533,19.0,68.14115308151094,0.0,0.0,2,30.8,28.4,55.1,-2.400000000000002,24.3,0,0.0,5.229729729729731,True,170,66,0.7490636704119851,VALIDATION
W-001668,0.25,2023-09-15T18:00:00,False,1,0,1268000,1229000,1265000,0.9692429022082019,0.9976340694006309,1.029292107404394,33,203,39,0,0.0,,,,,0.0,0.0,0.0,0,,,,,,0,0.0,,True,51,152,0.24630541871921183,TRAIN
W-001668,0.5,2023-11-05T12:00:00,False,1,0,1268000,1229000,1265000,0.9692429022082019,0.9976340694006309,1.029292107404394,33,203,39,2,435000.0,230000.0,217500.0,0.5287356321839081,12.0,34.387351778656125,0.0,0.0,0,,,,,,0,0.0,,True,102,101,0.4975369458128079,TRAIN
W-001668,0.75,2023-12-26T06:00:00,False,1,0,1268000,1229000,1265000,0.9692429022082019,0.9976340694006309,1.029292107404394,33,203,39,2,435000.0,230000.0,217500.0,0.5287356321839081,63.0,34.387351778656125,0.0,0.0,1,14.1,34.4,69.5,20.299999999999997,55.4,0,0.0,,True,153,50,0.7487684729064039,TRAIN
W-001698,0.25,2023-08-12T12:00:00,False,1,1,1259000,1244000,1250000,0.9880857823669579,0.9928514694201748,1.004823151125402,10,294,40,0,0.0,,,,,0.0,0.0,0.0,0,,,,,,0,0.0,,True,61,220,0.24829931972789115,VALIDATION
W-001698,0.5,2023-10-25T00:00:00,False,1,1,1259000,1244000,1250000,0.9880857823669579,0.9928514694201748,1.004823151125402,10,294,40,1,440000.0,440000.0,440000.0,1.0,39.0,35.199999999999996,0.0,0.0,0,,,,,,0,0.0,,True,135,147,0.5,VALIDATION
W-001698,0.75,2024-01-06T12:00:00,False,1,1,1259000,1244000,1250000,0.9880857823669579,0.9928514694201748,1.004823151125402,10,294,40,2,1268000.0,828000.0,634000.0,0.6529968454258676,48.0,101.44,18000.0,1.44,1,13.6,35.2,50.0,21.6,36.4,0,0.0,,True,208,73,0.7482993197278912,VALIDATION
W-001704,0.25,2024-08-03T00:00:00,False,1,1,1775000,1752000,1813000,0.9870422535211267,1.0214084507042254,1.0348173515981736,12,244,12,1,622000.0,622000.0,622000.0,1.0,21.0,34.307777164920026,0.0,0.0,0,,,,,,0,0.0,,True,35,183,0.25,TRAIN
W-001704,0.5,2024-10-03T00:00:00,False,1,1,1775000,1752000,1813000,0.9870422535211267,1.0214084507042254,1.0348173515981736,12,244,12,2,1318000.0,696000.0,659000.0,0.5280728376327769,59.0,72.69718698290127,0.0,0.0,0,,,,,,0,0.0,,True,96,122,0.5,TRAIN
W-001704,0.75,2024-12-03T00:00:00,False,1,1,1775000,1752000,1813000,0.9870422535211267,1.0214084507042254,1.0348173515981736,12,244,12,2,1318000.0,696000.0,659000.0,0.5280728376327769,120.0,72.69718698290127,0.0,0.0,1,13.1,72.7,54.1,59.6,41.0,0,0.0,,True,157,61,0.75,TRAIN
W-001713,0.25,2024-08-26T12:00:00,False,1,1,1629000,1561000,1534000,0.958256599140577,0.941682013505218,0.982703395259449,43,258,36,1,629000.0,629000.0,629000.0,1.0,45.0,41.0039113428944,0.0,0.0,0,,,,,,0,0.0,,True,62,193,0.24806201550387597,TRAIN
W-001713,0.5,2024-10-30T00:00:00,False,1,1,1629000,1561000,1534000,0.958256599140577,0.941682013505218,0.982703395259449,43,258,36,1,629000.0,629000.0,629000.0,1.0,110.0,41.0039113428944,0.0,0.0,0,,,,,,0,0.0,,True,127,129,0.5,TRAIN
W-001713,0.75,2025-01-02T12:00:00,False,1,1,1629000,1561000,1534000,0.958256599140577,0.941682013505218,0.982703395259449,43,258,36,1,629000.0,629000.0,629000.0,1.0,174.0,41.0039113428944,0.0,0.0,1,20.7,41.0,61.6,20.3,40.900000000000006,0,0.0,,True,191,64,0.748062015503876,TRAIN
W-001727,0.25,2024-11-29T00:00:00,False,1,0,2686000,2742000,2818000,1.020848845867461,1.0491437081161579,1.0277169948942377,12,360,24,2,1035000.0,679000.0,517500.0,0.6560386473429952,13.0,36.72817601135557,0.0,0.0,0,,,,,,0,0.0,,True,57,270,0.25,TRAIN
W-001727,0.5,2025-02-27T00:00:00,False,1,0,2686000,2742000,2818000,1.020848845867461,1.0491437081161579,1.0277169948942377,12,360,24,2,1035000.0,679000.0,517500.0,0.6560386473429952,103.0,36.72817601135557,0.0,0.0,1,14.8,36.7,27.5,21.900000000000002,12.7,0,0.0,,True,147,180,0.5,TRAIN
W-001727,0.75,2025-05-28T00:00:00,False,1,0,2686000,2742000,2818000,1.020848845867461,1.0491437081161579,1.0277169948942377,12,360,24,4,2041000.0,679000.0,510250.0,0.33268005879470847,20.0,72.42725337118524,0.0,0.0,2,24.6,60.6,55.3,36.0,30.699999999999996,0,0.0,2.94,True,237,90,0.75,TRAIN
W-001733,0.25,2024-03-30T00:00:00,False,1,1,2736000,2600000,2633000,0.9502923976608187,0.9623538011695907,1.0126923076923078,45,300,11,0,0.0,,,,,0.0,0.0,0.0,0,,,,,,0,0.0,,True,59,225,0.25,TRAIN
W-001733,0.5,2024-06-13T00:00:00,False,1,1,2736000,2600000,2633000,0.9502923976608187,0.9623538011695907,1.0126923076923078,45,300,11,2,2281000.0,1289000.0,1140500.0,0.5651030249890399,22.0,86.63121914166351,0.0,0.0,0,,,,,,0,0.0,,True,134,150,0.5,TRAIN
W-001733,0.75,2024-08-27T00:00:00,False,1,1,2736000,2600000,2633000,0.9502923976608187,0.9623538011695907,1.0126923076923078,45,300,11,2,2281000.0,1289000.0,1140500.0,0.5651030249890399,97.0,86.63121914166351,0.0,0.0,1,12.0,86.6,52.3,74.6,40.3,0,0.0,,True,209,75,0.75,TRAIN
W-001739,0.25,2024-03-09T18:00:00,False,1,1,1851000,1905000,1894000,1.0291734197730957,1.023230686115613,0.9942257217847769,39,195,13,0,0.0,,,,,0.0,0.0,0.0,0,,,,,,0,0.0,,True,49,146,0.24615384615384617,VALIDATION
W-001739,0.5,2024-04-27T12:00:00,False,1,1,1851000,1905000,1894000,1.0291734197730957,1.023230686115613,0.9942257217847769,39,195,13,1,407000.0,407000.0,407000.0,1.0,13.0,21.488912354804647,0.0,0.0,0,,,,,,0,0.0,,True,98,97,0.49743589743589745,VALIDATION
W-001739,0.75,2024-06-15T06:00:00,False,1,1,1851000,1905000,1894000,1.0291734197730957,1.023230686115613,0.9942257217847769,39,195,13,2,892000.0,485000.0,446000.0,0.5437219730941704,0.0,47.0960929250264,0.0,0.0,1,19.0,21.5,61.0,2.5,42.0,0,0.0,,True,147,48,0.7487179487179487,VALIDATION
W-001741,0.25,2024-06-24T18:00:00,False,1,1,1070000,1107000,1141000,1.0345794392523364,1.0663551401869158,1.0307136404697381,33,291,33,3,608000.0,223000.0,202666.66666666666,0.3667763157894737,2.0,53.28659070990359,0.0,0.0,0,,,,,,0,0.0,,True,75,218,0.24742268041237114,TEST
W-001741,0.5,2024-09-05T12:00:00,False,1,1,1070000,1107000,1141000,1.0345794392523364,1.0663551401869158,1.0307136404697381,33,291,33,5,965000.0,251000.0,193000.0,0.2601036269430052,61.0,84.5749342681858,0.0,0.0,1,21.7,84.6,42.6,62.89999999999999,20.900000000000002,0,0.0,,True,148,145,0.49828178694158076,TEST
W-001741,0.75,2024-11-17T06:00:00,False,1,1,1070000,1107000,1141000,1.0345794392523364,1.0663551401869158,1.0307136404697381,33,291,33,5,965000.0,251000.0,193000.0,0.2601036269430052,134.0,84.5749342681858,0.0,0.0,1,21.7,84.6,42.6,62.89999999999999,20.900000000000002,0,0.0,,True,221,72,0.7491408934707904,TEST
W-001753,0.25,2023-10-05T12:00:00,False,1,1,875000,829000,860000,0.9474285714285714,0.9828571428571429,1.037394451145959,18,218,39,0,0.0,,,,,0.0,0.0,0.0,0,,,,,,0,0.0,,True,51,163,0.24770642201834864,TRAIN
W-001753,0.5,2023-11-29T00:00:00,False,1,1,875000,829000,860000,0.9474285714285714,0.9828571428571429,1.037394451145959,18,218,39,0,0.0,,,,,0.0,0.0,0.0,0,,,,,,0,0.0,,True,106,109,0.5,TRAIN
W-001753,0.75,2024-01-22T12:00:00,False,1,1,875000,829000,860000,0.9474285714285714,0.9828571428571429,1.037394451145959,18,218,39,0,0.0,,,,,0.0,0.0,0.0,0,,,,,,0,0.0,,True,160,54,0.7477064220183486,TRAIN
W-001773,0.25,2024-06-19T06:00:00,False,1,1,887000,908000,907000,1.0236753100338218,1.0225479143179257,0.998898678414097,30,265,28,0,0.0,,,,,0.0,0.0,0.0,0,,,,,,0,0.0,,True,49,198,0.2490566037735849,TEST
W-001773,0.5,2024-08-24T12:00:00,False,1,1,887000,908000,907000,1.0236753100338218,1.0225479143179257,0.998898678414097,30,265,28,1,368000.0,368000.0,368000.0,1.0,3.0,40.57331863285557,0.0,0.0,0,,,,,,0,0.0,,True,115,132,0.4981132075471698,TEST
W-001773,0.75,2024-10-29T18:00:00,False,1,1,887000,908000,907000,1.0236753100338218,1.0225479143179257,0.998898678414097,30,265,28,2,591000.0,368000.0,295500.0,0.622673434856176,56.0,65.15986769570011,0.0,0.0,0,,,,,,0,0.0,,True,181,66,0.7471698113207547,TEST
W-001774,0.25,2025-06-28T00:00:00,False,1,1,2002000,2106000,2109000,1.051948051948052,1.0534465534465534,1.0014245014245013,15,364,25,1,422000.0,422000.0,422000.0,1.0,53.0,20.009483167377905,0.0,0.0,1,15.9,20.0,17.3,4.1,1.4000000000000004,0,0.0,,True,81,273,0.25,TEST
W-001774,0.5,2025-09-27T00:00:00,False,1,1,2002000,2106000,2109000,1.051948051948052,1.0534465534465534,1.0014245014245013,15,364,25,2,743000.0,422000.0,371500.0,0.5679676985195155,42.0,35.22996680891418,0.0,0.0,2,25.4,20.0,34.9,-5.399999999999999,9.5,0,0.0,4.453124999999999,True,172,182,0.5,TEST
W-001774,0.75,2025-12-27T00:00:00,False,1,1,2002000,2106000,2109000,1.051948051948052,1.0534465534465534,1.0014245014245013,15,364,25,3,1128000.0,422000.0,376000.0,0.374113475177305,65.0,53.485064011379805,0.0,0.0,4,54.8,53.5,70.1,-1.2999999999999972,15.299999999999997,0,0.0,6.078125,True,263,91,0.75,TEST
W-001775,0.25,2024-05-30T12:00:00,False,1,1,2445000,2553000,2598000,1.0441717791411043,1.0625766871165645,1.0176263219741482,42,242,32,0,0.0,,,,,0.0,0.0,0.0,0,,,,,,0,0.0,,True,43,181,0.24793388429752067,TRAIN
W-001775,0.5,2024-07-30T00:00:00,False,1,1,2445000,2553000,2598000,1.0441717791411043,1.0625766871165645,1.0176263219741482,42,242,32,1,749000.0,749000.0,749000.0,1.0,10.0,28.82986913010008,0.0,0.0,0,,,,,,0,0.0,,True,104,121,0.5,TRAIN
W-001775,0.75,2024-09-28T12:00:00,False,1,1,2445000,2553000,2598000,1.0441717791411043,1.0625766871165645,1.0176263219741482,42,242,32,2,1156000.0,749000.0,578000.0,0.6479238754325259,7.0,44.49576597382602,0.0,0.0,1,15.8,28.8,44.6,13.0,28.8,0,0.0,,True,164,60,0.7479338842975206,TRAIN
W-001813,0.25,2024-04-21T18:00:00,False,1,0,902000,880000,899000,0.975609756097561,0.9966740576496674,1.021590909090909,33,183,24,0,0.0,,,,,0.0,0.0,0.0,0,,,,,,0,0.0,,True,23,137,0.2459016393442623,TRAIN
W-001813,0.5,2024-06-06T12:00:00,False,1,0,902000,880000,899000,0.975609756097561,0.9966740576496674,1.021590909090909,33,183,24,1,98000.0,98000.0,98000.0,1.0,40.0,10.901001112347053,0.0,0.0,0,,,,,,0,0.0,,True,69,91,0.4972677595628415,TRAIN
W-001813,0.75,2024-07-22T06:00:00,False,1,0,902000,880000,899000,0.975609756097561,0.9966740576496674,1.021590909090909,33,183,24,1,98000.0,98000.0,98000.0,1.0,86.0,10.901001112347053,0.0,0.0,0,,,,,,0,0.0,,True,115,45,0.7486338797814208,TRAIN
W-001818,0.25,2024-09-26T00:00:00,False,1,1,1146000,1195000,1215000,1.0427574171029668,1.0602094240837696,1.0167364016736402,46,308,28,0,0.0,,,,,0.0,0.0,0.0,0,,,,,,0,0.0,,True,68,231,0.25,TEST
W-001818,0.5,2024-12-12T00:00:00,False,1,1,1146000,1195000,1215000,1.0427574171029668,1.0602094240837696,1.0167364016736402,46,308,28,1,177000.0,177000.0,177000.0,1.0,60.0,14.5679012345679,0.0,0.0,0,,,,,,0,0.0,,True,145,154,0.5,TEST
W-001818,0.75,2025-02-27T00:00:00,False,1,1,1146000,1195000,1215000,1.0427574171029668,1.0602094240837696,1.0167364016736402,46,308,28,2,418000.0,241000.0,209000.0,0.5765550239234449,17.0,34.40329218106996,0.0,0.0,1,18.8,14.6,62.7,-4.200000000000001,43.900000000000006,0,0.0,,True,222,77,0.75,TEST
W-001824,0.25,2024-06-29T18:00:00,False,1,1,3786000,3613000,3736000,0.9543053354463814,0.9867934495509773,1.0340437309714918,37,219,17,0,0.0,,,,,0.0,0.0,0.0,0,,,,,,0,0.0,,True,37,164,0.2465753424657534,TEST
W-001824,0.5,2024-08-23T12:00:00,False,1,1,3786000,3613000,3736000,0.9543053354463814,0.9867934495509773,1.0340437309714918,37,219,17,0,0.0,,,,,0.0,0.0,0.0,0,,,,,,0,0.0,,True,92,109,0.4977168949771689,TEST
W-001824,0.75,2024-10-17T06:00:00,False,1,1,3786000,3613000,3736000,0.9543053354463814,0.9867934495509773,1.0340437309714918,37,219,17,0,0.0,,,,,0.0,0.0,0.0,0,,,,,,0,0.0,,True,147,54,0.7488584474885844,TEST
W-001846,0.25,2024-01-18T12:00:00,False,1,0,3517000,3421000,3535000,0.9727040090986636,1.0051179982940006,1.033323589593686,17,346,33,1,948000.0,948000.0,948000.0,1.0,60.0,26.817538896746818,0.0,0.0,0,,,,,,0,0.0,,True,70,259,0.24855491329479767,TRAIN
W-001846,0.5,2024-04-14T00:00:00,False,1,0,3517000,3421000,3535000,0.9727040090986636,1.0051179982940006,1.033323589593686,17,346,33,1,948000.0,948000.0,948000.0,1.0,147.0,26.817538896746818,0.0,0.0,0,,,,,,0,0.0,,True,157,173,0.5,TRAIN
W-001846,0.75,2024-07-09T12:00:00,False,1,0,3517000,3421000,3535000,0.9727040090986636,1.0051179982940006,1.033323589593686,17,346,33,2,1941000.0,993000.0,970500.0,0.5115919629057187,35.0,54.908062234794905,0.0,0.0,1,21.9,26.8,49.4,4.900000000000002,27.5,0,0.0,,True,243,86,0.7485549132947977,TRAIN
W-001855,0.25,2025-03-31T00:00:00,False,1,1,1725000,1677000,1718000,0.9721739130434782,0.9959420289855072,1.024448419797257,33,312,32,0,0.0,,,,,0.0,0.0,0.0,0,,,,,,0,0.0,,True,57,234,0.25,TRAIN
W-001855,0.5,2025-06-17T00:00:00,False,1,1,1725000,1677000,1718000,0.9721739130434782,0.9959420289855072,1.024448419797257,33,312,32,1,229000.0,229000.0,229000.0,1.0,69.0,13.329452852153667,0.0,0.0,1,15.1,13.3,26.3,-1.799999999999999,11.200000000000001,0,0.0,,True,135,156,0.5,TRAIN
W-001855,0.75,2025-09-03T00:00:00,False,1,1,1725000,1677000,1718000,0.9721739130434782,0.9959420289855072,1.024448419797257,33,312,32,4,961000.0,392000.0,240250.0,0.40790842872008326,43.0,55.937136204889406,0.0,0.0,2,27.2,47.1,52.6,19.900000000000002,25.400000000000002,0,0.0,4.426829268292683,True,213,78,0.75,TRAIN
W-001864,0.25,2025-06-21T12:00:00,False,1,0,1892000,1934000,2009000,1.022198731501057,1.0618393234672305,1.0387797311271976,48,282,12,0,0.0,,,,,0.0,0.0,0.0,1,14.2,0.0,22.0,-14.2,7.800000000000001,0,0.0,,True,67,211,0.24822695035460993,TRAIN
W-001864,0.5,2025-08-31T00:00:00,False,1,0,1892000,1934000,2009000,1.022198731501057,1.0618393234672305,1.0387797311271976,48,282,12,0,0.0,,,,,0.0,0.0,0.0,2,26.1,0.0,44.3,-26.1,18.199999999999996,0,0.0,5.666666666666667,True,138,141,0.5,TRAIN
W-001864,0.75,2025-11-09T12:00:00,False,1,0,1892000,1934000,2009000,1.022198731501057,1.0618393234672305,1.0387797311271976,48,282,12,1,375000.0,375000.0,375000.0,1.0,59.0,18.66600298656048,0.0,0.0,3,39.7,18.7,66.7,-21.000000000000004,27.0,0,0.0,6.071428571428572,True,208,70,0.74822695035461,TRAIN
W-001883,0.25,2024-07-07T00:00:00,False,1,1,1100000,1103000,1112000,1.0027272727272727,1.010909090909091,1.0081595648232093,24,284,23,0,0.0,,,,,0.0,0.0,0.0,0,,,,,,0,0.0,,True,53,213,0.25,VALIDATION
W-001883,0.5,2024-09-16T00:00:00,False,1,1,1100000,1103000,1112000,1.0027272727272727,1.010909090909091,1.0081595648232093,24,284,23,3,1162000.0,564000.0,387333.3333333333,0.4853700516351119,43.0,104.49640287769783,50000.0,4.496402877697841,0,,,,,,0,0.0,,True,124,142,0.5,VALIDATION
W-001883,0.75,2024-11-26T00:00:00,False,1,1,1100000,1103000,1112000,1.0027272727272727,1.010909090909091,1.0081595648232093,24,284,23,3,1162000.0,564000.0,387333.3333333333,0.4853700516351119,114.0,104.49640287769783,50000.0,4.496402877697841,1,21.8,104.5,58.8,82.7,37.0,0,0.0,,True,195,71,0.75,VALIDATION
W-001896,0.25,2025-01-02T12:00:00,False,1,1,2622000,2557000,2484000,0.975209763539283,0.9473684210526315,0.9714509190457568,17,278,27,1,474000.0,474000.0,474000.0,1.0,9.0,19.082125603864732,0.0,0.0,0,,,,,,0,0.0,,True,51,208,0.24820143884892087,TRAIN
W-001896,0.5,2025-03-13T00:00:00,False,1,1,2622000,2557000,2484000,0.975209763539283,0.9473684210526315,0.9714509190457568,17,278,27,3,1206000.0,474000.0,402000.0,0.39303482587064675,0.0,48.55072463768116,0.0,0.0,1,10.2,35.0,33.5,24.8,23.3,0,0.0,,True,121,139,0.5,TRAIN
W-001896,0.75,2025-05-21T12:00:00,False,1,1,2622000,2557000,2484000,0.975209763539283,0.9473684210526315,0.9714509190457568,17,278,27,4,1645000.0,474000.0,411250.0,0.28814589665653495,7.0,66.22383252818037,0.0,0.0,2,22.6,66.2,67.3,43.6,44.699999999999996,0,0.0,3.957446808510639,True,190,69,0.7482014388489209,TRAIN
W-001898,0.25,2023-10-21T00:00:00,False,1,0,1296000,1278000,1301000,0.9861111111111112,1.003858024691358,1.017996870109546,40,200,39,0,0.0,,,,,0.0,0.0,0.0,0,,,,,,0,0.0,,True,52,150,0.25,TRAIN
W-001898,0.5,2023-12-10T00:00:00,False,1,0,1296000,1278000,1301000,0.9861111111111112,1.003858024691358,1.017996870109546,40,200,39,1,204000.0,204000.0,204000.0,1.0,43.0,15.680245964642584,0.0,0.0,0,,,,,,0,0.0,,True,102,100,0.5,TRAIN
W-001898,0.75,2024-01-29T00:00:00,False,1,0,1296000,1278000,1301000,0.9861111111111112,1.003858024691358,1.017996870109546,40,200,39,2,349000.0,204000.0,174500.0,0.5845272206303725,45.0,26.82551883166795,0.0,0.0,0,,,,,,0,0.0,,True,152,50,0.75,TRAIN
W-001908,0.25,2024-09-04T06:00:00,False,1,0,1317000,1390000,1361000,1.05542900531511,1.0334092634776006,0.979136690647482,21,361,24,0,0.0,,,,,0.0,0.0,0.0,0,,,,,,0,0.0,,True,65,270,0.24930747922437674,VALIDATION
W-001908,0.5,2024-12-03T12:00:00,False,1,0,1317000,1390000,1361000,1.05542900531511,1.0334092634776006,0.979136690647482,21,361,24,0,0.0,,,,,0.0,0.0,0.0,0,,,,,,0,0.0,,True,155,180,0.4986149584487535,VALIDATION
W-001908,0.75,2025-03-03T18:00:00,False,1,0,1317000,1390000,1361000,1.05542900531511,1.0334092634776006,0.979136690647482,21,361,24,2,720000.0,402000.0,360000.0,0.5583333333333333,28.0,52.90227773695811,0.0,0.0,0,,,,,,0,0.0,,True,245,90,0.7479224376731302,VALIDATION
W-001914,0.25,2025-06-29T06:00:00,False,1,0,2461000,2572000,2652000,1.045103616416091,1.0776107273466071,1.0311041990668741,26,317,44,0,0.0,,,,,0.0,0.0,0.0,1,15.5,0.0,19.6,-15.5,4.100000000000001,0,0.0,,True,75,237,0.24921135646687698,TRAIN
W-001914,0.5,2025-09-16T12:00:00,False,1,0,2461000,2572000,2652000,1.045103616416091,1.0776107273466071,1.0311041990668741,26,317,44,0,0.0,,,,,0.0,0.0,0.0,2,22.4,0.0,39.4,-22.4,17.0,0,0.0,3.2857142857142847,True,154,158,0.49842271293375395,TRAIN
W-001914,0.75,2025-12-04T18:00:00,False,1,0,2461000,2572000,2652000,1.045103616416091,1.0776107273466071,1.0311041990668741,26,317,44,1,801000.0,801000.0,801000.0,1.0,60.0,30.20361990950226,0.0,0.0,3,35.9,30.2,59.3,-5.699999999999999,23.4,0,0.0,4.857142857142857,True,233,79,0.7476340694006309,TRAIN
W-001945,0.25,2024-04-07T00:00:00,False,1,0,1702000,1765000,1734000,1.037015276145711,1.0188014101057579,0.9824362606232294,50,212,40,0,0.0,,,,,0.0,0.0,0.0,0,,,,,,0,0.0,,True,57,159,0.25,TRAIN
W-001945,0.5,2024-05-30T00:00:00,False,1,0,1702000,1765000,1734000,1.037015276145711,1.0188014101057579,0.9824362606232294,50,212,40,0,0.0,,,,,0.0,0.0,0.0,0,,,,,,0,0.0,,True,110,106,0.5,TRAIN
W-001945,0.75,2024-07-22T00:00:00,False,1,0,1702000,1765000,1734000,1.037015276145711,1.0188014101057579,0.9824362606232294,50,212,40,2,1168000.0,635000.0,584000.0,0.5436643835616438,25.0,67.35870818915801,0.0,0.0,0,,,,,,0,0.0,,True,163,53,0.75,TRAIN
W-001948,0.25,2023-08-05T18:00:00,False,1,0,2041000,2117000,2117000,1.037236648701617,1.037236648701617,1.0,22,191,30,0,0.0,,,,,0.0,0.0,0.0,0,,,,,,0,0.0,,True,42,143,0.24607329842931938,TRAIN
W-001948,0.5,2023-09-22T12:00:00,False,1,0,2041000,2117000,2117000,1.037236648701617,1.037236648701617,1.0,22,191,30,1,421000.0,421000.0,421000.0,1.0,15.0,19.886632026452528,0.0,0.0,0,,,,,,0,0.0,,True,90,95,0.4973821989528796,TRAIN
W-001948,0.75,2023-11-09T06:00:00,False,1,0,2041000,2117000,2117000,1.037236648701617,1.037236648701617,1.0,22,191,30,1,421000.0,421000.0,421000.0,1.0,63.0,19.886632026452528,0.0,0.0,0,,,,,,0,0.0,,True,138,47,0.7486910994764397,TRAIN
W-001963,0.25,2026-02-03T18:00:00,False,1,1,2335000,2518000,2466000,1.078372591006424,1.05610278372591,0.9793486894360603,42,271,23,1,757000.0,757000.0,757000.0,1.0,15.0,30.697485806974857,0.0,0.0,1,19.0,30.7,15.1,11.7,-3.9000000000000004,0,0.0,,True,42,203,0.24723247232472326,TRAIN
W-001963,0.5,2026-04-12T12:00:00,False,1,1,2335000,2518000,2466000,1.078372591006424,1.05610278372591,0.9793486894360603,42,271,23,2,1143000.0,757000.0,571500.0,0.6622922134733158,10.0,46.35036496350365,0.0,0.0,2,38.1,30.7,30.6,-7.400000000000002,-7.5,0,0.0,13.642857142857144,True,110,135,0.4981549815498155,TRAIN
W-001963,0.75,2026-06-19T06:00:00,False,1,1,2335000,2518000,2466000,1.078372591006424,1.05610278372591,0.9793486894360603,42,271,23,3,2007000.0,864000.0,669000.0,0.4304932735426009,33.0,81.38686131386861,0.0,0.0,4,76.4,81.4,61.6,5.0,-14.800000000000004,0,0.0,13.666666666666668,True,178,67,0.7490774907749077,TRAIN
W-001964,0.25,2024-04-25T06:00:00,False,1,0,1908000,2059000,2559000,1.079140461215933,1.3411949685534592,1.242836328314716,12,333,19,0,0.0,,,,,0.0,0.0,0.0,0,,,,,,0,0.0,,True,63,249,0.24924924924924924,TEST
W-001964,0.5,2024-07-17T12:00:00,False,1,0,1908000,2059000,2559000,1.079140461215933,1.3411949685534592,1.242836328314716,12,333,19,0,0.0,,,,,0.0,0.0,0.0,0,,,,,,0,0.0,,True,146,166,0.4984984984984985,TEST
W-001964,0.75,2024-10-08T18:00:00,False,1,0,1908000,2059000,2559000,1.079140461215933,1.3411949685534592,1.242836328314716,12,333,19,0,0.0,,,,,0.0,0.0,0.0,1,21.9,0.0,45.9,-21.9,24.0,0,0.0,,True,229,83,0.7477477477477478,TEST
W-001970,0.25,2024-11-28T12:00:00,False,1,0,422000,422000,419000,1.0,0.9928909952606635,0.9928909952606635,19,298,27,0,0.0,,,,,0.0,0.0,0.0,0,,,,,,0,0.0,,True,57,223,0.2483221476510067,VALIDATION
W-001970,0.5,2025-02-11T00:00:00,False,1,0,422000,422000,419000,1.0,0.9928909952606635,0.9928909952606635,19,298,27,0,0.0,,,,,0.0,0.0,0.0,0,,,,,,0,0.0,,True,132,149,0.5,VALIDATION
W-001970,0.75,2025-04-26T12:00:00,False,1,0,422000,422000,419000,1.0,0.9928909952606635,0.9928909952606635,19,298,27,1,279000.0,279000.0,279000.0,1.0,14.0,66.5871121718377,0.0,0.0,1,23.6,0.0,46.6,-23.6,23.0,0,0.0,,True,206,74,0.7483221476510067,VALIDATION
W-001971,0.25,2023-09-03T00:00:00,False,1,1,798000,817000,799000,1.0238095238095237,1.0012531328320802,0.97796817625459,19,328,18,1,83000.0,83000.0,83000.0,1.0,44.0,10.387984981226534,0.0,0.0,0,,,,,,0,0.0,,True,61,246,0.25,TRAIN
W-001971,0.5,2023-11-24T00:00:00,False,1,1,798000,817000,799000,1.0238095238095237,1.0012531328320802,0.97796817625459,19,328,18,3,316000.0,123000.0,105333.33333333333,0.38924050632911394,10.0,39.54943679599499,0.0,0.0,0,,,,,,0,0.0,,True,143,164,0.5,TRAIN
W-001971,0.75,2024-02-14T00:00:00,False,1,1,798000,817000,799000,1.0238095238095237,1.0012531328320802,0.97796817625459,19,328,18,3,316000.0,123000.0,105333.33333333333,0.38924050632911394,92.0,39.54943679599499,0.0,0.0,0,,,,,,0,0.0,,True,225,82,0.75,TRAIN
W-001979,0.25,2025-10-08T00:00:00,False,1,1,2356000,2307000,2378000,0.9792020373514432,1.0093378607809846,1.0307758994364977,10,264,15,0,0.0,,,,,0.0,0.0,0.0,0,,,,,,0,0.0,,True,41,198,0.25,TRAIN
W-001979,0.5,2025-12-13T00:00:00,False,1,1,2356000,2307000,2378000,0.9792020373514432,1.0093378607809846,1.0307758994364977,10,264,15,0,0.0,,,,,0.0,0.0,0.0,1,12.1,0.0,27.7,-12.1,15.6,0,0.0,,True,107,132,0.5,TRAIN
W-001979,0.75,2026-02-17T00:00:00,False,1,1,2356000,2307000,2378000,0.9792020373514432,1.0093378607809846,1.0307758994364977,10,264,15,1,806000.0,806000.0,806000.0,1.0,41.0,33.89402859545837,0.0,0.0,2,41.6,33.9,55.7,-7.700000000000003,14.100000000000001,0,0.0,11.95945945945946,True,173,66,0.75,TRAIN
W-001984,0.25,2025-01-17T00:00:00,False,1,1,2754000,2802000,2863000,1.0174291938997821,1.0395787944807553,1.0217701641684511,10,208,15,0,0.0,,,,,0.0,0.0,0.0,0,,,,,,0,0.0,,True,31,156,0.25,TEST
W-001984,0.5,2025-03-10T00:00:00,False,1,1,2754000,2802000,2863000,1.0174291938997821,1.0395787944807553,1.0217701641684511,10,208,15,1,935000.0,935000.0,935000.0,1.0,36.0,32.658050995459305,0.0,0.0,0,,,,,,0,0.0,,True,83,104,0.5,TEST
W-001984,0.75,2025-05-01T00:00:00,False,1,1,2754000,2802000,2863000,1.0174291938997821,1.0395787944807553,1.0217701641684511,10,208,15,1,935000.0,935000.0,935000.0,1.0,88.0,32.658050995459305,0.0,0.0,1,10.1,32.7,42.3,22.6,32.199999999999996,0,0.0,,True,135,52,0.75,TEST
W-001987,0.25,2024-12-21T00:00:00,False,1,1,1652000,1672000,1696000,1.0121065375302662,1.026634382566586,1.014354066985646,49,340,43,0,0.0,,,,,0.0,0.0,0.0,0,,,,,,0,0.0,,True,79,255,0.25,VALIDATION
W-001987,0.5,2025-03-16T00:00:00,False,1,1,1652000,1672000,1696000,1.0121065375302662,1.026634382566586,1.014354066985646,49,340,43,0,0.0,,,,,0.0,0.0,0.0,1,16.4,0.0,29.1,-16.4,12.700000000000003,0,0.0,,True,164,170,0.5,VALIDATION
W-001987,0.75,2025-06-09T00:00:00,False,1,1,1652000,1672000,1696000,1.0121065375302662,1.026634382566586,1.014354066985646,49,340,43,0,0.0,,,,,0.0,0.0,0.0,2,35.5,0.0,58.5,-35.5,23.0,0,0.0,5.73,True,249,85,0.75,VALIDATION
W-001988,0.25,2024-06-13T06:00:00,False,1,1,1513000,1502000,1537000,0.992729676140119,1.015862524785195,1.0233022636484688,15,285,39,0,0.0,,,,,0.0,0.0,0.0,0,,,,,,0,0.0,,True,44,213,0.24912280701754386,TRAIN
W-001988,0.5,2024-08-23T12:00:00,False,1,1,1513000,1502000,1537000,0.992729676140119,1.015862524785195,1.0233022636484688,15,285,39,0,0.0,,,,,0.0,0.0,0.0,0,,,,,,0,0.0,,True,115,142,0.4982456140350877,TRAIN
W-001988,0.75,2024-11-02T18:00:00,False,1,1,1513000,1502000,1537000,0.992729676140119,1.015862524785195,1.0233022636484688,15,285,39,0,0.0,,,,,0.0,0.0,0.0,0,,,,,,0,0.0,,True,186,71,0.7473684210526316,TRAIN
W-001990,0.25,2023-12-28T12:00:00,False,1,1,3587000,3600000,3537000,1.0036241984945637,0.9860607750209088,0.9825,31,218,15,1,905000.0,905000.0,905000.0,1.0,2.0,25.586655357647725,0.0,0.0,0,,,,,,0,0.0,,True,34,163,0.24770642201834864,TRAIN
W-001990,0.5,2024-02-21T00:00:00,False,1,1,3587000,3600000,3537000,1.0036241984945637,0.9860607750209088,0.9825,31,218,15,2,1540000.0,905000.0,770000.0,0.5876623376623377,6.0,43.539722929035904,0.0,0.0,0,,,,,,0,0.0,,True,89,109,0.5,TRAIN
W-001990,0.75,2024-04-15T12:00:00,False,1,1,3587000,3600000,3537000,1.0036241984945637,0.9860607750209088,0.9825,31,218,15,2,1540000.0,905000.0,770000.0,0.5876623376623377,60.0,43.539722929035904,0.0,0.0,1,12.3,43.5,57.8,31.2,45.5,0,0.0,,True,143,54,0.7477064220183486,TRAIN
W-001996,0.25,2024-09-06T18:00:00,False,1,0,1353000,1309000,1298000,0.967479674796748,0.959349593495935,0.9915966386554622,26,191,41,0,0.0,,,,,0.0,0.0,0.0,0,,,,,,0,0.0,,True,30,143,0.24607329842931938,TEST
W-001996,0.5,2024-10-24T12:00:00,False,1,0,1353000,1309000,1298000,0.967479674796748,0.959349593495935,0.9915966386554622,26,191,41,1,1230000.0,1230000.0,1230000.0,1.0,26.0,94.76117103235747,0.0,0.0,0,,,,,,0,0.0,,True,78,95,0.4973821989528796,TEST
W-001996,0.75,2024-12-11T06:00:00,False,1,0,1353000,1309000,1298000,0.967479674796748,0.959349593495935,0.9915966386554622,26,191,41,1,1230000.0,1230000.0,1230000.0,1.0,74.0,94.76117103235747,0.0,0.0,1,13.6,94.8,56.0,81.2,42.4,0,0.0,,True,126,47,0.7486910994764397,TEST
W-002005,0.25,2025-03-31T18:00:00,False,1,1,847000,826000,851000,0.9752066115702479,1.0047225501770956,1.0302663438256658,34,299,44,0,0.0,,,,,0.0,0.0,0.0,0,,,,,,0,0.0,,True,70,224,0.24749163879598662,TRAIN
W-002005,0.5,2025-06-14T12:00:00,False,1,1,847000,826000,851000,0.9752066115702479,1.0047225501770956,1.0302663438256658,34,299,44,2,407000.0,259000.0,203500.0,0.6363636363636364,24.0,47.82608695652174,0.0,0.0,1,21.7,17.4,39.1,-4.300000000000001,17.400000000000002,0,0.0,,True,145,149,0.4983277591973244,TRAIN
W-002005,0.75,2025-08-28T06:00:00,False,1,1,847000,826000,851000,0.9752066115702479,1.0047225501770956,1.0302663438256658,34,299,44,3,550000.0,259000.0,183333.33333333334,0.4709090909090909,29.0,64.6298472385429,0.0,0.0,1,21.7,17.4,39.1,-4.300000000000001,17.400000000000002,0,0.0,,True,220,74,0.7491638795986622,TRAIN
W-002007,0.25,2023-12-15T00:00:00,False,1,0,2065000,2085000,2101000,1.0096852300242132,1.0174334140435835,1.007673860911271,45,364,42,1,518000.0,518000.0,518000.0,1.0,28.0,24.654926225606854,0.0,0.0,0,,,,,,0,0.0,,True,85,273,0.25,TRAIN
W-002007,0.5,2024-03-15T00:00:00,False,1,0,2065000,2085000,2101000,1.0096852300242132,1.0174334140435835,1.007673860911271,45,364,42,1,518000.0,518000.0,518000.0,1.0,119.0,24.654926225606854,0.0,0.0,1,18.4,24.7,42.0,6.300000000000001,23.6,0,0.0,,True,176,182,0.5,TRAIN
W-002007,0.75,2024-06-14T00:00:00,False,1,0,2065000,2085000,2101000,1.0096852300242132,1.0174334140435835,1.007673860911271,45,364,42,1,518000.0,518000.0,518000.0,1.0,210.0,24.654926225606854,0.0,0.0,1,18.4,24.7,42.0,6.300000000000001,23.6,0,0.0,,True,267,91,0.75,TRAIN
W-002027,0.25,2024-06-17T18:00:00,False,1,1,1430000,1456000,1425000,1.018181818181818,0.9965034965034965,0.9787087912087912,50,239,31,2,445000.0,280000.0,222500.0,0.6292134831460674,3.0,31.2280701754386,0.0,0.0,0,,,,,,0,0.0,,True,58,179,0.24686192468619247,TRAIN
W-002027,0.5,2024-08-16T12:00:00,False,1,1,1430000,1456000,1425000,1.018181818181818,0.9965034965034965,0.9787087912087912,50,239,31,2,445000.0,280000.0,222500.0,0.6292134831460674,63.0,31.2280701754386,0.0,0.0,0,,,,,,0,0.0,,True,118,119,0.497907949790795,TRAIN
W-002027,0.75,2024-10-15T06:00:00,False,1,1,1430000,1456000,1425000,1.018181818181818,0.9965034965034965,0.9787087912087912,50,239,31,3,635000.0,280000.0,211666.66666666666,0.4409448818897638,32.0,44.56140350877193,0.0,0.0,1,11.2,31.2,51.5,20.0,40.3,0,0.0,,True,178,59,0.7489539748953975,TRAIN
W-002028,0.25,2023-12-15T06:00:00,False,1,0,1514000,1546000,1593000,1.0211360634081903,1.0521796565389696,1.0304010349288486,29,277,36,1,251000.0,251000.0,251000.0,1.0,28.0,15.756434400502197,0.0,0.0,0,,,,,,0,0.0,,True,65,207,0.2490974729241877,TRAIN
W-002028,0.5,2024-02-22T12:00:00,False,1,0,1514000,1546000,1593000,1.0211360634081903,1.0521796565389696,1.0304010349288486,29,277,36,1,251000.0,251000.0,251000.0,1.0,97.0,15.756434400502197,0.0,0.0,0,,,,,,0,0.0,,True,134,138,0.4981949458483754,TRAIN
W-002028,0.75,2024-05-01T18:00:00,False,1,0,1514000,1546000,1593000,1.0211360634081903,1.0521796565389696,1.0304010349288486,29,277,36,1,251000.0,251000.0,251000.0,1.0,166.0,15.756434400502197,0.0,0.0,0,,,,,,0,0.0,,True,203,69,0.7472924187725631,TRAIN
W-002051,0.25,2024-02-19T12:00:00,False,1,0,2334000,2198000,2196000,0.9417309340188518,0.9408740359897172,0.9990900818926297,30,222,25,0,0.0,,,,,0.0,0.0,0.0,0,,,,,,0,0.0,,True,50,166,0.24774774774774774,TRAIN
W-002051,0.5,2024-04-15T00:00:00,False,1,0,2334000,2198000,2196000,0.9417309340188518,0.9408740359897172,0.9990900818926297,30,222,25,1,558000.0,558000.0,558000.0,1.0,20.0,25.40983606557377,0.0,0.0,0,,,,,,0,0.0,,True,106,111,0.5,TRAIN
W-002051,0.75,2024-06-09T12:00:00,False,1,0,2334000,2198000,2196000,0.9417309340188518,0.9408740359897172,0.9990900818926297,30,222,25,1,558000.0,558000.0,558000.0,1.0,75.0,25.40983606557377,0.0,0.0,0,,,,,,0,0.0,,True,161,55,0.7477477477477478,TRAIN
W-002082,0.25,2025-08-10T18:00:00,False,1,1,2336000,2332000,2267000,0.9982876712328768,0.9704623287671232,0.9721269296740995,8,359,33,0,0.0,,,,,0.0,0.0,0.0,0,,,,,,0,0.0,,True,75,269,0.2479108635097493,TRAIN
W-002082,0.5,2025-11-08T12:00:00,False,1,1,2336000,2332000,2267000,0.9982876712328768,0.9704623287671232,0.9721269296740995,8,359,33,0,0.0,,,,,0.0,0.0,0.0,1,20.2,0.0,25.6,-20.2,5.400000000000002,0,0.0,,True,165,179,0.4986072423398329,TRAIN
W-002082,0.75,2026-02-06T06:00:00,False,1,1,2336000,2332000,2267000,0.9982876712328768,0.9704623287671232,0.9721269296740995,8,359,33,0,0.0,,,,,0.0,0.0,0.0,2,40.4,0.0,51.3,-40.4,10.899999999999999,0,0.0,6.58695652173913,True,255,89,0.7493036211699164,TRAIN
W-002090,0.25,2024-10-24T18:00:00,False,1,1,2592000,2538000,2582000,0.9791666666666666,0.996141975308642,1.0173364854215918,29,291,26,0,0.0,,,,,0.0,0.0,0.0,0,,,,,,0,0.0,,True,77,218,0.24742268041237114,TRAIN
W-002090,0.5,2025-01-05T12:00:00,False,1,1,2592000,2538000,2582000,0.9791666666666666,0.996141975308642,1.0173364854215918,29,291,26,0,0.0,,,,,0.0,0.0,0.0,1,18.2,0.0,32.3,-18.2,14.099999999999998,0,0.0,,True,150,145,0.49828178694158076,TRAIN
W-002090,0.75,2025-03-19T06:00:00,False,1,1,2592000,2538000,2582000,0.9791666666666666,0.996141975308642,1.0173364854215918,29,291,26,2,1385000.0,814000.0,692500.0,0.5877256317689531,13.0,53.640588690937264,0.0,0.0,2,22.7,31.5,64.6,8.8,41.89999999999999,0,0.0,1.4361702127659575,True,223,72,0.7491408934707904,TRAIN
W-002094,0.25,2025-05-26T18:00:00,False,1,1,3202000,3197000,3300000,0.9984384759525297,1.0306058713304185,1.0322177040975915,38,299,41,0,0.0,,,,,0.0,0.0,0.0,0,,,,,,0,0.0,,True,65,224,0.24749163879598662,TEST
W-002094,0.5,2025-08-09T12:00:00,False,1,1,3202000,3197000,3300000,0.9984384759525297,1.0306058713304185,1.0322177040975915,38,299,41,0,0.0,,,,,0.0,0.0,0.0,1,13.8,0.0,29.1,-13.8,15.3,0,0.0,,True,140,149,0.4983277591973244,TEST
W-002094,0.75,2025-10-23T06:00:00,False,1,1,3202000,3197000,3300000,0.9984384759525297,1.0306058713304185,1.0322177040975915,38,299,41,1,2140000.0,2140000.0,2140000.0,1.0,73.0,64.84848484848484,0.0,0.0,2,37.8,64.8,58.5,27.0,20.700000000000003,0,0.0,8.181818181818182,True,215,74,0.7491638795986622,TEST
W-002106,0.25,2023-11-17T06:00:00,False,1,1,3645000,3478000,3538000,0.9541838134430727,0.970644718792867,1.0172512938470386,36,257,16,0,0.0,,,,,0.0,0.0,0.0,0,,,,,,0,0.0,,True,62,192,0.2490272373540856,VALIDATION
W-002106,0.5,2024-01-20T12:00:00,False,1,1,3645000,3478000,3538000,0.9541838134430727,0.970644718792867,1.0172512938470386,36,257,16,0,0.0,,,,,0.0,0.0,0.0,0,,,,,,0,0.0,,True,126,128,0.4980544747081712,VALIDATION
W-002106,0.75,2024-03-24T18:00:00,False,1,1,3645000,3478000,3538000,0.9541838134430727,0.970644718792867,1.0172512938470386,36,257,16,1,1818000.0,1818000.0,1818000.0,1.0,21.0,51.38496325607688,0.0,0.0,0,,,,,,0,0.0,,True,190,64,0.7470817120622568,VALIDATION
W-002119,0.25,2025-07-26T12:00:00,False,1,1,2137000,2042000,2015000,0.9555451567618156,0.9429106223678053,0.9867776689520078,19,198,15,0,0.0,,,,,0.0,0.0,0.0,0,,,,,,0,0.0,,True,17,148,0.2474747474747475,TRAIN
W-002119,0.5,2025-09-14T00:00:00,False,1,1,2137000,2042000,2015000,0.9555451567618156,0.9429106223678053,0.9867776689520078,19,198,15,0,0.0,,,,,0.0,0.0,0.0,0,,,,,,0,0.0,,True,67,99,0.5,TRAIN
W-002119,0.75,2025-11-02T12:00:00,False,1,1,2137000,2042000,2015000,0.9555451567618156,0.9429106223678053,0.9867776689520078,19,198,15,0,0.0,,,,,0.0,0.0,0.0,1,18.3,0.0,34.8,-18.3,16.499999999999996,0,0.0,,True,116,49,0.7474747474747475,TRAIN
W-002135,0.25,2025-08-28T00:00:00,False,1,1,1808000,1854000,1923000,1.0254424778761062,1.0636061946902655,1.0372168284789645,41,260,43,1,473000.0,473000.0,473000.0,1.0,13.0,24.596983879355175,0.0,0.0,0,,,,,,0,0.0,,True,40,195,0.25,TRAIN
W-002135,0.5,2025-11-01T00:00:00,False,1,1,1808000,1854000,1923000,1.0254424778761062,1.0636061946902655,1.0372168284789645,41,260,43,1,473000.0,473000.0,473000.0,1.0,78.0,24.596983879355175,0.0,0.0,1,22.8,24.6,31.2,1.8000000000000007,8.399999999999999,0,0.0,,True,105,130,0.5,TRAIN
W-002135,0.75,2026-01-05T00:00:00,False,1,1,1808000,1854000,1923000,1.0254424778761062,1.0636061946902655,1.0372168284789645,41,260,43,2,769000.0,473000.0,384500.0,0.6150845253576073,51.0,39.98959958398336,0.0,0.0,2,36.8,40.0,62.7,3.200000000000003,25.900000000000006,0,0.0,5.1219512195121935,True,170,65,0.75,TRAIN
W-002147,0.25,2024-06-01T12:00:00,False,1,1,1105000,1170000,1211000,1.0588235294117647,1.0959276018099549,1.0350427350427351,47,210,42,0,0.0,,,,,0.0,0.0,0.0,0,,,,,,0,0.0,,True,45,157,0.24761904761904763,TRAIN
W-002147,0.5,2024-07-24T00:00:00,False,1,1,1105000,1170000,1211000,1.0588235294117647,1.0959276018099549,1.0350427350427351,47,210,42,1,387000.0,387000.0,387000.0,1.0,24.0,31.957060280759702,0.0,0.0,0,,,,,,0,0.0,,True,98,105,0.5,TRAIN
W-002147,0.75,2024-09-14T12:00:00,False,1,1,1105000,1170000,1211000,1.0588235294117647,1.0959276018099549,1.0350427350427351,47,210,42,1,387000.0,387000.0,387000.0,1.0,76.0,31.957060280759702,0.0,0.0,0,,,,,,0,0.0,,True,150,52,0.7476190476190476,TRAIN
W-002153,0.25,2024-05-19T06:00:00,False,1,1,1827000,1799000,1754000,0.9846743295019157,0.9600437876299945,0.9749861033907726,29,197,15,0,0.0,,,,,0.0,0.0,0.0,0,,,,,,0,0.0,,True,14,147,0.24873096446700507,TRAIN
W-002153,0.5,2024-07-07T12:00:00,False,1,1,1827000,1799000,1754000,0.9846743295019157,0.9600437876299945,0.9749861033907726,29,197,15,0,0.0,,,,,0.0,0.0,0.0,0,,,,,,0,0.0,,True,63,98,0.49746192893401014,TRAIN
W-002153,0.75,2024-08-25T18:00:00,False,1,1,1827000,1799000,1754000,0.9846743295019157,0.9600437876299945,0.9749861033907726,29,197,15,0,0.0,,,,,0.0,0.0,0.0,0,,,,,,0,0.0,,True,112,49,0.7461928934010152,TRAIN
W-002156,0.25,2025-04-06T00:00:00,False,1,1,1571000,1506000,1468000,0.9586250795671547,0.9344366645448758,0.9747675962815405,50,200,38,0,0.0,,,,,0.0,0.0,0.0,0,,,,,,0,0.0,,True,45,150,0.25,TRAIN
W-002156,0.5,2025-05-26T00:00:00,False,1,1,1571000,1506000,1468000,0.9586250795671547,0.9344366645448758,0.9747675962815405,50,200,38,1,458000.0,458000.0,458000.0,1.0,22.0,31.19891008174387,0.0,0.0,1,14.3,0.0,34.5,-14.3,20.2,0,0.0,,True,95,100,0.5,TRAIN
W-002156,0.75,2025-07-15T00:00:00,False,1,1,1571000,1506000,1468000,0.9586250795671547,0.9344366645448758,0.9747675962815405,50,200,38,3,1256000.0,488000.0,418666.6666666667,0.3885350318471338,23.0,85.55858310626702,0.0,0.0,2,31.1,85.6,69.5,54.49999999999999,38.4,0,0.0,7.2,True,145,50,0.75,TRAIN
W-002184,0.25,2024-04-22T18:00:00,False,1,0,2241000,2144000,2152000,0.9567157518964748,0.9602855867916109,1.0037313432835822,30,235,8,0,0.0,,,,,0.0,0.0,0.0,0,,,,,,0,0.0,,True,62,176,0.24680851063829787,TEST
W-002184,0.5,2024-06-20T12:00:00,False,1,0,2241000,2144000,2152000,0.9567157518964748,0.9602855867916109,1.0037313432835822,30,235,8,0,0.0,,,,,0.0,0.0,0.0,0,,,,,,0,0.0,,True,121,117,0.4978723404255319,TEST
W-002184,0.75,2024-08-18T06:00:00,False,1,0,2241000,2144000,2152000,0.9567157518964748,0.9602855867916109,1.0037313432835822,30,235,8,1,1053000.0,1053000.0,1053000.0,1.0,8.0,48.93122676579926,0.0,0.0,0,,,,,,0,0.0,,True,180,58,0.7489361702127659,TEST
W-002189,0.25,2025-02-12T06:00:00,False,1,0,1598000,1570000,1542000,0.9824780976220275,0.9649561952440551,0.9821656050955414,27,245,32,1,1364000.0,1364000.0,1364000.0,1.0,0.0,88.45654993514916,0.0,0.0,0,,,,,,0,0.0,,True,44,183,0.24897959183673468,TRAIN
W-002189,0.5,2025-04-14T12:00:00,False,1,0,1598000,1570000,1542000,0.9824780976220275,0.9649561952440551,0.9821656050955414,27,245,32,1,1364000.0,1364000.0,1364000.0,1.0,61.0,88.45654993514916,0.0,0.0,1,12.8,88.5,41.2,75.7,28.400000000000002,0,0.0,,True,105,122,0.49795918367346936,TRAIN
W-002189,0.75,2025-06-14T18:00:00,False,1,0,1598000,1570000,1542000,0.9824780976220275,0.9649561952440551,0.9821656050955414,27,245,32,1,1364000.0,1364000.0,1364000.0,1.0,122.0,88.45654993514916,0.0,0.0,1,12.8,88.5,41.2,75.7,28.400000000000002,0,0.0,,True,166,61,0.746938775510204,TRAIN
W-002209,0.25,2024-08-13T06:00:00,False,1,1,982000,1045000,1071000,1.0641547861507128,1.0906313645621182,1.0248803827751196,19,269,43,0,0.0,,,,,0.0,0.0,0.0,0,,,,,,0,0.0,,True,49,201,0.24907063197026022,TRAIN
W-002209,0.5,2024-10-19T12:00:00,False,1,1,982000,1045000,1071000,1.0641547861507128,1.0906313645621182,1.0248803827751196,19,269,43,0,0.0,,,,,0.0,0.0,0.0,1,17.3,0.0,36.8,-17.3,19.499999999999996,0,0.0,,True,116,134,0.49814126394052044,TRAIN
W-002209,0.75,2024-12-25T18:00:00,False,1,1,982000,1045000,1071000,1.0641547861507128,1.0906313645621182,1.0248803827751196,19,269,43,3,703000.0,271000.0,234333.33333333334,0.38549075391180654,43.0,65.63958916900093,0.0,0.0,1,17.3,0.0,36.8,-17.3,19.499999999999996,0,0.0,,True,183,67,0.7472118959107806,TRAIN
W-002234,0.25,2024-11-01T12:00:00,False,1,0,2114000,2132000,2151000,1.0085146641438032,1.0175023651844843,1.0089118198874296,42,334,36,1,1266000.0,1266000.0,1266000.0,1.0,18.0,58.85634588563459,0.0,0.0,0,,,,,,0,0.0,,True,51,250,0.24850299401197604,TRAIN
W-002234,0.5,2025-01-24T00:00:00,False,1,0,2114000,2132000,2151000,1.0085146641438032,1.0175023651844843,1.0089118198874296,42,334,36,1,1266000.0,1266000.0,1266000.0,1.0,102.0,58.85634588563459,0.0,0.0,1,21.4,58.9,26.6,37.5,5.200000000000003,0,0.0,,True,135,167,0.5,TRAIN
W-002234,0.75,2025-04-17T12:00:00,False,1,0,2114000,2132000,2151000,1.0085146641438032,1.0175023651844843,1.0089118198874296,42,334,36,1,1266000.0,1266000.0,1266000.0,1.0,185.0,58.85634588563459,0.0,0.0,2,29.9,58.9,53.6,29.0,23.700000000000003,0,0.0,2.833333333333333,True,218,83,0.7485029940119761,TRAIN
W-002244,0.25,2024-08-06T00:00:00,False,1,1,1166000,1192000,1184000,1.0222984562607205,1.0154373927958833,0.9932885906040269,43,244,11,0,0.0,,,,,0.0,0.0,0.0,0,,,,,,0,0.0,,True,32,183,0.25,TRAIN
W-002244,0.5,2024-10-06T00:00:00,False,1,1,1166000,1192000,1184000,1.0222984562607205,1.0154373927958833,0.9932885906040269,43,244,11,1,282000.0,282000.0,282000.0,1.0,24.0,23.81756756756757,0.0,0.0,0,,,,,,0,0.0,,True,93,122,0.5,TRAIN
W-002244,0.75,2024-12-06T00:00:00,False,1,1,1166000,1192000,1184000,1.0222984562607205,1.0154373927958833,0.9932885906040269,43,244,11,2,522000.0,282000.0,261000.0,0.5402298850574713,51.0,44.08783783783784,0.0,0.0,1,17.6,44.1,53.7,26.5,36.1,0,0.0,,True,154,61,0.75,TRAIN
W-002248,0.25,2024-01-16T18:00:00,False,1,1,2805000,2956000,2886000,1.053832442067736,1.0288770053475935,0.976319350473613,8,235,22,0,0.0,,,,,0.0,0.0,0.0,0,,,,,,0,0.0,,True,53,176,0.24680851063829787,TRAIN
W-002248,0.5,2024-03-15T12:00:00,False,1,1,2805000,2956000,2886000,1.053832442067736,1.0288770053475935,0.976319350473613,8,235,22,1,1232000.0,1232000.0,1232000.0,1.0,18.0,42.68884268884269,0.0,0.0,0,,,,,,0,0.0,,True,112,117,0.4978723404255319,TRAIN
W-002248,0.75,2024-05-13T06:00:00,False,1,1,2805000,2956000,2886000,1.053832442067736,1.0288770053475935,0.976319350473613,8,235,22,2,2186000.0,1232000.0,1093000.0,0.5635864592863677,23.0,75.74497574497573,0.0,0.0,1,16.8,75.7,71.5,58.900000000000006,54.7,0,0.0,,True,171,58,0.7489361702127659,TRAIN
W-002253,0.25,2025-07-11T18:00:00,False,1,1,1273000,1284000,1300000,1.0086410054988217,1.021209740769835,1.0124610591900312,47,215,39,0,0.0,,,,,0.0,0.0,0.0,0,,,,,,0,0.0,,True,30,161,0.24651162790697675,TEST
W-002253,0.5,2025-09-03T12:00:00,False,1,1,1273000,1284000,1300000,1.0086410054988217,1.021209740769835,1.0124610591900312,47,215,39,0,0.0,,,,,0.0,0.0,0.0,1,22.4,0.0,34.4,-22.4,12.0,0,0.0,,True,84,107,0.49767441860465117,TEST
W-002253,0.75,2025-10-27T06:00:00,False,1,1,1273000,1284000,1300000,1.0086410054988217,1.021209740769835,1.0124610591900312,47,215,39,2,508000.0,275000.0,254000.0,0.5413385826771654,38.0,39.07692307692307,0.0,0.0,1,22.4,0.0,34.4,-22.4,12.0,0,0.0,,True,138,53,0.7488372093023256,TEST
W-002279,0.25,2024-01-07T18:00:00,False,1,1,2670000,2695000,2778000,1.0093632958801497,1.0404494382022471,1.0307977736549165,19,215,27,0,0.0,,,,,0.0,0.0,0.0,0,,,,,,0,0.0,,True,32,161,0.24651162790697675,TRAIN
W-002279,0.5,2024-03-01T12:00:00,False,1,1,2670000,2695000,2778000,1.0093632958801497,1.0404494382022471,1.0307977736549165,19,215,27,1,383000.0,383000.0,383000.0,1.0,15.0,13.78689704823614,0.0,0.0,0,,,,,,0,0.0,,True,86,107,0.49767441860465117,TRAIN
W-002279,0.75,2024-04-24T06:00:00,False,1,1,2670000,2695000,2778000,1.0093632958801497,1.0404494382022471,1.0307977736549165,19,215,27,1,383000.0,383000.0,383000.0,1.0,69.0,13.78689704823614,0.0,0.0,0,,,,,,0,0.0,,True,140,53,0.7488372093023256,TRAIN
W-002288,0.25,2024-07-18T00:00:00,False,1,0,604000,615000,598000,1.0182119205298013,0.9900662251655629,0.9723577235772358,17,272,40,0,0.0,,,,,0.0,0.0,0.0,0,,,,,,0,0.0,,True,51,204,0.25,TEST
W-002288,0.5,2024-09-24T00:00:00,False,1,0,604000,615000,598000,1.0182119205298013,0.9900662251655629,0.9723577235772358,17,272,40,1,124000.0,124000.0,124000.0,1.0,62.0,20.735785953177256,0.0,0.0,0,,,,,,0,0.0,,True,119,136,0.5,TEST
W-002288,0.75,2024-12-01T00:00:00,False,1,0,604000,615000,598000,1.0182119205298013,0.9900662251655629,0.9723577235772358,17,272,40,1,124000.0,124000.0,124000.0,1.0,130.0,20.735785953177256,0.0,0.0,0,,,,,,0,0.0,,True,187,68,0.75,TEST
W-002295,0.25,2025-07-28T00:00:00,False,1,1,2498000,2513000,2466000,1.0060048038430744,0.9871897518014412,0.9812972542777557,27,240,33,0,0.0,,,,,0.0,0.0,0.0,1,13.0,0.0,23.8,-13.0,10.8,0,0.0,,True,58,180,0.25,TEST
W-002295,0.5,2025-09-26T00:00:00,False,1,1,2498000,2513000,2466000,1.0060048038430744,0.9871897518014412,0.9812972542777557,27,240,33,0,0.0,,,,,0.0,0.0,0.0,2,23.7,0.0,47.5,-23.7,23.8,0,0.0,5.631578947368421,True,118,120,0.5,TEST
W-002295,0.75,2025-11-25T00:00:00,False,1,1,2498000,2513000,2466000,1.0060048038430744,0.9871897518014412,0.9812972542777557,27,240,33,1,1353000.0,1353000.0,1353000.0,1.0,25.0,54.8661800486618,0.0,0.0,3,34.5,54.9,71.2,20.4,36.7,0,0.0,5.657894736842105,True,178,60,0.75,TEST
W-002297,0.25,2024-08-19T18:00:00,False,1,1,720000,745000,739000,1.0347222222222223,1.0263888888888888,0.9919463087248322,33,303,24,1,750000.0,750000.0,750000.0,1.0,23.0,101.48849797023006,11000.0,1.4884979702300407,0,,,,,,0,0.0,,True,48,227,0.24752475247524752,TRAIN
W-002297,0.5,2024-11-03T12:00:00,False,1,1,720000,745000,739000,1.0347222222222223,1.0263888888888888,0.9919463087248322,33,303,24,1,750000.0,750000.0,750000.0,1.0,99.0,101.48849797023006,11000.0,1.4884979702300407,0,,,,,,0,0.0,,True,124,151,0.49834983498349833,TRAIN
W-002297,0.75,2025-01-18T06:00:00,False,1,1,720000,745000,739000,1.0347222222222223,1.0263888888888888,0.9919463087248322,33,303,24,1,750000.0,750000.0,750000.0,1.0,175.0,101.48849797023006,11000.0,1.4884979702300407,1,19.5,101.5,43.2,82.0,23.700000000000003,0,0.0,,True,200,75,0.7491749174917491,TRAIN
W-002307,0.25,2025-02-07T12:00:00,False,1,0,1089000,1156000,1167000,1.061524334251607,1.0716253443526171,1.009515570934256,8,294,18,0,0.0,,,,,0.0,0.0,0.0,0,,,,,,0,0.0,,True,56,220,0.24829931972789115,TRAIN
W-002307,0.5,2025-04-22T00:00:00,False,1,0,1089000,1156000,1167000,1.061524334251607,1.0716253443526171,1.009515570934256,8,294,18,0,0.0,,,,,0.0,0.0,0.0,0,,,,,,0,0.0,,True,130,147,0.5,TRAIN
W-002307,0.75,2025-07-04T12:00:00,False,1,0,1089000,1156000,1167000,1.061524334251607,1.0716253443526171,1.009515570934256,8,294,18,0,0.0,,,,,0.0,0.0,0.0,1,23.8,0.0,53.1,-23.8,29.3,0,0.0,,True,203,73,0.7482993197278912,TRAIN
W-002316,0.25,2025-04-03T06:00:00,False,1,1,3744000,3553000,3466000,0.9489850427350427,0.9257478632478633,0.975513650436251,28,201,11,0,0.0,,,,,0.0,0.0,0.0,0,,,,,,0,0.0,,True,31,150,0.24875621890547264,TRAIN
W-002316,0.5,2025-05-23T12:00:00,False,1,1,3744000,3553000,3466000,0.9489850427350427,0.9257478632478633,0.975513650436251,28,201,11,0,0.0,,,,,0.0,0.0,0.0,0,,,,,,0,0.0,,True,81,100,0.4975124378109453,TRAIN
W-002316,0.75,2025-07-12T18:00:00,False,1,1,3744000,3553000,3466000,0.9489850427350427,0.9257478632478633,0.975513650436251,28,201,11,0,0.0,,,,,0.0,0.0,0.0,1,14.4,0.0,45.3,-14.4,30.9,0,0.0,,True,131,50,0.746268656716418,TRAIN
W-002319,0.25,2024-01-03T06:00:00,False,1,0,1031000,1094000,1067000,1.061105722599418,1.0349175557710961,0.9753199268738574,32,185,45,1,503000.0,503000.0,503000.0,1.0,9.0,47.1415182755389,0.0,0.0,0,,,,,,0,0.0,,True,41,138,0.24864864864864866,TRAIN
W-002319,0.5,2024-02-18T12:00:00,False,1,0,1031000,1094000,1067000,1.061105722599418,1.0349175557710961,0.9753199268738574,32,185,45,2,996000.0,503000.0,498000.0,0.5050200803212851,37.0,93.34582942830365,0.0,0.0,0,,,,,,0,0.0,,True,87,92,0.4972972972972973,TRAIN
W-002319,0.75,2024-04-04T18:00:00,False,1,0,1031000,1094000,1067000,1.061105722599418,1.0349175557710961,0.9753199268738574,32,185,45,2,996000.0,503000.0,498000.0,0.5050200803212851,83.0,93.34582942830365,0.0,0.0,0,,,,,,0,0.0,,True,133,46,0.745945945945946,TRAIN
W-002332,0.25,2025-04-13T00:00:00,False,1,1,1311000,1363000,1330000,1.0396643783371473,1.0144927536231885,0.9757887013939839,42,324,45,0,0.0,,,,,0.0,0.0,0.0,0,,,,,,0,0.0,,True,61,243,0.25,VALIDATION
W-002332,0.5,2025-07-03T00:00:00,False,1,1,1311000,1363000,1330000,1.0396643783371473,1.0144927536231885,0.9757887013939839,42,324,45,0,0.0,,,,,0.0,0.0,0.0,0,,,,,,0,0.0,,True,142,162,0.5,VALIDATION
W-002332,0.75,2025-09-22T00:00:00,False,1,1,1311000,1363000,1330000,1.0396643783371473,1.0144927536231885,0.9757887013939839,42,324,45,0,0.0,,,,,0.0,0.0,0.0,1,28.7,0.0,58.0,-28.7,29.3,0,0.0,,True,223,81,0.75,VALIDATION
W-002342,0.25,2023-12-29T12:00:00,False,1,0,1139000,1210000,1198000,1.0623353819139596,1.051799824407375,0.9900826446280991,8,218,37,0,0.0,,,,,0.0,0.0,0.0,0,,,,,,0,0.0,,True,31,163,0.24770642201834864,TRAIN
W-002342,0.5,2024-02-22T00:00:00,False,1,0,1139000,1210000,1198000,1.0623353819139596,1.051799824407375,0.9900826446280991,8,218,37,1,179000.0,179000.0,179000.0,1.0,41.0,14.941569282136896,0.0,0.0,0,,,,,,0,0.0,,True,86,109,0.5,TRAIN
W-002342,0.75,2024-04-16T12:00:00,False,1,0,1139000,1210000,1198000,1.0623353819139596,1.051799824407375,0.9900826446280991,8,218,37,1,179000.0,179000.0,179000.0,1.0,95.0,14.941569282136896,0.0,0.0,0,,,,,,0,0.0,,True,140,54,0.7477064220183486,TRAIN
W-002343,0.25,2024-04-25T00:00:00,False,1,1,1068000,1086000,1068000,1.0168539325842696,1.0,0.9834254143646409,24,216,16,0,0.0,,,,,0.0,0.0,0.0,0,,,,,,0,0.0,,True,36,162,0.25,TRAIN
W-002343,0.5,2024-06-18T00:00:00,False,1,1,1068000,1086000,1068000,1.0168539325842696,1.0,0.9834254143646409,24,216,16,2,348000.0,184000.0,174000.0,0.5287356321839081,4.0,32.58426966292135,0.0,0.0,0,,,,,,0,0.0,,True,90,108,0.5,TRAIN
W-002343,0.75,2024-08-11T00:00:00,False,1,1,1068000,1086000,1068000,1.0168539325842696,1.0,0.9834254143646409,24,216,16,5,906000.0,223000.0,181200.0,0.24613686534216336,13.0,84.8314606741573,0.0,0.0,0,,,,,,0,0.0,,True,144,54,0.75,TRAIN
W-002347,0.25,2024-10-30T12:00:00,False,1,0,1615000,1655000,1687000,1.0247678018575852,1.0445820433436532,1.0193353474320241,12,270,21,0,0.0,,,,,0.0,0.0,0.0,0,,,,,,0,0.0,,True,65,202,0.24814814814814815,TEST
W-002347,0.5,2025-01-06T00:00:00,False,1,0,1615000,1655000,1687000,1.0247678018575852,1.0445820433436532,1.0193353474320241,12,270,21,2,1577000.0,814000.0,788500.0,0.5161699429296132,16.0,93.479549496147,0.0,0.0,0,,,,,,0,0.0,,True,133,135,0.5,TEST
W-002347,0.75,2025-03-14T12:00:00,False,1,0,1615000,1655000,1687000,1.0247678018575852,1.0445820433436532,1.0193353474320241,12,270,21,2,1577000.0,814000.0,788500.0,0.5161699429296132,83.0,93.479549496147,0.0,0.0,1,22.6,93.5,67.8,70.9,45.199999999999996,0,0.0,,True,200,67,0.7481481481481481,TEST
W-002350,0.25,2024-01-13T00:00:00,False,1,1,3598000,3739000,3766000,1.039188438021123,1.046692607003891,1.0072211821342605,37,364,44,0,0.0,,,,,0.0,0.0,0.0,0,,,,,,0,0.0,,True,69,273,0.25,TRAIN
W-002350,0.5,2024-04-13T00:00:00,False,1,1,3598000,3739000,3766000,1.039188438021123,1.046692607003891,1.0072211821342605,37,364,44,1,2148000.0,2148000.0,2148000.0,1.0,56.0,57.03664365374402,0.0,0.0,1,12.8,57.0,35.2,44.2,22.400000000000002,0,0.0,,True,160,182,0.5,TRAIN
W-002350,0.75,2024-07-13T00:00:00,False,1,1,3598000,3739000,3766000,1.039188438021123,1.046692607003891,1.0072211821342605,37,364,44,1,2148000.0,2148000.0,2148000.0,1.0,147.0,57.03664365374402,0.0,0.0,1,12.8,57.0,35.2,44.2,22.400000000000002,0,0.0,,True,251,91,0.75,TRAIN
W-002352,0.25,2026-01-09T12:00:00,False,1,1,4181000,4293000,4249000,1.0267878497966993,1.0162640516622818,0.9897507570463545,33,278,11,0,0.0,,,,,0.0,0.0,0.0,1,12.4,0.0,13.7,-12.4,1.299999999999999,0,0.0,,True,38,208,0.24820143884892087,TEST
W-002352,0.5,2026-03-20T00:00:00,False,1,1,4181000,4293000,4249000,1.0267878497966993,1.0162640516622818,0.9897507570463545,33,278,11,2,1522000.0,988000.0,761000.0,0.6491458607095927,20.0,35.820192986585084,0.0,0.0,2,34.7,23.3,27.7,-11.400000000000002,-7.0000000000000036,0,0.0,17.153846153846157,True,108,139,0.5,TEST
W-002352,0.75,2026-05-28T12:00:00,False,1,1,4181000,4293000,4249000,1.0267878497966993,1.0162640516622818,0.9897507570463545,33,278,11,2,1522000.0,988000.0,761000.0,0.6491458607095927,89.0,35.820192986585084,0.0,0.0,4,55.5,35.8,55.8,-19.700000000000003,0.29999999999999716,0,0.0,11.051282051282051,True,177,69,0.7482014388489209,TEST
W-002355,0.25,2024-04-07T12:00:00,False,1,1,1274000,1218000,1185000,0.9560439560439561,0.9301412872841445,0.9729064039408867,14,206,14,0,0.0,,,,,0.0,0.0,0.0,0,,,,,,0,0.0,,True,33,154,0.24757281553398058,TRAIN
W-002355,0.5,2024-05-29T00:00:00,False,1,1,1274000,1218000,1185000,0.9560439560439561,0.9301412872841445,0.9729064039408867,14,206,14,3,596000.0,246000.0,198666.66666666666,0.412751677852349,4.0,50.29535864978904,0.0,0.0,0,,,,,,0,0.0,,True,85,103,0.5,TRAIN
W-002355,0.75,2024-07-19T12:00:00,False,1,1,1274000,1218000,1185000,0.9560439560439561,0.9301412872841445,0.9729064039408867,14,206,14,5,939000.0,246000.0,187800.0,0.26198083067092653,20.0,79.24050632911393,0.0,0.0,0,,,,,,0,0.0,,True,136,51,0.7475728155339806,TRAIN
W-002360,0.25,2023-11-02T06:00:00,False,1,0,2171000,2186000,2138000,1.0069092584062644,0.9847996315062183,0.9780420860018298,29,197,12,0,0.0,,,,,0.0,0.0,0.0,0,,,,,,0,0.0,,True,41,147,0.24873096446700507,TRAIN
W-002360,0.5,2023-12-21T12:00:00,False,1,0,2171000,2186000,2138000,1.0069092584062644,0.9847996315062183,0.9780420860018298,29,197,12,2,879000.0,512000.0,439500.0,0.5824800910125142,37.0,41.11318989710009,0.0,0.0,0,,,,,,0,0.0,,True,90,98,0.49746192893401014,TRAIN
W-002360,0.75,2024-02-08T18:00:00,False,1,0,2171000,2186000,2138000,1.0069092584062644,0.9847996315062183,0.9780420860018298,29,197,12,2,879000.0,512000.0,439500.0,0.5824800910125142,86.0,41.11318989710009,0.0,0.0,0,,,,,,0,0.0,,True,139,49,0.7461928934010152,TRAIN
W-002388,0.25,2025-07-08T00:00:00,False,1,1,2885000,2979000,2971000,1.032582322357019,1.0298093587521664,0.9973145350788856,23,256,44,0,0.0,,,,,0.0,0.0,0.0,0,,,,,,0,0.0,,True,33,192,0.25,TRAIN
W-002388,0.5,2025-09-10T00:00:00,False,1,1,2885000,2979000,2971000,1.032582322357019,1.0298093587521664,0.9973145350788856,23,256,44,1,3133000.0,3133000.0,3133000.0,1.0,63.0,105.45270952541233,162000.0,5.4527095254123195,1,12.8,105.5,29.3,92.7,16.5,0,0.0,,True,97,128,0.5,TRAIN
W-002388,0.75,2025-11-13T00:00:00,False,1,1,2885000,2979000,2971000,1.032582322357019,1.0298093587521664,0.9973145350788856,23,256,44,1,3133000.0,3133000.0,3133000.0,1.0,127.0,105.45270952541233,162000.0,5.4527095254123195,2,39.8,105.5,58.6,65.7,18.800000000000004,0,0.0,10.799999999999997,True,161,64,0.75,TRAIN
W-002396,0.25,2024-04-11T12:00:00,False,1,1,2948000,2895000,2812000,0.98202170963365,0.9538670284938942,0.9713298791018998,42,314,23,0,0.0,,,,,0.0,0.0,0.0,0,,,,,,0,0.0,,True,47,235,0.2484076433121019,TEST
W-002396,0.5,2024-06-29T00:00:00,False,1,1,2948000,2895000,2812000,0.98202170963365,0.9538670284938942,0.9713298791018998,42,314,23,0,0.0,,,,,0.0,0.0,0.0,0,,,,,,0,0.0,,True,126,157,0.5,TEST
W-002396,0.75,2024-09-15T12:00:00,False,1,1,2948000,2895000,2812000,0.98202170963365,0.9538670284938942,0.9713298791018998,42,314,23,0,0.0,,,,,0.0,0.0,0.0,0,,,,,,0,0.0,,True,204,78,0.7484076433121019,TEST
W-002397,0.25,2023-11-01T12:00:00,False,1,1,1897000,1785000,1807000,0.940959409594096,0.9525566684238271,1.0123249299719888,15,242,22,1,1196000.0,1196000.0,1196000.0,1.0,8.0,66.18705035971223,0.0,0.0,0,,,,,,0,0.0,,True,41,181,0.24793388429752067,VALIDATION
W-002397,0.5,2024-01-01T00:00:00,False,1,1,1897000,1785000,1807000,0.940959409594096,0.9525566684238271,1.0123249299719888,15,242,22,1,1196000.0,1196000.0,1196000.0,1.0,69.0,66.18705035971223,0.0,0.0,0,,,,,,0,0.0,,True,102,121,0.5,VALIDATION
W-002397,0.75,2024-03-01T12:00:00,False,1,1,1897000,1785000,1807000,0.940959409594096,0.9525566684238271,1.0123249299719888,15,242,22,1,1196000.0,1196000.0,1196000.0,1.0,129.0,66.18705035971223,0.0,0.0,1,10.4,66.2,63.2,55.800000000000004,52.800000000000004,0,0.0,,True,162,60,0.7479338842975206,VALIDATION
W-002416,0.25,2025-04-20T00:00:00,False,1,1,2511000,2416000,2365000,0.9621664675428117,0.9418558343289526,0.9788907284768212,44,356,22,0,0.0,,,,,0.0,0.0,0.0,0,,,,,,0,0.0,,True,84,267,0.25,TRAIN
W-002416,0.5,2025-07-18T00:00:00,False,1,1,2511000,2416000,2365000,0.9621664675428117,0.9418558343289526,0.9788907284768212,44,356,22,0,0.0,,,,,0.0,0.0,0.0,1,19.8,0.0,32.6,-19.8,12.8,0,0.0,,True,173,178,0.5,TRAIN
W-002416,0.75,2025-10-15T00:00:00,False,1,1,2511000,2416000,2365000,0.9621664675428117,0.9418558343289526,0.9788907284768212,44,356,22,1,355000.0,355000.0,355000.0,1.0,7.0,15.010570824524313,0.0,0.0,2,36.1,0.0,65.2,-36.1,29.1,0,0.0,4.2155172413793105,True,262,89,0.75,TRAIN
W-002421,0.25,2023-10-18T00:00:00,False,1,1,2722000,2833000,2851000,1.0407788390889052,1.047391623806025,1.0063536886692552,24,244,45,0,0.0,,,,,0.0,0.0,0.0,0,,,,,,0,0.0,,True,48,183,0.25,TRAIN
W-002421,0.5,2023-12-18T00:00:00,False,1,1,2722000,2833000,2851000,1.0407788390889052,1.047391623806025,1.0063536886692552,24,244,45,2,1635000.0,897000.0,817500.0,0.5486238532110091,7.0,57.348298842511404,0.0,0.0,0,,,,,,0,0.0,,True,109,122,0.5,TRAIN
W-002421,0.75,2024-02-17T00:00:00,False,1,1,2722000,2833000,2851000,1.0407788390889052,1.047391623806025,1.0063536886692552,24,244,45,3,2122000.0,897000.0,707333.3333333334,0.4227144203581527,35.0,74.4300245527885,0.0,0.0,0,,,,,,0,0.0,,True,170,61,0.75,TRAIN
W-002427,0.25,2025-08-12T18:00:00,False,1,1,3180000,2990000,2938000,0.940251572327044,0.9238993710691824,0.9826086956521739,47,307,43,1,2020000.0,2020000.0,2020000.0,1.0,20.0,68.75425459496256,0.0,0.0,1,9.7,68.8,18.2,59.099999999999994,8.5,0,0.0,,True,70,230,0.247557003257329,TEST
W-002427,0.5,2025-10-28T12:00:00,False,1,1,3180000,2990000,2938000,0.940251572327044,0.9238993710691824,0.9826086956521739,47,307,43,1,2020000.0,2020000.0,2020000.0,1.0,97.0,68.75425459496256,0.0,0.0,2,26.6,68.8,36.8,42.199999999999996,10.199999999999996,0,0.0,8.894736842105264,True,147,153,0.498371335504886,TEST
W-002427,0.75,2026-01-13T06:00:00,False,1,1,3180000,2990000,2938000,0.940251572327044,0.9238993710691824,0.9826086956521739,47,307,43,1,2020000.0,2020000.0,2020000.0,1.0,174.0,68.75425459496256,0.0,0.0,3,35.4,68.8,55.4,33.4,20.0,0,0.0,6.7631578947368425,True,224,76,0.749185667752443,TEST
W-002430,0.25,2023-11-09T12:00:00,False,1,1,2640000,2586000,2538000,0.9795454545454545,0.9613636363636363,0.9814385150812065,7,338,37,0,0.0,,,,,0.0,0.0,0.0,0,,,,,,0,0.0,,True,58,253,0.2485207100591716,TRAIN
W-002430,0.5,2024-02-02T00:00:00,False,1,1,2640000,2586000,2538000,0.9795454545454545,0.9613636363636363,0.9814385150812065,7,338,37,0,0.0,,,,,0.0,0.0,0.0,0,,,,,,0,0.0,,True,143,169,0.5,TRAIN
W-002430,0.75,2024-04-26T12:00:00,False,1,1,2640000,2586000,2538000,0.9795454545454545,0.9613636363636363,0.9814385150812065,7,338,37,1,1147000.0,1147000.0,1147000.0,1.0,57.0,45.19306540583136,0.0,0.0,0,,,,,,0,0.0,,True,227,84,0.7485207100591716,TRAIN
W-002435,0.25,2025-07-20T00:00:00,False,1,1,763000,763000,777000,1.0,1.018348623853211,1.018348623853211,11,276,21,1,179000.0,179000.0,179000.0,1.0,2.0,23.037323037323038,0.0,0.0,0,,,,,,0,0.0,,True,66,207,0.25,TRAIN
W-002435,0.5,2025-09-27T00:00:00,False,1,1,763000,763000,777000,1.0,1.018348623853211,1.018348623853211,11,276,21,5,668000.0,179000.0,133600.0,0.2679640718562874,59.0,85.97168597168597,0.0,0.0,2,27.0,86.0,48.9,59.0,21.9,0,0.0,7.411764705882353,True,135,138,0.5,TRAIN
W-002435,0.75,2025-12-05T00:00:00,False,1,1,763000,763000,777000,1.0,1.018348623853211,1.018348623853211,11,276,21,5,668000.0,179000.0,133600.0,0.2679640718562874,128.0,85.97168597168597,0.0,0.0,3,37.5,86.0,73.2,48.5,35.7,0,0.0,6.066666666666666,True,204,69,0.75,TRAIN
W-002438,0.25,2024-03-27T12:00:00,False,1,1,2763000,2881000,2919000,1.0427072023163229,1.0564603691639523,1.0131898646303368,10,342,29,0,0.0,,,,,0.0,0.0,0.0,0,,,,,,0,0.0,,True,85,256,0.24853801169590642,VALIDATION
W-002438,0.5,2024-06-21T00:00:00,False,1,1,2763000,2881000,2919000,1.0427072023163229,1.0564603691639523,1.0131898646303368,10,342,29,0,0.0,,,,,0.0,0.0,0.0,0,,,,,,0,0.0,,True,171,171,0.5,VALIDATION
W-002438,0.75,2024-09-14T12:00:00,False,1,1,2763000,2881000,2919000,1.0427072023163229,1.0564603691639523,1.0131898646303368,10,342,29,0,0.0,,,,,0.0,0.0,0.0,1,20.9,0.0,71.1,-20.9,50.199999999999996,0,0.0,,True,256,85,0.7485380116959064,VALIDATION
W-002440,0.25,2025-05-05T00:00:00,False,1,1,1711000,1683000,1693000,0.983635300993571,0.98947983635301,1.005941770647653,23,228,23,1,581000.0,581000.0,581000.0,1.0,5.0,34.31777909037212,0.0,0.0,0,,,,,,0,0.0,,True,41,171,0.25,VALIDATION
W-002440,0.5,2025-07-01T00:00:00,False,1,1,1711000,1683000,1693000,0.983635300993571,0.98947983635301,1.005941770647653,23,228,23,2,833000.0,581000.0,416500.0,0.6974789915966386,43.0,49.20259893679858,0.0,0.0,1,19.7,49.2,38.2,29.500000000000004,18.500000000000004,0,0.0,,True,98,114,0.5,VALIDATION
W-002440,0.75,2025-08-27T00:00:00,False,1,1,1711000,1683000,1693000,0.983635300993571,0.98947983635301,1.005941770647653,23,228,23,3,1161000.0,581000.0,387000.0,0.5004306632213609,40.0,68.57649143532191,0.0,0.0,1,19.7,49.2,38.2,29.500000000000004,18.500000000000004,0,0.0,,True,155,57,0.75,VALIDATION
W-002470,0.25,2025-08-31T18:00:00,False,1,1,2447000,2419000,2452000,0.9885574172456069,1.0020433183489987,1.013642000826788,40,359,34,0,0.0,,,,,0.0,0.0,0.0,0,,,,,,0,0.0,,True,79,269,0.2479108635097493,TRAIN
W-002470,0.5,2025-11-29T12:00:00,False,1,1,2447000,2419000,2452000,0.9885574172456069,1.0020433183489987,1.013642000826788,40,359,34,0,0.0,,,,,0.0,0.0,0.0,1,21.4,0.0,30.9,-21.4,9.5,0,0.0,,True,169,179,0.4986072423398329,TRAIN
W-002470,0.75,2026-02-27T06:00:00,False,1,1,2447000,2419000,2452000,0.9885574172456069,1.0020433183489987,1.013642000826788,40,359,34,0,0.0,,,,,0.0,0.0,0.0,2,48.7,0.0,61.8,-48.7,13.099999999999994,0,0.0,7.37837837837838,True,259,89,0.7493036211699164,TRAIN
W-002483,0.25,2023-08-13T12:00:00,False,1,1,2934000,3063000,2984000,1.043967280163599,1.0170415814587594,0.9742082925236696,33,246,19,0,0.0,,,,,0.0,0.0,0.0,0,,,,,,0,0.0,,True,38,184,0.24796747967479674,TRAIN
W-002483,0.5,2023-10-14T00:00:00,False,1,1,2934000,3063000,2984000,1.043967280163599,1.0170415814587594,0.9742082925236696,33,246,19,0,0.0,,,,,0.0,0.0,0.0,0,,,,,,0,0.0,,True,100,123,0.5,TRAIN
W-002483,0.75,2023-12-14T12:00:00,False,1,1,2934000,3063000,2984000,1.043967280163599,1.0170415814587594,0.9742082925236696,33,246,19,0,0.0,,,,,0.0,0.0,0.0,0,,,,,,0,0.0,,True,161,61,0.7479674796747967,TRAIN
W-002489,0.25,2025-10-01T18:00:00,False,1,1,1117000,1140000,1158000,1.0205908683974934,1.036705461056401,1.0157894736842106,25,363,34,1,192000.0,192000.0,192000.0,1.0,46.0,16.580310880829018,0.0,0.0,0,,,,,,0,0.0,,True,69,272,0.24793388429752067,TRAIN
W-002489,0.5,2025-12-31T12:00:00,False,1,1,1117000,1140000,1158000,1.0205908683974934,1.036705461056401,1.0157894736842106,25,363,34,2,523000.0,331000.0,261500.0,0.6328871892925431,10.0,45.16407599309154,0.0,0.0,1,23.9,16.6,27.5,-7.299999999999997,3.6000000000000014,0,0.0,,True,160,181,0.4986225895316804,TRAIN
W-002489,0.75,2026-04-01T06:00:00,False,1,1,1117000,1140000,1158000,1.0205908683974934,1.036705461056401,1.0157894736842106,25,363,34,4,886000.0,331000.0,221500.0,0.37358916478555304,48.0,76.51122625215889,0.0,0.0,2,50.4,61.5,55.4,11.100000000000001,5.0,0,0.0,7.871287128712872,True,251,90,0.7493112947658402,TRAIN
W-002498,0.25,2025-09-10T18:00:00,False,1,1,1088000,1084000,1079000,0.9963235294117647,0.9917279411764706,0.9953874538745388,38,235,40,0,0.0,,,,,0.0,0.0,0.0,0,,,,,,0,0.0,,True,27,176,0.24680851063829787,TRAIN
W-002498,0.5,2025-11-08T12:00:00,False,1,1,1088000,1084000,1079000,0.9963235294117647,0.9917279411764706,0.9953874538745388,38,235,40,0,0.0,,,,,0.0,0.0,0.0,0,,,,,,0,0.0,,True,86,117,0.4978723404255319,TRAIN
W-002498,0.75,2026-01-06T06:00:00,False,1,1,1088000,1084000,1079000,0.9963235294117647,0.9917279411764706,0.9953874538745388,38,235,40,1,575000.0,575000.0,575000.0,1.0,42.0,53.29008341056534,0.0,0.0,1,26.7,0.0,40.4,-26.7,13.7,0,0.0,,True,145,58,0.7489361702127659,TRAIN
W-002505,0.25,2024-07-16T12:00:00,False,1,0,1551000,1560000,1571000,1.0058027079303675,1.0128949065119277,1.007051282051282,18,302,27,7,1506000.0,264000.0,215142.85714285713,0.1752988047808765,33.0,95.86250795671548,0.0,0.0,0,,,,,,0,0.0,,True,71,226,0.24834437086092714,VALIDATION
W-002505,0.5,2024-09-30T00:00:00,False,1,0,1551000,1560000,1571000,1.0058027079303675,1.0128949065119277,1.007051282051282,18,302,27,7,1506000.0,264000.0,215142.85714285713,0.1752988047808765,109.0,95.86250795671548,0.0,0.0,1,19.8,95.9,46.7,76.10000000000001,26.900000000000002,0,0.0,,True,147,151,0.5,VALIDATION
W-002505,0.75,2024-12-14T12:00:00,False,1,0,1551000,1560000,1571000,1.0058027079303675,1.0128949065119277,1.007051282051282,18,302,27,7,1506000.0,264000.0,215142.85714285713,0.1752988047808765,184.0,95.86250795671548,0.0,0.0,1,19.8,95.9,46.7,76.10000000000001,26.900000000000002,0,0.0,,True,222,75,0.7483443708609272,VALIDATION
W-002525,0.25,2025-01-04T06:00:00,False,1,1,2732000,2637000,2601000,0.9652269399707174,0.9520497803806734,0.9863481228668942,40,209,8,1,464000.0,464000.0,464000.0,1.0,9.0,17.83929257977701,0.0,0.0,0,,,,,,0,0.0,,True,41,156,0.24880382775119617,TRAIN
W-002525,0.5,2025-02-25T12:00:00,False,1,1,2732000,2637000,2601000,0.9652269399707174,0.9520497803806734,0.9863481228668942,40,209,8,2,912000.0,464000.0,456000.0,0.5087719298245614,14.0,35.06343713956171,0.0,0.0,0,,,,,,0,0.0,,True,93,104,0.49760765550239233,TRAIN
W-002525,0.75,2025-04-18T18:00:00,False,1,1,2732000,2637000,2601000,0.9652269399707174,0.9520497803806734,0.9863481228668942,40,209,8,2,912000.0,464000.0,456000.0,0.5087719298245614,66.0,35.06343713956171,0.0,0.0,1,20.7,35.1,61.7,14.400000000000002,41.0,0,0.0,,True,145,52,0.7464114832535885,TRAIN
W-002538,0.25,2024-04-22T06:00:00,False,1,0,1150000,1126000,1131000,0.9791304347826087,0.9834782608695652,1.0044404973357015,28,337,19,1,205000.0,205000.0,205000.0,1.0,15.0,18.125552608311228,0.0,0.0,0,,,,,,0,0.0,,True,69,252,0.24925816023738873,TEST
W-002538,0.5,2024-07-15T12:00:00,False,1,0,1150000,1126000,1131000,0.9791304347826087,0.9834782608695652,1.0044404973357015,28,337,19,2,675000.0,470000.0,337500.0,0.6962962962962963,68.0,59.6816976127321,0.0,0.0,1,15.5,59.7,34.4,44.2,18.9,0,0.0,,True,153,168,0.49851632047477745,TEST
W-002538,0.75,2024-10-07T18:00:00,False,1,0,1150000,1126000,1131000,0.9791304347826087,0.9834782608695652,1.0044404973357015,28,337,19,4,1090000.0,470000.0,272500.0,0.43119266055045874,14.0,96.37488947833775,0.0,0.0,2,24.4,96.4,68.8,72.0,44.4,0,0.0,2.3017241379310343,True,237,84,0.7477744807121661,TEST
W-002547,0.25,2023-09-20T12:00:00,False,1,1,917000,891000,876000,0.9716466739367503,0.955288985823337,0.9831649831649831,17,346,30,0,0.0,,,,,0.0,0.0,0.0,0,,,,,,0,0.0,,True,61,259,0.24855491329479767,TRAIN
W-002547,0.5,2023-12-16T00:00:00,False,1,1,917000,891000,876000,0.9716466739367503,0.955288985823337,0.9831649831649831,17,346,30,1,415000.0,415000.0,415000.0,1.0,65.0,47.37442922374429,0.0,0.0,0,,,,,,0,0.0,,True,148,173,0.5,TRAIN
W-002547,0.75,2024-03-11T12:00:00,False,1,1,917000,891000,876000,0.9716466739367503,0.955288985823337,0.9831649831649831,17,346,30,2,618000.0,415000.0,309000.0,0.6715210355987055,55.0,70.54794520547945,0.0,0.0,1,17.5,70.5,54.6,53.0,37.1,0,0.0,,True,234,86,0.7485549132947977,TRAIN
W-002563,0.25,2023-11-20T06:00:00,False,1,0,2345000,2354000,2345000,1.0038379530916843,1.0,0.9961767204757859,13,265,13,0,0.0,,,,,0.0,0.0,0.0,0,,,,,,0,0.0,,True,34,198,0.2490566037735849,TEST
W-002563,0.5,2024-01-25T12:00:00,False,1,0,2345000,2354000,2345000,1.0038379530916843,1.0,0.9961767204757859,13,265,13,3,1359000.0,608000.0,453000.0,0.44738778513612953,6.0,57.953091684434966,0.0,0.0,0,,,,,,0,0.0,,True,100,132,0.4981132075471698,TEST
W-002563,0.75,2024-03-31T18:00:00,False,1,0,2345000,2354000,2345000,1.0038379530916843,1.0,0.9961767204757859,13,265,13,3,1359000.0,608000.0,453000.0,0.44738778513612953,72.0,57.953091684434966,0.0,0.0,0,,,,,,0,0.0,,True,166,66,0.7471698113207547,TEST
W-002566,0.25,2024-10-14T06:00:00,False,1,0,1136000,1157000,1132000,1.0184859154929577,0.9964788732394366,0.9783923941227312,27,289,35,0,0.0,,,,,0.0,0.0,0.0,0,,,,,,0,0.0,,True,62,216,0.2491349480968858,TRAIN
W-002566,0.5,2024-12-25T12:00:00,False,1,0,1136000,1157000,1132000,1.0184859154929577,0.9964788732394366,0.9783923941227312,27,289,35,1,212000.0,212000.0,212000.0,1.0,4.0,18.727915194346288,0.0,0.0,0,,,,,,0,0.0,,True,134,144,0.4982698961937716,TRAIN
W-002566,0.75,2025-03-07T18:00:00,False,1,0,1136000,1157000,1132000,1.0184859154929577,0.9964788732394366,0.9783923941227312,27,289,35,3,731000.0,297000.0,243666.66666666666,0.4062927496580027,24.0,64.57597173144876,0.0,0.0,1,29.8,64.6,64.7,34.8,34.900000000000006,0,0.0,,True,206,72,0.7474048442906575,TRAIN
W-002578,0.25,2025-05-09T00:00:00,False,1,1,2007000,1911000,1938000,0.9521674140508222,0.9656203288490284,1.0141287284144427,41,292,17,0,0.0,,,,,0.0,0.0,0.0,0,,,,,,0,0.0,,True,65,219,0.25,TEST
W-002578,0.5,2025-07-21T00:00:00,False,1,1,2007000,1911000,1938000,0.9521674140508222,0.9656203288490284,1.0141287284144427,41,292,17,0,0.0,,,,,0.0,0.0,0.0,0,,,,,,0,0.0,,True,138,146,0.5,TEST
W-002578,0.75,2025-10-02T00:00:00,False,1,1,2007000,1911000,1938000,0.9521674140508222,0.9656203288490284,1.0141287284144427,41,292,17,0,0.0,,,,,0.0,0.0,0.0,1,32.8,0.0,62.0,-32.8,29.200000000000003,0,0.0,,True,211,73,0.75,TEST
W-002582,0.25,2025-03-17T12:00:00,False,1,0,3302000,3147000,3185000,0.9530587522713507,0.9645669291338582,1.0120749920559262,37,254,14,0,0.0,,,,,0.0,0.0,0.0,0,,,,,,0,0.0,,True,55,190,0.24803149606299213,TRAIN
W-002582,0.5,2025-05-20T00:00:00,False,1,0,3302000,3147000,3185000,0.9530587522713507,0.9645669291338582,1.0120749920559262,37,254,14,0,0.0,,,,,0.0,0.0,0.0,1,8.7,0.0,28.7,-8.7,20.0,0,0.0,,True,119,127,0.5,TRAIN
W-002582,0.75,2025-07-22T12:00:00,False,1,0,3302000,3147000,3185000,0.9530587522713507,0.9645669291338582,1.0120749920559262,37,254,14,1,1209000.0,1209000.0,1209000.0,1.0,6.0,37.95918367346939,0.0,0.0,2,22.6,0.0,57.5,-22.6,34.9,0,0.0,5.712328767123289,True,182,63,0.7480314960629921,TRAIN
W-002587,0.25,2024-09-23T18:00:00,False,1,1,1653000,1623000,1676000,0.9818511796733213,1.013914095583787,1.0326555760936538,40,335,26,0,0.0,,,,,0.0,0.0,0.0,0,,,,,,0,0.0,,True,58,251,0.24776119402985075,TRAIN
W-002587,0.5,2024-12-16T12:00:00,False,1,1,1653000,1623000,1676000,0.9818511796733213,1.013914095583787,1.0326555760936538,40,335,26,0,0.0,,,,,0.0,0.0,0.0,1,17.3,0.0,32.5,-17.3,15.2,0,0.0,,True,142,167,0.49850746268656715,TRAIN
W-002587,0.75,2025-03-10T06:00:00,False,1,1,1653000,1623000,1676000,0.9818511796733213,1.013914095583787,1.0326555760936538,40,335,26,1,381000.0,381000.0,381000.0,1.0,13.0,22.7326968973747,0.0,0.0,2,31.9,22.7,65.1,-9.2,33.199999999999996,0,0.0,4.0183486238532105,True,226,83,0.7492537313432835,TRAIN
W-002608,0.25,2024-04-26T18:00:00,False,1,0,1063000,1046000,1059000,0.9840075258701787,0.9962370649106302,1.0124282982791586,41,315,23,0,0.0,,,,,0.0,0.0,0.0,0,,,,,,0,0.0,,True,78,236,0.24761904761904763,TEST
W-002608,0.5,2024-07-14T12:00:00,False,1,0,1063000,1046000,1059000,0.9840075258701787,0.9962370649106302,1.0124282982791586,41,315,23,0,0.0,,,,,0.0,0.0,0.0,1,15.5,0.0,49.2,-15.5,33.7,0,0.0,,True,157,157,0.4984126984126984,TEST
W-002608,0.75,2024-10-01T06:00:00,False,1,0,1063000,1046000,1059000,0.9840075258701787,0.9962370649106302,1.0124282982791586,41,315,23,2,308000.0,160000.0,154000.0,0.5194805194805194,12.0,29.084041548630786,0.0,0.0,1,15.5,0.0,49.2,-15.5,33.7,0,0.0,,True,236,78,0.7492063492063492,TEST
W-002615,0.25,2025-01-06T06:00:00,False,1,1,3598000,3831000,3823000,1.0647581989994441,1.0625347415230684,0.9979117723831897,33,213,10,0,0.0,,,,,0.0,0.0,0.0,0,,,,,,0,0.0,,True,47,159,0.24882629107981222,TRAIN
W-002615,0.5,2025-02-28T12:00:00,False,1,1,3598000,3831000,3823000,1.0647581989994441,1.0625347415230684,0.9979117723831897,33,213,10,0,0.0,,,,,0.0,0.0,0.0,0,,,,,,0,0.0,,True,100,106,0.49765258215962443,TRAIN
W-002615,0.75,2025-04-22T18:00:00,False,1,1,3598000,3831000,3823000,1.0647581989994441,1.0625347415230684,0.9979117723831897,33,213,10,0,0.0,,,,,0.0,0.0,0.0,1,16.7,0.0,50.7,-16.7,34.0,0,0.0,,True,153,53,0.7464788732394366,TRAIN
W-002616,0.25,2025-11-04T18:00:00,False,1,0,2223000,2118000,2968000,0.9527665317139001,1.3351327035537561,1.4013220018885741,44,351,43,0,0.0,,,,,0.0,0.0,0.0,1,17.5,0.0,21.9,-17.5,4.399999999999999,0,0.0,,True,87,263,0.24786324786324787,TRAIN
W-002616,0.5,2026-01-31T12:00:00,False,1,0,2223000,2118000,2968000,0.9527665317139001,1.3351327035537561,1.4013220018885741,44,351,43,1,2919000.0,2919000.0,2919000.0,1.0,34.0,98.34905660377359,0.0,0.0,2,38.1,98.3,43.9,60.199999999999996,5.799999999999997,0,0.0,8.025974025974026,True,175,175,0.4985754985754986,TRAIN
W-002616,0.75,2026-04-29T06:00:00,False,1,0,2223000,2118000,2968000,0.9527665317139001,1.3351327035537561,1.4013220018885741,44,351,43,1,2919000.0,2919000.0,2919000.0,1.0,122.0,98.34905660377359,0.0,0.0,3,60.9,98.3,66.1,37.4,5.199999999999996,0,0.0,8.399999999999999,True,263,87,0.7492877492877493,TRAIN
W-002634,0.25,2026-01-09T18:00:00,False,1,1,3576000,3497000,5595000,0.9779082774049217,1.5645973154362416,1.5999428081212468,17,231,20,0,0.0,,,,,0.0,0.0,0.0,0,,,,,,0,0.0,,True,49,173,0.24675324675324675,TRAIN
W-002634,0.5,2026-03-08T12:00:00,False,1,1,3576000,3497000,5595000,0.9779082774049217,1.5645973154362416,1.5999428081212468,17,231,20,0,0.0,,,,,0.0,0.0,0.0,1,21.8,0.0,24.2,-21.8,2.3999999999999986,0,0.0,,True,107,115,0.49783549783549785,TRAIN
W-002634,0.75,2026-05-05T06:00:00,False,1,1,3576000,3497000,5595000,0.9779082774049217,1.5645973154362416,1.5999428081212468,17,231,20,1,1677000.0,1677000.0,1677000.0,1.0,48.0,29.97319034852547,0.0,0.0,2,48.5,0.0,48.9,-48.5,0.3999999999999986,0,0.0,14.052631578947368,True,165,57,0.7489177489177489,TRAIN
W-002650,0.25,2024-09-10T18:00:00,False,1,1,1894000,2035000,2022000,1.0744456177402324,1.0675818373812038,0.9936117936117936,40,187,18,3,1228000.0,554000.0,409333.3333333333,0.4511400651465798,7.0,60.73194856577646,0.0,0.0,0,,,,,,0,0.0,,True,50,140,0.24598930481283424,TRAIN
W-002650,0.5,2024-10-27T12:00:00,False,1,1,1894000,2035000,2022000,1.0744456177402324,1.0675818373812038,0.9936117936117936,40,187,18,3,1228000.0,554000.0,409333.3333333333,0.4511400651465798,54.0,60.73194856577646,0.0,0.0,0,,,,,,0,0.0,,True,97,93,0.49732620320855614,TRAIN
W-002650,0.75,2024-12-13T06:00:00,False,1,1,1894000,2035000,2022000,1.0744456177402324,1.0675818373812038,0.9936117936117936,40,187,18,3,1228000.0,554000.0,409333.3333333333,0.4511400651465798,101.0,60.73194856577646,0.0,0.0,1,14.8,60.7,68.4,45.900000000000006,53.60000000000001,0,0.0,,True,144,46,0.7486631016042781,TRAIN
W-002657,0.25,2025-01-31T06:00:00,False,1,0,3513000,3755000,3828000,1.0688869911756333,1.089666951323655,1.0194407456724368,14,233,19,1,558000.0,558000.0,558000.0,1.0,21.0,14.576802507836991,0.0,0.0,0,,,,,,0,0.0,,True,57,174,0.24892703862660945,VALIDATION
W-002657,0.5,2025-03-30T12:00:00,False,1,0,3513000,3755000,3828000,1.0688869911756333,1.089666951323655,1.0194407456724368,14,233,19,2,2071000.0,1513000.0,1035500.0,0.73056494447127,30.0,54.10135841170324,0.0,0.0,0,,,,,,0,0.0,,True,115,116,0.4978540772532189,VALIDATION
W-002657,0.75,2025-05-27T18:00:00,False,1,0,3513000,3755000,3828000,1.0688869911756333,1.089666951323655,1.0194407456724368,14,233,19,2,2071000.0,1513000.0,1035500.0,0.73056494447127,88.0,54.10135841170324,0.0,0.0,1,26.5,54.1,54.1,27.6,27.6,0,0.0,,True,173,58,0.7467811158798283,VALIDATION
W-002663,0.25,2024-03-07T00:00:00,False,1,1,1439000,1512000,2240000,1.0507296733842946,1.556636553161918,1.4814814814814814,40,192,39,0,0.0,,,,,0.0,0.0,0.0,0,,,,,,0,0.0,,True,41,144,0.25,TRAIN
W-002663,0.5,2024-04-24T00:00:00,False,1,1,1439000,1512000,2240000,1.0507296733842946,1.556636553161918,1.4814814814814814,40,192,39,0,0.0,,,,,0.0,0.0,0.0,0,,,,,,0,0.0,,True,89,96,0.5,TRAIN
W-002663,0.75,2024-06-11T00:00:00,False,1,1,1439000,1512000,2240000,1.0507296733842946,1.556636553161918,1.4814814814814814,40,192,39,0,0.0,,,,,0.0,0.0,0.0,1,9.0,0.0,61.5,-9.0,52.5,0,0.0,,True,137,48,0.75,TRAIN
W-002671,0.25,2025-10-06T00:00:00,False,1,0,1285000,1312000,1358000,1.021011673151751,1.0568093385214008,1.0350609756097562,31,268,14,1,307000.0,307000.0,307000.0,1.0,6.0,22.60677466863034,0.0,0.0,0,,,,,,0,0.0,,True,34,201,0.25,TRAIN
W-002671,0.5,2025-12-12T00:00:00,False,1,0,1285000,1312000,1358000,1.021011673151751,1.0568093385214008,1.0350609756097562,31,268,14,1,307000.0,307000.0,307000.0,1.0,73.0,22.60677466863034,0.0,0.0,1,14.2,22.6,22.4,8.400000000000002,8.2,0,0.0,,True,101,134,0.5,TRAIN
W-002671,0.75,2026-02-17T00:00:00,False,1,0,1285000,1312000,1358000,1.021011673151751,1.0568093385214008,1.0350609756097562,31,268,14,3,730000.0,307000.0,243333.33333333334,0.42054794520547945,7.0,53.75552282768778,0.0,0.0,2,33.9,22.6,45.1,-11.299999999999997,11.200000000000003,0,0.0,9.688524590163933,True,168,67,0.75,TRAIN
W-002677,0.25,2023-12-12T18:00:00,False,1,1,1537000,1587000,1626000,1.032530904359141,1.0579050097592713,1.0245746691871456,47,263,26,0,0.0,,,,,0.0,0.0,0.0,0,,,,,,0,0.0,,True,47,197,0.24714828897338403,TRAIN
W-002677,0.5,2024-02-16T12:00:00,False,1,1,1537000,1587000,1626000,1.032530904359141,1.0579050097592713,1.0245746691871456,47,263,26,1,237000.0,237000.0,237000.0,1.0,29.0,14.575645756457565,0.0,0.0,0,,,,,,0,0.0,,True,113,131,0.49809885931558934,TRAIN
W-002677,0.75,2024-04-22T06:00:00,False,1,1,1537000,1587000,1626000,1.032530904359141,1.0579050097592713,1.0245746691871456,47,263,26,4,1390000.0,445000.0,347500.0,0.32014388489208634,51.0,85.48585485854858,0.0,0.0,1,19.5,85.5,65.8,66.0,46.3,0,0.0,,True,179,65,0.7490494296577946,TRAIN
W-002678,0.25,2024-10-18T18:00:00,False,1,0,644000,626000,640000,0.9720496894409938,0.9937888198757764,1.0223642172523961,11,211,11,0,0.0,,,,,0.0,0.0,0.0,0,,,,,,0,0.0,,True,22,158,0.24644549763033174,VALIDATION
W-002678,0.5,2024-12-10T12:00:00,False,1,0,644000,626000,640000,0.9720496894409938,0.9937888198757764,1.0223642172523961,11,211,11,0,0.0,,,,,0.0,0.0,0.0,0,,,,,,0,0.0,,True,75,105,0.4976303317535545,VALIDATION
W-002678,0.75,2025-02-01T06:00:00,False,1,0,644000,626000,640000,0.9720496894409938,0.9937888198757764,1.0223642172523961,11,211,11,1,66000.0,66000.0,66000.0,1.0,24.0,10.3125,0.0,0.0,1,20.4,10.3,55.5,-10.099999999999998,35.1,0,0.0,,True,128,52,0.7488151658767772,VALIDATION
W-002682,0.25,2025-06-04T18:00:00,False,1,0,1132000,1220000,1215000,1.0777385159010602,1.073321554770318,0.9959016393442623,12,239,34,0,0.0,,,,,0.0,0.0,0.0,0,,,,,,0,0.0,,True,63,179,0.24686192468619247,TRAIN
W-002682,0.5,2025-08-03T12:00:00,False,1,0,1132000,1220000,1215000,1.0777385159010602,1.073321554770318,0.9959016393442623,12,239,34,0,0.0,,,,,0.0,0.0,0.0,1,12.7,0.0,26.8,-12.7,14.100000000000001,0,0.0,,True,123,119,0.497907949790795,TRAIN
W-002682,0.75,2025-10-02T06:00:00,False,1,0,1132000,1220000,1215000,1.0777385159010602,1.073321554770318,0.9959016393442623,12,239,34,0,0.0,,,,,0.0,0.0,0.0,2,24.0,0.0,54.0,-24.0,30.0,0,0.0,5.2153846153846155,True,183,59,0.7489539748953975,TRAIN
W-002687,0.25,2025-10-26T12:00:00,False,1,1,2820000,3003000,2982000,1.0648936170212766,1.0574468085106383,0.993006993006993,16,310,42,0,0.0,,,,,0.0,0.0,0.0,1,14.8,0.0,14.5,-14.8,-0.3000000000000007,0,0.0,,True,51,232,0.24838709677419354,TEST
W-002687,0.5,2026-01-12T00:00:00,False,1,1,2820000,3003000,2982000,1.0648936170212766,1.0574468085106383,0.993006993006993,16,310,42,3,3020000.0,1417000.0,1006666.6666666666,0.469205298013245,14.0,101.27431254191816,38000.0,1.2743125419181758,2,31.1,47.5,29.0,16.4,-2.1000000000000014,0,0.0,10.866666666666667,True,129,155,0.5,TEST
W-002687,0.75,2026-03-30T12:00:00,False,1,1,2820000,3003000,2982000,1.0648936170212766,1.0574468085106383,0.993006993006993,16,310,42,3,3020000.0,1417000.0,1006666.6666666666,0.469205298013245,91.0,101.27431254191816,38000.0,1.2743125419181758,4,51.1,101.3,58.1,50.199999999999996,7.0,0,0.0,8.066666666666665,True,206,77,0.7483870967741936,TEST
W-002688,0.25,2025-04-26T12:00:00,False,1,0,1447000,1507000,1527000,1.0414651002073254,1.055286800276434,1.013271400132714,32,358,18,0,0.0,,,,,0.0,0.0,0.0,0,,,,,,0,0.0,,True,62,268,0.24860335195530725,TRAIN
W-002688,0.5,2025-07-25T00:00:00,False,1,0,1447000,1507000,1527000,1.0414651002073254,1.055286800276434,1.013271400132714,32,358,18,1,356000.0,356000.0,356000.0,1.0,86.0,23.313686967910936,0.0,0.0,0,,,,,,0,0.0,,True,152,179,0.5,TRAIN
W-002688,0.75,2025-10-22T12:00:00,False,1,0,1447000,1507000,1527000,1.0414651002073254,1.055286800276434,1.013271400132714,32,358,18,2,719000.0,363000.0,359500.0,0.5048678720445062,72.0,47.08578912901113,0.0,0.0,1,29.6,47.1,51.4,17.5,21.799999999999997,0,0.0,,True,241,89,0.7486033519553073,TRAIN
W-002704,0.25,2025-08-28T00:00:00,False,1,0,1362000,1454000,1480000,1.0675477239353892,1.0866372980910426,1.0178817056396148,33,324,38,1,598000.0,598000.0,598000.0,1.0,32.0,40.4054054054054,0.0,0.0,1,15.4,40.4,18.8,25.0,3.4000000000000004,0,0.0,,True,64,243,0.25,TRAIN
W-002704,0.5,2025-11-17T00:00:00,False,1,0,1362000,1454000,1480000,1.0675477239353892,1.0866372980910426,1.0178817056396148,33,324,38,1,598000.0,598000.0,598000.0,1.0,113.0,40.4054054054054,0.0,0.0,2,26.4,40.4,38.0,14.0,11.600000000000001,0,0.0,5.32258064516129,True,145,162,0.5,TRAIN
W-002704,0.75,2026-02-06T00:00:00,False,1,0,1362000,1454000,1480000,1.0675477239353892,1.0866372980910426,1.0178817056396148,33,324,38,1,598000.0,598000.0,598000.0,1.0,194.0,40.4054054054054,0.0,0.0,3,41.8,40.4,57.1,-1.3999999999999986,15.300000000000004,0,0.0,6.387096774193548,True,226,81,0.75,TRAIN
W-002710,0.25,2025-08-09T12:00:00,False,1,1,2169000,2172000,2199000,1.0013831258644537,1.0138312586445366,1.0124309392265194,38,350,8,0,0.0,,,,,0.0,0.0,0.0,0,,,,,,0,0.0,,True,63,262,0.24857142857142858,TRAIN
W-002710,0.5,2025-11-05T00:00:00,False,1,1,2169000,2172000,2199000,1.0013831258644537,1.0138312586445366,1.0124309392265194,38,350,8,0,0.0,,,,,0.0,0.0,0.0,1,30.8,0.0,42.9,-30.8,12.099999999999998,0,0.0,,True,151,175,0.5,TRAIN
W-002710,0.75,2026-01-31T12:00:00,False,1,1,2169000,2172000,2199000,1.0013831258644537,1.0138312586445366,1.0124309392265194,38,350,8,1,2249000.0,2249000.0,2249000.0,1.0,65.0,102.27376080036382,50000.0,2.2737608003638017,1,30.8,0.0,42.9,-30.8,12.099999999999998,0,0.0,,True,238,87,0.7485714285714286,TRAIN
W-002715,0.25,2025-02-27T12:00:00,False,1,1,2149000,2282000,2220000,1.0618892508143323,1.0330386226151698,0.9728308501314636,41,314,37,0,0.0,,,,,0.0,0.0,0.0,0,,,,,,0,0.0,,True,70,235,0.2484076433121019,TRAIN
W-002715,0.5,2025-05-17T00:00:00,False,1,1,2149000,2282000,2220000,1.0618892508143323,1.0330386226151698,0.9728308501314636,41,314,37,1,874000.0,874000.0,874000.0,1.0,68.0,39.369369369369366,0.0,0.0,1,14.2,39.4,32.8,25.2,18.599999999999998,0,0.0,,True,149,157,0.5,TRAIN
W-002715,0.75,2025-08-03T12:00:00,False,1,1,2149000,2282000,2220000,1.0618892508143323,1.0330386226151698,0.9728308501314636,41,314,37,2,1344000.0,874000.0,672000.0,0.6502976190476191,9.0,60.54054054054055,0.0,0.0,2,31.0,39.4,65.6,8.399999999999999,34.599999999999994,0,0.0,4.893203883495146,True,227,78,0.7484076433121019,TRAIN
W-002731,0.25,2025-01-25T12:00:00,False,1,0,1366000,1379000,1405000,1.0095168374816983,1.028550512445095,1.018854242204496,29,218,40,0,0.0,,,,,0.0,0.0,0.0,0,,,,,,0,0.0,,True,53,163,0.24770642201834864,VALIDATION
W-002731,0.5,2025-03-21T00:00:00,False,1,0,1366000,1379000,1405000,1.0095168374816983,1.028550512445095,1.018854242204496,29,218,40,0,0.0,,,,,0.0,0.0,0.0,0,,,,,,0,0.0,,True,108,109,0.5,VALIDATION
W-002731,0.75,2025-05-14T12:00:00,False,1,0,1366000,1379000,1405000,1.0095168374816983,1.028550512445095,1.018854242204496,29,218,40,0,0.0,,,,,0.0,0.0,0.0,0,,,,,,0,0.0,,True,162,54,0.7477064220183486,VALIDATION
W-002744,0.25,2024-05-24T18:00:00,False,1,1,2885000,2927000,2956000,1.0145580589254766,1.0246100519930676,1.0099077553809361,25,239,31,1,1297000.0,1297000.0,1297000.0,1.0,31.0,43.876860622462786,0.0,0.0,0,,,,,,0,0.0,,True,44,179,0.24686192468619247,TRAIN
W-002744,0.5,2024-07-23T12:00:00,False,1,1,2885000,2927000,2956000,1.0145580589254766,1.0246100519930676,1.0099077553809361,25,239,31,2,2121000.0,1297000.0,1060500.0,0.6115040075436114,48.0,71.75236806495265,0.0,0.0,0,,,,,,0,0.0,,True,104,119,0.497907949790795,TRAIN
W-002744,0.75,2024-09-21T06:00:00,False,1,1,2885000,2927000,2956000,1.0145580589254766,1.0246100519930676,1.0099077553809361,25,239,31,2,2121000.0,1297000.0,1060500.0,0.6115040075436114,108.0,71.75236806495265,0.0,0.0,0,,,,,,0,0.0,,True,164,59,0.7489539748953975,TRAIN
W-002746,0.25,2025-03-20T00:00:00,False,1,1,2210000,2290000,2259000,1.0361990950226245,1.0221719457013574,0.9864628820960699,24,332,17,0,0.0,,,,,0.0,0.0,0.0,0,,,,,,0,0.0,,True,67,249,0.25,TRAIN
W-002746,0.5,2025-06-11T00:00:00,False,1,1,2210000,2290000,2259000,1.0361990950226245,1.0221719457013574,0.9864628820960699,24,332,17,0,0.0,,,,,0.0,0.0,0.0,1,16.4,0.0,35.8,-16.4,19.4,0,0.0,,True,150,166,0.5,TRAIN
W-002746,0.75,2025-09-02T00:00:00,False,1,1,2210000,2290000,2259000,1.0361990950226245,1.0221719457013574,0.9864628820960699,24,332,17,1,1071000.0,1071000.0,1071000.0,1.0,40.0,47.410358565737056,0.0,0.0,1,16.4,0.0,35.8,-16.4,19.4,0,0.0,,True,233,83,0.75,TRAIN
W-002749,0.25,2024-07-12T18:00:00,False,1,0,566000,575000,583000,1.0159010600706713,1.030035335689046,1.0139130434782608,33,271,13,1,139000.0,139000.0,139000.0,1.0,13.0,23.842195540308747,0.0,0.0,0,,,,,,0,0.0,,True,66,203,0.24723247232472326,TRAIN
W-002749,0.5,2024-09-18T12:00:00,False,1,0,566000,575000,583000,1.0159010600706713,1.030035335689046,1.0139130434782608,33,271,13,4,398000.0,139000.0,99500.0,0.3492462311557789,47.0,68.26758147512865,0.0,0.0,0,,,,,,0,0.0,,True,134,135,0.4981549815498155,TRAIN
W-002749,0.75,2024-11-25T06:00:00,False,1,0,566000,575000,583000,1.0159010600706713,1.030035335689046,1.0139130434782608,33,271,13,5,495000.0,139000.0,99000.0,0.2808080808080808,22.0,84.90566037735849,0.0,0.0,1,16.4,68.3,52.0,51.9,35.6,0,0.0,,True,202,67,0.7490774907749077,TRAIN
W-002775,0.25,2024-05-31T18:00:00,False,1,1,2451000,2605000,2557000,1.0628314973480213,1.0432476540187678,0.9815738963531669,20,219,21,0,0.0,,,,,0.0,0.0,0.0,0,,,,,,0,0.0,,True,30,164,0.2465753424657534,TRAIN
W-002775,0.5,2024-07-25T12:00:00,False,1,1,2451000,2605000,2557000,1.0628314973480213,1.0432476540187678,0.9815738963531669,20,219,21,2,2661000.0,1374000.0,1330500.0,0.5163472378804961,31.0,104.06726632772781,104000.0,4.067266327727806,0,,,,,,0,0.0,,True,85,109,0.4977168949771689,TRAIN
W-002775,0.75,2024-09-18T06:00:00,False,1,1,2451000,2605000,2557000,1.0628314973480213,1.0432476540187678,0.9815738963531669,20,219,21,2,2661000.0,1374000.0,1330500.0,0.5163472378804961,86.0,104.06726632772781,104000.0,4.067266327727806,1,16.8,104.1,48.4,87.3,31.599999999999998,0,0.0,,True,140,54,0.7488584474885844,TRAIN
W-002807,0.25,2025-05-01T12:00:00,False,1,1,835000,872000,872000,1.044311377245509,1.044311377245509,1.0,38,254,29,0,0.0,,,,,0.0,0.0,0.0,0,,,,,,0,0.0,,True,40,190,0.24803149606299213,TRAIN
W-002807,0.5,2025-07-04T00:00:00,False,1,1,835000,872000,872000,1.044311377245509,1.044311377245509,1.0,38,254,29,1,229000.0,229000.0,229000.0,1.0,31.0,26.261467889908257,0.0,0.0,1,12.0,0.0,25.6,-12.0,13.600000000000001,0,0.0,,True,104,127,0.5,TRAIN
W-002807,0.75,2025-09-05T12:00:00,False,1,1,835000,872000,872000,1.044311377245509,1.044311377245509,1.0,38,254,29,2,816000.0,587000.0,408000.0,0.7193627450980392,15.0,93.57798165137615,0.0,0.0,2,27.1,26.3,51.6,-0.8000000000000007,24.5,0,0.0,6.863636363636364,True,167,63,0.7480314960629921,TRAIN
W-002816,0.25,2024-02-25T00:00:00,False,1,1,2858000,3016000,3104000,1.0552834149755073,1.086074177746676,1.0291777188328912,37,184,12,0,0.0,,,,,0.0,0.0,0.0,0,,,,,,0,0.0,,True,44,138,0.25,TEST
W-002816,0.5,2024-04-11T00:00:00,False,1,1,2858000,3016000,3104000,1.0552834149755073,1.086074177746676,1.0291777188328912,37,184,12,0,0.0,,,,,0.0,0.0,0.0,0,,,,,,0,0.0,,True,90,92,0.5,TEST
W-002816,0.75,2024-05-27T00:00:00,False,1,1,2858000,3016000,3104000,1.0552834149755073,1.086074177746676,1.0291777188328912,37,184,12,0,0.0,,,,,0.0,0.0,0.0,0,,,,,,0,0.0,,True,136,46,0.75,TEST
W-002821,0.25,2026-01-01T06:00:00,False,1,0,1715000,1675000,1730000,0.9766763848396501,1.0087463556851313,1.0328358208955224,25,205,34,0,0.0,,,,,0.0,0.0,0.0,0,,,,,,0,0.0,,True,33,153,0.24878048780487805,TRAIN
W-002821,0.5,2026-02-21T12:00:00,False,1,0,1715000,1675000,1730000,0.9766763848396501,1.0087463556851313,1.0328358208955224,25,205,34,0,0.0,,,,,0.0,0.0,0.0,0,,,,,,0,0.0,,True,84,102,0.4975609756097561,TRAIN
W-002821,0.75,2026-04-13T18:00:00,False,1,0,1715000,1675000,1730000,0.9766763848396501,1.0087463556851313,1.0328358208955224,25,205,34,1,323000.0,323000.0,323000.0,1.0,43.0,18.67052023121387,0.0,0.0,1,31.2,0.0,44.4,-31.2,13.2,0,0.0,,True,135,51,0.7463414634146341,TRAIN
W-002824,0.25,2024-12-05T18:00:00,False,1,0,1131000,1170000,1214000,1.0344827586206897,1.0733863837312114,1.0376068376068377,30,327,14,1,727000.0,727000.0,727000.0,1.0,26.0,59.88467874794069,0.0,0.0,0,,,,,,0,0.0,,True,71,245,0.24770642201834864,TEST
W-002824,0.5,2025-02-25T12:00:00,False,1,0,1131000,1170000,1214000,1.0344827586206897,1.0733863837312114,1.0376068376068377,30,327,14,1,727000.0,727000.0,727000.0,1.0,108.0,59.88467874794069,0.0,0.0,1,20.0,59.9,43.1,39.9,23.1,0,0.0,,True,153,163,0.4984709480122324,TEST
W-002824,0.75,2025-05-18T06:00:00,False,1,0,1131000,1170000,1214000,1.0344827586206897,1.0733863837312114,1.0376068376068377,30,327,14,2,1204000.0,727000.0,602000.0,0.6038205980066446,37.0,99.17627677100495,0.0,0.0,1,20.0,59.9,43.1,39.9,23.1,0,0.0,,True,235,81,0.7492354740061162,TEST
W-002827,0.25,2025-01-26T12:00:00,False,1,1,1261000,1290000,1255000,1.0229976209357652,0.9952418715305313,0.9728682170542635,26,358,33,0,0.0,,,,,0.0,0.0,0.0,0,,,,,,0,0.0,,True,54,268,0.24860335195530725,TEST
W-002827,0.5,2025-04-26T00:00:00,False,1,1,1261000,1290000,1255000,1.0229976209357652,0.9952418715305313,0.9728682170542635,26,358,33,2,954000.0,600000.0,477000.0,0.6289308176100629,39.0,76.01593625498008,0.0,0.0,1,21.9,76.0,35.5,54.1,13.600000000000001,0,0.0,,True,144,179,0.5,TEST
W-002827,0.75,2025-07-24T12:00:00,False,1,1,1261000,1290000,1255000,1.0229976209357652,0.9952418715305313,0.9728682170542635,26,358,33,2,954000.0,600000.0,477000.0,0.6289308176100629,128.0,76.01593625498008,0.0,0.0,1,21.9,76.0,35.5,54.1,13.600000000000001,0,0.0,,True,233,89,0.7486033519553073,TEST
W-002840,0.25,2025-04-17T00:00:00,False,1,1,601000,596000,605000,0.9916805324459235,1.0066555740432612,1.0151006711409396,50,328,10,0,0.0,,,,,0.0,0.0,0.0,0,,,,,,0,0.0,,True,81,246,0.25,TRAIN
W-002840,0.5,2025-07-08T00:00:00,False,1,1,601000,596000,605000,0.9916805324459235,1.0066555740432612,1.0151006711409396,50,328,10,0,0.0,,,,,0.0,0.0,0.0,1,8.1,0.0,25.3,-8.1,17.200000000000003,0,0.0,,True,163,164,0.5,TRAIN
W-002840,0.75,2025-09-28T00:00:00,False,1,1,601000,596000,605000,0.9916805324459235,1.0066555740432612,1.0151006711409396,50,328,10,1,364000.0,364000.0,364000.0,1.0,65.0,60.16528925619835,0.0,0.0,2,26.8,0.0,50.6,-26.8,23.8,0,0.0,6.759036144578315,True,245,82,0.75,TRAIN
W-002856,0.25,2024-05-16T00:00:00,False,1,1,659000,662000,668000,1.0045523520485584,1.0136570561456753,1.0090634441087614,17,352,12,1,72000.0,72000.0,72000.0,1.0,7.0,10.778443113772456,0.0,0.0,0,,,,,,0,0.0,,True,66,264,0.25,TRAIN
W-002856,0.5,2024-08-12T00:00:00,False,1,1,659000,662000,668000,1.0045523520485584,1.0136570561456753,1.0090634441087614,17,352,12,2,220000.0,148000.0,110000.0,0.6727272727272727,15.0,32.93413173652694,0.0,0.0,0,,,,,,0,0.0,,True,154,176,0.5,TRAIN
W-002856,0.75,2024-11-08T00:00:00,False,1,1,659000,662000,668000,1.0045523520485584,1.0136570561456753,1.0090634441087614,17,352,12,3,300000.0,148000.0,100000.0,0.49333333333333335,28.0,44.91017964071856,0.0,0.0,1,22.2,32.9,51.1,10.7,28.900000000000002,0,0.0,,True,242,88,0.75,TRAIN
W-002866,0.25,2024-04-24T06:00:00,False,1,1,1116000,1106000,1101000,0.9910394265232975,0.9865591397849462,0.9954792043399638,29,281,17,0,0.0,,,,,0.0,0.0,0.0,0,,,,,,0,0.0,,True,53,210,0.2491103202846975,TRAIN
W-002866,0.5,2024-07-03T12:00:00,False,1,1,1116000,1106000,1101000,0.9910394265232975,0.9865591397849462,0.9954792043399638,29,281,17,2,669000.0,346000.0,334500.0,0.5171898355754858,0.0,60.76294277929155,0.0,0.0,0,,,,,,0,0.0,,True,123,140,0.498220640569395,TRAIN
W-002866,0.75,2024-09-11T18:00:00,False,1,1,1116000,1106000,1101000,0.9910394265232975,0.9865591397849462,0.9954792043399638,29,281,17,2,669000.0,346000.0,334500.0,0.5171898355754858,70.0,60.76294277929155,0.0,0.0,0,,,,,,0,0.0,,True,193,70,0.7473309608540926,TRAIN
W-002881,0.25,2025-10-05T18:00:00,False,1,0,1919000,1852000,1889000,0.9650859822824388,0.9843668577384054,1.0199784017278617,36,347,41,0,0.0,,,,,0.0,0.0,0.0,1,18.2,0.0,13.8,-18.2,-4.399999999999999,0,0.0,,True,59,260,0.2478386167146974,TRAIN
W-002881,0.5,2025-12-31T12:00:00,False,1,0,1919000,1852000,1889000,0.9650859822824388,0.9843668577384054,1.0199784017278617,36,347,41,0,0.0,,,,,0.0,0.0,0.0,3,32.9,0.0,41.8,-32.9,8.899999999999999,0,0.0,4.546391752577319,True,146,173,0.49855907780979825,TRAIN
W-002881,0.75,2026-03-28T06:00:00,False,1,0,1919000,1852000,1889000,0.9650859822824388,0.9843668577384054,1.0199784017278617,36,347,41,0,0.0,,,,,0.0,0.0,0.0,4,46.1,0.0,55.9,-46.1,9.799999999999997,0,0.0,5.732876712328768,True,233,86,0.7492795389048992,TRAIN
W-002919,0.25,2025-08-23T00:00:00,False,1,1,1580000,1650000,1636000,1.0443037974683544,1.0354430379746835,0.9915151515151515,24,308,19,0,0.0,,,,,0.0,0.0,0.0,1,13.2,0.0,17.2,-13.2,4.0,0,0.0,,True,53,231,0.25,TRAIN
W-002919,0.5,2025-11-08T00:00:00,False,1,1,1580000,1650000,1636000,1.0443037974683544,1.0354430379746835,0.9915151515151515,24,308,19,2,1258000.0,702000.0,629000.0,0.5580286168521462,38.0,76.89486552567237,0.0,0.0,2,26.2,76.9,34.4,50.7,8.2,0,0.0,7.3584905660377355,True,130,154,0.5,TRAIN
W-002919,0.75,2026-01-24T00:00:00,False,1,1,1580000,1650000,1636000,1.0443037974683544,1.0354430379746835,0.9915151515151515,24,308,19,3,1668000.0,702000.0,556000.0,0.420863309352518,8.0,101.9559902200489,32000.0,1.9559902200488997,3,43.9,76.9,51.6,33.00000000000001,7.700000000000003,0,0.0,8.68867924528302,True,207,77,0.75,TRAIN
W-002920,0.25,2023-07-12T12:00:00,False,1,0,2134000,2072000,2014000,0.9709465791940018,0.943767572633552,0.972007722007722,10,190,31,0,0.0,,,,,0.0,0.0,0.0,0,,,,,,0,0.0,,True,12,142,0.24736842105263157,TRAIN
W-002920,0.5,2023-08-29T00:00:00,False,1,0,2134000,2072000,2014000,0.9709465791940018,0.943767572633552,0.972007722007722,10,190,31,1,368000.0,368000.0,368000.0,1.0,33.0,18.272095332671302,0.0,0.0,0,,,,,,0,0.0,,True,60,95,0.5,TRAIN
W-002920,0.75,2023-10-15T12:00:00,False,1,0,2134000,2072000,2014000,0.9709465791940018,0.943767572633552,0.972007722007722,10,190,31,2,903000.0,535000.0,451500.0,0.592469545957918,39.0,44.83614697120159,0.0,0.0,0,,,,,,0,0.0,,True,107,47,0.7473684210526316,TRAIN
W-002923,0.25,2024-03-20T12:00:00,False,1,1,1521000,1572000,1602000,1.0335305719921104,1.0532544378698225,1.0190839694656488,50,202,19,0,0.0,,,,,0.0,0.0,0.0,0,,,,,,0,0.0,,True,27,151,0.24752475247524752,TRAIN
W-002923,0.5,2024-05-10T00:00:00,False,1,1,1521000,1572000,1602000,1.0335305719921104,1.0532544378698225,1.0190839694656488,50,202,19,0,0.0,,,,,0.0,0.0,0.0,0,,,,,,0,0.0,,True,78,101,0.5,TRAIN
W-002923,0.75,2024-06-29T12:00:00,False,1,1,1521000,1572000,1602000,1.0335305719921104,1.0532544378698225,1.0190839694656488,50,202,19,1,603000.0,603000.0,603000.0,1.0,15.0,37.640449438202246,0.0,0.0,0,,,,,,0,0.0,,True,128,50,0.7475247524752475,TRAIN
W-002931,0.25,2024-11-09T00:00:00,False,1,1,2550000,2586000,2685000,1.0141176470588236,1.0529411764705883,1.0382830626450117,38,340,13,0,0.0,,,,,0.0,0.0,0.0,0,,,,,,0,0.0,,True,63,255,0.25,TEST
W-002931,0.5,2025-02-02T00:00:00,False,1,1,2550000,2586000,2685000,1.0141176470588236,1.0529411764705883,1.0382830626450117,38,340,13,3,1588000.0,660000.0,529333.3333333334,0.4156171284634761,29.0,59.143389199255125,0.0,0.0,0,,,,,,0,0.0,,True,148,170,0.5,TEST
W-002931,0.75,2025-04-28T00:00:00,False,1,1,2550000,2586000,2685000,1.0141176470588236,1.0529411764705883,1.0382830626450117,38,340,13,3,1588000.0,660000.0,529333.3333333334,0.4156171284634761,114.0,59.143389199255125,0.0,0.0,1,27.5,59.1,52.9,31.6,25.4,0,0.0,,True,233,85,0.75,TEST
W-002951,0.25,2024-01-02T12:00:00,False,1,1,1585000,1704000,1660000,1.0750788643533122,1.0473186119873816,0.9741784037558685,39,286,32,0,0.0,,,,,0.0,0.0,0.0,0,,,,,,0,0.0,,True,58,214,0.24825174825174826,TRAIN
W-002951,0.5,2024-03-14T00:00:00,False,1,1,1585000,1704000,1660000,1.0750788643533122,1.0473186119873816,0.9741784037558685,39,286,32,0,0.0,,,,,0.0,0.0,0.0,1,14.8,0.0,44.8,-14.8,29.999999999999996,0,0.0,,True,130,143,0.5,TRAIN
W-002951,0.75,2024-05-24T12:00:00,False,1,1,1585000,1704000,1660000,1.0750788643533122,1.0473186119873816,0.9741784037558685,39,286,32,1,307000.0,307000.0,307000.0,1.0,36.0,18.493975903614455,0.0,0.0,1,14.8,0.0,44.8,-14.8,29.999999999999996,0,0.0,,True,201,71,0.7482517482517482,TRAIN
W-002979,0.25,2025-10-28T06:00:00,False,1,0,1872000,1948000,1981000,1.0405982905982907,1.0582264957264957,1.01694045174538,14,253,26,0,0.0,,,,,0.0,0.0,0.0,0,,,,,,0,0.0,,True,47,189,0.2490118577075099,TRAIN
W-002979,0.5,2025-12-30T12:00:00,False,1,0,1872000,1948000,1981000,1.0405982905982907,1.0582264957264957,1.01694045174538,14,253,26,0,0.0,,,,,0.0,0.0,0.0,1,21.2,0.0,27.7,-21.2,6.5,0,0.0,,True,110,126,0.4980237154150198,TRAIN
W-002979,0.75,2026-03-03T18:00:00,False,1,0,1872000,1948000,1981000,1.0405982905982907,1.0582264957264957,1.01694045174538,14,253,26,0,0.0,,,,,0.0,0.0,0.0,2,45.4,0.0,55.7,-45.4,10.300000000000004,0,0.0,10.225352112676056,True,173,63,0.7470355731225297,TRAIN
W-002994,0.25,2025-06-29T06:00:00,False,1,1,1465000,1549000,1597000,1.0573378839590444,1.0901023890784982,1.0309877340219495,27,205,29,0,0.0,,,,,0.0,0.0,0.0,0,,,,,,0,0.0,,True,43,153,0.24878048780487805,VALIDATION
W-002994,0.5,2025-08-19T12:00:00,False,1,1,1465000,1549000,1597000,1.0573378839590444,1.0901023890784982,1.0309877340219495,27,205,29,0,0.0,,,,,0.0,0.0,0.0,1,16.2,0.0,45.9,-16.2,29.7,0,0.0,,True,94,102,0.4975609756097561,VALIDATION
W-002994,0.75,2025-10-09T18:00:00,False,1,1,1465000,1549000,1597000,1.0573378839590444,1.0901023890784982,1.0309877340219495,27,205,29,0,0.0,,,,,0.0,0.0,0.0,1,16.2,0.0,45.9,-16.2,29.7,0,0.0,,True,145,51,0.7463414634146341,VALIDATION
W-002996,0.25,2025-11-10T18:00:00,False,1,0,2530000,2485000,2414000,0.9822134387351779,0.9541501976284585,0.9714285714285714,48,311,43,0,0.0,,,,,0.0,0.0,0.0,0,,,,,,0,0.0,,True,49,233,0.24758842443729903,VALIDATION
W-002996,0.5,2026-01-27T12:00:00,False,1,0,2530000,2485000,2414000,0.9822134387351779,0.9541501976284585,0.9714285714285714,48,311,43,0,0.0,,,,,0.0,0.0,0.0,1,19.1,0.0,21.9,-19.1,2.799999999999997,0,0.0,,True,127,155,0.4983922829581994,VALIDATION
W-002996,0.75,2026-04-15T06:00:00,False,1,0,2530000,2485000,2414000,0.9822134387351779,0.9541501976284585,0.9714285714285714,48,311,43,0,0.0,,,,,0.0,0.0,0.0,3,53.9,0.0,65.9,-53.9,12.000000000000007,0,0.0,7.620437956204379,True,205,77,0.7491961414790996,VALIDATION
W-002997,0.25,2023-12-12T00:00:00,False,1,1,1686000,1630000,1644000,0.966785290628707,0.9750889679715302,1.0085889570552147,15,244,10,0,0.0,,,,,0.0,0.0,0.0,0,,,,,,0,0.0,,True,52,183,0.25,TRAIN
W-002997,0.5,2024-02-11T00:00:00,False,1,1,1686000,1630000,1644000,0.966785290628707,0.9750889679715302,1.0085889570552147,15,244,10,1,239000.0,239000.0,239000.0,1.0,12.0,14.537712895377128,0.0,0.0,0,,,,,,0,0.0,,True,113,122,0.5,TRAIN
W-002997,0.75,2024-04-12T00:00:00,False,1,1,1686000,1630000,1644000,0.966785290628707,0.9750889679715302,1.0085889570552147,15,244,10,3,682000.0,307000.0,227333.33333333334,0.4501466275659824,29.0,41.48418491484185,0.0,0.0,0,,,,,,0,0.0,,True,174,61,0.75,TRAIN
